image_id,pose,variant,source,split,quality,fault,licence,image,image_in_repo,width,height,usable,torso_visibility,min_visibility,left_knee_angle,right_knee_angle,left_elbow_angle,right_elbow_angle,left_shoulder_angle,right_shoulder_angle,left_hip_angle,right_hip_angle,left_arm_raise,right_arm_raise,knee_bent,knee_straight,elbow_bent,elbow_straight,arm_raise_high,arm_raise_low,hip_angle_min,hip_angle_max,arm_torso_min,arm_torso_max,hip_angle_vis,knee_angle_vis,elbow_angle_vis,arm_torso_vis,spine_tilt,spine_tilt_signed,neck_dev,shoulder_level,hip_level,thigh_level,hip_rise,head_drop,stance_width,frontality,NOSE_x,NOSE_y,NOSE_z,NOSE_vis,LEFT_EYE_INNER_x,LEFT_EYE_INNER_y,LEFT_EYE_INNER_z,LEFT_EYE_INNER_vis,LEFT_EYE_x,LEFT_EYE_y,LEFT_EYE_z,LEFT_EYE_vis,LEFT_EYE_OUTER_x,LEFT_EYE_OUTER_y,LEFT_EYE_OUTER_z,LEFT_EYE_OUTER_vis,RIGHT_EYE_INNER_x,RIGHT_EYE_INNER_y,RIGHT_EYE_INNER_z,RIGHT_EYE_INNER_vis,RIGHT_EYE_x,RIGHT_EYE_y,RIGHT_EYE_z,RIGHT_EYE_vis,RIGHT_EYE_OUTER_x,RIGHT_EYE_OUTER_y,RIGHT_EYE_OUTER_z,RIGHT_EYE_OUTER_vis,LEFT_EAR_x,LEFT_EAR_y,LEFT_EAR_z,LEFT_EAR_vis,RIGHT_EAR_x,RIGHT_EAR_y,RIGHT_EAR_z,RIGHT_EAR_vis,MOUTH_LEFT_x,MOUTH_LEFT_y,MOUTH_LEFT_z,MOUTH_LEFT_vis,MOUTH_RIGHT_x,MOUTH_RIGHT_y,MOUTH_RIGHT_z,MOUTH_RIGHT_vis,LEFT_SHOULDER_x,LEFT_SHOULDER_y,LEFT_SHOULDER_z,LEFT_SHOULDER_vis,RIGHT_SHOULDER_x,RIGHT_SHOULDER_y,RIGHT_SHOULDER_z,RIGHT_SHOULDER_vis,LEFT_ELBOW_x,LEFT_ELBOW_y,LEFT_ELBOW_z,LEFT_ELBOW_vis,RIGHT_ELBOW_x,RIGHT_ELBOW_y,RIGHT_ELBOW_z,RIGHT_ELBOW_vis,LEFT_WRIST_x,LEFT_WRIST_y,LEFT_WRIST_z,LEFT_WRIST_vis,RIGHT_WRIST_x,RIGHT_WRIST_y,RIGHT_WRIST_z,RIGHT_WRIST_vis,LEFT_PINKY_x,LEFT_PINKY_y,LEFT_PINKY_z,LEFT_PINKY_vis,RIGHT_PINKY_x,RIGHT_PINKY_y,RIGHT_PINKY_z,RIGHT_PINKY_vis,LEFT_INDEX_x,LEFT_INDEX_y,LEFT_INDEX_z,LEFT_INDEX_vis,RIGHT_INDEX_x,RIGHT_INDEX_y,RIGHT_INDEX_z,RIGHT_INDEX_vis,LEFT_THUMB_x,LEFT_THUMB_y,LEFT_THUMB_z,LEFT_THUMB_vis,RIGHT_THUMB_x,RIGHT_THUMB_y,RIGHT_THUMB_z,RIGHT_THUMB_vis,LEFT_HIP_x,LEFT_HIP_y,LEFT_HIP_z,LEFT_HIP_vis,RIGHT_HIP_x,RIGHT_HIP_y,RIGHT_HIP_z,RIGHT_HIP_vis,LEFT_KNEE_x,LEFT_KNEE_y,LEFT_KNEE_z,LEFT_KNEE_vis,RIGHT_KNEE_x,RIGHT_KNEE_y,RIGHT_KNEE_z,RIGHT_KNEE_vis,LEFT_ANKLE_x,LEFT_ANKLE_y,LEFT_ANKLE_z,LEFT_ANKLE_vis,RIGHT_ANKLE_x,RIGHT_ANKLE_y,RIGHT_ANKLE_z,RIGHT_ANKLE_vis,LEFT_HEEL_x,LEFT_HEEL_y,LEFT_HEEL_z,LEFT_HEEL_vis,RIGHT_HEEL_x,RIGHT_HEEL_y,RIGHT_HEEL_z,RIGHT_HEEL_vis,LEFT_FOOT_INDEX_x,LEFT_FOOT_INDEX_y,LEFT_FOOT_INDEX_z,LEFT_FOOT_INDEX_vis,RIGHT_FOOT_INDEX_x,RIGHT_FOOT_INDEX_y,RIGHT_FOOT_INDEX_z,RIGHT_FOOT_INDEX_vis
vrikshasana_tf_0001,vrikshasana,,TF,test,unlabelled,,Apache-2.0,data/datasets/yoga_poses/test/tree/guy3_tree085.jpg,True,300,300,True,0.9997,0.8456,173.206,29.131,64.736,39.86,47.371,36.58,159.073,107.111,151.145,173.767,29.131,173.206,39.86,64.736,151.145,173.767,107.111,159.073,3.785,8.907,107.111,173.206,64.736,8.907,11.818,11.818,15.976,1.547,17.628,14.663,-0.9788,-0.4148,1.205,0.629,0.574524,0.129153,-0.226521,1.0,0.586546,0.111416,-0.214283,0.9999,0.593697,0.111096,-0.213885,0.9999,0.601253,0.11071,-0.213846,0.9999,0.571131,0.111548,-0.205659,1.0,0.567461,0.111355,-0.206782,1.0,0.565005,0.111189,-0.206112,1.0,0.618767,0.119029,-0.118664,0.9999,0.568429,0.120772,-0.088048,1.0,0.587036,0.148794,-0.194071,1.0,0.569277,0.148704,-0.182453,1.0,0.682477,0.23753,-0.060261,0.9999,0.521507,0.233183,-0.013857,0.9998,0.744132,0.356356,-0.123421,0.9951,0.435611,0.33915,-0.077583,0.9721,0.614306,0.361252,-0.26015,0.9822,0.511564,0.324232,-0.282875,0.9622,0.584203,0.347233,-0.283089,0.9447,0.534615,0.316643,-0.315873,0.9143,0.583116,0.329665,-0.27871,0.9383,0.539432,0.300651,-0.299388,0.8969,0.587971,0.331477,-0.253651,0.8983,0.536328,0.301924,-0.279853,0.8478,0.587899,0.498119,-0.025665,0.9998,0.511225,0.473755,0.026446,0.9997,0.591245,0.693909,-0.005851,0.9908,0.356829,0.514155,-0.142972,0.993,0.574391,0.859411,0.121792,0.9957,0.518871,0.555963,0.070119,0.8456,0.56922,0.88031,0.129302,0.9405,0.543083,0.555193,0.08944,0.777,0.56249,0.938276,0.009682,0.9855,0.535601,0.627069,0.06103,0.8598
vrikshasana_tf_0002,vrikshasana,,TF,test,unlabelled,,Apache-2.0,data/datasets/yoga_poses/test/tree/guy3_tree086.jpg,True,300,300,True,0.9993,0.8014,175.298,29.417,57.812,32.074,45.35,35.323,161.408,107.547,140.983,171.974,29.417,175.298,32.074,57.812,140.983,171.974,107.547,161.408,5.584,19.729,107.547,175.298,57.812,19.729,11.359,11.359,17.336,4.093,18.722,15.105,-0.9804,-0.4384,1.2581,0.617,0.573437,0.123645,-0.228128,0.9999,0.586955,0.10605,-0.21561,0.9998,0.594196,0.105735,-0.215233,0.9998,0.601694,0.10552,-0.215165,0.9997,0.569534,0.106197,-0.207669,0.9998,0.564611,0.106123,-0.208844,0.9998,0.560962,0.105985,-0.208262,0.9998,0.617667,0.115363,-0.12057,0.9997,0.563168,0.115129,-0.096282,0.9999,0.586806,0.143558,-0.196286,0.9999,0.566467,0.143008,-0.186561,0.9999,0.681867,0.241574,-0.07792,0.9996,0.524239,0.230293,-0.030769,0.9996,0.73743,0.355185,-0.151452,0.9902,0.444306,0.333474,-0.105037,0.9372,0.601622,0.340608,-0.282243,0.977,0.51326,0.308157,-0.299264,0.9151,0.577312,0.325016,-0.307836,0.9374,0.533189,0.29943,-0.330214,0.8323,0.577682,0.310329,-0.300463,0.9312,0.539331,0.288083,-0.317025,0.8085,0.584565,0.313481,-0.275643,0.8883,0.538198,0.290398,-0.297381,0.7537,0.591367,0.500169,-0.022776,0.9994,0.513852,0.473898,0.023611,0.9993,0.588916,0.701657,0.02285,0.9825,0.360253,0.515357,-0.135549,0.9887,0.572616,0.874126,0.161447,0.9917,0.520319,0.556191,0.056725,0.8014,0.569414,0.890903,0.169964,0.9012,0.544517,0.550532,0.074092,0.7249,0.559482,0.940577,0.058565,0.9798,0.548151,0.631688,0.042549,0.8295
vrikshasana_tf_0003,vrikshasana,,TF,test,unlabelled,,Apache-2.0,data/datasets/yoga_poses/test/tree/guy3_tree087.jpg,True,300,300,True,0.9996,0.8239,174.502,31.572,55.82,25.034,41.679,35.822,160.472,108.772,135.001,170.632,31.572,174.502,25.034,55.82,135.001,170.632,108.772,160.472,6.499,25.683,108.772,174.502,55.82,25.683,11.635,11.635,16.645,2.611,18.144,15.903,-0.9795,-0.4507,1.2572,0.6182,0.572603,0.121225,-0.222628,1.0,0.5853,0.103557,-0.209931,0.9999,0.592542,0.103184,-0.209566,0.9999,0.599533,0.10298,-0.209479,0.9999,0.569861,0.104469,-0.202154,0.9999,0.565455,0.104542,-0.203218,0.9999,0.562276,0.104583,-0.202643,0.9999,0.615908,0.112827,-0.114348,0.9999,0.565866,0.114308,-0.090284,0.9999,0.585587,0.140592,-0.190521,1.0,0.567084,0.140231,-0.181021,1.0,0.679724,0.238898,-0.070855,0.9997,0.523398,0.231768,-0.016895,0.9996,0.726844,0.353433,-0.131349,0.9839,0.444128,0.330745,-0.089016,0.8929,0.59316,0.325463,-0.239515,0.9588,0.51265,0.296917,-0.286788,0.8239,0.571767,0.305216,-0.259584,0.9037,0.534755,0.280757,-0.317982,0.7003,0.573575,0.292105,-0.257091,0.8948,0.540375,0.27087,-0.300873,0.6613,0.577583,0.296398,-0.233924,0.8324,0.538988,0.275465,-0.284033,0.5893,0.589576,0.496087,-0.027035,0.9997,0.511433,0.470479,0.027848,0.9996,0.590302,0.691936,0.025561,0.9883,0.360243,0.513554,-0.120223,0.9904,0.573687,0.87154,0.148802,0.9954,0.518841,0.558043,0.071649,0.857,0.571283,0.888201,0.155754,0.922,0.543009,0.554594,0.088151,0.7802,0.554374,0.943009,0.040832,0.9879,0.544778,0.63527,0.057389,0.8783
vrikshasana_tf_0004,vrikshasana,,TF,test,unlabelled,,Apache-2.0,data/datasets/yoga_poses/test/tree/guy3_tree088.jpg,True,300,300,True,0.9995,0.8847,175.624,29.875,50.936,13.711,36.355,35.883,161.661,110.246,127.561,161.222,29.875,175.624,13.711,50.936,127.561,161.222,110.246,161.661,15.111,33.681,110.246,175.624,50.936,33.681,11.794,11.794,17.331,0.27,18.181,16.579,-0.9789,-0.4316,1.2594,0.5993,0.573904,0.119515,-0.218366,1.0,0.585816,0.100153,-0.207127,0.9998,0.592809,0.099684,-0.206727,0.9998,0.599969,0.099512,-0.206665,0.9998,0.569111,0.101908,-0.198163,0.9999,0.56514,0.102398,-0.199328,0.9999,0.562203,0.102914,-0.198685,0.9999,0.616742,0.10756,-0.113824,0.9998,0.56414,0.112017,-0.083822,0.9999,0.587318,0.139029,-0.186478,1.0,0.567444,0.138746,-0.17525,1.0,0.679148,0.230815,-0.072189,0.9996,0.525126,0.230089,-0.01188,0.9997,0.717357,0.351281,-0.159003,0.9895,0.440274,0.33284,-0.093456,0.893,0.588426,0.300582,-0.290802,0.9796,0.507167,0.282908,-0.31834,0.907,0.563742,0.270691,-0.314488,0.9449,0.527843,0.251523,-0.354239,0.8329,0.56397,0.259197,-0.307373,0.9385,0.532725,0.244358,-0.337738,0.8026,0.570765,0.268284,-0.284311,0.8961,0.530963,0.253197,-0.31708,0.7395,0.589394,0.495105,-0.02413,0.9997,0.509816,0.468971,0.024873,0.9995,0.587931,0.695372,-0.000767,0.9936,0.351372,0.516141,-0.15749,0.9944,0.573179,0.871255,0.123021,0.9956,0.510395,0.553722,0.064902,0.8847,0.570691,0.888648,0.13024,0.9193,0.536868,0.547592,0.085156,0.7971,0.555305,0.948264,0.009177,0.9806,0.534584,0.632864,0.056854,0.8946
vrikshasana_tf_0005,vrikshasana,,TF,test,unlabelled,,Apache-2.0,data/datasets/yoga_poses/test/tree/guy3_tree089.jpg,True,300,300,True,0.9996,0.8427,173.744,32.153,50.454,17.292,33.454,32.559,160.89,110.487,126.209,163.277,32.153,173.744,17.292,50.454,126.209,163.277,110.487,160.89,13.407,34.616,110.487,173.744,50.454,34.616,11.704,11.704,16.606,3.84,18.062,17.17,-0.9792,-0.4097,1.236,0.5989,0.569232,0.118597,-0.208148,1.0,0.581117,0.099852,-0.197352,0.9999,0.588283,0.099787,-0.19695,0.9998,0.59619,0.0994,-0.196916,0.9998,0.566483,0.100467,-0.187477,0.9999,0.563661,0.100762,-0.188485,0.9999,0.560879,0.101075,-0.18789,0.9999,0.616175,0.105492,-0.105549,0.9998,0.565198,0.108818,-0.072411,0.9999,0.583813,0.138333,-0.176721,1.0,0.565251,0.138123,-0.16458,1.0,0.677861,0.229533,-0.065004,0.9997,0.523618,0.21918,0.001818,0.9997,0.709008,0.351909,-0.161732,0.9882,0.443399,0.330098,-0.076201,0.892,0.588439,0.295002,-0.301337,0.9824,0.503909,0.284777,-0.308027,0.904,0.562215,0.267417,-0.325737,0.956,0.52092,0.25383,-0.343818,0.8375,0.562988,0.255494,-0.319757,0.9517,0.525773,0.243289,-0.330294,0.8105,0.569981,0.264521,-0.295929,0.9144,0.531097,0.252289,-0.308052,0.7507,0.58735,0.48982,-0.024002,0.9998,0.509407,0.464402,0.024761,0.9996,0.587125,0.690547,-0.002203,0.9891,0.353587,0.512546,-0.142974,0.9914,0.567233,0.870149,0.102276,0.9954,0.514233,0.55554,0.060689,0.8427,0.563647,0.891938,0.107411,0.9246,0.539015,0.552428,0.078743,0.7594,0.549606,0.949033,-0.015165,0.9891,0.537116,0.633375,0.047914,0.863
vrikshasana_tf_0006,vrikshasana,,TF,test,unlabelled,,Apache-2.0,data/datasets/yoga_poses/test/tree/guy3_tree090.jpg,True,300,300,True,0.9997,0.8862,174.076,33.609,52.024,18.282,32.221,35.417,161.749,109.714,120.601,167.078,33.609,174.076,18.282,52.024,120.601,167.078,109.714,161.749,9.524,41.113,109.714,174.076,52.024,41.113,11.318,11.318,16.573,2.327,18.458,16.317,-0.9806,-0.4219,1.2432,0.5789,0.566991,0.11348,-0.194727,1.0,0.579223,0.094713,-0.187891,0.9999,0.58641,0.094596,-0.187531,0.9999,0.59398,0.094556,-0.187376,0.9999,0.563588,0.095449,-0.17627,0.9999,0.560599,0.095835,-0.177264,0.9999,0.557853,0.096143,-0.176638,0.9999,0.613109,0.102371,-0.107238,0.9998,0.562117,0.103991,-0.066577,1.0,0.581363,0.132871,-0.166873,1.0,0.562997,0.131874,-0.152656,1.0,0.673039,0.225152,-0.066164,0.9997,0.524065,0.219098,-0.000308,0.9998,0.701957,0.341704,-0.139309,0.9833,0.437588,0.326598,-0.077204,0.9213,0.573135,0.284237,-0.233217,0.9696,0.510177,0.279633,-0.278925,0.9179,0.551708,0.255496,-0.247027,0.9264,0.531263,0.250391,-0.309431,0.8445,0.554158,0.243941,-0.242879,0.9166,0.536892,0.238818,-0.288519,0.8129,0.557576,0.253096,-0.226482,0.8636,0.533481,0.24798,-0.275183,0.7507,0.58636,0.48746,-0.022929,0.9998,0.509653,0.461856,0.023585,0.9998,0.586233,0.692959,0.002844,0.9925,0.357671,0.506347,-0.16175,0.9951,0.567661,0.870879,0.107453,0.9964,0.514464,0.555161,0.036123,0.8862,0.564348,0.893471,0.112873,0.9337,0.538394,0.551717,0.054329,0.8222,0.546133,0.944718,-0.006644,0.9917,0.531709,0.628051,0.030654,0.9035
vrikshasana_tf_0007,vrikshasana,,TF,test,unlabelled,,Apache-2.0,data/datasets/yoga_poses/test/tree/guy3_tree091.jpg,True,300,300,True,0.9997,0.847,173.886,31.899,56.042,25.317,26.056,33.99,161.062,107.818,118.528,158.338,31.899,173.886,25.317,56.042,118.528,158.338,107.818,161.062,18.451,42.699,107.818,173.886,56.042,42.699,11.458,11.458,17.167,3.783,19.227,14.607,-0.9801,-0.4029,1.2519,0.5889,0.564321,0.113657,-0.187717,1.0,0.576923,0.095056,-0.18292,0.9999,0.584246,0.094185,-0.182542,0.9999,0.592188,0.093388,-0.182421,0.9999,0.562627,0.096292,-0.170031,0.9999,0.5598,0.096442,-0.170962,0.9999,0.55648,0.096607,-0.170413,0.9999,0.612833,0.101629,-0.108092,0.9999,0.561967,0.10388,-0.063365,1.0,0.579948,0.133424,-0.161529,1.0,0.561207,0.1325,-0.146159,1.0,0.675964,0.224233,-0.070631,0.9997,0.52211,0.214059,0.007782,0.9999,0.690985,0.341773,-0.151203,0.9835,0.440608,0.32143,-0.040204,0.848,0.570807,0.281394,-0.257716,0.9772,0.489583,0.295954,-0.235152,0.847,0.550939,0.254239,-0.275787,0.9527,0.503454,0.276151,-0.263377,0.7697,0.555413,0.24144,-0.273674,0.948,0.526259,0.25288,-0.252884,0.7402,0.559802,0.250617,-0.25299,0.9092,0.524391,0.261089,-0.235511,0.6855,0.585864,0.489306,-0.025238,0.9998,0.508188,0.462216,0.026076,0.9998,0.586454,0.694224,-0.005584,0.9924,0.354015,0.502395,-0.146209,0.9929,0.567599,0.875179,0.088811,0.9964,0.513188,0.551947,0.04888,0.8494,0.565995,0.891292,0.093326,0.9313,0.538322,0.550605,0.066906,0.7803,0.546426,0.954091,-0.027199,0.9876,0.529586,0.631167,0.043544,0.8738
vrikshasana_tf_0008,vrikshasana,,TF,test,unlabelled,,Apache-2.0,data/datasets/yoga_poses/test/tree/guy3_tree092.jpg,True,300,300,True,0.9995,0.7835,174.374,33.791,54.637,19.761,27.061,29.694,161.318,111.364,116.982,166.381,33.791,174.374,19.761,54.637,116.982,166.381,111.364,161.318,9.009,44.318,111.364,174.374,54.637,44.318,12.036,12.036,17.224,4.947,19.76,16.755,-0.978,-0.3958,1.2737,0.554,0.563271,0.11179,-0.178462,0.9999,0.578469,0.094071,-0.176785,0.9997,0.586083,0.094016,-0.176415,0.9997,0.593818,0.093878,-0.176329,0.9996,0.563118,0.093988,-0.162141,0.9998,0.560177,0.093823,-0.163095,0.9998,0.557757,0.093486,-0.162568,0.9998,0.613561,0.10247,-0.111791,0.9996,0.563864,0.101111,-0.05867,0.9999,0.577453,0.132147,-0.155377,0.9999,0.558716,0.130772,-0.137681,0.9999,0.671459,0.221909,-0.079456,0.9995,0.526639,0.209372,0.008154,0.9996,0.688793,0.339842,-0.159469,0.9841,0.44654,0.32678,-0.063229,0.8574,0.56436,0.276437,-0.247682,0.976,0.509198,0.281363,-0.269003,0.8887,0.544176,0.249204,-0.261832,0.9438,0.528427,0.250788,-0.299869,0.8185,0.550559,0.236605,-0.257868,0.9369,0.53554,0.237733,-0.283663,0.7881,0.553715,0.244704,-0.241024,0.8959,0.532666,0.248833,-0.267743,0.7247,0.58213,0.48583,-0.024358,0.9997,0.50654,0.458676,0.025164,0.9996,0.582068,0.694555,-0.003084,0.9873,0.358939,0.503112,-0.15211,0.9893,0.563799,0.879448,0.080551,0.9935,0.510453,0.549541,0.030842,0.7835,0.563782,0.897332,0.083748,0.9023,0.535042,0.548293,0.047185,0.7093,0.542262,0.950678,-0.041486,0.9766,0.534864,0.62265,0.016065,0.8246
vrikshasana_tf_0009,vrikshasana,,TF,test,unlabelled,,Apache-2.0,data/datasets/yoga_poses/test/tree/guy3_tree093.jpg,True,300,300,True,0.9993,0.8078,174.993,33.032,57.809,19.03,21.526,30.508,162.612,109.38,116.043,172.675,33.032,174.993,19.03,57.809,116.043,172.675,109.38,162.612,3.601,45.978,109.38,174.993,57.809,45.978,11.217,11.217,17.142,4.657,18.606,15.655,-0.9809,-0.3967,1.2644,0.558,0.559948,0.107443,-0.178209,0.9999,0.574654,0.087745,-0.178178,0.9997,0.581475,0.087338,-0.177817,0.9997,0.588627,0.087185,-0.177635,0.9996,0.559335,0.088969,-0.163205,0.9998,0.556248,0.089212,-0.164145,0.9998,0.553977,0.089419,-0.163665,0.9998,0.608947,0.096493,-0.114925,0.9996,0.5596,0.097011,-0.060237,0.9998,0.574703,0.126964,-0.155172,0.9999,0.555676,0.126259,-0.137009,0.9999,0.66975,0.218273,-0.07919,0.9993,0.522777,0.206301,0.002125,0.9997,0.677181,0.338161,-0.149948,0.9715,0.440753,0.326846,-0.084438,0.919,0.557824,0.272967,-0.232663,0.9647,0.514342,0.27192,-0.287648,0.9345,0.540625,0.244462,-0.245164,0.9244,0.535107,0.239551,-0.319366,0.8773,0.545487,0.232382,-0.244103,0.9159,0.539522,0.228317,-0.29779,0.8533,0.55047,0.241421,-0.227016,0.8664,0.536455,0.237146,-0.28383,0.7971,0.583366,0.484459,-0.024869,0.9996,0.506357,0.458534,0.025601,0.9996,0.581194,0.69471,-0.010059,0.9834,0.358114,0.500077,-0.148738,0.9892,0.563108,0.879219,0.094925,0.9918,0.51372,0.548773,0.023127,0.8078,0.561916,0.896543,0.100335,0.8966,0.536614,0.54402,0.038766,0.7497,0.53716,0.948778,-0.020818,0.9856,0.537378,0.627336,0.007262,0.8418
vrikshasana_tf_0010,vrikshasana,,TF,test,unlabelled,,Apache-2.0,data/datasets/yoga_poses/test/tree/guy3_tree094.jpg,True,300,300,True,0.9995,0.8328,177.031,34.832,58.395,17.348,21.201,30.28,163.119,112.221,115.799,164.416,34.832,177.031,17.348,58.395,115.799,164.416,112.221,163.119,10.801,45.818,112.221,177.031,58.395,45.818,11.878,11.878,18.439,6.323,18.209,17.438,-0.9786,-0.3997,1.2623,0.5508,0.559101,0.103578,-0.184459,0.9999,0.574045,0.083573,-0.18254,0.9998,0.581703,0.082849,-0.182121,0.9998,0.589211,0.082456,-0.181939,0.9998,0.557925,0.085113,-0.168125,0.9999,0.553871,0.085219,-0.169043,0.9999,0.551113,0.085307,-0.168529,0.9999,0.608112,0.092273,-0.115145,0.9997,0.557205,0.092682,-0.062628,0.9999,0.574216,0.123392,-0.16055,0.9999,0.555024,0.122418,-0.143098,0.9999,0.667834,0.21642,-0.086781,0.9995,0.524161,0.200499,0.007316,0.9997,0.673723,0.336022,-0.145567,0.978,0.438333,0.322787,-0.071143,0.8916,0.555168,0.270884,-0.20821,0.9749,0.504195,0.272086,-0.273707,0.9263,0.537561,0.244674,-0.220467,0.9438,0.523901,0.243326,-0.305202,0.8693,0.541691,0.232012,-0.218847,0.9376,0.530172,0.229244,-0.286269,0.8451,0.546846,0.240644,-0.201939,0.9005,0.527354,0.238774,-0.271365,0.7904,0.580886,0.478065,-0.028044,0.9997,0.503078,0.45247,0.028762,0.9996,0.575338,0.689656,-0.010673,0.9851,0.36063,0.497213,-0.141587,0.9896,0.561124,0.871457,0.0929,0.9934,0.510364,0.54412,0.031967,0.8328,0.561982,0.890994,0.097998,0.9108,0.532148,0.540034,0.047793,0.7661,0.529723,0.943161,-0.020183,0.9877,0.532887,0.624992,0.018333,0.8642
vrikshasana_tf_0011,vrikshasana,,TF,test,unlabelled,,Apache-2.0,data/datasets/yoga_poses/test/tree/guy3_tree095.jpg,True,300,300,True,0.9998,0.8482,174.033,33.35,59.753,16.808,20.344,30.446,162.792,110.759,113.983,160.966,33.35,174.033,16.808,59.753,113.983,160.966,110.759,162.792,14.976,48.45,110.759,174.033,59.753,48.45,11.191,11.191,17.872,3.901,19.464,16.701,-0.981,-0.3934,1.2788,0.5447,0.553497,0.104393,-0.173464,1.0,0.567617,0.084646,-0.172279,0.9999,0.574982,0.084513,-0.171831,0.9999,0.582898,0.084479,-0.171757,0.9999,0.552708,0.084685,-0.155493,0.9999,0.550131,0.084915,-0.156221,0.9999,0.54802,0.085136,-0.155753,0.9999,0.603942,0.092504,-0.109727,0.9999,0.555396,0.094641,-0.048513,1.0,0.568998,0.126019,-0.151309,1.0,0.551479,0.125746,-0.131073,1.0,0.665182,0.21359,-0.082094,0.9998,0.521119,0.203765,0.023543,0.9998,0.670873,0.330889,-0.162497,0.9853,0.443586,0.316561,-0.054664,0.8821,0.546663,0.266315,-0.249062,0.9802,0.496949,0.273827,-0.270872,0.8881,0.529162,0.241041,-0.261753,0.9559,0.514589,0.247649,-0.301921,0.8181,0.533728,0.229663,-0.26397,0.9517,0.522128,0.233027,-0.281596,0.7878,0.537574,0.236995,-0.244813,0.9166,0.520815,0.241226,-0.268861,0.7253,0.580111,0.482309,-0.022964,0.9999,0.503286,0.455159,0.023842,0.9999,0.578815,0.688989,-0.033692,0.9866,0.354426,0.499822,-0.177144,0.9944,0.557708,0.879384,0.064897,0.9941,0.504216,0.544614,0.03874,0.8482,0.557709,0.901179,0.069115,0.9404,0.525326,0.542693,0.058109,0.7971,0.527713,0.934929,-0.050918,0.9905,0.522096,0.624887,0.033081,0.869
vrikshasana_tf_0012,vrikshasana,,TF,test,unlabelled,,Apache-2.0,data/datasets/yoga_poses/test/tree/guy3_tree096.jpg,True,300,300,True,0.9995,0.8385,175.228,35.964,60.938,17.541,18.539,28.841,163.616,109.314,116.746,167.797,35.964,175.228,17.541,60.938,116.746,167.797,109.314,163.616,9.049,45.768,109.314,175.228,60.938,45.768,10.713,10.713,18.68,4.163,19.814,16.159,-0.9826,-0.3721,1.2085,0.5531,0.551621,0.104012,-0.178464,0.9999,0.566736,0.083633,-0.179288,0.9998,0.574034,0.082892,-0.178895,0.9998,0.582138,0.08211,-0.178733,0.9997,0.55026,0.085185,-0.163411,0.9999,0.546615,0.085659,-0.164294,0.9999,0.54407,0.085949,-0.16383,0.9999,0.601294,0.089949,-0.118815,0.9997,0.549363,0.092866,-0.060246,0.9999,0.567635,0.122357,-0.156447,0.9999,0.547944,0.122495,-0.137112,0.9999,0.664275,0.208279,-0.086395,0.9995,0.5176,0.197604,0.009253,0.9998,0.666497,0.329133,-0.152073,0.9774,0.440886,0.320394,-0.067405,0.8767,0.548744,0.266502,-0.231243,0.9743,0.502391,0.267932,-0.276505,0.92,0.530074,0.23853,-0.243741,0.9451,0.52028,0.236645,-0.307997,0.8647,0.534576,0.226262,-0.244983,0.939,0.526296,0.224829,-0.28892,0.8408,0.539,0.234725,-0.226395,0.8995,0.523973,0.233882,-0.274547,0.7833,0.579359,0.477836,-0.02676,0.9998,0.50366,0.450562,0.027525,0.9998,0.575304,0.688823,-0.006259,0.9878,0.357282,0.492976,-0.160885,0.9927,0.557174,0.865069,0.105227,0.9935,0.50853,0.547444,0.024538,0.8385,0.559978,0.888132,0.111221,0.9104,0.529277,0.542752,0.041095,0.7861,0.521614,0.935965,-0.008307,0.9886,0.519471,0.622991,0.011531,0.8676
vrikshasana_tf_0013,vrikshasana,,TF,test,unlabelled,,Apache-2.0,data/datasets/yoga_poses/test/tree/guy3_tree097.jpg,True,300,300,True,0.9999,0.7932,177.127,35.436,62.937,18.993,19.1,30.556,164.158,110.426,115.349,155.812,35.436,177.127,18.993,62.937,115.349,155.812,110.426,164.158,20.621,47.919,110.426,177.127,62.937,47.919,10.541,10.541,17.16,2.577,19.804,16.86,-0.9831,-0.3892,1.2524,0.5254,0.544355,0.101831,-0.162783,1.0,0.558557,0.082485,-0.165993,1.0,0.566191,0.08267,-0.165591,1.0,0.574251,0.082915,-0.165467,0.9999,0.546247,0.082379,-0.146341,1.0,0.543798,0.082472,-0.147061,1.0,0.541144,0.082644,-0.146501,1.0,0.59755,0.091175,-0.118466,0.9999,0.550623,0.091824,-0.043449,1.0,0.557832,0.122361,-0.145732,1.0,0.542199,0.12243,-0.121501,1.0,0.656182,0.207282,-0.098621,0.9999,0.518141,0.20107,0.043806,0.9999,0.66088,0.320892,-0.17714,0.9909,0.442781,0.312281,0.000833,0.7932,0.536805,0.263837,-0.261595,0.9867,0.481107,0.283521,-0.212888,0.8536,0.518214,0.239571,-0.276465,0.9712,0.490974,0.26521,-0.242707,0.7927,0.524552,0.226931,-0.279272,0.9679,0.500787,0.245196,-0.230662,0.7664,0.527303,0.235104,-0.257393,0.9405,0.505744,0.250434,-0.214682,0.7097,0.575453,0.475825,-0.034068,0.9999,0.50265,0.449609,0.03497,0.9999,0.572255,0.681787,-0.022646,0.9948,0.352887,0.494995,-0.136777,0.9958,0.559826,0.870774,0.063283,0.9975,0.504804,0.54605,0.061527,0.9075,0.56178,0.892461,0.06638,0.9553,0.528466,0.543943,0.078711,0.866,0.522652,0.93442,-0.054848,0.9946,0.508005,0.625327,0.059048,0.9254
vrikshasana_tf_0014,vrikshasana,,TF,test,unlabelled,,Apache-2.0,data/datasets/yoga_poses/test/tree/guy3_tree098.jpg,True,300,300,True,0.9998,0.8797,177.919,36.706,60.101,16.291,20.993,26.902,164.729,109.956,114.943,164.865,36.706,177.919,16.291,60.101,114.943,164.865,109.956,164.729,12.493,48.102,109.956,177.919,60.101,48.102,10.14,10.14,14.182,5.004,19.284,17.314,-0.9844,-0.401,1.2563,0.5473,0.543065,0.095122,-0.15947,1.0,0.558195,0.078768,-0.160433,0.9999,0.565768,0.078618,-0.160099,0.9998,0.573139,0.078933,-0.160006,0.9998,0.546321,0.078596,-0.142945,0.9999,0.544513,0.078459,-0.143752,0.9999,0.543038,0.0784,-0.143216,0.9999,0.595229,0.089341,-0.107698,0.9998,0.552461,0.086626,-0.043385,0.9999,0.554714,0.117091,-0.141115,1.0,0.540271,0.116663,-0.119898,1.0,0.653499,0.20687,-0.079937,0.9998,0.510106,0.194315,0.026617,0.9999,0.6615,0.320196,-0.17354,0.9893,0.438704,0.320286,-0.036538,0.8802,0.53827,0.260463,-0.286896,0.9865,0.489333,0.271114,-0.25539,0.912,0.520363,0.235778,-0.303347,0.9686,0.503045,0.250231,-0.286774,0.8578,0.525424,0.22413,-0.302622,0.9645,0.510919,0.23446,-0.271691,0.8361,0.53012,0.230287,-0.2819,0.9341,0.510307,0.241904,-0.255204,0.7809,0.572527,0.472468,-0.02414,0.9999,0.498464,0.446555,0.025066,0.9999,0.566452,0.679111,-0.013658,0.993,0.3552,0.491214,-0.191942,0.9955,0.55397,0.868782,0.072788,0.9964,0.501134,0.542584,0.00184,0.8797,0.555821,0.890325,0.075751,0.9369,0.522128,0.541037,0.018291,0.8263,0.517418,0.932347,-0.052995,0.9937,0.520473,0.618954,-0.014863,0.9086
vrikshasana_tf_0015,vrikshasana,,TF,test,unlabelled,,Apache-2.0,data/datasets/yoga_poses/test/tree/guy3_tree099.jpg,True,300,300,True,0.9999,0.8495,176.257,35.989,63.042,20.748,18.252,29.512,163.386,107.023,115.63,163.412,35.989,176.257,20.748,63.042,115.63,163.412,107.023,163.386,14.29,47.453,107.023,176.257,63.042,47.453,9.99,9.99,15.785,3.293,18.539,14.725,-0.9848,-0.4138,1.2686,0.5429,0.542838,0.091241,-0.171158,1.0,0.555708,0.074876,-0.169628,0.9999,0.562718,0.074578,-0.16928,0.9999,0.569984,0.074729,-0.169232,0.9999,0.543134,0.075183,-0.153114,1.0,0.540634,0.075286,-0.153886,1.0,0.537896,0.075394,-0.153297,1.0,0.590658,0.084624,-0.108456,0.9999,0.545242,0.084711,-0.047586,1.0,0.554555,0.112081,-0.15006,1.0,0.540287,0.112479,-0.129804,1.0,0.650582,0.203671,-0.083577,0.9999,0.508642,0.195506,0.028251,0.9999,0.65324,0.317642,-0.175947,0.9878,0.437301,0.310522,-0.035467,0.8495,0.533113,0.26003,-0.285067,0.9831,0.485338,0.27374,-0.25588,0.8689,0.514543,0.235308,-0.300194,0.9623,0.503256,0.248966,-0.285331,0.8009,0.519808,0.223581,-0.30177,0.9578,0.508769,0.235181,-0.269781,0.7713,0.523751,0.230658,-0.280891,0.9231,0.508694,0.241813,-0.255668,0.7088,0.569761,0.469409,-0.024453,0.9999,0.498609,0.445548,0.025328,0.9999,0.568668,0.676129,-0.00774,0.9933,0.359656,0.482067,-0.187365,0.9964,0.555348,0.86446,0.090624,0.9966,0.500378,0.536831,0.017733,0.8931,0.559025,0.882285,0.094702,0.9392,0.51877,0.530916,0.035111,0.8436,0.521898,0.928929,-0.033404,0.9939,0.511142,0.605985,0.003917,0.9173
vrikshasana_tf_0016,vrikshasana,,TF,test,unlabelled,,Apache-2.0,data/datasets/yoga_poses/test/tree/guy3_tree100.jpg,True,300,300,True,0.9998,0.4419,177.0,36.146,63.102,127.812,16.188,17.746,166.579,111.544,114.415,151.131,36.146,177.0,63.102,127.812,114.415,151.131,111.544,166.579,25.978,50.554,111.544,177.0,63.102,50.554,9.186,9.186,13.876,6.338,18.857,18.654,-0.9872,-0.4051,1.2575,0.5047,0.537805,0.086188,-0.158209,1.0,0.553912,0.071527,-0.155837,1.0,0.561455,0.071725,-0.155268,1.0,0.569947,0.072241,-0.15535,1.0,0.540075,0.070393,-0.135357,1.0,0.537564,0.069953,-0.136069,0.9999,0.534772,0.069505,-0.135469,0.9999,0.591891,0.084526,-0.099309,1.0,0.543297,0.078566,-0.024392,1.0,0.548145,0.109688,-0.13947,1.0,0.533302,0.107312,-0.11551,1.0,0.642826,0.200275,-0.098716,1.0,0.510639,0.185593,0.078169,0.9998,0.64508,0.311842,-0.217901,0.9955,0.46879,0.296716,0.137183,0.4419,0.524801,0.253851,-0.361754,0.997,0.445387,0.30395,0.010783,0.6931,0.504981,0.229327,-0.389977,0.9936,0.428183,0.314518,-0.002156,0.6919,0.509853,0.215871,-0.389097,0.9932,0.432756,0.308561,-0.018021,0.6888,0.515509,0.223628,-0.359211,0.9853,0.441951,0.305353,-0.000819,0.6577,0.57156,0.465672,-0.0317,0.9999,0.497769,0.440469,0.032641,0.9998,0.565815,0.670066,-0.042113,0.9915,0.354603,0.488799,-0.123828,0.9959,0.550295,0.862537,0.045211,0.9967,0.50082,0.53488,0.089672,0.8816,0.552629,0.884313,0.047264,0.9595,0.525473,0.530755,0.107664,0.8403,0.514787,0.918333,-0.074662,0.995,0.520992,0.6089,0.085775,0.9049
vrikshasana_tf_0017,vrikshasana,,TF,test,unlabelled,,Apache-2.0,data/datasets/yoga_poses/test/tree/guy3_tree101.jpg,True,300,300,True,0.9996,0.3704,179.562,35.339,63.07,132.511,17.674,21.613,165.893,110.588,115.175,148.43,35.339,179.562,63.07,132.511,115.175,148.43,110.588,165.893,28.025,49.218,110.588,179.562,63.07,49.218,9.809,9.809,14.185,6.516,20.195,17.042,-0.9854,-0.4091,1.2636,0.4838,0.536332,0.084264,-0.14551,1.0,0.551965,0.069052,-0.144313,0.9999,0.558954,0.069574,-0.143765,0.9999,0.566536,0.070526,-0.143863,0.9999,0.540337,0.068331,-0.123799,0.9999,0.538269,0.068012,-0.124485,0.9999,0.536042,0.067799,-0.123878,0.9999,0.588563,0.082832,-0.095123,0.9999,0.546094,0.077611,-0.020643,0.9999,0.545776,0.106731,-0.129965,1.0,0.533381,0.104068,-0.106169,1.0,0.639585,0.199888,-0.099871,1.0,0.512275,0.185346,0.078796,0.9996,0.643532,0.309294,-0.216136,0.996,0.462503,0.291314,0.146267,0.3704,0.524338,0.254057,-0.350796,0.9967,0.443512,0.297248,0.027899,0.5729,0.505839,0.227939,-0.37585,0.9927,0.432575,0.307818,0.016067,0.5832,0.509639,0.215861,-0.374401,0.9921,0.432126,0.296488,-0.002261,0.5839,0.514812,0.222338,-0.347307,0.9836,0.438482,0.294748,0.015575,0.5539,0.565177,0.466256,-0.035017,0.9999,0.496437,0.440972,0.036073,0.9996,0.559847,0.669774,-0.034085,0.9913,0.35452,0.484475,-0.104392,0.9932,0.553345,0.861879,0.040094,0.9969,0.497776,0.531843,0.080506,0.8568,0.558979,0.881115,0.040814,0.9589,0.519734,0.528388,0.095289,0.8191,0.50726,0.926495,-0.085293,0.9953,0.521982,0.605082,0.068565,0.8929
vrikshasana_tf_0018,vrikshasana,,TF,test,unlabelled,,Apache-2.0,data/datasets/yoga_poses/test/tree/guy3_tree102.jpg,True,300,300,True,0.9997,0.7016,177.452,36.791,64.017,7.862,16.377,25.968,165.13,107.842,113.705,158.328,36.791,177.452,7.862,64.017,113.705,158.328,107.842,165.13,18.418,50.464,107.842,177.452,64.017,50.464,9.859,9.859,13.538,3.721,19.59,14.588,-0.9852,-0.4002,1.2528,0.5016,0.536484,0.084293,-0.169435,0.9999,0.550734,0.069584,-0.168612,0.9999,0.557789,0.069872,-0.168266,0.9999,0.565739,0.070388,-0.168247,0.9998,0.539256,0.068788,-0.151335,0.9999,0.537164,0.068511,-0.152077,0.9999,0.534942,0.068382,-0.151571,0.9999,0.588235,0.0807,-0.110696,0.9998,0.544372,0.076357,-0.046423,0.9999,0.545403,0.107008,-0.149798,1.0,0.533701,0.105054,-0.128594,1.0,0.639984,0.194915,-0.099296,0.9999,0.507032,0.186268,0.044597,0.9997,0.641061,0.307864,-0.19139,0.9923,0.441785,0.302908,-0.020028,0.7016,0.517062,0.248886,-0.290265,0.9906,0.481628,0.250195,-0.257643,0.8281,0.500654,0.223707,-0.307935,0.9779,0.484743,0.224964,-0.290011,0.7723,0.505032,0.21095,-0.30916,0.9755,0.488676,0.207647,-0.278215,0.7424,0.50959,0.216275,-0.285913,0.9528,0.492126,0.220237,-0.260355,0.6768,0.563424,0.46491,-0.030843,0.9999,0.492623,0.439713,0.031875,0.9998,0.560006,0.668583,-0.012319,0.9925,0.359548,0.474346,-0.170193,0.9931,0.548458,0.856891,0.066498,0.9957,0.492899,0.528773,0.027072,0.813,0.55545,0.879841,0.068446,0.9204,0.512885,0.527087,0.042803,0.7838,0.50439,0.916955,-0.063343,0.991,0.506668,0.598877,0.011846,0.8591
vrikshasana_tf_0019,vrikshasana,,TF,test,unlabelled,,Apache-2.0,data/datasets/yoga_poses/test/tree/guy3_tree103.jpg,True,300,300,True,0.9998,0.8403,177.51,35.751,65.359,9.448,13.892,28.014,166.972,106.863,113.646,163.299,35.751,177.51,9.448,65.359,113.646,163.299,106.863,166.972,14.522,51.865,106.863,177.51,65.359,51.865,8.7,8.7,12.736,1.067,19.185,14.684,-0.9885,-0.4127,1.2526,0.5049,0.53448,0.08109,-0.162812,1.0,0.54884,0.067163,-0.158703,0.9999,0.556169,0.067155,-0.158326,0.9999,0.563396,0.067496,-0.158252,0.9999,0.536502,0.066886,-0.142846,0.9999,0.534165,0.066954,-0.143599,0.9999,0.531931,0.067121,-0.143081,0.9999,0.584655,0.07943,-0.095462,0.9999,0.539482,0.077153,-0.037446,1.0,0.544376,0.102647,-0.142122,1.0,0.531234,0.101977,-0.122953,1.0,0.636749,0.191523,-0.089516,0.9998,0.503192,0.189036,0.043104,0.9998,0.635577,0.304033,-0.176626,0.9911,0.432158,0.311119,-0.038399,0.848,0.512396,0.24597,-0.264139,0.9917,0.486096,0.246013,-0.266451,0.9154,0.492494,0.220828,-0.278652,0.9796,0.491907,0.216804,-0.298419,0.8643,0.49968,0.209538,-0.279963,0.9771,0.495489,0.203815,-0.279069,0.8398,0.505389,0.215457,-0.259224,0.9574,0.498075,0.213328,-0.265536,0.7865,0.566232,0.464408,-0.029562,0.9999,0.493674,0.439162,0.030505,0.9999,0.560997,0.669718,-0.019898,0.9911,0.35517,0.475455,-0.174278,0.9941,0.548127,0.856089,0.077669,0.9949,0.494397,0.529087,0.022639,0.8403,0.554556,0.875769,0.08141,0.917,0.515062,0.527346,0.038675,0.803,0.502728,0.917055,-0.045664,0.9915,0.508815,0.60113,0.010991,0.8773
vrikshasana_tf_0020,vrikshasana,,TF,test,unlabelled,,Apache-2.0,data/datasets/yoga_poses/test/tree/guy3_tree104.jpg,True,300,300,True,0.9999,0.7867,175.34,35.748,69.484,13.876,11.155,24.459,165.56,110.803,115.238,161.764,35.748,175.34,13.876,69.484,115.238,161.764,110.803,165.56,14.832,49.388,110.803,175.34,69.484,49.388,9.691,9.691,16.315,2.703,17.774,17.399,-0.9857,-0.3663,1.2291,0.5004,0.530431,0.087308,-0.162064,1.0,0.543679,0.070369,-0.164851,0.9999,0.550571,0.07032,-0.164431,0.9999,0.558112,0.070148,-0.164266,0.9999,0.532937,0.070379,-0.145678,1.0,0.531285,0.070238,-0.146344,0.9999,0.529407,0.070041,-0.145907,1.0,0.582946,0.079951,-0.115011,0.9999,0.537917,0.079659,-0.04279,1.0,0.5418,0.107304,-0.144183,1.0,0.528083,0.106932,-0.120956,1.0,0.639192,0.188001,-0.10099,0.9999,0.50607,0.181716,0.041899,0.9999,0.630828,0.301374,-0.167272,0.9857,0.443546,0.299989,-0.010461,0.7867,0.513424,0.247286,-0.218628,0.9822,0.480894,0.258127,-0.206972,0.8656,0.493848,0.222512,-0.229012,0.9629,0.488642,0.231309,-0.235179,0.811,0.499373,0.208465,-0.232552,0.9591,0.495706,0.216982,-0.219636,0.7847,0.505497,0.21612,-0.214195,0.9286,0.496324,0.229344,-0.207098,0.729,0.564626,0.45919,-0.030275,0.9999,0.49097,0.435579,0.031273,0.9999,0.561268,0.665059,-0.027238,0.9899,0.351051,0.479424,-0.147456,0.9936,0.543137,0.85013,0.057841,0.9951,0.49333,0.526612,0.05289,0.8416,0.546922,0.873226,0.060824,0.9392,0.513788,0.524769,0.070327,0.8085,0.503352,0.913361,-0.055308,0.992,0.509025,0.599811,0.053342,0.8766
vrikshasana_tf_0021,vrikshasana,,TF,test,unlabelled,,Apache-2.0,data/datasets/yoga_poses/test/tree/guy3_tree105.jpg,True,300,300,True,0.9998,0.8101,176.661,37.852,71.499,16.571,10.052,25.42,165.044,111.213,114.779,163.237,37.852,176.661,16.571,71.499,114.779,163.237,111.213,165.044,14.16,49.071,111.213,176.661,71.499,49.071,9.749,9.749,14.543,3.28,19.452,18.61,-0.9856,-0.3769,1.2647,0.5361,0.529176,0.086742,-0.163047,1.0,0.543087,0.068515,-0.164079,0.9999,0.54989,0.068116,-0.163707,0.9999,0.557338,0.067665,-0.163559,0.9999,0.532249,0.068059,-0.145673,0.9999,0.530762,0.067873,-0.146333,0.9999,0.529512,0.067575,-0.145855,0.9999,0.580983,0.077206,-0.111128,0.9999,0.540195,0.07626,-0.042855,1.0,0.540774,0.106904,-0.144479,1.0,0.527279,0.105787,-0.122156,1.0,0.64048,0.19036,-0.09546,0.9998,0.499078,0.182256,0.036948,0.9999,0.628566,0.301868,-0.178327,0.9865,0.434996,0.30266,-0.018409,0.8277,0.513269,0.249082,-0.259044,0.9851,0.475046,0.262039,-0.228224,0.8777,0.495458,0.224483,-0.273407,0.9694,0.479702,0.243174,-0.257114,0.8196,0.500103,0.210036,-0.275984,0.9665,0.490052,0.227555,-0.243941,0.7943,0.50534,0.218492,-0.255058,0.939,0.491367,0.234434,-0.2292,0.7399,0.562427,0.459894,-0.025812,0.9999,0.487656,0.433487,0.026878,0.9999,0.558184,0.66341,-0.030585,0.9886,0.354105,0.478459,-0.176523,0.9929,0.542972,0.855274,0.048149,0.9941,0.488989,0.525541,0.036124,0.8101,0.548937,0.883827,0.050144,0.9245,0.505096,0.525419,0.054514,0.7711,0.500582,0.920024,-0.072224,0.9904,0.496414,0.602667,0.029223,0.8568
vrikshasana_tf_0022,vrikshasana,,TF,test,unlabelled,,Apache-2.0,data/datasets/yoga_poses/test/tree/guy3_tree106.jpg,True,300,300,True,0.9998,0.7512,179.998,35.106,70.11,13.326,7.636,24.949,169.238,109.948,115.56,164.072,35.106,179.998,13.326,70.11,115.56,164.072,109.948,169.238,13.767,50.554,109.948,179.998,70.11,50.554,8.364,8.364,13.609,0.294,16.944,17.787,-0.9894,-0.3813,1.2107,0.4932,0.530585,0.080321,-0.165024,1.0,0.54489,0.064067,-0.165474,0.9999,0.551822,0.064131,-0.165108,0.9999,0.55895,0.064293,-0.164953,0.9999,0.53144,0.063559,-0.148047,0.9999,0.528855,0.063663,-0.148756,0.9999,0.526933,0.063555,-0.148297,0.9999,0.579054,0.074663,-0.110481,0.9998,0.535641,0.072413,-0.04631,0.9999,0.54261,0.101448,-0.145778,1.0,0.526729,0.100386,-0.124915,1.0,0.633236,0.181879,-0.105058,0.9998,0.501413,0.182556,0.041634,0.9998,0.620595,0.297309,-0.171651,0.9832,0.437576,0.307252,-0.011814,0.762,0.507712,0.241912,-0.229197,0.9835,0.480053,0.257404,-0.216689,0.8521,0.491638,0.216736,-0.241838,0.9679,0.488367,0.240542,-0.245904,0.7894,0.496399,0.202431,-0.244791,0.9642,0.495566,0.22303,-0.231061,0.7593,0.501397,0.209839,-0.22475,0.9377,0.494947,0.229748,-0.217156,0.6975,0.565027,0.457786,-0.035167,0.9999,0.491871,0.435498,0.036195,0.9998,0.553963,0.660488,-0.015042,0.9886,0.347789,0.481722,-0.139188,0.9889,0.543889,0.844916,0.068154,0.994,0.489536,0.525922,0.057675,0.7512,0.551791,0.868387,0.071229,0.9066,0.508494,0.523937,0.074382,0.7244,0.493937,0.916931,-0.043886,0.9898,0.501304,0.598489,0.059318,0.8198
vrikshasana_tf_0023,vrikshasana,,TF,test,unlabelled,,Apache-2.0,data/datasets/yoga_poses/test/tree/guy3_tree107.jpg,True,300,300,True,0.9997,0.7141,178.197,37.803,72.525,9.183,5.265,23.04,166.555,113.297,112.457,163.33,37.803,178.197,9.183,72.525,112.457,163.33,113.297,166.555,14.294,51.967,113.297,178.197,72.525,51.967,9.364,9.364,17.285,1.463,19.229,20.921,-0.9867,-0.3851,1.2436,0.5124,0.523874,0.084935,-0.160178,1.0,0.53817,0.065958,-0.164668,0.9999,0.545353,0.06587,-0.164255,0.9999,0.5528,0.065976,-0.164097,0.9999,0.525878,0.066168,-0.144653,0.9999,0.523847,0.066158,-0.145329,0.9999,0.522138,0.066206,-0.144975,0.9999,0.577239,0.076194,-0.12086,0.9999,0.532781,0.075527,-0.04598,0.9999,0.537364,0.106141,-0.144594,1.0,0.523391,0.10581,-0.120732,1.0,0.637166,0.187229,-0.116272,0.9998,0.50337,0.183811,0.040778,0.9997,0.616863,0.298832,-0.171912,0.9872,0.443079,0.310694,-0.026105,0.7324,0.507095,0.240993,-0.208626,0.9874,0.482479,0.253578,-0.240728,0.8428,0.488945,0.213303,-0.216704,0.9731,0.489735,0.223103,-0.271274,0.7757,0.494229,0.201486,-0.221304,0.97,0.496047,0.210404,-0.252883,0.7426,0.500539,0.208466,-0.203792,0.9475,0.498588,0.217566,-0.240694,0.6757,0.56244,0.455308,-0.0363,0.9999,0.493108,0.431125,0.037265,0.9998,0.554841,0.659539,-0.015792,0.986,0.354945,0.483941,-0.121801,0.9873,0.542098,0.844852,0.067607,0.9928,0.488582,0.524499,0.088217,0.7141,0.550585,0.871218,0.070694,0.9097,0.507802,0.522796,0.106409,0.7053,0.492046,0.914354,-0.042415,0.989,0.500624,0.594167,0.095228,0.7925
vrikshasana_tf_0024,vrikshasana,,TF,test,unlabelled,,Apache-2.0,data/datasets/yoga_poses/test/tree/guy3_tree108.jpg,True,300,300,True,0.9996,0.622,179.192,39.298,68.711,3.963,5.388,21.339,168.433,113.881,113.857,157.737,39.298,179.192,3.963,68.711,113.857,157.737,113.881,168.433,18.458,51.783,168.433,179.192,68.711,51.783,9.319,9.319,17.253,3.44,18.255,20.075,-0.9868,-0.3657,1.2361,0.4592,0.525047,0.086171,-0.150757,1.0,0.53783,0.068207,-0.158923,0.9999,0.544336,0.067949,-0.158528,0.9999,0.550821,0.067555,-0.158349,0.9999,0.526757,0.068464,-0.136365,0.9999,0.525043,0.068302,-0.13697,0.9999,0.52347,0.067964,-0.136623,0.9999,0.575217,0.075326,-0.127052,0.9999,0.536345,0.074204,-0.040681,0.9999,0.537627,0.104433,-0.139014,1.0,0.523907,0.104419,-0.11186,1.0,0.630963,0.185855,-0.129312,0.9999,0.510554,0.178617,0.053877,0.9996,0.612409,0.303366,-0.163149,0.989,0.450544,0.306468,3.1e-05,0.622,0.505841,0.24119,-0.161786,0.9898,0.479522,0.254421,-0.210066,0.8117,0.489397,0.213727,-0.164947,0.9778,0.484834,0.231136,-0.238417,0.7528,0.494865,0.200813,-0.170733,0.9754,0.491045,0.216064,-0.224642,0.7231,0.500151,0.208302,-0.156278,0.957,0.492069,0.223442,-0.212346,0.6658,0.562623,0.452792,-0.04183,0.9999,0.493827,0.430099,0.042905,0.9997,0.552803,0.654082,-0.029574,0.9868,0.357847,0.479794,-0.105059,0.9839,0.540783,0.845079,0.028993,0.9936,0.487087,0.524859,0.103622,0.6988,0.550853,0.871363,0.029714,0.9261,0.508126,0.523351,0.121446,0.7124,0.482395,0.911833,-0.081769,0.9907,0.488892,0.59603,0.11143,0.7897
vrikshasana_tf_0025,vrikshasana,,TF,test,unlabelled,,Apache-2.0,data/datasets/yoga_poses/test/tree/guy3_tree109.jpg,True,300,300,True,0.9997,0.6987,178.67,40.185,68.802,9.789,4.608,24.202,168.814,112.199,112.327,162.165,40.185,178.67,9.789,68.802,112.327,162.165,112.199,168.814,15.059,53.9,168.814,178.67,68.802,53.9,8.589,8.589,13.991,1.114,19.044,19.423,-0.9888,-0.4181,1.2176,0.4806,0.52103,0.075687,-0.16151,0.9999,0.536386,0.060374,-0.166869,0.9998,0.542988,0.061209,-0.166512,0.9998,0.549425,0.061905,-0.166317,0.9998,0.524782,0.058553,-0.145529,0.9999,0.522673,0.058325,-0.146206,0.9999,0.520702,0.057911,-0.145893,0.9999,0.57316,0.074704,-0.130903,0.9997,0.536794,0.070053,-0.050713,0.9999,0.532581,0.097158,-0.149215,0.9999,0.518871,0.095244,-0.123689,0.9999,0.628368,0.18611,-0.134626,0.9997,0.502868,0.18367,0.038557,0.9997,0.610215,0.298634,-0.196616,0.9855,0.440117,0.306943,-0.023545,0.6987,0.504777,0.236866,-0.242202,0.9884,0.480667,0.252673,-0.239239,0.857,0.487836,0.208274,-0.254676,0.9765,0.487679,0.22441,-0.270035,0.7983,0.492948,0.195531,-0.257331,0.9739,0.492166,0.208699,-0.256328,0.7705,0.49858,0.203657,-0.237471,0.9528,0.493237,0.217689,-0.241181,0.7087,0.562345,0.455465,-0.042226,0.9998,0.490885,0.430797,0.043343,0.9997,0.553273,0.656286,-0.014665,0.9862,0.35682,0.478071,-0.112991,0.985,0.540579,0.841667,0.061563,0.9932,0.488429,0.527964,0.104553,0.7035,0.549302,0.867755,0.064075,0.9122,0.507139,0.529166,0.122844,0.7124,0.486541,0.905204,-0.045891,0.9897,0.481784,0.600744,0.113487,0.7974
vrikshasana_tf_0026,vrikshasana,,TF,test,unlabelled,,Apache-2.0,data/datasets/yoga_poses/test/tree/guy3_tree110.jpg,True,300,300,True,0.9996,0.4252,175.906,40.679,71.525,7.721,1.623,19.596,168.218,114.38,111.362,152.51,40.679,175.906,7.721,71.525,111.362,152.51,114.38,168.218,23.138,54.774,114.38,175.906,71.525,54.774,9.372,9.372,17.775,1.651,18.889,20.028,-0.9867,-0.416,1.2942,0.4634,0.520262,0.080063,-0.161143,0.9999,0.5335,0.063798,-0.16898,0.9999,0.540533,0.063642,-0.168517,0.9999,0.547738,0.063512,-0.168432,0.9999,0.522193,0.064565,-0.145008,0.9999,0.520208,0.064854,-0.145639,0.9999,0.518371,0.064949,-0.145341,0.9999,0.5727,0.073829,-0.137352,0.9999,0.532698,0.072389,-0.045666,0.9999,0.533297,0.100032,-0.149963,1.0,0.519704,0.098925,-0.121446,1.0,0.628671,0.18816,-0.137085,0.9998,0.510217,0.184745,0.051096,0.9996,0.604984,0.297341,-0.186235,0.975,0.459301,0.299381,0.068546,0.4252,0.503572,0.23709,-0.202946,0.9771,0.470388,0.261287,-0.059915,0.6154,0.486744,0.210536,-0.21265,0.9596,0.47252,0.231749,-0.075318,0.5762,0.491901,0.197452,-0.217963,0.9566,0.477767,0.227811,-0.06926,0.5482,0.497063,0.205853,-0.199461,0.9235,0.481868,0.233169,-0.062803,0.494,0.563781,0.451087,-0.039348,0.9998,0.491819,0.426464,0.04058,0.9997,0.556172,0.660424,-0.015185,0.9811,0.360542,0.474317,-0.121182,0.9818,0.535746,0.849191,0.055638,0.993,0.486716,0.521871,0.074555,0.6804,0.541778,0.878236,0.057727,0.9306,0.502266,0.521998,0.090931,0.675,0.485525,0.90768,-0.052676,0.9895,0.488379,0.595739,0.073389,0.7725
vrikshasana_tf_0027,vrikshasana,,TF,test,unlabelled,,Apache-2.0,data/datasets/yoga_poses/test/tree/guy3_tree111.jpg,True,300,300,True,0.9997,0.5553,177.445,38.98,69.382,7.944,2.026,20.61,169.143,114.574,111.956,163.022,38.98,177.445,7.944,69.382,111.956,163.022,114.574,169.143,13.274,54.498,169.143,177.445,69.382,54.498,8.862,8.862,15.639,1.813,16.806,20.87,-0.9881,-0.3889,1.2703,0.4622,0.520898,0.079274,-0.158996,1.0,0.534955,0.063198,-0.168042,0.9999,0.541945,0.062921,-0.167681,0.9999,0.548934,0.062749,-0.167496,0.9999,0.523797,0.063872,-0.144883,0.9999,0.521931,0.064022,-0.145564,0.9999,0.520247,0.063892,-0.145236,0.9999,0.572797,0.073406,-0.137606,0.9999,0.533298,0.071137,-0.048614,0.9999,0.5332,0.097734,-0.147525,1.0,0.520124,0.096414,-0.119753,1.0,0.62637,0.182895,-0.137544,0.9999,0.505562,0.17907,0.044955,0.9997,0.603393,0.295631,-0.16475,0.9773,0.449502,0.303146,0.000598,0.5553,0.503065,0.232603,-0.152855,0.9805,0.484713,0.247359,-0.189266,0.7443,0.490103,0.207704,-0.154626,0.9638,0.492125,0.21995,-0.214386,0.685,0.495671,0.194169,-0.162503,0.9596,0.49805,0.206062,-0.196514,0.6488,0.500602,0.201647,-0.148218,0.9302,0.498827,0.218915,-0.188949,0.5831,0.561938,0.450329,-0.038694,0.9999,0.489418,0.428426,0.039769,0.9997,0.552074,0.660379,-0.016116,0.9879,0.360336,0.47764,-0.108062,0.9869,0.534952,0.846948,0.049403,0.9943,0.485239,0.518489,0.094333,0.743,0.544311,0.87522,0.050659,0.9215,0.501487,0.519466,0.111104,0.7222,0.481284,0.910518,-0.061669,0.9912,0.50014,0.590832,0.096063,0.8293
vrikshasana_tf_0028,vrikshasana,,TF,test,unlabelled,,Apache-2.0,data/datasets/yoga_poses/test/tree/guy3_tree112.jpg,True,300,300,True,0.9992,0.5801,179.776,41.415,71.907,5.606,3.817,23.597,168.793,115.764,107.085,160.009,41.415,179.776,5.606,71.907,107.085,160.009,115.764,168.793,16.291,58.435,168.793,179.776,71.907,58.435,9.339,9.339,15.72,3.619,17.895,22.064,-0.9867,-0.4032,1.2771,0.4876,0.519684,0.078701,-0.144571,0.9999,0.535331,0.062157,-0.155548,0.9998,0.542001,0.06229,-0.155204,0.9998,0.547898,0.062423,-0.154982,0.9997,0.524226,0.062066,-0.130647,0.9998,0.522229,0.061898,-0.131308,0.9998,0.52051,0.061516,-0.131006,0.9998,0.57239,0.074018,-0.135287,0.9997,0.535491,0.069872,-0.038886,0.9998,0.531158,0.097999,-0.136828,0.9999,0.518345,0.096749,-0.106873,0.9999,0.628988,0.186526,-0.143967,0.9997,0.503631,0.178599,0.047056,0.9992,0.592722,0.29621,-0.17562,0.9743,0.441133,0.299704,-0.014358,0.5801,0.498368,0.226674,-0.149965,0.9797,0.483265,0.234584,-0.21786,0.7606,0.483743,0.200472,-0.150195,0.9621,0.488877,0.204915,-0.244702,0.6862,0.48989,0.187719,-0.157015,0.9576,0.494081,0.194575,-0.225335,0.6468,0.495177,0.195057,-0.14471,0.9266,0.495557,0.201578,-0.217382,0.5821,0.561308,0.448619,-0.040358,0.9998,0.487707,0.424855,0.041412,0.9995,0.549861,0.648822,-0.028371,0.9843,0.363136,0.475346,-0.103385,0.9773,0.538043,0.842241,0.018286,0.9934,0.483891,0.517754,0.100788,0.6794,0.549135,0.87542,0.017838,0.9212,0.502594,0.515916,0.117698,0.6832,0.483944,0.904313,-0.095009,0.9905,0.502332,0.58637,0.104012,0.7878
vrikshasana_tf_0029,vrikshasana,,TF,test,unlabelled,,Apache-2.0,data/datasets/yoga_poses/test/tree/guy3_tree113.jpg,True,300,300,True,0.9997,0.6975,179.469,39.241,68.498,9.858,2.646,24.697,169.365,112.96,108.269,166.249,39.241,179.469,9.858,68.498,108.269,166.249,112.96,169.365,11.698,58.371,112.96,179.469,68.498,58.371,7.888,7.888,12.465,5.237,16.41,20.907,-0.9905,-0.3724,1.2691,0.4815,0.521484,0.084082,-0.165384,1.0,0.535266,0.066631,-0.172398,0.9999,0.54126,0.066423,-0.171967,0.9999,0.547486,0.066068,-0.171776,0.9999,0.524642,0.066255,-0.150513,0.9999,0.522982,0.066031,-0.151101,0.9999,0.521314,0.06562,-0.150812,0.9999,0.570714,0.074806,-0.135222,0.9999,0.534543,0.071684,-0.052483,0.9999,0.533343,0.101333,-0.151622,1.0,0.520477,0.099955,-0.125617,1.0,0.622771,0.185433,-0.141816,0.9998,0.499542,0.174139,0.043707,0.9997,0.591353,0.29496,-0.173105,0.9744,0.437618,0.296989,-0.034653,0.7315,0.501021,0.225626,-0.16399,0.9778,0.485128,0.233036,-0.246613,0.8485,0.485797,0.201389,-0.166212,0.959,0.492234,0.203127,-0.276266,0.7844,0.492911,0.189772,-0.175693,0.9553,0.496783,0.193982,-0.253497,0.7553,0.498634,0.197339,-0.160615,0.9248,0.497807,0.203862,-0.245138,0.6965,0.561183,0.444769,-0.043096,0.9999,0.490582,0.423977,0.04409,0.9998,0.551554,0.647137,-0.030441,0.9801,0.364386,0.472183,-0.087496,0.9825,0.540847,0.835376,0.047952,0.9909,0.488727,0.513388,0.116332,0.6975,0.549922,0.862483,0.050217,0.9238,0.506604,0.512491,0.133485,0.7302,0.486648,0.893157,-0.051954,0.9884,0.495656,0.58792,0.12696,0.7909
vrikshasana_tf_0030,vrikshasana,,TF,test,unlabelled,,Apache-2.0,data/datasets/yoga_poses/test/tree/guy3_tree114.jpg,True,300,300,True,0.9997,0.6953,179.787,42.324,66.591,6.972,3.455,28.962,171.336,112.203,106.488,162.861,42.324,179.787,6.972,66.591,106.488,162.861,112.203,171.336,15.604,61.464,171.336,179.787,66.591,61.464,7.023,7.023,12.388,1.675,16.366,20.668,-0.9925,-0.3574,1.2431,0.4621,0.521294,0.085911,-0.151312,1.0,0.534252,0.069717,-0.156984,0.9999,0.539652,0.069556,-0.156533,0.9999,0.545441,0.069261,-0.156371,0.9999,0.52406,0.06941,-0.135617,0.9999,0.522348,0.069035,-0.136212,0.9999,0.520497,0.068498,-0.135837,0.9999,0.568867,0.077568,-0.118119,0.9999,0.533666,0.075001,-0.03812,1.0,0.532158,0.102223,-0.137317,1.0,0.520418,0.101174,-0.112241,1.0,0.620326,0.179732,-0.130937,0.9998,0.501312,0.176252,0.058276,0.9997,0.590733,0.286426,-0.168074,0.9864,0.432851,0.292483,-0.025875,0.8016,0.501961,0.214767,-0.155584,0.988,0.487423,0.221287,-0.234448,0.8947,0.486681,0.188079,-0.155637,0.9749,0.495669,0.192149,-0.263192,0.8307,0.494053,0.179496,-0.164973,0.9722,0.500395,0.18546,-0.236005,0.8039,0.500354,0.186509,-0.151612,0.9527,0.501256,0.19476,-0.231044,0.7562,0.563946,0.443902,-0.046256,0.9999,0.494682,0.423562,0.047174,0.9998,0.552022,0.645614,-0.045989,0.9807,0.370035,0.470582,-0.082677,0.9792,0.540135,0.834728,0.031273,0.9899,0.490262,0.518319,0.104273,0.6953,0.550209,0.858328,0.033292,0.9209,0.511882,0.520051,0.119737,0.7504,0.488258,0.882283,-0.067489,0.9872,0.492467,0.583316,0.113516,0.7839
vrikshasana_tf_0031,vrikshasana,,TF,test,unlabelled,,Apache-2.0,data/datasets/yoga_poses/test/tree/guy3_tree115.jpg,True,300,300,True,0.9997,0.7071,178.947,43.049,69.344,8.655,8.008,28.663,170.078,112.079,101.646,170.237,43.049,178.947,8.655,69.344,101.646,170.237,112.079,170.078,9.05,65.366,112.079,178.947,69.344,65.366,7.032,7.032,12.392,5.267,16.072,21.366,-0.9925,-0.3669,1.2442,0.4932,0.519901,0.081365,-0.151071,1.0,0.533088,0.06563,-0.156742,0.9999,0.538875,0.065838,-0.156336,0.9999,0.544541,0.066153,-0.156122,0.9998,0.52355,0.064664,-0.134876,0.9999,0.522051,0.064193,-0.135515,0.9999,0.520656,0.063724,-0.135079,0.9999,0.567352,0.075428,-0.119746,0.9998,0.534066,0.071042,-0.038251,0.9999,0.530055,0.09894,-0.137756,0.9999,0.518774,0.097303,-0.11209,1.0,0.624055,0.182355,-0.130432,0.9997,0.49674,0.170619,0.053957,0.9997,0.58581,0.282006,-0.201136,0.9814,0.43076,0.287827,-0.0213,0.8106,0.502048,0.207501,-0.238934,0.9884,0.489493,0.212738,-0.230577,0.9177,0.485341,0.180352,-0.246163,0.9784,0.495742,0.18638,-0.25904,0.8644,0.49562,0.170829,-0.252664,0.976,0.4998,0.178846,-0.233891,0.8416,0.502094,0.17746,-0.235864,0.9563,0.502042,0.187622,-0.227425,0.7946,0.56373,0.443894,-0.042051,0.9999,0.493589,0.423686,0.043019,0.9998,0.552848,0.647055,-0.036113,0.978,0.373678,0.470595,-0.106684,0.9795,0.539177,0.83687,0.044775,0.9892,0.492256,0.517743,0.080044,0.7071,0.548919,0.857845,0.047241,0.9149,0.512093,0.519742,0.095574,0.7529,0.485331,0.884192,-0.055196,0.9862,0.500982,0.583531,0.086844,0.8052
vrikshasana_tf_0032,vrikshasana,,TF,test,unlabelled,,Apache-2.0,data/datasets/yoga_poses/test/tree/guy3_tree116.jpg,True,300,300,True,0.9995,0.6607,178.995,42.307,71.596,1.874,11.034,33.285,170.466,113.549,99.778,150.065,42.307,178.995,1.874,71.596,99.778,150.065,113.549,170.466,27.044,68.184,170.466,178.995,71.596,68.184,7.732,7.732,14.273,2.882,15.38,20.659,-0.9909,-0.3598,1.2553,0.439,0.520966,0.082421,-0.153503,0.9999,0.535873,0.064509,-0.157887,0.9998,0.542502,0.064927,-0.157458,0.9998,0.54881,0.065203,-0.157287,0.9998,0.524033,0.06266,-0.13744,0.9999,0.521857,0.061988,-0.13808,0.9998,0.519787,0.061109,-0.137615,0.9998,0.570711,0.074135,-0.1165,0.9998,0.532373,0.068941,-0.039813,0.9999,0.532843,0.100207,-0.138706,0.9999,0.52017,0.0994,-0.114523,0.9999,0.620283,0.172794,-0.130063,0.9997,0.506678,0.178514,0.055756,0.9995,0.580717,0.265682,-0.192721,0.9845,0.430937,0.282094,-0.009791,0.8011,0.499236,0.193654,-0.214479,0.99,0.491841,0.204281,-0.206098,0.92,0.484155,0.163409,-0.221856,0.9808,0.500299,0.176073,-0.233271,0.8671,0.491297,0.155049,-0.228278,0.9784,0.503312,0.16917,-0.208959,0.8458,0.49717,0.163734,-0.211039,0.9614,0.506304,0.180024,-0.203065,0.8001,0.562914,0.441823,-0.043295,0.9998,0.494335,0.422959,0.044295,0.9997,0.553897,0.648068,-0.030839,0.9777,0.374343,0.468201,-0.099738,0.9739,0.542451,0.834746,0.043194,0.9891,0.489381,0.51386,0.080904,0.6607,0.552876,0.85952,0.045151,0.9001,0.507994,0.513953,0.096182,0.7047,0.481095,0.882388,-0.058632,0.9842,0.493697,0.585032,0.085381,0.7664
vrikshasana_tf_0033,vrikshasana,,TF,test,unlabelled,,Apache-2.0,data/datasets/yoga_poses/test/tree/guy3_tree117.jpg,True,300,300,True,0.9991,0.6291,179.746,41.493,75.125,5.496,21.151,36.593,170.292,112.729,89.754,111.874,41.493,179.746,5.496,75.125,89.754,111.874,112.729,170.292,65.714,77.215,170.292,179.746,75.125,77.215,8.003,8.003,13.481,1.153,14.62,20.318,-0.9903,-0.3966,1.2709,0.4674,0.524107,0.082098,-0.164314,0.9999,0.53974,0.066123,-0.165012,0.9997,0.546224,0.067022,-0.164547,0.9997,0.553108,0.067949,-0.164362,0.9997,0.52623,0.06363,-0.14642,0.9998,0.523703,0.062656,-0.147163,0.9997,0.521237,0.061584,-0.146689,0.9998,0.573902,0.078526,-0.114084,0.9997,0.533747,0.071074,-0.046729,0.9998,0.537331,0.102525,-0.147077,0.9999,0.522974,0.101935,-0.125588,0.9999,0.623735,0.181926,-0.132597,0.9996,0.504694,0.184322,0.049451,0.9991,0.570209,0.26074,-0.213079,0.9784,0.429687,0.276934,0.004245,0.7732,0.501377,0.181399,-0.25563,0.9871,0.486047,0.191808,-0.156605,0.8886,0.486236,0.148892,-0.268587,0.9772,0.489839,0.159734,-0.179423,0.8194,0.492165,0.13946,-0.272632,0.9746,0.495431,0.154248,-0.156412,0.7925,0.49928,0.15159,-0.253272,0.9542,0.497261,0.165249,-0.15348,0.7436,0.563003,0.444322,-0.041804,0.9998,0.494497,0.426452,0.04271,0.9995,0.55129,0.64603,-0.031114,0.9755,0.376153,0.470269,-0.109807,0.9709,0.541249,0.833292,0.042182,0.9895,0.488627,0.51384,0.083101,0.6291,0.551311,0.855922,0.044175,0.8946,0.507043,0.515969,0.099668,0.6732,0.484462,0.883317,-0.062214,0.985,0.493134,0.580634,0.087882,0.7508
vrikshasana_tf_0034,vrikshasana,,TF,test,unlabelled,,Apache-2.0,data/datasets/yoga_poses/test/tree/guy3_tree118.jpg,True,300,300,True,0.9986,0.5955,178.187,41.185,78.794,16.026,29.13,44.237,171.774,110.705,82.163,58.341,41.185,178.187,16.026,78.794,58.341,82.163,110.705,171.774,85.431,118.811,171.774,178.187,78.794,85.431,7.966,7.966,14.542,5.824,15.087,17.856,-0.9904,-0.4138,1.2695,0.4532,0.526599,0.084397,-0.15689,0.9999,0.54071,0.068829,-0.154821,0.9998,0.547314,0.069711,-0.154395,0.9998,0.554338,0.070709,-0.154206,0.9998,0.527658,0.067431,-0.137069,0.9997,0.525096,0.067272,-0.137844,0.9996,0.522554,0.067146,-0.137346,0.9997,0.576065,0.083471,-0.10035,0.9994,0.533561,0.078199,-0.036838,0.9995,0.540804,0.106916,-0.139656,0.9998,0.525432,0.10715,-0.11929,0.9997,0.623731,0.18242,-0.120416,0.9996,0.510648,0.193954,0.054756,0.9986,0.565979,0.247614,-0.232538,0.978,0.427008,0.271715,0.049845,0.8163,0.503839,0.165917,-0.310879,0.9909,0.48381,0.177405,-0.063409,0.9058,0.49088,0.134588,-0.330833,0.9846,0.486212,0.145803,-0.079393,0.8371,0.497252,0.126643,-0.332027,0.9824,0.491532,0.141986,-0.060848,0.8141,0.502941,0.136264,-0.309256,0.9665,0.493813,0.152563,-0.06118,0.7734,0.565833,0.445613,-0.040952,0.9997,0.499022,0.427603,0.042018,0.9992,0.551547,0.641068,-0.024586,0.9745,0.379287,0.466175,-0.117462,0.9701,0.543769,0.829235,0.009681,0.9913,0.492412,0.514962,0.061816,0.5955,0.552381,0.853597,0.008028,0.8764,0.513447,0.515331,0.077094,0.6136,0.48469,0.884097,-0.109988,0.9865,0.505148,0.581064,0.060589,0.7369
vrikshasana_tf_0035,vrikshasana,,TF,test,unlabelled,,Apache-2.0,data/datasets/yoga_poses/test/tree/guy3_tree119.jpg,True,300,300,True,0.9986,0.5688,179.621,43.09,82.29,29.152,31.796,54.303,172.306,112.777,79.328,52.191,43.09,179.621,29.152,82.29,52.191,79.328,112.777,172.306,89.286,124.082,172.306,179.621,82.29,89.286,7.847,7.847,16.075,7.886,17.165,19.05,-0.9906,-0.3835,1.2394,0.4062,0.530947,0.086316,-0.147894,0.9999,0.544011,0.069576,-0.147726,0.9998,0.549946,0.06981,-0.147239,0.9998,0.55639,0.070347,-0.147028,0.9998,0.530637,0.069364,-0.128896,0.9998,0.527815,0.069298,-0.129674,0.9997,0.524947,0.069258,-0.12921,0.9998,0.577202,0.081756,-0.100101,0.9995,0.534429,0.078204,-0.032395,0.9996,0.545128,0.10661,-0.133181,0.9998,0.529197,0.10785,-0.111804,0.9997,0.62241,0.177338,-0.123447,0.9995,0.519439,0.191602,0.064732,0.9986,0.56833,0.234964,-0.236804,0.981,0.42213,0.252335,0.110001,0.8754,0.503229,0.154878,-0.308775,0.9883,0.474751,0.156927,0.059105,0.8989,0.492063,0.124149,-0.329579,0.9805,0.478578,0.126977,0.051766,0.8134,0.499127,0.117833,-0.33254,0.9776,0.48821,0.125067,0.06758,0.7922,0.504299,0.127434,-0.30842,0.9584,0.490506,0.137155,0.061619,0.766,0.567927,0.447891,-0.05008,0.9997,0.504029,0.428154,0.051129,0.9987,0.55506,0.647324,-0.041189,0.9692,0.382226,0.470213,-0.061652,0.9587,0.544297,0.833277,-0.028695,0.9918,0.493971,0.520059,0.09838,0.5688,0.557313,0.859696,-0.032303,0.8961,0.514605,0.521512,0.112288,0.6252,0.483631,0.891016,-0.14533,0.9875,0.505333,0.584305,0.106081,0.7066
vrikshasana_tf_0036,vrikshasana,,TF,test,unlabelled,,Apache-2.0,data/datasets/yoga_poses/test/tree/guy3_tree120.jpg,True,300,300,True,0.9989,0.5474,177.236,42.734,99.633,39.622,44.131,62.547,173.885,114.706,73.692,46.895,42.734,177.236,39.622,99.633,46.895,73.692,114.706,173.885,95.149,128.944,173.885,177.236,99.633,95.149,7.893,7.893,16.371,6.689,15.038,20.544,-0.9905,-0.3865,1.2397,0.3985,0.529551,0.086894,-0.138227,0.9999,0.542723,0.072052,-0.140806,0.9998,0.548633,0.072268,-0.140315,0.9998,0.554372,0.072541,-0.140088,0.9999,0.531391,0.071987,-0.119565,0.9998,0.529368,0.071938,-0.120327,0.9997,0.527289,0.071871,-0.11987,0.9998,0.577065,0.083182,-0.103532,0.9995,0.541057,0.079399,-0.024712,0.9997,0.543176,0.10769,-0.126912,0.9998,0.528747,0.107957,-0.102359,0.9997,0.624604,0.1789,-0.128732,0.9994,0.524373,0.190656,0.061331,0.9989,0.572072,0.215289,-0.244251,0.987,0.426514,0.232785,0.085259,0.9051,0.501231,0.142806,-0.292759,0.9886,0.472763,0.142351,0.0189,0.9133,0.491931,0.109664,-0.3107,0.9786,0.477411,0.104871,0.007361,0.8261,0.498106,0.104212,-0.311746,0.9751,0.486775,0.10411,0.026562,0.8048,0.502316,0.11417,-0.291239,0.955,0.488547,0.117866,0.021556,0.7831,0.572243,0.444359,-0.048256,0.9998,0.507186,0.426881,0.049283,0.9993,0.554439,0.646102,-0.03904,0.966,0.388755,0.471264,-0.093356,0.954,0.547293,0.825681,-0.003781,0.99,0.497664,0.515686,0.068815,0.5474,0.563978,0.854381,-0.004764,0.8925,0.51574,0.515417,0.083346,0.622,0.488957,0.885997,-0.114457,0.9853,0.512186,0.581598,0.075193,0.6998
vrikshasana_tf_0037,vrikshasana,,TF,test,unlabelled,,Apache-2.0,data/datasets/yoga_poses/test/tree/guy3_tree121.jpg,True,300,300,True,0.9974,0.5172,178.271,42.402,113.44,46.573,61.003,68.328,172.227,108.458,66.639,35.813,42.402,178.271,46.573,113.44,35.813,66.639,108.458,172.227,101.342,141.309,172.227,178.271,113.44,101.342,7.799,7.799,17.198,8.913,14.444,15.58,-0.9908,-0.3555,1.2417,0.4319,0.532194,0.100647,-0.128858,0.9998,0.54403,0.083423,-0.129568,0.9997,0.550147,0.083151,-0.129,0.9997,0.556384,0.083357,-0.128789,0.9998,0.532663,0.085136,-0.110327,0.9996,0.530574,0.085759,-0.111088,0.9994,0.528331,0.086249,-0.110619,0.9996,0.576261,0.094951,-0.087931,0.9991,0.538583,0.095746,-0.017771,0.9994,0.546628,0.119609,-0.115744,0.9995,0.530091,0.120461,-0.094347,0.9993,0.627508,0.182527,-0.118372,0.999,0.519014,0.199542,0.073876,0.9974,0.563283,0.202135,-0.211722,0.9855,0.421864,0.232603,0.159883,0.9267,0.499497,0.127235,-0.235084,0.9816,0.468882,0.130066,0.18466,0.916,0.490591,0.099751,-0.251504,0.9668,0.47942,0.096019,0.18467,0.818,0.495209,0.091849,-0.256147,0.9613,0.484914,0.093666,0.201189,0.7977,0.498884,0.103862,-0.234797,0.9362,0.483814,0.108472,0.187898,0.7827,0.570325,0.451099,-0.058286,0.9996,0.507187,0.434836,0.05933,0.9981,0.555456,0.651332,-0.060863,0.9696,0.390544,0.46736,-0.022828,0.9386,0.547419,0.834099,-0.073763,0.9926,0.498828,0.52211,0.14039,0.5172,0.563333,0.858426,-0.079477,0.9218,0.520668,0.520402,0.155164,0.6281,0.487155,0.889527,-0.186502,0.9886,0.508995,0.583015,0.164363,0.6803
vrikshasana_tf_0038,vrikshasana,,TF,test,unlabelled,,Apache-2.0,data/datasets/yoga_poses/test/tree/guy3_tree122.jpg,True,300,300,True,0.9983,0.5885,177.185,43.847,117.684,46.97,67.529,69.844,173.681,110.191,64.584,36.518,43.847,177.185,46.97,117.684,36.518,64.584,110.191,173.681,104.121,140.592,173.681,177.185,117.684,104.121,7.4,7.4,14.997,8.019,16.31,17.3,-0.9917,-0.3235,1.1801,0.4069,0.535075,0.102215,-0.151832,0.9999,0.549004,0.08453,-0.148336,0.9999,0.555813,0.08361,-0.147705,0.9999,0.562429,0.083244,-0.1476,0.9999,0.53741,0.08736,-0.130966,0.9999,0.53551,0.088066,-0.1317,0.9998,0.533607,0.088707,-0.131246,0.9999,0.583169,0.09441,-0.089833,0.9997,0.546112,0.093733,-0.029465,0.9998,0.54853,0.118706,-0.13303,0.9998,0.533655,0.120303,-0.114472,0.9998,0.629271,0.178882,-0.12437,0.9993,0.524599,0.193629,0.063525,0.9983,0.562263,0.19212,-0.233255,0.9902,0.427694,0.223747,0.138919,0.9404,0.503408,0.119074,-0.274891,0.9904,0.474735,0.126285,0.149522,0.9383,0.493379,0.087009,-0.295345,0.9818,0.483357,0.087888,0.146207,0.8638,0.500505,0.080323,-0.300736,0.9793,0.48913,0.084285,0.161979,0.848,0.504574,0.092875,-0.27592,0.9637,0.4897,0.101235,0.152339,0.8323,0.574525,0.452978,-0.056767,0.9998,0.512421,0.434806,0.057709,0.9992,0.557523,0.648244,-0.056202,0.9753,0.394859,0.471423,-0.04936,0.9598,0.550804,0.826231,-0.033359,0.9918,0.499893,0.523897,0.109041,0.5885,0.565274,0.853925,-0.035955,0.9285,0.52058,0.526804,0.122748,0.6865,0.491632,0.882796,-0.136406,0.988,0.500048,0.584823,0.12326,0.7287
vrikshasana_tf_0039,vrikshasana,,TF,test,unlabelled,,Apache-2.0,data/datasets/yoga_poses/test/tree/guy3_tree123.jpg,True,300,300,True,0.9988,0.5631,179.249,40.457,132.367,55.995,80.895,78.625,171.866,111.739,59.06,31.863,40.457,179.249,55.995,132.367,31.863,59.06,111.739,171.866,109.998,145.113,171.866,179.249,132.367,109.998,7.324,7.324,13.562,11.604,16.332,18.715,-0.9918,-0.3429,1.2729,0.4096,0.540983,0.100087,-0.167198,0.9999,0.553631,0.084277,-0.16157,0.9999,0.560424,0.084057,-0.160974,0.9999,0.567026,0.084193,-0.160849,0.9999,0.541737,0.084431,-0.145398,0.9999,0.539135,0.0844,-0.146163,0.9999,0.536504,0.08439,-0.145733,0.9999,0.585885,0.094598,-0.093031,0.9998,0.544217,0.091639,-0.038039,0.9999,0.553642,0.116749,-0.14472,0.9999,0.537225,0.115512,-0.127727,0.9998,0.626169,0.176572,-0.122245,0.9994,0.524461,0.197457,0.050291,0.9988,0.564936,0.174607,-0.226752,0.9921,0.42529,0.212015,0.111844,0.9631,0.504008,0.103343,-0.261502,0.9913,0.472461,0.113796,0.119993,0.9545,0.496078,0.070601,-0.2833,0.982,0.483173,0.082791,0.114441,0.8878,0.501513,0.066973,-0.287445,0.9794,0.490938,0.080701,0.131342,0.8725,0.505135,0.081294,-0.262096,0.9652,0.488637,0.096131,0.123115,0.8589,0.57379,0.447481,-0.04907,0.9998,0.512206,0.429435,0.049794,0.9994,0.564025,0.646526,-0.032298,0.9767,0.395367,0.469017,-0.044741,0.964,0.552614,0.829996,-0.019569,0.9927,0.501575,0.511372,0.127559,0.5631,0.565749,0.855247,-0.02344,0.9284,0.519634,0.517627,0.142746,0.6301,0.489556,0.879654,-0.129479,0.989,0.496644,0.57554,0.141408,0.706
vrikshasana_tf_0040,vrikshasana,,TF,test,unlabelled,,Apache-2.0,data/datasets/yoga_poses/test/tree/guy3_tree124.jpg,True,300,300,True,0.9991,0.6497,178.698,45.491,132.787,56.991,84.455,79.187,171.487,114.366,55.058,37.606,45.491,178.698,56.991,132.787,37.606,55.058,114.366,171.487,113.692,139.039,171.487,178.698,132.787,113.692,7.595,7.595,17.542,9.311,15.931,21.011,-0.9912,-0.2983,1.2372,0.3916,0.537149,0.107046,-0.140246,1.0,0.547631,0.090698,-0.142113,0.9999,0.552714,0.0899,-0.141487,0.9999,0.558077,0.089508,-0.141407,0.9999,0.539724,0.092016,-0.120583,0.9999,0.538604,0.092088,-0.121292,0.9999,0.53723,0.092057,-0.120871,0.9999,0.580447,0.097724,-0.101568,0.9999,0.548118,0.097073,-0.023468,0.9999,0.547777,0.122083,-0.126934,0.9999,0.536905,0.120773,-0.103421,0.9999,0.628752,0.175217,-0.131485,0.9996,0.529948,0.191417,0.060537,0.9991,0.566495,0.168998,-0.258325,0.9935,0.425716,0.205061,0.146023,0.9611,0.506785,0.089999,-0.304496,0.9945,0.469658,0.113145,0.172201,0.9611,0.498501,0.05765,-0.322279,0.9887,0.485417,0.076478,0.171036,0.9006,0.50336,0.055694,-0.328977,0.9867,0.490177,0.074282,0.190748,0.8861,0.506797,0.066972,-0.305881,0.9753,0.487407,0.093337,0.176943,0.8743,0.575054,0.445191,-0.051285,0.9999,0.516057,0.428351,0.052152,0.9997,0.565626,0.642463,-0.047378,0.9813,0.39899,0.473313,-0.051397,0.9758,0.552128,0.833643,-0.051128,0.9941,0.503738,0.521006,0.124382,0.6497,0.564639,0.86156,-0.057115,0.9465,0.523258,0.522405,0.139805,0.7075,0.490148,0.879515,-0.165059,0.9911,0.500266,0.578756,0.137728,0.7791
vrikshasana_tf_0041,vrikshasana,,TF,test,unlabelled,,Apache-2.0,data/datasets/yoga_poses/test/tree/guy3_tree125.jpg,True,300,300,True,0.9991,0.5235,178.222,44.729,131.346,65.138,84.262,88.693,170.63,115.978,52.63,28.19,44.729,178.222,65.138,131.346,28.19,52.63,115.978,170.63,115.696,148.039,170.63,178.222,131.346,115.696,8.047,8.047,16.774,11.16,16.456,22.208,-0.9902,-0.3145,1.2389,0.3951,0.539503,0.102513,-0.124061,1.0,0.551055,0.086888,-0.128918,0.9999,0.556403,0.086348,-0.128308,0.9999,0.561898,0.086041,-0.128226,0.9999,0.542295,0.088056,-0.106188,0.9999,0.54092,0.088285,-0.107001,0.9999,0.539436,0.088436,-0.106728,0.9999,0.583511,0.094965,-0.09915,0.9999,0.551837,0.095081,-0.016511,0.9999,0.550729,0.119337,-0.113889,0.9999,0.538507,0.118127,-0.089343,0.9999,0.631009,0.173486,-0.131522,0.9996,0.531444,0.193128,0.064939,0.9991,0.571655,0.167315,-0.247678,0.9933,0.426236,0.188603,0.173328,0.9425,0.51074,0.081633,-0.292231,0.9931,0.476686,0.090962,0.224952,0.9415,0.501441,0.047008,-0.311854,0.9867,0.48582,0.056518,0.228286,0.8725,0.508392,0.045594,-0.320516,0.9848,0.491992,0.053245,0.243912,0.8593,0.514219,0.057515,-0.294835,0.9717,0.492594,0.068284,0.229158,0.8469,0.574636,0.446335,-0.057027,0.9999,0.515902,0.428987,0.05777,0.9996,0.566596,0.646192,-0.039488,0.9798,0.400483,0.476107,-0.032905,0.967,0.553158,0.834538,-0.037604,0.9937,0.505874,0.519807,0.153362,0.5235,0.565723,0.859542,-0.042953,0.9408,0.522942,0.520275,0.169567,0.637,0.489388,0.87943,-0.14779,0.9894,0.500234,0.581364,0.175761,0.6806
vrikshasana_tf_0042,vrikshasana,,TF,test,unlabelled,,Apache-2.0,data/datasets/yoga_poses/test/tree/guy3_tree126.jpg,True,300,300,True,0.9985,0.6132,179.696,43.29,140.187,67.812,92.827,91.365,171.784,116.019,52.146,27.539,43.29,179.696,67.812,140.187,27.539,52.146,116.019,171.784,116.262,148.207,171.784,179.696,140.187,116.262,8.28,8.28,18.029,15.987,17.496,21.765,-0.9896,-0.2956,1.2188,0.386,0.542253,0.108049,-0.124632,0.9998,0.55337,0.092016,-0.130419,0.9998,0.557801,0.091192,-0.129923,0.9998,0.562513,0.090331,-0.12967,0.9999,0.546141,0.092942,-0.107558,0.9997,0.545283,0.092942,-0.108266,0.9996,0.544323,0.092878,-0.10802,0.9997,0.582925,0.096778,-0.108253,0.9995,0.555693,0.099966,-0.021829,0.9997,0.552949,0.126303,-0.117182,0.9997,0.541906,0.126401,-0.091353,0.9995,0.632602,0.171268,-0.145318,0.9995,0.535828,0.198993,0.046716,0.9985,0.564246,0.153693,-0.241725,0.9893,0.425928,0.18818,0.117649,0.9558,0.50606,0.07292,-0.249668,0.983,0.478355,0.088773,0.137471,0.9438,0.496512,0.04198,-0.266245,0.9676,0.490832,0.056566,0.133549,0.8682,0.502719,0.038684,-0.272623,0.9621,0.497972,0.054822,0.148991,0.8542,0.506346,0.050973,-0.250318,0.939,0.49508,0.066457,0.139972,0.8406,0.57499,0.452112,-0.05833,0.9998,0.518329,0.434251,0.059192,0.9993,0.563409,0.648375,-0.035244,0.9829,0.406137,0.479045,0.005453,0.9624,0.553488,0.833191,-0.018585,0.9954,0.506943,0.518805,0.195524,0.6132,0.566228,0.861287,-0.021782,0.9358,0.528391,0.519117,0.212563,0.6544,0.490144,0.882935,-0.125635,0.9919,0.507914,0.585749,0.221966,0.7616
vrikshasana_tf_0043,vrikshasana,,TF,test,unlabelled,,Apache-2.0,data/datasets/yoga_poses/test/tree/guy3_tree127.jpg,True,300,300,True,0.9972,0.5694,179.324,44.076,133.298,79.448,88.979,92.695,171.8,117.799,50.988,27.492,44.076,179.324,79.448,133.298,27.492,50.988,117.799,171.8,117.323,147.075,171.8,179.324,133.298,117.323,8.888,8.888,19.053,19.014,16.671,22.366,-0.988,-0.293,1.1912,0.3811,0.548224,0.105054,-0.143881,0.9999,0.558579,0.088056,-0.14441,0.9999,0.563276,0.087518,-0.143845,0.9999,0.568266,0.08702,-0.143712,0.9999,0.550343,0.089209,-0.125338,0.9998,0.548989,0.089561,-0.126062,0.9997,0.547785,0.089905,-0.125832,0.9998,0.588786,0.095647,-0.10218,0.9997,0.560274,0.099298,-0.032775,0.9997,0.560113,0.124029,-0.129214,0.9997,0.547824,0.124555,-0.108531,0.9995,0.636861,0.165569,-0.140853,0.9994,0.54245,0.198104,0.049644,0.9972,0.567278,0.152461,-0.230363,0.9885,0.442339,0.183807,0.131258,0.8881,0.509726,0.062574,-0.238331,0.981,0.478834,0.075859,0.157135,0.8738,0.501029,0.028153,-0.257793,0.9648,0.48798,0.042726,0.153648,0.7715,0.50848,0.024398,-0.261623,0.9599,0.495489,0.040036,0.163375,0.7532,0.511197,0.036653,-0.238833,0.9386,0.492202,0.05386,0.157335,0.7437,0.578135,0.44942,-0.056706,0.9998,0.520198,0.43207,0.057639,0.999,0.56596,0.649097,-0.035253,0.9799,0.406288,0.478942,0.015181,0.9486,0.557177,0.827867,-0.007896,0.9945,0.508298,0.519557,0.195846,0.5694,0.570781,0.855616,-0.009396,0.935,0.529885,0.516209,0.212336,0.626,0.493239,0.882064,-0.108192,0.9898,0.509955,0.58268,0.222848,0.7068
vrikshasana_tf_0044,vrikshasana,,TF,test,unlabelled,,Apache-2.0,data/datasets/yoga_poses/test/tree/guy3_tree128.jpg,True,300,300,True,0.9968,0.496,176.43,42.777,145.055,85.084,99.427,100.413,174.234,118.424,48.666,27.263,42.777,176.43,85.084,145.055,27.263,48.666,118.424,174.234,120.258,148.173,174.234,176.43,145.055,120.258,8.138,8.138,19.203,15.768,19.325,23.859,-0.9899,-0.2694,1.1818,0.3723,0.549755,0.110595,-0.127399,0.9998,0.55956,0.092712,-0.131128,0.9998,0.563734,0.092137,-0.130613,0.9998,0.56834,0.091587,-0.13042,0.9998,0.552853,0.093962,-0.110927,0.9997,0.551915,0.094308,-0.111711,0.9995,0.551085,0.094572,-0.111479,0.9996,0.588907,0.100439,-0.103301,0.9995,0.56287,0.103475,-0.028558,0.9996,0.560087,0.126817,-0.117572,0.9996,0.550299,0.127588,-0.095377,0.9993,0.639035,0.168595,-0.146385,0.9991,0.54405,0.195417,0.047947,0.9968,0.573527,0.144099,-0.234212,0.99,0.444605,0.168812,0.137319,0.9163,0.515679,0.060095,-0.231274,0.9762,0.479974,0.071073,0.180762,0.8728,0.508199,0.027909,-0.247806,0.9554,0.491567,0.035726,0.180154,0.7564,0.51593,0.025568,-0.250691,0.9486,0.499635,0.032681,0.190704,0.7363,0.520286,0.037665,-0.231317,0.9259,0.498725,0.043979,0.181704,0.7364,0.583046,0.454623,-0.062744,0.9997,0.524981,0.43426,0.063706,0.9979,0.564876,0.650143,-0.051191,0.9793,0.40853,0.485765,0.043783,0.9096,0.559415,0.830033,-0.033914,0.9942,0.510237,0.520623,0.215754,0.496,0.574708,0.853403,-0.035957,0.9375,0.5461,0.537243,0.231102,0.5682,0.49674,0.883389,-0.128671,0.9845,0.519808,0.583965,0.249174,0.652
vrikshasana_tf_0045,vrikshasana,,TF,test,unlabelled,,Apache-2.0,data/datasets/yoga_poses/test/tree/guy3_tree129.jpg,True,300,300,True,0.9969,0.5737,178.542,44.217,161.495,100.012,118.385,105.399,172.848,119.626,40.589,33.229,44.217,178.542,100.012,161.495,33.229,40.589,119.626,172.848,128.173,140.679,172.848,178.542,161.495,128.173,8.857,8.857,16.942,10.574,17.681,23.534,-0.9881,-0.2837,1.216,0.3407,0.554459,0.113935,-0.117358,0.9998,0.563983,0.098448,-0.122866,0.9997,0.567735,0.098515,-0.122328,0.9997,0.571987,0.098542,-0.122124,0.9997,0.558399,0.098544,-0.100636,0.9997,0.557839,0.098738,-0.101344,0.9996,0.557126,0.09888,-0.101186,0.9997,0.592079,0.107728,-0.103907,0.9995,0.571075,0.108997,-0.020606,0.9997,0.562295,0.129236,-0.110443,0.9995,0.554115,0.129506,-0.086094,0.9994,0.636486,0.179677,-0.152604,0.9986,0.549242,0.195963,0.056399,0.9969,0.568574,0.123447,-0.22708,0.9874,0.452396,0.157832,0.15114,0.8884,0.516362,0.039471,-0.208323,0.9637,0.469402,0.074088,0.1943,0.8557,0.510431,0.014488,-0.225475,0.9389,0.477039,0.05034,0.191253,0.7427,0.516028,0.013901,-0.231416,0.9305,0.483436,0.045109,0.202723,0.7238,0.516654,0.026727,-0.209876,0.9056,0.482988,0.052072,0.19494,0.7226,0.581883,0.45447,-0.062989,0.9998,0.523636,0.435902,0.0639,0.999,0.567923,0.649853,-0.051597,0.9818,0.414342,0.483502,0.058625,0.9212,0.559554,0.832104,-0.034012,0.995,0.509346,0.519368,0.23785,0.5737,0.572582,0.85733,-0.036154,0.9449,0.528118,0.520475,0.253453,0.6311,0.498351,0.884702,-0.13077,0.9862,0.518319,0.584896,0.267644,0.716
vrikshasana_tf_0046,vrikshasana,,TF,test,unlabelled,,Apache-2.0,data/datasets/yoga_poses/test/tree/guy3_tree130.jpg,True,300,300,True,0.9983,0.605,179.587,49.17,158.647,96.083,122.287,110.569,172.653,121.333,36.091,25.234,49.17,179.587,96.083,158.647,25.234,36.091,121.333,172.653,133.262,149.036,172.653,179.587,158.647,133.262,8.352,8.352,18.106,8.672,17.756,25.603,-0.9894,-0.2638,1.1991,0.3272,0.550734,0.115312,-0.094619,0.9998,0.56054,0.099228,-0.106088,0.9998,0.563512,0.099211,-0.105583,0.9997,0.566717,0.099187,-0.105289,0.9997,0.555744,0.099046,-0.080342,0.9998,0.555306,0.099012,-0.08115,0.9996,0.554774,0.098889,-0.081003,0.9998,0.587347,0.106575,-0.106498,0.9996,0.568592,0.106554,-0.008188,0.9998,0.557527,0.128548,-0.093882,0.9995,0.55029,0.128296,-0.065257,0.9994,0.633492,0.177707,-0.147218,0.9983,0.549118,0.190576,0.063067,0.9983,0.56657,0.115447,-0.216452,0.9803,0.45062,0.141897,0.177408,0.8666,0.524655,0.028407,-0.19775,0.9099,0.483762,0.0519,0.23848,0.8089,0.522967,0.002378,-0.211592,0.872,0.496135,0.028976,0.2354,0.6849,0.526794,0.004901,-0.219932,0.8565,0.502146,0.028729,0.24765,0.6647,0.527027,0.017979,-0.200601,0.8198,0.499268,0.040426,0.239862,0.6651,0.582041,0.451411,-0.064697,0.9998,0.524785,0.433077,0.065509,0.999,0.570281,0.65542,-0.067107,0.982,0.418587,0.483965,0.088064,0.909,0.561224,0.835059,-0.069253,0.9953,0.514406,0.525762,0.276945,0.605,0.573668,0.862184,-0.073057,0.9562,0.532535,0.527299,0.293417,0.6567,0.497254,0.887446,-0.164071,0.9895,0.519829,0.594518,0.311419,0.7361
vrikshasana_tf_0047,vrikshasana,,TF,test,unlabelled,,Apache-2.0,data/datasets/yoga_poses/test/tree/guy3_tree131.jpg,True,300,300,True,0.9962,0.551,178.448,47.687,165.102,112.821,132.545,115.076,173.381,123.938,30.683,25.637,47.687,178.448,112.821,165.102,25.637,30.683,123.938,173.381,139.136,145.965,173.381,178.448,165.102,139.136,9.344,9.344,21.339,10.774,18.515,25.54,-0.9867,-0.2475,1.1871,0.2553,0.550129,0.124652,-0.065844,0.9997,0.560281,0.109067,-0.084988,0.9997,0.563767,0.108861,-0.08453,0.9997,0.566365,0.108826,-0.084164,0.9997,0.557833,0.109145,-0.054823,0.9997,0.558256,0.109072,-0.055588,0.9995,0.559565,0.108978,-0.055349,0.9997,0.5874,0.117197,-0.114995,0.9997,0.574728,0.115291,0.003669,0.9997,0.557356,0.136039,-0.074178,0.9995,0.551973,0.136233,-0.039771,0.9992,0.629306,0.183022,-0.167097,0.9992,0.563847,0.195479,0.079922,0.9962,0.563485,0.096538,-0.233651,0.9883,0.474387,0.136324,0.205913,0.551,0.530614,0.016693,-0.203678,0.9322,0.491583,0.044904,0.241651,0.6062,0.526246,-0.007404,-0.214676,0.9029,0.493776,0.024198,0.23312,0.526,0.530101,-0.004718,-0.223767,0.8938,0.503652,0.018479,0.238051,0.5131,0.530807,0.004223,-0.20608,0.88,0.505114,0.026184,0.238853,0.5288,0.580365,0.455547,-0.077381,0.9998,0.528039,0.438024,0.078317,0.9984,0.568186,0.65124,-0.087873,0.989,0.420544,0.489388,0.168924,0.7909,0.561765,0.834283,-0.088096,0.9962,0.515284,0.527949,0.355453,0.6153,0.575969,0.860389,-0.090416,0.9704,0.539143,0.528993,0.370821,0.6959,0.493459,0.8869,-0.17292,0.9867,0.519511,0.592791,0.395464,0.7626
vrikshasana_tf_0048,vrikshasana,,TF,test,unlabelled,,Apache-2.0,data/datasets/yoga_poses/test/tree/guy3_tree132.jpg,True,300,300,True,0.9965,0.5925,178.022,50.379,175.598,120.584,140.744,125.774,173.955,125.389,27.09,17.878,50.379,178.022,120.584,175.598,17.878,27.09,125.389,173.955,142.877,154.368,173.955,178.022,175.598,142.877,8.967,8.967,21.579,10.555,18.293,27.634,-0.9878,-0.2513,1.1975,0.2764,0.550377,0.126906,-0.083927,0.9995,0.55966,0.112873,-0.098416,0.9997,0.563356,0.112596,-0.097966,0.9997,0.566964,0.112401,-0.097677,0.9997,0.554448,0.113008,-0.069503,0.9996,0.554085,0.112869,-0.070296,0.9993,0.553753,0.112662,-0.070094,0.9995,0.588205,0.11855,-0.114051,0.9995,0.570157,0.118244,-0.000844,0.9995,0.559232,0.139439,-0.087935,0.9994,0.55151,0.139496,-0.054999,0.9989,0.630662,0.185232,-0.167269,0.9992,0.560532,0.198299,0.069674,0.9965,0.578344,0.09171,-0.251945,0.9906,0.479339,0.121172,0.177611,0.6467,0.536056,0.00028,-0.242646,0.9461,0.502771,0.019228,0.189352,0.6769,0.532809,-0.023854,-0.25942,0.9199,0.507313,0.000554,0.176729,0.5904,0.535785,-0.022222,-0.264075,0.9094,0.516187,-0.008027,0.182414,0.5734,0.535941,-0.012217,-0.244549,0.8897,0.515027,0.005138,0.185888,0.5864,0.582801,0.455757,-0.073908,0.9998,0.527941,0.437621,0.074732,0.9984,0.568933,0.654688,-0.071948,0.9827,0.423713,0.492189,0.142768,0.8178,0.562571,0.835951,-0.056844,0.9953,0.515213,0.530549,0.33505,0.5925,0.575869,0.859029,-0.058754,0.9625,0.538985,0.529291,0.350633,0.6944,0.492004,0.890563,-0.151378,0.9891,0.520399,0.592451,0.366528,0.7245
vrikshasana_tf_0049,vrikshasana,,TF,test,unlabelled,,Apache-2.0,data/datasets/yoga_poses/test/tree/guy3_tree133.jpg,True,300,300,True,0.9941,0.4058,176.865,47.813,172.439,134.265,141.395,132.686,173.744,124.475,25.097,19.596,47.813,176.865,134.265,172.439,19.596,25.097,124.475,173.744,144.991,152.466,173.744,176.865,172.439,144.991,8.986,8.986,19.741,11.883,18.327,26.537,-0.9877,-0.2756,1.1665,0.253,0.55193,0.119857,-0.080958,0.9995,0.562803,0.106144,-0.099613,0.9996,0.566205,0.106347,-0.099137,0.9996,0.569744,0.106419,-0.098916,0.9996,0.557974,0.10549,-0.068281,0.9995,0.558035,0.105469,-0.069074,0.9991,0.558021,0.105309,-0.068798,0.9994,0.589585,0.112848,-0.128467,0.9994,0.573485,0.112186,-0.005139,0.9994,0.559417,0.134427,-0.089691,0.9993,0.552987,0.133411,-0.053583,0.9985,0.62878,0.184821,-0.183881,0.9991,0.564335,0.198381,0.071916,0.9941,0.577728,0.09155,-0.286923,0.9912,0.494545,0.113345,0.203932,0.4058,0.542943,0.001557,-0.301754,0.9495,0.503967,0.028809,0.22827,0.5282,0.538407,-0.028238,-0.320126,0.9249,0.501946,0.011151,0.218587,0.4813,0.541353,-0.0276,-0.3253,0.9169,0.513082,-0.000926,0.220304,0.4698,0.542287,-0.010812,-0.304649,0.8958,0.516495,0.016943,0.223969,0.4843,0.581209,0.457065,-0.079189,0.9998,0.530602,0.440301,0.080028,0.9981,0.568565,0.654963,-0.060486,0.9861,0.424233,0.493422,0.150336,0.8478,0.566975,0.829832,-0.041807,0.9967,0.518487,0.530124,0.347722,0.6462,0.581545,0.85346,-0.043901,0.9715,0.53939,0.530292,0.363577,0.7273,0.502317,0.888907,-0.129032,0.9914,0.521295,0.594453,0.385484,0.7713
vrikshasana_tf_0050,vrikshasana,,TF,test,unlabelled,,Apache-2.0,data/datasets/yoga_poses/test/tree/guy3_tree134.jpg,True,300,300,True,0.9956,0.4999,177.029,48.893,174.47,138.783,146.128,135.17,174.295,124.054,21.367,17.536,48.893,177.029,138.783,174.47,17.536,21.367,124.054,174.295,148.724,154.326,174.295,177.029,174.47,148.724,9.072,9.072,22.419,7.927,20.328,25.916,-0.9875,-0.2574,1.1452,0.2397,0.551979,0.128116,-0.07713,0.9997,0.561521,0.114287,-0.096306,0.9997,0.564645,0.114261,-0.095865,0.9997,0.568385,0.114259,-0.095583,0.9997,0.558275,0.113744,-0.065385,0.9997,0.558778,0.113469,-0.066154,0.9996,0.559326,0.11316,-0.065852,0.9997,0.590066,0.120181,-0.126628,0.9996,0.574032,0.120011,-0.005637,0.9997,0.559584,0.141355,-0.085624,0.9995,0.554847,0.140783,-0.050176,0.9993,0.631062,0.191234,-0.183796,0.9993,0.568847,0.199897,0.070581,0.9956,0.585049,0.087708,-0.275585,0.9938,0.500691,0.108431,0.18583,0.4999,0.553363,-0.007362,-0.275552,0.9647,0.508553,0.009084,0.184006,0.6033,0.551438,-0.03578,-0.29311,0.947,0.501591,-0.013638,0.169663,0.5517,0.554115,-0.033319,-0.298437,0.9404,0.515868,-0.018757,0.170192,0.5407,0.553813,-0.01478,-0.277678,0.9282,0.516642,-0.012268,0.177785,0.5612,0.583487,0.463582,-0.082561,0.9998,0.533773,0.445165,0.083469,0.998,0.569129,0.658951,-0.075926,0.9902,0.427593,0.49676,0.174186,0.8091,0.565371,0.833629,-0.067167,0.9966,0.52174,0.536679,0.377224,0.5996,0.579942,0.855798,-0.069946,0.9751,0.540513,0.536889,0.393246,0.7185,0.501652,0.890131,-0.153211,0.9888,0.522658,0.601112,0.42087,0.7389
vrikshasana_tf_0051,vrikshasana,,TF,test,unlabelled,,Apache-2.0,data/datasets/yoga_poses/test/tree/guy3_tree135.jpg,True,300,300,True,0.9946,0.5377,176.369,47.897,178.637,139.609,149.916,139.672,174.287,123.682,19.502,13.579,47.897,176.369,139.609,178.637,13.579,19.502,123.682,174.287,150.566,158.43,174.287,176.369,178.637,150.566,9.013,9.013,21.552,3.152,23.816,25.692,-0.9877,-0.26,1.1617,0.2477,0.553258,0.132239,-0.089727,0.9996,0.562524,0.118175,-0.107214,0.9996,0.565546,0.118313,-0.106756,0.9996,0.56821,0.118532,-0.1065,0.9996,0.560254,0.117421,-0.07755,0.9996,0.560866,0.117131,-0.078324,0.9993,0.561384,0.116861,-0.077992,0.9995,0.587505,0.126124,-0.136043,0.9996,0.575118,0.124611,-0.017938,0.9996,0.560615,0.145929,-0.098252,0.9993,0.556079,0.145225,-0.0636,0.999,0.629905,0.197899,-0.195486,0.9992,0.565767,0.20143,0.056901,0.9946,0.590377,0.090189,-0.286332,0.9949,0.504781,0.105099,0.170811,0.5377,0.556741,-0.008681,-0.2824,0.9656,0.518715,0.006632,0.167297,0.6312,0.553536,-0.033509,-0.300847,0.9447,0.509337,-0.019948,0.155024,0.5779,0.556476,-0.028576,-0.301354,0.9372,0.519715,-0.023048,0.152753,0.5673,0.556408,-0.016834,-0.282507,0.9286,0.520195,-0.015714,0.159752,0.5968,0.582776,0.467056,-0.08229,0.9998,0.531648,0.444489,0.083266,0.9979,0.568568,0.659681,-0.078638,0.9943,0.42245,0.497022,0.163255,0.8637,0.566777,0.834067,-0.055359,0.9965,0.519355,0.536578,0.365324,0.6889,0.578671,0.856677,-0.056521,0.9757,0.538877,0.537079,0.381716,0.7307,0.499689,0.890895,-0.140374,0.9882,0.521284,0.596835,0.406242,0.798
vrikshasana_tf_0052,vrikshasana,,TF,test,unlabelled,,Apache-2.0,data/datasets/yoga_poses/test/tree/guy3_tree136.jpg,True,300,300,True,0.9892,0.3327,176.022,49.511,175.931,148.005,150.722,144.126,174.391,124.547,17.251,14.373,49.511,176.022,148.005,175.931,14.373,17.251,124.547,174.391,152.651,158.134,174.391,176.022,175.931,152.651,8.872,8.872,25.812,6.1,23.752,27.053,-0.988,-0.2258,1.1733,0.2512,0.551525,0.141775,-0.091413,0.9987,0.560347,0.126991,-0.109576,0.999,0.563573,0.126541,-0.109161,0.9991,0.566901,0.126138,-0.108916,0.9991,0.556379,0.126796,-0.078806,0.9989,0.556767,0.126194,-0.07962,0.9981,0.557174,0.125615,-0.079345,0.9985,0.587625,0.130123,-0.135183,0.9987,0.571795,0.131543,-0.013704,0.9985,0.562002,0.154647,-0.09783,0.9984,0.555646,0.153736,-0.062157,0.9967,0.633001,0.196586,-0.185294,0.9985,0.568572,0.203471,0.060218,0.9892,0.594073,0.084677,-0.290335,0.9913,0.517376,0.108709,0.17783,0.3327,0.56623,-0.018437,-0.299224,0.9408,0.522699,0.024458,0.168315,0.4053,0.557639,-0.040506,-0.318091,0.9183,0.523235,0.000941,0.157494,0.3885,0.56008,-0.040074,-0.319748,0.907,0.535704,-0.003517,0.153424,0.3787,0.561272,-0.018015,-0.299869,0.8876,0.535263,0.002874,0.16098,0.402,0.58511,0.465496,-0.082444,0.9998,0.536897,0.44428,0.08346,0.9966,0.56991,0.659096,-0.090038,0.9907,0.42703,0.500389,0.167424,0.7765,0.56831,0.838561,-0.095341,0.995,0.521697,0.539519,0.373085,0.5331,0.581856,0.861625,-0.099902,0.9697,0.541379,0.537924,0.389392,0.6657,0.504225,0.892468,-0.186027,0.9858,0.522803,0.597548,0.411977,0.68
vrikshasana_tf_0053,vrikshasana,,TF,test,unlabelled,,Apache-2.0,data/datasets/yoga_poses/test/tree/guy3_tree137.jpg,True,300,300,True,0.9858,0.266,176.289,51.507,175.986,164.173,156.727,150.931,175.356,125.889,15.894,12.653,51.507,176.289,164.173,175.986,12.653,15.894,125.889,175.356,154.926,158.022,175.356,176.289,175.986,154.926,9.248,9.248,26.063,9.711,21.796,26.563,-0.987,-0.2343,1.1709,0.2235,0.547352,0.148748,-0.084635,0.9991,0.558092,0.134283,-0.09919,0.9993,0.562293,0.133648,-0.098752,0.9993,0.566688,0.132976,-0.098454,0.9992,0.553206,0.134925,-0.06937,0.9992,0.553651,0.134751,-0.07012,0.9985,0.554283,0.134443,-0.069899,0.999,0.589896,0.136274,-0.119527,0.999,0.572374,0.138512,0.000211,0.9989,0.558574,0.161355,-0.090545,0.9982,0.551527,0.160651,-0.055537,0.9971,0.630499,0.20344,-0.17579,0.9975,0.574582,0.213009,0.079108,0.9858,0.60138,0.087456,-0.272036,0.9924,0.539233,0.114517,0.194555,0.266,0.57114,-0.005024,-0.253326,0.9393,0.533425,0.02968,0.174422,0.3597,0.567303,-0.025053,-0.270147,0.9093,0.522567,0.015571,0.161711,0.3572,0.568095,-0.022738,-0.26557,0.8952,0.532148,0.014918,0.154845,0.3492,0.567383,-0.004107,-0.250936,0.8804,0.535943,0.020809,0.164463,0.3802,0.587566,0.469108,-0.08514,0.9997,0.53592,0.448456,0.086324,0.9959,0.57211,0.663947,-0.096528,0.993,0.427006,0.502909,0.154026,0.8159,0.56962,0.836957,-0.097706,0.9927,0.516454,0.544512,0.343895,0.5794,0.583905,0.861711,-0.101631,0.9683,0.539969,0.545054,0.358591,0.6852,0.505493,0.893481,-0.189394,0.9804,0.519912,0.602356,0.380306,0.718
vrikshasana_tf_0054,vrikshasana,,TF,test,unlabelled,,Apache-2.0,data/datasets/yoga_poses/test/tree/guy3_tree138.jpg,True,300,300,True,0.9811,0.0847,175.017,50.856,178.924,164.119,155.317,137.13,176.232,125.204,15.04,26.194,50.856,175.017,164.119,178.924,15.04,26.194,125.204,176.232,144.769,155.787,176.232,175.017,178.924,155.787,9.109,9.109,28.699,11.734,20.883,26.167,-0.9874,-0.2308,1.1498,0.2405,0.53997,0.155907,-0.088716,0.9963,0.551475,0.141533,-0.109246,0.9976,0.555812,0.140491,-0.108831,0.9973,0.560219,0.13947,-0.108656,0.998,0.547098,0.142737,-0.07675,0.9969,0.547979,0.142523,-0.07755,0.9945,0.548946,0.142173,-0.077339,0.9963,0.585041,0.143488,-0.142875,0.9967,0.568883,0.146898,-0.011595,0.9957,0.552077,0.166911,-0.097836,0.9944,0.546067,0.167157,-0.059641,0.992,0.631678,0.208457,-0.186525,0.9963,0.571709,0.220913,0.062218,0.9811,0.596483,0.081639,-0.273687,0.9803,0.54486,0.180858,0.190185,0.0847,0.570982,-0.017435,-0.246305,0.9015,0.531077,0.138317,0.188519,0.1236,0.565105,-0.037934,-0.26198,0.8727,0.527508,0.130095,0.181949,0.1467,0.564233,-0.024679,-0.258345,0.8591,0.534899,0.131159,0.16929,0.1474,0.565125,-0.013828,-0.24408,0.8339,0.536415,0.13416,0.178472,0.1626,0.588407,0.476424,-0.080383,0.9996,0.534353,0.455801,0.081638,0.996,0.570489,0.665785,-0.077965,0.9923,0.427519,0.508294,0.164187,0.8215,0.569194,0.841349,-0.061615,0.9927,0.523083,0.552225,0.351783,0.6051,0.580282,0.86615,-0.06288,0.9596,0.54375,0.55206,0.368128,0.6629,0.503284,0.892195,-0.145408,0.9782,0.530564,0.612032,0.382279,0.7526
vrikshasana_tf_0055,vrikshasana,,TF,test,unlabelled,,Apache-2.0,data/datasets/yoga_poses/test/tree/guy3_tree139.jpg,True,300,300,True,0.9649,0.192,174.808,48.094,175.661,157.056,154.886,152.811,176.264,126.1,13.983,6.702,48.094,174.808,157.056,175.661,6.702,13.983,126.1,176.264,156.77,163.493,176.264,174.808,175.661,156.77,9.51,9.51,27.117,10.425,19.455,26.294,-0.9863,-0.2248,1.178,0.2254,0.544081,0.16023,-0.097705,0.997,0.556569,0.144372,-0.112764,0.998,0.560866,0.143628,-0.112295,0.9979,0.565413,0.142939,-0.112004,0.9986,0.551677,0.145192,-0.082869,0.9968,0.552509,0.144952,-0.083613,0.9946,0.553364,0.144634,-0.083474,0.9961,0.591126,0.147249,-0.135151,0.9971,0.573819,0.149266,-0.012496,0.9952,0.556189,0.172917,-0.104225,0.9963,0.549094,0.172812,-0.068199,0.9905,0.632249,0.211806,-0.183391,0.9969,0.576296,0.2221,0.057183,0.9649,0.595117,0.081166,-0.279183,0.9909,0.538947,0.102804,0.139997,0.192,0.574283,-0.020978,-0.246155,0.922,0.549517,-0.005791,0.073481,0.2775,0.569343,-0.05099,-0.263743,0.8822,0.540548,-0.02983,0.053844,0.3077,0.570921,-0.040241,-0.253005,0.8627,0.548974,-0.032366,0.046441,0.3019,0.575713,-0.025816,-0.240421,0.8475,0.548469,-0.024639,0.06152,0.3354,0.589348,0.4753,-0.08009,0.9994,0.535805,0.456387,0.081262,0.9928,0.57081,0.667429,-0.087885,0.9877,0.423016,0.512116,0.133152,0.7893,0.569816,0.845806,-0.065346,0.9929,0.523222,0.552196,0.308243,0.5617,0.581081,0.871446,-0.067132,0.9638,0.543956,0.552537,0.321514,0.6411,0.509156,0.892451,-0.159589,0.9796,0.536036,0.616528,0.33131,0.6707
vrikshasana_tf_0056,vrikshasana,,TF,test,unlabelled,,Apache-2.0,data/datasets/yoga_poses/test/tree/guy3_tree140.jpg,True,300,300,True,0.9574,0.1805,174.955,48.925,173.982,171.075,154.388,159.893,175.678,122.417,13.451,6.902,48.925,174.955,171.075,173.982,6.902,13.451,122.417,175.678,157.072,164.226,175.678,174.955,173.982,157.072,9.194,9.194,27.191,10.187,23.883,23.546,-0.9872,-0.2386,1.1704,0.2247,0.544208,0.15982,-0.102491,0.9974,0.556656,0.144355,-0.11996,0.9985,0.560852,0.143828,-0.11949,0.9984,0.565289,0.143327,-0.119268,0.9988,0.551627,0.144957,-0.088763,0.9974,0.552367,0.144788,-0.089445,0.9955,0.553135,0.144581,-0.089224,0.9967,0.59061,0.14792,-0.150796,0.9978,0.574298,0.149604,-0.023301,0.9959,0.556185,0.172626,-0.111823,0.9963,0.548928,0.172485,-0.074394,0.9915,0.633527,0.215043,-0.203173,0.9969,0.577704,0.225074,0.050674,0.9574,0.595306,0.082929,-0.29211,0.9926,0.554358,0.107551,0.135243,0.1805,0.575851,-0.026102,-0.255148,0.9381,0.549799,-0.005441,0.068476,0.252,0.572112,-0.049465,-0.274387,0.9048,0.538944,-0.023888,0.046892,0.2796,0.57352,-0.050658,-0.266376,0.8901,0.547191,-0.026233,0.040153,0.2738,0.577832,-0.031035,-0.25055,0.8753,0.547213,-0.018219,0.056256,0.3028,0.589315,0.479887,-0.085177,0.9995,0.541254,0.458606,0.086369,0.9925,0.572016,0.671615,-0.07863,0.9866,0.425124,0.509212,0.165654,0.7049,0.571679,0.846645,-0.054909,0.9942,0.52237,0.555344,0.336873,0.5506,0.582484,0.873125,-0.056431,0.9706,0.543119,0.558241,0.349411,0.6553,0.501231,0.896615,-0.139069,0.9848,0.53314,0.62472,0.363108,0.6661
vrikshasana_tf_0057,vrikshasana,,TF,test,unlabelled,,Apache-2.0,data/datasets/yoga_poses/test/tree/guy3_tree141.jpg,True,300,300,True,0.9693,0.1432,174.444,48.784,169.868,155.748,151.837,151.252,176.372,127.709,13.968,6.606,48.784,174.444,155.748,169.868,6.606,13.968,127.709,176.372,156.525,163.832,176.372,174.444,169.868,156.525,9.532,9.532,25.885,13.557,18.998,28.148,-0.9862,-0.2332,1.1823,0.2413,0.546971,0.163714,-0.096961,0.9979,0.558795,0.146353,-0.112896,0.9986,0.563461,0.145684,-0.112486,0.9986,0.56862,0.144948,-0.112218,0.9988,0.553707,0.147039,-0.082344,0.9981,0.554184,0.146878,-0.083064,0.9967,0.554713,0.146543,-0.082858,0.9976,0.594544,0.149471,-0.136328,0.9981,0.575952,0.151383,-0.011947,0.997,0.559538,0.177167,-0.103188,0.9959,0.551582,0.176731,-0.066777,0.9941,0.635743,0.215114,-0.184553,0.9962,0.576878,0.229308,0.06437,0.9693,0.592781,0.087871,-0.277828,0.9905,0.543174,0.132449,0.156171,0.1432,0.575626,-0.026573,-0.242833,0.939,0.552923,0.022473,0.084828,0.1955,0.57334,-0.056834,-0.261142,0.9141,0.543609,0.036052,0.066452,0.2303,0.576027,-0.050611,-0.251468,0.9005,0.5523,0.0345,0.055673,0.2281,0.578677,-0.033554,-0.237331,0.8852,0.551919,0.040053,0.072138,0.2533,0.591575,0.47887,-0.081917,0.9996,0.537951,0.460408,0.083204,0.9944,0.571735,0.671574,-0.092303,0.9901,0.428048,0.519209,0.141651,0.771,0.570732,0.849735,-0.076226,0.9938,0.52676,0.556383,0.313615,0.5585,0.583618,0.876845,-0.078239,0.9679,0.546055,0.552157,0.326806,0.649,0.508525,0.898147,-0.165285,0.9808,0.536425,0.617765,0.338502,0.6891
vrikshasana_tf_0058,vrikshasana,,TF,test,unlabelled,,Apache-2.0,data/datasets/yoga_poses/test/tree/guy3_tree142.jpg,True,300,300,True,0.964,0.1611,174.986,49.239,173.683,179.548,153.306,163.702,176.164,126.073,14.11,6.673,49.239,174.986,173.683,179.548,6.673,14.11,126.073,176.164,156.341,163.912,176.164,174.986,173.683,156.341,9.486,9.486,27.677,12.774,21.131,26.658,-0.9863,-0.2254,1.1898,0.2324,0.549026,0.170073,-0.109221,0.998,0.55946,0.152605,-0.126614,0.9988,0.564063,0.151788,-0.126169,0.9988,0.569146,0.150912,-0.125908,0.9989,0.554106,0.153627,-0.094962,0.9983,0.554276,0.153562,-0.095669,0.9969,0.554525,0.153441,-0.095427,0.9976,0.594243,0.155255,-0.15703,0.9984,0.575359,0.157896,-0.027654,0.9971,0.560851,0.184101,-0.117951,0.9967,0.552886,0.183414,-0.079937,0.9942,0.636151,0.220075,-0.206449,0.997,0.579411,0.232939,0.044156,0.964,0.59678,0.09246,-0.304128,0.9932,0.565131,0.114643,0.130499,0.1611,0.57357,-0.02888,-0.271016,0.943,0.553523,0.011657,0.052095,0.2347,0.57022,-0.056574,-0.290967,0.9158,0.543912,-0.003736,0.031319,0.2756,0.571062,-0.05922,-0.281678,0.902,0.551902,-0.007443,0.021366,0.2713,0.574475,-0.039105,-0.26568,0.8867,0.551263,-0.000264,0.038961,0.299,0.591878,0.483277,-0.085285,0.9996,0.541151,0.463671,0.086511,0.9941,0.572773,0.674291,-0.088583,0.9905,0.429644,0.519652,0.165559,0.7373,0.5706,0.852801,-0.074352,0.9956,0.523426,0.558653,0.349295,0.5436,0.584282,0.879817,-0.077086,0.9755,0.541384,0.56044,0.362884,0.6631,0.508699,0.898207,-0.162038,0.9873,0.531583,0.619928,0.379672,0.6707
vrikshasana_tf_0059,vrikshasana,,TF,test,unlabelled,,Apache-2.0,data/datasets/yoga_poses/test/tree/guy3_tree143.jpg,True,300,300,True,0.9673,0.1615,173.22,52.143,174.654,171.582,152.159,159.831,176.738,128.002,15.722,6.576,52.143,173.22,171.582,174.654,6.576,15.722,128.002,176.738,154.635,163.867,176.738,173.22,174.654,154.635,9.602,9.602,26.61,12.029,21.448,28.445,-0.986,-0.2433,1.1621,0.2332,0.549387,0.167747,-0.100286,0.9979,0.561013,0.152044,-0.117893,0.9987,0.565215,0.151683,-0.117461,0.9988,0.569989,0.151301,-0.117193,0.9988,0.556672,0.152482,-0.086679,0.9982,0.557273,0.152392,-0.087424,0.9969,0.557996,0.152058,-0.087178,0.9978,0.595237,0.157277,-0.150248,0.9984,0.578565,0.158221,-0.022902,0.9973,0.560802,0.182227,-0.10975,0.9967,0.554031,0.181207,-0.072503,0.9942,0.637345,0.222811,-0.202209,0.9968,0.579998,0.235031,0.047867,0.9673,0.596349,0.098106,-0.294992,0.9926,0.5588,0.121901,0.137892,0.1615,0.571156,-0.012314,-0.260008,0.9358,0.554739,0.015924,0.074704,0.2257,0.565372,-0.047907,-0.278815,0.908,0.553905,-0.002472,0.055933,0.2611,0.567823,-0.038359,-0.270376,0.8933,0.558494,-0.012954,0.047925,0.257,0.568402,-0.027265,-0.2549,0.8799,0.557531,0.00259,0.063148,0.286,0.592466,0.486953,-0.084671,0.9995,0.54099,0.46673,0.085851,0.9939,0.571523,0.674228,-0.083707,0.9897,0.436975,0.523078,0.163022,0.7462,0.57275,0.850361,-0.056617,0.9937,0.52562,0.561985,0.340486,0.5858,0.587292,0.877745,-0.057723,0.9708,0.543052,0.557969,0.353714,0.6903,0.507779,0.898703,-0.142853,0.9822,0.533446,0.621997,0.369909,0.7038
vrikshasana_tf_0060,vrikshasana,,TF,test,unlabelled,,Apache-2.0,data/datasets/yoga_poses/test/tree/guy3_tree144.jpg,True,300,300,True,0.9657,0.2198,173.92,54.232,178.065,175.935,155.381,160.695,176.452,127.873,14.402,6.957,54.232,173.92,175.935,178.065,6.957,14.402,127.873,176.452,156.271,162.711,176.452,173.92,178.065,156.271,9.801,9.801,26.239,9.39,23.19,27.541,-0.9854,-0.2492,1.1454,0.2011,0.550731,0.172756,-0.10344,0.9981,0.562351,0.158028,-0.119847,0.9987,0.566442,0.157843,-0.119405,0.9988,0.570936,0.157654,-0.119162,0.9988,0.558665,0.157991,-0.089608,0.9981,0.559577,0.15781,-0.090328,0.997,0.560695,0.157532,-0.090041,0.9976,0.595679,0.164137,-0.150289,0.9984,0.580693,0.164563,-0.026894,0.9971,0.559963,0.187716,-0.112579,0.997,0.554431,0.186621,-0.076222,0.9941,0.634016,0.231188,-0.207629,0.9968,0.584225,0.239422,0.046352,0.9657,0.601605,0.112648,-0.304233,0.9926,0.566508,0.127222,0.123311,0.2198,0.577436,0.010857,-0.282678,0.9376,0.556946,0.015862,0.044037,0.3487,0.575086,-0.013585,-0.301935,0.9066,0.556366,-0.007022,0.025308,0.3801,0.575344,-0.013617,-0.293516,0.8913,0.558343,-0.006799,0.014869,0.3742,0.574509,-0.003968,-0.278054,0.8821,0.558145,0.001505,0.030925,0.4097,0.590986,0.49318,-0.088672,0.9995,0.541802,0.472109,0.089882,0.9933,0.572468,0.676152,-0.090394,0.9903,0.440687,0.524838,0.179014,0.7094,0.573392,0.852376,-0.06665,0.994,0.527617,0.568541,0.367215,0.5394,0.588305,0.880949,-0.068714,0.9756,0.545096,0.570012,0.380983,0.6801,0.506548,0.902317,-0.155066,0.9849,0.533585,0.626817,0.398426,0.6771
vrikshasana_tf_0061,vrikshasana,,TF,test,unlabelled,,Apache-2.0,data/datasets/yoga_poses/test/tree/guy3_tree145.jpg,True,300,300,True,0.9602,0.1718,173.094,55.588,179.778,175.996,155.591,161.386,177.902,125.363,15.338,7.205,55.588,173.094,175.996,179.778,7.205,15.338,125.363,177.902,155.696,163.265,177.902,173.094,179.778,155.696,9.227,9.227,26.905,16.955,22.435,25.834,-0.9871,-0.2537,1.1359,0.2215,0.549519,0.179597,-0.118117,0.9982,0.561152,0.164191,-0.133473,0.9988,0.565699,0.163603,-0.133057,0.9989,0.570699,0.162902,-0.132811,0.999,0.555275,0.16527,-0.103037,0.9986,0.555462,0.16544,-0.103784,0.9975,0.555859,0.165362,-0.103498,0.998,0.595813,0.168396,-0.156789,0.9987,0.57688,0.170698,-0.032719,0.9975,0.561765,0.192697,-0.124407,0.997,0.553492,0.192718,-0.088004,0.9945,0.635574,0.234147,-0.210151,0.9962,0.583371,0.250062,0.04339,0.9602,0.60174,0.111672,-0.308418,0.9928,0.565045,0.135446,0.135616,0.1718,0.572123,0.002816,-0.277037,0.9421,0.555954,0.033194,0.065215,0.2632,0.565026,-0.024491,-0.297571,0.9159,0.540801,0.018177,0.04555,0.3063,0.56652,-0.02423,-0.288405,0.9023,0.548028,0.014366,0.034685,0.3011,0.567214,-0.012193,-0.272236,0.8893,0.554949,0.022937,0.052082,0.3305,0.594355,0.495394,-0.087925,0.9996,0.545568,0.475251,0.089099,0.9931,0.572139,0.679828,-0.087113,0.9917,0.441323,0.52572,0.182592,0.7361,0.572253,0.851953,-0.065637,0.9932,0.528409,0.575503,0.364039,0.5744,0.588836,0.878891,-0.067636,0.9756,0.545608,0.57662,0.377197,0.6852,0.50653,0.902679,-0.148151,0.9818,0.527635,0.63226,0.396245,0.695
vrikshasana_tf_0062,vrikshasana,,TF,test,unlabelled,,Apache-2.0,data/datasets/yoga_poses/test/tree/guy3_tree146.jpg,True,300,300,True,0.9612,0.1958,170.836,57.719,179.013,160.566,157.69,153.603,178.621,126.306,14.036,7.034,57.719,170.836,160.566,179.013,7.034,14.036,126.306,178.621,157.232,162.86,178.621,170.836,179.013,157.232,9.374,9.374,26.344,12.907,24.822,26.201,-0.9866,-0.2612,1.1247,0.1969,0.550797,0.182361,-0.120273,0.9984,0.562186,0.167068,-0.136153,0.9989,0.56644,0.166646,-0.135732,0.999,0.570946,0.166156,-0.135499,0.999,0.556946,0.167894,-0.105779,0.9986,0.557377,0.167988,-0.106511,0.9976,0.557957,0.167922,-0.106188,0.9981,0.595418,0.172138,-0.16213,0.9987,0.577338,0.174265,-0.038024,0.9976,0.562044,0.196029,-0.12753,0.9973,0.554556,0.196271,-0.091116,0.9949,0.632632,0.241542,-0.217301,0.9966,0.585154,0.252422,0.037242,0.9612,0.601692,0.113437,-0.317314,0.9933,0.552646,0.141188,0.127369,0.1958,0.573054,0.00322,-0.292881,0.9472,0.558431,0.03584,0.054375,0.314,0.565882,-0.0246,-0.31509,0.9224,0.537419,0.008349,0.035029,0.3603,0.567537,-0.024752,-0.305229,0.9095,0.544142,0.003963,0.02338,0.3551,0.569136,-0.012844,-0.28805,0.8976,0.556874,0.024046,0.040955,0.3864,0.5926,0.502168,-0.089006,0.9996,0.544599,0.479965,0.090185,0.993,0.569245,0.683145,-0.078467,0.9911,0.445654,0.528653,0.19193,0.7114,0.574669,0.854714,-0.049086,0.9945,0.52961,0.580138,0.373143,0.5682,0.590435,0.880976,-0.050367,0.9781,0.546933,0.581241,0.386149,0.6786,0.506882,0.910937,-0.127505,0.9854,0.526394,0.638271,0.40549,0.6917
vrikshasana_tf_0063,vrikshasana,,TF,test,unlabelled,,Apache-2.0,data/datasets/yoga_poses/test/tree/guy3_tree147.jpg,True,300,300,True,0.9772,0.2819,171.611,55.754,178.457,170.198,155.429,156.414,178.266,124.645,15.028,10.043,55.754,171.611,170.198,178.457,10.043,15.028,124.645,178.266,156.152,160.845,178.266,171.611,178.457,156.152,8.955,8.955,26.612,16.386,21.743,25.533,-0.9878,-0.2416,1.1294,0.2233,0.552221,0.187799,-0.109961,0.9986,0.562229,0.172292,-0.124878,0.9992,0.56651,0.171429,-0.124455,0.9991,0.571158,0.170542,-0.124156,0.9993,0.556209,0.17405,-0.094868,0.9989,0.55617,0.174325,-0.095577,0.9979,0.556271,0.174497,-0.095241,0.9984,0.594902,0.174676,-0.145165,0.9989,0.575312,0.178681,-0.023907,0.9981,0.564831,0.199953,-0.114937,0.9981,0.556655,0.200242,-0.079389,0.9959,0.63412,0.239708,-0.197543,0.9976,0.581175,0.255277,0.056072,0.9772,0.598624,0.113864,-0.286685,0.9942,0.552554,0.144398,0.158641,0.2819,0.570347,0.002177,-0.253984,0.9645,0.544854,0.050187,0.099232,0.4332,0.563898,-0.034956,-0.272499,0.9461,0.527242,0.026222,0.080428,0.4533,0.564779,-0.028694,-0.264406,0.9379,0.546533,0.034011,0.071873,0.4447,0.5712,-0.008082,-0.249664,0.9272,0.547608,0.0382,0.087314,0.4734,0.593531,0.501311,-0.088368,0.9997,0.544828,0.481887,0.089528,0.995,0.570712,0.684902,-0.088252,0.9921,0.443545,0.530268,0.195085,0.7195,0.574611,0.856206,-0.079336,0.9959,0.530108,0.580691,0.370514,0.5982,0.589432,0.882102,-0.081917,0.9812,0.546308,0.581444,0.383277,0.7209,0.508217,0.905814,-0.161246,0.9894,0.52859,0.639078,0.403838,0.7274
vrikshasana_tf_0064,vrikshasana,,TF,test,unlabelled,,Apache-2.0,data/datasets/yoga_poses/test/tree/guy3_tree148.jpg,True,300,300,True,0.9807,0.2505,174.031,62.262,175.891,172.47,154.917,156.01,176.559,129.18,14.55,9.719,62.262,174.031,172.47,175.891,9.719,14.55,129.18,176.559,156.807,159.379,176.559,174.031,175.891,156.807,9.699,9.699,28.724,15.705,25.21,28.278,-0.9857,-0.2273,1.1025,0.1753,0.549276,0.192417,-0.0907,0.9991,0.558815,0.175647,-0.109401,0.9993,0.562716,0.174885,-0.108976,0.9993,0.566945,0.174212,-0.10872,0.9993,0.554771,0.176221,-0.077431,0.9993,0.555596,0.175766,-0.078187,0.999,0.556486,0.175306,-0.077762,0.9992,0.591158,0.176935,-0.149753,0.9991,0.575508,0.179224,-0.018168,0.9991,0.560872,0.205746,-0.10285,0.9983,0.555038,0.205251,-0.064258,0.9979,0.629009,0.243377,-0.210638,0.9975,0.586781,0.255251,0.053628,0.9807,0.591741,0.11708,-0.317728,0.9958,0.559687,0.138705,0.14261,0.2505,0.567781,0.007481,-0.30876,0.9666,0.550307,0.042284,0.065237,0.4398,0.563037,-0.019662,-0.32976,0.9452,0.548705,0.022702,0.050861,0.4831,0.564292,-0.019431,-0.319736,0.9397,0.551128,0.012384,0.037262,0.479,0.564416,0.000348,-0.303575,0.9329,0.550968,0.029401,0.051846,0.5106,0.588949,0.506941,-0.093867,0.9995,0.542512,0.48508,0.094993,0.9937,0.572668,0.685788,-0.087955,0.9921,0.449288,0.535229,0.205066,0.693,0.57504,0.862783,-0.057703,0.9947,0.531103,0.590381,0.384699,0.5987,0.590235,0.89193,-0.05928,0.9842,0.547985,0.591605,0.396775,0.7089,0.507078,0.908938,-0.138673,0.9873,0.530204,0.650413,0.409872,0.7339
vrikshasana_tf_0065,vrikshasana,,TF,test,unlabelled,,Apache-2.0,data/datasets/yoga_poses/test/tree/guy3_tree149.jpg,True,300,300,True,0.9649,0.1186,172.607,55.144,179.476,159.666,155.269,149.078,176.562,123.059,15.592,9.154,55.144,172.607,159.666,179.476,9.154,15.592,123.059,176.562,155.039,160.562,176.562,172.607,179.476,155.039,9.796,9.796,27.694,14.211,26.574,22.775,-0.9854,-0.2511,1.1221,0.1875,0.552056,0.194147,-0.097793,0.9985,0.560981,0.17953,-0.114662,0.9991,0.565303,0.178811,-0.114337,0.9991,0.569808,0.178227,-0.114119,0.9991,0.556451,0.180108,-0.08369,0.9988,0.556989,0.179743,-0.084454,0.998,0.557706,0.17931,-0.084115,0.9984,0.59364,0.182605,-0.140916,0.9987,0.575866,0.184529,-0.013622,0.9979,0.562611,0.207356,-0.104079,0.9971,0.556243,0.206836,-0.066892,0.9953,0.630751,0.250616,-0.191988,0.9958,0.585743,0.262014,0.069802,0.9649,0.596673,0.126577,-0.316455,0.9928,0.55736,0.186652,0.193148,0.1186,0.569149,0.029861,-0.329753,0.9508,0.556808,0.082448,0.15163,0.1772,0.564753,0.003255,-0.353245,0.9292,0.554859,0.060557,0.145681,0.2233,0.564347,0.001742,-0.345962,0.919,0.554068,0.057871,0.128801,0.224,0.563958,0.019425,-0.326597,0.9078,0.554057,0.073029,0.139297,0.2485,0.587764,0.511151,-0.09146,0.9995,0.544468,0.489494,0.092779,0.9923,0.569614,0.685854,-0.090447,0.9926,0.441818,0.532591,0.195819,0.6587,0.574189,0.865089,-0.06616,0.9929,0.532883,0.590314,0.352684,0.592,0.587265,0.889807,-0.06781,0.9808,0.549352,0.590515,0.36311,0.7097,0.501985,0.910439,-0.140426,0.9853,0.533047,0.649888,0.372625,0.7384
vrikshasana_tf_0066,vrikshasana,,TF,test,unlabelled,,Apache-2.0,data/datasets/yoga_poses/test/tree/guy3_tree150.jpg,True,300,300,True,0.9662,0.0857,175.32,56.702,179.792,161.24,155.49,149.698,175.998,124.88,15.689,9.451,56.702,175.32,161.24,179.792,9.451,15.689,124.88,175.998,155.397,160.328,175.998,175.32,179.792,155.397,9.526,9.526,26.442,12.528,27.123,24.659,-0.9862,-0.2484,1.1166,0.1787,0.554614,0.197386,-0.117494,0.9985,0.564499,0.182466,-0.132214,0.9989,0.569258,0.181862,-0.131853,0.999,0.57385,0.181303,-0.131664,0.999,0.558866,0.182943,-0.101945,0.9989,0.559088,0.182605,-0.102728,0.9984,0.55954,0.182203,-0.102306,0.9987,0.596357,0.18556,-0.147182,0.9986,0.577377,0.187279,-0.024739,0.9981,0.565187,0.210956,-0.119829,0.9964,0.557515,0.210305,-0.084093,0.9953,0.630987,0.254758,-0.197067,0.995,0.58727,0.264473,0.065897,0.9662,0.597242,0.133869,-0.32274,0.9899,0.562409,0.196469,0.202458,0.0857,0.569762,0.036782,-0.343598,0.9432,0.560231,0.102046,0.181464,0.15,0.565201,0.016703,-0.367313,0.9225,0.549044,0.128813,0.177274,0.189,0.565543,0.013884,-0.362078,0.9139,0.557866,0.075259,0.159859,0.1892,0.565908,0.023185,-0.341683,0.8992,0.55904,0.093092,0.170048,0.2078,0.589697,0.518007,-0.0898,0.9996,0.545628,0.495433,0.091184,0.9932,0.574559,0.694141,-0.078486,0.9953,0.44916,0.539719,0.216524,0.7287,0.573855,0.867583,-0.059903,0.9947,0.531218,0.59108,0.395409,0.629,0.588379,0.894603,-0.062486,0.9826,0.547471,0.591131,0.408453,0.7288,0.493268,0.91412,-0.140751,0.987,0.526017,0.630837,0.420289,0.7802
vrikshasana_tf_0067,vrikshasana,,TF,test,unlabelled,,Apache-2.0,data/datasets/yoga_poses/test/tree/guy3_tree151.jpg,True,300,300,True,0.9644,0.2243,173.472,55.449,178.016,167.426,154.55,153.983,175.834,124.058,14.585,9.339,55.449,173.472,167.426,178.016,9.339,14.585,124.058,175.834,155.442,159.801,175.834,173.472,178.016,155.442,10.388,10.388,29.157,13.413,27.048,23.198,-0.9836,-0.2443,1.128,0.1818,0.556381,0.202317,-0.114914,0.9985,0.565519,0.188499,-0.129658,0.9991,0.569383,0.188065,-0.129197,0.9991,0.573041,0.187744,-0.128938,0.9992,0.561056,0.188312,-0.099694,0.9987,0.561774,0.187794,-0.100393,0.9978,0.562655,0.187318,-0.100026,0.9981,0.595356,0.191294,-0.153196,0.9988,0.579865,0.192969,-0.031213,0.9977,0.566819,0.215824,-0.121407,0.9972,0.560619,0.215138,-0.085412,0.9956,0.633967,0.258162,-0.209272,0.9969,0.589717,0.268714,0.04914,0.9644,0.599215,0.132657,-0.316501,0.9949,0.558967,0.155198,0.143365,0.2243,0.574402,0.029246,-0.308599,0.9568,0.554401,0.053971,0.070699,0.355,0.570983,0.006704,-0.332128,0.9325,0.552877,0.035475,0.05686,0.3931,0.572067,0.004661,-0.320593,0.9208,0.555692,0.0361,0.042325,0.3862,0.571368,0.019603,-0.303533,0.9091,0.55557,0.041386,0.056539,0.4235,0.587865,0.520337,-0.09135,0.9996,0.545587,0.49875,0.092616,0.9927,0.570009,0.69592,-0.091699,0.9932,0.448836,0.540213,0.225057,0.6492,0.572216,0.87139,-0.079881,0.9967,0.531157,0.592156,0.408659,0.5605,0.587455,0.89723,-0.083536,0.9862,0.546713,0.594256,0.421494,0.6901,0.497303,0.917991,-0.169149,0.9929,0.527763,0.63498,0.433812,0.7202
vrikshasana_tf_0068,vrikshasana,,TF,test,unlabelled,,Apache-2.0,data/datasets/yoga_poses/test/tree/guy3_tree152.jpg,True,300,300,True,0.968,0.154,173.971,62.853,177.271,162.94,153.649,153.941,175.427,126.947,15.553,7.908,62.853,173.971,162.94,177.271,7.908,15.553,126.947,175.427,154.831,161.649,175.427,173.971,177.271,154.831,10.0,10.0,29.947,16.738,30.552,26.505,-0.9848,-0.2337,1.118,0.1686,0.552945,0.205692,-0.092467,0.9991,0.561388,0.191114,-0.110956,0.9993,0.565281,0.190674,-0.110516,0.9994,0.569315,0.190286,-0.110253,0.9994,0.557541,0.19084,-0.078759,0.9992,0.558412,0.190184,-0.07945,0.9987,0.559455,0.1895,-0.079026,0.9989,0.593412,0.193513,-0.151339,0.9992,0.577433,0.195295,-0.019091,0.9985,0.563643,0.218064,-0.104852,0.998,0.55762,0.217335,-0.065942,0.9973,0.630628,0.257699,-0.213178,0.9976,0.590535,0.269757,0.059113,0.968,0.593476,0.134143,-0.319227,0.9955,0.560258,0.161439,0.1495,0.154,0.569596,0.038415,-0.311075,0.9605,0.562596,0.068625,0.060676,0.2765,0.564765,0.015009,-0.335602,0.9379,0.561104,0.045682,0.047809,0.3385,0.56672,0.013681,-0.322892,0.9271,0.56122,0.037019,0.029328,0.3372,0.567376,0.026945,-0.304567,0.9143,0.5612,0.050293,0.045308,0.3636,0.586288,0.519427,-0.095156,0.9996,0.548619,0.497192,0.096475,0.9933,0.570731,0.69572,-0.088381,0.9932,0.458302,0.542232,0.242206,0.551,0.573732,0.870132,-0.069716,0.9967,0.531055,0.595768,0.417806,0.5453,0.589336,0.899655,-0.072431,0.9892,0.546314,0.598379,0.428977,0.667,0.499986,0.917315,-0.15292,0.994,0.537938,0.654573,0.43619,0.7208
vrikshasana_tf_0069,vrikshasana,,TF,test,unlabelled,,Apache-2.0,data/datasets/yoga_poses/test/tree/guy3_tree153.jpg,True,300,300,True,0.9695,0.2165,175.238,55.408,179.904,166.814,155.471,157.045,174.758,120.667,14.731,7.383,55.408,175.238,166.814,179.904,7.383,14.731,120.667,174.758,155.513,162.706,174.758,175.238,179.904,155.513,9.828,9.828,26.957,12.839,32.545,20.757,-0.9853,-0.245,1.1174,0.1723,0.555062,0.206736,-0.108353,0.9989,0.564434,0.192237,-0.125751,0.9994,0.568078,0.191979,-0.125324,0.9993,0.571701,0.191865,-0.12505,0.9995,0.560642,0.191781,-0.094439,0.999,0.561619,0.191196,-0.095144,0.9983,0.562666,0.19064,-0.094727,0.9987,0.593963,0.196706,-0.160638,0.9992,0.579441,0.197032,-0.032098,0.9983,0.565457,0.220427,-0.118993,0.9984,0.559937,0.220263,-0.081166,0.9967,0.630101,0.263882,-0.219749,0.9982,0.587594,0.27357,0.048332,0.9695,0.596708,0.137256,-0.313177,0.996,0.560605,0.157088,0.144493,0.2165,0.5705,0.037196,-0.286335,0.9596,0.560826,0.066999,0.076996,0.324,0.567743,0.011066,-0.308546,0.9338,0.559419,0.0449,0.059696,0.3515,0.567557,0.010445,-0.299818,0.9222,0.559331,0.045621,0.04816,0.3451,0.567284,0.02792,-0.281898,0.9119,0.559006,0.049931,0.063515,0.3763,0.584356,0.529939,-0.09372,0.9996,0.546971,0.50608,0.094929,0.9931,0.570811,0.701516,-0.081407,0.991,0.451931,0.542101,0.226666,0.5984,0.571559,0.874502,-0.059455,0.9952,0.528588,0.595085,0.408565,0.5426,0.58801,0.898821,-0.06218,0.9794,0.550097,0.606099,0.421226,0.6763,0.492048,0.920229,-0.142162,0.9906,0.522748,0.651686,0.437156,0.7113
vrikshasana_tf_0070,vrikshasana,,TF,test,unlabelled,,Apache-2.0,data/datasets/yoga_poses/test/tree/guy3_tree154.jpg,True,300,300,True,0.9717,0.3499,172.552,52.044,177.012,162.358,154.551,155.987,177.067,116.202,14.752,7.436,52.044,172.552,162.358,177.012,7.436,14.752,116.202,177.067,155.844,164.117,177.067,172.552,177.012,155.844,8.959,8.959,25.979,13.995,28.477,17.754,-0.9878,-0.2496,1.1331,0.2025,0.557575,0.210626,-0.137473,0.9994,0.566194,0.195731,-0.144124,0.9996,0.56972,0.19536,-0.143673,0.9995,0.573413,0.195164,-0.143371,0.9997,0.560845,0.195402,-0.116798,0.9995,0.560955,0.19476,-0.117471,0.999,0.561058,0.194141,-0.117036,0.9992,0.594555,0.199705,-0.139562,0.9994,0.575002,0.200104,-0.029375,0.9988,0.568965,0.225016,-0.135036,0.9987,0.561705,0.224629,-0.102579,0.9968,0.631813,0.267017,-0.187986,0.9982,0.582587,0.279286,0.052987,0.9717,0.597249,0.146836,-0.276096,0.9956,0.553225,0.173878,0.144322,0.3499,0.575693,0.053888,-0.243757,0.9588,0.556617,0.080298,0.088133,0.4494,0.574401,0.030273,-0.261543,0.9301,0.555299,0.060366,0.069335,0.4322,0.574458,0.029013,-0.254051,0.9196,0.54837,0.044345,0.061731,0.4211,0.573868,0.038876,-0.240531,0.9143,0.559913,0.065924,0.076021,0.4556,0.588031,0.531384,-0.087295,0.9996,0.548346,0.509857,0.088608,0.9925,0.56897,0.699453,-0.091336,0.9911,0.448387,0.541863,0.214023,0.6571,0.57202,0.878334,-0.078084,0.9947,0.530098,0.59758,0.377009,0.6017,0.584474,0.90234,-0.081861,0.973,0.544701,0.600378,0.388453,0.7159,0.490158,0.922376,-0.167187,0.9888,0.519338,0.642261,0.401455,0.745
vrikshasana_tf_0071,vrikshasana,,TF,test,unlabelled,,Apache-2.0,data/datasets/yoga_poses/test/tree/guy3_tree155.jpg,True,300,300,True,0.9721,0.2019,174.094,52.567,173.887,164.513,154.134,158.218,176.268,116.515,13.908,6.673,52.567,174.094,164.513,173.887,6.673,13.908,116.515,176.268,156.934,164.684,176.268,174.094,173.887,156.934,8.915,8.915,27.635,8.234,32.324,17.871,-0.9879,-0.2184,1.1302,0.1665,0.552233,0.218871,-0.112338,0.9988,0.561112,0.202121,-0.130249,0.9993,0.564826,0.201739,-0.129834,0.9993,0.568506,0.20146,-0.12954,0.9995,0.557157,0.201559,-0.09854,0.9989,0.558065,0.200759,-0.09922,0.9982,0.559056,0.199912,-0.098815,0.9985,0.590701,0.204398,-0.163061,0.9991,0.576497,0.204641,-0.03366,0.9979,0.564638,0.233098,-0.121653,0.9986,0.558946,0.232693,-0.083439,0.9966,0.628407,0.271613,-0.217794,0.9987,0.586326,0.277702,0.04435,0.9721,0.591488,0.148614,-0.329852,0.996,0.557788,0.155435,0.137629,0.2019,0.571541,0.041966,-0.321406,0.9652,0.561483,0.065343,0.056179,0.3499,0.56963,0.012684,-0.345584,0.9451,0.5631,0.043373,0.039921,0.3968,0.573037,0.012167,-0.334652,0.9343,0.564371,0.042918,0.024581,0.3902,0.572786,0.030201,-0.316384,0.9212,0.563211,0.047766,0.041806,0.4221,0.585433,0.538174,-0.092882,0.9997,0.550128,0.515835,0.094124,0.9942,0.569423,0.706723,-0.082101,0.9936,0.454911,0.546537,0.244456,0.5682,0.570901,0.883244,-0.066683,0.9968,0.52875,0.597657,0.428144,0.5194,0.58571,0.907005,-0.070685,0.9864,0.543724,0.601661,0.440744,0.6708,0.487807,0.925452,-0.150479,0.9932,0.516003,0.636497,0.459003,0.6937
vrikshasana_tf_0072,vrikshasana,,TF,test,unlabelled,,Apache-2.0,data/datasets/yoga_poses/test/tree/guy3_tree156.jpg,True,300,300,True,0.9691,0.0921,172.496,59.1,174.935,166.158,152.665,158.423,175.896,123.869,15.11,6.564,59.1,172.496,166.158,174.935,6.564,15.11,123.869,175.896,154.984,164.878,175.896,172.496,174.935,154.984,9.28,9.28,30.866,11.566,36.427,25.312,-0.9869,-0.232,1.0902,0.185,0.547209,0.220772,-0.093969,0.9987,0.55742,0.20475,-0.114074,0.9992,0.561211,0.204294,-0.11362,0.9993,0.565161,0.204008,-0.113378,0.9993,0.553942,0.204503,-0.080064,0.999,0.555052,0.203763,-0.080786,0.9982,0.556204,0.203046,-0.080377,0.9986,0.587617,0.208282,-0.157752,0.999,0.574089,0.208632,-0.019582,0.9979,0.559055,0.234144,-0.107318,0.9981,0.553509,0.2339,-0.066645,0.9967,0.631403,0.274231,-0.215078,0.9981,0.586023,0.283517,0.056025,0.9691,0.593951,0.154933,-0.330828,0.9937,0.560364,0.172552,0.15712,0.0921,0.571335,0.051762,-0.332904,0.9441,0.561794,0.072958,0.087073,0.1915,0.567981,0.024683,-0.357007,0.9216,0.561049,0.047075,0.076181,0.2539,0.568419,0.023286,-0.346249,0.909,0.560722,0.046915,0.05771,0.2506,0.568966,0.037207,-0.328115,0.8875,0.560568,0.05326,0.07228,0.2789,0.585255,0.538476,-0.094733,0.9998,0.551416,0.513504,0.095928,0.9952,0.56839,0.704434,-0.089942,0.9889,0.45985,0.556811,0.284904,0.3855,0.573629,0.880806,-0.088454,0.9953,0.539322,0.609988,0.485507,0.3721,0.588944,0.9055,-0.09266,0.9867,0.552438,0.611965,0.499791,0.5885,0.493651,0.925022,-0.1694,0.9918,0.531852,0.666647,0.517441,0.5841
vrikshasana_tf_0073,vrikshasana,,TF,test,unlabelled,,Apache-2.0,data/datasets/yoga_poses/test/tree/guy3_tree157.jpg,True,300,300,True,0.9734,0.1297,172.832,65.395,177.876,163.658,156.005,155.984,176.974,121.988,13.84,8.264,65.395,172.832,163.658,177.876,8.264,13.84,121.988,176.974,156.982,162.909,176.974,172.832,177.876,156.982,9.011,9.011,28.345,1.353,35.769,23.161,-0.9877,-0.2539,1.0229,0.1525,0.549676,0.221464,-0.103415,0.9984,0.560315,0.206432,-0.123879,0.999,0.564068,0.206314,-0.123429,0.9991,0.567704,0.206397,-0.123106,0.9991,0.556372,0.205791,-0.089216,0.9989,0.557489,0.205224,-0.089889,0.9981,0.558588,0.204682,-0.089482,0.9984,0.589775,0.212103,-0.169535,0.9989,0.576963,0.211405,-0.029338,0.9979,0.56154,0.236566,-0.117228,0.998,0.55616,0.236053,-0.075859,0.9968,0.62755,0.283653,-0.230178,0.9984,0.589951,0.284541,0.046536,0.9734,0.595435,0.162247,-0.361706,0.994,0.557764,0.165985,0.148374,0.1297,0.571947,0.057962,-0.384131,0.9465,0.559586,0.075478,0.078389,0.2584,0.569361,0.026321,-0.412331,0.9278,0.559767,0.045156,0.068713,0.3234,0.571354,0.024217,-0.401299,0.9146,0.56332,0.043704,0.049638,0.3167,0.571593,0.038306,-0.379978,0.8927,0.567585,0.048852,0.063817,0.3453,0.586237,0.539347,-0.096244,0.9998,0.553991,0.516117,0.097467,0.995,0.568315,0.705616,-0.104392,0.9903,0.462631,0.555201,0.313884,0.3267,0.571499,0.885221,-0.112129,0.994,0.549279,0.633861,0.521793,0.3252,0.583988,0.91238,-0.118445,0.9807,0.546495,0.623377,0.535899,0.4922,0.491812,0.928023,-0.195546,0.9891,0.519758,0.652644,0.552803,0.5601
vrikshasana_tf_0074,vrikshasana,,TF,test,unlabelled,,Apache-2.0,data/datasets/yoga_poses/test/tree/guy3_tree158.jpg,True,300,300,True,0.963,0.0976,173.479,55.863,173.434,164.173,154.187,155.088,176.453,122.253,13.566,8.725,55.863,173.479,164.173,173.434,8.725,13.566,122.253,176.453,157.224,162.497,176.453,173.479,173.434,157.224,9.006,9.006,29.025,7.746,31.146,23.475,-0.9877,-0.2376,1.0877,0.1693,0.546692,0.228801,-0.090065,0.9981,0.55668,0.214305,-0.110961,0.9987,0.560576,0.213903,-0.11051,0.9988,0.564585,0.21369,-0.110227,0.9989,0.553579,0.214171,-0.076484,0.9984,0.554998,0.21355,-0.077161,0.9973,0.556537,0.212964,-0.076799,0.9978,0.588819,0.218874,-0.157778,0.9984,0.576326,0.219148,-0.01795,0.9967,0.55905,0.242165,-0.104471,0.9969,0.554031,0.242016,-0.063115,0.9951,0.628496,0.285018,-0.216119,0.9975,0.586812,0.290687,0.055782,0.963,0.592102,0.162961,-0.339472,0.9932,0.554925,0.180454,0.149729,0.0976,0.573001,0.055036,-0.3513,0.9498,0.554383,0.079385,0.068177,0.2358,0.572114,0.029032,-0.376469,0.9305,0.547327,0.063922,0.057024,0.3099,0.574202,0.027349,-0.364978,0.9184,0.554272,0.052566,0.037234,0.3062,0.573453,0.040343,-0.346539,0.8979,0.554429,0.058337,0.052627,0.3373,0.586496,0.544033,-0.095281,0.9998,0.551005,0.522583,0.096504,0.9943,0.569757,0.712844,-0.103334,0.9867,0.457016,0.563402,0.275189,0.3398,0.572352,0.886075,-0.111441,0.9941,0.542212,0.617444,0.4848,0.2954,0.58806,0.913138,-0.116524,0.9826,0.579607,0.638015,0.499797,0.526,0.493999,0.930475,-0.197105,0.9898,0.538466,0.675837,0.515963,0.5148
vrikshasana_tf_0075,vrikshasana,,TF,test,unlabelled,,Apache-2.0,data/datasets/yoga_poses/test/tree/guy3_tree159.jpg,True,300,300,True,0.9718,0.1147,173.239,63.596,171.752,162.913,153.091,154.37,176.103,123.416,13.573,9.098,63.596,173.239,162.913,171.752,9.098,13.573,123.416,176.103,156.944,162.011,176.103,173.239,171.752,156.944,9.205,9.205,28.162,4.286,35.948,24.525,-0.9871,-0.2132,1.0691,0.1681,0.551836,0.2365,-0.101593,0.998,0.56169,0.219774,-0.123397,0.9987,0.565389,0.219385,-0.122867,0.9988,0.56908,0.219233,-0.122533,0.9989,0.558096,0.218762,-0.089104,0.9985,0.559218,0.217639,-0.089803,0.9977,0.560369,0.216629,-0.08943,0.998,0.591902,0.223937,-0.171859,0.9987,0.578429,0.22292,-0.033522,0.9972,0.562754,0.249957,-0.116128,0.9969,0.55789,0.248951,-0.075279,0.9955,0.629336,0.288784,-0.232926,0.9981,0.586983,0.291959,0.043686,0.9718,0.590884,0.166274,-0.365218,0.9942,0.552738,0.178096,0.153479,0.1147,0.57293,0.05514,-0.400113,0.9512,0.553324,0.081778,0.107396,0.2517,0.569686,0.029062,-0.42872,0.9344,0.553119,0.052449,0.100724,0.3223,0.572208,0.027617,-0.420248,0.9257,0.556371,0.05277,0.085101,0.3164,0.57247,0.038753,-0.396937,0.9084,0.554908,0.058747,0.095032,0.3501,0.585272,0.552559,-0.096141,0.9998,0.550194,0.527122,0.097287,0.9958,0.569298,0.715845,-0.095686,0.9858,0.467671,0.564773,0.341778,0.1934,0.57284,0.888613,-0.09525,0.9925,0.536757,0.620859,0.561076,0.2492,0.587087,0.91621,-0.098882,0.9833,0.550002,0.635254,0.576768,0.4586,0.493907,0.931719,-0.174158,0.9878,0.521643,0.681123,0.587632,0.4883
vrikshasana_tf_0076,vrikshasana,,TF,test,unlabelled,,Apache-2.0,data/datasets/yoga_poses/test/tree/guy3_tree160.jpg,True,300,300,True,0.9802,0.2127,174.223,59.339,173.121,164.722,153.414,152.959,175.289,121.345,13.593,11.161,59.339,174.223,164.722,173.121,11.161,13.593,121.345,175.289,156.68,160.155,175.289,174.223,173.121,156.68,9.237,9.237,26.428,6.489,33.65,22.661,-0.987,-0.2365,1.0603,0.1818,0.549929,0.227865,-0.09977,0.9983,0.561117,0.213214,-0.120422,0.9988,0.564968,0.213105,-0.119913,0.9989,0.568777,0.213146,-0.119652,0.999,0.557435,0.212695,-0.086635,0.9987,0.558634,0.21212,-0.087312,0.9981,0.559935,0.21159,-0.086876,0.9984,0.592041,0.219306,-0.165727,0.9989,0.579427,0.218752,-0.029993,0.998,0.560974,0.241862,-0.113426,0.9977,0.555522,0.241635,-0.073311,0.9968,0.630167,0.285563,-0.228216,0.9986,0.584092,0.290803,0.046012,0.9802,0.59276,0.162124,-0.341687,0.9954,0.546871,0.178635,0.145409,0.2127,0.572551,0.047279,-0.356336,0.9733,0.541214,0.073482,0.080792,0.4391,0.567029,0.021188,-0.382061,0.9606,0.537864,0.047455,0.069365,0.4839,0.571119,0.020227,-0.374267,0.9546,0.542376,0.041677,0.055318,0.4742,0.571999,0.028987,-0.353533,0.9418,0.54388,0.053792,0.067693,0.5055,0.58447,0.552147,-0.095402,0.9998,0.547894,0.5278,0.096529,0.9962,0.56975,0.719855,-0.091306,0.9887,0.457922,0.565363,0.295448,0.3826,0.572042,0.892375,-0.090908,0.9944,0.536905,0.624189,0.51074,0.3796,0.586143,0.918956,-0.095182,0.9846,0.550819,0.636889,0.526395,0.5765,0.492097,0.934503,-0.171942,0.99,0.532829,0.68031,0.542525,0.596
vrikshasana_tf_0077,vrikshasana,,TF,test,unlabelled,,Apache-2.0,data/datasets/yoga_poses/test/tree/guy3_tree161.jpg,True,300,300,True,0.9913,0.2933,175.021,67.024,174.103,163.882,156.391,148.263,174.804,121.798,11.163,16.213,67.024,175.021,163.882,174.103,11.163,16.213,121.798,174.804,155.791,159.163,174.804,175.021,174.103,159.163,8.885,8.885,27.265,5.327,35.772,23.802,-0.988,-0.2564,0.9881,0.1817,0.543346,0.225619,-0.09571,0.9992,0.555613,0.212245,-0.118243,0.9994,0.559248,0.212326,-0.117635,0.9994,0.563042,0.212661,-0.117296,0.9994,0.552748,0.211798,-0.083859,0.9993,0.5542,0.211451,-0.084518,0.999,0.555714,0.211202,-0.084084,0.9992,0.587097,0.219866,-0.164349,0.9993,0.575448,0.218475,-0.027176,0.9991,0.555255,0.239609,-0.10926,0.9987,0.550704,0.239289,-0.068888,0.9983,0.628529,0.289299,-0.220607,0.999,0.58206,0.293632,0.056562,0.9913,0.59705,0.162434,-0.33548,0.9949,0.533942,0.184227,0.187189,0.3473,0.580832,0.047585,-0.36338,0.9768,0.520037,0.080327,0.184222,0.6092,0.575003,0.021542,-0.387806,0.9653,0.515432,0.053959,0.17644,0.5968,0.575767,0.018728,-0.386084,0.9627,0.525325,0.050785,0.171343,0.5842,0.57636,0.027934,-0.363479,0.9528,0.52855,0.058365,0.175977,0.6071,0.582801,0.557543,-0.094988,0.9998,0.548463,0.532803,0.096086,0.9978,0.569901,0.722262,-0.078357,0.9871,0.465368,0.569457,0.353412,0.2933,0.571396,0.893215,-0.085876,0.993,0.541725,0.641215,0.568366,0.3592,0.585848,0.919943,-0.089818,0.9849,0.57157,0.678156,0.584658,0.5771,0.495273,0.936124,-0.163037,0.9873,0.519769,0.702303,0.598792,0.616
vrikshasana_tf_0078,vrikshasana,,TF,test,unlabelled,,Apache-2.0,data/datasets/yoga_poses/test/tree/guy3_tree162.jpg,True,300,300,True,0.9856,0.295,174.131,65.96,174.603,165.873,157.482,149.257,175.802,124.349,10.627,15.665,65.96,174.131,165.873,174.603,10.627,15.665,124.349,175.802,156.077,159.929,175.802,174.131,174.603,159.929,8.893,8.893,28.606,9.728,34.614,26.091,-0.988,-0.2748,1.0419,0.1957,0.542054,0.225803,-0.091595,0.9985,0.554212,0.212328,-0.110409,0.999,0.558043,0.212322,-0.109796,0.999,0.561823,0.212613,-0.109567,0.999,0.550503,0.212879,-0.077599,0.9988,0.55151,0.212948,-0.078255,0.9979,0.552537,0.213045,-0.077838,0.9983,0.583741,0.222515,-0.149772,0.9988,0.570984,0.22307,-0.017494,0.9981,0.553775,0.239821,-0.103611,0.9977,0.54816,0.239964,-0.064755,0.9968,0.627124,0.29032,-0.208546,0.9984,0.578951,0.298578,0.064046,0.9856,0.597074,0.160927,-0.304301,0.9947,0.533665,0.189163,0.175813,0.295,0.58235,0.051699,-0.295774,0.9752,0.517596,0.07978,0.131166,0.5795,0.57711,0.024308,-0.317573,0.9609,0.511074,0.051927,0.120951,0.5857,0.576829,0.023066,-0.309305,0.9557,0.52244,0.04802,0.110834,0.5742,0.576921,0.030342,-0.292459,0.945,0.526234,0.056399,0.119407,0.6068,0.583229,0.554231,-0.094811,0.9997,0.545615,0.528269,0.096028,0.9971,0.567594,0.724531,-0.082318,0.9924,0.462569,0.568937,0.302853,0.4346,0.569441,0.894286,-0.08619,0.9956,0.542202,0.635446,0.514291,0.3933,0.583716,0.921156,-0.090124,0.9865,0.575932,0.660814,0.53048,0.5911,0.49599,0.938269,-0.171184,0.9912,0.527026,0.690736,0.546587,0.6325
vrikshasana_tf_0079,vrikshasana,,TF,test,unlabelled,,Apache-2.0,data/datasets/yoga_poses/test/tree/guy3_tree163.jpg,True,300,300,True,0.9891,0.4405,175.305,58.819,173.95,165.045,158.139,147.909,174.95,122.249,9.345,16.093,58.819,175.305,165.045,173.95,9.345,16.093,122.249,174.95,155.039,160.993,174.95,175.305,173.95,160.993,9.291,9.291,23.329,5.257,33.687,23.381,-0.9869,-0.2888,1.0848,0.2001,0.549785,0.229781,-0.099432,0.999,0.561843,0.216977,-0.117877,0.9992,0.565173,0.217659,-0.117338,0.9992,0.568693,0.21859,-0.117078,0.9991,0.558185,0.21656,-0.085763,0.9992,0.558934,0.216792,-0.0864,0.9989,0.55982,0.217095,-0.085948,0.9991,0.588548,0.231347,-0.15734,0.9989,0.576469,0.23038,-0.027894,0.9991,0.55882,0.245361,-0.111879,0.9982,0.553403,0.244776,-0.073653,0.998,0.62484,0.299109,-0.220061,0.9982,0.575441,0.303655,0.056087,0.9891,0.597171,0.171125,-0.318506,0.9958,0.52976,0.197191,0.163884,0.4405,0.584641,0.054837,-0.320257,0.9832,0.514573,0.092679,0.108774,0.7235,0.578883,0.028665,-0.343341,0.9718,0.50732,0.072075,0.097752,0.7107,0.580043,0.026272,-0.335772,0.9678,0.520105,0.060442,0.085741,0.7036,0.58012,0.034909,-0.317391,0.96,0.522424,0.072909,0.096331,0.7231,0.580487,0.559637,-0.094211,0.9995,0.539739,0.532476,0.095476,0.9968,0.566725,0.730245,-0.077982,0.9936,0.452551,0.570171,0.256162,0.6366,0.566968,0.897849,-0.075025,0.9967,0.537371,0.630534,0.463087,0.5086,0.58125,0.924915,-0.078895,0.9878,0.574992,0.651623,0.478376,0.6639,0.492785,0.939165,-0.157532,0.9933,0.538476,0.688732,0.49829,0.7071
vrikshasana_tf_0080,vrikshasana,,TF,test,unlabelled,,Apache-2.0,data/datasets/yoga_poses/test/tree/guy3_tree164.jpg,True,300,300,True,0.9909,0.512,173.327,61.593,174.849,163.049,161.094,146.723,175.974,124.148,6.847,15.864,61.593,173.327,163.049,174.849,6.847,15.864,124.148,175.974,155.079,163.459,175.974,173.327,174.849,163.459,9.395,9.395,25.459,1.223,35.174,25.091,-0.9866,-0.2856,1.0772,0.1948,0.547655,0.230677,-0.099892,0.9991,0.559069,0.217862,-0.117048,0.9993,0.562414,0.21848,-0.116506,0.9993,0.565913,0.219311,-0.116238,0.9992,0.555708,0.217607,-0.085443,0.9993,0.556565,0.21792,-0.086046,0.9989,0.557568,0.218264,-0.085618,0.9991,0.586424,0.231972,-0.15387,0.9989,0.574811,0.231106,-0.025976,0.9991,0.556844,0.246648,-0.111793,0.9985,0.551643,0.246353,-0.073913,0.9982,0.624659,0.300581,-0.217316,0.9984,0.576632,0.301606,0.055599,0.9909,0.603816,0.172063,-0.315636,0.9965,0.529908,0.197739,0.151747,0.558,0.59599,0.061824,-0.314683,0.9862,0.515893,0.087869,0.078589,0.8263,0.596946,0.032161,-0.336524,0.9752,0.50982,0.0623,0.066501,0.8072,0.595644,0.030159,-0.32602,0.9713,0.522088,0.057408,0.053448,0.8016,0.592681,0.03972,-0.310625,0.9649,0.525791,0.065836,0.065045,0.816,0.580583,0.558601,-0.094736,0.9995,0.540202,0.530143,0.096045,0.997,0.563635,0.729364,-0.08621,0.9935,0.452049,0.571419,0.240386,0.6616,0.566598,0.898171,-0.085178,0.9965,0.536898,0.634209,0.442897,0.512,0.580772,0.9251,-0.089423,0.9867,0.573768,0.657979,0.457701,0.6582,0.492573,0.940949,-0.168436,0.9929,0.535481,0.692459,0.47851,0.7015
vrikshasana_tf_0081,vrikshasana,,TF,test,unlabelled,,Apache-2.0,data/datasets/yoga_poses/test/tree/guy3_tree165.jpg,True,300,300,True,0.9909,0.3611,175.812,61.15,173.223,164.109,158.354,143.736,174.083,122.791,8.107,18.639,61.15,175.812,164.109,173.223,8.107,18.639,122.791,174.083,151.465,161.564,174.083,175.812,173.223,161.564,10.129,10.129,30.286,11.811,35.37,22.895,-0.9844,-0.2822,1.0888,0.1999,0.54297,0.235278,-0.082191,0.9992,0.553316,0.222646,-0.103219,0.9993,0.556674,0.22267,-0.102634,0.9993,0.56003,0.222873,-0.10241,0.9993,0.550278,0.222973,-0.069557,0.9994,0.551371,0.22305,-0.070248,0.9992,0.552446,0.223117,-0.06981,0.9993,0.581837,0.231733,-0.148068,0.9992,0.569918,0.232286,-0.01166,0.9993,0.553823,0.250208,-0.095996,0.9986,0.54913,0.250292,-0.056021,0.9983,0.62705,0.300217,-0.204211,0.9985,0.578506,0.310368,0.069403,0.9909,0.601212,0.171114,-0.307874,0.9959,0.526327,0.205111,0.192481,0.3611,0.591834,0.053004,-0.314048,0.9807,0.506088,0.095669,0.171556,0.6461,0.590619,0.02827,-0.334549,0.9671,0.4988,0.070773,0.162209,0.6207,0.590193,0.025717,-0.332083,0.9635,0.513222,0.065091,0.15781,0.6095,0.588123,0.036712,-0.3132,0.9564,0.518587,0.072322,0.162991,0.641,0.579042,0.563645,-0.093415,0.9996,0.53925,0.535398,0.094603,0.9975,0.565709,0.736465,-0.06467,0.9924,0.455359,0.570827,0.258357,0.6004,0.565074,0.899224,-0.053098,0.9962,0.531865,0.63115,0.47012,0.4663,0.579385,0.925504,-0.055702,0.9845,0.567192,0.656026,0.486448,0.655,0.491481,0.943623,-0.138032,0.9916,0.521891,0.696421,0.50307,0.6798
vrikshasana_tf_0082,vrikshasana,,TF,test,unlabelled,,Apache-2.0,data/datasets/yoga_poses/test/tree/guy3_tree166.jpg,True,300,300,True,0.9919,0.4695,173.909,66.121,171.497,161.898,159.344,142.288,175.611,124.66,6.602,19.319,66.121,173.909,161.898,171.497,6.602,19.319,124.66,175.611,151.254,163.349,175.611,173.909,171.497,163.349,9.763,9.763,30.4,10.53,35.901,25.233,-0.9855,-0.2778,1.0176,0.2074,0.544455,0.240174,-0.087848,0.9993,0.553493,0.227985,-0.106957,0.9994,0.556931,0.2278,-0.106404,0.9994,0.560495,0.22777,-0.106139,0.9994,0.549953,0.228936,-0.074314,0.9994,0.550768,0.229217,-0.074982,0.9992,0.551681,0.229451,-0.074538,0.9994,0.581849,0.237045,-0.146288,0.9992,0.567936,0.238716,-0.014378,0.9994,0.555702,0.254778,-0.099765,0.9988,0.550595,0.255215,-0.060935,0.9986,0.626159,0.30332,-0.201631,0.9986,0.5764,0.31257,0.066288,0.9919,0.60175,0.172974,-0.302647,0.9961,0.522151,0.211753,0.175701,0.4695,0.597415,0.054971,-0.306539,0.9831,0.502286,0.101158,0.127981,0.7338,0.596231,0.030963,-0.327644,0.9718,0.494711,0.079379,0.117336,0.7117,0.594853,0.028238,-0.322164,0.9684,0.509911,0.070132,0.108726,0.7035,0.592366,0.038232,-0.304305,0.9622,0.514005,0.080863,0.116914,0.7275,0.580137,0.563033,-0.09412,0.9996,0.539678,0.533745,0.095339,0.9974,0.562981,0.736122,-0.083726,0.9932,0.452929,0.574627,0.264778,0.5827,0.564235,0.902855,-0.082844,0.9969,0.546038,0.655246,0.470617,0.4894,0.580371,0.928925,-0.086527,0.9886,0.568364,0.658991,0.485858,0.6727,0.489548,0.948147,-0.170229,0.9936,0.523775,0.699826,0.500689,0.7042
vrikshasana_tf_0083,vrikshasana,,TF,test,unlabelled,,Apache-2.0,data/datasets/yoga_poses/test/tree/guy3_tree167.jpg,True,300,300,True,0.9938,0.3939,175.451,62.348,168.741,164.3,159.487,143.674,174.865,124.606,5.354,19.912,62.348,175.451,164.3,168.741,5.354,19.912,124.606,174.865,151.409,164.855,174.865,175.451,168.741,164.855,9.273,9.273,27.452,8.001,32.955,25.928,-0.9869,-0.2703,1.0799,0.206,0.544592,0.240924,-0.093247,0.9993,0.554367,0.228762,-0.113272,0.9995,0.55802,0.228752,-0.112658,0.9995,0.561738,0.22875,-0.112345,0.9995,0.550296,0.229116,-0.080362,0.9995,0.55098,0.22928,-0.081011,0.9993,0.551774,0.229324,-0.080522,0.9995,0.58191,0.237533,-0.153835,0.9994,0.567491,0.239025,-0.02285,0.9994,0.555219,0.256249,-0.105388,0.999,0.549406,0.256276,-0.066841,0.9987,0.622672,0.304119,-0.210335,0.9994,0.572295,0.3112,0.061925,0.9938,0.598655,0.177284,-0.30453,0.9961,0.519851,0.211086,0.187156,0.4825,0.599757,0.059604,-0.312108,0.9848,0.497122,0.103675,0.169322,0.7466,0.60242,0.037091,-0.332902,0.9751,0.489598,0.08062,0.159026,0.7117,0.597698,0.035302,-0.331125,0.9728,0.50611,0.073828,0.153933,0.7005,0.59454,0.042478,-0.311626,0.966,0.510256,0.08374,0.160346,0.7211,0.57776,0.564376,-0.094175,0.9999,0.537624,0.538356,0.095313,0.9985,0.564116,0.731897,-0.079788,0.9925,0.455552,0.578257,0.329001,0.4546,0.563798,0.901811,-0.093552,0.996,0.534795,0.636724,0.562403,0.3939,0.576412,0.928706,-0.097682,0.9863,0.567397,0.663318,0.580759,0.6011,0.487586,0.949237,-0.173092,0.9921,0.526027,0.682444,0.607315,0.6565
vrikshasana_tf_0084,vrikshasana,,TF,test,unlabelled,,Apache-2.0,data/datasets/yoga_poses/test/tree/guy3_tree168.jpg,True,300,300,True,0.995,0.2678,174.777,58.365,167.085,158.658,158.248,141.788,175.821,125.33,6.097,19.961,58.365,174.777,158.658,167.085,6.097,19.961,125.33,175.821,152.434,164.615,175.821,174.777,167.085,164.615,8.499,8.499,25.317,3.19,34.857,27.725,-0.989,-0.2534,1.1207,0.2021,0.542428,0.247347,-0.092624,0.9993,0.553025,0.234385,-0.113489,0.9994,0.557138,0.233991,-0.112849,0.9994,0.561497,0.233585,-0.112451,0.9994,0.548853,0.23501,-0.080194,0.9995,0.549553,0.235008,-0.080831,0.9993,0.550512,0.234868,-0.080391,0.9994,0.581724,0.23982,-0.155114,0.9994,0.56802,0.241229,-0.024503,0.9995,0.553015,0.260847,-0.105169,0.9991,0.547439,0.260481,-0.066697,0.9988,0.620348,0.307958,-0.215396,0.9993,0.570995,0.310709,0.061612,0.995,0.593598,0.186941,-0.32348,0.9943,0.514648,0.215456,0.194871,0.4983,0.594546,0.066415,-0.344289,0.9767,0.496917,0.106751,0.197259,0.7403,0.591713,0.044301,-0.365356,0.9657,0.494395,0.07989,0.187828,0.704,0.583409,0.044492,-0.364351,0.9628,0.506638,0.075401,0.184473,0.6912,0.580683,0.054263,-0.34442,0.9525,0.509014,0.085695,0.189334,0.7104,0.578413,0.564389,-0.094195,0.9999,0.540636,0.538078,0.095247,0.9986,0.563222,0.734298,-0.086549,0.9889,0.456871,0.582103,0.357097,0.3193,0.563561,0.905067,-0.115894,0.9949,0.540914,0.631885,0.595455,0.2678,0.576999,0.932746,-0.121117,0.9845,0.56812,0.659755,0.614489,0.4934,0.487993,0.955224,-0.192521,0.99,0.520555,0.689288,0.649315,0.547
vrikshasana_tf_0085,vrikshasana,,TF,test,unlabelled,,Apache-2.0,data/datasets/yoga_poses/test/tree/guy3_tree169.jpg,True,300,300,True,0.9951,0.2894,174.629,61.533,167.228,158.366,160.331,141.667,175.094,125.487,3.627,20.085,61.533,174.629,158.366,167.228,3.627,20.085,125.487,175.094,152.228,166.745,175.094,174.629,167.228,166.745,8.716,8.716,25.941,3.861,33.13,27.8,-0.9885,-0.2359,1.108,0.2072,0.540905,0.25174,-0.11174,0.9989,0.551688,0.237693,-0.130728,0.9992,0.556347,0.237114,-0.130097,0.9992,0.561146,0.236511,-0.129783,0.9992,0.546091,0.238911,-0.09859,0.9992,0.546269,0.239133,-0.099228,0.9988,0.546682,0.239153,-0.098744,0.9991,0.582502,0.242656,-0.165198,0.9992,0.566136,0.244973,-0.03879,0.9991,0.552591,0.264836,-0.121515,0.9987,0.54534,0.264817,-0.08436,0.9983,0.620299,0.308184,-0.223473,0.9994,0.569317,0.311625,0.049973,0.9951,0.598748,0.186466,-0.308733,0.9956,0.512235,0.215279,0.165463,0.5295,0.60469,0.061919,-0.304272,0.9831,0.495497,0.109736,0.135203,0.7763,0.606652,0.033179,-0.324509,0.9732,0.490889,0.083808,0.121938,0.7417,0.601498,0.030931,-0.320077,0.9707,0.504574,0.079081,0.116042,0.7291,0.596851,0.042939,-0.302986,0.9626,0.508085,0.088267,0.125326,0.7455,0.576547,0.566104,-0.093053,0.9999,0.538335,0.541165,0.094142,0.9986,0.56249,0.736297,-0.088421,0.9898,0.457619,0.583722,0.336413,0.3496,0.564423,0.906808,-0.117546,0.9949,0.534736,0.635217,0.568864,0.2894,0.575359,0.934912,-0.12287,0.9855,0.565164,0.667151,0.587481,0.5085,0.487119,0.957096,-0.195885,0.9901,0.526187,0.676155,0.618197,0.5617
vrikshasana_tf_0086,vrikshasana,,TF,test,unlabelled,,Apache-2.0,data/datasets/yoga_poses/test/tree/guy3_tree170.jpg,True,300,300,True,0.9962,0.3895,177.047,62.612,166.047,161.925,160.864,143.298,174.334,123.425,2.653,19.911,62.612,177.047,161.925,166.047,2.653,19.911,123.425,174.334,151.782,167.958,174.334,177.047,166.047,167.958,8.879,8.879,25.033,1.724,33.003,25.117,-0.988,-0.2596,1.1046,0.1973,0.539528,0.251916,-0.081143,0.9996,0.550695,0.237763,-0.100677,0.9996,0.555201,0.237495,-0.100104,0.9996,0.560013,0.23734,-0.099794,0.9996,0.54548,0.238637,-0.067978,0.9996,0.545715,0.238909,-0.068623,0.9996,0.546212,0.239018,-0.068155,0.9997,0.581683,0.245525,-0.140337,0.9995,0.566585,0.245967,-0.010889,0.9997,0.550346,0.266316,-0.093147,0.9993,0.543828,0.265891,-0.055093,0.9993,0.618514,0.314809,-0.197972,0.9992,0.570184,0.316263,0.070728,0.9962,0.597984,0.195294,-0.296482,0.9964,0.514394,0.213059,0.194563,0.6037,0.60718,0.070254,-0.30781,0.984,0.495787,0.110866,0.173631,0.8201,0.608764,0.044568,-0.325936,0.9736,0.49299,0.085568,0.161814,0.777,0.60274,0.04176,-0.325967,0.9711,0.506292,0.08161,0.158956,0.7656,0.599409,0.050241,-0.307932,0.9652,0.509474,0.090465,0.165803,0.7814,0.576236,0.570504,-0.092436,0.9998,0.5368,0.544892,0.093571,0.9987,0.564994,0.74328,-0.08449,0.991,0.457202,0.582208,0.288534,0.5011,0.562734,0.911466,-0.104195,0.9958,0.535293,0.642117,0.510503,0.3895,0.572663,0.935286,-0.109478,0.9852,0.561827,0.665715,0.527324,0.6077,0.483122,0.95955,-0.189376,0.9911,0.514458,0.702417,0.551034,0.635
vrikshasana_tf_0087,vrikshasana,,TF,test,unlabelled,,Apache-2.0,data/datasets/yoga_poses/test/tree/guy3_tree171.jpg,True,300,300,True,0.9955,0.3423,176.565,61.432,165.19,159.015,157.992,140.815,173.418,126.386,4.05,20.094,61.432,176.565,159.015,165.19,4.05,20.094,126.386,173.418,151.018,165.52,173.418,176.565,165.19,165.52,9.706,9.706,25.325,1.174,33.318,27.497,-0.9857,-0.244,1.1532,0.2128,0.541556,0.256783,-0.086006,0.9994,0.551993,0.240656,-0.109673,0.9994,0.556534,0.239873,-0.109133,0.9994,0.561632,0.23901,-0.108827,0.9994,0.54607,0.24188,-0.075456,0.9995,0.545838,0.241995,-0.076166,0.9995,0.545772,0.241996,-0.075682,0.9995,0.583767,0.243558,-0.156701,0.9993,0.566177,0.245768,-0.021473,0.9995,0.553245,0.270523,-0.09927,0.9992,0.546055,0.270415,-0.059575,0.999,0.621199,0.316112,-0.210234,0.9991,0.568995,0.317182,0.062599,0.9955,0.596804,0.197043,-0.322932,0.9959,0.512767,0.220944,0.192731,0.4689,0.603886,0.071624,-0.350888,0.9852,0.495694,0.116807,0.181218,0.7107,0.605367,0.042192,-0.37233,0.9773,0.492512,0.094954,0.170275,0.6729,0.601406,0.039958,-0.375246,0.9754,0.503301,0.089094,0.168684,0.6601,0.598336,0.050887,-0.352257,0.9688,0.506027,0.097642,0.174631,0.6772,0.574115,0.571898,-0.092436,0.9998,0.533349,0.545102,0.093521,0.9984,0.562781,0.740384,-0.078494,0.9887,0.453286,0.586774,0.288599,0.4364,0.561515,0.915677,-0.091771,0.9953,0.525088,0.635086,0.520599,0.3423,0.571512,0.937838,-0.096309,0.9829,0.553272,0.665234,0.538407,0.5972,0.482767,0.962184,-0.175536,0.9898,0.504943,0.704047,0.561144,0.5891
vrikshasana_tf_0088,vrikshasana,,TF,test,unlabelled,,Apache-2.0,data/datasets/yoga_poses/test/tree/guy3_tree172.jpg,True,300,300,True,0.994,0.2724,176.47,64.976,167.439,161.882,160.109,143.656,173.843,125.06,3.667,19.674,64.976,176.47,161.882,167.439,3.667,19.674,125.06,173.843,152.127,166.455,173.843,176.47,167.439,166.455,9.092,9.092,26.536,4.078,33.025,26.861,-0.9874,-0.2467,1.108,0.211,0.535819,0.25782,-0.091275,0.9992,0.546283,0.241594,-0.113505,0.9993,0.550803,0.240912,-0.11292,0.9994,0.555928,0.240132,-0.112644,0.9993,0.540328,0.242839,-0.079133,0.9994,0.540187,0.242996,-0.079831,0.9993,0.540187,0.243058,-0.079377,0.9994,0.579327,0.245292,-0.156838,0.9993,0.561638,0.246428,-0.020286,0.9995,0.54809,0.272176,-0.103772,0.9989,0.541218,0.272331,-0.063763,0.9986,0.618902,0.316278,-0.206046,0.999,0.567471,0.319945,0.063772,0.994,0.597175,0.193218,-0.306707,0.9943,0.512496,0.217175,0.197493,0.3867,0.602847,0.065755,-0.318234,0.9743,0.494663,0.116304,0.19267,0.6173,0.603051,0.039805,-0.338622,0.9624,0.491569,0.091096,0.180483,0.5812,0.596987,0.039261,-0.340643,0.9593,0.503821,0.085366,0.178556,0.5653,0.593208,0.050073,-0.31945,0.9489,0.50694,0.094159,0.185394,0.5887,0.574327,0.572259,-0.091542,0.9998,0.534814,0.546575,0.092618,0.9981,0.562925,0.747575,-0.073223,0.9863,0.456033,0.586474,0.303694,0.3824,0.562372,0.913282,-0.092762,0.9933,0.529939,0.644455,0.533034,0.2724,0.573233,0.937006,-0.097825,0.9777,0.558873,0.667428,0.551452,0.5189,0.481708,0.962692,-0.174742,0.9858,0.51034,0.701538,0.578177,0.5211
vrikshasana_tf_0089,vrikshasana,,TF,test,unlabelled,,Apache-2.0,data/datasets/yoga_poses/test/tree/guy3_tree173.jpg,True,300,300,True,0.9923,0.3447,176.254,69.836,163.248,165.155,158.484,145.107,175.487,123.265,3.311,19.601,69.836,176.254,163.248,165.155,3.311,19.601,123.265,175.487,152.388,167.147,175.487,176.254,163.248,167.147,8.823,8.823,25.855,2.159,32.0,25.253,-0.9882,-0.2547,0.9977,0.2163,0.535247,0.259453,-0.08991,0.999,0.545873,0.24297,-0.11075,0.9991,0.550127,0.242334,-0.110224,0.9991,0.555207,0.241611,-0.109988,0.9991,0.540643,0.244081,-0.077306,0.9992,0.540742,0.244184,-0.077966,0.9992,0.541002,0.244186,-0.077571,0.9993,0.579043,0.248077,-0.151978,0.9989,0.561304,0.249167,-0.018345,0.9993,0.546745,0.274263,-0.101987,0.9986,0.540238,0.273984,-0.062708,0.9984,0.618677,0.320313,-0.206691,0.9983,0.566199,0.322291,0.063844,0.9923,0.593374,0.200996,-0.31258,0.9949,0.51601,0.223285,0.178041,0.4087,0.604249,0.070903,-0.32515,0.9784,0.493725,0.118769,0.141995,0.6665,0.605258,0.042463,-0.345829,0.9668,0.490337,0.094686,0.129007,0.6415,0.59999,0.040893,-0.345728,0.9634,0.500969,0.089618,0.124593,0.6304,0.5973,0.051664,-0.325113,0.9558,0.503722,0.098384,0.133177,0.6548,0.575991,0.57423,-0.091906,0.9997,0.534398,0.54824,0.093102,0.9972,0.560855,0.746213,-0.081546,0.9838,0.448468,0.588773,0.261981,0.4513,0.557048,0.916111,-0.085847,0.993,0.535746,0.674791,0.472768,0.3447,0.570885,0.941,-0.090141,0.9759,0.558357,0.67791,0.488158,0.5851,0.480004,0.962798,-0.173441,0.9857,0.511018,0.720239,0.502121,0.5711
vrikshasana_tf_0090,vrikshasana,,TF,test,unlabelled,,Apache-2.0,data/datasets/yoga_poses/test/tree/guy3_tree174.jpg,True,300,300,True,0.9943,0.353,176.142,75.624,165.37,165.712,159.498,144.844,174.785,128.303,3.293,19.819,75.624,176.142,165.37,165.712,3.293,19.819,128.303,174.785,151.7,166.943,174.785,176.142,165.37,166.943,9.161,9.161,24.179,3.798,29.887,29.821,-0.9872,-0.2594,0.9952,0.2174,0.538469,0.261529,-0.079107,0.999,0.549095,0.245416,-0.099929,0.9992,0.553895,0.244628,-0.099327,0.9992,0.559164,0.243901,-0.099093,0.9991,0.54285,0.246631,-0.06614,0.9992,0.542454,0.246648,-0.06681,0.9993,0.542198,0.246428,-0.066382,0.9993,0.581088,0.249585,-0.141951,0.999,0.56235,0.250146,-0.007227,0.9994,0.550136,0.277107,-0.091508,0.9986,0.542795,0.276331,-0.052067,0.9984,0.617552,0.322023,-0.196632,0.9986,0.565531,0.325476,0.073931,0.9943,0.59425,0.199154,-0.298477,0.9951,0.513245,0.221404,0.197569,0.4458,0.603043,0.069873,-0.309824,0.9769,0.490188,0.116418,0.178376,0.7005,0.60639,0.040475,-0.328524,0.9647,0.487113,0.093185,0.166659,0.6625,0.602504,0.038996,-0.330326,0.9615,0.499663,0.087924,0.165373,0.6495,0.598716,0.048966,-0.310292,0.9543,0.50286,0.096101,0.171372,0.6735,0.574425,0.572638,-0.091027,0.9998,0.532286,0.54842,0.092168,0.9982,0.560521,0.747386,-0.08418,0.9883,0.454372,0.59308,0.2823,0.4577,0.558474,0.91701,-0.096901,0.9941,0.538112,0.679199,0.502458,0.353,0.571435,0.942045,-0.101793,0.9781,0.558612,0.683666,0.519102,0.564,0.481571,0.964707,-0.183179,0.9868,0.511439,0.720235,0.53538,0.5857
vrikshasana_tf_0091,vrikshasana,,TF,test,unlabelled,,Apache-2.0,data/datasets/yoga_poses/test/tree/guy3_tree175.jpg,True,300,300,True,0.9936,0.3038,176.438,58.76,168.779,163.228,160.754,142.648,174.172,125.594,4.003,20.307,58.76,176.438,163.228,168.779,4.003,20.307,125.594,174.172,150.826,166.329,174.172,176.438,168.779,166.329,9.29,9.29,25.328,2.674,30.518,26.727,-0.9869,-0.2575,1.141,0.2021,0.535912,0.261127,-0.082309,0.999,0.546639,0.245395,-0.104259,0.9992,0.551208,0.244852,-0.103659,0.9992,0.556403,0.244365,-0.103393,0.9992,0.540196,0.246242,-0.070071,0.9993,0.539751,0.246397,-0.070748,0.9991,0.539426,0.246432,-0.070302,0.9993,0.578095,0.250602,-0.148167,0.9991,0.56088,0.250662,-0.012757,0.9994,0.547884,0.277659,-0.095227,0.9987,0.540354,0.277598,-0.055512,0.9984,0.6148,0.322242,-0.20131,0.9989,0.566001,0.324522,0.069766,0.9936,0.593826,0.197944,-0.3002,0.9937,0.512288,0.225538,0.19745,0.3647,0.597395,0.07352,-0.300189,0.9753,0.490522,0.120555,0.178761,0.6449,0.601886,0.038636,-0.317714,0.9637,0.487018,0.096068,0.164915,0.6147,0.598552,0.039654,-0.318836,0.96,0.497906,0.092447,0.162121,0.6,0.593662,0.050317,-0.300632,0.9491,0.500961,0.100385,0.17066,0.6239,0.5719,0.574085,-0.091133,0.9998,0.530846,0.549885,0.092228,0.9982,0.560416,0.745204,-0.078671,0.9873,0.449396,0.590898,0.271483,0.4849,0.559582,0.917448,-0.100006,0.9945,0.53254,0.642918,0.503906,0.3038,0.569893,0.941071,-0.105471,0.9757,0.561288,0.664577,0.522563,0.5438,0.480995,0.966434,-0.184969,0.9876,0.513986,0.704213,0.553802,0.5403
vrikshasana_tf_0092,vrikshasana,,TF,test,unlabelled,,Apache-2.0,data/datasets/yoga_poses/test/tree/guy3_tree176.jpg,True,300,300,True,0.994,0.2889,177.058,58.404,169.746,164.771,162.303,144.389,174.122,125.005,3.194,19.686,58.404,177.058,164.771,169.746,3.194,19.686,125.005,174.122,151.894,167.43,174.122,177.058,169.746,167.43,8.926,8.926,24.369,4.119,31.138,26.585,-0.9879,-0.2576,1.1575,0.2011,0.53607,0.263048,-0.084039,0.9989,0.54607,0.247323,-0.106411,0.9992,0.550622,0.246543,-0.105775,0.9992,0.555677,0.245863,-0.10545,0.9992,0.540324,0.248668,-0.071884,0.9992,0.540093,0.248794,-0.072535,0.9993,0.540027,0.248689,-0.072067,0.9993,0.577114,0.251758,-0.152348,0.9991,0.561181,0.25221,-0.01591,0.9994,0.5477,0.278641,-0.097538,0.9987,0.540529,0.278447,-0.057578,0.9984,0.613602,0.323491,-0.204216,0.9991,0.565163,0.32698,0.068237,0.994,0.59538,0.198894,-0.297122,0.9939,0.513358,0.226139,0.202953,0.3937,0.599628,0.073055,-0.297651,0.9742,0.490521,0.118346,0.19674,0.6851,0.603291,0.040404,-0.315015,0.9628,0.485281,0.093733,0.183494,0.6511,0.599776,0.040024,-0.317608,0.9598,0.49637,0.090214,0.182325,0.6356,0.594418,0.050526,-0.298578,0.9499,0.499984,0.097759,0.189545,0.6561,0.571933,0.575853,-0.092482,0.9999,0.531904,0.55167,0.093522,0.9982,0.561407,0.748059,-0.078677,0.9888,0.452992,0.59116,0.324548,0.3814,0.559764,0.917377,-0.103803,0.9948,0.530749,0.639408,0.560508,0.2889,0.570583,0.941665,-0.109267,0.9813,0.544458,0.643079,0.579272,0.536,0.48046,0.965501,-0.183643,0.9884,0.512701,0.696991,0.613911,0.5491
vrikshasana_tf_0093,vrikshasana,,TF,test,unlabelled,,Apache-2.0,data/datasets/yoga_poses/test/tree/guy3_tree177.jpg,True,300,300,True,0.9928,0.31,176.869,58.45,167.031,170.186,160.62,146.376,174.555,124.113,3.501,20.26,58.45,176.869,167.031,170.186,3.501,20.26,124.113,174.555,151.169,167.156,174.555,176.869,167.031,167.156,8.98,8.98,24.267,3.861,30.725,25.542,-0.9877,-0.2565,1.1347,0.1989,0.537337,0.264557,-0.086493,0.9989,0.547523,0.247846,-0.1085,0.9991,0.552132,0.247026,-0.1079,0.9991,0.557007,0.246275,-0.107623,0.9991,0.541266,0.249191,-0.074502,0.9992,0.540797,0.249206,-0.075186,0.9992,0.54044,0.248995,-0.074759,0.9992,0.57821,0.251708,-0.151039,0.9989,0.561127,0.252182,-0.016572,0.9993,0.549113,0.28013,-0.098635,0.9985,0.54119,0.279871,-0.059218,0.9983,0.614105,0.325029,-0.204939,0.9986,0.566071,0.328271,0.068195,0.9928,0.59206,0.200478,-0.318755,0.9943,0.517879,0.22517,0.198692,0.3566,0.598633,0.072137,-0.338157,0.9768,0.489331,0.120372,0.1904,0.6454,0.602302,0.041785,-0.357311,0.9661,0.483177,0.097494,0.177807,0.6176,0.59924,0.040579,-0.35988,0.9633,0.493985,0.093472,0.17653,0.6019,0.594972,0.050065,-0.339471,0.9553,0.498315,0.101838,0.183466,0.6239,0.57252,0.577775,-0.092153,0.9998,0.532086,0.553743,0.093254,0.9978,0.560829,0.749352,-0.081229,0.9846,0.450211,0.592868,0.285522,0.4323,0.558534,0.920778,-0.097891,0.9931,0.534137,0.647181,0.511603,0.31,0.569137,0.945187,-0.103072,0.9752,0.560596,0.674195,0.528978,0.5566,0.47916,0.963859,-0.180256,0.9845,0.512606,0.712535,0.554686,0.5415
vrikshasana_tf_0094,vrikshasana,,TF,test,unlabelled,,Apache-2.0,data/datasets/yoga_poses/test/tree/guy3_tree178.jpg,True,300,300,True,0.9932,0.3569,177.376,68.442,168.97,168.848,162.979,144.494,174.736,124.426,2.22,21.316,68.442,177.376,168.848,168.97,2.22,21.316,124.426,174.736,149.892,168.449,174.736,177.376,168.97,168.449,9.078,9.078,29.326,5.017,31.114,25.634,-0.9875,-0.2349,0.9984,0.1978,0.532005,0.267072,-0.09419,0.999,0.541648,0.250231,-0.117254,0.9992,0.545534,0.249593,-0.11668,0.9992,0.549934,0.248949,-0.116386,0.9992,0.536909,0.251032,-0.082702,0.9992,0.53706,0.250966,-0.083407,0.9992,0.537314,0.250859,-0.082933,0.9993,0.572447,0.253564,-0.162473,0.9991,0.556152,0.254613,-0.024241,0.9993,0.543401,0.281365,-0.106861,0.9986,0.537584,0.280449,-0.066393,0.9983,0.614647,0.32274,-0.2107,0.9989,0.566168,0.326996,0.058804,0.9932,0.597125,0.192978,-0.311457,0.9948,0.514443,0.224214,0.185596,0.3874,0.60463,0.064368,-0.32082,0.9777,0.485487,0.120233,0.169474,0.6552,0.60874,0.038148,-0.339783,0.9663,0.479318,0.096119,0.156508,0.6254,0.605069,0.034993,-0.342239,0.9634,0.490945,0.093582,0.154186,0.6121,0.601157,0.043892,-0.321813,0.9558,0.495128,0.101462,0.162004,0.6349,0.572319,0.580336,-0.092146,0.9998,0.530856,0.55531,0.093237,0.9978,0.560046,0.752919,-0.075448,0.988,0.452623,0.59285,0.295273,0.4592,0.555839,0.919833,-0.084974,0.9941,0.540933,0.674649,0.520872,0.3569,0.568686,0.94469,-0.08919,0.979,0.563068,0.67725,0.538352,0.5902,0.481131,0.964439,-0.166443,0.9873,0.514568,0.715468,0.561324,0.5999
vrikshasana_tf_0095,vrikshasana,,TF,test,unlabelled,,Apache-2.0,data/datasets/yoga_poses/test/tree/guy3_tree179.jpg,True,300,300,True,0.9944,0.31,177.114,74.738,164.235,168.902,159.722,144.91,174.505,127.319,2.999,20.938,74.738,177.114,164.235,168.902,2.999,20.938,127.319,174.505,150.265,167.563,174.505,177.114,164.235,167.563,9.135,9.135,28.512,1.154,30.477,28.522,-0.9873,-0.2373,0.9978,0.2021,0.53318,0.26852,-0.094559,0.9993,0.542467,0.251577,-0.117745,0.9994,0.546477,0.250937,-0.11715,0.9994,0.551135,0.25032,-0.116831,0.9994,0.537522,0.252343,-0.082862,0.9994,0.537686,0.252214,-0.083559,0.9994,0.537993,0.252055,-0.083105,0.9994,0.573242,0.2549,-0.162884,0.9992,0.556479,0.255688,-0.024048,0.9995,0.544502,0.28283,-0.107213,0.9989,0.538296,0.281732,-0.066471,0.9986,0.61442,0.325793,-0.213708,0.9987,0.565238,0.326784,0.057295,0.9944,0.590632,0.201566,-0.329436,0.9947,0.514345,0.223776,0.183336,0.4005,0.601378,0.076848,-0.354416,0.9749,0.486261,0.120368,0.171357,0.6488,0.603535,0.047516,-0.375805,0.9639,0.480932,0.09464,0.159553,0.6198,0.597316,0.045968,-0.377384,0.9609,0.491696,0.092624,0.156773,0.6057,0.593495,0.05723,-0.355168,0.953,0.495216,0.101497,0.163842,0.6329,0.572319,0.57908,-0.091277,0.9998,0.530043,0.5542,0.09236,0.9981,0.560296,0.753526,-0.08037,0.9876,0.449665,0.597881,0.320612,0.3897,0.557158,0.923693,-0.090373,0.9938,0.530534,0.682259,0.554002,0.31,0.570535,0.950147,-0.094628,0.9798,0.549918,0.686882,0.572003,0.5457,0.482368,0.964817,-0.173019,0.9866,0.501147,0.718966,0.59216,0.5563
vrikshasana_tf_0096,vrikshasana,,TF,test,unlabelled,,Apache-2.0,data/datasets/yoga_poses/test/tree/guy3_tree180.jpg,True,300,300,True,0.9933,0.3352,177.354,72.563,168.107,168.443,162.381,144.544,174.249,125.508,2.178,21.182,72.563,177.354,168.107,168.443,2.178,21.182,125.508,174.249,150.275,168.317,174.249,177.354,168.107,168.317,9.053,9.053,29.525,2.874,32.513,26.965,-0.9875,-0.233,0.9799,0.1996,0.531413,0.268957,-0.103429,0.9988,0.541061,0.251803,-0.127383,0.999,0.545107,0.251145,-0.126787,0.9991,0.549713,0.250563,-0.126464,0.9991,0.535685,0.252596,-0.092319,0.999,0.535692,0.252466,-0.093021,0.999,0.535843,0.252323,-0.092519,0.999,0.572679,0.255145,-0.17283,0.999,0.555193,0.255951,-0.033352,0.9991,0.543271,0.283241,-0.11566,0.9984,0.536791,0.282426,-0.07479,0.9979,0.614849,0.325039,-0.220188,0.9989,0.565829,0.3275,0.051381,0.9933,0.596715,0.197853,-0.327964,0.9946,0.514945,0.227256,0.18065,0.3525,0.605151,0.070101,-0.346314,0.9778,0.485668,0.120636,0.170839,0.6191,0.609216,0.041139,-0.367585,0.9684,0.479514,0.094877,0.158077,0.5948,0.600764,0.038664,-0.370272,0.9661,0.490011,0.093538,0.155885,0.5797,0.596801,0.050117,-0.347651,0.9585,0.493811,0.102167,0.163536,0.6033,0.571823,0.582018,-0.091322,0.9998,0.531459,0.556291,0.092379,0.9978,0.560442,0.755465,-0.072533,0.9879,0.451429,0.597006,0.332236,0.3818,0.557192,0.923517,-0.081523,0.9936,0.536081,0.683445,0.562768,0.3352,0.570441,0.949137,-0.085543,0.9798,0.555796,0.688493,0.580667,0.5605,0.478563,0.967358,-0.160339,0.9865,0.505189,0.720007,0.602025,0.589
vrikshasana_tf_0097,vrikshasana,,TF,train,unlabelled,,Apache-2.0,data/datasets/yoga_poses/train/tree/girl1_tree086.jpg,True,300,300,True,0.9987,0.3649,179.924,23.969,37.09,27.721,41.69,31.6,176.1,115.989,133.477,143.744,23.969,179.924,27.721,37.09,133.477,143.744,115.989,176.1,33.088,37.383,115.989,179.924,27.721,33.088,3.209,3.209,5.289,0.226,8.394,29.157,-0.9984,-0.4452,1.4314,0.6146,0.473168,0.102954,-0.169649,1.0,0.486001,0.087111,-0.151298,0.9999,0.493537,0.087218,-0.150836,0.9999,0.50061,0.087407,-0.150964,0.9998,0.466956,0.086566,-0.14529,0.9999,0.460919,0.086571,-0.146368,0.9999,0.455435,0.086694,-0.145887,0.9999,0.512641,0.097141,-0.043523,0.9998,0.453549,0.097335,-0.030648,0.9999,0.485667,0.1243,-0.133626,0.9999,0.461262,0.122828,-0.127545,0.9999,0.566618,0.217315,-0.009523,0.9991,0.408319,0.217938,0.02074,0.9987,0.634327,0.323394,-0.154755,0.9778,0.345654,0.333682,-0.115349,0.9788,0.505258,0.275496,-0.314873,0.9508,0.444559,0.267353,-0.311692,0.9514,0.48548,0.243232,-0.331688,0.8821,0.45906,0.234564,-0.349214,0.8815,0.485842,0.232026,-0.327682,0.8669,0.462313,0.227462,-0.319676,0.8547,0.491696,0.242585,-0.310911,0.8208,0.460557,0.238163,-0.305304,0.8073,0.523983,0.4823,-0.020784,0.9997,0.42212,0.467269,0.021611,0.9987,0.50349,0.705737,-0.042995,0.957,0.235677,0.571284,-0.099778,0.9807,0.483706,0.918366,0.032789,0.9746,0.429895,0.55365,0.165289,0.3649,0.478025,0.942919,0.035888,0.8605,0.452695,0.53722,0.188845,0.4368,0.480558,0.974129,-0.071353,0.9437,0.466757,0.63174,0.191799,0.3669
vrikshasana_tf_0098,vrikshasana,,TF,train,unlabelled,,Apache-2.0,data/datasets/yoga_poses/train/tree/girl1_tree087.jpg,True,300,300,True,0.9986,0.4092,179.976,23.383,34.365,27.386,40.605,30.574,175.607,117.0,127.436,143.185,23.383,179.976,27.386,34.365,127.436,143.185,117.0,175.607,34.524,43.893,117.0,179.976,34.365,43.893,3.409,3.409,4.922,1.064,8.34,29.292,-0.9982,-0.4305,1.4135,0.5916,0.470224,0.104608,-0.156219,1.0,0.482821,0.088661,-0.138002,0.9999,0.490163,0.088832,-0.137564,0.9999,0.497073,0.08904,-0.137654,0.9999,0.464157,0.087955,-0.13112,0.9999,0.458448,0.087981,-0.13222,0.9999,0.453161,0.08809,-0.131708,0.9999,0.509246,0.098322,-0.031566,0.9999,0.451225,0.098543,-0.014413,1.0,0.482908,0.125457,-0.120327,0.9999,0.45906,0.123996,-0.113146,0.9999,0.559916,0.214642,-0.00013,0.999,0.40677,0.217485,0.035173,0.9986,0.625452,0.319789,-0.150889,0.9755,0.347196,0.328208,-0.105883,0.9776,0.496508,0.263185,-0.309313,0.9511,0.441459,0.263829,-0.302743,0.9465,0.477159,0.233433,-0.324461,0.8839,0.456005,0.231571,-0.341208,0.8685,0.477421,0.224689,-0.32243,0.8689,0.459193,0.225576,-0.308947,0.8393,0.483064,0.234952,-0.306089,0.8223,0.456943,0.236191,-0.29555,0.7901,0.519141,0.482018,-0.021363,0.9997,0.416755,0.467008,0.022251,0.9986,0.502079,0.710107,-0.037316,0.9683,0.231844,0.57074,-0.088126,0.9853,0.487125,0.911107,0.056424,0.9751,0.421082,0.551155,0.184318,0.4092,0.478349,0.93672,0.061489,0.8609,0.442769,0.527188,0.208357,0.4623,0.477819,0.958863,-0.045369,0.9319,0.455977,0.628471,0.216243,0.4009
vrikshasana_tf_0099,vrikshasana,,TF,train,unlabelled,,Apache-2.0,data/datasets/yoga_poses/train/tree/girl1_tree088.jpg,True,300,300,True,0.9984,0.3622,179.981,25.626,34.446,23.636,38.484,30.538,175.579,116.913,119.389,137.079,25.626,179.981,23.636,34.446,119.389,137.079,116.913,175.579,40.395,52.231,116.913,179.981,23.636,40.395,3.138,3.138,3.706,1.829,7.051,29.438,-0.9985,-0.4397,1.3802,0.5863,0.471881,0.101934,-0.156957,1.0,0.484182,0.085753,-0.137974,0.9999,0.491362,0.0864,-0.137522,0.9999,0.496932,0.086923,-0.137654,0.9998,0.464453,0.083858,-0.130564,0.9999,0.458976,0.083661,-0.131663,0.9999,0.452969,0.083752,-0.131206,0.9999,0.507967,0.096912,-0.031889,0.9998,0.449856,0.095878,-0.011936,1.0,0.483335,0.123397,-0.121627,0.9999,0.459528,0.122366,-0.113813,0.9999,0.555693,0.212972,-0.006929,0.9989,0.404493,0.217799,0.032298,0.9986,0.614076,0.313671,-0.161428,0.9716,0.346444,0.326918,-0.115406,0.9739,0.485523,0.252492,-0.311944,0.9453,0.438346,0.254203,-0.309242,0.9543,0.464161,0.224994,-0.325736,0.8729,0.453276,0.223725,-0.347905,0.8838,0.468041,0.216505,-0.322851,0.8564,0.456077,0.217588,-0.313511,0.8575,0.472781,0.225506,-0.308346,0.8105,0.453323,0.227122,-0.301403,0.8142,0.516465,0.479265,-0.020762,0.9997,0.415476,0.466774,0.021625,0.9984,0.500491,0.710072,-0.036344,0.961,0.23442,0.568954,-0.092381,0.9813,0.486947,0.906707,0.074468,0.9623,0.42299,0.556386,0.171029,0.3622,0.482653,0.926965,0.080821,0.8345,0.444408,0.53058,0.193807,0.4025,0.482535,0.930257,-0.028178,0.9074,0.463772,0.624822,0.195468,0.364
vrikshasana_tf_0100,vrikshasana,,TF,train,unlabelled,,Apache-2.0,data/datasets/yoga_poses/train/tree/girl1_tree089.jpg,True,300,300,True,0.9983,0.3544,179.707,24.84,33.232,21.565,38.065,29.062,175.146,116.375,118.437,130.109,24.84,179.707,21.565,33.232,118.437,130.109,116.375,175.146,47.156,52.805,116.375,179.707,21.565,47.156,3.218,3.218,3.686,1.597,6.33,29.11,-0.9984,-0.4453,1.405,0.6026,0.467362,0.10407,-0.159601,0.9999,0.479938,0.088678,-0.140318,0.9998,0.487146,0.089373,-0.139877,0.9998,0.493527,0.089716,-0.139979,0.9998,0.461124,0.088065,-0.133254,0.9999,0.455634,0.088454,-0.134347,0.9999,0.449974,0.088493,-0.133908,0.9999,0.505392,0.099327,-0.034779,0.9998,0.44741,0.098028,-0.016013,0.9999,0.479501,0.122616,-0.124827,0.9999,0.455594,0.120662,-0.117383,0.9999,0.554753,0.216293,-0.012138,0.9983,0.400007,0.220608,0.026387,0.9983,0.610443,0.315505,-0.164579,0.97,0.343557,0.334693,-0.117399,0.9759,0.488537,0.252151,-0.311891,0.9418,0.436122,0.251029,-0.305651,0.9633,0.469065,0.225319,-0.327114,0.862,0.452192,0.220742,-0.343965,0.9042,0.469324,0.217259,-0.322348,0.844,0.453622,0.21503,-0.31092,0.8821,0.474125,0.227258,-0.307926,0.7982,0.451358,0.225166,-0.298242,0.8431,0.514038,0.480589,-0.019942,0.9996,0.411885,0.469257,0.020762,0.9984,0.497932,0.716584,-0.028998,0.9573,0.232993,0.568865,-0.09316,0.9809,0.483797,0.909221,0.084726,0.9658,0.4122,0.555486,0.164855,0.3544,0.477307,0.930984,0.09124,0.8264,0.434704,0.556547,0.18716,0.3841,0.483955,0.939346,-0.018262,0.9174,0.453368,0.625159,0.185238,0.3618
vrikshasana_tf_0101,vrikshasana,,TF,train,unlabelled,,Apache-2.0,data/datasets/yoga_poses/train/tree/girl1_tree090.jpg,True,300,300,True,0.9976,0.3031,178.608,25.172,35.098,21.007,36.642,28.062,175.959,116.268,115.604,129.896,25.172,178.608,21.007,35.098,115.604,129.896,116.268,175.959,47.2,55.789,116.268,178.608,21.007,47.2,3.059,3.059,3.043,2.373,5.472,29.172,-0.9986,-0.4388,1.3988,0.5926,0.465189,0.104176,-0.153884,0.9999,0.478129,0.088131,-0.134597,0.9998,0.485421,0.088663,-0.134207,0.9998,0.491323,0.089013,-0.134324,0.9997,0.458879,0.086568,-0.127207,0.9999,0.453541,0.086423,-0.128293,0.9999,0.447871,0.086275,-0.127804,0.9999,0.504191,0.098604,-0.029515,0.9997,0.445625,0.097655,-0.009256,0.9999,0.477486,0.124962,-0.119045,0.9999,0.454509,0.123053,-0.111205,0.9999,0.551246,0.214194,-0.01057,0.9984,0.398504,0.220523,0.037381,0.9986,0.602647,0.310722,-0.159915,0.9708,0.344067,0.336428,-0.104717,0.9775,0.479744,0.248459,-0.296704,0.9395,0.433934,0.250144,-0.297258,0.9633,0.459137,0.224217,-0.307974,0.8651,0.448834,0.222144,-0.336133,0.9059,0.460324,0.216456,-0.306619,0.8467,0.451064,0.215744,-0.301872,0.8846,0.467238,0.225084,-0.293593,0.8051,0.449031,0.225108,-0.289745,0.8463,0.511056,0.47973,-0.02718,0.9996,0.411167,0.470161,0.028018,0.9976,0.492549,0.711514,-0.048112,0.9497,0.229554,0.571543,-0.081468,0.9753,0.481317,0.914079,0.048024,0.9529,0.422817,0.558029,0.185719,0.3031,0.478676,0.924814,0.052828,0.7978,0.446825,0.550801,0.20832,0.399,0.471556,0.924726,-0.054927,0.8972,0.464494,0.632146,0.214888,0.3186
vrikshasana_tf_0102,vrikshasana,,TF,train,unlabelled,,Apache-2.0,data/datasets/yoga_poses/train/tree/girl1_tree094.jpg,True,300,300,True,0.9982,0.3378,179.66,26.326,40.661,17.955,28.859,25.981,174.044,117.658,111.839,140.264,26.326,179.66,17.955,40.661,111.839,140.264,117.658,174.044,37.753,58.852,117.658,179.66,17.955,37.753,3.882,3.882,4.627,2.844,5.568,29.642,-0.9977,-0.4333,1.3585,0.5753,0.454186,0.104606,-0.155215,0.9999,0.466363,0.090307,-0.138693,0.9998,0.474142,0.090697,-0.138307,0.9998,0.480956,0.090933,-0.138399,0.9998,0.448707,0.089878,-0.130473,0.9999,0.443583,0.090004,-0.131547,0.9999,0.43865,0.089755,-0.13107,0.9999,0.494582,0.100611,-0.039178,0.9998,0.438337,0.098852,-0.015212,0.9999,0.466542,0.12264,-0.121706,0.9999,0.44418,0.121006,-0.112831,0.9999,0.543404,0.21459,-0.020963,0.999,0.392599,0.222081,0.04073,0.9986,0.577633,0.310979,-0.160192,0.9783,0.338594,0.343389,-0.084412,0.9805,0.464494,0.246214,-0.299227,0.9705,0.419043,0.253893,-0.28354,0.9718,0.44581,0.223255,-0.313519,0.9299,0.437744,0.222213,-0.321989,0.9303,0.449064,0.212897,-0.311809,0.9205,0.440559,0.214755,-0.291824,0.9141,0.454672,0.220414,-0.29604,0.8903,0.437585,0.224619,-0.277529,0.8819,0.499086,0.484973,-0.024783,0.9997,0.401373,0.475448,0.025617,0.9982,0.485381,0.718936,-0.035013,0.9504,0.225105,0.575753,-0.082717,0.9783,0.472626,0.916547,0.068109,0.9611,0.414101,0.564804,0.174457,0.3378,0.465573,0.939088,0.073468,0.8382,0.436302,0.535118,0.196609,0.4232,0.469057,0.948698,-0.033244,0.9123,0.453972,0.632083,0.201205,0.3523
vrikshasana_tf_0103,vrikshasana,,TF,train,unlabelled,,Apache-2.0,data/datasets/yoga_poses/train/tree/girl1_tree096.jpg,True,300,300,True,0.9982,0.2793,178.193,26.314,44.012,18.509,25.276,25.977,175.181,118.668,111.072,141.154,26.314,178.193,18.509,44.012,111.072,141.154,118.668,175.181,37.455,59.758,118.668,178.193,18.509,37.455,4.061,4.061,4.831,1.865,5.268,30.06,-0.9975,-0.4243,1.3317,0.5575,0.449202,0.107976,-0.145896,1.0,0.462708,0.091703,-0.129761,0.9998,0.470069,0.092341,-0.129359,0.9998,0.477397,0.092996,-0.129463,0.9998,0.444984,0.089663,-0.121002,0.9999,0.439649,0.089229,-0.122057,0.9999,0.435108,0.089252,-0.121605,0.9999,0.491322,0.103315,-0.029337,0.9998,0.436236,0.100658,-0.004125,0.9999,0.461972,0.130087,-0.111498,0.9999,0.440632,0.128281,-0.102245,0.9999,0.538784,0.217392,-0.012298,0.999,0.391942,0.222172,0.050349,0.9991,0.567801,0.317883,-0.157209,0.9786,0.336104,0.344212,-0.080967,0.9859,0.451466,0.251036,-0.290935,0.9721,0.418931,0.255685,-0.282256,0.9777,0.430801,0.229659,-0.302525,0.9346,0.434862,0.228827,-0.320925,0.9423,0.4351,0.218458,-0.301536,0.926,0.437369,0.221133,-0.288432,0.9294,0.441319,0.225714,-0.287712,0.8962,0.435166,0.229077,-0.275028,0.9017,0.495242,0.487118,-0.025411,0.9997,0.398161,0.478166,0.026221,0.9982,0.47753,0.719911,-0.042902,0.9362,0.221897,0.580177,-0.098841,0.9766,0.468896,0.914257,0.062895,0.9506,0.414626,0.56756,0.162061,0.2793,0.462963,0.933416,0.068455,0.8099,0.434623,0.53919,0.184546,0.399,0.458715,0.935266,-0.037032,0.9088,0.450387,0.632033,0.19122,0.2967
vrikshasana_tf_0104,vrikshasana,,TF,train,unlabelled,,Apache-2.0,data/datasets/yoga_poses/train/tree/girl1_tree099.jpg,True,300,300,True,0.998,0.2703,177.985,26.484,44.957,18.042,26.268,27.431,175.538,118.789,110.72,135.297,26.484,177.985,18.042,44.957,110.72,135.297,118.789,175.538,43.029,60.21,118.789,177.985,44.957,60.21,3.867,3.867,4.234,2.164,4.415,30.462,-0.9977,-0.4294,1.3476,0.5691,0.442548,0.113178,-0.137709,0.9999,0.45692,0.097677,-0.121924,0.9998,0.464705,0.098267,-0.12151,0.9998,0.47238,0.098936,-0.121613,0.9998,0.437796,0.095855,-0.113373,0.9999,0.433148,0.095611,-0.114398,0.9999,0.429602,0.095329,-0.113854,0.9999,0.48589,0.109356,-0.021539,0.9998,0.42983,0.105447,0.003158,0.9999,0.455569,0.136044,-0.102989,0.9999,0.43365,0.133776,-0.094016,0.9999,0.532404,0.221815,-0.011546,0.9993,0.384817,0.227392,0.059336,0.9987,0.562385,0.318677,-0.157332,0.9832,0.326854,0.347525,-0.075772,0.9845,0.443021,0.255626,-0.278572,0.9769,0.413887,0.256764,-0.273267,0.9731,0.425849,0.233414,-0.28669,0.9454,0.429383,0.230882,-0.310919,0.9314,0.42914,0.222792,-0.288492,0.9382,0.430536,0.223543,-0.274952,0.9161,0.433619,0.230805,-0.27569,0.9126,0.429009,0.232075,-0.264815,0.8857,0.490026,0.48729,-0.030049,0.9997,0.39219,0.479736,0.03076,0.998,0.471812,0.713309,-0.072639,0.9396,0.21638,0.583141,-0.094279,0.9697,0.462668,0.915268,0.030713,0.9461,0.408434,0.569785,0.154867,0.2703,0.463248,0.921996,0.036312,0.8054,0.435462,0.551282,0.176157,0.4319,0.444452,0.9412,-0.061208,0.9,0.442738,0.630156,0.188522,0.2758
vrikshasana_tf_0105,vrikshasana,,TF,train,unlabelled,,Apache-2.0,data/datasets/yoga_poses/train/tree/girl1_tree100.jpg,True,300,300,True,0.9984,0.2261,178.913,27.079,43.679,17.461,29.491,27.95,175.075,119.445,111.383,136.68,27.079,178.913,17.461,43.679,111.383,136.68,119.445,175.075,42.793,59.7,119.445,178.913,43.679,59.7,4.356,4.356,4.899,2.129,5.443,29.972,-0.9971,-0.4071,1.3164,0.5424,0.439904,0.115714,-0.141284,1.0,0.454436,0.099647,-0.125785,0.9999,0.462072,0.10017,-0.125359,0.9999,0.469759,0.100911,-0.125451,0.9998,0.436059,0.097877,-0.11796,0.9999,0.431552,0.097612,-0.119006,0.9999,0.428133,0.097342,-0.118565,0.9999,0.483741,0.111202,-0.023368,0.9999,0.428937,0.107211,-0.002568,0.9999,0.452872,0.138569,-0.105699,0.9999,0.431123,0.136382,-0.097649,0.9999,0.529408,0.221153,-0.007524,0.9996,0.385445,0.226505,0.052412,0.999,0.56631,0.319467,-0.158053,0.9879,0.324698,0.343584,-0.084557,0.987,0.437267,0.257231,-0.29125,0.9837,0.412611,0.255312,-0.284479,0.9774,0.421524,0.232427,-0.303128,0.9569,0.428098,0.228062,-0.32409,0.9411,0.424888,0.222458,-0.302431,0.9507,0.429171,0.22108,-0.289519,0.9277,0.428514,0.230276,-0.287729,0.9269,0.427774,0.230058,-0.276528,0.8999,0.486695,0.493371,-0.022329,0.9997,0.387815,0.483949,0.023108,0.9984,0.470916,0.719437,-0.047554,0.9438,0.21617,0.582937,-0.108473,0.9741,0.460946,0.915876,0.041096,0.9435,0.386161,0.574346,0.143644,0.2261,0.457829,0.934694,0.045154,0.7994,0.420846,0.553764,0.165728,0.3582,0.452844,0.938764,-0.062796,0.8937,0.438013,0.62727,0.172907,0.2445
vrikshasana_tf_0106,vrikshasana,,TF,train,unlabelled,,Apache-2.0,data/datasets/yoga_poses/train/tree/girl1_tree101.jpg,True,300,300,True,0.9983,0.2153,178.227,25.638,48.124,16.906,24.019,27.642,174.781,120.385,110.333,140.429,25.638,178.227,16.906,48.124,110.333,140.429,120.385,174.781,39.324,60.386,120.385,178.227,48.124,60.386,4.671,4.671,5.353,1.917,5.121,30.631,-0.9967,-0.4031,1.329,0.5393,0.437818,0.118129,-0.140036,1.0,0.452489,0.101866,-0.1248,0.9999,0.460379,0.102396,-0.12442,0.9999,0.46823,0.103035,-0.124489,0.9998,0.433654,0.09999,-0.116685,0.9999,0.429209,0.099698,-0.117731,0.9999,0.425818,0.099389,-0.117248,0.9999,0.482498,0.112987,-0.023877,0.9999,0.427068,0.108921,-0.001459,0.9999,0.451421,0.140676,-0.104582,0.9999,0.429362,0.138635,-0.096137,0.9999,0.527537,0.222514,-0.009348,0.9996,0.384741,0.227294,0.05607,0.9992,0.553239,0.320222,-0.154017,0.986,0.322112,0.348145,-0.081449,0.9848,0.431818,0.257984,-0.286527,0.9832,0.410102,0.257981,-0.288478,0.9747,0.417808,0.234065,-0.297945,0.9593,0.425499,0.231671,-0.328704,0.9356,0.421137,0.224151,-0.301074,0.9538,0.425728,0.22356,-0.293497,0.9214,0.423774,0.23178,-0.284674,0.9314,0.424864,0.232555,-0.280511,0.8918,0.483285,0.493301,-0.026545,0.9998,0.38585,0.48457,0.027311,0.9983,0.467037,0.722099,-0.044909,0.9388,0.215118,0.585667,-0.089341,0.9705,0.459253,0.916842,0.050398,0.9483,0.403583,0.569201,0.177938,0.2153,0.456073,0.93379,0.055187,0.7922,0.422721,0.547497,0.201253,0.3702,0.447089,0.931493,-0.047505,0.9063,0.4352,0.629247,0.216884,0.2398
vrikshasana_tf_0107,vrikshasana,,TF,train,unlabelled,,Apache-2.0,data/datasets/yoga_poses/train/tree/girl1_tree102.jpg,True,300,300,True,0.998,0.2389,178.916,25.338,48.11,15.052,24.215,27.787,174.973,120.136,109.099,139.358,25.338,178.916,15.052,48.11,109.099,139.358,120.136,174.973,40.563,61.794,120.136,178.916,48.11,61.794,4.68,4.68,5.975,3.118,4.67,30.215,-0.9967,-0.4125,1.3524,0.5369,0.432839,0.119029,-0.141067,0.9999,0.446433,0.103954,-0.126849,0.9997,0.453502,0.104186,-0.126458,0.9997,0.461043,0.104478,-0.126524,0.9997,0.429696,0.103431,-0.118117,0.9998,0.425833,0.103464,-0.119134,0.9997,0.422744,0.103427,-0.118703,0.9997,0.47744,0.113397,-0.030341,0.9997,0.425497,0.112106,-0.004383,0.9998,0.446632,0.138448,-0.107652,0.9999,0.42517,0.137479,-0.098185,0.9998,0.524606,0.223741,-0.022755,0.9994,0.38352,0.231427,0.054575,0.9984,0.550828,0.320864,-0.163909,0.9855,0.322124,0.348328,-0.083314,0.9764,0.42603,0.257875,-0.288849,0.9823,0.406003,0.25762,-0.291589,0.9663,0.409981,0.235526,-0.303188,0.9578,0.422627,0.231778,-0.33195,0.9231,0.414053,0.226315,-0.304521,0.9525,0.425575,0.225696,-0.29915,0.9062,0.418507,0.233439,-0.286376,0.929,0.422885,0.233472,-0.284866,0.8721,0.481306,0.493878,-0.025594,0.9997,0.38387,0.485919,0.026358,0.998,0.464869,0.724348,-0.050432,0.9518,0.215485,0.58398,-0.087043,0.97,0.454634,0.919971,0.044859,0.9446,0.400044,0.568233,0.163492,0.2389,0.453479,0.93947,0.049495,0.8001,0.420803,0.53842,0.185309,0.3602,0.44572,0.944295,-0.059813,0.8919,0.432787,0.6281,0.192724,0.256
vrikshasana_tf_0108,vrikshasana,,TF,train,unlabelled,,Apache-2.0,data/datasets/yoga_poses/train/tree/girl1_tree106.jpg,True,300,300,True,0.9988,0.3277,179.303,25.523,53.015,11.381,17.426,27.953,173.939,121.424,107.805,153.747,25.523,179.303,11.381,53.015,107.805,153.747,121.424,173.939,26.769,62.389,121.424,179.303,53.015,62.389,5.356,5.356,8.211,4.17,4.931,30.908,-0.9956,-0.4139,1.359,0.5256,0.422526,0.12725,-0.148028,0.9999,0.435608,0.111898,-0.134873,0.9998,0.442383,0.112021,-0.134489,0.9997,0.4495,0.112229,-0.134578,0.9997,0.420491,0.111122,-0.12468,0.9998,0.417016,0.111044,-0.125641,0.9998,0.414325,0.110832,-0.125162,0.9998,0.467293,0.120811,-0.042841,0.9998,0.419299,0.11955,-0.010133,0.9998,0.435654,0.146322,-0.116231,0.9999,0.415745,0.1457,-0.10472,0.9999,0.517543,0.230408,-0.034348,0.9996,0.380543,0.240396,0.05606,0.999,0.530905,0.33028,-0.167926,0.9863,0.316881,0.3578,-0.066386,0.9703,0.41305,0.263967,-0.298849,0.9862,0.393294,0.266248,-0.280913,0.9661,0.399211,0.242532,-0.315329,0.9687,0.410058,0.239279,-0.320659,0.9255,0.403708,0.231553,-0.318349,0.965,0.412311,0.231606,-0.290994,0.9086,0.407907,0.238385,-0.29731,0.944,0.409986,0.240594,-0.275495,0.873,0.47102,0.499584,-0.026289,0.9998,0.378281,0.491583,0.027093,0.9988,0.45618,0.726307,-0.035952,0.9614,0.213678,0.590128,-0.086534,0.9807,0.445642,0.924246,0.063598,0.9772,0.389904,0.573515,0.178529,0.3277,0.439769,0.945999,0.06867,0.8571,0.406083,0.553643,0.201856,0.4298,0.430235,0.952054,-0.036559,0.9491,0.416996,0.646521,0.215083,0.353
vrikshasana_tf_0109,vrikshasana,,TF,train,unlabelled,,Apache-2.0,data/datasets/yoga_poses/train/tree/girl1_tree108.jpg,True,300,300,True,0.9986,0.2846,177.809,24.254,53.187,10.148,15.453,25.967,175.909,121.992,107.66,161.008,24.254,177.809,10.148,53.187,107.66,161.008,121.992,175.909,19.753,63.385,121.992,177.809,53.187,63.385,5.017,5.017,8.22,2.501,6.712,31.23,-0.9962,-0.4041,1.3909,0.5098,0.419535,0.129947,-0.151288,0.9999,0.43395,0.114922,-0.138746,0.9997,0.4401,0.115145,-0.138387,0.9997,0.447989,0.115679,-0.138437,0.9997,0.418449,0.114547,-0.128166,0.9998,0.414393,0.114308,-0.129093,0.9997,0.411044,0.114035,-0.128614,0.9997,0.465376,0.124979,-0.047785,0.9997,0.415924,0.122113,-0.014754,0.9998,0.432655,0.147275,-0.119685,0.9999,0.412326,0.146343,-0.108123,0.9999,0.513752,0.233039,-0.037683,0.9995,0.380128,0.238877,0.053202,0.9989,0.525493,0.336123,-0.164441,0.9872,0.319284,0.359698,-0.059875,0.9663,0.407205,0.26696,-0.293027,0.987,0.389498,0.266104,-0.268027,0.9636,0.395819,0.243449,-0.310437,0.9712,0.404809,0.240312,-0.306198,0.9222,0.401732,0.233377,-0.314499,0.9681,0.407238,0.233362,-0.279682,0.9052,0.404015,0.240099,-0.291969,0.9487,0.405116,0.240725,-0.263659,0.8685,0.471229,0.502875,-0.026697,0.9998,0.376765,0.491759,0.027643,0.9986,0.452168,0.726859,-0.040264,0.9583,0.209814,0.592989,-0.068117,0.9773,0.442594,0.931928,0.037186,0.9753,0.385719,0.571465,0.203969,0.2846,0.438596,0.958574,0.040191,0.8588,0.405527,0.554709,0.228271,0.4004,0.430143,0.975178,-0.063354,0.9387,0.415347,0.643328,0.248429,0.3157
vrikshasana_tf_0110,vrikshasana,,TF,train,unlabelled,,Apache-2.0,data/datasets/yoga_poses/train/tree/girl1_tree114.jpg,True,300,300,True,0.9982,0.2491,178.097,28.635,54.058,7.28,7.645,31.444,174.537,126.165,92.543,157.307,28.635,178.097,7.28,54.058,92.543,157.307,126.165,174.537,25.218,77.774,126.165,178.097,54.058,77.774,6.264,6.264,10.343,3.622,7.35,33.64,-0.994,-0.3862,1.3958,0.4834,0.413634,0.144434,-0.134706,0.9998,0.42768,0.128808,-0.127477,0.9996,0.434038,0.129131,-0.127131,0.9996,0.441006,0.129396,-0.127057,0.9996,0.413066,0.127696,-0.114749,0.9996,0.409496,0.127238,-0.115607,0.9996,0.406458,0.126776,-0.115081,0.9996,0.459152,0.137855,-0.053026,0.9996,0.411079,0.134104,-0.011584,0.9997,0.427405,0.161425,-0.107689,0.9998,0.407608,0.160534,-0.093962,0.9997,0.505367,0.24056,-0.052616,0.9995,0.380343,0.248475,0.066368,0.9986,0.502319,0.326223,-0.16406,0.9838,0.309066,0.354269,-0.004638,0.9191,0.398666,0.2453,-0.269197,0.9871,0.387284,0.265076,-0.184749,0.9316,0.388846,0.215315,-0.283053,0.9773,0.406956,0.237357,-0.215871,0.8768,0.394183,0.208202,-0.292167,0.9749,0.408129,0.231745,-0.191298,0.8557,0.397345,0.217933,-0.269609,0.9576,0.405327,0.23882,-0.18063,0.8109,0.459749,0.507924,-0.035974,0.9998,0.369412,0.496271,0.03703,0.9982,0.443533,0.727696,-0.047724,0.9577,0.214595,0.599285,-0.044778,0.9617,0.434836,0.942694,-0.001246,0.9775,0.386956,0.584191,0.217873,0.2491,0.434126,0.961041,-0.00129,0.8398,0.412883,0.563739,0.241878,0.4019,0.411259,0.990646,-0.100036,0.9393,0.416246,0.654175,0.274635,0.3076
vrikshasana_tf_0111,vrikshasana,,TF,train,unlabelled,,Apache-2.0,data/datasets/yoga_poses/train/tree/girl1_tree115.jpg,True,300,300,True,0.9981,0.2191,178.266,26.723,59.432,5.429,2.019,33.797,173.737,126.286,88.542,137.528,26.723,178.266,5.429,59.432,88.542,137.528,126.286,173.737,45.039,81.116,173.737,178.266,59.432,81.116,6.641,6.641,10.458,4.15,7.087,33.72,-0.9933,-0.3878,1.4144,0.4982,0.413465,0.14793,-0.126058,0.9998,0.42757,0.131357,-0.121072,0.9996,0.433918,0.131616,-0.120705,0.9996,0.440693,0.131882,-0.120558,0.9995,0.412831,0.130905,-0.10709,0.9996,0.40924,0.130332,-0.107957,0.9996,0.40628,0.129899,-0.10743,0.9996,0.45881,0.141247,-0.053637,0.9996,0.411749,0.136711,-0.006366,0.9997,0.427914,0.16484,-0.101309,0.9998,0.407973,0.164787,-0.086006,0.9996,0.506404,0.243002,-0.055404,0.9994,0.378655,0.252272,0.065433,0.9985,0.495183,0.319695,-0.155918,0.9782,0.30578,0.351249,-0.005232,0.9367,0.396645,0.240208,-0.237314,0.9834,0.386546,0.260892,-0.172237,0.9432,0.387418,0.20932,-0.247838,0.9721,0.405119,0.231985,-0.202181,0.8909,0.391706,0.202961,-0.257811,0.9687,0.406514,0.225838,-0.174082,0.871,0.395239,0.212609,-0.237561,0.9497,0.404578,0.235656,-0.166677,0.831,0.457927,0.508637,-0.034672,0.9997,0.367666,0.497414,0.035663,0.9981,0.442166,0.729608,-0.042447,0.9594,0.214018,0.599962,-0.039485,0.9561,0.433577,0.939291,0.002925,0.9779,0.380338,0.579551,0.222802,0.2191,0.43112,0.956809,0.003438,0.8412,0.405014,0.560573,0.247591,0.3588,0.411639,0.991889,-0.091239,0.9403,0.403653,0.6442,0.284416,0.2808
vrikshasana_tf_0112,vrikshasana,,TF,train,unlabelled,,Apache-2.0,data/datasets/yoga_poses/train/tree/girl1_tree118.jpg,True,300,300,True,0.997,0.2734,178.123,28.055,85.895,10.055,40.412,49.702,175.203,122.813,65.713,18.846,28.055,178.123,10.055,85.895,18.846,65.713,122.813,175.203,105.291,159.097,175.203,178.123,85.895,105.291,3.744,3.744,5.342,5.694,5.48,34.87,-0.9979,-0.4105,1.4462,0.5451,0.413653,0.154202,-0.144107,0.9999,0.426097,0.139817,-0.133374,0.9997,0.432077,0.140087,-0.132882,0.9997,0.437961,0.140298,-0.132768,0.9997,0.411349,0.138104,-0.121759,0.9997,0.407338,0.137247,-0.122725,0.9997,0.403327,0.136606,-0.122186,0.9997,0.452027,0.149588,-0.051882,0.9997,0.404594,0.144501,-0.017511,0.9998,0.42491,0.173804,-0.115284,0.9998,0.404729,0.172659,-0.104071,0.9996,0.498686,0.249404,-0.068666,0.999,0.364021,0.262832,0.04753,0.997,0.458111,0.284172,-0.21114,0.9749,0.297899,0.323113,-0.019369,0.9475,0.39919,0.204506,-0.319195,0.9811,0.379725,0.216824,-0.120854,0.906,0.393162,0.175441,-0.338508,0.9715,0.387805,0.185553,-0.142876,0.8005,0.397652,0.171573,-0.348119,0.9671,0.393558,0.181076,-0.109983,0.7651,0.400891,0.179846,-0.32273,0.9488,0.393613,0.193869,-0.113874,0.7339,0.457756,0.50794,-0.035823,0.9998,0.372529,0.499763,0.036783,0.9984,0.441587,0.72817,-0.046566,0.9755,0.222021,0.604641,-0.036609,0.9746,0.432963,0.940842,0.001872,0.9837,0.378773,0.585907,0.253282,0.2734,0.432132,0.95838,0.002887,0.8395,0.399628,0.571945,0.280176,0.3723,0.406776,0.987619,-0.090314,0.941,0.393157,0.655933,0.320719,0.3455
vrikshasana_tf_0113,vrikshasana,,TF,train,unlabelled,,Apache-2.0,data/datasets/yoga_poses/train/tree/girl1_tree119.jpg,True,300,300,True,0.9984,0.324,177.263,28.388,98.662,19.142,51.284,58.881,175.987,122.271,62.384,11.538,28.388,177.263,19.142,98.662,11.538,62.384,122.271,175.987,109.077,165.967,122.271,177.263,98.662,109.077,3.307,3.307,5.729,6.332,5.923,34.767,-0.9983,-0.4226,1.4385,0.5302,0.413215,0.152471,-0.125753,1.0,0.426061,0.140699,-0.112662,0.9999,0.432162,0.141598,-0.112132,0.9999,0.437817,0.142402,-0.111939,0.9999,0.411998,0.138509,-0.101895,0.9999,0.407633,0.138027,-0.102798,0.9999,0.403477,0.137676,-0.102237,0.9999,0.450689,0.152558,-0.026895,0.9999,0.401917,0.146455,0.003609,0.9999,0.424392,0.172584,-0.096185,0.9999,0.403466,0.170746,-0.086366,0.9999,0.496169,0.249971,-0.052484,0.9994,0.36555,0.264466,0.065584,0.9984,0.455777,0.273457,-0.197293,0.9832,0.301806,0.30684,0.001515,0.9705,0.393717,0.196373,-0.292891,0.9875,0.377124,0.207769,-0.074561,0.9471,0.388165,0.168987,-0.311535,0.9799,0.386128,0.175306,-0.094978,0.8694,0.392395,0.164473,-0.321443,0.9766,0.392124,0.174092,-0.060537,0.8443,0.395458,0.174395,-0.296288,0.9644,0.391395,0.187552,-0.067097,0.821,0.457287,0.50891,-0.039051,0.9999,0.375835,0.500459,0.039989,0.9991,0.440054,0.726572,-0.051726,0.9774,0.224896,0.605235,-0.03889,0.98,0.433369,0.940503,-0.003876,0.9859,0.381678,0.587708,0.251504,0.324,0.433335,0.956492,-0.002968,0.8416,0.402263,0.572949,0.27849,0.4249,0.403142,0.990641,-0.096024,0.9647,0.394292,0.658115,0.322044,0.4109
vrikshasana_tf_0114,vrikshasana,,TF,train,unlabelled,,Apache-2.0,data/datasets/yoga_poses/train/tree/girl1_tree121.jpg,True,300,300,True,0.9961,0.3017,176.9,30.996,121.978,43.937,76.515,78.095,174.681,125.833,52.429,2.042,30.996,176.9,43.937,121.978,2.042,52.429,125.833,174.681,118.126,176.929,174.681,176.9,121.978,118.126,5.456,5.456,10.437,6.876,5.708,34.805,-0.9955,-0.3747,1.368,0.4825,0.41123,0.16333,-0.137962,0.9999,0.422089,0.147712,-0.133264,0.9998,0.427028,0.147504,-0.132724,0.9998,0.432008,0.147253,-0.13265,0.9998,0.411503,0.147585,-0.118676,0.9998,0.40894,0.147383,-0.11973,0.9998,0.406199,0.147095,-0.119188,0.9998,0.447606,0.156009,-0.072348,0.9998,0.409125,0.155282,-0.025535,0.9998,0.42254,0.182275,-0.116194,0.9998,0.406949,0.180622,-0.101658,0.9997,0.497568,0.250401,-0.094145,0.9996,0.376946,0.264947,0.040589,0.9961,0.454975,0.253409,-0.24387,0.9897,0.301698,0.279406,0.058712,0.9645,0.395964,0.172236,-0.341297,0.99,0.373815,0.177124,0.060705,0.9237,0.391406,0.147693,-0.361103,0.9824,0.385656,0.152775,0.054772,0.8209,0.398418,0.143264,-0.365275,0.9791,0.392157,0.152188,0.076795,0.7918,0.401162,0.153322,-0.342255,0.9669,0.390526,0.162692,0.066356,0.7736,0.453982,0.512383,-0.046101,0.9998,0.372649,0.504254,0.047057,0.9984,0.438411,0.72817,-0.072547,0.9815,0.225899,0.606267,0.001375,0.9654,0.434674,0.936545,-0.055718,0.989,0.385438,0.595646,0.269089,0.3017,0.435588,0.955564,-0.058051,0.874,0.408186,0.579821,0.294458,0.3832,0.401168,0.9812,-0.154343,0.9457,0.40972,0.667809,0.335599,0.4208
vrikshasana_tf_0115,vrikshasana,,TF,train,unlabelled,,Apache-2.0,data/datasets/yoga_poses/train/tree/girl1_tree122.jpg,True,300,300,True,0.9959,0.2585,176.229,31.912,138.339,57.646,93.142,91.085,175.997,125.889,49.155,4.601,31.912,176.229,57.646,138.339,4.601,49.155,125.889,175.997,121.732,175.403,175.997,176.229,138.339,121.732,4.802,4.802,8.043,7.558,5.098,35.893,-0.9965,-0.3608,1.3772,0.501,0.421985,0.169372,-0.137711,0.9999,0.430586,0.153994,-0.131644,0.9998,0.435416,0.153697,-0.131091,0.9998,0.440427,0.15357,-0.130987,0.9998,0.418975,0.154734,-0.118163,0.9998,0.416009,0.154952,-0.119103,0.9997,0.41264,0.155064,-0.118645,0.9998,0.452839,0.162101,-0.069457,0.9998,0.412142,0.162864,-0.025678,0.9998,0.43288,0.187014,-0.115184,0.9998,0.416415,0.18606,-0.10161,0.9996,0.499657,0.250823,-0.097154,0.9993,0.376258,0.267195,0.039212,0.9959,0.451786,0.240424,-0.243101,0.9903,0.29914,0.265741,0.038229,0.9751,0.390737,0.156656,-0.322685,0.9856,0.367774,0.161788,0.025669,0.9226,0.384363,0.128189,-0.342207,0.9731,0.379975,0.132395,0.015896,0.8053,0.390389,0.12498,-0.343913,0.9679,0.383666,0.131575,0.040383,0.7736,0.393947,0.136481,-0.322741,0.9523,0.383245,0.143188,0.030905,0.7577,0.458042,0.510247,-0.044358,0.9999,0.376276,0.502953,0.045482,0.9989,0.438331,0.730631,-0.06871,0.98,0.230568,0.608402,-0.015917,0.9684,0.433513,0.936597,-0.042147,0.9884,0.388308,0.597425,0.267487,0.2585,0.434512,0.955914,-0.043192,0.8635,0.408627,0.583102,0.294274,0.3515,0.401672,0.982985,-0.139707,0.942,0.402181,0.672554,0.334017,0.3593
vrikshasana_tf_0116,vrikshasana,,TF,train,unlabelled,,Apache-2.0,data/datasets/yoga_poses/train/tree/girl1_tree124.jpg,True,300,300,True,0.996,0.3935,176.853,31.588,151.647,68.747,109.683,101.154,175.465,126.458,42.236,9.363,31.588,176.853,68.747,151.647,9.363,42.236,126.458,175.465,128.675,169.294,175.465,176.853,151.647,128.675,5.392,5.392,8.339,6.192,5.874,35.115,-0.9956,-0.2966,1.3053,0.4413,0.42409,0.177306,-0.112801,0.9999,0.43115,0.161929,-0.111303,0.9998,0.435299,0.16164,-0.110703,0.9998,0.439573,0.161368,-0.110555,0.9998,0.422762,0.161728,-0.094301,0.9998,0.421002,0.1615,-0.095237,0.9997,0.41889,0.161214,-0.094774,0.9998,0.452945,0.167761,-0.065658,0.9998,0.425143,0.166771,-0.006163,0.9998,0.434373,0.193096,-0.095458,0.9997,0.423057,0.191533,-0.077972,0.9995,0.500005,0.247584,-0.094781,0.9992,0.386986,0.259847,0.059902,0.996,0.45457,0.222636,-0.212959,0.9919,0.302368,0.241092,0.125808,0.972,0.39827,0.13553,-0.248743,0.9797,0.367758,0.143229,0.200122,0.8583,0.389498,0.106814,-0.262525,0.9603,0.379743,0.114976,0.201774,0.6701,0.395546,0.106606,-0.267981,0.9523,0.384281,0.115594,0.22496,0.6282,0.399547,0.119082,-0.249928,0.9327,0.383401,0.12693,0.206674,0.6242,0.45737,0.514116,-0.050811,0.9998,0.381207,0.506281,0.05174,0.9983,0.440357,0.72777,-0.086239,0.982,0.238289,0.606779,0.004218,0.9721,0.435369,0.930951,-0.05425,0.9837,0.394883,0.597129,0.265271,0.3935,0.436187,0.949211,-0.055218,0.9044,0.433053,0.596958,0.289449,0.5172,0.399525,0.988181,-0.151997,0.9239,0.421303,0.664383,0.322129,0.4902
vrikshasana_tf_0117,vrikshasana,,TF,train,unlabelled,,Apache-2.0,data/datasets/yoga_poses/train/tree/girl1_tree125.jpg,True,300,300,True,0.9936,0.4153,176.457,31.844,158.346,76.208,118.013,108.413,176.223,127.025,39.12,8.223,31.844,176.457,76.208,158.346,8.223,39.12,127.025,176.223,132.224,170.493,176.223,176.457,158.346,132.224,5.143,5.143,9.425,7.051,5.413,35.741,-0.996,-0.2862,1.3286,0.4381,0.42407,0.179091,-0.108,0.9999,0.431436,0.164601,-0.103537,0.9999,0.435548,0.16475,-0.102959,0.9999,0.439804,0.164894,-0.102795,0.9999,0.421939,0.163084,-0.088066,0.9999,0.41967,0.162748,-0.088962,0.9998,0.417217,0.162329,-0.088613,0.9998,0.451253,0.169803,-0.048369,0.9998,0.4216,0.168731,0.004736,0.9998,0.433607,0.192989,-0.087393,0.9997,0.421921,0.192814,-0.072001,0.9994,0.498872,0.246092,-0.077488,0.999,0.386525,0.259987,0.075849,0.9936,0.454746,0.213237,-0.173695,0.9908,0.304794,0.230728,0.151302,0.9568,0.40001,0.124528,-0.189429,0.9751,0.368402,0.134587,0.231918,0.7895,0.393839,0.091128,-0.204341,0.9515,0.381527,0.105593,0.232679,0.5867,0.397238,0.094332,-0.209161,0.9431,0.385103,0.106588,0.25272,0.5458,0.399532,0.102425,-0.190865,0.9225,0.38351,0.116945,0.236983,0.5527,0.458076,0.514053,-0.047605,0.9997,0.380994,0.50675,0.048587,0.9981,0.439675,0.729585,-0.081758,0.9823,0.240218,0.60806,0.002894,0.9708,0.434797,0.938579,-0.058133,0.9845,0.39618,0.597437,0.248055,0.4153,0.436009,0.95563,-0.059767,0.9145,0.43253,0.591258,0.270829,0.5294,0.402768,0.992339,-0.16127,0.9226,0.421494,0.665363,0.297009,0.4901
vrikshasana_tf_0118,vrikshasana,,TF,train,unlabelled,,Apache-2.0,data/datasets/yoga_poses/train/tree/girl1_tree126.jpg,True,300,300,True,0.9946,0.3232,177.843,30.352,154.521,81.817,115.94,113.944,174.821,129.479,37.443,8.465,30.352,177.843,81.817,154.521,8.465,37.443,129.479,174.821,133.612,169.518,174.821,177.843,154.521,133.612,5.629,5.629,12.478,6.078,5.796,37.463,-0.9952,-0.2676,1.3398,0.4194,0.42096,0.182285,-0.111269,0.9999,0.42848,0.166475,-0.109974,0.9999,0.432107,0.166621,-0.109375,0.9999,0.435889,0.166653,-0.109233,0.9999,0.419628,0.165261,-0.092841,0.9998,0.417609,0.165073,-0.093855,0.9997,0.415435,0.164738,-0.093517,0.9998,0.448938,0.170383,-0.061614,0.9999,0.423259,0.170326,-0.001767,0.9998,0.431434,0.194762,-0.092392,0.9997,0.420341,0.195462,-0.074845,0.9994,0.499508,0.245489,-0.083818,0.9993,0.392112,0.256926,0.070187,0.9946,0.459483,0.217584,-0.185228,0.9899,0.309818,0.216859,0.152173,0.9355,0.405555,0.122798,-0.222043,0.9746,0.372412,0.124558,0.226593,0.7519,0.398518,0.090077,-0.240483,0.9538,0.384358,0.09575,0.227784,0.5568,0.403766,0.090007,-0.244341,0.9463,0.388924,0.09507,0.244706,0.5189,0.407858,0.102828,-0.223622,0.9234,0.38817,0.107303,0.230765,0.5316,0.457675,0.511274,-0.050443,0.9998,0.383421,0.503737,0.051385,0.9981,0.443492,0.72675,-0.078589,0.9818,0.240746,0.613067,0.015688,0.9602,0.437609,0.936216,-0.056849,0.98,0.399231,0.593297,0.271871,0.3232,0.441447,0.954774,-0.058587,0.8988,0.423986,0.576324,0.296278,0.4509,0.401256,0.984014,-0.15941,0.9048,0.426101,0.657018,0.328255,0.4109
vrikshasana_tf_0119,vrikshasana,,TF,train,unlabelled,,Apache-2.0,data/datasets/yoga_poses/train/tree/girl1_tree127.jpg,True,300,300,True,0.9966,0.3685,177.671,30.47,159.278,87.582,124.377,118.19,174.519,129.998,33.937,8.153,30.47,177.671,87.582,159.278,8.153,33.937,129.998,174.519,137.051,169.504,174.519,177.671,159.278,137.051,5.821,5.821,12.801,6.1,6.044,37.655,-0.9948,-0.2758,1.3345,0.4125,0.421486,0.182841,-0.103526,0.9999,0.428147,0.168256,-0.102265,0.9999,0.431473,0.168283,-0.1017,0.9999,0.434885,0.168181,-0.1014,0.9999,0.420754,0.167687,-0.084624,0.9999,0.419168,0.167688,-0.08554,0.9998,0.417532,0.167588,-0.085239,0.9999,0.448876,0.172149,-0.055701,0.9999,0.425594,0.172876,0.007131,0.9999,0.431048,0.194989,-0.085754,0.9998,0.421051,0.195499,-0.067559,0.9996,0.499985,0.248184,-0.078163,0.9993,0.394395,0.259467,0.080562,0.9966,0.453429,0.204175,-0.157917,0.9881,0.311786,0.210742,0.178653,0.9413,0.409585,0.11384,-0.163666,0.9651,0.373724,0.115186,0.27438,0.7825,0.403893,0.08337,-0.178206,0.9392,0.385914,0.087837,0.277533,0.595,0.406483,0.082605,-0.183417,0.93,0.389952,0.08606,0.29495,0.5609,0.409624,0.092669,-0.16539,0.9067,0.389271,0.096929,0.278993,0.5754,0.457858,0.513803,-0.051149,0.9997,0.384307,0.506016,0.052159,0.9983,0.444528,0.7298,-0.075076,0.9821,0.242786,0.61522,0.020124,0.9628,0.440189,0.936575,-0.052586,0.9838,0.398399,0.595601,0.271194,0.3685,0.447365,0.956615,-0.054135,0.8907,0.422472,0.57599,0.295334,0.4756,0.400202,0.981178,-0.155738,0.9225,0.425151,0.662235,0.327089,0.4705
vrikshasana_tf_0120,vrikshasana,,TF,train,unlabelled,,Apache-2.0,data/datasets/yoga_poses/train/tree/girl1_tree128.jpg,True,300,300,True,0.9976,0.4304,177.514,29.621,168.747,94.963,133.792,126.322,175.159,129.369,30.61,5.436,29.621,177.514,94.963,168.747,5.436,30.61,129.369,175.159,140.38,172.238,175.159,177.514,168.747,140.38,5.823,5.823,11.395,7.522,5.36,37.043,-0.9948,-0.283,1.3144,0.4139,0.425327,0.185426,-0.107957,0.9999,0.432804,0.170965,-0.104276,0.9999,0.436345,0.170737,-0.103788,0.9999,0.43998,0.17057,-0.103403,0.9999,0.424465,0.17134,-0.087873,0.9999,0.42248,0.171585,-0.08873,0.9998,0.420481,0.171828,-0.088415,0.9999,0.454065,0.175329,-0.052815,0.9999,0.428196,0.176988,0.006155,0.9999,0.434285,0.19634,-0.088985,0.9997,0.423453,0.197769,-0.072069,0.9996,0.501424,0.250723,-0.079133,0.9991,0.396732,0.264547,0.079054,0.9976,0.458339,0.193956,-0.137661,0.9851,0.316936,0.200737,0.176899,0.9475,0.414354,0.103556,-0.106665,0.9328,0.381449,0.10395,0.269932,0.7964,0.404558,0.065164,-0.117084,0.8901,0.391213,0.077226,0.269376,0.6185,0.408779,0.068438,-0.120229,0.873,0.39467,0.075346,0.285897,0.5868,0.411238,0.078573,-0.107141,0.85,0.394044,0.084295,0.273317,0.6052,0.459542,0.514879,-0.05267,0.9997,0.38684,0.508057,0.053772,0.9979,0.443811,0.730738,-0.080505,0.985,0.244042,0.61583,0.024212,0.9603,0.438001,0.928581,-0.059274,0.9899,0.405926,0.594742,0.262207,0.4304,0.445199,0.951797,-0.060432,0.8985,0.441494,0.572916,0.285629,0.5236,0.401459,0.978873,-0.161245,0.9464,0.437177,0.664316,0.318414,0.5488
vrikshasana_tf_0121,vrikshasana,,TF,train,unlabelled,,Apache-2.0,data/datasets/yoga_poses/train/tree/girl1_tree132.jpg,True,300,300,True,0.9963,0.336,174.17,35.144,166.618,119.601,156.225,145.748,175.995,132.25,20.21,0.022,35.144,174.17,119.601,166.618,0.022,20.21,132.25,175.995,150.758,174.636,175.995,174.17,166.618,150.758,7.268,7.268,11.572,8.4,4.395,36.909,-0.992,-0.3273,1.2804,0.384,0.43246,0.188272,-0.142267,0.9996,0.443872,0.173934,-0.132595,0.9997,0.448638,0.173808,-0.132133,0.9996,0.453128,0.173775,-0.131737,0.9998,0.431883,0.175338,-0.119564,0.9996,0.429131,0.175931,-0.120327,0.9991,0.42652,0.176423,-0.120126,0.9995,0.468402,0.185691,-0.07001,0.9996,0.434688,0.18837,-0.024003,0.9995,0.444575,0.202707,-0.120736,0.9991,0.428598,0.202643,-0.107166,0.9989,0.505217,0.26299,-0.114793,0.9986,0.410358,0.276999,0.052353,0.9963,0.474794,0.147379,-0.153865,0.9883,0.348399,0.164807,0.126894,0.9032,0.435809,0.074444,-0.093649,0.8979,0.410276,0.063788,0.160687,0.7431,0.43128,0.041883,-0.105865,0.8346,0.4186,0.043604,0.146625,0.58,0.433771,0.042928,-0.102168,0.8132,0.420711,0.041278,0.156558,0.5429,0.433264,0.052254,-0.091864,0.8129,0.419053,0.049753,0.157913,0.5762,0.464268,0.5206,-0.055884,0.9997,0.388129,0.514748,0.057216,0.9977,0.446367,0.724105,-0.092275,0.9863,0.258801,0.61188,0.042213,0.9339,0.449182,0.924901,-0.086902,0.9892,0.414512,0.607083,0.287432,0.336,0.45727,0.947664,-0.08881,0.8809,0.447763,0.591456,0.311616,0.4645,0.40152,0.978,-0.191128,0.9483,0.432313,0.680967,0.342345,0.4654
vrikshasana_tf_0122,vrikshasana,,TF,train,unlabelled,,Apache-2.0,data/datasets/yoga_poses/train/tree/girl1_tree133.jpg,True,300,300,True,0.9946,0.3698,173.649,34.927,167.729,122.296,160.798,150.256,177.413,132.793,16.233,2.103,34.927,173.649,122.296,167.729,2.103,16.233,132.793,177.413,155.616,177.092,177.413,173.649,167.729,155.616,6.631,6.631,8.725,4.287,5.426,37.782,-0.9933,-0.2999,1.2906,0.3737,0.435319,0.198374,-0.15075,0.9996,0.448522,0.184228,-0.139178,0.9996,0.45424,0.184103,-0.138684,0.9995,0.459248,0.184312,-0.138297,0.9997,0.43493,0.184567,-0.127637,0.9994,0.431684,0.184401,-0.128374,0.9988,0.428268,0.184474,-0.128128,0.9993,0.473354,0.193768,-0.068301,0.9995,0.435422,0.193932,-0.030348,0.9993,0.446894,0.213936,-0.125748,0.9989,0.430069,0.212316,-0.114385,0.9987,0.503239,0.268937,-0.115434,0.9983,0.411279,0.27583,0.048151,0.9946,0.479182,0.145759,-0.166417,0.9895,0.356106,0.156057,0.101891,0.902,0.442821,0.061421,-0.120852,0.9094,0.419251,0.058714,0.115096,0.76,0.439844,0.034525,-0.136544,0.8486,0.427954,0.039107,0.097141,0.6032,0.440797,0.031613,-0.13042,0.8297,0.430929,0.038133,0.107909,0.5672,0.441052,0.043908,-0.118672,0.831,0.428625,0.047202,0.111953,0.5987,0.467117,0.521135,-0.055123,0.9997,0.390409,0.513848,0.056461,0.9977,0.44731,0.724469,-0.091675,0.9845,0.261857,0.613497,0.039697,0.9229,0.450031,0.922496,-0.078504,0.9914,0.416854,0.605769,0.285177,0.3698,0.4591,0.945747,-0.079763,0.9042,0.449575,0.591742,0.308631,0.5228,0.4015,0.975058,-0.178931,0.9584,0.429137,0.676468,0.337678,0.4689
vrikshasana_tf_0123,vrikshasana,,TF,train,unlabelled,,Apache-2.0,data/datasets/yoga_poses/train/tree/girl1_tree134.jpg,True,300,300,True,0.9945,0.3936,174.064,37.213,167.433,122.347,161.895,150.257,177.872,131.298,15.188,3.153,37.213,174.064,122.347,167.433,3.153,15.188,131.298,177.872,157.045,177.719,177.872,174.064,167.433,157.045,6.643,6.643,11.663,6.68,5.288,35.864,-0.9933,-0.2958,1.2096,0.3497,0.439504,0.198221,-0.138743,0.9994,0.450683,0.182855,-0.128309,0.9995,0.455297,0.182513,-0.127844,0.9994,0.459988,0.18232,-0.127422,0.9996,0.437668,0.183847,-0.115925,0.9993,0.434401,0.183916,-0.116701,0.9985,0.431456,0.184154,-0.116438,0.9991,0.472903,0.192154,-0.060729,0.9994,0.435488,0.194943,-0.0175,0.9992,0.450414,0.213284,-0.114914,0.9986,0.434205,0.212667,-0.102109,0.9983,0.504702,0.267328,-0.107554,0.9983,0.417549,0.277536,0.061906,0.9945,0.481061,0.137734,-0.158317,0.9908,0.3634,0.157659,0.118978,0.8821,0.448778,0.061332,-0.105406,0.9085,0.429703,0.056892,0.128339,0.7128,0.4495,0.032838,-0.11962,0.8425,0.441858,0.03772,0.11086,0.5527,0.449571,0.031272,-0.110746,0.8227,0.44274,0.03553,0.119604,0.5176,0.448748,0.045323,-0.101925,0.8288,0.439385,0.04472,0.124689,0.5473,0.469542,0.525109,-0.056939,0.9996,0.394658,0.518178,0.058278,0.9969,0.449351,0.729578,-0.090284,0.9853,0.266641,0.610726,0.040879,0.9344,0.450319,0.916348,-0.070696,0.9872,0.420438,0.614346,0.272282,0.3936,0.458778,0.942437,-0.0711,0.8881,0.454772,0.602292,0.294647,0.5122,0.406185,0.969583,-0.168018,0.9439,0.438128,0.689223,0.321302,0.4953
vrikshasana_tf_0124,vrikshasana,,TF,train,unlabelled,,Apache-2.0,data/datasets/yoga_poses/train/tree/girl1_tree137.jpg,True,300,300,True,0.9954,0.4324,171.655,37.349,166.335,142.476,166.587,160.475,178.461,136.067,11.101,4.588,37.349,171.655,142.476,166.335,4.588,11.101,136.067,178.461,160.778,177.972,178.461,171.655,166.335,160.778,7.389,7.389,16.031,2.477,6.471,39.451,-0.9917,-0.2532,1.2439,0.336,0.444073,0.206739,-0.119298,0.999,0.453616,0.192675,-0.115131,0.9991,0.458499,0.192258,-0.114757,0.999,0.463501,0.192089,-0.114309,0.9993,0.442668,0.193003,-0.098807,0.9988,0.44037,0.192594,-0.099575,0.9977,0.438367,0.192332,-0.099353,0.9985,0.479985,0.200187,-0.072216,0.999,0.444907,0.201441,-0.011741,0.9988,0.455932,0.222554,-0.103367,0.9979,0.441222,0.220507,-0.085397,0.9977,0.515076,0.268406,-0.125884,0.998,0.430916,0.272046,0.049252,0.9954,0.50297,0.137697,-0.214293,0.9934,0.402142,0.146502,0.088478,0.8428,0.471393,0.045765,-0.188019,0.9429,0.449239,0.043708,0.050897,0.7747,0.469672,0.020113,-0.203568,0.9074,0.461086,0.026321,0.027398,0.678,0.469702,0.018071,-0.192446,0.892,0.461262,0.022571,0.030251,0.6538,0.46842,0.027819,-0.18361,0.8962,0.458032,0.030299,0.043463,0.6889,0.478722,0.523148,-0.060948,0.9996,0.402791,0.514535,0.062256,0.9973,0.455588,0.72361,-0.110873,0.9888,0.282926,0.613173,0.055041,0.9245,0.46157,0.918032,-0.100961,0.9875,0.430182,0.607769,0.295501,0.4324,0.47003,0.941059,-0.103115,0.9211,0.467608,0.592505,0.317564,0.5843,0.406806,0.964702,-0.205373,0.9491,0.446321,0.679951,0.346734,0.5281
vrikshasana_tf_0125,vrikshasana,,TF,train,unlabelled,,Apache-2.0,data/datasets/yoga_poses/train/tree/girl1_tree139.jpg,True,300,300,True,0.993,0.3895,171.542,36.816,174.982,153.078,165.039,163.814,177.764,138.027,8.969,4.067,36.816,171.542,153.078,174.982,4.067,8.969,138.027,177.764,162.739,176.8,177.764,171.542,174.982,162.739,7.794,7.794,21.107,3.725,6.913,40.759,-0.9908,-0.2329,1.2344,0.3069,0.443733,0.215537,-0.115809,0.9989,0.453337,0.199203,-0.114643,0.9992,0.458044,0.198737,-0.114246,0.9991,0.46291,0.198395,-0.113786,0.9992,0.443816,0.19918,-0.095445,0.9989,0.441637,0.198606,-0.096246,0.9979,0.439474,0.198294,-0.096045,0.9986,0.480652,0.204675,-0.081485,0.9989,0.447052,0.205009,-0.008188,0.9988,0.455308,0.230172,-0.10303,0.9975,0.442404,0.229276,-0.081381,0.9972,0.518174,0.270989,-0.137316,0.9976,0.442008,0.275947,0.05991,0.993,0.502933,0.140646,-0.231092,0.9931,0.42271,0.152979,0.102704,0.701,0.480446,0.031941,-0.197927,0.9448,0.458606,0.042521,0.048493,0.682,0.478657,0.005079,-0.213077,0.9115,0.467957,0.02316,0.025695,0.6064,0.478054,0.004273,-0.198658,0.8959,0.469591,0.021261,0.026534,0.5834,0.477771,0.018167,-0.192051,0.8996,0.466872,0.029964,0.039746,0.6219,0.481279,0.524143,-0.065535,0.9996,0.411438,0.515676,0.06679,0.9966,0.460079,0.723978,-0.102748,0.9879,0.29417,0.616754,0.064243,0.9043,0.467988,0.912498,-0.083885,0.9832,0.441915,0.60657,0.303234,0.3895,0.477766,0.936179,-0.08484,0.9233,0.47288,0.58232,0.325216,0.558,0.411701,0.960528,-0.183058,0.938,0.452836,0.672326,0.358674,0.4884
vrikshasana_tf_0126,vrikshasana,,TF,train,unlabelled,,Apache-2.0,data/datasets/yoga_poses/train/tree/girl1_tree140.jpg,True,300,300,True,0.9948,0.4074,173.692,34.433,177.8,152.913,163.501,163.79,177.0,137.366,9.07,4.224,34.433,173.692,152.913,177.8,4.224,9.07,137.366,177.0,162.478,176.727,177.0,173.692,177.8,162.478,7.988,7.988,21.198,2.926,7.297,39.868,-0.9903,-0.2366,1.2549,0.3031,0.447208,0.217442,-0.108667,0.9991,0.456084,0.202545,-0.108191,0.9993,0.460513,0.202364,-0.107801,0.9992,0.464995,0.20225,-0.107326,0.9993,0.447656,0.201955,-0.088616,0.9991,0.445859,0.201374,-0.089407,0.9983,0.443946,0.200934,-0.089252,0.9989,0.48232,0.20888,-0.077351,0.9989,0.452461,0.208181,-0.001924,0.9991,0.458115,0.232226,-0.096726,0.9979,0.446299,0.230794,-0.074457,0.9978,0.520975,0.274404,-0.131089,0.9978,0.445636,0.278255,0.062202,0.9948,0.503332,0.149615,-0.228472,0.9937,0.426833,0.155555,0.099105,0.75,0.483844,0.041815,-0.201451,0.9552,0.462666,0.047682,0.035991,0.7625,0.483977,0.014101,-0.217872,0.9252,0.472662,0.025128,0.011525,0.6934,0.483248,0.011518,-0.202533,0.9111,0.473152,0.02149,0.011372,0.673,0.482309,0.022885,-0.19537,0.9149,0.470243,0.0294,0.026682,0.7068,0.483403,0.527258,-0.064367,0.9995,0.414033,0.518376,0.065663,0.9969,0.464109,0.729411,-0.101331,0.9894,0.298903,0.614532,0.061259,0.915,0.466841,0.912307,-0.076763,0.9823,0.438873,0.601213,0.297922,0.4074,0.472879,0.936131,-0.077414,0.9254,0.474748,0.582361,0.319392,0.5725,0.415608,0.960364,-0.178742,0.9407,0.458178,0.672412,0.350637,0.5084
vrikshasana_tf_0127,vrikshasana,,TF,train,unlabelled,,Apache-2.0,data/datasets/yoga_poses/train/tree/girl1_tree142.jpg,True,300,300,True,0.9931,0.3758,173.01,33.907,179.883,157.927,162.582,166.852,176.954,137.72,9.039,5.004,33.907,173.01,157.927,179.883,5.004,9.039,137.72,176.954,162.527,177.369,176.954,173.01,179.883,162.527,8.048,8.048,20.819,4.822,8.44,40.085,-0.9902,-0.2567,1.2776,0.3037,0.450017,0.216769,-0.107373,0.9991,0.460026,0.203396,-0.107139,0.9991,0.4644,0.203097,-0.106693,0.9991,0.469015,0.202878,-0.106277,0.999,0.451703,0.203222,-0.087178,0.9991,0.450127,0.20271,-0.087989,0.9983,0.448572,0.202211,-0.087819,0.9988,0.486998,0.210248,-0.079285,0.9986,0.457991,0.209726,-0.002849,0.999,0.460974,0.2317,-0.096342,0.9974,0.449672,0.230399,-0.073916,0.9971,0.525667,0.276891,-0.135249,0.9975,0.451076,0.283183,0.065276,0.9931,0.505653,0.150305,-0.226211,0.994,0.439122,0.159336,0.10836,0.6626,0.487978,0.039964,-0.189583,0.9589,0.471435,0.050666,0.048388,0.7006,0.486015,0.013363,-0.204409,0.9298,0.480479,0.028721,0.026714,0.6409,0.484897,0.011247,-0.188338,0.9183,0.480372,0.025422,0.025474,0.6181,0.484683,0.023875,-0.182686,0.9221,0.477665,0.032793,0.038973,0.6559,0.488255,0.529204,-0.065233,0.9994,0.419466,0.518998,0.06655,0.9965,0.469364,0.729489,-0.10258,0.9895,0.308353,0.612514,0.080983,0.8837,0.474449,0.91128,-0.08357,0.9731,0.444319,0.597797,0.310046,0.3758,0.480656,0.936766,-0.084536,0.9331,0.481848,0.583687,0.330444,0.5653,0.419537,0.958811,-0.184472,0.9108,0.456962,0.64517,0.359774,0.4781
vrikshasana_tf_0128,vrikshasana,,TF,train,unlabelled,,Apache-2.0,data/datasets/yoga_poses/train/tree/girl1_tree145.jpg,True,300,300,True,0.9943,0.3319,171.585,33.055,179.59,160.127,162.972,166.554,177.342,140.556,8.611,3.95,33.055,171.585,160.127,179.59,3.95,8.611,140.556,177.342,162.774,175.86,177.342,171.585,179.59,162.774,8.36,8.36,24.109,4.688,7.839,42.467,-0.9894,-0.2232,1.308,0.2974,0.459882,0.234539,-0.111163,0.9993,0.468932,0.218854,-0.112592,0.9993,0.473554,0.21851,-0.112159,0.9993,0.478078,0.218154,-0.111694,0.9993,0.460276,0.218287,-0.090812,0.9994,0.458421,0.217661,-0.091606,0.9988,0.456429,0.217203,-0.091386,0.9992,0.496109,0.22278,-0.086348,0.999,0.466058,0.2237,-0.002521,0.9992,0.470022,0.248727,-0.100678,0.9981,0.458803,0.247634,-0.076005,0.998,0.535002,0.285246,-0.142875,0.9978,0.463783,0.291086,0.068363,0.9943,0.517174,0.164712,-0.239217,0.9934,0.452215,0.167702,0.120879,0.6365,0.499773,0.052611,-0.206022,0.9615,0.479606,0.061917,0.053661,0.7369,0.49841,0.025701,-0.218996,0.939,0.486499,0.038099,0.029049,0.6878,0.497735,0.02341,-0.204461,0.9282,0.487035,0.034972,0.026355,0.6684,0.497357,0.031832,-0.199368,0.927,0.485547,0.04257,0.043529,0.697,0.497851,0.530475,-0.067657,0.9995,0.431066,0.52128,0.068875,0.9968,0.477543,0.725126,-0.094629,0.9885,0.324569,0.618753,0.090025,0.8871,0.485462,0.909522,-0.082483,0.9847,0.460051,0.596295,0.333589,0.3319,0.493579,0.932155,-0.084334,0.9349,0.488283,0.57155,0.355646,0.5422,0.426687,0.959355,-0.181978,0.9457,0.468446,0.657461,0.396006,0.4404
vrikshasana_tf_0129,vrikshasana,,TF,train,unlabelled,,Apache-2.0,data/datasets/yoga_poses/train/tree/girl2_tree085.jpg,True,300,300,True,0.9966,0.2422,44.875,166.894,13.105,10.712,30.558,33.458,127.732,174.608,144.313,140.351,44.875,166.894,10.712,13.105,140.351,144.313,127.732,174.608,21.447,45.084,174.608,166.894,10.712,45.084,4.505,-4.505,8.171,3.31,6.409,23.492,-0.9969,-0.4281,1.2388,0.6057,0.42288,0.110724,0.17636,0.9994,0.410884,0.094177,0.149105,0.9995,0.404667,0.094735,0.150216,0.9995,0.398167,0.095516,0.149989,0.9995,0.421134,0.091585,0.139572,0.9994,0.423416,0.09053,0.13902,0.9993,0.425439,0.089557,0.139329,0.9993,0.379821,0.105435,0.076428,0.9997,0.41951,0.097703,0.022819,0.9995,0.414036,0.126314,0.155502,0.9994,0.423614,0.12198,0.139502,0.9993,0.317989,0.220279,0.071105,0.9993,0.466683,0.211679,-0.046487,0.9992,0.284509,0.334642,0.12954,0.841,0.52584,0.322829,0.041129,0.9112,0.335364,0.244471,0.249041,0.2422,0.505973,0.25909,0.259663,0.2868,0.344268,0.225405,0.256237,0.1826,0.525153,0.234987,0.294223,0.2015,0.376699,0.217056,0.258526,0.1752,0.511956,0.228457,0.30682,0.1912,0.357457,0.229276,0.251376,0.1728,0.505709,0.235493,0.272548,0.1905,0.380008,0.464657,0.058059,0.9966,0.443291,0.457548,-0.056474,0.9984,0.543956,0.535915,0.057837,0.8389,0.403272,0.666798,-0.07577,0.9823,0.433307,0.579241,0.24775,0.5666,0.411879,0.883092,-0.026153,0.9757,0.417264,0.573535,0.265088,0.5761,0.418163,0.908767,-0.018393,0.958,0.406412,0.614244,0.323702,0.4786,0.422652,0.922299,-0.053256,0.9538
vrikshasana_tf_0130,vrikshasana,,TF,train,unlabelled,,Apache-2.0,data/datasets/yoga_poses/train/tree/girl2_tree086.jpg,True,300,300,True,0.9985,0.2106,175.892,124.384,12.222,12.118,24.561,30.952,174.54,148.893,143.781,135.104,124.384,175.892,12.118,12.222,135.104,143.781,148.893,174.54,23.902,47.674,148.893,124.384,12.118,47.674,4.812,-4.812,6.89,3.543,4.432,61.672,-0.9965,-0.4294,0.4565,0.6122,0.410689,0.11767,0.232764,0.9999,0.397787,0.098396,0.204319,0.9999,0.391658,0.098991,0.205377,0.9999,0.38414,0.099923,0.205054,0.9999,0.41114,0.096433,0.200203,0.9999,0.413964,0.095741,0.199745,0.9999,0.417383,0.095115,0.200211,0.9999,0.371634,0.111151,0.124528,0.9999,0.414928,0.102722,0.087319,0.9999,0.401176,0.134127,0.211119,0.9997,0.414556,0.129978,0.197613,0.9998,0.317444,0.223015,0.098352,0.9997,0.461017,0.214126,0.012542,0.9998,0.292603,0.337483,0.156682,0.8944,0.521497,0.327046,0.0544,0.9658,0.334248,0.245959,0.312241,0.2106,0.500365,0.253617,0.226823,0.4136,0.348336,0.229038,0.338358,0.1456,0.516941,0.228811,0.26582,0.2785,0.356499,0.222503,0.352354,0.1409,0.505787,0.221772,0.28577,0.2624,0.355997,0.230879,0.323725,0.146,0.493636,0.230614,0.242591,0.2502,0.368285,0.455851,0.050358,0.9985,0.449591,0.449549,-0.048795,0.9994,0.38494,0.594326,0.107986,0.8826,0.541774,0.620549,-0.014107,0.971,0.404417,0.69485,-0.012066,0.8196,0.454526,0.789675,-0.195724,0.9849,0.409967,0.701597,-0.027705,0.9013,0.43206,0.807101,-0.207549,0.9816,0.410977,0.745223,0.016153,0.6827,0.447962,0.855031,-0.193705,0.9571
vrikshasana_tf_0131,vrikshasana,,TF,train,unlabelled,,Apache-2.0,data/datasets/yoga_poses/train/tree/girl2_tree091.jpg,True,300,300,True,0.9967,0.057,179.29,34.351,51.988,25.733,3.438,32.639,175.575,121.601,136.107,114.889,34.351,179.29,25.733,51.988,114.889,136.107,121.601,175.575,34.091,65.481,121.601,179.29,25.733,65.481,4.851,-4.851,13.36,5.459,15.195,31.971,-0.9964,-0.3943,1.3681,0.4987,0.413912,0.129206,0.135811,0.9987,0.401345,0.11267,0.129566,0.999,0.396258,0.111998,0.130329,0.9989,0.39078,0.111327,0.130237,0.9991,0.409501,0.112407,0.103776,0.9993,0.410697,0.111879,0.102823,0.9992,0.411724,0.111424,0.103634,0.9991,0.366241,0.11568,0.135195,0.9985,0.396624,0.117475,0.003254,0.9994,0.404878,0.142807,0.143052,0.996,0.413041,0.142661,0.102802,0.9965,0.306339,0.228814,0.196189,0.9994,0.424634,0.21751,-0.083476,0.9993,0.320011,0.351391,0.247868,0.2776,0.495527,0.329786,-0.025275,0.9633,0.373715,0.298844,0.273648,0.057,0.48592,0.245944,0.181674,0.5331,0.384958,0.288873,0.285257,0.0512,0.494839,0.214589,0.219513,0.4064,0.387346,0.25776,0.285571,0.0492,0.476993,0.211758,0.23138,0.3806,0.393378,0.278453,0.273334,0.0585,0.472107,0.221745,0.194527,0.357,0.348143,0.47077,0.103123,0.9994,0.42313,0.450405,-0.101647,0.9967,0.366885,0.669884,0.071261,0.9222,0.583472,0.550485,-0.169453,0.9727,0.389744,0.884225,0.032453,0.9445,0.395864,0.558283,-0.05471,0.6445,0.391253,0.913107,0.025536,0.9187,0.371869,0.551287,-0.036801,0.6221,0.414892,0.900873,0.032825,0.8785,0.389036,0.615611,0.053512,0.6505
vrikshasana_tf_0132,vrikshasana,,TF,train,unlabelled,,Apache-2.0,data/datasets/yoga_poses/train/tree/girl2_tree092.jpg,True,300,300,True,0.9958,0.0415,178.905,35.423,57.533,29.452,1.826,32.056,176.187,123.434,137.359,111.898,35.423,178.905,29.452,57.533,111.898,137.359,123.434,176.187,32.933,67.743,123.434,178.905,29.452,67.743,5.19,-5.19,13.581,3.391,14.068,33.075,-0.9959,-0.413,1.3845,0.495,0.409551,0.12624,0.134782,0.9989,0.395662,0.110181,0.128438,0.9991,0.390274,0.109923,0.129255,0.999,0.384649,0.109803,0.129113,0.9992,0.404658,0.10984,0.103667,0.9992,0.406037,0.109394,0.10274,0.9991,0.407301,0.109205,0.103607,0.9989,0.361757,0.117107,0.133755,0.9987,0.39352,0.117931,0.006602,0.9993,0.400364,0.141303,0.141859,0.9957,0.409357,0.140382,0.103002,0.9962,0.303773,0.227021,0.202791,0.9992,0.420217,0.220121,-0.081833,0.999,0.320515,0.347963,0.288763,0.2328,0.489611,0.329403,-0.037654,0.9458,0.373609,0.302859,0.359211,0.0415,0.485308,0.246284,0.146487,0.4582,0.382327,0.268682,0.377446,0.0373,0.493221,0.216511,0.184609,0.3548,0.391944,0.256308,0.377119,0.0357,0.476669,0.213964,0.197278,0.3301,0.386886,0.258587,0.359799,0.043,0.471783,0.223338,0.159293,0.3114,0.344975,0.467876,0.104505,0.9992,0.421649,0.448662,-0.103072,0.9958,0.365346,0.665175,0.066018,0.91,0.575007,0.548538,-0.194199,0.9707,0.383585,0.882409,0.032082,0.945,0.388858,0.556172,-0.085891,0.6696,0.384642,0.909926,0.025257,0.9293,0.366731,0.539249,-0.06795,0.6587,0.413971,0.901739,0.032076,0.8837,0.364156,0.619201,0.020994,0.6862
vrikshasana_tf_0133,vrikshasana,,TF,train,unlabelled,,Apache-2.0,data/datasets/yoga_poses/train/tree/girl2_tree094.jpg,True,300,300,True,0.9971,0.0582,176.221,26.131,46.522,36.744,4.329,31.745,178.554,120.279,119.934,105.87,26.131,176.221,36.744,46.522,105.87,119.934,120.279,178.554,51.488,75.64,120.279,176.221,36.744,75.64,3.624,-3.624,11.848,4.715,12.123,31.789,-0.998,-0.3869,1.4628,0.4761,0.404856,0.136641,0.087671,0.998,0.391768,0.120297,0.075607,0.9985,0.386646,0.119685,0.076344,0.9982,0.381173,0.119085,0.076385,0.9985,0.401054,0.120349,0.053663,0.9985,0.402659,0.120053,0.052629,0.9984,0.404107,0.119717,0.053254,0.9983,0.35803,0.123177,0.075275,0.9982,0.390151,0.124998,-0.043592,0.999,0.39519,0.151178,0.093151,0.9947,0.405843,0.151317,0.05767,0.9952,0.302816,0.232963,0.148441,0.9989,0.415235,0.223691,-0.125932,0.999,0.328581,0.345392,0.242549,0.2262,0.480687,0.335988,-0.105101,0.9129,0.375498,0.274814,0.337093,0.0582,0.491039,0.245241,0.037218,0.5297,0.382609,0.25781,0.356982,0.0519,0.493164,0.218509,0.069315,0.432,0.396179,0.245868,0.356995,0.0487,0.478277,0.215079,0.080849,0.4144,0.388944,0.245298,0.338211,0.055,0.471772,0.224309,0.048518,0.3802,0.338926,0.472339,0.100415,0.9996,0.409079,0.457269,-0.098963,0.9971,0.363747,0.670698,0.065594,0.932,0.566894,0.555076,-0.175363,0.9477,0.376234,0.883774,0.028787,0.9299,0.387988,0.537354,-0.022889,0.4143,0.370906,0.913889,0.024464,0.9382,0.382227,0.530512,4.1e-05,0.5378,0.39645,0.912019,0.036058,0.8049,0.364185,0.57547,0.106125,0.3991
vrikshasana_tf_0134,vrikshasana,,TF,train,unlabelled,,Apache-2.0,data/datasets/yoga_poses/train/tree/girl2_tree095.jpg,True,300,300,True,0.9951,0.0518,177.357,24.886,58.137,40.477,8.493,31.11,178.33,121.445,117.853,106.564,24.886,177.357,40.477,58.137,106.564,117.853,121.445,178.33,53.61,72.759,178.33,177.357,40.477,72.759,4.69,-4.69,17.869,3.483,11.2,30.769,-0.9967,-0.3584,1.4271,0.4312,0.408876,0.144268,0.069005,0.9959,0.397052,0.12816,0.061416,0.9971,0.391776,0.126825,0.062133,0.9965,0.386425,0.125973,0.062097,0.997,0.405184,0.128641,0.035926,0.9969,0.406453,0.128317,0.034837,0.9967,0.407503,0.128102,0.035379,0.9964,0.360969,0.129408,0.076616,0.9965,0.392003,0.13465,-0.057506,0.9978,0.399646,0.158077,0.07932,0.9886,0.407927,0.157932,0.039422,0.9904,0.301895,0.233339,0.149612,0.9984,0.405103,0.227057,-0.132389,0.998,0.333949,0.33799,0.234251,0.1598,0.473092,0.336769,-0.094665,0.9003,0.386332,0.277958,0.289128,0.0518,0.486176,0.25117,0.083613,0.4477,0.398417,0.264116,0.301654,0.0487,0.489257,0.223682,0.116279,0.3545,0.410036,0.254286,0.29804,0.0465,0.476639,0.221826,0.127833,0.3414,0.407811,0.258243,0.287601,0.0532,0.470091,0.228979,0.095075,0.3192,0.338329,0.476069,0.094803,0.9994,0.407881,0.462297,-0.093414,0.9951,0.360817,0.662823,0.045338,0.9463,0.566821,0.556926,-0.185844,0.9253,0.376954,0.881345,0.011707,0.9159,0.408033,0.540565,-0.042685,0.3669,0.375538,0.909228,0.006566,0.8905,0.386596,0.525584,-0.021806,0.4876,0.395913,0.907342,0.005086,0.7773,0.364338,0.56195,0.06723,0.3649
vrikshasana_tf_0135,vrikshasana,,TF,train,unlabelled,,Apache-2.0,data/datasets/yoga_poses/train/tree/girl2_tree096.jpg,True,300,300,True,0.9972,0.0907,178.082,33.629,68.567,39.046,12.424,31.176,179.275,122.609,112.577,102.709,33.629,178.082,39.046,68.567,102.709,112.577,122.609,179.275,59.516,75.79,122.609,178.082,39.046,75.79,4.771,-4.771,17.256,3.621,10.882,31.108,-0.9965,-0.3529,1.3399,0.4226,0.406073,0.149622,0.055856,0.9985,0.394843,0.130438,0.054556,0.999,0.390032,0.129782,0.055324,0.9987,0.384877,0.129293,0.055251,0.999,0.40186,0.130334,0.025457,0.9991,0.402426,0.129895,0.024366,0.9991,0.402749,0.129619,0.025224,0.999,0.359062,0.13463,0.089848,0.9985,0.385588,0.136,-0.059297,0.9994,0.394657,0.165425,0.073092,0.9957,0.403139,0.16511,0.028785,0.9963,0.29958,0.237785,0.183585,0.9993,0.401115,0.231359,-0.141926,0.9994,0.338231,0.342096,0.26031,0.1753,0.472732,0.343013,-0.093304,0.9591,0.405654,0.281889,0.285531,0.0907,0.48313,0.249856,0.105893,0.649,0.419439,0.265502,0.299375,0.086,0.485451,0.226599,0.128201,0.533,0.428052,0.255505,0.295244,0.0819,0.469718,0.222365,0.141754,0.5106,0.423991,0.260589,0.283236,0.0929,0.466961,0.231023,0.116638,0.4809,0.333437,0.481557,0.11155,0.9997,0.407299,0.467358,-0.110255,0.9972,0.357607,0.673348,0.070385,0.8977,0.559088,0.558954,-0.20002,0.9594,0.377441,0.888571,0.031966,0.9335,0.391451,0.566334,-0.070047,0.58,0.3748,0.9103,0.024379,0.9347,0.353206,0.53375,-0.05159,0.6141,0.404871,0.901196,0.029976,0.8877,0.349022,0.595087,0.045934,0.6458
vrikshasana_tf_0136,vrikshasana,,TF,train,unlabelled,,Apache-2.0,data/datasets/yoga_poses/train/tree/girl2_tree097.jpg,True,300,300,True,0.9964,0.1227,174.538,25.105,66.668,42.846,9.681,31.6,179.172,122.038,113.906,102.953,25.105,174.538,42.846,66.668,102.953,113.906,122.038,179.172,58.87,76.084,122.038,174.538,42.846,76.084,4.168,-4.168,14.094,2.081,10.956,31.074,-0.9974,-0.3605,1.4202,0.3929,0.403299,0.14817,0.053752,0.9964,0.391755,0.131518,0.048743,0.9977,0.386881,0.13109,0.049359,0.997,0.381694,0.130774,0.049257,0.9977,0.398671,0.131279,0.021641,0.9984,0.399247,0.130979,0.020586,0.9981,0.399615,0.130888,0.021205,0.9984,0.355436,0.135627,0.072582,0.9969,0.382717,0.138567,-0.068369,0.9985,0.393736,0.164036,0.067172,0.9925,0.401749,0.163067,0.025406,0.9939,0.305266,0.235854,0.151853,0.9991,0.398921,0.232451,-0.14722,0.9991,0.33591,0.336686,0.165193,0.2241,0.467735,0.340207,-0.119059,0.9516,0.403576,0.279432,0.123446,0.1227,0.483746,0.251961,0.054734,0.6409,0.417411,0.262872,0.125136,0.1157,0.486085,0.228822,0.073615,0.5209,0.409447,0.243613,0.121708,0.1104,0.469544,0.22439,0.085433,0.5048,0.422218,0.259053,0.1197,0.1224,0.466913,0.232525,0.063399,0.4769,0.336024,0.478527,0.102602,0.9997,0.40284,0.465592,-0.101155,0.9964,0.362263,0.664015,0.058082,0.8918,0.55043,0.554534,-0.191491,0.921,0.371816,0.875234,0.000512,0.9159,0.37811,0.536517,-0.11007,0.5365,0.364302,0.900327,-0.008695,0.925,0.36086,0.520517,-0.097467,0.5966,0.393671,0.901849,-0.014362,0.8621,0.348162,0.575073,-0.021177,0.6182
vrikshasana_tf_0137,vrikshasana,,TF,train,unlabelled,,Apache-2.0,data/datasets/yoga_poses/train/tree/girl2_tree099.jpg,True,300,300,True,0.9982,0.1265,175.269,31.543,57.533,44.842,15.833,31.502,179.107,129.642,114.774,102.849,31.543,175.269,44.842,57.533,102.849,114.774,129.642,179.107,56.389,74.148,129.642,175.269,44.842,74.148,6.002,-6.002,18.712,4.519,14.547,36.638,-0.9945,-0.3855,1.4508,0.4082,0.401033,0.151297,0.068861,0.9988,0.388773,0.136936,0.066968,0.999,0.384129,0.136548,0.067804,0.9988,0.379203,0.135893,0.067749,0.9991,0.395274,0.136557,0.039603,0.9994,0.395771,0.136223,0.038699,0.9993,0.396065,0.135997,0.039664,0.9994,0.356043,0.140858,0.096204,0.9984,0.380153,0.1424,-0.04576,0.9993,0.39247,0.164434,0.084725,0.9951,0.39942,0.1645,0.042194,0.9955,0.299892,0.242594,0.192493,0.9993,0.39241,0.235283,-0.123972,0.9994,0.348297,0.34798,0.287245,0.1524,0.464799,0.34059,-0.072134,0.9477,0.389624,0.284007,0.342771,0.1265,0.480348,0.255341,0.114051,0.7235,0.408359,0.269441,0.363374,0.1184,0.481058,0.230183,0.139062,0.6323,0.41737,0.25885,0.363948,0.1125,0.467252,0.227359,0.152137,0.6095,0.414403,0.264858,0.343767,0.1236,0.46477,0.233041,0.125112,0.5682,0.335849,0.473884,0.11362,0.9998,0.404,0.456199,-0.112207,0.9982,0.362531,0.665092,0.092392,0.8763,0.539732,0.557143,-0.188961,0.9641,0.374117,0.871442,0.02537,0.9494,0.36654,0.541701,-0.111682,0.7275,0.370403,0.898873,0.013772,0.9505,0.35095,0.527952,-0.098238,0.7289,0.410858,0.894142,0.013948,0.9193,0.336072,0.597973,-0.009781,0.785
vrikshasana_tf_0138,vrikshasana,,TF,train,unlabelled,,Apache-2.0,data/datasets/yoga_poses/train/tree/girl2_tree100.jpg,True,300,300,True,0.9983,0.1635,173.933,33.379,61.965,47.135,15.232,31.279,179.803,130.523,111.428,104.353,33.379,173.933,47.135,61.965,104.353,111.428,130.523,179.803,59.83,72.308,130.523,173.933,47.135,72.308,6.1,-6.1,18.725,4.417,12.606,37.185,-0.9943,-0.379,1.4631,0.3871,0.401025,0.157034,0.077351,0.9989,0.389604,0.142477,0.077025,0.9991,0.385993,0.142208,0.077813,0.9989,0.381776,0.141878,0.077866,0.9992,0.394663,0.14191,0.048086,0.9994,0.394784,0.141508,0.047093,0.9993,0.394683,0.141186,0.048125,0.9994,0.359335,0.14633,0.10772,0.9985,0.379486,0.14755,-0.04206,0.9994,0.394659,0.171257,0.093529,0.9964,0.399916,0.170797,0.048939,0.9967,0.305121,0.24496,0.203601,0.9994,0.391282,0.238304,-0.124669,0.9994,0.351329,0.348876,0.290831,0.1832,0.463049,0.342265,-0.069463,0.9585,0.40261,0.283221,0.332866,0.1635,0.481031,0.261269,0.125438,0.7411,0.418159,0.264437,0.35328,0.1526,0.482491,0.235503,0.149283,0.6529,0.413221,0.2549,0.353949,0.1443,0.468027,0.233036,0.164137,0.6299,0.423248,0.260413,0.333612,0.1555,0.465292,0.238704,0.137345,0.5911,0.339841,0.470759,0.115918,0.9999,0.404006,0.45641,-0.114554,0.9983,0.368903,0.664193,0.084445,0.8935,0.53766,0.557802,-0.170857,0.9753,0.37792,0.872562,0.023478,0.9674,0.364147,0.546259,-0.089119,0.8156,0.371748,0.895841,0.012384,0.9631,0.345394,0.533362,-0.075424,0.7733,0.416748,0.88842,0.0038,0.952,0.335398,0.614238,0.002394,0.8581
vrikshasana_tf_0139,vrikshasana,,TF,train,unlabelled,,Apache-2.0,data/datasets/yoga_poses/train/tree/girl2_tree101.jpg,True,300,300,True,0.9991,0.1794,170.924,31.618,62.087,46.632,13.941,29.241,178.504,128.077,111.101,104.188,31.618,170.924,46.632,62.087,104.188,111.101,128.077,178.504,60.847,72.526,128.077,170.924,46.632,72.526,5.73,-5.73,15.326,3.669,13.881,34.791,-0.995,-0.4004,1.385,0.3508,0.403291,0.151073,0.01707,0.9996,0.391125,0.136211,0.019708,0.9997,0.387724,0.136074,0.020443,0.9996,0.383822,0.13608,0.020415,0.9997,0.394724,0.13602,-0.011247,0.9998,0.393979,0.135877,-0.012279,0.9998,0.393125,0.135962,-0.011324,0.9998,0.358703,0.144589,0.071915,0.9995,0.375697,0.144729,-0.087244,0.9999,0.395723,0.166678,0.04114,0.9989,0.3996,0.165486,-0.006002,0.9991,0.310695,0.245051,0.181564,0.9997,0.390623,0.239926,-0.165184,0.9998,0.353875,0.351959,0.197715,0.1794,0.458018,0.345607,-0.118454,0.9742,0.411221,0.283843,0.140926,0.1838,0.478962,0.262259,0.077215,0.7629,0.430812,0.265595,0.146932,0.1938,0.483249,0.239479,0.093575,0.6688,0.425467,0.251808,0.141091,0.1887,0.467832,0.234826,0.106396,0.6521,0.424769,0.256986,0.136874,0.202,0.463802,0.242726,0.086757,0.6221,0.343516,0.477049,0.121202,0.9999,0.403387,0.462253,-0.119846,0.9991,0.373946,0.657945,0.111104,0.8923,0.538403,0.556061,-0.179068,0.9806,0.375637,0.863003,0.032082,0.9703,0.371877,0.546828,-0.096017,0.8461,0.366818,0.884948,0.018667,0.9669,0.350678,0.532489,-0.084255,0.8148,0.416657,0.887637,0.0179,0.963,0.33669,0.610211,0.000377,0.8916
vrikshasana_tf_0140,vrikshasana,,TF,train,unlabelled,,Apache-2.0,data/datasets/yoga_poses/train/tree/girl2_tree102.jpg,True,300,300,True,0.9994,0.1409,172.212,37.007,59.001,47.587,11.321,29.47,178.334,130.012,113.333,107.835,37.007,172.212,47.587,59.001,107.835,113.333,130.012,178.334,59.183,70.141,130.012,37.007,47.587,70.141,4.822,-4.822,15.276,3.825,13.701,37.987,-0.9965,-0.3905,1.3474,0.3726,0.403236,0.157884,0.08652,0.9994,0.391287,0.144756,0.08266,0.9995,0.38768,0.144415,0.083475,0.9993,0.38385,0.143993,0.083614,0.9996,0.396699,0.144563,0.056674,0.9997,0.397096,0.144377,0.055866,0.9996,0.39737,0.144246,0.05674,0.9996,0.364276,0.149296,0.096928,0.9991,0.384583,0.151203,-0.040843,0.9996,0.396493,0.172723,0.097232,0.998,0.402766,0.172287,0.056263,0.9983,0.31553,0.247687,0.184764,0.9996,0.398395,0.242147,-0.125019,0.9996,0.352359,0.355839,0.29904,0.2283,0.462094,0.346117,-0.07455,0.9615,0.409494,0.288219,0.400464,0.1409,0.484131,0.269731,0.11186,0.7428,0.426219,0.276752,0.428309,0.1289,0.486103,0.243484,0.141562,0.6615,0.426394,0.255755,0.430639,0.1234,0.470031,0.240778,0.155498,0.6452,0.425983,0.26537,0.403265,0.1344,0.467124,0.246922,0.123795,0.6024,0.345313,0.474399,0.11262,0.9999,0.406081,0.459584,-0.111174,0.9994,0.374517,0.655721,0.086843,0.8659,0.532176,0.558054,-0.113396,0.9675,0.37927,0.855612,-0.003247,0.9745,0.374998,0.555366,-0.067096,0.8885,0.370819,0.886826,-0.017232,0.9756,0.355928,0.542929,-0.056256,0.8625,0.424089,0.885855,-0.033078,0.9642,0.346699,0.62315,0.01152,0.9146
vrikshasana_tf_0141,vrikshasana,,TF,train,unlabelled,,Apache-2.0,data/datasets/yoga_poses/train/tree/girl2_tree103.jpg,True,300,300,True,0.9981,0.1434,173.995,34.887,55.528,49.794,14.384,28.924,179.145,130.108,113.027,107.747,34.887,173.995,49.794,55.528,107.747,113.027,130.108,179.145,59.412,68.929,130.108,173.995,49.794,68.929,5.471,-5.471,17.687,5.446,11.086,36.785,-0.9954,-0.3744,1.4153,0.3496,0.405442,0.165594,0.070682,0.9993,0.393615,0.151895,0.068212,0.9994,0.39023,0.15156,0.06893,0.9992,0.386609,0.15117,0.069037,0.9995,0.39828,0.151589,0.039936,0.9994,0.398412,0.151302,0.038881,0.9993,0.398371,0.1511,0.039769,0.9992,0.36763,0.15539,0.09432,0.9989,0.385723,0.157152,-0.05251,0.9995,0.398435,0.180039,0.085242,0.998,0.403823,0.179955,0.041605,0.9984,0.318565,0.251584,0.189794,0.9994,0.395099,0.244288,-0.139576,0.9993,0.361294,0.357636,0.279487,0.193,0.459849,0.346919,-0.077442,0.9591,0.406807,0.289091,0.325707,0.1434,0.483367,0.272538,0.134561,0.6894,0.428252,0.276244,0.343381,0.1333,0.489162,0.244866,0.161551,0.5942,0.42344,0.259845,0.34108,0.1281,0.472289,0.242663,0.175674,0.5751,0.423452,0.263569,0.324751,0.1401,0.466825,0.249694,0.146897,0.5437,0.347912,0.472693,0.114507,0.9998,0.407683,0.460982,-0.113121,0.9981,0.374797,0.654421,0.064157,0.916,0.535405,0.556476,-0.146427,0.9692,0.383543,0.862183,0.026191,0.9753,0.373727,0.55112,-0.032115,0.8303,0.375527,0.886099,0.018202,0.9716,0.356506,0.540673,-0.015489,0.7695,0.421606,0.882708,0.006031,0.9596,0.346757,0.619231,0.054562,0.8585
vrikshasana_tf_0142,vrikshasana,,TF,train,unlabelled,,Apache-2.0,data/datasets/yoga_poses/train/tree/girl2_tree104.jpg,True,300,300,True,0.9991,0.0907,173.115,37.028,56.657,50.871,5.855,29.866,178.784,130.991,132.645,102.759,37.028,173.115,50.871,56.657,102.759,132.645,130.991,178.784,37.563,73.366,130.991,37.028,50.871,73.366,6.876,-6.876,21.537,5.483,11.397,37.117,-0.9928,-0.3595,1.3335,0.3583,0.408984,0.172089,0.055177,0.9992,0.398629,0.157783,0.053395,0.9993,0.395575,0.157607,0.054341,0.9991,0.392168,0.157327,0.05457,0.9993,0.401709,0.157302,0.02629,0.9996,0.401228,0.157113,0.025449,0.9995,0.400593,0.156942,0.026503,0.9996,0.369273,0.161869,0.08064,0.9987,0.386484,0.163693,-0.061325,0.9995,0.401718,0.185437,0.070822,0.9968,0.404867,0.186149,0.028516,0.9972,0.315665,0.254743,0.186367,0.9994,0.39394,0.247229,-0.13469,0.9996,0.346322,0.364205,0.323842,0.1151,0.461833,0.348875,-0.075423,0.9669,0.385544,0.319102,0.432572,0.0907,0.486689,0.268231,0.106684,0.7995,0.391034,0.307179,0.463131,0.0948,0.490855,0.245088,0.127567,0.7382,0.397786,0.294724,0.460331,0.0915,0.477653,0.241532,0.141316,0.7207,0.397498,0.298427,0.433848,0.1011,0.472703,0.249117,0.11818,0.6672,0.353573,0.474404,0.114866,0.9999,0.408575,0.463317,-0.113403,0.9991,0.381496,0.659574,0.112365,0.8613,0.537016,0.560514,-0.144445,0.9839,0.387195,0.852634,0.058254,0.9787,0.374557,0.560263,-0.055837,0.9156,0.380305,0.882753,0.0473,0.9733,0.356569,0.548757,-0.041562,0.8643,0.43882,0.882281,0.036851,0.9742,0.346475,0.629022,0.031392,0.9389
vrikshasana_tf_0143,vrikshasana,,TF,train,unlabelled,,Apache-2.0,data/datasets/yoga_poses/train/tree/girl2_tree105.jpg,True,300,300,True,0.9987,0.094,173.588,36.818,65.567,50.811,5.262,28.113,178.386,134.595,136.868,106.734,36.818,173.588,50.811,65.567,106.734,136.868,134.595,178.386,33.162,68.559,134.595,36.818,50.811,68.559,7.404,-7.404,23.525,2.529,12.049,39.889,-0.9917,-0.3603,1.3463,0.3462,0.413496,0.166987,0.04641,0.999,0.403597,0.153781,0.046333,0.999,0.400615,0.15354,0.04725,0.9988,0.397215,0.153183,0.047381,0.999,0.406325,0.153468,0.017663,0.9993,0.405636,0.153264,0.016708,0.9993,0.404653,0.153084,0.017767,0.9993,0.373701,0.157761,0.080782,0.9982,0.388782,0.160268,-0.067455,0.9994,0.405708,0.178939,0.06474,0.9963,0.408234,0.180759,0.020514,0.9969,0.317864,0.248096,0.181674,0.9995,0.394097,0.244729,-0.136773,0.9995,0.347539,0.357082,0.28129,0.1164,0.462384,0.350612,-0.079394,0.9482,0.388301,0.323284,0.338153,0.094,0.487638,0.272854,0.111203,0.6776,0.395691,0.313637,0.359567,0.098,0.490577,0.248727,0.132771,0.6145,0.402557,0.302926,0.354249,0.0945,0.476871,0.243231,0.147177,0.594,0.401358,0.306139,0.336905,0.1037,0.472574,0.250378,0.122644,0.5597,0.357022,0.470862,0.118692,0.9998,0.411753,0.459179,-0.117305,0.9987,0.384199,0.655894,0.118212,0.8819,0.535535,0.562636,-0.180283,0.9904,0.3908,0.850393,0.073731,0.9833,0.375119,0.554032,-0.087713,0.9329,0.381435,0.88236,0.064001,0.9777,0.358899,0.543675,-0.073502,0.8883,0.440149,0.881109,0.056488,0.9793,0.351397,0.62602,0.000979,0.9497
vrikshasana_tf_0144,vrikshasana,,TF,train,unlabelled,,Apache-2.0,data/datasets/yoga_poses/train/tree/girl2_tree107.jpg,True,300,300,True,0.9993,0.1062,172.61,37.169,40.721,43.504,1.069,26.604,179.267,131.327,122.656,106.513,37.169,172.61,40.721,43.504,106.513,122.656,131.327,179.267,50.104,70.52,131.327,37.169,43.504,70.52,5.165,-5.165,16.733,4.041,18.048,38.36,-0.9959,-0.3882,1.3842,0.301,0.430181,0.173695,0.01904,0.9991,0.41831,0.159219,0.022337,0.9993,0.415564,0.159249,0.023202,0.9989,0.412835,0.159093,0.023355,0.9994,0.419628,0.158974,-0.004022,0.9996,0.418383,0.159095,-0.004778,0.9994,0.416704,0.159123,-0.003864,0.9996,0.387855,0.16693,0.074007,0.9987,0.399337,0.168409,-0.065209,0.9994,0.425229,0.189106,0.042142,0.9964,0.425884,0.188432,0.00161,0.9968,0.343091,0.259291,0.18408,0.9994,0.407526,0.254739,-0.138966,0.9995,0.35265,0.347705,0.330229,0.1555,0.4675,0.360443,-0.148521,0.9653,0.391963,0.290613,0.452223,0.1062,0.48782,0.278544,-0.073965,0.8409,0.39625,0.275159,0.480176,0.1099,0.496528,0.255022,-0.069274,0.789,0.395468,0.259109,0.475125,0.1072,0.480699,0.251343,-0.0553,0.7837,0.396795,0.260752,0.451969,0.1226,0.47688,0.256054,-0.066599,0.7298,0.370935,0.478472,0.116436,0.9999,0.418319,0.463033,-0.11492,0.9993,0.396666,0.662173,0.063773,0.8049,0.537509,0.557367,-0.149407,0.9605,0.398584,0.850557,0.027627,0.9597,0.379832,0.554088,-0.035395,0.8401,0.386804,0.87745,0.018822,0.9578,0.365069,0.542891,-0.019626,0.8078,0.440833,0.883123,-0.001124,0.9551,0.347277,0.624154,0.046659,0.891
vrikshasana_tf_0145,vrikshasana,,TF,train,unlabelled,,Apache-2.0,data/datasets/yoga_poses/train/tree/girl2_tree108.jpg,True,300,300,True,0.9993,0.0861,170.712,37.704,44.667,48.406,2.54,27.846,176.016,130.265,141.213,106.12,37.704,170.712,44.667,48.406,106.12,141.213,130.265,176.016,32.714,71.942,130.265,37.704,48.406,71.942,4.074,-4.074,16.112,3.796,20.519,38.327,-0.9975,-0.3682,1.386,0.2928,0.432702,0.179175,0.085108,0.9992,0.421464,0.165191,0.085063,0.9992,0.418067,0.165246,0.085929,0.999,0.414724,0.165092,0.086121,0.9994,0.424458,0.164808,0.059069,0.9995,0.423721,0.164841,0.058301,0.9994,0.422761,0.164761,0.059422,0.9996,0.39357,0.171643,0.11489,0.9986,0.406081,0.172544,-0.020593,0.9994,0.42627,0.195337,0.101151,0.996,0.429068,0.194815,0.061187,0.9963,0.35079,0.259138,0.21681,0.9993,0.412612,0.255036,-0.093622,0.9996,0.367844,0.371732,0.352876,0.0861,0.472427,0.359548,-0.083794,0.9417,0.402746,0.323788,0.462605,0.1129,0.49921,0.280064,0.008448,0.8584,0.406877,0.311831,0.491134,0.1228,0.503465,0.254932,0.022174,0.8287,0.41441,0.298139,0.490875,0.1189,0.484789,0.253377,0.032936,0.8137,0.414253,0.30152,0.464541,0.1261,0.480784,0.257718,0.017205,0.7578,0.373934,0.476671,0.111624,0.9999,0.419533,0.459604,-0.110247,0.9994,0.406007,0.657517,0.074805,0.798,0.542685,0.556958,-0.149498,0.9738,0.408559,0.847553,0.021199,0.9601,0.384998,0.555243,-0.067814,0.8826,0.397244,0.876608,0.009715,0.9529,0.366052,0.548042,-0.055121,0.8159,0.457602,0.870741,-0.009347,0.961,0.355487,0.628713,0.00198,0.9186
vrikshasana_tf_0146,vrikshasana,,TF,train,unlabelled,,Apache-2.0,data/datasets/yoga_poses/train/tree/girl2_tree109.jpg,True,300,300,True,0.9992,0.1568,175.287,42.04,53.841,47.74,12.903,28.836,179.983,134.68,106.106,102.149,42.04,175.287,47.74,53.841,102.149,106.106,134.68,179.983,66.75,74.914,134.68,42.04,47.74,74.914,5.071,-5.071,17.387,4.741,11.633,41.743,-0.9961,-0.3754,1.3666,0.3101,0.433249,0.186134,0.059722,0.9998,0.424729,0.172819,0.062913,0.9998,0.422283,0.172257,0.06372,0.9998,0.419476,0.171507,0.064058,0.9999,0.427315,0.172896,0.033063,0.9999,0.426938,0.172636,0.03225,0.9998,0.426356,0.172336,0.033391,0.9998,0.399646,0.174706,0.109879,0.9996,0.412701,0.17758,-0.045111,0.9999,0.428476,0.199486,0.081473,0.9989,0.430759,0.199975,0.035814,0.999,0.355189,0.266249,0.21909,0.9995,0.418966,0.26096,-0.120915,0.9996,0.390384,0.362706,0.364827,0.1568,0.480512,0.360328,-0.069339,0.9791,0.438788,0.290389,0.474122,0.2425,0.503722,0.279207,0.101518,0.9023,0.453706,0.269147,0.506805,0.2426,0.509477,0.25678,0.114218,0.8582,0.453668,0.261512,0.502912,0.2406,0.496843,0.252263,0.130402,0.8498,0.454171,0.265762,0.474509,0.264,0.490953,0.259174,0.113061,0.8052,0.381243,0.474142,0.112669,0.9999,0.429395,0.464229,-0.111283,0.9992,0.404154,0.656519,0.070281,0.8758,0.54267,0.565307,-0.118261,0.9794,0.412304,0.847185,0.04257,0.9742,0.388977,0.566102,-0.001799,0.9246,0.401922,0.871035,0.033617,0.9639,0.37362,0.556032,0.014145,0.8539,0.463406,0.870018,0.015315,0.9702,0.364662,0.633586,0.068998,0.9379
vrikshasana_tf_0147,vrikshasana,,TF,train,unlabelled,,Apache-2.0,data/datasets/yoga_poses/train/tree/girl2_tree110.jpg,True,300,300,True,0.9992,0.0727,175.122,43.69,56.154,47.58,11.941,27.519,178.463,134.529,111.478,106.508,43.69,175.122,47.58,56.154,106.508,111.478,134.529,178.463,62.591,72.04,134.529,175.122,47.58,72.04,3.756,-3.756,19.213,7.997,24.855,43.078,-0.9979,-0.3338,1.4032,0.2839,0.453955,0.198772,0.054268,0.9994,0.442081,0.182991,0.058975,0.9995,0.439168,0.181963,0.059783,0.9993,0.435817,0.180117,0.060013,0.9997,0.445227,0.183544,0.028952,0.9997,0.444695,0.183227,0.028258,0.9995,0.444053,0.182894,0.029261,0.9996,0.416242,0.182976,0.110366,0.9989,0.42874,0.187391,-0.045667,0.9996,0.450007,0.209335,0.077289,0.9969,0.452286,0.209161,0.031802,0.9968,0.370578,0.271878,0.224547,0.9993,0.428716,0.263711,-0.119518,0.9992,0.401496,0.367761,0.363266,0.0727,0.483932,0.363444,-0.083618,0.9649,0.451913,0.30388,0.455054,0.1754,0.509457,0.28764,0.057455,0.8905,0.461419,0.283409,0.484009,0.1962,0.516617,0.263122,0.064731,0.8602,0.469065,0.272307,0.478906,0.1965,0.502075,0.258099,0.077117,0.8553,0.463951,0.267889,0.454192,0.2161,0.497178,0.265488,0.065819,0.8051,0.392584,0.483703,0.110812,1.0,0.433807,0.464608,-0.109376,0.9992,0.415423,0.657926,0.037834,0.8187,0.534453,0.558717,-0.080967,0.9358,0.424078,0.849255,-0.011757,0.9521,0.398773,0.560169,0.035526,0.8078,0.411289,0.873963,-0.023533,0.9467,0.378909,0.550512,0.049946,0.7465,0.47837,0.867906,-0.055377,0.9551,0.38298,0.62514,0.101849,0.8579
vrikshasana_tf_0148,vrikshasana,,TF,train,unlabelled,,Apache-2.0,data/datasets/yoga_poses/train/tree/girl2_tree111.jpg,True,300,300,True,0.9979,0.0587,174.496,38.926,58.781,35.224,28.673,26.853,179.621,134.126,107.749,103.593,38.926,174.496,35.224,58.781,103.593,107.749,134.126,179.621,65.152,73.233,134.126,174.496,35.224,73.233,5.128,-5.128,12.904,16.348,17.518,40.952,-0.996,-0.3695,1.3861,0.2963,0.446046,0.181429,-0.004639,0.9978,0.435949,0.168185,0.003241,0.9983,0.433762,0.167707,0.003898,0.9974,0.430785,0.166917,0.003942,0.9984,0.437955,0.168189,-0.023247,0.9989,0.435647,0.167492,-0.024124,0.9986,0.434741,0.166983,-0.023164,0.9989,0.41226,0.173362,0.072469,0.9953,0.420774,0.174665,-0.066922,0.999,0.443503,0.194541,0.023948,0.9911,0.444854,0.195857,-0.016686,0.993,0.374329,0.26932,0.197305,0.9979,0.435112,0.25149,-0.141102,0.9981,0.437409,0.356871,0.283288,0.0587,0.489123,0.344935,-0.099655,0.8812,0.462591,0.297571,0.321762,0.0917,0.496277,0.266279,0.062274,0.597,0.46571,0.281779,0.340092,0.1061,0.495116,0.248246,0.075577,0.5456,0.468599,0.271131,0.337933,0.1041,0.482775,0.237884,0.079769,0.5346,0.467497,0.276505,0.321201,0.1099,0.481296,0.240017,0.068053,0.5106,0.400646,0.480622,0.113479,0.9999,0.447008,0.465988,-0.111989,0.9988,0.424275,0.660618,0.058116,0.8282,0.5538,0.558662,-0.16357,0.95,0.430759,0.848675,-0.004412,0.96,0.405916,0.553431,-0.052417,0.7472,0.417095,0.875177,-0.01703,0.9499,0.387581,0.539593,-0.037927,0.6954,0.477545,0.870127,-0.046766,0.9595,0.380967,0.614484,0.016482,0.8319
vrikshasana_tf_0149,vrikshasana,,TF,train,unlabelled,,Apache-2.0,data/datasets/yoga_poses/train/tree/girl2_tree116.jpg,True,300,300,True,0.9991,0.4115,175.288,38.234,67.191,43.059,52.513,46.89,177.97,134.227,76.683,65.89,38.234,175.288,43.059,67.191,65.89,76.683,134.227,177.97,96.416,106.493,134.227,38.234,43.059,106.493,7.251,-7.251,20.985,10.511,23.843,36.61,-0.992,-0.3103,1.3756,0.0697,0.469781,0.22119,0.010637,0.9996,0.460429,0.206837,0.017532,0.9996,0.458356,0.205205,0.018145,0.9994,0.456218,0.203491,0.018097,0.9997,0.461628,0.207791,-0.011004,0.9997,0.460346,0.206984,-0.01193,0.9996,0.458961,0.206095,-0.010901,0.9997,0.43324,0.202887,0.084896,0.9989,0.441842,0.208685,-0.063409,0.9997,0.463988,0.230287,0.038716,0.9988,0.464286,0.231831,-0.004366,0.9987,0.411821,0.28181,0.194932,0.9997,0.425481,0.284345,-0.120455,0.9991,0.503376,0.335927,0.242258,0.4115,0.509366,0.344164,-0.103587,0.8888,0.514073,0.257607,0.21906,0.7223,0.491288,0.254894,-0.001615,0.8945,0.512585,0.238654,0.226751,0.6461,0.487066,0.230981,-0.003003,0.8617,0.50835,0.233982,0.222806,0.6346,0.475807,0.228002,-0.00257,0.8524,0.50549,0.242456,0.216956,0.6278,0.475195,0.239855,-9e-06,0.8194,0.436318,0.484224,0.113087,1.0,0.451324,0.477592,-0.111739,0.9996,0.451734,0.665138,0.095103,0.8155,0.570653,0.566247,-0.145106,0.9651,0.452228,0.843127,0.06926,0.9565,0.422094,0.570458,0.008975,0.8173,0.438884,0.866499,0.060844,0.9459,0.409283,0.559205,0.025461,0.7387,0.511894,0.869026,0.032645,0.9613,0.396842,0.630072,0.071388,0.8715
vrikshasana_tf_0150,vrikshasana,,TF,train,unlabelled,,Apache-2.0,data/datasets/yoga_poses/train/tree/girl2_tree117.jpg,True,300,300,True,0.9992,0.2175,176.105,42.505,55.607,39.161,51.821,46.165,178.466,138.89,69.426,66.17,42.505,176.105,39.161,55.607,66.17,69.426,138.89,178.466,104.835,106.885,138.89,42.505,39.161,106.885,6.332,-6.332,15.169,16.367,32.077,41.945,-0.9939,-0.3796,1.4598,0.0708,0.476871,0.212218,0.016194,0.9997,0.466162,0.199934,0.023861,0.9997,0.463651,0.19896,0.02446,0.9996,0.460774,0.197994,0.024498,0.9998,0.467628,0.200293,-0.005194,0.9998,0.466075,0.199577,-0.006061,0.9997,0.463822,0.198795,-0.005183,0.9998,0.440031,0.199316,0.094125,0.999,0.446967,0.201806,-0.057813,0.9998,0.473028,0.222604,0.044625,0.9989,0.474095,0.222934,0.000779,0.9991,0.42366,0.287727,0.202737,0.9995,0.436836,0.283858,-0.116843,0.9992,0.509551,0.34232,0.213509,0.2175,0.516236,0.343452,-0.091714,0.8719,0.506628,0.256585,0.154844,0.4365,0.495048,0.258147,0.02953,0.8227,0.5004,0.239034,0.156976,0.3983,0.495658,0.236473,0.033156,0.7835,0.496741,0.234689,0.161587,0.3846,0.484423,0.235867,0.03073,0.7719,0.495726,0.244174,0.154439,0.3833,0.481142,0.24647,0.030802,0.7315,0.443346,0.483624,0.113918,1.0,0.459905,0.473246,-0.112455,0.9996,0.456623,0.664266,0.075906,0.7154,0.564422,0.567171,-0.118511,0.9533,0.457622,0.849476,0.037148,0.9473,0.423821,0.568546,0.019572,0.804,0.445535,0.874178,0.02731,0.9396,0.411184,0.557734,0.034185,0.7309,0.513523,0.870754,-0.005936,0.9599,0.405623,0.634804,0.073743,0.8586
vrikshasana_tf_0151,vrikshasana,,TF,train,unlabelled,,Apache-2.0,data/datasets/yoga_poses/train/tree/girl2_tree119.jpg,True,300,300,True,0.9988,0.043,174.374,36.136,60.197,40.675,50.449,59.899,177.189,131.734,70.286,65.15,36.136,174.374,40.675,60.197,65.15,70.286,131.734,177.189,105.182,111.086,131.734,36.136,40.675,111.086,4.152,-4.152,15.023,9.982,22.617,37.97,-0.9974,-0.3338,1.4024,0.1302,0.472298,0.216428,-0.015842,0.9988,0.465892,0.202505,-0.010106,0.9986,0.464174,0.201578,-0.009419,0.9978,0.461738,0.200365,-0.009449,0.9987,0.466782,0.202495,-0.040713,0.9991,0.465778,0.201744,-0.041581,0.999,0.464049,0.200716,-0.040601,0.9992,0.442803,0.201689,0.057738,0.9967,0.450292,0.205245,-0.09924,0.9994,0.468969,0.228619,0.012777,0.9952,0.469281,0.229714,-0.032955,0.996,0.418084,0.286332,0.188156,0.9988,0.444063,0.28176,-0.164688,0.9989,0.487297,0.334831,0.278155,0.043,0.535749,0.327147,-0.133386,0.8454,0.494216,0.259052,0.301792,0.1106,0.5046,0.253723,0.02728,0.7715,0.492991,0.233026,0.318915,0.1232,0.500974,0.234291,0.03193,0.7609,0.486896,0.234592,0.321148,0.1206,0.489454,0.235206,0.02581,0.7526,0.485096,0.245617,0.301789,0.1284,0.487602,0.244261,0.02837,0.7098,0.434292,0.490851,0.116665,1.0,0.457191,0.481312,-0.115537,0.9994,0.456866,0.66605,0.083428,0.7461,0.56867,0.568314,-0.154593,0.9597,0.462247,0.845683,0.04931,0.9426,0.42706,0.563781,-0.019123,0.8459,0.449506,0.864045,0.038318,0.9308,0.412843,0.554444,-0.004569,0.7769,0.518708,0.865463,0.019983,0.9555,0.40503,0.622457,0.052124,0.9007
vrikshasana_tf_0152,vrikshasana,,TF,train,unlabelled,,Apache-2.0,data/datasets/yoga_poses/train/tree/girl2_tree120.jpg,True,300,300,True,0.9993,0.1079,175.772,37.852,44.186,41.395,62.376,67.249,178.398,132.316,74.455,49.865,37.852,175.772,41.395,44.186,49.865,74.455,132.316,178.398,100.919,125.878,132.316,37.852,41.395,125.878,4.443,-4.443,6.316,20.643,31.973,38.059,-0.997,-0.4044,1.4249,0.0867,0.462824,0.210232,-0.024307,0.9997,0.452768,0.195734,-0.016681,0.9997,0.451398,0.19571,-0.016059,0.9995,0.450063,0.195824,-0.016023,0.9997,0.452969,0.195109,-0.04696,0.9998,0.451695,0.194828,-0.04798,0.9998,0.450466,0.194789,-0.047189,0.9998,0.432139,0.202449,0.059701,0.9992,0.435715,0.204222,-0.096047,0.9999,0.462228,0.223296,0.006569,0.9992,0.461037,0.22398,-0.038354,0.9993,0.423088,0.293036,0.185104,0.9994,0.439096,0.287005,-0.159536,0.9993,0.515613,0.332307,0.190381,0.1079,0.53436,0.318868,-0.11843,0.8936,0.49113,0.274108,0.1073,0.2118,0.490665,0.243526,0.051398,0.8383,0.494154,0.255944,0.10421,0.216,0.488238,0.2201,0.053477,0.8168,0.492379,0.262538,0.108551,0.2143,0.465777,0.216616,0.038948,0.811,0.49264,0.269778,0.105005,0.2167,0.470867,0.229189,0.048777,0.7888,0.439127,0.491253,0.112975,1.0,0.453625,0.482203,-0.11189,0.9997,0.458298,0.666935,0.08725,0.714,0.562325,0.567308,-0.126055,0.9415,0.464575,0.846756,0.059062,0.9364,0.438171,0.56686,0.035282,0.7156,0.451879,0.871819,0.049982,0.9345,0.423628,0.556528,0.052352,0.6546,0.521792,0.868338,0.029266,0.951,0.411142,0.625405,0.111978,0.8114
vrikshasana_tf_0153,vrikshasana,,TF,train,unlabelled,,Apache-2.0,data/datasets/yoga_poses/train/tree/girl2_tree121.jpg,True,300,300,True,0.9995,0.1954,176.826,45.996,74.246,45.699,77.227,43.359,177.996,139.173,55.856,65.413,45.996,176.826,45.699,74.246,55.856,65.413,139.173,177.996,107.157,119.059,139.173,176.826,45.699,107.157,6.235,-6.235,12.445,0.837,76.536,41.743,-0.9941,-0.3878,1.3774,0.0468,0.467291,0.207631,-0.040094,0.9999,0.458805,0.195372,-0.031817,0.9999,0.457822,0.195477,-0.031271,0.9999,0.456591,0.195545,-0.03127,0.9999,0.456919,0.194842,-0.059218,1.0,0.454779,0.194772,-0.060208,0.9999,0.452581,0.194814,-0.05967,1.0,0.440047,0.201887,0.051286,0.9997,0.437489,0.202802,-0.093339,1.0,0.466417,0.22056,-0.007179,0.9999,0.463503,0.221092,-0.048371,0.9999,0.434459,0.284792,0.155103,0.9995,0.425149,0.284656,-0.145042,0.9996,0.51703,0.295937,0.148361,0.1954,0.47717,0.327101,-0.144163,0.891,0.508348,0.234683,0.04921,0.2909,0.471501,0.263448,-0.04436,0.7474,0.513411,0.218583,0.037352,0.2899,0.477663,0.254485,-0.043463,0.7088,0.508961,0.221534,0.034225,0.2896,0.468814,0.251418,-0.054057,0.702,0.507417,0.229061,0.04351,0.3031,0.467927,0.256919,-0.047155,0.6721,0.45242,0.486619,0.10408,1.0,0.450368,0.478048,-0.102817,0.9995,0.462128,0.666979,0.06061,0.8762,0.546769,0.564069,-0.130519,0.9662,0.461842,0.844697,0.019189,0.9635,0.430111,0.572744,0.038205,0.7536,0.450153,0.877118,0.008675,0.9543,0.412998,0.560007,0.056166,0.7273,0.526737,0.868774,-0.035847,0.9669,0.402846,0.630503,0.094651,0.8166
vrikshasana_tf_0154,vrikshasana,,TF,train,unlabelled,,Apache-2.0,data/datasets/yoga_poses/train/tree/girl2_tree122.jpg,True,300,300,True,0.9996,0.305,177.574,40.401,72.218,52.314,74.49,72.31,179.724,140.603,63.066,57.12,40.401,177.574,52.314,72.218,57.12,63.066,140.603,179.724,111.7,116.559,140.603,177.574,52.314,116.559,5.765,-5.765,8.804,12.918,39.449,44.281,-0.9949,-0.4147,1.4238,0.0617,0.465495,0.207602,-0.027919,0.9999,0.455434,0.197902,-0.019671,0.9999,0.453989,0.197734,-0.019068,0.9999,0.452512,0.197511,-0.019064,0.9999,0.45434,0.197516,-0.04926,1.0,0.452241,0.197224,-0.050228,0.9999,0.450224,0.197014,-0.049529,1.0,0.434513,0.20303,0.058804,0.9998,0.436317,0.204001,-0.095752,1.0,0.463877,0.219302,0.003467,0.9998,0.462019,0.219993,-0.041228,0.9998,0.424937,0.290652,0.179006,0.9998,0.436787,0.287934,-0.160414,0.9996,0.519874,0.307863,0.184456,0.305,0.531315,0.30694,-0.124175,0.9223,0.511793,0.246523,0.106092,0.404,0.501291,0.246237,0.043543,0.822,0.508537,0.217165,0.103453,0.3398,0.49434,0.217263,0.046389,0.778,0.499427,0.218987,0.106185,0.3314,0.484748,0.221703,0.037313,0.7689,0.497516,0.229304,0.103432,0.339,0.483941,0.230582,0.042619,0.7538,0.443319,0.491307,0.117611,1.0,0.457979,0.479245,-0.116208,0.9997,0.458793,0.669673,0.084214,0.808,0.559296,0.578052,-0.140258,0.9565,0.466659,0.847556,0.03584,0.9488,0.431083,0.569356,0.020237,0.682,0.450505,0.875459,0.025208,0.9442,0.420355,0.559651,0.037796,0.6553,0.523012,0.868908,-0.000487,0.9579,0.404811,0.631844,0.102549,0.791
vrikshasana_tf_0155,vrikshasana,,TF,train,unlabelled,,Apache-2.0,data/datasets/yoga_poses/train/tree/girl2_tree123.jpg,True,300,300,True,0.999,0.0741,175.842,43.887,68.835,45.704,78.989,80.788,178.948,140.004,51.581,48.886,43.887,175.842,45.704,68.835,48.886,51.581,140.004,178.948,122.99,125.849,140.004,175.842,45.704,125.849,5.348,-5.348,7.734,15.649,38.917,44.739,-0.9956,-0.3925,1.4158,0.09,0.459764,0.212543,-0.019351,0.9993,0.449904,0.200496,-0.012007,0.9993,0.448763,0.200313,-0.011377,0.9988,0.447494,0.200055,-0.011522,0.9994,0.44883,0.200513,-0.041674,0.9995,0.446982,0.200524,-0.04263,0.9995,0.445116,0.200569,-0.041805,0.9996,0.429958,0.206666,0.059036,0.9985,0.431315,0.208244,-0.093063,0.9997,0.459288,0.22613,0.009839,0.9981,0.457399,0.227858,-0.034122,0.9983,0.41879,0.291452,0.181102,0.999,0.435681,0.28672,-0.155516,0.9991,0.508284,0.3002,0.265862,0.0741,0.535989,0.293642,-0.125093,0.8625,0.490078,0.234911,0.279138,0.1149,0.489905,0.239394,0.030356,0.7258,0.486428,0.219462,0.291737,0.1128,0.484502,0.21839,0.036371,0.7062,0.479982,0.221223,0.295864,0.1098,0.473051,0.222626,0.025993,0.6954,0.478641,0.226822,0.279473,0.1213,0.471924,0.23146,0.029893,0.674,0.437614,0.489548,0.115035,1.0,0.453212,0.476955,-0.113731,0.9995,0.457719,0.666544,0.055098,0.7031,0.555136,0.577954,-0.177861,0.9322,0.465103,0.848587,-0.005316,0.915,0.421401,0.575966,-0.047254,0.6308,0.449651,0.873108,-0.01849,0.8995,0.408505,0.566014,-0.032196,0.6399,0.523334,0.870235,-0.051731,0.9362,0.390842,0.637277,0.020095,0.775
vrikshasana_tf_0156,vrikshasana,,TF,train,unlabelled,,Apache-2.0,data/datasets/yoga_poses/train/tree/girl2_tree124.jpg,True,300,300,True,0.9997,0.1482,177.76,43.42,86.757,42.343,89.398,90.451,179.081,143.452,54.826,38.085,43.42,177.76,42.343,86.757,38.085,54.826,143.452,179.081,118.872,134.478,143.452,177.76,42.343,134.478,6.858,-6.858,9.939,19.21,37.132,46.015,-0.9928,-0.3909,1.4014,0.086,0.451485,0.212617,-0.023559,0.9999,0.444614,0.201297,-0.015888,0.9999,0.443637,0.20116,-0.015145,0.9998,0.442736,0.201,-0.015324,0.9999,0.443947,0.20146,-0.044775,0.9999,0.442473,0.201652,-0.045738,0.9999,0.441091,0.201927,-0.044934,0.9999,0.428443,0.208589,0.05757,0.9998,0.42823,0.210706,-0.093324,1.0,0.451312,0.226245,0.006457,0.9997,0.450016,0.227658,-0.037121,0.9998,0.416028,0.292437,0.174832,0.9998,0.432032,0.286861,-0.152026,0.9997,0.498602,0.284196,0.28145,0.1482,0.528097,0.273551,-0.131818,0.9246,0.491526,0.239231,0.308976,0.2775,0.472407,0.235341,0.026781,0.7932,0.485333,0.221986,0.322996,0.266,0.462021,0.216626,0.036828,0.7634,0.484501,0.224507,0.322244,0.2623,0.447017,0.225981,0.023332,0.7522,0.48518,0.233672,0.308191,0.2777,0.452648,0.227217,0.025401,0.7417,0.438117,0.492457,0.115531,1.0,0.457005,0.478156,-0.114316,0.9998,0.455136,0.673073,0.060241,0.7623,0.553768,0.578408,-0.189824,0.9602,0.46464,0.846175,-0.005111,0.9289,0.42652,0.572641,-0.055488,0.7078,0.447365,0.875682,-0.018265,0.9245,0.410519,0.561622,-0.039457,0.7203,0.525059,0.871436,-0.045411,0.9442,0.392488,0.628067,0.028257,0.8157
vrikshasana_tf_0157,vrikshasana,,TF,train,unlabelled,,Apache-2.0,data/datasets/yoga_poses/train/tree/girl2_tree125.jpg,True,300,300,True,0.9993,0.0206,174.811,44.826,150.388,94.842,56.444,81.291,178.874,144.507,101.257,79.451,44.826,174.811,94.842,150.388,79.451,101.257,144.507,178.874,70.86,94.546,144.507,174.811,94.842,94.546,6.923,-6.923,11.249,37.452,27.583,48.505,-0.9927,-0.3477,1.3107,0.1658,0.46134,0.2068,-0.036213,0.9999,0.447396,0.194181,-0.032948,0.9999,0.445131,0.194485,-0.032147,0.9998,0.442819,0.195072,-0.031906,0.9999,0.448176,0.193679,-0.060097,0.9999,0.446554,0.193645,-0.060622,0.9999,0.444995,0.193889,-0.059863,0.9999,0.424,0.206188,0.030887,0.9999,0.429879,0.20389,-0.110115,1.0,0.457669,0.220284,-0.008104,0.9998,0.45791,0.219999,-0.048177,0.9998,0.407123,0.291885,0.160917,0.9993,0.435246,0.270342,-0.181395,0.9996,0.435828,0.305683,0.373711,0.0206,0.511413,0.273942,-0.342646,0.8781,0.46601,0.303605,0.55161,0.0728,0.513829,0.255709,-0.415887,0.7868,0.470128,0.311424,0.587398,0.1144,0.514484,0.248531,-0.436901,0.8127,0.468621,0.307224,0.574165,0.1197,0.501439,0.245372,-0.433179,0.806,0.469624,0.3047,0.550005,0.1239,0.502009,0.25155,-0.415873,0.7603,0.435812,0.499091,0.108973,1.0,0.458076,0.48746,-0.108191,0.9998,0.456405,0.672891,0.071603,0.8141,0.544595,0.585268,-0.112149,0.9149,0.461375,0.85441,0.049083,0.9469,0.420524,0.577291,0.015715,0.8059,0.44794,0.881253,0.038051,0.942,0.40682,0.565778,0.028754,0.7978,0.521725,0.87665,0.011883,0.9538,0.393043,0.62936,0.084348,0.8652
vrikshasana_tf_0158,vrikshasana,,TF,train,unlabelled,,Apache-2.0,data/datasets/yoga_poses/train/tree/girl2_tree126.jpg,True,300,300,True,0.9991,0.0181,173.826,44.005,128.737,143.892,17.509,81.313,178.425,142.294,128.36,83.257,44.005,173.826,128.737,143.892,83.257,128.36,142.294,178.425,42.315,90.774,142.294,44.005,143.892,90.774,7.608,-7.608,15.7,36.775,30.725,46.325,-0.9912,-0.3249,1.3014,0.1849,0.455672,0.215577,-0.016122,0.9999,0.443018,0.202567,-0.012978,0.9999,0.440907,0.202688,-0.012095,0.9999,0.438497,0.202883,-0.011782,0.9999,0.443692,0.201466,-0.039612,0.9999,0.442189,0.201024,-0.040206,0.9999,0.440547,0.200726,-0.039415,0.9999,0.42127,0.2121,0.047506,0.9999,0.427647,0.209649,-0.092006,1.0,0.451933,0.228975,0.010676,0.9998,0.45233,0.228425,-0.029254,0.9998,0.397943,0.297297,0.171463,0.9991,0.429781,0.273501,-0.164559,0.9997,0.415028,0.331071,0.395924,0.0181,0.495719,0.276631,-0.331809,0.8549,0.449905,0.338424,0.612461,0.0382,0.515918,0.263317,-0.410083,0.7034,0.454802,0.348946,0.655527,0.0586,0.515619,0.259923,-0.424663,0.74,0.455203,0.344878,0.646045,0.0612,0.51234,0.259716,-0.415983,0.7258,0.456048,0.341294,0.613232,0.0675,0.503455,0.26182,-0.406881,0.6762,0.431975,0.504573,0.109326,1.0,0.452655,0.492282,-0.108604,0.9998,0.455477,0.677288,0.063166,0.8433,0.541521,0.585356,-0.12502,0.9455,0.460402,0.85639,0.042797,0.9685,0.415811,0.580262,-0.000957,0.8562,0.446242,0.88315,0.032687,0.9583,0.400562,0.570459,0.012654,0.8292,0.522383,0.875877,0.003382,0.9728,0.388616,0.629744,0.065801,0.901
vrikshasana_tf_0159,vrikshasana,,TF,train,unlabelled,,Apache-2.0,data/datasets/yoga_poses/train/tree/girl2_tree128.jpg,True,300,300,True,0.999,0.0304,173.437,47.158,160.281,137.006,51.338,98.363,178.011,146.026,106.936,82.794,47.158,173.437,137.006,160.281,82.794,106.936,146.026,178.011,63.632,90.515,146.026,173.437,137.006,90.515,8.026,-8.026,13.062,45.202,37.108,49.334,-0.9902,-0.2822,1.3166,0.1641,0.446674,0.226039,-0.002182,0.9999,0.435389,0.213066,0.001551,0.9999,0.433434,0.213055,0.002325,0.9999,0.431144,0.213138,0.00275,0.9999,0.435223,0.212116,-0.025751,0.9999,0.433217,0.211219,-0.026544,0.9999,0.431099,0.210749,-0.025956,0.9999,0.413201,0.219675,0.063883,0.9999,0.417424,0.217486,-0.081767,0.9999,0.442646,0.238897,0.024948,0.9998,0.442641,0.237808,-0.017052,0.9999,0.396844,0.29937,0.169553,0.999,0.421751,0.274287,-0.147912,0.9995,0.424856,0.315044,0.366073,0.0304,0.48985,0.25597,-0.224065,0.8832,0.477018,0.323784,0.529744,0.0568,0.504628,0.263808,-0.161509,0.537,0.488698,0.328945,0.561144,0.088,0.508713,0.268204,-0.151011,0.5431,0.48526,0.326494,0.543277,0.0957,0.514079,0.273937,-0.148711,0.5293,0.482269,0.325086,0.525698,0.1091,0.512459,0.274469,-0.155803,0.5154,0.431214,0.506265,0.099979,1.0,0.44752,0.493928,-0.09922,0.9999,0.454415,0.683852,0.066434,0.8128,0.525476,0.584668,-0.079398,0.9261,0.457132,0.860685,0.046378,0.9564,0.413924,0.58043,0.106212,0.6863,0.440602,0.889437,0.038369,0.95,0.40162,0.569046,0.127691,0.7044,0.520674,0.879373,0.004299,0.9651,0.389145,0.639724,0.190703,0.7634
vrikshasana_tf_0160,vrikshasana,,TF,train,unlabelled,,Apache-2.0,data/datasets/yoga_poses/train/tree/girl2_tree133.jpg,True,300,300,True,0.9986,0.0264,175.791,43.135,173.562,141.771,7.091,134.783,176.145,155.444,167.667,52.989,43.135,175.791,141.771,173.562,52.989,167.667,155.444,176.145,4.213,117.307,155.444,43.135,141.771,117.307,8.922,-8.922,14.048,68.126,59.536,55.74,-0.9879,-0.2998,1.2502,0.0473,0.440347,0.229062,-0.063952,0.9998,0.428357,0.216821,-0.056698,0.9996,0.427019,0.216584,-0.056066,0.9994,0.425749,0.216308,-0.055628,0.9996,0.427548,0.216631,-0.08335,0.9997,0.425398,0.21631,-0.084346,0.9997,0.423007,0.216095,-0.083876,0.9997,0.410502,0.222067,0.020082,0.9994,0.408064,0.222913,-0.115707,0.9998,0.440633,0.241565,-0.032392,0.9995,0.439333,0.241613,-0.070109,0.9995,0.404675,0.300564,0.118716,0.9986,0.400758,0.290808,-0.172662,0.9997,0.424556,0.373681,0.254496,0.0277,0.447042,0.225953,-0.326157,0.9966,0.433903,0.434247,0.291501,0.0264,0.511867,0.207049,-0.366809,0.9412,0.449201,0.454841,0.298789,0.0359,0.530643,0.204613,-0.385577,0.8775,0.449181,0.456938,0.271518,0.0384,0.532105,0.206614,-0.370256,0.8575,0.447631,0.44969,0.280102,0.0437,0.531021,0.208746,-0.361832,0.8291,0.435667,0.517773,0.096827,1.0,0.438691,0.512632,-0.095836,0.9999,0.449006,0.696642,0.097306,0.7935,0.5096,0.616735,-0.106169,0.9813,0.449174,0.868541,0.133802,0.9726,0.407464,0.593897,0.09264,0.8713,0.431602,0.899401,0.132092,0.9567,0.39791,0.578912,0.11231,0.8455,0.5118,0.889202,0.079601,0.9758,0.377117,0.641436,0.142889,0.8956
vrikshasana_tf_0161,vrikshasana,,TF,train,unlabelled,,Apache-2.0,data/datasets/yoga_poses/train/tree/girl2_tree134.jpg,True,300,300,True,0.9991,0.0566,176.696,41.063,166.774,134.535,12.673,144.652,177.089,155.675,154.761,49.254,41.063,176.696,134.535,166.774,49.254,154.761,155.675,177.089,18.037,122.481,155.675,41.063,134.535,122.481,7.736,-7.736,8.728,66.736,83.117,57.41,-0.9909,-0.2937,1.2518,0.042,0.433,0.233893,-0.034553,0.9998,0.422377,0.222401,-0.028105,0.9998,0.421516,0.222378,-0.027391,0.9996,0.420653,0.222247,-0.026812,0.9998,0.420226,0.222513,-0.054077,0.9998,0.417597,0.222559,-0.055051,0.9997,0.414976,0.222732,-0.054447,0.9998,0.405328,0.228765,0.041286,0.9994,0.40195,0.22992,-0.092088,0.9998,0.435073,0.247719,-0.006197,0.9996,0.432338,0.248329,-0.043932,0.9996,0.404267,0.302922,0.1448,0.9991,0.40061,0.294416,-0.151138,0.9998,0.429591,0.372977,0.312518,0.0566,0.443235,0.21106,-0.227475,0.9974,0.457396,0.41563,0.370602,0.0645,0.528464,0.184266,-0.159524,0.96,0.463026,0.431224,0.383221,0.0799,0.546152,0.173491,-0.1701,0.8983,0.462807,0.431145,0.356412,0.0861,0.544893,0.179042,-0.154936,0.8812,0.461143,0.425824,0.360435,0.0977,0.536144,0.18425,-0.1531,0.8622,0.43174,0.520348,0.098451,1.0,0.432506,0.514003,-0.097448,0.9999,0.445219,0.700005,0.112029,0.7949,0.501437,0.621829,-0.105862,0.9836,0.448104,0.867579,0.137638,0.9817,0.408095,0.59445,0.106224,0.8752,0.432769,0.900518,0.13516,0.9718,0.402602,0.576984,0.129137,0.8539,0.510107,0.894234,0.086749,0.9844,0.378942,0.648326,0.175895,0.9067
vrikshasana_tf_0162,vrikshasana,,TF,train,unlabelled,,Apache-2.0,data/datasets/yoga_poses/train/tree/girl2_tree135.jpg,True,300,300,True,0.9996,0.1993,176.587,44.459,154.123,133.983,34.116,153.022,178.177,158.538,127.43,41.704,44.459,176.587,133.983,154.123,41.704,127.43,158.538,178.177,46.464,129.135,158.538,44.459,133.983,129.135,7.639,-7.639,10.715,33.446,53.899,59.376,-0.9911,-0.2899,1.2426,0.0435,0.437023,0.235028,-0.016915,0.9999,0.425032,0.222734,-0.010387,0.9999,0.423811,0.222807,-0.009723,0.9999,0.422535,0.222771,-0.009157,0.9999,0.423598,0.222765,-0.038346,0.9999,0.421287,0.223069,-0.039333,0.9999,0.41889,0.223412,-0.038632,0.9999,0.407369,0.231096,0.05154,0.9998,0.406339,0.232875,-0.091106,1.0,0.437792,0.248792,0.008298,0.9999,0.435499,0.248864,-0.032365,0.9999,0.407254,0.301748,0.140212,0.9996,0.399239,0.296454,-0.146324,0.9999,0.437774,0.337836,0.283387,0.1993,0.427923,0.207204,-0.204148,0.998,0.477275,0.355342,0.306717,0.2069,0.518365,0.162768,-0.125987,0.9742,0.483627,0.365087,0.314978,0.2166,0.53863,0.151094,-0.137218,0.9251,0.484209,0.364046,0.286866,0.2328,0.541678,0.150065,-0.121215,0.9116,0.482663,0.361319,0.29464,0.2585,0.535307,0.156115,-0.118617,0.8984,0.430689,0.520845,0.098956,1.0,0.43457,0.515523,-0.097828,0.9999,0.444219,0.701531,0.139613,0.8761,0.500808,0.627419,-0.079734,0.991,0.446809,0.872192,0.170778,0.9897,0.402238,0.601161,0.132779,0.9186,0.432257,0.901988,0.169505,0.9821,0.392836,0.583373,0.155169,0.8953,0.512976,0.896888,0.128696,0.9898,0.379125,0.652402,0.207766,0.9314
vrikshasana_tf_0163,vrikshasana,,TF,train,unlabelled,,Apache-2.0,data/datasets/yoga_poses/train/tree/girl2_tree136.jpg,True,300,300,True,0.9997,0.157,175.537,41.241,116.908,143.696,43.902,155.68,178.861,159.737,89.681,33.675,41.241,175.537,116.908,143.696,33.675,89.681,159.737,178.861,84.223,136.968,159.737,41.241,143.696,136.968,7.742,-7.742,11.774,53.64,44.139,60.381,-0.9909,-0.2797,1.2668,0.0502,0.437438,0.240262,-0.009415,1.0,0.427432,0.229703,-0.003339,1.0,0.426456,0.230043,-0.002635,0.9999,0.425323,0.2302,-0.002104,1.0,0.425004,0.228812,-0.029717,1.0,0.422351,0.228775,-0.030636,1.0,0.419563,0.228756,-0.029938,1.0,0.408977,0.236226,0.055732,0.9999,0.406748,0.23587,-0.080863,1.0,0.436909,0.253112,0.015101,0.9999,0.433873,0.252457,-0.024081,0.9999,0.406499,0.306375,0.148663,0.9997,0.39994,0.297466,-0.141791,0.9999,0.424734,0.321678,0.328015,0.157,0.423801,0.208185,-0.205741,0.9975,0.461344,0.30607,0.393673,0.234,0.500321,0.14681,-0.136794,0.9794,0.46556,0.309483,0.410303,0.2675,0.521291,0.13063,-0.147765,0.9449,0.466893,0.304431,0.382313,0.2843,0.521784,0.132508,-0.13171,0.9354,0.466884,0.303244,0.383184,0.3113,0.514085,0.140036,-0.128992,0.9247,0.429682,0.523477,0.100524,1.0,0.436146,0.517204,-0.099405,0.9999,0.445098,0.701236,0.141699,0.8628,0.501302,0.631809,-0.074613,0.9893,0.446608,0.876355,0.174657,0.9868,0.40878,0.599698,0.129943,0.9056,0.431434,0.905663,0.173751,0.9794,0.400034,0.580825,0.152365,0.886,0.509321,0.899162,0.139687,0.9857,0.377524,0.650526,0.212777,0.9206
vrikshasana_tf_0164,vrikshasana,,TF,train,unlabelled,,Apache-2.0,data/datasets/yoga_poses/train/tree/girl2_tree137.jpg,True,300,300,True,0.9998,0.2551,171.129,45.403,140.328,149.364,132.496,157.549,179.569,161.27,15.901,27.919,45.403,171.129,140.328,149.364,15.901,27.919,161.27,179.569,141.804,157.904,161.27,45.403,149.364,141.804,8.251,-8.251,12.993,49.533,28.549,60.992,-0.9896,-0.2794,1.2734,0.0391,0.439481,0.245131,-0.016482,1.0,0.429996,0.233894,-0.009547,1.0,0.429081,0.234085,-0.008816,0.9999,0.428052,0.234096,-0.008374,1.0,0.427197,0.233052,-0.036622,1.0,0.424441,0.232889,-0.037567,1.0,0.421513,0.232697,-0.036761,1.0,0.410937,0.240709,0.051126,0.9999,0.406339,0.240306,-0.090831,1.0,0.438956,0.257939,0.008483,0.9999,0.435592,0.257068,-0.032035,0.9999,0.405978,0.309052,0.139714,0.9998,0.400463,0.302588,-0.155794,0.9999,0.426677,0.285498,0.30102,0.2551,0.420707,0.208744,-0.233525,0.9968,0.428236,0.230919,0.35055,0.4223,0.489598,0.134372,-0.183649,0.9849,0.427708,0.231182,0.366494,0.4285,0.510238,0.111188,-0.199355,0.9621,0.426339,0.218917,0.34143,0.4403,0.507979,0.109399,-0.182513,0.9546,0.428039,0.218925,0.340542,0.468,0.501394,0.11911,-0.175693,0.9431,0.429262,0.523555,0.102634,1.0,0.43952,0.517974,-0.10148,0.9999,0.449478,0.697598,0.153821,0.8723,0.501089,0.62901,-0.086362,0.9922,0.442438,0.877189,0.193444,0.9881,0.407331,0.602853,0.105163,0.9453,0.424927,0.902614,0.193063,0.9818,0.397352,0.584929,0.125709,0.9333,0.508373,0.903182,0.158932,0.9864,0.374207,0.657736,0.173132,0.9469
vrikshasana_tf_0165,vrikshasana,,TF,train,unlabelled,,Apache-2.0,data/datasets/yoga_poses/train/tree/girl2_tree139.jpg,True,300,300,True,0.9992,0.077,170.823,49.225,175.913,165.083,21.725,161.613,178.835,166.361,151.576,17.341,49.225,170.823,165.083,175.913,17.341,151.576,166.361,178.835,22.937,153.81,166.361,49.225,165.083,153.81,7.188,-7.188,18.658,53.273,49.045,67.512,-0.9921,-0.2877,1.2419,0.0587,0.458636,0.248851,-0.031542,0.9996,0.44967,0.237029,-0.021682,0.9995,0.448481,0.236746,-0.021131,0.9992,0.447071,0.236699,-0.020615,0.9995,0.446228,0.236692,-0.049495,0.9995,0.443026,0.236752,-0.050476,0.9994,0.439623,0.236756,-0.049627,0.9995,0.4274,0.24412,0.049803,0.9989,0.421923,0.243459,-0.089861,0.9996,0.455776,0.263393,-0.003814,0.9991,0.451241,0.262858,-0.042913,0.9991,0.414785,0.316302,0.141931,0.9992,0.407179,0.306107,-0.146695,0.9997,0.443842,0.372812,0.280303,0.077,0.423461,0.209211,-0.233972,0.997,0.457768,0.395717,0.267937,0.1012,0.468045,0.111175,-0.173569,0.978,0.458405,0.407498,0.278258,0.1237,0.48334,0.084633,-0.189165,0.937,0.460251,0.402292,0.246545,0.1332,0.480639,0.083366,-0.165591,0.9234,0.460545,0.397411,0.253735,0.1472,0.473415,0.091356,-0.164765,0.9144,0.435266,0.529527,0.098474,0.9999,0.440943,0.522986,-0.097215,0.9997,0.455192,0.700399,0.123711,0.8387,0.490721,0.643232,-0.069011,0.9874,0.447376,0.877635,0.151251,0.9869,0.3988,0.612855,0.110665,0.9498,0.42586,0.911618,0.149916,0.9777,0.392728,0.594602,0.129249,0.9317,0.518603,0.902518,0.097545,0.9865,0.369847,0.663131,0.152725,0.9487
vrikshasana_tf_0166,vrikshasana,,TF,train,unlabelled,,Apache-2.0,data/datasets/yoga_poses/train/tree/girl2_tree140.jpg,True,300,300,True,0.9994,0.1099,171.741,47.404,108.172,164.395,53.321,163.808,178.804,162.776,99.777,15.826,47.404,171.741,108.172,164.395,15.826,99.777,162.776,178.804,75.519,155.692,162.776,47.404,164.395,155.692,6.598,-6.598,17.792,32.943,65.317,64.294,-0.9934,-0.2885,1.2739,0.0596,0.462859,0.250542,-0.035366,0.9997,0.454309,0.238077,-0.024177,0.9997,0.45341,0.238281,-0.023572,0.9995,0.452231,0.238382,-0.023192,0.9997,0.450234,0.237658,-0.051098,0.9997,0.446732,0.237643,-0.052023,0.9996,0.442954,0.237595,-0.051064,0.9997,0.432628,0.245456,0.051943,0.9994,0.424945,0.245024,-0.0855,0.9998,0.460295,0.264754,-0.005757,0.9994,0.45539,0.263889,-0.044334,0.9993,0.420795,0.316505,0.145817,0.9994,0.40996,0.309485,-0.15132,0.9997,0.452738,0.336447,0.287163,0.1099,0.423315,0.210836,-0.248768,0.9969,0.467075,0.32448,0.288072,0.1858,0.466001,0.111789,-0.197377,0.9827,0.46671,0.329634,0.30201,0.2095,0.480269,0.085656,-0.211705,0.9488,0.467816,0.321855,0.27242,0.2213,0.475569,0.083959,-0.188724,0.9379,0.469214,0.319335,0.275438,0.2409,0.471919,0.09081,-0.188538,0.9289,0.438513,0.531847,0.101633,1.0,0.441992,0.524277,-0.100409,0.9998,0.456191,0.702914,0.119382,0.8705,0.496214,0.636914,-0.075812,0.9883,0.448877,0.880486,0.136879,0.9885,0.402811,0.608554,0.106571,0.9506,0.429212,0.917809,0.134379,0.9815,0.397333,0.595833,0.12543,0.9339,0.519257,0.906493,0.085106,0.9873,0.372904,0.661739,0.153717,0.9503
vrikshasana_tf_0167,vrikshasana,,TF,train,unlabelled,,Apache-2.0,data/datasets/yoga_poses/train/tree/girl2_tree141.jpg,True,300,300,True,0.9992,0.0984,172.794,52.599,142.972,164.827,29.998,165.085,179.731,154.659,132.906,15.151,52.599,172.794,142.972,164.827,15.151,132.906,154.659,179.731,42.378,157.309,154.659,52.599,164.827,157.309,6.143,-6.143,19.322,39.208,84.171,57.118,-0.9943,-0.2776,1.2373,0.063,0.47156,0.255018,-0.035159,0.9995,0.463282,0.241434,-0.023745,0.9993,0.4622,0.241576,-0.023164,0.999,0.460831,0.24162,-0.022794,0.9993,0.459582,0.241112,-0.051759,0.9993,0.456156,0.240997,-0.052699,0.9992,0.45243,0.240789,-0.051789,0.9993,0.440611,0.248002,0.052383,0.9988,0.43376,0.247395,-0.088298,0.9995,0.468493,0.269545,-0.005525,0.9988,0.463855,0.268647,-0.044888,0.9988,0.426791,0.318641,0.143153,0.9992,0.41635,0.310123,-0.150291,0.9997,0.449109,0.350857,0.265963,0.0984,0.429402,0.209288,-0.257923,0.9977,0.468244,0.35717,0.233073,0.1515,0.470375,0.110605,-0.217681,0.9859,0.470266,0.365635,0.241487,0.1756,0.485061,0.086055,-0.235661,0.9562,0.472206,0.360228,0.208948,0.1849,0.48108,0.083236,-0.210191,0.9464,0.471956,0.356579,0.218231,0.2027,0.477287,0.090577,-0.208602,0.9378,0.444188,0.529567,0.100456,0.9999,0.444715,0.52441,-0.099155,0.9997,0.459465,0.70474,0.124533,0.8387,0.510517,0.626196,-0.078666,0.9896,0.452718,0.878596,0.1556,0.9856,0.406924,0.618008,0.0912,0.9565,0.432993,0.907423,0.154602,0.9769,0.399173,0.604622,0.1085,0.9417,0.523014,0.908589,0.101798,0.9845,0.379917,0.662701,0.127769,0.9529
vrikshasana_tf_0168,vrikshasana,,TF,train,unlabelled,,Apache-2.0,data/datasets/yoga_poses/train/tree/girl2_tree144.jpg,True,300,300,True,0.9959,0.0403,45.447,168.274,149.4,167.025,2.571,163.914,179.675,178.432,163.201,15.642,45.447,168.274,149.4,167.025,15.642,163.201,178.432,179.675,11.002,157.136,178.432,168.274,167.025,157.136,6.525,-6.525,23.576,59.254,51.509,81.21,-0.9935,-0.2831,1.1224,0.0511,0.492955,0.261521,-0.05326,0.9975,0.484789,0.247977,-0.040901,0.9966,0.483516,0.248164,-0.040077,0.9952,0.481874,0.248252,-0.039756,0.9965,0.481713,0.247177,-0.071726,0.9972,0.478304,0.246868,-0.072151,0.9971,0.474502,0.246525,-0.071929,0.9977,0.460542,0.254465,0.034242,0.9964,0.455827,0.253001,-0.113551,0.9971,0.488028,0.276018,-0.024802,0.9972,0.483749,0.274765,-0.064408,0.9968,0.439947,0.327052,0.138046,0.9959,0.434338,0.317621,-0.196617,0.9998,0.44645,0.371259,0.291072,0.0403,0.450233,0.215701,-0.355031,0.9963,0.45737,0.384759,0.308965,0.0722,0.492184,0.111024,-0.396062,0.9949,0.45547,0.394547,0.32346,0.1065,0.503167,0.087535,-0.429819,0.99,0.460186,0.385427,0.299104,0.1088,0.500558,0.08626,-0.406398,0.9876,0.462363,0.38104,0.298429,0.1182,0.497601,0.091654,-0.387343,0.9813,0.461188,0.536265,0.109802,0.9987,0.461925,0.535339,-0.108365,0.9996,0.476774,0.681558,0.196973,0.3565,0.48768,0.701898,-0.103368,0.9757,0.413239,0.631145,0.320563,0.6925,0.479416,0.863033,-0.032942,0.9922,0.396394,0.661425,0.327289,0.8064,0.454016,0.908585,-0.025555,0.9926,0.393824,0.669827,0.312786,0.7504,0.531607,0.92006,-0.0856,0.9842
vrikshasana_tf_0169,vrikshasana,,TF,train,unlabelled,,Apache-2.0,data/datasets/yoga_poses/train/tree/girl2_tree145.jpg,True,300,300,True,0.9936,0.0289,146.989,159.255,99.077,164.863,14.585,166.168,178.256,178.621,142.293,14.759,146.989,159.255,99.077,164.863,14.759,142.293,178.256,178.621,32.23,158.177,178.621,159.255,164.863,158.177,6.281,-6.281,22.082,84.26,28.673,81.557,-0.994,-0.2941,0.2008,0.0371,0.499439,0.260761,-0.057827,0.9945,0.490223,0.247686,-0.046945,0.993,0.488789,0.247906,-0.046181,0.9897,0.486938,0.248045,-0.045861,0.9926,0.487459,0.247176,-0.078094,0.9934,0.484208,0.247075,-0.078756,0.9934,0.480488,0.246946,-0.078292,0.995,0.465385,0.255406,0.025699,0.9912,0.462246,0.254179,-0.125506,0.9947,0.495065,0.27522,-0.029591,0.9913,0.490752,0.274751,-0.070827,0.9904,0.444706,0.327676,0.134744,0.9936,0.443912,0.319772,-0.205062,0.9991,0.455388,0.356925,0.301025,0.0289,0.45586,0.219088,-0.37418,0.9939,0.465762,0.354911,0.3216,0.0839,0.498133,0.113951,-0.418255,0.9915,0.463459,0.361789,0.339771,0.1149,0.510425,0.089369,-0.449807,0.9818,0.468077,0.352848,0.315482,0.1177,0.508015,0.086437,-0.424108,0.9773,0.470651,0.349507,0.311191,0.126,0.504369,0.09381,-0.409301,0.9674,0.464885,0.538109,0.111353,0.9984,0.470585,0.534992,-0.110041,0.9986,0.475287,0.697487,0.192081,0.3253,0.494212,0.694156,-0.08658,0.96,0.434052,0.771034,0.268797,0.8091,0.473945,0.787094,-0.003001,0.974,0.420546,0.783045,0.270041,0.8466,0.459499,0.792569,0.004824,0.9688,0.468865,0.80448,0.233742,0.8305,0.494919,0.83623,-0.034618,0.96
vrikshasana_tf_0170,vrikshasana,,TF,train,unlabelled,,Apache-2.0,data/datasets/yoga_poses/train/tree/girl2_tree146.jpg,True,300,300,True,0.9938,0.0361,65.597,168.251,68.023,162.285,17.747,166.846,173.638,178.981,122.998,14.927,65.597,168.251,68.023,162.285,14.927,122.998,173.638,178.981,52.208,157.311,178.981,168.251,162.285,157.311,6.308,-6.308,22.081,43.594,20.839,83.257,-0.9939,-0.3033,1.2363,0.03,0.50418,0.260344,-0.052547,0.9965,0.496661,0.247759,-0.040076,0.9959,0.495394,0.248059,-0.039282,0.9945,0.493769,0.248227,-0.038977,0.9956,0.492857,0.246984,-0.071533,0.9965,0.489118,0.246828,-0.071888,0.9965,0.485428,0.246599,-0.071773,0.997,0.472688,0.25537,0.035716,0.9953,0.467145,0.253978,-0.116965,0.9956,0.499969,0.274569,-0.024171,0.996,0.494901,0.273572,-0.065132,0.9954,0.452265,0.327622,0.135168,0.9938,0.447609,0.323189,-0.197215,0.9995,0.460118,0.346541,0.27802,0.0361,0.456925,0.224496,-0.357809,0.9917,0.468583,0.338218,0.273825,0.0729,0.502211,0.118362,-0.416373,0.9903,0.46599,0.342441,0.283295,0.1121,0.512389,0.09126,-0.451112,0.985,0.47011,0.332101,0.259056,0.1144,0.510483,0.089463,-0.432318,0.9819,0.47272,0.329702,0.26244,0.1255,0.508188,0.09687,-0.409099,0.972,0.469846,0.537234,0.108354,0.9986,0.477165,0.54002,-0.106819,0.9996,0.466677,0.652999,0.22004,0.2689,0.496533,0.703842,-0.108954,0.9704,0.4198,0.630165,0.349939,0.538,0.480368,0.888371,-0.072585,0.9887,0.400559,0.657656,0.35659,0.7354,0.463902,0.919307,-0.069395,0.9913,0.406035,0.677412,0.346621,0.6221,0.548816,0.925469,-0.138063,0.9766
vrikshasana_tf_0171,vrikshasana,,TF,train,unlabelled,,Apache-2.0,data/datasets/yoga_poses/train/tree/girl2_tree147.jpg,True,300,300,True,0.9962,0.0363,73.025,169.026,178.271,164.437,2.15,167.524,171.927,178.95,176.756,14.024,73.025,169.026,164.437,178.271,14.024,176.756,171.927,178.95,2.749,159.481,178.95,169.026,164.437,159.481,6.252,-6.252,23.979,64.672,20.959,84.554,-0.9941,-0.3126,1.2381,0.0487,0.515188,0.256804,-0.048212,0.9971,0.506155,0.245053,-0.036251,0.9965,0.504481,0.245047,-0.035584,0.9953,0.502433,0.245036,-0.035123,0.9963,0.503789,0.244978,-0.068055,0.9968,0.500683,0.24491,-0.06844,0.9967,0.497206,0.244872,-0.068305,0.997,0.480175,0.253058,0.035267,0.996,0.478244,0.251856,-0.117259,0.9962,0.510089,0.270907,-0.021486,0.9968,0.506732,0.27143,-0.06206,0.9965,0.453751,0.329789,0.135502,0.9962,0.458298,0.32018,-0.195081,0.9998,0.458884,0.406234,0.269871,0.0363,0.468822,0.219714,-0.339454,0.9959,0.460379,0.446748,0.263308,0.0559,0.508485,0.119245,-0.379456,0.9929,0.455997,0.46017,0.274197,0.0868,0.51727,0.093394,-0.412776,0.9866,0.462959,0.452678,0.24672,0.0885,0.515764,0.089945,-0.389361,0.9837,0.465202,0.446984,0.250908,0.0954,0.513213,0.098241,-0.370672,0.9763,0.475845,0.540272,0.109781,0.9991,0.4837,0.543281,-0.108249,0.9998,0.471694,0.654549,0.236506,0.2493,0.499531,0.709333,-0.096545,0.9722,0.416145,0.635361,0.352928,0.5449,0.481331,0.897382,-0.053151,0.9891,0.402449,0.631855,0.359645,0.7459,0.460665,0.927406,-0.048564,0.9918,0.402928,0.668962,0.354104,0.6589,0.54748,0.924043,-0.11059,0.9814
vrikshasana_tf_0172,vrikshasana,,TF,train,unlabelled,,Apache-2.0,data/datasets/yoga_poses/train/tree/girl2_tree148.jpg,True,300,300,True,0.9949,0.083,84.198,169.508,145.943,166.674,165.985,163.912,171.979,177.2,22.344,15.986,84.198,169.508,145.943,166.674,15.986,22.344,171.979,177.2,152.653,156.936,177.2,169.508,166.674,156.936,6.064,-6.064,21.653,40.411,51.121,85.722,-0.9944,-0.2946,1.1938,0.0295,0.519301,0.260451,-0.050203,0.9982,0.511074,0.247353,-0.039398,0.9978,0.509825,0.247222,-0.038551,0.9974,0.508352,0.247015,-0.03827,0.9978,0.507236,0.246825,-0.070038,0.9984,0.503958,0.246443,-0.070439,0.9984,0.500532,0.246069,-0.070428,0.9985,0.487085,0.253548,0.03178,0.9974,0.481831,0.252863,-0.121743,0.9977,0.515864,0.273264,-0.023179,0.9974,0.510437,0.272877,-0.064558,0.9973,0.466788,0.327529,0.123197,0.9949,0.461834,0.323311,-0.197352,0.9995,0.477088,0.262582,0.266666,0.083,0.477975,0.221516,-0.335128,0.9857,0.506348,0.231281,0.26503,0.1709,0.520982,0.116844,-0.387173,0.9822,0.508191,0.22409,0.270923,0.2341,0.532312,0.089382,-0.413576,0.9776,0.509923,0.21481,0.246379,0.237,0.530187,0.085972,-0.402491,0.9732,0.510339,0.216736,0.251989,0.2628,0.527011,0.095942,-0.38109,0.9588,0.48558,0.542181,0.109891,0.999,0.489633,0.547208,-0.108268,0.9997,0.479852,0.650844,0.247577,0.2463,0.50197,0.712131,-0.110133,0.9807,0.422078,0.64188,0.358196,0.3766,0.481703,0.898271,-0.105924,0.9882,0.408208,0.64509,0.363744,0.6319,0.464986,0.92731,-0.106438,0.9927,0.414456,0.68116,0.360847,0.5107,0.55818,0.931332,-0.180961,0.9775
vrikshasana_tf_0173,vrikshasana,,TF,train,unlabelled,,Apache-2.0,data/datasets/yoga_poses/train/tree/girl2_tree149.jpg,True,300,300,True,0.9911,0.0443,60.241,171.171,158.738,167.408,126.277,164.419,177.243,176.958,33.65,15.518,60.241,171.171,158.738,167.408,15.518,33.65,176.958,177.243,140.715,157.918,176.958,171.171,167.408,157.918,6.108,-6.108,22.623,83.82,46.66,86.479,-0.9943,-0.3025,1.2422,0.0152,0.526854,0.259399,-0.04806,0.995,0.518556,0.246965,-0.037057,0.9944,0.517153,0.246922,-0.036194,0.9929,0.515401,0.246773,-0.035928,0.9942,0.515055,0.246575,-0.06892,0.9957,0.511524,0.24633,-0.069354,0.9958,0.507969,0.246073,-0.069314,0.9962,0.493296,0.253426,0.033753,0.9934,0.489853,0.252722,-0.123209,0.9941,0.522621,0.273085,-0.021326,0.9938,0.517929,0.273469,-0.063668,0.9933,0.469889,0.327267,0.127857,0.9911,0.470248,0.323952,-0.201607,0.9992,0.484088,0.314522,0.269282,0.0443,0.486789,0.219721,-0.347997,0.9878,0.502157,0.278792,0.254112,0.1013,0.528259,0.115029,-0.400432,0.9855,0.502352,0.275631,0.260465,0.155,0.540534,0.087486,-0.431401,0.981,0.504635,0.265548,0.234032,0.1583,0.536566,0.082965,-0.417718,0.9771,0.505629,0.265887,0.240397,0.1791,0.533874,0.092384,-0.394148,0.9639,0.490943,0.540674,0.110252,0.9984,0.495772,0.545791,-0.108734,0.9996,0.497332,0.667774,0.232393,0.2114,0.506193,0.715126,-0.112288,0.977,0.433415,0.635373,0.340221,0.3643,0.488874,0.901541,-0.102201,0.9882,0.408579,0.65841,0.345185,0.6258,0.472883,0.929573,-0.102455,0.9923,0.418743,0.67364,0.340238,0.5041,0.559515,0.936088,-0.179477,0.9762
vrikshasana_tf_0174,vrikshasana,,TF,train,unlabelled,,Apache-2.0,data/datasets/yoga_poses/train/tree/girl2_tree150.jpg,True,300,300,True,0.9956,0.0483,64.44,170.777,143.447,162.548,112.803,168.661,174.215,177.799,31.752,14.513,64.44,170.777,143.447,162.548,14.513,31.752,174.215,177.799,142.867,159.737,177.799,170.777,162.548,159.737,5.571,-5.571,22.346,59.793,42.91,86.451,-0.9953,-0.2999,1.2404,0.0317,0.536053,0.259305,-0.046326,0.9978,0.526753,0.246919,-0.034002,0.9974,0.524981,0.246765,-0.03314,0.9967,0.522799,0.246566,-0.032864,0.9973,0.524076,0.247156,-0.065642,0.998,0.520777,0.247146,-0.06598,0.9979,0.517065,0.247085,-0.065952,0.9982,0.498681,0.254305,0.038542,0.9971,0.49693,0.253396,-0.116322,0.9975,0.530656,0.273176,-0.019,0.9975,0.52721,0.274099,-0.060734,0.9972,0.474326,0.328903,0.129077,0.9956,0.47787,0.322816,-0.196205,0.9997,0.479933,0.325899,0.256765,0.0483,0.487995,0.219348,-0.359099,0.9866,0.491969,0.300394,0.236686,0.0851,0.530555,0.119281,-0.433339,0.9844,0.489931,0.299889,0.240879,0.1316,0.544564,0.091157,-0.469346,0.9809,0.493463,0.290024,0.215486,0.1327,0.541605,0.087191,-0.454847,0.977,0.495221,0.289735,0.223527,0.1486,0.533721,0.096859,-0.427097,0.9634,0.494572,0.54386,0.10816,0.999,0.500704,0.54956,-0.106565,0.9998,0.493694,0.668189,0.239064,0.2277,0.51155,0.72443,-0.102203,0.9808,0.433837,0.63904,0.356038,0.3955,0.493334,0.907777,-0.077398,0.9903,0.421252,0.633941,0.361958,0.6557,0.472291,0.937348,-0.075806,0.9932,0.421305,0.666184,0.365548,0.5272,0.562184,0.941712,-0.145551,0.98
vrikshasana_tf_0175,vrikshasana,,TF,train,unlabelled,,Apache-2.0,data/datasets/yoga_poses/train/tree/girl2_tree151.jpg,True,300,300,True,0.9937,0.038,53.519,170.514,130.722,165.846,103.222,167.791,175.997,178.782,36.55,14.929,53.519,170.514,130.722,165.846,14.929,36.55,175.997,178.782,138.518,160.473,178.782,170.514,165.846,160.473,4.761,-4.761,21.044,59.302,62.059,86.62,-0.9965,-0.2748,1.2235,0.0289,0.54292,0.261569,-0.051292,0.9972,0.533999,0.248388,-0.03864,0.9966,0.532338,0.248298,-0.037721,0.9954,0.530268,0.24817,-0.037488,0.9963,0.531304,0.248624,-0.070249,0.9973,0.527958,0.248724,-0.070573,0.9972,0.524286,0.248802,-0.070487,0.9976,0.505728,0.255572,0.035467,0.9963,0.503172,0.255412,-0.11939,0.9966,0.537831,0.27595,-0.023439,0.997,0.534416,0.27704,-0.065317,0.9966,0.482771,0.326789,0.126584,0.9937,0.486123,0.321143,-0.201253,0.9995,0.494742,0.322864,0.25693,0.038,0.500063,0.216829,-0.360034,0.9847,0.506303,0.295045,0.240053,0.0672,0.541823,0.11224,-0.418052,0.9817,0.504901,0.294438,0.245716,0.1063,0.549937,0.085137,-0.454248,0.9775,0.507438,0.284838,0.220977,0.1078,0.548239,0.081594,-0.441419,0.973,0.509173,0.284413,0.227534,0.1229,0.545919,0.089806,-0.412521,0.9565,0.501814,0.547459,0.106027,0.999,0.504771,0.553032,-0.104456,0.9998,0.504006,0.682515,0.222111,0.2603,0.515486,0.734481,-0.092201,0.9777,0.443806,0.639493,0.354198,0.3971,0.496466,0.912258,-0.050557,0.9914,0.414478,0.648889,0.361331,0.6505,0.475811,0.943256,-0.047427,0.9932,0.427504,0.672579,0.365401,0.5204,0.564685,0.947729,-0.118245,0.981
vrikshasana_tf_0176,vrikshasana,,TF,train,unlabelled,,Apache-2.0,data/datasets/yoga_poses/train/tree/girl2_tree157.jpg,True,300,300,True,0.9963,0.1212,175.352,32.881,165.175,173.97,168.61,163.131,171.889,178.126,12.131,18.585,32.881,175.352,165.175,173.97,12.131,18.585,171.889,178.126,159.827,162.692,178.126,175.352,173.97,159.827,3.394,-3.394,24.703,18.107,12.762,87.066,-0.9982,-0.2332,1.197,0.0511,0.581409,0.2639,-0.037633,0.9989,0.574474,0.248235,-0.027457,0.9985,0.573146,0.247934,-0.026637,0.998,0.571542,0.247572,-0.026575,0.9987,0.570934,0.248194,-0.057689,0.9983,0.567567,0.247943,-0.058562,0.998,0.56388,0.247656,-0.057958,0.9982,0.548093,0.252391,0.044177,0.9968,0.541471,0.251733,-0.109926,0.9989,0.574565,0.277361,-0.00832,0.998,0.570351,0.277919,-0.051783,0.9978,0.524363,0.321034,0.117716,0.9963,0.512861,0.317273,-0.169857,0.9978,0.533882,0.233594,0.20718,0.1212,0.53931,0.220467,-0.275722,0.9942,0.554908,0.178928,0.122924,0.2726,0.583508,0.107167,-0.254156,0.9804,0.557068,0.169165,0.113171,0.3264,0.59528,0.082932,-0.274956,0.9653,0.553025,0.166123,0.088589,0.3333,0.592804,0.079108,-0.265254,0.9572,0.551273,0.16818,0.107014,0.3653,0.589663,0.085868,-0.250025,0.9432,0.545894,0.558683,0.094461,0.9996,0.519387,0.552679,-0.093251,0.9977,0.536502,0.741941,0.099414,0.7644,0.518588,0.712439,-0.085969,0.971,0.513487,0.91485,0.114012,0.9513,0.468922,0.634763,0.101746,0.76,0.490996,0.942677,0.110084,0.9384,0.466594,0.619259,0.118152,0.8753,0.58029,0.950299,0.050597,0.949,0.451155,0.665627,0.122315,0.7386
vrikshasana_tf_0177,vrikshasana,,TF,train,unlabelled,,Apache-2.0,data/datasets/yoga_poses/train/tree/girl2_tree158.jpg,True,300,300,True,0.9977,0.2081,177.93,57.378,168.003,173.876,166.932,162.228,172.3,169.47,15.12,19.34,57.378,177.93,168.003,173.876,15.12,19.34,169.47,172.3,158.969,161.085,169.47,57.378,173.876,158.969,2.755,-2.755,23.247,12.329,18.165,77.779,-0.9988,-0.2187,1.1731,0.0876,0.584783,0.268362,-0.026635,0.9997,0.578214,0.252869,-0.016111,0.9996,0.576983,0.252548,-0.015311,0.9994,0.575438,0.25213,-0.015226,0.9996,0.575038,0.252679,-0.046527,0.9996,0.571771,0.25234,-0.047412,0.9995,0.568289,0.251878,-0.046833,0.9996,0.552683,0.254582,0.055679,0.999,0.546006,0.253604,-0.101536,0.9996,0.578036,0.281488,0.002474,0.9995,0.574193,0.281683,-0.04196,0.9995,0.534877,0.321847,0.127737,0.9978,0.514809,0.317461,-0.172873,0.9988,0.550504,0.22614,0.198943,0.2081,0.543723,0.21716,-0.292471,0.9943,0.583955,0.140209,0.085891,0.4814,0.588602,0.107216,-0.292192,0.9862,0.596697,0.107217,0.070614,0.5277,0.600022,0.085604,-0.315046,0.9766,0.599689,0.101994,0.048589,0.5301,0.59859,0.082051,-0.303671,0.9704,0.596484,0.110694,0.069964,0.5552,0.594855,0.088003,-0.286631,0.9609,0.550587,0.558667,0.100905,0.9996,0.521648,0.549173,-0.099627,0.9977,0.538041,0.742483,0.102075,0.8408,0.548175,0.671653,-0.120847,0.9838,0.519575,0.918952,0.10741,0.9705,0.480719,0.646565,0.034929,0.8635,0.497024,0.947739,0.102835,0.9669,0.465504,0.63116,0.04794,0.9237,0.588087,0.953294,0.049097,0.9664,0.462123,0.664707,0.046241,0.8344
vrikshasana_tf_0178,vrikshasana,,TF,train,unlabelled,,Apache-2.0,data/datasets/yoga_poses/train/tree/girl2_tree161.jpg,True,300,300,True,0.9969,0.4515,176.254,49.462,175.764,170.384,158.797,162.819,171.429,178.007,20.328,20.049,49.462,176.254,170.384,175.764,20.049,20.328,171.429,178.007,156.643,157.617,178.007,176.254,170.384,157.617,2.692,-2.692,19.111,6.472,15.327,84.458,-0.9989,-0.2333,1.169,0.139,0.589723,0.255146,-0.059325,0.9996,0.584901,0.239919,-0.046822,0.9994,0.584378,0.239742,-0.046088,0.9992,0.583631,0.239424,-0.046061,0.9994,0.580632,0.240077,-0.075586,0.9995,0.577175,0.24009,-0.076436,0.9994,0.573379,0.23996,-0.075838,0.9995,0.564641,0.244157,0.030607,0.9985,0.553552,0.244606,-0.115331,0.9995,0.584972,0.269205,-0.029489,0.9993,0.579344,0.269318,-0.070168,0.9994,0.556,0.309921,0.102021,0.9969,0.522444,0.313728,-0.190142,0.9984,0.587244,0.21475,0.167049,0.4515,0.549111,0.213132,-0.312274,0.9979,0.626743,0.11897,0.078981,0.7153,0.599876,0.101547,-0.304026,0.9934,0.634829,0.092509,0.060394,0.7377,0.612595,0.077691,-0.328503,0.9855,0.633943,0.089627,0.041553,0.735,0.611779,0.074588,-0.313926,0.9831,0.632112,0.098064,0.065281,0.7396,0.609171,0.083494,-0.29823,0.9798,0.569206,0.559542,0.092777,0.9995,0.532051,0.549359,-0.091474,0.9975,0.551018,0.746983,0.089731,0.9437,0.541679,0.676603,-0.109155,0.9752,0.523313,0.916379,0.11706,0.985,0.484931,0.635053,0.060478,0.8307,0.500653,0.942904,0.114499,0.9833,0.467646,0.631357,0.074751,0.909,0.59205,0.952664,0.053829,0.9821,0.465661,0.66476,0.058573,0.8206
vrikshasana_tf_0179,vrikshasana,,TF,train,unlabelled,,Apache-2.0,data/datasets/yoga_poses/train/tree/girl2_tree162.jpg,True,300,300,True,0.9988,0.508,176.439,37.862,171.285,169.038,160.978,165.365,170.899,161.622,20.901,18.523,37.862,176.439,169.038,171.285,18.523,20.901,161.622,170.899,156.642,159.535,161.622,176.439,169.038,159.535,2.205,-2.205,20.159,6.294,16.155,73.564,-0.9993,-0.2469,1.2259,0.184,0.597365,0.256079,-0.074942,0.9999,0.591998,0.241896,-0.059427,0.9998,0.591822,0.24163,-0.058506,0.9998,0.591539,0.241224,-0.058495,0.9998,0.587367,0.241784,-0.085364,0.9999,0.58375,0.24113,-0.08614,0.9998,0.579969,0.240512,-0.085442,0.9999,0.575001,0.244536,0.031928,0.9995,0.560984,0.24278,-0.103648,0.9999,0.594163,0.269456,-0.040106,0.9998,0.588173,0.26904,-0.077938,0.9999,0.566677,0.316979,0.109627,0.9988,0.523338,0.312199,-0.181723,0.9998,0.595865,0.218844,0.191569,0.508,0.546772,0.208157,-0.305664,0.9987,0.639172,0.127138,0.147837,0.7838,0.59536,0.09723,-0.297349,0.9973,0.64536,0.102363,0.13695,0.7907,0.60829,0.074257,-0.324881,0.9923,0.645769,0.099287,0.119975,0.7876,0.611019,0.073446,-0.307878,0.9908,0.642567,0.10556,0.137059,0.7856,0.608103,0.082455,-0.291885,0.9887,0.577021,0.557984,0.087158,0.9998,0.531223,0.544717,-0.085946,0.9994,0.554949,0.747504,0.080621,0.9605,0.495033,0.667396,-0.193146,0.9871,0.523643,0.921425,0.101133,0.9899,0.481915,0.633968,0.004089,0.8615,0.50255,0.946832,0.096389,0.984,0.469317,0.638577,0.02221,0.9089,0.589805,0.955052,0.030025,0.9855,0.461332,0.664049,0.009374,0.8664
vrikshasana_tf_0180,vrikshasana,,TF,train,unlabelled,,Apache-2.0,data/datasets/yoga_poses/train/tree/girl2_tree163.jpg,True,300,300,True,0.9977,0.3442,176.72,29.404,166.173,162.109,160.283,170.056,170.613,158.495,23.474,17.517,29.404,176.72,162.109,166.173,17.517,23.474,158.495,170.613,153.981,160.427,158.495,176.72,162.109,160.427,2.307,-2.307,19.906,1.023,16.056,70.551,-0.9992,-0.2384,1.2085,0.1786,0.600967,0.257904,-0.0757,0.9998,0.595937,0.242537,-0.060304,0.9997,0.59561,0.242245,-0.059405,0.9995,0.595191,0.241834,-0.059425,0.9997,0.591077,0.24278,-0.086993,0.9997,0.587346,0.242511,-0.087752,0.9997,0.583294,0.242023,-0.087134,0.9997,0.576008,0.247065,0.032381,0.999,0.563058,0.245664,-0.106023,0.9998,0.596069,0.271171,-0.040095,0.9996,0.589685,0.270762,-0.078422,0.9997,0.569195,0.316296,0.112477,0.9977,0.525751,0.31552,-0.185093,0.9994,0.59891,0.220137,0.200166,0.3442,0.540251,0.210867,-0.318472,0.9985,0.642362,0.147816,0.161781,0.6833,0.59373,0.100141,-0.313183,0.9971,0.648907,0.132531,0.153567,0.7126,0.604181,0.073222,-0.338847,0.992,0.647917,0.104956,0.136712,0.7119,0.606896,0.072559,-0.323489,0.9907,0.644408,0.112282,0.151406,0.7133,0.605414,0.08054,-0.307917,0.9886,0.580279,0.565652,0.086356,0.9998,0.534254,0.552406,-0.085078,0.9994,0.558554,0.746703,0.07739,0.9568,0.49249,0.670678,-0.160487,0.9818,0.52767,0.919696,0.099246,0.9889,0.485129,0.628745,0.048346,0.8035,0.505799,0.942569,0.095145,0.9848,0.475871,0.620631,0.067967,0.8881,0.589084,0.953573,0.029557,0.9843,0.468675,0.658566,0.057975,0.8043
vrikshasana_tf_0181,vrikshasana,,TF,train,unlabelled,,Apache-2.0,data/datasets/yoga_poses/train/tree/girl2_tree164.jpg,True,300,300,True,0.9978,0.2964,176.332,34.081,160.986,153.359,90.669,177.461,171.574,169.943,75.507,15.474,34.081,176.332,153.359,160.986,15.474,75.507,169.943,171.574,103.004,163.066,171.574,176.332,153.359,163.066,1.475,-1.475,18.676,5.931,14.403,81.403,-0.9997,-0.2508,1.2558,0.1978,0.604653,0.262738,-0.100443,0.9992,0.600249,0.247514,-0.084534,0.9987,0.600192,0.247026,-0.083559,0.9981,0.600157,0.246494,-0.083555,0.9985,0.594936,0.247093,-0.10949,0.9987,0.591023,0.246214,-0.110212,0.9985,0.587028,0.24521,-0.109514,0.9986,0.583448,0.252014,0.013486,0.9967,0.566817,0.249237,-0.116196,0.9991,0.600629,0.275819,-0.062345,0.9986,0.593923,0.27602,-0.097518,0.9982,0.576401,0.325834,0.102862,0.9978,0.52883,0.320891,-0.185326,0.9984,0.609923,0.32457,0.238034,0.2964,0.530839,0.214211,-0.346201,0.999,0.667378,0.302317,0.277352,0.7005,0.589013,0.103499,-0.369431,0.997,0.682464,0.306533,0.296642,0.7061,0.600275,0.070945,-0.392817,0.9941,0.680884,0.301448,0.274916,0.7211,0.60323,0.068416,-0.38132,0.994,0.674297,0.299544,0.269621,0.7316,0.601491,0.081469,-0.366821,0.994,0.58278,0.571203,0.07791,0.9999,0.534897,0.558906,-0.076551,0.9994,0.56138,0.747103,0.065343,0.9403,0.51734,0.675034,-0.035995,0.9396,0.528609,0.922137,0.086895,0.9829,0.491485,0.620788,0.223739,0.5612,0.50758,0.945291,0.083778,0.9794,0.485673,0.609749,0.248388,0.7578,0.589377,0.955907,0.010137,0.9805,0.477699,0.656944,0.247463,0.5975
vrikshasana_tf_0182,vrikshasana,,TF,train,unlabelled,,Apache-2.0,data/datasets/yoga_poses/train/tree/girl2_tree165.jpg,True,300,300,True,0.9996,0.5874,175.406,23.149,172.216,154.997,53.555,178.239,172.058,150.013,121.515,13.705,23.149,175.406,154.997,172.216,13.705,121.515,150.013,172.058,58.192,164.983,150.013,175.406,154.997,164.983,0.794,-0.794,15.736,8.64,18.294,61.325,-0.9999,-0.2858,1.2255,0.2347,0.608256,0.259328,-0.093043,0.9998,0.603886,0.244577,-0.075092,0.9997,0.603697,0.244335,-0.073998,0.9996,0.603534,0.244054,-0.073765,0.9997,0.598942,0.244374,-0.10135,0.9997,0.595053,0.24379,-0.102023,0.9997,0.590855,0.242958,-0.101129,0.9997,0.586329,0.251787,0.024507,0.9993,0.570453,0.248189,-0.111008,0.9998,0.603753,0.274863,-0.055192,0.9998,0.597655,0.275073,-0.092118,0.9997,0.585295,0.331121,0.118154,0.9996,0.53041,0.322781,-0.185108,0.9997,0.637444,0.369221,0.270891,0.5874,0.531274,0.212354,-0.362923,0.9996,0.721136,0.414412,0.349868,0.9089,0.584728,0.100041,-0.420732,0.9993,0.745502,0.427482,0.38272,0.8773,0.59547,0.069711,-0.455361,0.9985,0.749159,0.414854,0.357957,0.8892,0.5995,0.067424,-0.436066,0.9984,0.739192,0.41416,0.343481,0.8889,0.597757,0.079637,-0.417391,0.9975,0.586529,0.571898,0.078219,1.0,0.535733,0.555104,-0.077049,0.9999,0.562864,0.748115,0.063536,0.9471,0.484429,0.648913,-0.141702,0.9833,0.526132,0.917406,0.084047,0.9904,0.486235,0.630241,0.089255,0.8843,0.505173,0.94579,0.078692,0.9831,0.480953,0.625871,0.110046,0.8823,0.592548,0.959617,0.00146,0.9904,0.476198,0.658368,0.096839,0.9081
vrikshasana_tf_0183,vrikshasana,,TF,train,unlabelled,,Apache-2.0,data/datasets/yoga_poses/train/tree/girl2_tree168.jpg,True,300,300,True,0.996,0.3254,177.506,3.903,175.311,162.581,164.347,178.608,173.716,148.836,15.497,9.09,3.903,177.506,162.581,175.311,9.09,15.497,148.836,173.716,166.72,170.069,148.836,177.506,162.581,170.069,0.733,0.733,15.14,4.448,19.554,59.677,-0.9999,-0.28,1.3709,0.2779,0.608534,0.261863,-0.105196,0.9993,0.606519,0.246795,-0.087469,0.999,0.607615,0.246744,-0.086397,0.9985,0.608872,0.246806,-0.08621,0.9988,0.59976,0.246967,-0.113823,0.9991,0.595425,0.246831,-0.114539,0.999,0.59111,0.24663,-0.114044,0.9991,0.598159,0.256115,0.010239,0.9972,0.572814,0.251817,-0.12801,0.9997,0.606256,0.276037,-0.068365,0.9992,0.597838,0.276293,-0.107238,0.9993,0.597044,0.32997,0.085826,0.996,0.532143,0.32492,-0.193684,0.9991,0.628139,0.233525,0.160825,0.3254,0.533307,0.203895,-0.304913,0.9947,0.651818,0.132419,0.126294,0.5584,0.569224,0.093154,-0.293484,0.9901,0.655404,0.114897,0.111444,0.5584,0.57623,0.062489,-0.318045,0.9785,0.658728,0.108127,0.100161,0.5518,0.579819,0.058557,-0.301096,0.9737,0.65337,0.112065,0.115898,0.5619,0.579044,0.069388,-0.290147,0.9674,0.587714,0.570962,0.083118,0.9994,0.535482,0.55241,-0.082089,0.9983,0.559779,0.757856,0.095561,0.9334,0.474789,0.656179,-0.263651,0.9833,0.526351,0.929907,0.139224,0.9865,0.497714,0.610036,-0.066951,0.7985,0.506003,0.955242,0.13643,0.9745,0.486619,0.604897,-0.049489,0.8067,0.588847,0.972443,0.073319,0.9774,0.481671,0.636944,-0.069502,0.8338
vrikshasana_tf_0184,vrikshasana,,TF,train,unlabelled,,Apache-2.0,data/datasets/yoga_poses/train/tree/girl2_tree169.jpg,True,300,300,True,0.9946,0.3606,178.015,6.53,175.484,168.272,165.838,177.479,172.884,148.273,17.949,7.534,6.53,178.015,168.272,175.484,7.534,17.949,148.273,172.884,163.784,171.749,148.273,178.015,168.272,171.749,0.552,0.552,13.847,0.799,17.675,58.99,-1.0,-0.2617,1.4141,0.2794,0.60705,0.263708,-0.118613,0.9981,0.604331,0.247462,-0.10238,0.9972,0.605334,0.247351,-0.101312,0.996,0.60656,0.247509,-0.101066,0.9965,0.597501,0.247916,-0.128411,0.9971,0.59311,0.247831,-0.129215,0.997,0.588777,0.247869,-0.128741,0.9974,0.595123,0.256041,-0.007514,0.9918,0.570658,0.253228,-0.144838,0.999,0.605574,0.278228,-0.082892,0.998,0.5974,0.279537,-0.121361,0.9982,0.597751,0.326259,0.068378,0.9946,0.531489,0.325335,-0.203855,0.9986,0.629237,0.215692,0.142165,0.3606,0.535283,0.204904,-0.311516,0.9934,0.662678,0.125825,0.100798,0.5536,0.56222,0.092976,-0.300255,0.9894,0.673599,0.106225,0.084821,0.5303,0.567768,0.06112,-0.323214,0.9759,0.662366,0.099675,0.074758,0.5248,0.571948,0.05865,-0.304197,0.9707,0.656481,0.108057,0.090502,0.5409,0.571702,0.069002,-0.296001,0.9641,0.590318,0.571915,0.078967,0.9992,0.53435,0.55408,-0.077981,0.9976,0.560429,0.763892,0.112557,0.9378,0.465397,0.66879,-0.251078,0.9773,0.528358,0.931461,0.169161,0.9882,0.497895,0.597416,-0.053165,0.7367,0.508744,0.95294,0.16875,0.9773,0.493443,0.584056,-0.035646,0.7646,0.581439,0.970294,0.104729,0.9797,0.486999,0.608849,-0.056646,0.7915
vrikshasana_tf_0185,vrikshasana,,TF,train,unlabelled,,Apache-2.0,data/datasets/yoga_poses/train/tree/girl2_tree171.jpg,True,300,300,True,0.9941,0.1878,177.002,9.629,179.872,174.026,163.715,178.786,173.223,149.152,17.585,2.485,9.629,177.002,174.026,179.872,2.485,17.585,149.152,173.223,163.646,178.411,149.152,177.002,174.026,178.411,1.07,1.07,15.278,0.218,19.523,58.255,-0.9998,-0.2533,1.4024,0.2226,0.609517,0.266197,-0.111313,0.9987,0.604593,0.250988,-0.095949,0.9983,0.605549,0.251288,-0.094731,0.9973,0.606554,0.251509,-0.094739,0.998,0.598396,0.250421,-0.120054,0.9983,0.594671,0.250276,-0.120732,0.998,0.590925,0.249963,-0.120445,0.9983,0.594136,0.259901,-0.004344,0.996,0.574815,0.254628,-0.132191,0.9995,0.607306,0.281927,-0.076181,0.9989,0.600102,0.282414,-0.11219,0.9988,0.590698,0.326676,0.070183,0.9941,0.537471,0.326878,-0.186449,0.9981,0.62086,0.231113,0.156706,0.1878,0.536774,0.201145,-0.281008,0.9933,0.656136,0.120206,0.106947,0.3958,0.547727,0.090564,-0.26854,0.981,0.665304,0.103544,0.084408,0.4639,0.551137,0.075876,-0.292624,0.9648,0.652233,0.102133,0.069214,0.4578,0.553838,0.075627,-0.286395,0.9673,0.653216,0.104994,0.093833,0.4712,0.553839,0.079073,-0.269816,0.9587,0.58536,0.575009,0.080162,0.9992,0.533874,0.556753,-0.079167,0.9966,0.559187,0.761051,0.083582,0.9142,0.461067,0.674431,-0.178985,0.9546,0.525278,0.935394,0.119903,0.9712,0.490579,0.601811,0.042831,0.4021,0.505575,0.960513,0.117147,0.9537,0.500454,0.583499,0.061771,0.5554,0.573613,0.980383,0.062192,0.9592,0.483335,0.602896,0.067964,0.5156
vrikshasana_tf_0186,vrikshasana,,TF,train,unlabelled,,Apache-2.0,data/datasets/yoga_poses/train/tree/girl2_tree172.jpg,True,300,300,True,0.9908,0.2132,177.654,22.534,177.284,174.623,163.935,178.791,172.957,148.004,18.588,2.36,22.534,177.654,174.623,177.284,2.36,18.588,148.004,172.957,162.561,178.763,148.004,177.654,174.623,178.763,1.136,1.136,15.688,1.227,19.047,56.881,-0.9998,-0.2616,1.3763,0.2288,0.614816,0.264572,-0.121123,0.9984,0.608769,0.251319,-0.106175,0.9978,0.608783,0.25128,-0.104937,0.9966,0.608898,0.251157,-0.104856,0.9971,0.604052,0.251173,-0.131258,0.998,0.600316,0.250975,-0.131844,0.9978,0.596585,0.250617,-0.131616,0.9981,0.593559,0.256424,-0.013631,0.9929,0.579516,0.252998,-0.147187,0.9993,0.611505,0.279049,-0.085752,0.9983,0.605986,0.280738,-0.123248,0.9984,0.591887,0.326959,0.066291,0.9908,0.537844,0.325802,-0.204762,0.998,0.624875,0.220481,0.147627,0.2132,0.537648,0.195617,-0.30441,0.9919,0.663829,0.11304,0.101807,0.4778,0.54767,0.08741,-0.301406,0.9858,0.668762,0.097739,0.083041,0.515,0.549911,0.058105,-0.326441,0.9758,0.666054,0.094948,0.07218,0.508,0.552612,0.05269,-0.318474,0.9735,0.663523,0.098526,0.090794,0.5175,0.553053,0.064318,-0.301684,0.9657,0.586976,0.571884,0.081222,0.9992,0.533385,0.553382,-0.080115,0.9973,0.559879,0.760114,0.10478,0.9327,0.45568,0.672495,-0.188849,0.9699,0.527816,0.932483,0.159423,0.9827,0.466788,0.613053,0.001661,0.6843,0.509009,0.955066,0.157848,0.965,0.472286,0.598679,0.016852,0.7021,0.577087,0.973941,0.097666,0.9709,0.468054,0.622893,-0.002215,0.7269
vrikshasana_tf_0187,vrikshasana,,TF,train,unlabelled,,Apache-2.0,data/datasets/yoga_poses/train/tree/girl2_tree173.jpg,True,300,300,True,0.9862,0.0225,176.949,6.527,81.655,173.883,64.636,177.536,172.342,146.068,31.23,0.919,6.527,176.949,81.655,173.883,0.919,31.23,146.068,172.342,149.565,179.793,146.068,176.949,173.883,179.793,0.755,0.755,12.685,0.793,20.287,55.356,-0.9999,-0.2768,1.4122,0.2321,0.613285,0.259205,-0.15937,0.9966,0.606299,0.241496,-0.142748,0.9967,0.606119,0.241311,-0.141191,0.9947,0.605941,0.241138,-0.141374,0.995,0.601399,0.241548,-0.16656,0.9963,0.596899,0.241135,-0.167437,0.9957,0.592839,0.240739,-0.167055,0.9962,0.589133,0.247588,-0.036008,0.9929,0.574172,0.246326,-0.163316,0.9992,0.610539,0.274456,-0.118551,0.9982,0.604678,0.27606,-0.153801,0.9977,0.590697,0.325976,0.058934,0.9862,0.535026,0.325205,-0.211491,0.9961,0.599739,0.330417,0.17429,0.0225,0.531286,0.202933,-0.313408,0.9935,0.612971,0.289241,0.173023,0.0834,0.538503,0.108389,-0.31005,0.9727,0.615538,0.288492,0.165825,0.135,0.538606,0.103625,-0.333745,0.9318,0.610552,0.285183,0.143515,0.1312,0.540456,0.104821,-0.330026,0.9319,0.607891,0.283145,0.159679,0.149,0.542523,0.104813,-0.313312,0.9523,0.587232,0.575617,0.08068,0.9992,0.532167,0.555262,-0.080141,0.9975,0.55898,0.765726,0.089919,0.8883,0.447793,0.67737,-0.14585,0.9529,0.524635,0.934478,0.158604,0.9556,0.490493,0.597455,0.094232,0.293,0.506132,0.955698,0.159539,0.9407,0.505844,0.581262,0.114759,0.4654,0.565795,0.972846,0.116066,0.9164,0.489038,0.596122,0.122662,0.4305
vrikshasana_tf_0188,vrikshasana,,TF,train,unlabelled,,Apache-2.0,data/datasets/yoga_poses/train/tree/girl2_tree176.jpg,True,300,300,True,0.9937,0.2136,176.934,6.418,176.008,168.018,164.677,173.311,174.444,143.966,20.413,0.593,6.418,176.934,168.018,176.008,0.593,20.413,143.966,174.444,162.78,178.746,174.444,176.934,168.018,178.746,2.55,2.55,9.53,0.362,20.365,52.119,-0.999,-0.3319,1.4177,0.2623,0.597488,0.246469,-0.140435,0.9995,0.598551,0.242751,-0.123557,0.9996,0.60059,0.243893,-0.122393,0.9993,0.602624,0.244793,-0.122448,0.9995,0.59194,0.24302,-0.144633,0.9996,0.589117,0.244319,-0.145262,0.9995,0.585698,0.245273,-0.145076,0.9997,0.595852,0.259554,-0.0262,0.9987,0.574109,0.257559,-0.140759,0.9998,0.60134,0.265247,-0.103818,0.9994,0.591926,0.265652,-0.135983,0.9995,0.602103,0.326519,0.05514,0.9937,0.538682,0.32692,-0.197854,0.997,0.6377,0.220223,0.132951,0.2454,0.527337,0.192993,-0.290125,0.9906,0.676568,0.126424,0.09692,0.4789,0.541214,0.082206,-0.289503,0.9685,0.68901,0.10202,0.078059,0.5137,0.542342,0.071107,-0.319174,0.9329,0.687888,0.09687,0.059517,0.5073,0.546024,0.070187,-0.317002,0.933,0.680029,0.104553,0.082595,0.5317,0.545964,0.07248,-0.294312,0.9404,0.588028,0.578826,0.062894,0.9998,0.531238,0.557745,-0.061885,0.9978,0.558652,0.76973,0.07843,0.9306,0.44118,0.673511,-0.10405,0.8819,0.522988,0.940225,0.139144,0.9697,0.48656,0.59935,0.172038,0.2136,0.504037,0.964997,0.139178,0.9369,0.50023,0.577576,0.195442,0.3684,0.562191,0.985304,0.068205,0.9601,0.493161,0.615306,0.198509,0.3679
vrikshasana_tf_0189,vrikshasana,,TF,train,unlabelled,,Apache-2.0,data/datasets/yoga_poses/train/tree/girl2_tree178.jpg,True,300,300,True,0.9948,0.3598,178.68,15.348,176.206,171.801,160.629,175.962,174.203,144.23,21.113,0.885,15.348,178.68,171.801,176.206,0.885,21.113,144.23,174.203,162.393,179.74,174.203,178.68,171.801,179.74,2.367,2.367,5.113,2.824,19.47,53.086,-0.9991,-0.288,1.3955,0.2795,0.601574,0.247427,-0.142977,0.9994,0.597801,0.237518,-0.125491,0.9995,0.599005,0.238294,-0.124312,0.9991,0.600148,0.238899,-0.124292,0.9993,0.591293,0.237719,-0.143579,0.9995,0.587477,0.238401,-0.144096,0.9994,0.582419,0.23867,-0.144054,0.9995,0.59098,0.253631,-0.02606,0.9978,0.564815,0.24962,-0.127355,0.9997,0.604077,0.264992,-0.105696,0.9993,0.595961,0.264884,-0.134238,0.9993,0.603504,0.320027,0.054374,0.9948,0.534772,0.316636,-0.184659,0.9979,0.648922,0.212385,0.113677,0.5288,0.528404,0.190635,-0.280378,0.995,0.682112,0.116443,0.068009,0.739,0.538378,0.083236,-0.286633,0.9895,0.691009,0.10054,0.045669,0.7168,0.538655,0.058581,-0.31845,0.9752,0.682404,0.098279,0.031003,0.7124,0.542669,0.054897,-0.309737,0.9705,0.679183,0.10019,0.055462,0.7211,0.543166,0.065095,-0.289442,0.9643,0.587911,0.574557,0.063849,0.9998,0.530027,0.554094,-0.06262,0.9987,0.556261,0.767772,0.076471,0.9529,0.437681,0.677023,-0.072559,0.9297,0.522715,0.946627,0.149042,0.9832,0.46499,0.607929,0.215716,0.3598,0.505202,0.963841,0.151003,0.9613,0.479826,0.585076,0.240524,0.4209,0.567198,0.98861,0.077299,0.9725,0.456004,0.640014,0.243953,0.4341
vrikshasana_tf_0190,vrikshasana,,TF,train,unlabelled,,Apache-2.0,data/datasets/yoga_poses/train/tree/girl2_tree179.jpg,True,300,300,True,0.9945,0.3272,177.546,4.824,179.319,176.078,160.661,179.536,173.972,142.162,21.692,1.841,4.824,177.546,176.078,179.319,1.841,21.692,142.162,173.972,160.987,177.731,142.162,177.546,176.078,177.731,1.185,1.185,12.789,1.336,19.903,52.59,-0.9998,-0.2678,1.4623,0.2825,0.605376,0.254248,-0.127628,0.9993,0.600083,0.240989,-0.112248,0.9993,0.600866,0.241377,-0.111067,0.9988,0.601722,0.241681,-0.111049,0.9991,0.594683,0.240834,-0.133942,0.9993,0.591644,0.241008,-0.134558,0.9992,0.588277,0.241008,-0.134417,0.9994,0.59103,0.25223,-0.016402,0.9972,0.570927,0.247722,-0.134001,0.9997,0.606286,0.27138,-0.09103,0.9993,0.600237,0.27147,-0.124069,0.9992,0.597972,0.319894,0.068618,0.9945,0.529585,0.318298,-0.188089,0.998,0.639394,0.217463,0.14583,0.3272,0.529667,0.189578,-0.27996,0.9946,0.676238,0.123142,0.0916,0.5728,0.53724,0.080123,-0.28728,0.9891,0.687724,0.105755,0.072545,0.5833,0.537275,0.055945,-0.316615,0.9769,0.679549,0.104853,0.053852,0.5794,0.539753,0.053393,-0.307788,0.972,0.676548,0.106782,0.077308,0.6019,0.540426,0.061358,-0.28914,0.9649,0.586215,0.571144,0.070663,0.9996,0.531326,0.551271,-0.069524,0.9974,0.556,0.768427,0.103924,0.9388,0.435542,0.676508,-0.097872,0.9452,0.521265,0.944483,0.172226,0.984,0.4897,0.591778,0.169791,0.399,0.503258,0.962583,0.173703,0.967,0.500875,0.55929,0.192854,0.5165,0.566255,0.985522,0.109457,0.9759,0.485733,0.603975,0.201714,0.4852
vrikshasana_tf_0191,vrikshasana,,TF,train,unlabelled,,Apache-2.0,data/datasets/yoga_poses/train/tree/girl3_tree087.jpg,True,300,300,True,0.9993,0.2972,161.65,21.309,58.905,63.553,41.232,31.247,169.785,116.617,163.591,154.947,21.309,161.65,58.905,63.553,154.947,163.591,116.617,169.785,7.444,13.791,116.617,161.65,58.905,7.444,0.683,-0.683,2.853,4.084,3.563,37.879,-0.9999,-0.2369,1.0688,0.9025,0.461179,0.303473,-0.39039,0.9998,0.472056,0.287633,-0.381977,0.9998,0.478506,0.286431,-0.381233,0.9998,0.484925,0.284629,-0.381771,0.9998,0.451846,0.287339,-0.381747,0.9999,0.445154,0.286069,-0.383134,0.9999,0.439509,0.284693,-0.381849,0.9998,0.4948,0.278993,-0.269728,0.9999,0.428766,0.279782,-0.274116,0.9999,0.470489,0.316563,-0.345794,1.0,0.448013,0.317301,-0.345753,1.0,0.530739,0.335908,-0.157461,0.9999,0.388159,0.346088,-0.180563,0.9993,0.600666,0.446666,-0.270029,0.9949,0.348553,0.454999,-0.247714,0.9879,0.4975,0.448776,-0.440813,0.9835,0.434517,0.445261,-0.395762,0.9311,0.477201,0.439911,-0.463626,0.9548,0.456813,0.433104,-0.422881,0.8638,0.475979,0.426144,-0.457701,0.9443,0.457021,0.422637,-0.396203,0.8317,0.47998,0.427835,-0.43463,0.9043,0.452979,0.424889,-0.387504,0.7457,0.504527,0.502054,-0.007512,1.0,0.418148,0.496676,0.008629,0.9996,0.507083,0.619155,-0.145666,0.963,0.275874,0.607351,-0.119048,0.9678,0.474768,0.724202,0.073851,0.868,0.413552,0.566384,0.145641,0.2972,0.462986,0.734553,0.09597,0.7401,0.435092,0.550326,0.174008,0.3413,0.483813,0.774808,0.034085,0.8558,0.436666,0.600906,0.203899,0.284
vrikshasana_tf_0192,vrikshasana,,TF,train,unlabelled,,Apache-2.0,data/datasets/yoga_poses/train/tree/girl3_tree088.jpg,True,300,300,True,0.9995,0.5276,160.511,25.907,55.646,61.309,38.911,30.094,166.906,117.876,158.153,153.531,25.907,160.511,55.646,61.309,153.531,158.153,117.876,166.906,11.53,15.893,166.906,160.511,55.646,11.53,0.205,0.205,1.935,2.846,1.919,38.452,-1.0,-0.2347,1.0391,0.9209,0.463865,0.302501,-0.343466,0.9999,0.475156,0.285124,-0.336487,0.9999,0.48151,0.284,-0.335579,0.9998,0.487618,0.282502,-0.336245,0.9998,0.453362,0.282864,-0.333945,0.9999,0.446297,0.280442,-0.335212,0.9999,0.441093,0.278482,-0.33365,0.9999,0.497262,0.277428,-0.227962,0.9999,0.431593,0.274476,-0.225957,0.9999,0.473574,0.313839,-0.301939,1.0,0.451793,0.313121,-0.300031,1.0,0.532707,0.335035,-0.135061,0.9999,0.39147,0.342056,-0.14256,0.9995,0.594463,0.448329,-0.216325,0.9936,0.352307,0.452537,-0.190339,0.9912,0.491451,0.43794,-0.30234,0.9671,0.43947,0.438461,-0.293824,0.9398,0.475463,0.428354,-0.304353,0.915,0.460303,0.423486,-0.306071,0.8594,0.473349,0.414311,-0.296627,0.8939,0.460711,0.412047,-0.275821,0.8234,0.476663,0.417454,-0.291028,0.8477,0.455664,0.416108,-0.281844,0.7615,0.503858,0.493527,-0.012397,1.0,0.419221,0.490691,0.013281,0.9997,0.509367,0.607069,-0.184029,0.9817,0.282958,0.598892,-0.146536,0.9766,0.475674,0.719294,-0.009036,0.9235,0.433706,0.565348,0.067642,0.5276,0.465888,0.7237,0.007202,0.8404,0.45149,0.554929,0.091124,0.5419,0.481794,0.7637,-0.048801,0.9262,0.469516,0.608603,0.121772,0.5147
vrikshasana_tf_0193,vrikshasana,,TF,train,unlabelled,,Apache-2.0,data/datasets/yoga_poses/train/tree/girl3_tree089.jpg,True,300,300,True,0.9996,0.475,166.54,26.596,50.643,60.27,37.723,29.861,171.268,115.376,153.172,152.97,26.596,166.54,50.643,60.27,152.97,153.172,115.376,171.268,15.848,17.019,115.376,166.54,50.643,17.019,0.476,-0.476,1.335,1.105,2.882,36.557,-1.0,-0.2443,1.0008,0.9013,0.464757,0.297925,-0.350347,0.9999,0.475556,0.279698,-0.341862,0.9999,0.481624,0.27894,-0.341055,0.9998,0.487395,0.277922,-0.341635,0.9998,0.454644,0.27821,-0.339126,0.9999,0.447609,0.276782,-0.34041,0.9999,0.442144,0.275484,-0.338905,0.9999,0.498233,0.27389,-0.229851,0.9998,0.431631,0.271372,-0.228115,0.9999,0.474583,0.309979,-0.307885,1.0,0.452056,0.31024,-0.305864,1.0,0.534975,0.335046,-0.132833,0.9999,0.392976,0.337785,-0.141082,0.9997,0.59522,0.448763,-0.230774,0.9942,0.354928,0.450324,-0.1912,0.9929,0.488399,0.42714,-0.338475,0.9835,0.441742,0.43337,-0.308119,0.9541,0.47208,0.413965,-0.343103,0.9569,0.468213,0.432453,-0.322274,0.89,0.472119,0.40079,-0.334511,0.9467,0.463613,0.403284,-0.290944,0.8636,0.473795,0.405663,-0.327381,0.913,0.458558,0.411379,-0.295687,0.8106,0.507131,0.496091,-0.012024,0.9999,0.423436,0.491877,0.012817,0.9996,0.504908,0.61431,-0.122271,0.9698,0.283099,0.595939,-0.138149,0.9719,0.477158,0.721324,0.069061,0.9026,0.436036,0.56908,0.088266,0.475,0.465533,0.730113,0.086724,0.838,0.457566,0.553543,0.112282,0.5643,0.486301,0.766038,0.035669,0.9066,0.469991,0.607017,0.144009,0.4666
vrikshasana_tf_0194,vrikshasana,,TF,train,unlabelled,,Apache-2.0,data/datasets/yoga_poses/train/tree/girl3_tree090.jpg,True,300,300,True,0.9996,0.4439,167.705,27.752,49.399,56.565,35.662,29.639,171.591,115.664,150.908,154.301,27.752,167.705,49.399,56.565,150.908,154.301,115.664,171.591,14.869,19.082,115.664,167.705,49.399,19.082,0.074,-0.074,0.126,1.734,4.165,36.493,-1.0,-0.2424,0.9859,0.9032,0.465851,0.297794,-0.342584,0.9999,0.477028,0.279334,-0.334816,0.9999,0.48332,0.278487,-0.333935,0.9998,0.489119,0.277425,-0.334439,0.9998,0.454515,0.277321,-0.332358,0.9999,0.447932,0.275574,-0.333594,0.9999,0.442796,0.274037,-0.332353,0.9999,0.499519,0.272847,-0.225558,0.9998,0.432685,0.270186,-0.225033,0.9999,0.475836,0.30956,-0.300252,1.0,0.45319,0.309996,-0.298808,1.0,0.536898,0.333557,-0.131553,0.9999,0.395754,0.337831,-0.139033,0.9996,0.592531,0.449404,-0.248929,0.9943,0.357468,0.450237,-0.206208,0.9899,0.487972,0.421487,-0.395158,0.9856,0.439542,0.428819,-0.345168,0.9518,0.472569,0.402974,-0.406441,0.9619,0.458599,0.407638,-0.366237,0.8867,0.473164,0.391985,-0.396453,0.9514,0.459167,0.394321,-0.333109,0.8526,0.47611,0.395302,-0.385331,0.9117,0.456079,0.400647,-0.333752,0.7762,0.508386,0.495082,-0.009254,0.9999,0.42467,0.488985,0.010174,0.9997,0.505086,0.61312,-0.136646,0.9649,0.282635,0.594059,-0.134831,0.9768,0.479419,0.716864,0.065451,0.8577,0.427236,0.571825,0.106113,0.4439,0.468485,0.727618,0.084707,0.785,0.448565,0.55797,0.131113,0.4895,0.487205,0.768062,0.031785,0.8612,0.464877,0.613821,0.157518,0.4152
vrikshasana_tf_0195,vrikshasana,,TF,train,unlabelled,,Apache-2.0,data/datasets/yoga_poses/train/tree/girl3_tree092.jpg,True,300,300,True,0.9996,0.3938,172.135,27.812,51.924,56.426,34.702,28.346,171.936,116.934,149.038,155.267,27.812,172.135,51.924,56.426,149.038,155.267,116.934,171.936,15.212,19.627,116.934,172.135,51.924,19.627,1.14,1.14,1.476,0.399,4.749,36.456,-0.9998,-0.2628,1.0297,0.9063,0.466195,0.291848,-0.357558,0.9999,0.478743,0.274577,-0.349684,0.9999,0.484971,0.273662,-0.34889,0.9999,0.490849,0.272725,-0.349388,0.9998,0.457119,0.27467,-0.346239,0.9999,0.450606,0.273256,-0.347333,0.9999,0.445745,0.271817,-0.34621,0.9999,0.502812,0.269976,-0.240773,0.9999,0.437149,0.268297,-0.234305,0.9999,0.476976,0.304264,-0.315781,1.0,0.453862,0.306117,-0.31271,1.0,0.54047,0.333002,-0.141456,0.9998,0.400234,0.332026,-0.14486,0.9997,0.589882,0.447372,-0.226599,0.9916,0.361725,0.444988,-0.214575,0.9897,0.487912,0.420603,-0.326409,0.9705,0.442477,0.423728,-0.351637,0.9325,0.47149,0.403707,-0.333621,0.9274,0.46985,0.41627,-0.370759,0.8461,0.472313,0.392382,-0.325107,0.9118,0.462474,0.391752,-0.335584,0.8067,0.475627,0.397813,-0.31609,0.8576,0.45915,0.398393,-0.339205,0.7236,0.50886,0.490679,-0.009869,0.9999,0.425686,0.483769,0.010697,0.9996,0.50175,0.615045,-0.116016,0.9514,0.285207,0.587552,-0.116388,0.9672,0.481683,0.716983,0.08429,0.8647,0.434122,0.564914,0.099754,0.3938,0.469739,0.726225,0.103143,0.8029,0.455421,0.552622,0.121796,0.467,0.491068,0.763975,0.046377,0.858,0.467859,0.605547,0.137615,0.3666
vrikshasana_tf_0196,vrikshasana,,TF,train,unlabelled,,Apache-2.0,data/datasets/yoga_poses/train/tree/girl3_tree093.jpg,True,300,300,True,0.9995,0.4979,170.28,27.355,49.961,57.309,36.102,28.255,171.221,115.709,149.94,153.751,27.355,170.28,49.961,57.309,149.94,153.751,115.709,171.221,16.335,18.763,171.221,170.28,49.961,18.763,0.91,0.91,0.596,0.714,5.153,35.623,-0.9999,-0.2508,0.9912,0.9005,0.470236,0.291858,-0.341892,1.0,0.482076,0.274527,-0.335769,0.9999,0.488298,0.273891,-0.334851,0.9999,0.494131,0.273067,-0.335377,0.9998,0.460365,0.272777,-0.331923,0.9999,0.453819,0.271117,-0.333127,0.9999,0.448913,0.269583,-0.331742,0.9999,0.505422,0.269654,-0.227138,0.9999,0.44101,0.265492,-0.221894,0.9999,0.480098,0.303715,-0.300047,1.0,0.457189,0.30428,-0.297325,1.0,0.542015,0.331997,-0.127676,0.9998,0.401077,0.330241,-0.130717,0.9995,0.594435,0.445418,-0.218684,0.9928,0.363802,0.442685,-0.168649,0.983,0.492448,0.417643,-0.309135,0.9778,0.446139,0.42162,-0.271014,0.9144,0.478477,0.399321,-0.309505,0.9447,0.463656,0.399908,-0.278275,0.8197,0.478938,0.388058,-0.299009,0.9319,0.465473,0.387963,-0.245636,0.7735,0.480415,0.393223,-0.297123,0.8918,0.460794,0.394451,-0.257725,0.7008,0.510183,0.491337,-0.010121,1.0,0.427939,0.483921,0.010849,0.9997,0.504905,0.61136,-0.141135,0.9803,0.288891,0.583554,-0.112339,0.9732,0.483203,0.711413,0.04155,0.9181,0.446708,0.56062,0.095135,0.4979,0.470798,0.721039,0.058511,0.891,0.45453,0.544864,0.117275,0.5573,0.493839,0.764762,0.011762,0.9173,0.46974,0.600756,0.142228,0.4831
vrikshasana_tf_0197,vrikshasana,,TF,train,unlabelled,,Apache-2.0,data/datasets/yoga_poses/train/tree/girl3_tree094.jpg,True,300,300,True,0.9996,0.3765,169.77,24.232,51.687,58.009,33.844,29.262,171.003,115.576,148.492,155.327,24.232,169.77,51.687,58.009,148.492,155.327,115.576,171.003,14.587,20.176,115.576,169.77,51.687,20.176,0.963,0.963,0.846,0.222,5.957,35.662,-0.9999,-0.2605,1.1154,0.9075,0.472848,0.288341,-0.346606,0.9999,0.484647,0.272067,-0.337865,0.9999,0.490891,0.270974,-0.337044,0.9998,0.496632,0.26987,-0.337531,0.9998,0.463508,0.271713,-0.334808,0.9999,0.456999,0.270138,-0.335879,0.9999,0.45233,0.268773,-0.334726,0.9999,0.507736,0.26655,-0.227758,0.9998,0.443721,0.265912,-0.224202,0.9999,0.482847,0.299415,-0.304824,1.0,0.460379,0.30044,-0.302541,1.0,0.544619,0.328762,-0.130656,0.9998,0.402871,0.329311,-0.139694,0.9997,0.593452,0.446585,-0.213303,0.9903,0.364052,0.440935,-0.208083,0.9901,0.49029,0.417392,-0.302306,0.9682,0.445625,0.422379,-0.336771,0.9393,0.47487,0.400804,-0.306031,0.9219,0.47083,0.415648,-0.354331,0.8583,0.475908,0.388161,-0.297903,0.906,0.465627,0.391199,-0.319338,0.8237,0.478921,0.394289,-0.291673,0.8534,0.462028,0.398507,-0.324143,0.7532,0.512403,0.489522,-0.006755,0.9999,0.429836,0.480907,0.007564,0.9996,0.507267,0.615523,-0.100632,0.9541,0.288422,0.582383,-0.118716,0.9664,0.483906,0.720333,0.09179,0.8623,0.440016,0.551732,0.10508,0.3765,0.471843,0.729198,0.109904,0.8096,0.457097,0.546479,0.128053,0.4614,0.496042,0.762444,0.053357,0.8605,0.467549,0.592006,0.146427,0.3565
vrikshasana_tf_0198,vrikshasana,,TF,train,unlabelled,,Apache-2.0,data/datasets/yoga_poses/train/tree/girl3_tree099.jpg,True,300,300,True,0.9994,0.3824,167.14,25.78,51.257,57.195,34.016,29.353,169.787,114.777,149.889,157.144,25.78,167.14,51.257,57.195,149.889,157.144,114.777,169.787,13.498,18.347,114.777,167.14,51.257,18.347,1.518,1.518,0.443,1.259,7.848,34.134,-0.9996,-0.2365,1.0695,0.887,0.478821,0.286553,-0.363026,0.9999,0.491779,0.268621,-0.355854,0.9997,0.498072,0.268042,-0.355055,0.9997,0.503645,0.267276,-0.355713,0.9996,0.469684,0.267363,-0.352945,0.9998,0.46432,0.26605,-0.354422,0.9998,0.459213,0.26461,-0.353203,0.9998,0.515778,0.263642,-0.246677,0.9997,0.451111,0.259522,-0.243093,0.9999,0.490487,0.298591,-0.319787,0.9999,0.466836,0.299761,-0.31734,1.0,0.551787,0.325159,-0.134637,0.9998,0.412773,0.322104,-0.142819,0.9994,0.600696,0.44469,-0.245269,0.9933,0.37224,0.433498,-0.177547,0.9842,0.49979,0.414821,-0.405474,0.986,0.452076,0.415345,-0.310675,0.9409,0.48555,0.397517,-0.420353,0.9636,0.468238,0.395499,-0.328387,0.8757,0.484653,0.385467,-0.409805,0.9536,0.469705,0.383288,-0.300677,0.8415,0.487899,0.390536,-0.396249,0.9119,0.466508,0.3893,-0.299931,0.7592,0.518318,0.48588,-0.00645,0.9999,0.437936,0.474801,0.00736,0.9996,0.51499,0.608817,-0.088637,0.9531,0.297133,0.570255,-0.127054,0.9731,0.489824,0.706759,0.126526,0.8432,0.42754,0.551105,0.124434,0.3824,0.480709,0.717736,0.148026,0.7625,0.448952,0.5391,0.1505,0.4708,0.496534,0.758339,0.095901,0.8241,0.446699,0.585668,0.172789,0.3523
vrikshasana_tf_0199,vrikshasana,,TF,train,unlabelled,,Apache-2.0,data/datasets/yoga_poses/train/tree/girl3_tree101.jpg,True,300,300,True,0.9994,0.372,167.5,22.714,52.474,60.746,33.628,31.422,169.188,112.512,146.863,157.75,22.714,167.5,52.474,60.746,146.863,157.75,112.512,169.188,12.994,20.274,169.188,167.5,52.474,20.274,1.95,1.95,0.583,3.182,7.157,31.768,-0.9994,-0.2446,1.1003,0.9036,0.483415,0.286045,-0.36709,0.9999,0.497842,0.269556,-0.362177,0.9996,0.504533,0.269964,-0.361273,0.9995,0.509924,0.269763,-0.361837,0.9994,0.475892,0.26628,-0.357832,0.9997,0.47064,0.265044,-0.359021,0.9997,0.465783,0.263715,-0.357796,0.9997,0.520515,0.266891,-0.257155,0.9995,0.457644,0.260147,-0.248617,0.9998,0.494717,0.299596,-0.325976,0.9999,0.471312,0.298303,-0.322778,0.9999,0.556493,0.327942,-0.152436,0.9997,0.416311,0.320147,-0.152867,0.9994,0.601058,0.445475,-0.19544,0.9886,0.372575,0.4275,-0.177487,0.9831,0.499695,0.414948,-0.234801,0.9623,0.455988,0.417128,-0.263856,0.8979,0.482861,0.400013,-0.236009,0.9026,0.4729,0.401269,-0.273054,0.7921,0.484716,0.386133,-0.228149,0.8846,0.474665,0.387232,-0.240202,0.7526,0.486358,0.391493,-0.223431,0.8273,0.47106,0.393641,-0.251079,0.682,0.520785,0.484317,-0.008463,0.9999,0.441442,0.474354,0.009008,0.9996,0.516178,0.61297,-0.070681,0.9733,0.293152,0.566183,-0.09423,0.9707,0.492161,0.705504,0.186318,0.8234,0.439461,0.542869,0.139188,0.372,0.4835,0.710511,0.212195,0.7467,0.455579,0.537489,0.164486,0.4244,0.501491,0.747072,0.174399,0.7888,0.454298,0.578901,0.186304,0.3155
vrikshasana_tf_0200,vrikshasana,,TF,train,unlabelled,,Apache-2.0,data/datasets/yoga_poses/train/tree/girl3_tree103.jpg,True,300,300,True,0.9996,0.2251,174.714,16.57,52.786,57.051,32.812,31.034,174.903,112.616,144.911,160.865,16.57,174.714,52.786,57.051,144.911,160.865,112.616,174.903,11.255,22.92,112.616,174.714,52.786,22.92,2.253,2.253,2.197,4.555,8.498,30.496,-0.9992,-0.2624,1.1319,0.8774,0.487891,0.283808,-0.377488,0.9998,0.501132,0.26592,-0.3721,0.9997,0.507772,0.265034,-0.371374,0.9997,0.513532,0.264101,-0.371663,0.9996,0.479443,0.265989,-0.368335,0.9998,0.473919,0.265046,-0.369662,0.9998,0.469028,0.264035,-0.368636,0.9998,0.524522,0.260652,-0.267615,0.9996,0.460457,0.258657,-0.258841,0.9999,0.499983,0.298233,-0.334956,0.9999,0.476359,0.298837,-0.331539,0.9999,0.562532,0.331459,-0.163949,0.9996,0.422318,0.320289,-0.15865,0.9996,0.606393,0.447888,-0.258489,0.9836,0.376396,0.42767,-0.211661,0.9765,0.502464,0.416961,-0.405809,0.9746,0.454874,0.414121,-0.349461,0.8927,0.486436,0.396945,-0.424093,0.9362,0.474677,0.40395,-0.371225,0.7986,0.489916,0.384496,-0.418672,0.9255,0.475207,0.383047,-0.341692,0.7599,0.492274,0.391963,-0.399925,0.8742,0.470825,0.390361,-0.338913,0.6735,0.527846,0.492301,-0.011021,0.9999,0.444398,0.479832,0.012084,0.9997,0.511573,0.623462,-0.031193,0.9606,0.294741,0.567971,-0.066278,0.9705,0.494225,0.702635,0.2807,0.6583,0.420692,0.536742,0.204088,0.2251,0.48603,0.707531,0.312946,0.4738,0.442649,0.521687,0.232546,0.278,0.493789,0.759138,0.292788,0.6178,0.440088,0.571789,0.269064,0.2
vrikshasana_tf_0201,vrikshasana,,TF,train,unlabelled,,Apache-2.0,data/datasets/yoga_poses/train/tree/girl3_tree105.jpg,True,300,300,True,0.9997,0.3662,170.365,21.219,53.247,58.547,32.716,32.384,171.403,112.772,144.234,159.76,21.219,170.365,53.247,58.547,144.234,159.76,112.772,171.403,12.859,23.659,171.403,170.365,53.247,23.659,2.528,2.528,0.598,4.447,9.565,30.153,-0.999,-0.2498,1.0826,0.8571,0.490591,0.284736,-0.332851,1.0,0.505369,0.269091,-0.327823,0.9999,0.512167,0.267849,-0.326817,0.9999,0.518001,0.26652,-0.327343,0.9999,0.482287,0.268584,-0.323009,1.0,0.476698,0.266892,-0.324028,0.9999,0.471517,0.264788,-0.322963,0.9999,0.530013,0.263068,-0.222594,0.9999,0.464364,0.257834,-0.212036,1.0,0.50206,0.298643,-0.291494,1.0,0.479066,0.297792,-0.287406,1.0,0.563087,0.329818,-0.123904,0.9998,0.426971,0.319232,-0.124025,0.9997,0.606637,0.445622,-0.144895,0.9858,0.378457,0.423256,-0.191074,0.992,0.501577,0.415211,-0.178728,0.9444,0.461851,0.413829,-0.298716,0.9437,0.483515,0.397332,-0.175963,0.8737,0.477596,0.394934,-0.309631,0.8647,0.485829,0.384834,-0.17351,0.852,0.480854,0.383235,-0.269559,0.8267,0.490636,0.391427,-0.16855,0.798,0.477765,0.390607,-0.283389,0.7634,0.52862,0.490502,-0.008921,1.0,0.447385,0.476813,0.009777,0.9997,0.521679,0.603694,-0.198725,0.984,0.29668,0.564361,-0.08456,0.9759,0.498897,0.701252,-0.01441,0.9124,0.429141,0.543537,0.140643,0.3662,0.489438,0.705097,0.004153,0.8475,0.451554,0.530858,0.165615,0.4414,0.498794,0.753099,-0.053338,0.898,0.448695,0.576036,0.196785,0.3126
vrikshasana_tf_0202,vrikshasana,,TF,train,unlabelled,,Apache-2.0,data/datasets/yoga_poses/train/tree/girl3_tree106.jpg,True,300,300,True,0.9994,0.231,166.382,18.262,52.874,56.978,33.006,31.824,169.163,113.111,144.799,160.914,18.262,166.382,52.874,56.978,144.799,160.914,113.111,169.163,11.638,22.685,169.163,166.382,56.978,11.638,2.778,2.778,0.722,4.133,10.496,30.559,-0.9988,-0.2483,1.1011,0.8734,0.491569,0.285073,-0.340422,0.9998,0.505342,0.270789,-0.336083,0.9997,0.51158,0.269949,-0.335054,0.9997,0.517462,0.268711,-0.335558,0.9996,0.483946,0.268649,-0.331471,0.9998,0.478513,0.266782,-0.332505,0.9998,0.473851,0.264828,-0.331552,0.9998,0.530404,0.264257,-0.233989,0.9997,0.466585,0.2586,-0.221764,0.9999,0.502171,0.298602,-0.300073,0.9999,0.479911,0.297769,-0.29568,0.9999,0.565262,0.329415,-0.138051,0.9996,0.427203,0.319438,-0.13289,0.9994,0.609232,0.44708,-0.167372,0.9777,0.379405,0.424929,-0.205462,0.9852,0.504361,0.415744,-0.220317,0.9246,0.45949,0.41275,-0.326381,0.9292,0.487141,0.398894,-0.221667,0.8389,0.47475,0.396502,-0.339906,0.8381,0.490029,0.386302,-0.218816,0.8119,0.478139,0.384873,-0.30161,0.794,0.491807,0.391547,-0.210692,0.7372,0.475069,0.390623,-0.312234,0.7151,0.529544,0.490313,-0.002659,0.9999,0.447557,0.475123,0.003651,0.9996,0.526404,0.597453,-0.19355,0.9756,0.300714,0.561824,-0.095446,0.967,0.501088,0.690008,0.026169,0.7977,0.418958,0.536049,0.123602,0.231,0.4937,0.692605,0.049522,0.6955,0.438165,0.523266,0.148854,0.265,0.501518,0.732708,0.007842,0.788,0.442555,0.562724,0.18129,0.1963
vrikshasana_tf_0203,vrikshasana,,TF,train,unlabelled,,Apache-2.0,data/datasets/yoga_poses/train/tree/girl3_tree107.jpg,True,300,300,True,0.9993,0.3378,169.099,20.416,53.452,56.464,33.464,30.104,169.416,113.533,144.522,160.464,20.416,169.099,53.452,56.464,144.522,160.464,113.533,169.416,12.853,22.562,113.533,169.099,53.452,22.562,3.27,3.27,1.932,4.803,9.341,30.216,-0.9984,-0.2436,1.0894,0.8647,0.491867,0.284269,-0.32329,0.9998,0.506083,0.268127,-0.318688,0.9998,0.512205,0.267822,-0.31788,0.9997,0.51776,0.267421,-0.318304,0.9997,0.48533,0.266795,-0.314666,0.9999,0.479921,0.265475,-0.315934,0.9998,0.475161,0.264089,-0.31484,0.9998,0.53018,0.264722,-0.215242,0.9997,0.467953,0.259314,-0.205824,0.9999,0.503513,0.299603,-0.281312,0.9999,0.480634,0.298262,-0.277008,0.9999,0.566366,0.328908,-0.114092,0.9997,0.428913,0.317357,-0.112542,0.9993,0.610024,0.445374,-0.19523,0.9883,0.382708,0.424023,-0.173456,0.9817,0.504852,0.415218,-0.334683,0.9639,0.461757,0.409921,-0.316004,0.9109,0.489121,0.397578,-0.347572,0.9162,0.478069,0.389993,-0.333984,0.821,0.490414,0.384853,-0.341438,0.9017,0.480735,0.380699,-0.302906,0.7767,0.494744,0.389837,-0.326547,0.8436,0.47768,0.386999,-0.304506,0.6863,0.52962,0.489153,-0.008951,0.9999,0.447458,0.475638,0.009921,0.9994,0.525164,0.59861,-0.179211,0.9676,0.301825,0.560452,-0.11598,0.9737,0.502357,0.695607,0.031706,0.8712,0.427577,0.538731,0.124753,0.3378,0.493734,0.706094,0.053574,0.7812,0.450269,0.524203,0.151288,0.4523,0.504139,0.751693,-0.003852,0.8366,0.448415,0.5738,0.176634,0.2715
vrikshasana_tf_0204,vrikshasana,,TF,train,unlabelled,,Apache-2.0,data/datasets/yoga_poses/train/tree/girl3_tree112.jpg,True,300,300,True,0.9995,0.5947,171.324,25.277,51.665,55.192,34.48,28.444,167.993,115.103,141.02,161.096,25.277,171.324,51.665,55.192,141.02,161.096,115.103,167.993,15.075,23.552,115.103,171.324,55.192,15.075,5.835,5.835,5.061,7.372,9.143,28.931,-0.9948,-0.2041,1.0209,0.8741,0.499331,0.290796,-0.328279,0.9999,0.51151,0.273535,-0.32589,1.0,0.518158,0.272524,-0.325025,0.9999,0.523852,0.27116,-0.325112,0.9999,0.491984,0.272831,-0.320067,1.0,0.486378,0.271317,-0.320841,1.0,0.482111,0.269658,-0.319925,1.0,0.53698,0.264667,-0.225022,0.9999,0.478511,0.263059,-0.20897,1.0,0.510868,0.303456,-0.287308,0.9999,0.488767,0.302438,-0.281493,1.0,0.576476,0.332537,-0.127548,0.9995,0.437403,0.314543,-0.120646,0.9997,0.61782,0.45225,-0.173359,0.9794,0.388322,0.421669,-0.189678,0.9836,0.5101,0.414564,-0.212447,0.8958,0.469113,0.407143,-0.29618,0.9124,0.491748,0.394535,-0.207462,0.7705,0.486528,0.388219,-0.306002,0.7863,0.494085,0.380686,-0.197575,0.7409,0.487743,0.378301,-0.266213,0.7348,0.498526,0.389464,-0.199621,0.6708,0.484458,0.385843,-0.280029,0.6547,0.533031,0.489966,-0.011291,0.9999,0.448228,0.476318,0.01241,0.9997,0.525824,0.610542,-0.185007,0.9793,0.304185,0.555937,-0.130248,0.985,0.506629,0.700107,-0.013937,0.9421,0.449354,0.546666,0.088128,0.5947,0.496373,0.703524,0.003453,0.8605,0.467946,0.530538,0.113216,0.654,0.50099,0.76039,-0.061743,0.9306,0.480104,0.587992,0.132475,0.5366
vrikshasana_tf_0205,vrikshasana,,TF,train,unlabelled,,Apache-2.0,data/datasets/yoga_poses/train/tree/girl3_tree113.jpg,True,300,300,True,0.9994,0.6245,173.784,27.698,49.665,53.898,33.433,27.783,170.669,114.671,139.591,158.527,27.698,173.784,49.665,53.898,139.591,158.527,114.671,170.669,17.623,25.111,114.671,173.784,53.898,17.623,5.776,5.776,5.415,7.618,9.915,28.521,-0.9949,-0.2192,1.0035,0.8797,0.500902,0.288818,-0.314751,1.0,0.513347,0.270934,-0.311285,1.0,0.520292,0.269922,-0.31045,1.0,0.526114,0.268755,-0.310523,0.9999,0.493047,0.270801,-0.30428,1.0,0.487885,0.269427,-0.304957,1.0,0.483533,0.268005,-0.304071,1.0,0.539669,0.263373,-0.211706,0.9999,0.480164,0.261534,-0.190685,1.0,0.513387,0.301764,-0.274876,0.9999,0.490791,0.30127,-0.267925,1.0,0.579256,0.333203,-0.11611,0.9994,0.439804,0.314553,-0.10831,0.9997,0.619146,0.454999,-0.161384,0.9829,0.391174,0.42412,-0.168664,0.9854,0.512587,0.411513,-0.195217,0.9174,0.475732,0.405887,-0.261507,0.9224,0.495322,0.391241,-0.188841,0.799,0.491993,0.386258,-0.27047,0.7879,0.497604,0.379672,-0.17846,0.7702,0.493757,0.376311,-0.229981,0.7337,0.502021,0.386692,-0.181979,0.7039,0.489737,0.383464,-0.245101,0.655,0.536232,0.490487,-0.011789,1.0,0.450637,0.475524,0.012942,0.9998,0.523375,0.613493,-0.179447,0.9793,0.307245,0.553447,-0.127572,0.9871,0.504186,0.70237,0.007225,0.9236,0.449688,0.551402,0.091451,0.6245,0.497547,0.70551,0.02641,0.8344,0.470574,0.533611,0.116284,0.657,0.501984,0.759713,-0.031244,0.9098,0.475213,0.587394,0.131615,0.5629
vrikshasana_tf_0206,vrikshasana,,TF,train,unlabelled,,Apache-2.0,data/datasets/yoga_poses/train/tree/girl3_tree115.jpg,True,300,300,True,0.9994,0.4709,173.186,29.979,49.352,49.685,31.576,27.786,169.39,112.648,133.589,154.542,29.979,173.186,49.352,49.685,133.589,154.542,112.648,169.39,20.872,29.331,112.648,173.186,49.685,20.872,6.251,6.251,8.005,9.496,11.969,27.233,-0.9941,-0.1817,0.9773,0.9019,0.497967,0.294222,-0.408886,1.0,0.509601,0.277597,-0.410113,0.9999,0.517116,0.276562,-0.409291,0.9999,0.523448,0.275053,-0.409347,0.9999,0.491604,0.276582,-0.400008,1.0,0.487525,0.274712,-0.400758,1.0,0.483685,0.272946,-0.400026,1.0,0.539873,0.268082,-0.321496,0.9999,0.484631,0.264787,-0.283753,1.0,0.511612,0.306033,-0.371029,0.9999,0.491082,0.303842,-0.359914,1.0,0.584471,0.334806,-0.204736,0.9994,0.443498,0.311225,-0.185671,0.9999,0.614989,0.452841,-0.190401,0.9733,0.395648,0.422864,-0.237367,0.9856,0.513054,0.40279,-0.162251,0.8866,0.483735,0.395742,-0.306973,0.9115,0.498888,0.380239,-0.15355,0.7286,0.496242,0.373244,-0.314612,0.7644,0.501641,0.369619,-0.14533,0.712,0.49632,0.365204,-0.273814,0.719,0.505325,0.376566,-0.151245,0.6641,0.495301,0.371514,-0.290511,0.657,0.53706,0.489109,-0.013341,1.0,0.456394,0.472009,0.014165,0.9999,0.522134,0.62072,-0.066341,0.9487,0.308923,0.547907,-0.062973,0.9849,0.503231,0.700785,0.209265,0.7954,0.451596,0.554749,0.187879,0.4709,0.498559,0.704295,0.237437,0.7101,0.474841,0.535942,0.2153,0.4948,0.49605,0.754938,0.214274,0.818,0.474048,0.587878,0.248702,0.4471
vrikshasana_tf_0207,vrikshasana,,TF,train,unlabelled,,Apache-2.0,data/datasets/yoga_poses/train/tree/girl3_tree116.jpg,True,300,300,True,0.9989,0.7475,171.861,37.752,45.885,42.123,26.711,27.213,170.534,111.005,127.811,149.408,37.752,171.861,42.123,45.885,127.811,149.408,111.005,170.534,25.554,36.308,111.005,171.861,42.123,25.554,5.437,5.437,6.083,9.338,12.511,26.042,-0.9955,-0.2127,0.8459,0.8769,0.497815,0.28657,-0.365287,1.0,0.509333,0.270612,-0.364298,0.9999,0.516948,0.270013,-0.363559,0.9999,0.5237,0.269195,-0.363477,0.9999,0.493023,0.268617,-0.354892,1.0,0.489377,0.266812,-0.355499,1.0,0.485825,0.264783,-0.354825,1.0,0.538721,0.265414,-0.276037,0.9999,0.488391,0.257136,-0.244281,1.0,0.511665,0.298256,-0.328707,0.9999,0.491194,0.29516,-0.319481,1.0,0.58496,0.332965,-0.174882,0.9989,0.443506,0.309705,-0.154988,0.9999,0.608181,0.454348,-0.179195,0.9513,0.397211,0.423287,-0.227875,0.9816,0.510867,0.390459,-0.141973,0.88,0.485527,0.380781,-0.309422,0.9106,0.498271,0.363168,-0.124459,0.7006,0.497234,0.356089,-0.313145,0.7392,0.502872,0.354135,-0.113606,0.6718,0.497511,0.349544,-0.266788,0.6819,0.504487,0.361201,-0.128522,0.6161,0.495605,0.35591,-0.290194,0.6097,0.539403,0.493096,-0.007997,1.0,0.458082,0.475052,0.009224,0.9999,0.524343,0.62704,-0.080605,0.9749,0.311868,0.546499,-0.106205,0.9934,0.505676,0.69894,0.191118,0.8501,0.445857,0.574271,0.131947,0.7475,0.500337,0.703688,0.218471,0.7059,0.475377,0.55022,0.157064,0.6618,0.501425,0.760662,0.188089,0.8747,0.46833,0.61262,0.165819,0.7402
vrikshasana_tf_0208,vrikshasana,,TF,train,unlabelled,,Apache-2.0,data/datasets/yoga_poses/train/tree/girl3_tree119.jpg,True,300,300,True,0.9981,0.2143,169.891,25.52,39.843,32.736,23.784,30.791,172.659,107.04,112.781,142.648,25.52,169.891,32.736,39.843,112.781,142.648,107.04,172.659,30.539,53.148,107.04,169.891,32.736,30.539,3.683,3.683,5.613,7.256,11.032,23.854,-0.9979,-0.1698,1.0182,0.8753,0.502961,0.295194,-0.401406,0.9998,0.514194,0.280641,-0.410931,0.9997,0.520399,0.28018,-0.410175,0.9997,0.527211,0.279044,-0.409959,0.9996,0.497261,0.278301,-0.39937,0.9998,0.492592,0.276173,-0.400056,0.9998,0.488516,0.273844,-0.399462,0.9998,0.537692,0.271343,-0.349836,0.9997,0.487032,0.265161,-0.310728,0.9999,0.515665,0.306037,-0.372809,0.9996,0.49639,0.303583,-0.362059,0.9998,0.583928,0.331343,-0.234873,0.9981,0.44445,0.313584,-0.210737,0.9999,0.603025,0.442911,-0.178959,0.8224,0.396295,0.421854,-0.226074,0.9613,0.509035,0.362796,-0.10176,0.5824,0.483425,0.364649,-0.235137,0.8121,0.498338,0.338538,-0.0845,0.4025,0.490649,0.337547,-0.226685,0.5894,0.502928,0.328696,-0.075758,0.3813,0.492309,0.32832,-0.185858,0.5352,0.504319,0.335945,-0.092529,0.3469,0.491112,0.3379,-0.216407,0.4712,0.544015,0.49059,-0.01324,0.9999,0.463728,0.474937,0.014098,0.9999,0.527642,0.629357,0.007618,0.8914,0.316195,0.540172,-0.024657,0.9615,0.507287,0.696612,0.384525,0.4919,0.448427,0.544018,0.28177,0.2143,0.496406,0.703332,0.424316,0.3124,0.467581,0.528772,0.316446,0.2602,0.502345,0.749658,0.417706,0.4947,0.459136,0.574909,0.368292,0.1769
vrikshasana_tf_0209,vrikshasana,,TF,train,unlabelled,,Apache-2.0,data/datasets/yoga_poses/train/tree/girl3_tree120.jpg,True,300,300,True,0.9994,0.2778,166.986,24.439,39.681,31.221,21.906,30.013,173.039,106.633,108.209,138.329,24.439,166.986,31.221,39.681,108.209,138.329,106.633,173.039,34.907,58.088,106.633,166.986,39.681,58.088,3.586,3.586,4.515,6.026,10.4,23.397,-0.998,-0.1326,0.978,0.8633,0.505204,0.298788,-0.438276,0.9999,0.51834,0.286411,-0.443408,0.9999,0.525362,0.285945,-0.442633,0.9998,0.531263,0.284911,-0.442452,0.9998,0.499874,0.281708,-0.434167,0.9998,0.494832,0.278023,-0.435039,0.9998,0.490379,0.274377,-0.434356,0.9998,0.542028,0.275395,-0.364674,0.9999,0.487064,0.261257,-0.336273,0.9999,0.51691,0.308251,-0.4026,0.9998,0.497951,0.305649,-0.394542,0.9999,0.586699,0.328349,-0.264206,0.9994,0.444096,0.313295,-0.227185,0.9999,0.602383,0.437153,-0.308143,0.9413,0.399691,0.416656,-0.232806,0.9494,0.50996,0.353593,-0.348635,0.8213,0.483088,0.357104,-0.240669,0.7503,0.498395,0.330624,-0.352233,0.6885,0.490984,0.330661,-0.237745,0.5313,0.502846,0.319995,-0.345116,0.6701,0.490784,0.319377,-0.201269,0.4767,0.50424,0.328414,-0.34361,0.5919,0.489591,0.329428,-0.224735,0.4095,0.546263,0.49418,-0.014978,0.9999,0.463753,0.479036,0.015817,0.9998,0.530443,0.627982,0.01046,0.9026,0.31892,0.541701,-0.015935,0.9669,0.504254,0.700895,0.374792,0.5924,0.461047,0.544288,0.290822,0.2778,0.490411,0.70338,0.412615,0.3983,0.477929,0.532866,0.324996,0.3104,0.493075,0.746131,0.404289,0.595,0.481768,0.5843,0.370408,0.2573
vrikshasana_tf_0210,vrikshasana,,TF,train,unlabelled,,Apache-2.0,data/datasets/yoga_poses/train/tree/girl3_tree121.jpg,True,300,300,True,0.9995,0.4528,171.34,24.928,40.008,26.744,19.261,30.295,174.199,105.207,106.691,134.492,24.928,171.34,26.744,40.008,106.691,134.492,105.207,174.199,39.405,59.828,105.207,171.34,40.008,59.828,3.791,3.791,6.112,5.92,9.952,21.31,-0.9978,-0.1067,0.9183,0.8288,0.50233,0.298779,-0.429816,0.9997,0.515223,0.285526,-0.437338,0.9996,0.521617,0.284419,-0.436656,0.9996,0.527285,0.282867,-0.436323,0.9996,0.499698,0.283556,-0.426959,0.9994,0.494979,0.280663,-0.427907,0.9993,0.491354,0.277114,-0.427261,0.9993,0.538808,0.27192,-0.369792,0.9996,0.49071,0.258833,-0.335821,0.9996,0.514153,0.307813,-0.397356,0.9998,0.498174,0.306914,-0.386877,0.9995,0.588202,0.324645,-0.275358,0.9995,0.44552,0.309851,-0.245356,0.9997,0.599221,0.433487,-0.399187,0.9586,0.400485,0.410094,-0.297068,0.9346,0.511104,0.347764,-0.54191,0.9124,0.481023,0.344729,-0.361452,0.7221,0.501319,0.321364,-0.559556,0.8366,0.487671,0.315805,-0.370613,0.5165,0.504928,0.311165,-0.547625,0.8258,0.4888,0.308599,-0.33592,0.4587,0.506835,0.320517,-0.537905,0.7315,0.488119,0.317409,-0.348764,0.3754,0.546836,0.497206,-0.010065,0.9999,0.463998,0.482671,0.011151,0.9998,0.529267,0.627504,-0.008649,0.9384,0.311404,0.542196,-0.0529,0.9812,0.507244,0.702621,0.324781,0.7771,0.458144,0.551475,0.232145,0.4528,0.495621,0.71057,0.358736,0.534,0.477743,0.54234,0.263223,0.4029,0.501272,0.75677,0.336156,0.7536,0.470141,0.588596,0.299643,0.4445
vrikshasana_tf_0211,vrikshasana,,TF,train,unlabelled,,Apache-2.0,data/datasets/yoga_poses/train/tree/girl3_tree124.jpg,True,300,300,True,0.9994,0.4916,175.619,28.435,38.5,18.996,12.879,36.781,178.014,103.988,91.722,129.948,28.435,175.619,18.996,38.5,91.722,129.948,103.988,178.014,44.845,76.238,103.988,175.619,38.5,76.238,3.465,3.465,12.742,7.349,11.417,19.195,-0.9982,-0.0877,0.8284,0.7525,0.489749,0.292735,-0.40593,0.9989,0.506825,0.27652,-0.422055,0.999,0.514517,0.277901,-0.421431,0.9991,0.518681,0.27593,-0.421144,0.9991,0.494499,0.275985,-0.404768,0.9984,0.492995,0.274225,-0.405734,0.998,0.482571,0.263192,-0.40503,0.9982,0.535115,0.261751,-0.388746,0.9993,0.488192,0.256809,-0.320962,0.9988,0.502488,0.299509,-0.385651,0.9995,0.491494,0.297797,-0.365174,0.9987,0.588468,0.317746,-0.304342,0.9994,0.451042,0.300021,-0.246689,0.9995,0.589934,0.417844,-0.438702,0.9709,0.398929,0.384816,-0.319411,0.9317,0.509827,0.32011,-0.575851,0.9481,0.476312,0.321185,-0.411601,0.8251,0.500547,0.293208,-0.59519,0.9039,0.484132,0.29542,-0.42488,0.6742,0.505457,0.286952,-0.585771,0.8974,0.486351,0.288671,-0.391106,0.6272,0.508617,0.295035,-0.573589,0.8362,0.485784,0.297287,-0.401124,0.5586,0.549402,0.500911,-0.015198,0.9998,0.467849,0.484442,0.016281,0.9994,0.528518,0.618708,-0.064122,0.9649,0.316635,0.537087,0.00712,0.9717,0.50807,0.698151,0.270025,0.8215,0.447138,0.558317,0.28035,0.4916,0.498858,0.700406,0.303882,0.6087,0.477374,0.545429,0.310728,0.4511,0.499114,0.74217,0.283792,0.7931,0.451706,0.590164,0.352341,0.4607
vrikshasana_tf_0212,vrikshasana,,TF,train,unlabelled,,Apache-2.0,data/datasets/yoga_poses/train/tree/girl3_tree128.jpg,True,300,300,True,0.9995,0.4902,172.818,26.088,35.914,1.221,11.391,60.127,176.884,104.413,68.894,51.288,26.088,172.818,1.221,35.914,51.288,68.894,104.413,176.884,99.995,124.292,176.884,172.818,35.914,99.995,3.331,3.331,9.916,9.595,12.844,18.833,-0.9983,-0.0667,0.8735,0.7274,0.492491,0.290139,-0.476869,0.9999,0.507756,0.277648,-0.484582,0.9999,0.513771,0.276763,-0.48405,0.9999,0.51888,0.275029,-0.483615,0.9999,0.495101,0.272253,-0.473795,0.9999,0.492432,0.26817,-0.474858,0.9999,0.484418,0.266721,-0.474306,0.9999,0.535938,0.265194,-0.417042,0.9999,0.493967,0.253029,-0.377878,0.9999,0.502553,0.300089,-0.444785,0.9999,0.489495,0.29457,-0.433542,0.9999,0.586983,0.313933,-0.332512,0.9998,0.452965,0.291279,-0.300593,0.9999,0.587342,0.387403,-0.516376,0.9822,0.386159,0.336839,-0.439067,0.9864,0.512562,0.285208,-0.667798,0.9489,0.477083,0.271949,-0.552,0.877,0.50155,0.254664,-0.685293,0.8923,0.489508,0.243316,-0.573983,0.6994,0.507858,0.248214,-0.673374,0.878,0.49175,0.240373,-0.535136,0.6309,0.508147,0.261232,-0.664819,0.7986,0.489748,0.253138,-0.542424,0.5495,0.550711,0.498621,-0.008585,0.9999,0.467526,0.479654,0.009828,0.9995,0.521587,0.613493,-0.082577,0.9668,0.326851,0.527635,0.045591,0.9651,0.511868,0.692139,0.269938,0.8201,0.446014,0.542805,0.335151,0.4902,0.504838,0.694022,0.303481,0.5714,0.465685,0.531758,0.364263,0.4088,0.498956,0.752387,0.27019,0.8346,0.456223,0.574015,0.390445,0.5298
vrikshasana_tf_0213,vrikshasana,,TF,train,unlabelled,,Apache-2.0,data/datasets/yoga_poses/train/tree/girl3_tree129.jpg,True,300,300,True,0.9995,0.3326,174.608,24.175,39.497,13.59,4.654,73.714,176.526,106.782,51.364,27.121,24.175,174.608,13.59,39.497,27.121,51.364,106.782,176.526,116.672,151.282,176.526,174.608,39.497,116.672,5.076,5.076,24.737,15.56,17.07,18.38,-0.9961,-0.0033,0.886,0.6986,0.492497,0.305723,-0.42242,0.9999,0.504559,0.294209,-0.440535,0.9999,0.508986,0.294152,-0.439965,0.9999,0.512842,0.293478,-0.439585,0.9999,0.493157,0.287996,-0.42048,0.9999,0.488983,0.284821,-0.421481,0.9998,0.487419,0.281761,-0.420752,0.9999,0.530184,0.279839,-0.415247,1.0,0.492337,0.266731,-0.335191,0.9999,0.502894,0.314761,-0.405264,0.9999,0.489351,0.309811,-0.382059,0.9998,0.585767,0.323801,-0.347525,0.9999,0.460376,0.288886,-0.267313,0.9998,0.579843,0.369985,-0.492052,0.9892,0.385878,0.312925,-0.371688,0.9872,0.51534,0.267508,-0.579683,0.9714,0.476467,0.25747,-0.437748,0.866,0.509473,0.240075,-0.593963,0.9335,0.490549,0.230255,-0.449329,0.6443,0.517464,0.233442,-0.5878,0.9281,0.494317,0.226303,-0.407033,0.5782,0.517886,0.244341,-0.577834,0.879,0.491828,0.23688,-0.425775,0.5319,0.547481,0.504491,-0.021307,0.9999,0.46569,0.479376,0.02233,0.9995,0.530724,0.616752,-0.09206,0.9682,0.322493,0.526957,0.021232,0.9666,0.51198,0.692602,0.243675,0.7841,0.449406,0.539837,0.313109,0.3326,0.506275,0.694054,0.276737,0.5546,0.471935,0.533311,0.343941,0.3251,0.501362,0.751786,0.257547,0.7886,0.45998,0.571118,0.389098,0.3726
vrikshasana_tf_0214,vrikshasana,,TF,train,unlabelled,,Apache-2.0,data/datasets/yoga_poses/train/tree/girl3_tree130.jpg,True,300,300,True,0.9994,0.5107,169.723,44.902,35.346,23.819,7.347,87.078,178.584,107.671,42.863,16.629,44.902,169.723,23.819,35.346,16.629,42.863,107.671,178.584,127.004,161.061,107.671,169.723,35.346,127.004,3.785,3.785,19.939,14.35,14.291,19.981,-0.9978,-0.0474,0.6322,0.6344,0.49393,0.297006,-0.411831,0.9995,0.507082,0.285638,-0.423746,0.9997,0.511488,0.28561,-0.422885,0.9997,0.515128,0.285246,-0.422583,0.9997,0.494028,0.278944,-0.405609,0.9991,0.489883,0.276023,-0.406549,0.9987,0.487502,0.272931,-0.405828,0.9988,0.531392,0.273807,-0.38214,0.9997,0.490643,0.2637,-0.31528,0.9996,0.503405,0.304551,-0.389976,0.9994,0.488189,0.299386,-0.371133,0.999,0.579898,0.320826,-0.3235,0.9995,0.463691,0.291096,-0.234103,0.9994,0.578432,0.350954,-0.485618,0.9903,0.384858,0.298315,-0.231939,0.9886,0.51353,0.249312,-0.576158,0.9835,0.476786,0.247253,-0.159015,0.8347,0.506676,0.221108,-0.595081,0.9555,0.491669,0.221647,-0.153307,0.5371,0.511762,0.216243,-0.587386,0.9515,0.494943,0.219849,-0.109949,0.472,0.512675,0.227575,-0.574607,0.9116,0.492081,0.231784,-0.143143,0.4192,0.547114,0.504256,-0.025805,0.9998,0.471511,0.484999,0.026438,0.9996,0.524336,0.65281,-0.004923,0.9383,0.34442,0.531208,-0.057129,0.9819,0.503978,0.71195,0.385138,0.6458,0.480961,0.594648,0.210828,0.5107,0.500704,0.709817,0.422512,0.4877,0.499971,0.589244,0.236687,0.4152,0.492278,0.760325,0.400533,0.6734,0.496659,0.632733,0.248131,0.5381
vrikshasana_tf_0215,vrikshasana,,TF,train,unlabelled,,Apache-2.0,data/datasets/yoga_poses/train/tree/girl3_tree132.jpg,True,300,300,True,0.9965,0.2931,179.342,36.82,168.713,52.07,146.327,111.069,178.892,109.504,32.745,14.869,36.82,179.342,52.07,168.713,14.869,32.745,109.504,178.892,136.542,164.827,109.504,179.342,168.713,136.542,5.228,5.228,1.811,9.924,13.277,19.808,-0.9958,-0.1455,0.6712,0.6037,0.513544,0.272768,-0.378377,0.9992,0.52452,0.256688,-0.375702,0.9992,0.52976,0.256644,-0.37488,0.9993,0.535053,0.256682,-0.374824,0.9993,0.511831,0.256217,-0.364756,0.9991,0.513463,0.251195,-0.365677,0.9989,0.510931,0.248659,-0.36527,0.999,0.549819,0.2591,-0.302841,0.9995,0.506595,0.257376,-0.262216,0.9993,0.524952,0.282903,-0.34813,0.998,0.510125,0.279356,-0.336676,0.9974,0.58368,0.311318,-0.291332,0.9978,0.467609,0.29101,-0.216568,0.9965,0.577419,0.29654,-0.506512,0.9921,0.395368,0.263618,-0.384963,0.9895,0.518849,0.210507,-0.610174,0.9838,0.490192,0.205953,-0.474256,0.8836,0.509312,0.181557,-0.636672,0.9623,0.502801,0.179711,-0.4993,0.6719,0.513006,0.187533,-0.630313,0.956,0.508976,0.18725,-0.454325,0.5985,0.514902,0.199853,-0.609901,0.9292,0.505832,0.198787,-0.463593,0.5595,0.547074,0.504799,-0.026522,0.9998,0.468645,0.486294,0.02761,0.9994,0.517587,0.645676,-0.01759,0.9592,0.333935,0.534813,-0.02195,0.9705,0.5053,0.701188,0.362679,0.7096,0.467612,0.575713,0.263416,0.2931,0.504009,0.705656,0.399034,0.4437,0.487588,0.565317,0.290723,0.2604,0.494287,0.761664,0.391063,0.6715,0.480851,0.614314,0.317363,0.3266
vrikshasana_tf_0216,vrikshasana,,TF,train,unlabelled,,Apache-2.0,data/datasets/yoga_poses/train/tree/girl3_tree133.jpg,True,300,300,True,0.9962,0.3465,167.985,28.197,150.89,66.127,161.035,121.096,175.905,105.995,31.039,13.52,28.197,167.985,66.127,150.89,13.52,31.039,105.995,175.905,138.288,167.147,175.905,167.985,150.89,138.288,5.722,5.722,26.727,10.336,15.589,15.329,-0.995,-0.0113,0.7087,0.553,0.49147,0.292442,-0.324516,0.9977,0.500227,0.279243,-0.339054,0.9986,0.50455,0.278169,-0.338362,0.9986,0.512378,0.276207,-0.338328,0.9988,0.487972,0.277658,-0.314659,0.9965,0.486315,0.275241,-0.31572,0.9948,0.485018,0.272742,-0.315041,0.9958,0.531204,0.265805,-0.324146,0.999,0.499123,0.258785,-0.222591,0.998,0.505323,0.298652,-0.314237,0.9954,0.490287,0.296444,-0.284667,0.9939,0.58396,0.305048,-0.306275,0.9963,0.471309,0.284502,-0.1844,0.9962,0.579778,0.27635,-0.488148,0.9882,0.405701,0.243882,-0.273605,0.9782,0.518321,0.195973,-0.579662,0.9544,0.495907,0.1822,-0.342425,0.8597,0.512258,0.162947,-0.609662,0.9045,0.507044,0.154238,-0.363782,0.6825,0.51612,0.163006,-0.601811,0.8923,0.510325,0.157175,-0.330759,0.6215,0.517238,0.178171,-0.579448,0.8423,0.507489,0.171021,-0.335703,0.5985,0.545063,0.511432,-0.0422,0.9997,0.468915,0.490187,0.043124,0.9991,0.510841,0.641248,-0.035495,0.9783,0.326313,0.529276,0.070033,0.9571,0.507758,0.705341,0.330219,0.8037,0.472951,0.562774,0.358862,0.3465,0.506115,0.709016,0.367108,0.593,0.483175,0.558469,0.38853,0.3981,0.485556,0.767664,0.371595,0.7586,0.479493,0.627721,0.430328,0.3731
vrikshasana_tf_0217,vrikshasana,,TF,train,unlabelled,,Apache-2.0,data/datasets/yoga_poses/train/tree/girl3_tree138.jpg,True,300,300,True,0.9545,0.4719,179.349,32.66,165.537,127.613,160.258,163.515,173.7,104.505,13.649,11.976,32.66,179.349,127.613,165.537,11.976,13.649,104.505,173.7,153.335,166.966,173.7,179.349,165.537,153.335,5.945,5.945,12.575,12.052,16.074,15.563,-0.9946,-0.0592,0.6949,0.4809,0.509202,0.280292,-0.341009,0.9715,0.514786,0.267157,-0.346275,0.9817,0.520118,0.266529,-0.345451,0.9764,0.524687,0.265828,-0.345436,0.9848,0.50798,0.263521,-0.330033,0.9614,0.504808,0.261019,-0.330968,0.9315,0.503905,0.256872,-0.3303,0.9536,0.539412,0.257091,-0.29601,0.9782,0.506433,0.254813,-0.233165,0.9485,0.517224,0.287185,-0.317412,0.9519,0.507303,0.283735,-0.299685,0.9302,0.576002,0.303005,-0.271612,0.9857,0.478358,0.282158,-0.177377,0.9545,0.564931,0.209129,-0.356359,0.9728,0.454048,0.205259,-0.149379,0.8336,0.533547,0.12817,-0.379602,0.8818,0.512473,0.121333,-0.124951,0.7121,0.529305,0.096215,-0.414438,0.7957,0.520299,0.094864,-0.143058,0.6017,0.530176,0.095341,-0.403737,0.7795,0.519684,0.094884,-0.133463,0.5728,0.530549,0.108017,-0.379318,0.7429,0.517659,0.105175,-0.126038,0.5612,0.529117,0.505829,-0.030548,0.9977,0.482239,0.492321,0.031376,0.993,0.514866,0.626845,0.067502,0.9291,0.374302,0.522381,0.183391,0.8315,0.506059,0.694965,0.430606,0.8027,0.476396,0.553785,0.473714,0.4719,0.50412,0.693828,0.466807,0.7338,0.484359,0.544651,0.504487,0.5235,0.497512,0.747369,0.444496,0.8015,0.480628,0.610733,0.510649,0.546
vrikshasana_tf_0218,vrikshasana,,TF,train,unlabelled,,Apache-2.0,data/datasets/yoga_poses/train/tree/girl3_tree143.jpg,True,300,300,True,0.9887,0.5937,170.629,19.133,164.764,143.032,166.028,172.101,174.104,105.496,10.043,13.715,19.133,170.629,143.032,164.764,10.043,13.715,105.496,174.104,158.763,167.908,174.104,170.629,164.764,158.763,6.383,6.383,19.319,18.247,21.839,13.872,-0.9938,-0.1125,0.8568,0.5499,0.497435,0.283746,-0.442855,0.9963,0.505448,0.272004,-0.451355,0.998,0.509187,0.272556,-0.450423,0.9985,0.515761,0.272989,-0.450192,0.9988,0.496621,0.268322,-0.432867,0.9972,0.495524,0.266418,-0.433629,0.9959,0.494328,0.264841,-0.433095,0.9968,0.531391,0.274377,-0.41357,0.999,0.497867,0.267381,-0.341325,0.9972,0.505863,0.296593,-0.424532,0.9911,0.4963,0.290823,-0.404402,0.985,0.573591,0.322501,-0.392154,0.9964,0.471662,0.288897,-0.286091,0.9887,0.568417,0.215895,-0.516781,0.9953,0.462198,0.202839,-0.265496,0.9224,0.53832,0.123347,-0.550209,0.9526,0.513939,0.11567,-0.232364,0.8016,0.535411,0.089378,-0.586646,0.9257,0.523516,0.090359,-0.249669,0.6862,0.534808,0.090063,-0.572114,0.9172,0.523639,0.091659,-0.237019,0.6535,0.534902,0.104029,-0.548577,0.8828,0.521337,0.104481,-0.233192,0.6344,0.53577,0.513629,-0.032003,0.9987,0.466085,0.485702,0.033221,0.9968,0.525545,0.623896,-0.02168,0.9695,0.32251,0.52116,0.033548,0.9638,0.50617,0.697912,0.326939,0.8958,0.469719,0.534714,0.280961,0.5937,0.504377,0.699261,0.359639,0.7476,0.477043,0.528818,0.307235,0.5454,0.491544,0.746982,0.337319,0.8571,0.481716,0.577209,0.332858,0.6176
vrikshasana_tf_0219,vrikshasana,,TF,train,unlabelled,,Apache-2.0,data/datasets/yoga_poses/train/tree/guy1_tree086.jpg,True,300,300,True,0.9982,0.5271,179.643,27.134,50.792,35.682,47.632,39.266,171.729,110.723,151.935,168.221,27.134,179.643,35.682,50.792,151.935,168.221,110.723,171.729,9.506,14.184,110.723,179.643,50.792,14.184,6.172,6.172,8.061,1.447,12.301,22.996,-0.9942,-0.4054,1.3137,0.6483,0.585513,0.160233,-0.209012,1.0,0.59818,0.147741,-0.195212,0.9999,0.604794,0.148521,-0.194856,0.9999,0.609954,0.149132,-0.194724,0.9999,0.580277,0.146015,-0.190246,1.0,0.57499,0.14582,-0.1914,1.0,0.570928,0.145792,-0.190685,1.0,0.621412,0.154921,-0.090472,0.9999,0.568926,0.151744,-0.081303,1.0,0.598626,0.179691,-0.171723,1.0,0.577035,0.178096,-0.166448,1.0,0.670204,0.251934,-0.027947,0.9996,0.526515,0.248304,-0.00246,0.9996,0.733542,0.346724,-0.120612,0.9863,0.452372,0.346722,-0.081235,0.983,0.625186,0.336371,-0.287127,0.9639,0.541257,0.318994,-0.271063,0.9531,0.601608,0.323134,-0.312143,0.9042,0.562459,0.29944,-0.305477,0.882,0.599834,0.305954,-0.307642,0.8944,0.566901,0.287371,-0.285189,0.8617,0.6057,0.31293,-0.282767,0.847,0.562781,0.294471,-0.266479,0.8076,0.614051,0.479154,-0.031864,0.9996,0.534996,0.461916,0.032852,0.9982,0.595863,0.664315,-0.033687,0.9736,0.377354,0.528817,-0.066844,0.9755,0.580692,0.829332,0.081211,0.9887,0.541645,0.540704,0.210196,0.5271,0.576201,0.846591,0.08778,0.8909,0.564439,0.530476,0.236067,0.5885,0.578653,0.890279,-0.015379,0.9637,0.569512,0.618573,0.247276,0.5473
vrikshasana_tf_0220,vrikshasana,,TF,train,unlabelled,,Apache-2.0,data/datasets/yoga_poses/train/tree/guy1_tree088.jpg,True,300,300,True,0.9986,0.4482,178.298,28.019,44.837,31.721,42.353,37.986,172.212,110.808,133.5,154.834,28.019,178.298,31.721,44.837,133.5,154.834,110.808,172.212,23.061,32.656,110.808,178.298,44.837,32.656,6.228,6.228,9.192,1.899,12.848,22.912,-0.9941,-0.4075,1.3291,0.6467,0.59352,0.164692,-0.180776,1.0,0.604927,0.150528,-0.167014,0.9999,0.611273,0.151056,-0.166674,0.9999,0.616942,0.151611,-0.166617,0.9999,0.588009,0.149407,-0.161036,0.9999,0.58324,0.149382,-0.162098,0.9999,0.578448,0.149416,-0.161392,0.9999,0.628588,0.157891,-0.062915,0.9999,0.576411,0.156062,-0.050638,1.0,0.605909,0.185171,-0.143658,1.0,0.585053,0.18397,-0.137906,1.0,0.679405,0.25763,-0.00951,0.9996,0.53577,0.252868,0.017903,0.9994,0.732431,0.355254,-0.114989,0.9886,0.462907,0.353592,-0.076906,0.9866,0.613895,0.319796,-0.2525,0.9803,0.563597,0.312095,-0.245418,0.969,0.598335,0.289059,-0.26986,0.9449,0.585089,0.280433,-0.275671,0.9115,0.601536,0.280616,-0.265313,0.9381,0.58596,0.27405,-0.25032,0.8932,0.605276,0.288234,-0.247185,0.9066,0.5825,0.283992,-0.238515,0.8512,0.623308,0.485262,-0.029987,0.9997,0.543643,0.467092,0.030829,0.9986,0.603582,0.671212,-0.039567,0.969,0.384656,0.534292,-0.062551,0.9745,0.590605,0.84167,0.041494,0.9842,0.550156,0.549081,0.212462,0.4482,0.585633,0.860181,0.045091,0.8816,0.572406,0.534386,0.238202,0.5389,0.578983,0.899655,-0.056156,0.9669,0.575005,0.631793,0.253266,0.4714
vrikshasana_tf_0221,vrikshasana,,TF,train,unlabelled,,Apache-2.0,data/datasets/yoga_poses/train/tree/guy1_tree090.jpg,True,300,300,True,0.998,0.4535,179.733,28.436,46.895,27.425,34.336,35.033,171.182,109.894,123.781,139.855,28.436,179.733,27.425,46.895,123.781,139.855,109.894,171.182,38.003,42.018,109.894,179.733,46.895,42.018,6.506,6.506,7.607,0.271,12.941,22.037,-0.9936,-0.4044,1.3215,0.6538,0.605319,0.168329,-0.178528,1.0,0.616643,0.154016,-0.164873,0.9999,0.62279,0.154481,-0.164524,0.9999,0.627443,0.154788,-0.164478,0.9999,0.59902,0.152838,-0.159884,0.9999,0.593434,0.152581,-0.160865,0.9999,0.588902,0.1524,-0.160196,0.9999,0.637386,0.160406,-0.060865,0.9999,0.585343,0.15748,-0.051888,0.9999,0.616565,0.189479,-0.141375,0.9999,0.59628,0.188087,-0.13667,0.9999,0.6861,0.258068,-0.012241,0.9995,0.540455,0.258757,0.012912,0.9989,0.723191,0.359235,-0.109127,0.9901,0.473644,0.362068,-0.076761,0.9816,0.607914,0.310372,-0.230063,0.98,0.577607,0.302805,-0.236595,0.9659,0.590749,0.278614,-0.246755,0.943,0.598234,0.267031,-0.265437,0.9096,0.599312,0.269866,-0.240644,0.936,0.59866,0.26141,-0.242555,0.8921,0.601962,0.278996,-0.223978,0.9054,0.593288,0.273733,-0.230345,0.8523,0.627695,0.488864,-0.026148,0.9995,0.54838,0.470639,0.027125,0.998,0.610097,0.675608,-0.030158,0.96,0.389427,0.534978,-0.089707,0.9698,0.594839,0.845999,0.0484,0.9807,0.558123,0.553898,0.141096,0.4535,0.586989,0.863041,0.051605,0.8788,0.580259,0.540954,0.162527,0.537,0.586561,0.905417,-0.053364,0.9673,0.589867,0.633532,0.160823,0.468
vrikshasana_tf_0222,vrikshasana,,TF,train,unlabelled,,Apache-2.0,data/datasets/yoga_poses/train/tree/guy1_tree091.jpg,True,300,300,True,0.9981,0.3849,179.352,28.901,48.048,27.777,33.228,34.77,171.575,110.482,122.166,139.631,28.901,179.352,27.777,48.048,122.166,139.631,110.482,171.575,38.414,43.686,110.482,179.352,48.048,43.686,6.551,6.551,7.644,0.741,14.055,22.437,-0.9935,-0.423,1.3152,0.6517,0.605786,0.167399,-0.196628,1.0,0.618433,0.154904,-0.183205,0.9999,0.625189,0.155738,-0.182873,0.9999,0.630357,0.156245,-0.182821,0.9999,0.600116,0.153196,-0.177372,0.9999,0.595056,0.152896,-0.178421,0.9999,0.590388,0.152781,-0.177817,0.9999,0.641009,0.162634,-0.080448,0.9998,0.587278,0.158404,-0.068179,0.9999,0.617318,0.189273,-0.160321,0.9999,0.596329,0.187047,-0.154514,0.9999,0.688885,0.262859,-0.030853,0.9993,0.543272,0.260977,-0.001232,0.9991,0.723279,0.362297,-0.127812,0.9888,0.477231,0.363394,-0.088027,0.9805,0.60806,0.313691,-0.258946,0.9749,0.580741,0.305051,-0.255141,0.9627,0.590488,0.282739,-0.27826,0.9313,0.601557,0.27143,-0.286246,0.9033,0.596427,0.273415,-0.271695,0.9234,0.60155,0.264739,-0.265181,0.8851,0.601521,0.282062,-0.253062,0.8869,0.596136,0.275435,-0.250005,0.8435,0.630633,0.493944,-0.026012,0.9995,0.550539,0.473893,0.026953,0.9981,0.612091,0.678916,-0.019257,0.953,0.393615,0.538689,-0.077664,0.9639,0.597001,0.8488,0.065886,0.9777,0.558738,0.557399,0.161355,0.3849,0.58929,0.866637,0.06966,0.8709,0.580309,0.544578,0.183354,0.4856,0.593163,0.910638,-0.033712,0.9632,0.57895,0.634399,0.183509,0.4195
vrikshasana_tf_0223,vrikshasana,,TF,train,unlabelled,,Apache-2.0,data/datasets/yoga_poses/train/tree/guy1_tree093.jpg,True,300,300,True,0.9987,0.5207,178.691,29.357,48.752,26.155,33.394,37.352,171.629,109.731,121.671,149.917,29.357,178.691,26.155,48.752,121.671,149.917,109.731,171.629,28.155,43.922,109.731,178.691,48.752,43.922,6.689,6.689,8.236,1.246,14.457,21.659,-0.9932,-0.4361,1.3223,0.6533,0.608885,0.171913,-0.196798,1.0,0.620784,0.158832,-0.184016,0.9999,0.627466,0.159716,-0.183672,0.9999,0.633711,0.160506,-0.183605,0.9999,0.603279,0.156898,-0.176466,0.9999,0.598635,0.156759,-0.177509,0.9999,0.593358,0.156699,-0.176792,0.9999,0.644893,0.167392,-0.083627,0.9999,0.591776,0.16484,-0.06362,1.0,0.620891,0.193382,-0.161416,1.0,0.599907,0.191302,-0.153469,1.0,0.693774,0.270529,-0.036859,0.9996,0.548446,0.267367,0.004823,0.9995,0.727815,0.369468,-0.129782,0.9924,0.477712,0.366816,-0.084341,0.9853,0.610946,0.321626,-0.247277,0.9823,0.575423,0.313935,-0.25241,0.9743,0.593503,0.291517,-0.262976,0.9492,0.59437,0.283197,-0.282952,0.9285,0.599363,0.281695,-0.25846,0.9429,0.59688,0.277602,-0.259996,0.9134,0.603957,0.290056,-0.241211,0.9141,0.593511,0.287764,-0.246826,0.8796,0.634783,0.500154,-0.029976,0.9997,0.555598,0.479739,0.030801,0.9987,0.614576,0.691225,-0.032503,0.9759,0.393847,0.543975,-0.061546,0.9787,0.600711,0.85885,0.04403,0.989,0.563766,0.566942,0.193809,0.5207,0.596548,0.879034,0.046876,0.909,0.585646,0.554694,0.217166,0.578,0.587385,0.918635,-0.057329,0.9759,0.583257,0.649396,0.224008,0.5595
vrikshasana_tf_0224,vrikshasana,,TF,train,unlabelled,,Apache-2.0,data/datasets/yoga_poses/train/tree/guy1_tree095.jpg,True,300,300,True,0.9989,0.5203,179.843,29.968,50.143,24.613,31.143,35.792,171.161,110.008,121.301,153.895,29.968,179.843,24.613,50.143,121.301,153.895,110.008,171.161,24.595,44.417,110.008,179.843,50.143,44.417,6.86,6.86,8.7,0.725,14.971,21.518,-0.9928,-0.4278,1.3331,0.6476,0.608357,0.177068,-0.19558,1.0,0.619837,0.162938,-0.184082,0.9999,0.626782,0.163862,-0.183731,0.9999,0.633474,0.164701,-0.183623,0.9999,0.602896,0.161017,-0.176251,1.0,0.597673,0.160668,-0.177286,1.0,0.59281,0.160449,-0.176569,1.0,0.645812,0.171227,-0.085976,0.9999,0.592133,0.168209,-0.064179,1.0,0.619832,0.198317,-0.160613,1.0,0.599229,0.195842,-0.152167,1.0,0.694897,0.273918,-0.040251,0.9997,0.549684,0.272081,0.007949,0.9996,0.726163,0.377081,-0.120249,0.994,0.479304,0.375326,-0.075836,0.9849,0.607828,0.32686,-0.221515,0.9847,0.572671,0.318992,-0.245043,0.9742,0.58729,0.299142,-0.234888,0.9541,0.591833,0.289015,-0.275276,0.9289,0.591674,0.287982,-0.23122,0.9484,0.59558,0.281601,-0.251891,0.914,0.598306,0.295469,-0.215026,0.9224,0.59163,0.290759,-0.239293,0.8807,0.635714,0.506405,-0.031142,0.9997,0.555295,0.4849,0.031901,0.9989,0.617313,0.699515,-0.036987,0.9739,0.396312,0.547584,-0.06335,0.9768,0.601581,0.869555,0.047175,0.9871,0.565768,0.572758,0.191535,0.5203,0.598649,0.889338,0.050852,0.8997,0.587107,0.56074,0.215179,0.5874,0.588591,0.927099,-0.050975,0.9755,0.583825,0.657133,0.222821,0.5558
vrikshasana_tf_0225,vrikshasana,,TF,train,unlabelled,,Apache-2.0,data/datasets/yoga_poses/train/tree/guy1_tree098.jpg,True,300,300,True,0.9987,0.4651,178.797,28.211,53.595,21.48,29.654,33.063,169.283,111.167,121.045,159.31,28.211,178.797,21.48,53.595,121.045,159.31,111.167,169.283,20.677,43.677,111.167,178.797,53.595,43.677,8.073,8.073,10.018,1.816,15.497,21.18,-0.9901,-0.4378,1.3626,0.6355,0.60756,0.183537,-0.196675,1.0,0.620016,0.170011,-0.185183,0.9999,0.627017,0.170855,-0.184847,0.9999,0.633908,0.171517,-0.184732,0.9999,0.602808,0.168015,-0.177377,0.9999,0.598178,0.167743,-0.178442,0.9999,0.593211,0.167572,-0.177784,0.9999,0.646634,0.178358,-0.087152,0.9999,0.593358,0.175614,-0.065429,1.0,0.619976,0.204978,-0.161946,1.0,0.59907,0.203,-0.153439,1.0,0.695008,0.284276,-0.042654,0.9996,0.552116,0.279745,0.006369,0.9996,0.721163,0.386321,-0.126454,0.9931,0.483288,0.385529,-0.077664,0.9816,0.60414,0.338971,-0.241313,0.9828,0.569002,0.324457,-0.255801,0.971,0.584095,0.311779,-0.258243,0.9504,0.587624,0.297319,-0.288104,0.9243,0.588711,0.300705,-0.254363,0.9447,0.591384,0.289192,-0.267103,0.9094,0.594903,0.30814,-0.235357,0.9169,0.587383,0.296974,-0.251239,0.8755,0.631774,0.515767,-0.029875,0.9997,0.552164,0.493694,0.030633,0.9987,0.616249,0.710361,-0.030747,0.9687,0.396084,0.55417,-0.074142,0.973,0.599232,0.878944,0.061029,0.9829,0.562283,0.574668,0.171189,0.4651,0.596665,0.89569,0.065575,0.879,0.583294,0.566409,0.194216,0.5552,0.58571,0.938578,-0.035957,0.97,0.580819,0.65685,0.199534,0.4992
vrikshasana_tf_0226,vrikshasana,,TF,train,unlabelled,,Apache-2.0,data/datasets/yoga_poses/train/tree/guy1_tree102.jpg,True,300,300,True,0.9988,0.5822,179.297,30.152,56.452,20.093,26.153,31.833,169.6,110.986,122.985,171.385,30.152,179.297,20.093,56.452,122.985,171.385,110.986,169.6,9.674,41.9,169.6,179.297,56.452,41.9,8.432,8.432,11.28,3.39,15.729,19.926,-0.9892,-0.4147,1.3674,0.606,0.599193,0.195666,-0.197245,1.0,0.61183,0.180766,-0.189016,0.9999,0.618505,0.181661,-0.188672,0.9999,0.625314,0.182641,-0.188485,0.9999,0.596385,0.178801,-0.180014,0.9999,0.592358,0.178343,-0.181042,0.9999,0.588023,0.177802,-0.180368,0.9999,0.639226,0.190157,-0.097189,0.9999,0.590191,0.184961,-0.070165,1.0,0.611179,0.21719,-0.163852,1.0,0.592217,0.21395,-0.153858,1.0,0.688987,0.294577,-0.056944,0.9998,0.550669,0.286383,0.00744,0.9997,0.709788,0.401215,-0.117134,0.9938,0.481777,0.392903,-0.064866,0.9761,0.596819,0.354397,-0.196541,0.9835,0.55809,0.335367,-0.237699,0.9659,0.576151,0.330308,-0.208338,0.9549,0.576857,0.312563,-0.268384,0.9173,0.580105,0.317829,-0.209088,0.95,0.581576,0.303243,-0.24896,0.9024,0.586112,0.324783,-0.190876,0.926,0.577983,0.310647,-0.233865,0.869,0.625981,0.527834,-0.035392,0.9997,0.546617,0.505482,0.036173,0.9988,0.609672,0.725535,-0.029081,0.9786,0.394318,0.560692,-0.045925,0.9758,0.59325,0.898643,0.049761,0.9899,0.550689,0.588901,0.187321,0.5822,0.593229,0.916791,0.052744,0.8991,0.573366,0.58503,0.208733,0.6274,0.572814,0.956999,-0.049541,0.9722,0.555748,0.670267,0.213833,0.6272
vrikshasana_tf_0227,vrikshasana,,TF,train,unlabelled,,Apache-2.0,data/datasets/yoga_poses/train/tree/guy1_tree103.jpg,True,300,300,True,0.999,0.5748,179.287,30.267,58.231,18.792,24.772,30.927,169.726,111.694,123.536,178.384,30.267,179.287,18.792,58.231,123.536,178.384,111.694,169.726,0.662,40.746,169.726,179.287,58.231,40.746,9.276,9.276,13.177,4.794,15.161,19.417,-0.9869,-0.4138,1.3412,0.5964,0.594954,0.197572,-0.204531,1.0,0.607896,0.182817,-0.197298,0.9999,0.614486,0.183581,-0.19695,0.9999,0.621195,0.184433,-0.196758,0.9999,0.593379,0.18091,-0.186698,0.9999,0.589649,0.180309,-0.187707,0.9999,0.585742,0.179727,-0.187067,0.9999,0.636401,0.192372,-0.109999,0.9999,0.590309,0.186916,-0.075816,1.0,0.606913,0.218403,-0.172802,1.0,0.588703,0.215124,-0.16081,1.0,0.688243,0.297822,-0.072137,0.9998,0.552442,0.286431,0.006615,0.9997,0.705326,0.405026,-0.116102,0.9924,0.481157,0.39535,-0.058774,0.9617,0.595721,0.359144,-0.175924,0.977,0.550907,0.340847,-0.24133,0.945,0.574062,0.335984,-0.185604,0.9438,0.567899,0.319272,-0.273924,0.8811,0.57757,0.32278,-0.188656,0.9386,0.573333,0.310168,-0.256889,0.8617,0.5839,0.329348,-0.170704,0.9101,0.571462,0.317524,-0.239316,0.8215,0.623345,0.528423,-0.039393,0.9998,0.543677,0.506836,0.040126,0.999,0.605024,0.720671,-0.030583,0.9803,0.388828,0.561418,-0.032272,0.9751,0.59053,0.895807,0.042466,0.9916,0.549176,0.592151,0.216202,0.5748,0.591781,0.913806,0.044974,0.9045,0.569563,0.587796,0.239167,0.6125,0.562033,0.956996,-0.05513,0.9726,0.557399,0.671805,0.250751,0.6326
vrikshasana_tf_0228,vrikshasana,,TF,train,unlabelled,,Apache-2.0,data/datasets/yoga_poses/train/tree/guy1_tree104.jpg,True,300,300,True,0.999,0.5998,179.35,32.698,60.241,14.764,23.276,30.869,169.653,112.548,125.043,169.658,32.698,179.35,14.764,60.241,125.043,169.658,112.548,169.653,7.651,39.226,169.653,179.35,60.241,39.226,9.499,9.499,14.74,4.761,16.138,19.857,-0.9863,-0.4121,1.3211,0.5837,0.58997,0.198868,-0.198442,1.0,0.602643,0.184081,-0.1917,0.9999,0.609259,0.184585,-0.191342,0.9999,0.615654,0.18497,-0.191159,0.9999,0.588989,0.182685,-0.180433,0.9999,0.585376,0.182169,-0.181421,0.9999,0.581988,0.181655,-0.180809,0.9999,0.631578,0.192173,-0.10634,0.9999,0.587604,0.188556,-0.068728,1.0,0.601856,0.21807,-0.167425,1.0,0.584008,0.214462,-0.15433,1.0,0.685789,0.299003,-0.07056,0.9998,0.552304,0.287887,0.019393,0.9997,0.700174,0.407607,-0.126678,0.9935,0.479594,0.397489,-0.047473,0.9549,0.593217,0.363928,-0.211721,0.9824,0.542526,0.341467,-0.243758,0.9459,0.571097,0.340736,-0.226355,0.9565,0.560346,0.319564,-0.278466,0.8882,0.575035,0.326768,-0.229043,0.9528,0.56546,0.310013,-0.26293,0.8701,0.581094,0.332935,-0.207274,0.928,0.56378,0.317008,-0.242768,0.8302,0.620408,0.531133,-0.041727,0.9997,0.541939,0.508428,0.042524,0.999,0.602348,0.722772,-0.034207,0.9793,0.391155,0.562884,-0.035066,0.9758,0.587781,0.898681,0.040872,0.9909,0.546602,0.598316,0.20362,0.5998,0.588139,0.917749,0.043554,0.9042,0.568773,0.59284,0.225243,0.6478,0.559452,0.956662,-0.057532,0.9751,0.553667,0.674225,0.233668,0.6455
vrikshasana_tf_0229,vrikshasana,,TF,train,unlabelled,,Apache-2.0,data/datasets/yoga_poses/train/tree/guy1_tree105.jpg,True,300,300,True,0.9989,0.6028,179.309,33.551,61.804,15.356,21.333,30.866,169.584,111.724,124.968,171.468,33.551,179.309,15.356,61.804,124.968,171.468,111.724,169.584,6.141,39.151,169.584,179.309,61.804,39.151,9.409,9.409,14.373,5.14,15.415,19.332,-0.9865,-0.4141,1.3117,0.5937,0.586552,0.200782,-0.199076,1.0,0.599476,0.186203,-0.192664,0.9999,0.60607,0.186777,-0.192308,0.9999,0.612569,0.187154,-0.192119,0.9999,0.586342,0.184549,-0.181103,0.9999,0.582975,0.183907,-0.182103,0.9999,0.579734,0.183178,-0.181503,0.9999,0.629291,0.194324,-0.108252,0.9999,0.585426,0.19029,-0.069537,1.0,0.59827,0.220081,-0.168377,1.0,0.58117,0.216129,-0.154948,1.0,0.684435,0.30224,-0.073521,0.9997,0.548315,0.289995,0.017228,0.9997,0.694897,0.411875,-0.130707,0.9923,0.476551,0.399423,-0.049957,0.9574,0.590346,0.368043,-0.219229,0.9803,0.54033,0.34322,-0.24583,0.9516,0.569551,0.343989,-0.234293,0.9532,0.557902,0.320852,-0.280145,0.8986,0.575746,0.32936,-0.237291,0.9492,0.562184,0.310305,-0.264612,0.8817,0.57983,0.336004,-0.215085,0.9232,0.560113,0.316218,-0.244744,0.8443,0.618446,0.534177,-0.041704,0.9997,0.539033,0.512281,0.042489,0.9989,0.600008,0.726861,-0.034002,0.9794,0.389939,0.564588,-0.037938,0.976,0.585281,0.90318,0.039516,0.991,0.545077,0.603896,0.197543,0.6028,0.585748,0.920205,0.041995,0.9039,0.567651,0.597409,0.218894,0.6464,0.555539,0.962917,-0.059591,0.9757,0.553128,0.681081,0.226151,0.6516
vrikshasana_tf_0230,vrikshasana,,TF,train,unlabelled,,Apache-2.0,data/datasets/yoga_poses/train/tree/guy1_tree106.jpg,True,300,300,True,0.9988,0.6447,178.068,35.154,63.756,15.927,19.929,31.42,169.592,113.78,125.198,169.3,35.154,178.068,15.927,63.756,125.198,169.3,113.78,169.592,8.366,38.931,169.592,178.068,63.756,38.931,9.4,9.4,14.079,4.862,16.064,21.445,-0.9866,-0.4233,1.3505,0.5951,0.581507,0.202989,-0.201889,1.0,0.594903,0.188826,-0.196129,0.9999,0.601724,0.189568,-0.195778,0.9999,0.608254,0.190201,-0.195566,0.9998,0.581811,0.186952,-0.185049,0.9999,0.578314,0.186321,-0.186082,0.9999,0.575199,0.185621,-0.185472,0.9999,0.625228,0.198433,-0.112012,0.9998,0.580816,0.192757,-0.07586,0.9999,0.593221,0.222438,-0.170976,1.0,0.575805,0.218389,-0.1582,1.0,0.679135,0.305268,-0.073427,0.9997,0.543919,0.293765,0.013159,0.9997,0.686798,0.413288,-0.127051,0.9912,0.47127,0.402475,-0.044924,0.9462,0.584904,0.371735,-0.219592,0.9797,0.533329,0.349809,-0.234958,0.9413,0.564481,0.350925,-0.235393,0.953,0.551649,0.328596,-0.267373,0.8844,0.56977,0.335669,-0.237522,0.9489,0.55698,0.317341,-0.253491,0.867,0.574045,0.341275,-0.214999,0.9212,0.554581,0.324668,-0.234127,0.8264,0.613585,0.535819,-0.040045,0.9996,0.534974,0.513184,0.040857,0.9988,0.594802,0.732193,-0.031828,0.981,0.391225,0.569649,-0.045765,0.9785,0.583833,0.909938,0.038662,0.9927,0.537827,0.60541,0.185573,0.6447,0.583363,0.929142,0.040588,0.9136,0.562171,0.59959,0.206678,0.6625,0.557493,0.97336,-0.060419,0.975,0.553892,0.691838,0.213775,0.6872
vrikshasana_tf_0231,vrikshasana,,TF,train,unlabelled,,Apache-2.0,data/datasets/yoga_poses/train/tree/guy1_tree109.jpg,True,300,300,True,0.9994,0.652,178.478,36.517,62.737,12.973,15.659,30.922,169.986,111.52,122.558,166.75,36.517,178.478,12.973,62.737,122.558,166.75,111.52,169.986,11.069,42.182,111.52,178.478,62.737,42.182,9.009,9.009,13.753,5.416,17.89,19.339,-0.9877,-0.3987,1.2838,0.5712,0.568316,0.213724,-0.210558,1.0,0.581457,0.198851,-0.203325,0.9999,0.587928,0.199427,-0.202947,0.9999,0.594023,0.199909,-0.202723,0.9999,0.569024,0.197185,-0.193571,0.9999,0.565977,0.196495,-0.194517,0.9999,0.562968,0.195795,-0.193977,0.9999,0.610803,0.205925,-0.11424,0.9999,0.569676,0.201834,-0.085289,1.0,0.579419,0.232757,-0.178118,1.0,0.563301,0.229454,-0.167586,1.0,0.665339,0.313336,-0.073617,0.9999,0.532258,0.300718,0.003667,0.9997,0.666123,0.425705,-0.105193,0.99,0.461661,0.409004,-0.060488,0.9256,0.567549,0.375774,-0.162478,0.9806,0.519989,0.352825,-0.252135,0.9027,0.552017,0.348365,-0.172502,0.9545,0.537782,0.330564,-0.284691,0.8269,0.557283,0.334927,-0.176893,0.9511,0.544721,0.318642,-0.266915,0.803,0.560163,0.342521,-0.157843,0.9239,0.541783,0.325937,-0.250004,0.7537,0.600616,0.550579,-0.034231,0.9998,0.52369,0.525747,0.035066,0.9994,0.58307,0.741673,-0.012192,0.9793,0.383102,0.575089,-0.04942,0.9806,0.571694,0.916444,0.070171,0.9917,0.526522,0.619423,0.172965,0.652,0.56926,0.93699,0.073326,0.9067,0.549186,0.614364,0.192902,0.6467,0.544526,0.975007,-0.030013,0.9775,0.533741,0.699852,0.192284,0.7047
vrikshasana_tf_0232,vrikshasana,,TF,train,unlabelled,,Apache-2.0,data/datasets/yoga_poses/train/tree/guy1_tree110.jpg,True,300,300,True,0.999,0.4875,177.111,36.353,64.758,13.12,14.239,32.694,171.722,109.89,123.43,164.931,36.353,177.111,13.12,64.758,123.43,164.931,109.89,171.722,13.966,41.829,171.722,177.111,64.758,41.829,8.203,8.203,13.247,5.078,17.033,18.787,-0.9898,-0.4065,1.3587,0.5741,0.561718,0.214582,-0.205863,1.0,0.575198,0.200232,-0.200187,0.9999,0.581397,0.200803,-0.199853,0.9999,0.587663,0.201353,-0.199659,0.9999,0.563639,0.198088,-0.189536,0.9999,0.560897,0.197096,-0.19054,0.9999,0.558347,0.196051,-0.189978,0.9999,0.605524,0.208142,-0.114065,0.9999,0.56436,0.202181,-0.081822,0.9999,0.572,0.233397,-0.173911,1.0,0.557347,0.22896,-0.162279,1.0,0.660717,0.315163,-0.077814,0.9998,0.527542,0.30333,0.013899,0.9997,0.659726,0.428273,-0.127559,0.9921,0.454037,0.413144,-0.043318,0.9385,0.561284,0.380802,-0.208228,0.9857,0.512764,0.35822,-0.236319,0.932,0.543625,0.357568,-0.220775,0.9687,0.530344,0.33796,-0.268107,0.8737,0.549099,0.343037,-0.227001,0.9661,0.535342,0.323958,-0.252428,0.8554,0.552725,0.349234,-0.204702,0.9463,0.533022,0.331393,-0.235237,0.8165,0.598594,0.55128,-0.04071,0.9998,0.523214,0.528185,0.041526,0.999,0.576184,0.749134,-0.035105,0.9756,0.383242,0.575801,-0.022693,0.9617,0.564548,0.935478,0.013112,0.9884,0.527015,0.621313,0.205481,0.4875,0.562493,0.958925,0.012767,0.897,0.551988,0.614533,0.225694,0.5835,0.524351,0.98388,-0.089124,0.9509,0.525865,0.700125,0.235189,0.5659
vrikshasana_tf_0233,vrikshasana,,TF,train,unlabelled,,Apache-2.0,data/datasets/yoga_poses/train/tree/guy1_tree111.jpg,True,300,300,True,0.9987,0.5374,176.064,39.12,64.197,14.769,13.068,31.61,171.863,111.839,122.89,164.287,39.12,176.064,14.769,64.197,122.89,164.287,111.839,171.863,14.32,42.13,171.863,176.064,64.197,42.13,8.437,8.437,13.423,6.195,17.418,20.446,-0.9892,-0.4039,1.3225,0.5685,0.554325,0.218487,-0.206745,1.0,0.567563,0.20405,-0.201711,0.9999,0.574009,0.20499,-0.201391,0.9999,0.580356,0.205909,-0.201174,0.9998,0.556675,0.201863,-0.190474,0.9999,0.554175,0.201044,-0.191482,0.9999,0.551758,0.20011,-0.190982,0.9999,0.598859,0.213609,-0.118827,0.9999,0.560965,0.20657,-0.083732,0.9999,0.565115,0.238117,-0.176079,0.9999,0.550585,0.234418,-0.163684,0.9999,0.653829,0.318556,-0.085034,0.9998,0.523686,0.30443,0.012016,0.9996,0.650065,0.431252,-0.117277,0.9898,0.450454,0.417185,-0.048763,0.9199,0.555988,0.381827,-0.167352,0.9798,0.506198,0.36659,-0.242546,0.9098,0.538483,0.357939,-0.175926,0.956,0.523508,0.346631,-0.27419,0.8387,0.544277,0.343305,-0.180877,0.9521,0.53047,0.333971,-0.258955,0.817,0.54868,0.349815,-0.162331,0.9262,0.528006,0.340595,-0.241955,0.7755,0.591686,0.550791,-0.041975,0.9997,0.518255,0.527753,0.042818,0.9987,0.568673,0.742536,-0.047169,0.9771,0.378888,0.579709,-0.016942,0.9623,0.559221,0.928622,-0.008014,0.9892,0.518325,0.626836,0.212369,0.5374,0.561696,0.951466,-0.009547,0.9002,0.54524,0.618459,0.232817,0.6016,0.519437,0.987507,-0.112283,0.9496,0.515937,0.705208,0.240541,0.6134
vrikshasana_tf_0234,vrikshasana,,TF,train,unlabelled,,Apache-2.0,data/datasets/yoga_poses/train/tree/guy1_tree113.jpg,True,300,300,True,0.9989,0.4218,176.329,37.862,63.593,17.392,7.407,32.645,173.443,107.817,117.829,168.38,37.862,176.329,17.392,63.593,117.829,168.38,107.817,173.443,11.988,48.219,173.443,176.329,63.593,48.219,7.014,7.014,10.368,7.026,17.905,18.185,-0.9925,-0.3764,1.3291,0.5774,0.553839,0.222663,-0.201555,1.0,0.566589,0.207285,-0.194739,0.9999,0.572945,0.207583,-0.194375,0.9999,0.57927,0.207809,-0.194239,0.9999,0.55372,0.205161,-0.18664,0.9999,0.550474,0.204188,-0.187602,0.9999,0.547308,0.203058,-0.187176,0.9999,0.593823,0.215133,-0.100622,0.9999,0.549879,0.208985,-0.080325,1.0,0.563633,0.239821,-0.16662,1.0,0.548052,0.236471,-0.158483,1.0,0.645293,0.319807,-0.061415,0.9998,0.51006,0.303139,0.012712,0.9997,0.631932,0.436266,-0.115212,0.9878,0.439026,0.415603,-0.059085,0.9569,0.538907,0.375966,-0.200281,0.9797,0.497067,0.366327,-0.256719,0.9505,0.523926,0.354057,-0.214068,0.9579,0.511988,0.342774,-0.289697,0.9049,0.528817,0.342214,-0.220666,0.9547,0.516844,0.329288,-0.272268,0.8917,0.534246,0.349529,-0.19721,0.9311,0.515513,0.339076,-0.255004,0.8597,0.586183,0.557731,-0.038476,0.9997,0.51154,0.533615,0.039342,0.9989,0.561175,0.750416,-0.039174,0.9703,0.374453,0.578646,-0.034892,0.9533,0.548899,0.939048,0.008888,0.9768,0.511515,0.62766,0.179005,0.4218,0.550129,0.961165,0.008227,0.8744,0.536001,0.621168,0.197778,0.5456,0.511001,0.980822,-0.098398,0.924,0.516579,0.701664,0.200752,0.4918
vrikshasana_tf_0235,vrikshasana,,TF,train,unlabelled,,Apache-2.0,data/datasets/yoga_poses/train/tree/guy1_tree115.jpg,True,300,300,True,0.9989,0.5235,175.324,40.052,62.76,8.185,0.274,32.478,173.834,108.794,105.717,158.665,40.052,175.324,8.185,62.76,105.717,158.665,108.794,173.834,21.102,60.504,173.834,175.324,62.76,60.504,7.175,7.175,11.542,9.126,19.427,18.562,-0.9922,-0.3173,1.2688,0.5575,0.537675,0.234831,-0.196319,0.9999,0.550683,0.219368,-0.194686,0.9997,0.55582,0.21937,-0.194277,0.9997,0.561438,0.219404,-0.194186,0.9997,0.539959,0.217652,-0.182354,0.9998,0.537613,0.216433,-0.183197,0.9998,0.535435,0.215092,-0.18283,0.9998,0.580629,0.225245,-0.114048,0.9997,0.540065,0.218077,-0.074738,0.9998,0.547649,0.250573,-0.16549,0.9999,0.534135,0.247485,-0.152009,0.9999,0.633837,0.322331,-0.094863,0.9995,0.500599,0.300928,0.024798,0.9995,0.607627,0.431462,-0.147713,0.9835,0.429024,0.412372,-0.02737,0.9026,0.518596,0.354761,-0.188653,0.9818,0.480108,0.353391,-0.209363,0.9315,0.505724,0.328454,-0.196964,0.9637,0.490537,0.329066,-0.236527,0.8813,0.511162,0.317605,-0.199075,0.9596,0.498023,0.317753,-0.222324,0.8642,0.514744,0.325896,-0.183193,0.9351,0.498042,0.327401,-0.208776,0.8282,0.574333,0.564975,-0.036135,0.9996,0.499635,0.538629,0.037004,0.9989,0.548971,0.754735,-0.032763,0.9787,0.370695,0.581926,-0.074235,0.9694,0.539529,0.938802,0.015843,0.986,0.502654,0.63388,0.117215,0.5235,0.541524,0.960149,0.015645,0.8971,0.526179,0.627561,0.134115,0.578,0.499876,0.994063,-0.092789,0.9458,0.505838,0.707497,0.123662,0.6029
vrikshasana_tf_0236,vrikshasana,,TF,train,unlabelled,,Apache-2.0,data/datasets/yoga_poses/train/tree/guy1_tree116.jpg,True,300,300,True,0.9992,0.554,174.693,41.082,62.866,0.318,4.253,37.615,173.919,107.193,96.099,142.228,41.082,174.693,0.318,62.866,96.099,142.228,107.193,173.919,37.029,70.177,173.919,174.693,62.866,70.177,7.399,7.399,12.264,8.566,18.669,16.45,-0.9917,-0.3585,1.2914,0.5408,0.531711,0.233808,-0.183047,0.9999,0.545141,0.219944,-0.18199,0.9997,0.550281,0.220096,-0.181539,0.9997,0.55566,0.220248,-0.181436,0.9997,0.53414,0.218049,-0.168141,0.9998,0.531779,0.216777,-0.168946,0.9997,0.529619,0.215382,-0.168529,0.9997,0.574242,0.226512,-0.1083,0.9997,0.5349,0.219508,-0.063212,0.9998,0.541231,0.25044,-0.155336,0.9999,0.527698,0.247833,-0.140201,0.9999,0.626354,0.328683,-0.100707,0.9995,0.499144,0.309522,0.034442,0.9992,0.594082,0.428136,-0.154967,0.9855,0.421673,0.407415,-0.018911,0.8838,0.50765,0.341366,-0.179859,0.9886,0.472244,0.344237,-0.196559,0.9235,0.4966,0.310982,-0.18645,0.9769,0.48022,0.321023,-0.221206,0.8667,0.503132,0.302556,-0.189088,0.9741,0.488042,0.31203,-0.203382,0.8472,0.506682,0.312269,-0.17461,0.9563,0.49155,0.321484,-0.194683,0.8141,0.568107,0.567175,-0.037083,0.9997,0.496118,0.542852,0.037911,0.9992,0.542351,0.759086,-0.036979,0.9837,0.373479,0.579063,-0.089402,0.9716,0.53503,0.938512,0.01708,0.9911,0.49354,0.634112,0.103531,0.554,0.537088,0.95837,0.017504,0.9132,0.51521,0.628392,0.120946,0.6142,0.497537,0.993286,-0.09116,0.968,0.491832,0.706659,0.112157,0.6395
vrikshasana_tf_0237,vrikshasana,,TF,train,unlabelled,,Apache-2.0,data/datasets/yoga_poses/train/tree/guy1_tree117.jpg,True,300,300,True,0.9988,0.6186,174.974,43.76,64.759,0.211,7.152,38.454,173.986,108.027,95.617,141.214,43.76,174.974,0.211,64.759,95.617,141.214,108.027,173.986,38.091,70.992,173.986,174.974,64.759,70.992,7.146,7.146,13.185,11.032,19.861,17.332,-0.9922,-0.3102,1.2677,0.5261,0.524748,0.239881,-0.17409,0.9998,0.537854,0.224956,-0.177365,0.9997,0.542946,0.225115,-0.176882,0.9997,0.548253,0.225233,-0.17677,0.9997,0.52721,0.22302,-0.162174,0.9997,0.52495,0.221741,-0.163038,0.9997,0.522674,0.220316,-0.162612,0.9997,0.567049,0.229834,-0.110114,0.9997,0.528197,0.222275,-0.060183,0.9998,0.535558,0.256544,-0.147111,0.9999,0.521623,0.253432,-0.130823,0.9998,0.619338,0.326908,-0.101843,0.9996,0.494678,0.302604,0.04452,0.9991,0.584249,0.420545,-0.151772,0.9819,0.416441,0.398708,0.036242,0.8386,0.504162,0.338236,-0.158048,0.9835,0.466099,0.338168,-0.075305,0.8706,0.491919,0.307039,-0.162314,0.969,0.474164,0.311448,-0.089819,0.7909,0.49911,0.299693,-0.166076,0.9651,0.481866,0.304642,-0.072865,0.766,0.50285,0.310335,-0.153025,0.9418,0.4857,0.319407,-0.071955,0.7315,0.562181,0.566996,-0.040328,0.9996,0.49178,0.541565,0.041102,0.9988,0.537295,0.759218,-0.048397,0.9822,0.367914,0.58022,-0.071063,0.972,0.529775,0.942347,-0.024051,0.9908,0.486871,0.639345,0.108238,0.6186,0.533671,0.963097,-0.026486,0.9232,0.513022,0.635901,0.124475,0.6647,0.488296,0.996023,-0.134088,0.96,0.484028,0.717334,0.115953,0.6902
vrikshasana_tf_0238,vrikshasana,,TF,train,unlabelled,,Apache-2.0,data/datasets/yoga_poses/train/tree/guy1_tree120.jpg,True,300,300,True,0.998,0.6072,176.382,45.206,69.883,29.147,20.462,60.429,174.04,103.216,76.923,49.082,45.206,176.382,29.147,69.883,49.082,76.923,103.216,174.04,91.041,129.905,174.04,176.382,69.883,91.041,6.853,6.853,14.982,0.402,17.81,12.203,-0.9929,-0.3101,1.2787,0.4941,0.51032,0.252725,-0.157947,0.9996,0.518576,0.238592,-0.161152,0.9995,0.523235,0.23877,-0.160571,0.9995,0.527861,0.238982,-0.160537,0.9995,0.50868,0.23666,-0.14482,0.9993,0.506668,0.235801,-0.145736,0.999,0.504326,0.234959,-0.145131,0.9993,0.545487,0.24378,-0.101144,0.9987,0.507276,0.239206,-0.046249,0.9993,0.521918,0.271619,-0.134842,0.9995,0.508113,0.273708,-0.117349,0.9994,0.597523,0.326339,-0.10162,0.9987,0.479594,0.327165,0.044735,0.9986,0.555128,0.392891,-0.2164,0.9788,0.391475,0.375124,0.125695,0.9277,0.484149,0.300004,-0.285591,0.9829,0.442249,0.294795,0.137766,0.9362,0.472433,0.265373,-0.301074,0.9711,0.44874,0.257018,0.139799,0.8646,0.478893,0.260723,-0.301617,0.9663,0.457141,0.25741,0.150714,0.8489,0.483462,0.271045,-0.283287,0.9433,0.459903,0.274288,0.141397,0.8324,0.544546,0.574814,-0.044577,0.9994,0.475606,0.552666,0.045392,0.998,0.523981,0.768028,-0.056604,0.9795,0.362107,0.577212,-0.105633,0.9765,0.516191,0.949529,-0.044203,0.9926,0.47068,0.647727,0.057909,0.6072,0.521269,0.966343,-0.048221,0.906,0.489599,0.646203,0.073815,0.6506,0.467614,0.999129,-0.161214,0.9732,0.474821,0.726199,0.064834,0.699
vrikshasana_tf_0239,vrikshasana,,TF,train,unlabelled,,Apache-2.0,data/datasets/yoga_poses/train/tree/guy1_tree122.jpg,True,300,300,True,0.9982,0.5848,175.299,46.949,86.697,39.768,37.686,71.258,174.592,104.265,68.589,37.077,46.949,175.299,39.768,86.697,37.077,68.589,104.265,174.592,99.481,141.463,174.592,175.299,86.697,99.481,7.006,7.006,16.563,0.078,19.47,12.805,-0.9925,-0.3019,1.2637,0.4698,0.496866,0.249211,-0.157598,0.9997,0.506302,0.235434,-0.161772,0.9995,0.511047,0.235292,-0.161206,0.9996,0.515593,0.234938,-0.161208,0.9996,0.496573,0.235475,-0.14394,0.9995,0.494301,0.235317,-0.144841,0.9993,0.492148,0.234993,-0.144319,0.9995,0.534252,0.240812,-0.108874,0.9993,0.497571,0.237942,-0.046989,0.9995,0.51088,0.266965,-0.137162,0.9997,0.495497,0.269112,-0.117768,0.9996,0.587355,0.323012,-0.121605,0.9989,0.472606,0.322855,0.032726,0.9982,0.536664,0.366129,-0.244227,0.9827,0.376086,0.352885,0.059208,0.9315,0.469003,0.276604,-0.298054,0.9863,0.431128,0.267965,0.025353,0.9342,0.459463,0.240962,-0.31245,0.975,0.437483,0.231501,0.02169,0.8595,0.466273,0.23667,-0.311625,0.9704,0.445795,0.232382,0.037441,0.8395,0.470134,0.247399,-0.295343,0.9499,0.447638,0.247754,0.029024,0.8247,0.533659,0.577166,-0.044118,0.9995,0.466727,0.553503,0.044849,0.9985,0.511544,0.770617,-0.067583,0.9822,0.357584,0.578311,-0.111622,0.9728,0.505827,0.950435,-0.034647,0.9913,0.456946,0.645694,0.028914,0.5848,0.510666,0.969413,-0.035951,0.8972,0.478619,0.64494,0.042627,0.6091,0.456029,0.994744,-0.141914,0.9703,0.461456,0.723062,0.034491,0.676
vrikshasana_tf_0240,vrikshasana,,TF,train,unlabelled,,Apache-2.0,data/datasets/yoga_poses/train/tree/guy1_tree123.jpg,True,300,300,True,0.998,0.538,175.59,46.577,93.51,47.838,47.182,75.329,174.371,104.274,61.436,33.067,46.577,175.59,47.838,93.51,33.067,61.436,104.274,174.371,106.803,145.379,174.371,175.59,93.51,106.803,6.965,6.965,19.718,0.026,20.578,12.72,-0.9926,-0.2828,1.2478,0.4544,0.487017,0.252119,-0.142116,0.9997,0.496592,0.237032,-0.149169,0.9995,0.50047,0.236147,-0.148639,0.9995,0.504402,0.235031,-0.148624,0.9995,0.488665,0.23774,-0.129596,0.9995,0.487435,0.237671,-0.130505,0.9993,0.485788,0.237253,-0.130042,0.9994,0.523224,0.239135,-0.109357,0.9994,0.489778,0.241254,-0.038638,0.9995,0.498181,0.267091,-0.126106,0.9996,0.486819,0.268828,-0.104234,0.9995,0.580983,0.3218,-0.123727,0.9987,0.46897,0.321851,0.032876,0.998,0.530021,0.35249,-0.243658,0.9826,0.371461,0.344572,0.046959,0.9337,0.465592,0.258981,-0.290532,0.9849,0.423157,0.251484,0.001132,0.9327,0.454419,0.228725,-0.303924,0.973,0.427782,0.222971,-0.004804,0.8553,0.462666,0.224129,-0.304797,0.9681,0.435152,0.222114,0.013138,0.8347,0.466836,0.234341,-0.288641,0.9471,0.437056,0.23386,0.004693,0.8236,0.527502,0.578688,-0.046438,0.9996,0.462662,0.554345,0.047143,0.9986,0.506597,0.773277,-0.069478,0.9868,0.351492,0.579439,-0.094641,0.9666,0.501218,0.952219,-0.044461,0.9877,0.454083,0.648264,0.057572,0.538,0.505957,0.971422,-0.046192,0.9103,0.474973,0.647403,0.072385,0.5812,0.453706,0.995359,-0.153796,0.9568,0.446703,0.723825,0.06795,0.634
vrikshasana_tf_0241,vrikshasana,,TF,train,unlabelled,,Apache-2.0,data/datasets/yoga_poses/train/tree/guy1_tree124.jpg,True,300,300,True,0.9956,0.4982,176.697,47.033,112.923,55.793,71.474,83.16,173.72,103.996,52.148,33.299,47.033,176.697,55.793,112.923,33.299,52.148,103.996,173.72,116.089,144.377,173.72,176.697,112.923,116.089,7.312,7.312,22.663,0.001,19.288,11.673,-0.9919,-0.2156,1.2528,0.4425,0.48208,0.274065,-0.14031,0.999,0.490109,0.25708,-0.1509,0.999,0.494651,0.255941,-0.15038,0.999,0.498603,0.252236,-0.150355,0.999,0.482661,0.257565,-0.130013,0.9987,0.481726,0.257012,-0.130975,0.9979,0.479738,0.255997,-0.130546,0.9986,0.514483,0.25322,-0.121316,0.9982,0.485016,0.255838,-0.04495,0.9989,0.492987,0.287148,-0.126515,0.9989,0.480271,0.285529,-0.103266,0.9985,0.573626,0.326745,-0.134421,0.9975,0.465523,0.326744,0.029316,0.9956,0.513661,0.333856,-0.242546,0.9743,0.364251,0.334744,0.09765,0.903,0.458689,0.237424,-0.275607,0.9707,0.413751,0.247927,0.104844,0.8656,0.448778,0.207265,-0.290885,0.9526,0.421845,0.216978,0.105794,0.7479,0.457361,0.204041,-0.289959,0.9444,0.429152,0.215889,0.116769,0.7255,0.461514,0.213978,-0.273444,0.9142,0.429415,0.229303,0.107366,0.7236,0.520809,0.580396,-0.050579,0.9991,0.45615,0.557768,0.051378,0.997,0.502309,0.773151,-0.081629,0.9822,0.348056,0.5801,-0.088175,0.9434,0.495451,0.953416,-0.060851,0.9799,0.448005,0.651024,0.061238,0.4982,0.502366,0.973805,-0.062992,0.9108,0.471241,0.648896,0.076106,0.5506,0.442961,0.998064,-0.170751,0.9329,0.444009,0.723336,0.066352,0.6057
vrikshasana_tf_0242,vrikshasana,,TF,train,unlabelled,,Apache-2.0,data/datasets/yoga_poses/train/tree/guy1_tree127.jpg,True,300,300,True,0.9945,0.5228,172.773,47.421,130.424,77.838,90.533,98.729,176.976,102.327,47.142,28.325,47.421,172.773,77.838,130.424,28.325,47.142,102.327,176.976,122.235,148.402,176.976,172.773,130.424,122.235,7.18,7.18,20.951,2.191,20.706,9.054,-0.9922,-0.2206,1.2477,0.3929,0.475545,0.270309,-0.13474,0.9994,0.484902,0.256864,-0.142452,0.9992,0.488477,0.257151,-0.141921,0.9992,0.491959,0.257232,-0.141902,0.9992,0.478138,0.254184,-0.12263,0.9992,0.477184,0.252975,-0.123524,0.9988,0.475969,0.25173,-0.123235,0.9991,0.507422,0.259575,-0.111004,0.9989,0.480072,0.258342,-0.038858,0.999,0.483886,0.284581,-0.120842,0.9989,0.473218,0.280689,-0.09908,0.9985,0.558594,0.323123,-0.136349,0.9964,0.461263,0.326848,0.031871,0.9945,0.494433,0.310471,-0.236066,0.982,0.356642,0.304605,0.107163,0.9172,0.43969,0.212791,-0.25182,0.9724,0.398722,0.210816,0.119637,0.8792,0.43038,0.175854,-0.269335,0.955,0.405988,0.176053,0.117704,0.7754,0.43804,0.171582,-0.268782,0.9482,0.412081,0.17363,0.124827,0.7578,0.44194,0.183297,-0.250005,0.9235,0.412489,0.187679,0.120029,0.7644,0.509917,0.582651,-0.053733,0.9992,0.447973,0.559238,0.054711,0.9973,0.48493,0.769937,-0.077885,0.9848,0.341533,0.576199,-0.074596,0.9442,0.483724,0.955725,-0.065532,0.9737,0.43508,0.650257,0.068325,0.5228,0.491168,0.973753,-0.06882,0.9233,0.45596,0.650646,0.082012,0.5915,0.42368,1.000923,-0.175147,0.916,0.431767,0.718449,0.074434,0.6245
vrikshasana_tf_0243,vrikshasana,,TF,train,unlabelled,,Apache-2.0,data/datasets/yoga_poses/train/tree/guy1_tree128.jpg,True,300,300,True,0.9932,0.6844,171.754,49.294,148.148,90.297,107.127,110.756,177.237,100.972,43.764,23.872,49.294,171.754,90.297,148.148,23.872,43.764,100.972,177.237,126.142,153.853,177.237,171.754,148.148,126.142,6.367,6.367,16.461,1.501,19.541,8.697,-0.9938,-0.2458,1.1847,0.3948,0.468953,0.263696,-0.152844,0.9994,0.480057,0.250265,-0.154412,0.9992,0.483928,0.250576,-0.15388,0.9992,0.487628,0.250919,-0.153863,0.9992,0.472874,0.249132,-0.136891,0.9991,0.47181,0.248791,-0.137758,0.9988,0.470534,0.248358,-0.137428,0.999,0.503263,0.256768,-0.110064,0.9988,0.477062,0.255428,-0.046864,0.9988,0.476589,0.277942,-0.135531,0.9986,0.466095,0.275708,-0.116343,0.9982,0.552025,0.326702,-0.143545,0.9956,0.452976,0.324106,0.019582,0.9932,0.487471,0.293496,-0.250404,0.9874,0.361315,0.285139,0.078967,0.9362,0.432757,0.202175,-0.269192,0.9769,0.397507,0.198765,0.083669,0.915,0.42613,0.164468,-0.289782,0.9588,0.405017,0.163135,0.078135,0.8308,0.432719,0.16212,-0.285183,0.9523,0.409674,0.163024,0.08282,0.8154,0.435511,0.174692,-0.266399,0.9354,0.409351,0.175727,0.082323,0.826,0.505879,0.585936,-0.049895,0.999,0.443452,0.563779,0.050962,0.9968,0.481869,0.772588,-0.073749,0.9919,0.342139,0.579276,-0.054522,0.9646,0.484671,0.947893,-0.053666,0.9757,0.430995,0.655428,0.085793,0.6844,0.491406,0.965637,-0.05633,0.9394,0.451806,0.656802,0.09877,0.7197,0.429343,1.000339,-0.167771,0.9121,0.42107,0.726031,0.088861,0.7408
vrikshasana_tf_0244,vrikshasana,,TF,train,unlabelled,,Apache-2.0,data/datasets/yoga_poses/train/tree/guy1_tree129.jpg,True,300,300,True,0.995,0.6259,172.978,47.569,150.556,98.729,112.621,113.906,178.248,102.166,41.417,25.167,47.569,172.978,98.729,150.556,25.167,41.417,102.166,178.248,129.398,151.588,178.248,172.978,150.556,129.398,6.339,6.339,17.85,4.158,22.278,8.921,-0.9939,-0.2439,1.2124,0.3504,0.464354,0.260427,-0.138958,0.9996,0.475151,0.246423,-0.142913,0.9995,0.478614,0.246671,-0.142361,0.9995,0.481862,0.246919,-0.142311,0.9995,0.469198,0.245493,-0.124501,0.9995,0.468397,0.245186,-0.125352,0.9993,0.467426,0.244884,-0.125121,0.9994,0.497463,0.253421,-0.107137,0.9993,0.475968,0.252569,-0.039774,0.9993,0.471003,0.275423,-0.124403,0.9993,0.462292,0.273114,-0.10417,0.999,0.545351,0.325753,-0.144971,0.9974,0.456397,0.319287,0.029445,0.995,0.479774,0.285084,-0.240013,0.9892,0.365995,0.272924,0.092477,0.9386,0.430917,0.196029,-0.250205,0.9816,0.394459,0.187467,0.092024,0.9303,0.425662,0.157081,-0.269245,0.9673,0.402481,0.15616,0.085835,0.8626,0.431683,0.15399,-0.266522,0.9627,0.407052,0.155216,0.091608,0.8507,0.434159,0.167115,-0.247918,0.9497,0.406416,0.16632,0.0909,0.86,0.502966,0.58788,-0.054225,0.9989,0.442571,0.563137,0.055217,0.996,0.478362,0.776484,-0.076812,0.9903,0.335864,0.579888,-0.027534,0.9527,0.477067,0.957145,-0.056659,0.9583,0.426844,0.652641,0.105773,0.6259,0.485625,0.973775,-0.059166,0.9207,0.448261,0.655026,0.117652,0.6846,0.419477,1.001222,-0.164351,0.86,0.421476,0.724892,0.116727,0.6807
vrikshasana_tf_0245,vrikshasana,,TF,train,unlabelled,,Apache-2.0,data/datasets/yoga_poses/train/tree/guy1_tree130.jpg,True,300,300,True,0.9959,0.8256,172.008,50.638,154.181,106.865,120.827,118.834,179.446,106.628,38.41,23.413,50.638,172.008,106.865,154.181,23.413,38.41,106.628,179.446,133.194,152.483,179.446,172.008,154.181,133.194,6.334,6.334,17.344,5.792,24.244,12.523,-0.9939,-0.2479,1.1561,0.3086,0.457727,0.255655,-0.131134,0.9998,0.469113,0.240613,-0.138637,0.9997,0.472454,0.240683,-0.138114,0.9997,0.475533,0.240739,-0.137908,0.9997,0.463889,0.240479,-0.117959,0.9997,0.463425,0.24049,-0.118844,0.9996,0.462752,0.240466,-0.118559,0.9997,0.492312,0.248197,-0.117953,0.9996,0.473238,0.248268,-0.039166,0.9997,0.464433,0.270108,-0.121956,0.9996,0.456866,0.268785,-0.098827,0.9995,0.536046,0.323339,-0.160794,0.9985,0.45717,0.315338,0.034368,0.9976,0.463465,0.264094,-0.241433,0.9887,0.370355,0.259092,0.125727,0.9333,0.427071,0.185896,-0.238023,0.971,0.395311,0.172477,0.163376,0.9233,0.423157,0.145249,-0.253733,0.9525,0.404792,0.142426,0.159447,0.8516,0.42919,0.143421,-0.259481,0.9477,0.408932,0.141838,0.170021,0.8406,0.430968,0.158306,-0.238669,0.9358,0.407456,0.151079,0.164876,0.849,0.497036,0.58764,-0.061051,0.999,0.43949,0.561725,0.061907,0.9959,0.472008,0.769356,-0.074455,0.9933,0.32909,0.586247,0.053718,0.9607,0.472484,0.951196,-0.043621,0.9729,0.421347,0.658624,0.179578,0.8256,0.480524,0.970633,-0.044531,0.9482,0.447188,0.662691,0.189098,0.824,0.41998,0.998314,-0.140577,0.8927,0.409829,0.728157,0.19219,0.8511
vrikshasana_tf_0246,vrikshasana,,TF,train,unlabelled,,Apache-2.0,data/datasets/yoga_poses/train/tree/guy1_tree131.jpg,True,300,300,True,0.9957,0.8425,173.043,55.038,157.651,113.67,130.993,125.586,179.867,107.159,30.971,18.92,55.038,173.043,113.67,157.651,18.92,30.971,107.159,179.867,141.578,156.117,179.867,173.043,157.651,141.578,6.246,6.246,14.92,9.715,26.021,12.196,-0.9941,-0.2479,1.1258,0.2613,0.464125,0.251229,-0.12745,0.9998,0.474801,0.239395,-0.132942,0.9997,0.477705,0.240129,-0.132409,0.9997,0.480425,0.240517,-0.132193,0.9997,0.469042,0.23769,-0.11282,0.9998,0.467973,0.237377,-0.113632,0.9996,0.466649,0.237106,-0.113276,0.9997,0.492469,0.248731,-0.112092,0.9996,0.473895,0.245944,-0.035645,0.9997,0.470028,0.265977,-0.118169,0.9996,0.461637,0.263374,-0.095634,0.9995,0.527649,0.322322,-0.164812,0.9982,0.459823,0.31071,0.039166,0.9979,0.458443,0.244252,-0.237938,0.9918,0.373476,0.236837,0.107971,0.9575,0.42752,0.155489,-0.232615,0.9796,0.402131,0.142397,0.105087,0.9527,0.425992,0.11925,-0.249668,0.9671,0.410179,0.116102,0.09552,0.8964,0.431463,0.117217,-0.253094,0.9636,0.414687,0.113416,0.106895,0.8872,0.4322,0.125174,-0.232818,0.9569,0.413856,0.119782,0.105254,0.8942,0.492429,0.591619,-0.06564,0.9989,0.43775,0.564926,0.066552,0.9957,0.469363,0.771214,-0.080209,0.9945,0.336279,0.586857,0.057516,0.9518,0.468187,0.957786,-0.046129,0.9681,0.420726,0.665171,0.184307,0.8425,0.475155,0.977943,-0.047734,0.94,0.439053,0.67211,0.193145,0.8482,0.414469,1.001447,-0.14187,0.8819,0.400846,0.724502,0.1979,0.8612
vrikshasana_tf_0247,vrikshasana,,TF,train,unlabelled,,Apache-2.0,data/datasets/yoga_poses/train/tree/guy1_tree132.jpg,True,300,300,True,0.9954,0.8523,173.839,60.566,170.016,118.93,140.034,128.204,178.166,110.44,26.709,16.658,60.566,173.839,118.93,170.016,16.658,26.709,110.44,178.166,145.153,157.426,178.166,173.839,170.016,145.153,7.066,7.066,14.454,8.072,24.985,14.524,-0.9924,-0.2493,1.1393,0.2668,0.462913,0.248991,-0.110117,0.9997,0.474454,0.237522,-0.118109,0.9995,0.477289,0.238255,-0.117574,0.9995,0.479968,0.238915,-0.117404,0.9995,0.469248,0.236013,-0.095308,0.9995,0.468532,0.235798,-0.096121,0.9995,0.467536,0.235539,-0.09563,0.9994,0.491619,0.247805,-0.110058,0.9994,0.474825,0.244717,-0.023763,0.9993,0.469418,0.263916,-0.105034,0.9993,0.461797,0.26174,-0.07964,0.9991,0.527286,0.320257,-0.167043,0.9987,0.457057,0.310297,0.048147,0.9954,0.471776,0.230825,-0.258647,0.9961,0.371971,0.227784,0.116594,0.9284,0.430568,0.128026,-0.27924,0.9904,0.400704,0.121955,0.090649,0.9412,0.428351,0.098948,-0.299279,0.9831,0.408426,0.09755,0.077854,0.8819,0.431981,0.097154,-0.302029,0.9811,0.412696,0.095459,0.084905,0.8722,0.4326,0.104013,-0.279204,0.9769,0.41224,0.101928,0.088647,0.8771,0.488339,0.592617,-0.069525,0.9994,0.43059,0.565707,0.070437,0.9968,0.468067,0.776115,-0.071345,0.9967,0.343392,0.588297,0.119619,0.943,0.467609,0.959095,-0.031252,0.9797,0.413527,0.66103,0.287275,0.8523,0.474684,0.97743,-0.031959,0.9622,0.431248,0.66619,0.299434,0.8556,0.412886,1.001835,-0.125732,0.9184,0.395042,0.730618,0.306407,0.8738
vrikshasana_tf_0248,vrikshasana,,TF,train,unlabelled,,Apache-2.0,data/datasets/yoga_poses/train/tree/guy1_tree134.jpg,True,300,300,True,0.9959,0.8243,174.888,67.0,173.962,136.602,148.501,136.958,176.496,117.386,19.705,14.737,67.0,174.888,136.602,173.962,14.737,19.705,117.386,176.496,151.604,157.066,176.496,174.888,173.962,151.604,8.453,8.453,24.376,10.382,27.9,19.19,-0.9891,-0.2041,1.1372,0.237,0.445955,0.265355,-0.092716,0.9993,0.456529,0.250969,-0.107298,0.9992,0.459467,0.250756,-0.106784,0.9993,0.46221,0.250708,-0.106573,0.9993,0.453094,0.25027,-0.079503,0.9992,0.453383,0.249552,-0.080366,0.9992,0.453473,0.248951,-0.079934,0.9991,0.479323,0.255226,-0.123755,0.9991,0.463782,0.253497,-0.015387,0.999,0.455004,0.277587,-0.095452,0.9988,0.450457,0.276387,-0.063609,0.9985,0.521471,0.325709,-0.171396,0.9984,0.459083,0.314278,0.046007,0.9959,0.477099,0.220189,-0.262782,0.9943,0.387502,0.21146,0.119502,0.8243,0.442189,0.104338,-0.278778,0.9823,0.403703,0.10374,0.07109,0.8825,0.43853,0.073596,-0.300766,0.9729,0.411815,0.07601,0.058408,0.8251,0.441064,0.072018,-0.298123,0.9694,0.41714,0.075285,0.055712,0.8188,0.440955,0.079939,-0.277347,0.9631,0.415722,0.084672,0.064503,0.8312,0.479557,0.599899,-0.073621,0.9994,0.422307,0.569587,0.074547,0.9973,0.463454,0.777301,-0.084424,0.9972,0.349781,0.594828,0.158406,0.9106,0.463217,0.958378,-0.046258,0.9882,0.407998,0.659056,0.338161,0.8291,0.471481,0.97774,-0.046541,0.9798,0.422448,0.663628,0.352116,0.852,0.40389,0.996422,-0.137994,0.9585,0.386813,0.727621,0.360759,0.8584
vrikshasana_tf_0249,vrikshasana,,TF,train,unlabelled,,Apache-2.0,data/datasets/yoga_poses/train/tree/guy1_tree135.jpg,True,300,300,True,0.9946,0.7196,177.276,70.738,175.578,146.906,150.559,142.997,175.165,118.096,18.319,12.535,70.738,177.276,146.906,175.578,12.535,18.319,118.096,175.165,152.746,158.805,175.165,177.276,175.578,152.746,8.803,8.803,27.001,12.089,30.754,19.435,-0.9882,-0.21,1.1299,0.2222,0.439164,0.260579,-0.113943,0.9989,0.449786,0.245909,-0.131565,0.9989,0.452828,0.245666,-0.131071,0.9989,0.455726,0.245547,-0.130917,0.999,0.446427,0.245434,-0.10136,0.9988,0.447023,0.244773,-0.102242,0.9987,0.447545,0.244148,-0.101813,0.9987,0.474083,0.249588,-0.157323,0.9988,0.460297,0.248233,-0.037786,0.9987,0.450679,0.273335,-0.119861,0.9986,0.446105,0.272155,-0.084811,0.9982,0.518949,0.323491,-0.206879,0.998,0.46034,0.310939,0.023676,0.9946,0.475628,0.20766,-0.30393,0.9941,0.401951,0.202691,0.108465,0.7196,0.442118,0.091436,-0.318288,0.973,0.411292,0.090331,0.063417,0.8312,0.438229,0.060223,-0.341422,0.9566,0.415987,0.064932,0.050692,0.7844,0.442005,0.059127,-0.337127,0.9538,0.421514,0.062535,0.045438,0.7783,0.442184,0.068521,-0.316471,0.9537,0.421409,0.0707,0.055725,0.793,0.475489,0.599921,-0.077768,0.9994,0.42124,0.567642,0.07864,0.9962,0.462338,0.783387,-0.077904,0.9968,0.348389,0.593347,0.177533,0.8785,0.458069,0.961121,-0.034965,0.9857,0.40288,0.661369,0.360485,0.7927,0.46573,0.981517,-0.034914,0.9753,0.412348,0.675214,0.374139,0.8235,0.393774,0.996184,-0.122299,0.9542,0.37693,0.721493,0.382686,0.8305
vrikshasana_tf_0250,vrikshasana,,TF,train,unlabelled,,Apache-2.0,data/datasets/yoga_poses/train/tree/guy1_tree137.jpg,True,300,300,True,0.9938,0.5736,174.109,86.482,174.216,160.275,152.662,151.013,176.22,128.037,15.268,9.806,86.482,174.109,160.275,174.216,9.806,15.268,128.037,176.22,155.569,160.77,176.22,174.109,174.216,155.569,9.289,9.289,26.552,11.431,32.51,28.612,-0.9869,-0.2287,1.0394,0.1975,0.435736,0.257656,-0.134757,0.9987,0.446597,0.242951,-0.152989,0.9987,0.450334,0.242593,-0.152432,0.9989,0.454026,0.242282,-0.15234,0.9989,0.441913,0.242659,-0.122867,0.9986,0.442407,0.242066,-0.123682,0.9985,0.443104,0.241389,-0.123101,0.9984,0.473019,0.246725,-0.179452,0.9988,0.459853,0.246322,-0.058714,0.9984,0.448533,0.271253,-0.140514,0.9984,0.442132,0.269487,-0.105292,0.9978,0.515322,0.324845,-0.236345,0.9986,0.462935,0.314252,0.016766,0.9938,0.475219,0.202688,-0.345201,0.9958,0.422069,0.199248,0.114042,0.5736,0.44734,0.075795,-0.372858,0.9765,0.422409,0.079765,0.06983,0.7938,0.44346,0.03941,-0.399247,0.955,0.425586,0.050945,0.058097,0.7758,0.446906,0.03615,-0.392572,0.9522,0.43122,0.043631,0.050288,0.7697,0.44702,0.045389,-0.370162,0.9646,0.431009,0.056554,0.061087,0.7865,0.470514,0.602623,-0.083544,0.9996,0.420373,0.570668,0.08451,0.9966,0.454076,0.777048,-0.060586,0.9973,0.359948,0.603629,0.240804,0.855,0.45564,0.95362,0.000641,0.9939,0.405873,0.676754,0.437145,0.8258,0.46233,0.976405,0.002582,0.9887,0.423075,0.680454,0.45153,0.8472,0.389769,0.996585,-0.079596,0.9737,0.385929,0.719851,0.460018,0.8695
vrikshasana_tf_0251,vrikshasana,,TF,train,unlabelled,,Apache-2.0,data/datasets/yoga_poses/train/tree/guy1_tree139.jpg,True,300,300,True,0.9943,0.2947,174.303,115.644,173.98,173.543,154.798,157.914,175.512,154.105,12.918,8.903,115.644,174.303,173.543,173.98,8.903,12.918,154.105,175.512,157.956,161.047,175.512,174.303,173.98,157.956,9.567,9.567,24.613,9.978,34.755,54.055,-0.9861,-0.2507,1.0195,0.1747,0.439718,0.261454,-0.100409,0.9987,0.449717,0.245796,-0.123023,0.9989,0.452947,0.246108,-0.122394,0.999,0.456077,0.24635,-0.122297,0.999,0.446806,0.244838,-0.089686,0.9989,0.44787,0.244606,-0.090496,0.9989,0.449073,0.244355,-0.089934,0.9988,0.475796,0.253116,-0.169209,0.999,0.466115,0.251887,-0.034093,0.9988,0.450285,0.2772,-0.11369,0.9981,0.445777,0.275481,-0.07443,0.9976,0.513432,0.330898,-0.233268,0.9985,0.468502,0.322994,0.042583,0.9943,0.477198,0.205167,-0.34309,0.9949,0.443424,0.205376,0.165112,0.2947,0.451983,0.062985,-0.371083,0.9778,0.432406,0.092575,0.159004,0.633,0.44921,0.030685,-0.39636,0.9669,0.433295,0.065553,0.154964,0.642,0.451553,0.029692,-0.391219,0.9632,0.437554,0.06277,0.146804,0.6372,0.451748,0.038302,-0.368533,0.9559,0.437753,0.069756,0.151395,0.6648,0.470173,0.600195,-0.090194,0.9998,0.42494,0.56881,0.091167,0.9986,0.455744,0.778042,-0.04867,0.9982,0.375231,0.637367,0.310654,0.7589,0.458933,0.950581,0.014614,0.9985,0.403745,0.690078,0.524902,0.7769,0.466848,0.969537,0.017135,0.9928,0.417025,0.696521,0.540854,0.797,0.392641,0.994703,-0.065412,0.9931,0.387496,0.71913,0.542939,0.8672
vrikshasana_tf_0252,vrikshasana,,TF,train,unlabelled,,Apache-2.0,data/datasets/yoga_poses/train/tree/guy1_tree140.jpg,True,300,300,True,0.996,0.2252,174.547,67.833,174.591,178.296,155.996,160.204,175.842,154.742,12.562,8.68,67.833,174.547,174.591,178.296,8.68,12.562,154.742,175.842,158.844,161.039,175.842,174.547,174.591,158.844,9.397,9.397,24.997,5.03,34.376,54.461,-0.9866,-0.2353,1.1896,0.1525,0.440694,0.262058,-0.097151,0.9994,0.450344,0.244551,-0.121821,0.9994,0.453466,0.244552,-0.121159,0.9995,0.456526,0.244554,-0.121047,0.9995,0.447095,0.244181,-0.088685,0.9994,0.447729,0.244004,-0.089514,0.9993,0.448517,0.243827,-0.088868,0.9993,0.474554,0.250973,-0.169618,0.9995,0.46476,0.25127,-0.036102,0.9992,0.450571,0.278195,-0.109963,0.999,0.445378,0.27669,-0.071218,0.9986,0.510054,0.325846,-0.233391,0.9994,0.470005,0.32232,0.049762,0.996,0.476157,0.202873,-0.349847,0.9959,0.450795,0.207707,0.193041,0.2252,0.451514,0.06314,-0.394479,0.9861,0.435633,0.097172,0.218144,0.585,0.450819,0.03128,-0.419861,0.9796,0.437781,0.070687,0.218076,0.6023,0.452849,0.030432,-0.416827,0.9785,0.441865,0.066608,0.212503,0.5964,0.452704,0.0379,-0.392355,0.9727,0.441373,0.074177,0.213443,0.621,0.468768,0.599046,-0.092456,0.9999,0.425214,0.569252,0.093353,0.9991,0.455398,0.771425,-0.037068,0.9987,0.379205,0.633661,0.335337,0.7378,0.458499,0.946014,0.036616,0.9989,0.398443,0.638234,0.56452,0.7662,0.464601,0.965291,0.04077,0.9947,0.405531,0.640084,0.582227,0.8088,0.395486,0.990787,-0.034415,0.9942,0.374005,0.675853,0.594657,0.8674
vrikshasana_tf_0253,vrikshasana,,TF,train,unlabelled,,Apache-2.0,data/datasets/yoga_poses/train/tree/guy1_tree141.jpg,True,300,300,True,0.9946,0.2241,173.906,70.96,173.986,178.364,155.302,160.73,175.312,158.646,12.171,8.002,70.96,173.906,173.986,178.364,8.002,12.171,158.646,175.312,158.427,161.528,175.312,173.906,173.986,158.427,9.915,9.915,23.348,12.411,33.352,58.176,-0.9851,-0.2485,1.1941,0.1803,0.44581,0.26627,-0.108466,0.9991,0.45653,0.251552,-0.13086,0.9992,0.459578,0.252074,-0.130164,0.9993,0.462657,0.252579,-0.130078,0.9993,0.453336,0.250006,-0.099207,0.9991,0.454108,0.249606,-0.100026,0.9991,0.454908,0.249262,-0.099452,0.999,0.479972,0.259355,-0.168346,0.9993,0.469031,0.257377,-0.041815,0.9989,0.454684,0.282401,-0.117616,0.9985,0.449802,0.279988,-0.080889,0.9979,0.514305,0.335166,-0.23279,0.999,0.469003,0.325197,0.046199,0.9946,0.479393,0.207505,-0.364158,0.9944,0.450897,0.208234,0.1854,0.2241,0.456314,0.06628,-0.425855,0.9837,0.436841,0.096405,0.212929,0.5805,0.455525,0.036863,-0.453708,0.977,0.437129,0.070218,0.214108,0.5989,0.457169,0.035974,-0.451249,0.9757,0.44149,0.066081,0.207742,0.5937,0.456534,0.047068,-0.424321,0.9689,0.441847,0.073267,0.208176,0.6192,0.470636,0.598867,-0.089862,0.9999,0.424091,0.568232,0.090857,0.9991,0.456549,0.769661,-0.038313,0.9984,0.381583,0.636726,0.332496,0.7356,0.460724,0.943095,0.031369,0.999,0.402665,0.64151,0.571071,0.7594,0.466175,0.962613,0.034888,0.9939,0.410978,0.644376,0.589664,0.8008,0.398959,0.984882,-0.042523,0.9947,0.383751,0.680622,0.598013,0.861
vrikshasana_tf_0254,vrikshasana,,TF,train,unlabelled,,Apache-2.0,data/datasets/yoga_poses/train/tree/guy1_tree143.jpg,True,300,300,True,0.9955,0.2155,171.708,114.444,171.728,174.284,153.15,157.894,176.824,160.611,13.445,8.685,114.444,171.708,171.728,174.284,8.685,13.445,160.611,176.824,157.526,160.607,176.824,171.708,171.728,157.526,9.819,9.819,28.453,2.468,37.21,59.903,-0.9854,-0.2227,1.0796,0.1619,0.445816,0.266129,-0.105173,0.9993,0.454346,0.249303,-0.129751,0.9994,0.456979,0.249045,-0.129108,0.9995,0.459715,0.248855,-0.129046,0.9995,0.451911,0.249273,-0.096601,0.9993,0.452682,0.249058,-0.097396,0.9992,0.453576,0.248888,-0.096688,0.9991,0.478389,0.25484,-0.177675,0.9995,0.469401,0.255884,-0.043163,0.999,0.456216,0.280845,-0.118325,0.999,0.452172,0.28004,-0.079147,0.9985,0.518849,0.326049,-0.239435,0.9995,0.475989,0.324202,0.041237,0.9955,0.480358,0.206312,-0.354001,0.9968,0.452896,0.209657,0.174336,0.2155,0.45693,0.067038,-0.395322,0.9895,0.442437,0.104552,0.178217,0.5829,0.456994,0.036907,-0.423532,0.9838,0.444567,0.080424,0.176285,0.6118,0.459619,0.036198,-0.41758,0.9828,0.449001,0.070771,0.167995,0.6058,0.459206,0.043684,-0.392387,0.977,0.4485,0.080789,0.171469,0.6246,0.474794,0.603272,-0.091825,0.9999,0.429694,0.569027,0.092813,0.9989,0.457294,0.773965,-0.0234,0.9985,0.396195,0.626821,0.325658,0.7421,0.464332,0.939214,0.056434,0.9992,0.417718,0.657042,0.551654,0.7806,0.473342,0.959208,0.060835,0.9956,0.429062,0.662091,0.56938,0.8223,0.401974,0.978783,-0.013316,0.9963,0.392135,0.682618,0.580075,0.8784
vrikshasana_tf_0255,vrikshasana,,TF,train,unlabelled,,Apache-2.0,data/datasets/yoga_poses/train/tree/guy1_tree144.jpg,True,300,300,True,0.9953,0.1637,172.703,122.643,174.523,176.0,155.053,160.476,176.7,166.448,13.349,8.252,122.643,172.703,174.523,176.0,8.252,13.349,166.448,176.7,157.913,162.358,176.7,172.703,174.523,157.913,9.048,9.048,26.442,6.239,36.946,67.058,-0.9876,-0.2197,1.0088,0.1623,0.453133,0.272567,-0.104604,0.9993,0.46284,0.257087,-0.129246,0.9994,0.465537,0.257046,-0.128629,0.9995,0.46806,0.257067,-0.128573,0.9995,0.460367,0.256151,-0.09672,0.9993,0.461209,0.255639,-0.097525,0.9992,0.462031,0.255219,-0.096783,0.9991,0.484126,0.263372,-0.176619,0.9995,0.474875,0.26342,-0.045294,0.999,0.462654,0.286935,-0.117054,0.9988,0.458649,0.285528,-0.078822,0.9983,0.522174,0.333408,-0.239898,0.9994,0.47922,0.328712,0.044685,0.9953,0.486618,0.211095,-0.357104,0.9962,0.45866,0.213683,0.185609,0.1637,0.460692,0.074304,-0.407359,0.9865,0.447562,0.110412,0.205474,0.4686,0.461276,0.037452,-0.436199,0.9808,0.448838,0.086238,0.207146,0.5093,0.464676,0.03646,-0.431694,0.9799,0.452813,0.072843,0.198921,0.504,0.463922,0.046951,-0.405008,0.973,0.452696,0.086029,0.199753,0.5239,0.479712,0.609668,-0.093092,0.9999,0.437951,0.57826,0.094059,0.999,0.463568,0.779248,-0.020226,0.9981,0.406788,0.651882,0.327692,0.6949,0.468852,0.942071,0.053104,0.9989,0.424178,0.677266,0.558557,0.7464,0.480066,0.961674,0.057141,0.9949,0.434613,0.68307,0.577107,0.8087,0.406379,0.974907,-0.008911,0.9964,0.395078,0.698367,0.591627,0.8626
vrikshasana_tf_0256,vrikshasana,,TF,train,unlabelled,,Apache-2.0,data/datasets/yoga_poses/train/tree/guy1_tree149.jpg,True,300,300,True,0.9884,0.092,173.126,139.089,176.609,97.644,157.592,161.566,175.141,178.172,11.725,25.987,139.089,173.126,97.644,176.609,11.725,25.987,175.141,178.172,144.547,159.386,175.141,173.126,176.609,159.386,9.163,9.163,22.198,1.758,40.156,78.706,-0.9872,-0.2408,0.8602,0.1188,0.480878,0.279087,-0.093566,0.9951,0.489871,0.264849,-0.119911,0.9962,0.491951,0.265065,-0.119457,0.9964,0.493999,0.265263,-0.11934,0.9964,0.489164,0.263983,-0.086674,0.9958,0.490617,0.263682,-0.087507,0.9957,0.492089,0.263321,-0.086912,0.9952,0.511322,0.27269,-0.171457,0.9962,0.506514,0.270835,-0.036424,0.9951,0.48809,0.293045,-0.107129,0.9938,0.486248,0.292474,-0.067548,0.993,0.539421,0.338883,-0.237269,0.996,0.509704,0.339795,0.051571,0.9884,0.510512,0.218644,-0.365507,0.9892,0.493658,0.238118,0.185263,0.092,0.486088,0.081919,-0.424273,0.9709,0.460515,0.238884,0.210455,0.2108,0.486,0.055994,-0.457336,0.962,0.460461,0.229628,0.218473,0.2565,0.488812,0.054401,-0.455288,0.9598,0.461691,0.227761,0.197993,0.2604,0.48845,0.061474,-0.424147,0.9467,0.459489,0.231108,0.200946,0.2796,0.498854,0.598279,-0.091893,0.9995,0.470583,0.574425,0.093045,0.9975,0.486883,0.768209,-0.014505,0.9935,0.450533,0.674823,0.294679,0.4881,0.494537,0.922285,0.045909,0.9955,0.469674,0.708493,0.528336,0.453,0.507048,0.94528,0.049262,0.9857,0.479358,0.714792,0.548272,0.6391,0.429591,0.960494,-0.018165,0.9919,0.446286,0.72818,0.55335,0.707
vrikshasana_tf_0257,vrikshasana,,TF,train,unlabelled,,Apache-2.0,data/datasets/yoga_poses/train/tree/guy2_tree085.jpg,True,300,300,True,0.994,0.4287,176.965,1.339,113.614,64.795,60.304,10.318,176.427,146.587,152.803,123.273,1.339,176.965,64.795,113.614,123.273,152.803,146.587,176.427,27.557,43.102,146.587,176.965,64.795,43.102,5.86,-5.86,22.034,40.003,33.523,70.212,-0.9948,-0.3154,0.5327,0.7547,0.597739,0.216884,-0.331264,0.9984,0.590836,0.18265,-0.320946,0.9987,0.592639,0.178083,-0.319995,0.9987,0.593994,0.173562,-0.320062,0.9984,0.574734,0.192084,-0.34521,0.9987,0.56417,0.194139,-0.346158,0.9984,0.551945,0.195824,-0.345567,0.9982,0.562856,0.175639,-0.212474,0.998,0.507502,0.198377,-0.334345,0.9977,0.598049,0.234754,-0.288177,0.9991,0.578291,0.244337,-0.3211,0.9985,0.584623,0.23832,-0.099925,0.9997,0.414584,0.381013,-0.29148,0.994,0.704548,0.307714,-0.014326,0.8559,0.427753,0.60896,-0.268405,0.9814,0.689369,0.442158,-0.039057,0.9077,0.610594,0.509638,-0.251188,0.9737,0.706418,0.483057,-0.038286,0.8566,0.657023,0.503359,-0.268192,0.9453,0.684274,0.467272,-0.076048,0.8688,0.649561,0.469836,-0.257359,0.9442,0.6689,0.45268,-0.048017,0.8627,0.633782,0.462871,-0.244702,0.9155,0.582557,0.567217,0.060111,0.9994,0.47671,0.637336,-0.058535,0.9974,0.575519,0.669595,-0.076468,0.8899,0.384263,0.894282,-0.117653,0.9777,0.573037,0.82801,-0.036205,0.8596,0.444509,0.738373,0.104082,0.4287,0.544722,0.851111,-0.032514,0.8638,0.465805,0.708776,0.124251,0.4625,0.62029,0.876462,-0.048535,0.9036,0.490405,0.713166,0.146894,0.3981
vrikshasana_tf_0258,vrikshasana,,TF,train,unlabelled,,Apache-2.0,data/datasets/yoga_poses/train/tree/guy2_tree086.jpg,True,300,300,True,0.9991,0.5727,176.368,2.224,105.661,65.927,61.231,8.422,178.613,146.227,154.145,120.632,2.224,176.368,65.927,105.661,120.632,154.145,146.227,178.613,28.324,44.876,146.227,176.368,65.927,44.876,4.902,-4.902,18.221,36.939,27.225,70.719,-0.9963,-0.3405,0.6778,0.7958,0.582988,0.211703,-0.344764,0.9998,0.577927,0.176321,-0.334075,0.9998,0.581523,0.17145,-0.333072,0.9998,0.584525,0.166886,-0.33321,0.9998,0.557632,0.187746,-0.356165,0.9999,0.545095,0.191173,-0.357148,0.9998,0.532756,0.193631,-0.356334,0.9998,0.56044,0.171056,-0.215635,0.9997,0.491267,0.196885,-0.324118,0.9998,0.587486,0.231246,-0.29678,0.9999,0.563568,0.240403,-0.326623,0.9999,0.585618,0.240013,-0.078661,1.0,0.407922,0.37362,-0.278427,0.9991,0.704419,0.312069,-0.009343,0.8979,0.43131,0.593597,-0.251202,0.9933,0.673787,0.421949,-0.066659,0.9294,0.60706,0.491543,-0.251463,0.9841,0.688158,0.46115,-0.071276,0.8774,0.651993,0.48278,-0.279189,0.9649,0.665371,0.443663,-0.108244,0.8846,0.644097,0.45056,-0.268419,0.9634,0.650564,0.430592,-0.076958,0.8821,0.625478,0.43951,-0.247358,0.9455,0.571875,0.558793,0.066452,0.9999,0.469406,0.611512,-0.065297,0.9996,0.559652,0.740173,0.024356,0.9072,0.377486,0.874268,-0.142497,0.9902,0.542188,0.873057,0.155249,0.8903,0.441033,0.712985,0.131619,0.5727,0.528811,0.901045,0.167647,0.8964,0.45752,0.684441,0.157922,0.5446,0.617012,0.915521,0.17013,0.9207,0.465044,0.717074,0.193363,0.5685
vrikshasana_tf_0259,vrikshasana,,TF,train,unlabelled,,Apache-2.0,data/datasets/yoga_poses/train/tree/guy2_tree087.jpg,True,300,300,True,0.9984,0.5233,138.034,9.046,91.255,62.123,61.569,7.285,157.839,142.889,156.801,119.448,9.046,138.034,62.123,91.255,119.448,156.801,142.889,157.839,26.296,46.391,142.889,138.034,91.255,26.296,4.509,-4.509,16.389,32.285,20.932,64.742,-0.9969,-0.3042,0.5896,0.7431,0.572704,0.21066,-0.316731,0.9988,0.568139,0.177121,-0.306403,0.999,0.571741,0.173202,-0.30573,0.999,0.574941,0.169288,-0.305797,0.9986,0.547976,0.185586,-0.325008,0.9987,0.53667,0.18747,-0.326355,0.9987,0.523865,0.189286,-0.325615,0.9987,0.55189,0.168911,-0.183354,0.9978,0.481483,0.19157,-0.279832,0.9991,0.575424,0.230705,-0.266935,0.9996,0.553056,0.239661,-0.292635,0.9991,0.587823,0.243428,-0.059791,0.9999,0.393082,0.366466,-0.22628,0.9988,0.722056,0.325776,-0.099945,0.9713,0.420828,0.596571,-0.208295,0.9895,0.665005,0.423513,-0.280874,0.9621,0.591242,0.478341,-0.22569,0.9578,0.670369,0.449537,-0.301338,0.9153,0.634962,0.468263,-0.241736,0.9142,0.646178,0.423892,-0.320446,0.9158,0.621561,0.43058,-0.238376,0.9094,0.635505,0.413805,-0.286589,0.9084,0.603043,0.426823,-0.222424,0.8785,0.568895,0.593304,0.053573,0.9997,0.460753,0.634669,-0.052324,0.9984,0.499011,0.741425,-0.024812,0.8662,0.352333,0.890715,-0.120921,0.9866,0.538937,0.874434,0.042309,0.8946,0.467663,0.70612,0.090089,0.5233,0.526354,0.918019,0.048928,0.8943,0.489728,0.676619,0.108738,0.5849,0.618297,0.8994,0.024025,0.922,0.509698,0.69469,0.128873,0.5035
vrikshasana_tf_0260,vrikshasana,,TF,train,unlabelled,,Apache-2.0,data/datasets/yoga_poses/train/tree/guy2_tree088.jpg,True,300,300,True,0.9982,0.2817,150.445,5.602,79.639,59.741,55.691,6.586,159.618,137.593,160.364,115.725,5.602,150.445,59.741,79.639,115.725,160.364,137.593,159.618,21.72,49.352,137.593,150.445,59.741,49.352,5.554,-5.554,16.66,30.499,20.855,62.516,-0.9953,-0.2841,0.6449,0.7235,0.56821,0.209496,-0.356263,0.9997,0.563366,0.1761,-0.346726,0.9997,0.565499,0.171921,-0.346106,0.9997,0.567182,0.167568,-0.346077,0.9996,0.545829,0.183579,-0.365243,0.9997,0.534759,0.18433,-0.366645,0.9997,0.521665,0.184706,-0.366038,0.9997,0.538987,0.163247,-0.220557,0.9995,0.480129,0.184049,-0.317219,0.9997,0.567701,0.229136,-0.305946,0.9999,0.547862,0.23888,-0.331867,0.9998,0.586071,0.24232,-0.114014,0.9999,0.382549,0.362197,-0.251881,0.9989,0.727685,0.3467,-0.165298,0.9531,0.416374,0.593018,-0.241251,0.979,0.649536,0.420203,-0.35979,0.9345,0.583974,0.459246,-0.268622,0.9569,0.644592,0.431547,-0.386652,0.8628,0.623322,0.437689,-0.282308,0.9204,0.628947,0.403447,-0.393802,0.8584,0.603752,0.401913,-0.279811,0.9137,0.622145,0.400106,-0.361731,0.8452,0.593561,0.40583,-0.265771,0.8782,0.572854,0.605508,0.037648,0.9996,0.458956,0.648899,-0.036389,0.9982,0.515949,0.743121,-0.024688,0.8977,0.335031,0.887116,-0.133888,0.9766,0.535031,0.896565,0.12584,0.8546,0.394048,0.740179,0.184273,0.2817,0.52026,0.923531,0.141042,0.8466,0.409782,0.706219,0.217447,0.3367,0.609359,0.955311,0.100489,0.8771,0.443748,0.759371,0.23444,0.2799
vrikshasana_tf_0261,vrikshasana,,TF,train,unlabelled,,Apache-2.0,data/datasets/yoga_poses/train/tree/guy2_tree090.jpg,True,300,300,True,0.9977,0.3242,141.043,4.89,64.717,59.176,51.634,7.358,158.321,133.282,169.521,115.395,4.89,141.043,59.176,64.717,115.395,169.521,133.282,158.321,14.71,49.334,133.282,141.043,59.176,49.334,4.529,-4.529,13.49,27.201,17.713,58.554,-0.9969,-0.3025,0.747,0.7532,0.555052,0.193368,-0.304995,0.9994,0.551788,0.158786,-0.294665,0.9989,0.555101,0.155169,-0.29398,0.9988,0.558075,0.151551,-0.293961,0.9987,0.532467,0.165119,-0.311263,0.9991,0.52096,0.165755,-0.312717,0.9991,0.50762,0.166117,-0.312161,0.999,0.539816,0.150379,-0.172802,0.9989,0.466215,0.167393,-0.260427,0.9992,0.557967,0.213513,-0.25741,0.9995,0.537122,0.219603,-0.280912,0.9996,0.588347,0.234541,-0.06407,0.9996,0.376668,0.343333,-0.205692,0.9982,0.724625,0.359844,-0.139871,0.9051,0.407392,0.564362,-0.207222,0.9653,0.61943,0.402602,-0.344008,0.7919,0.569061,0.434666,-0.241641,0.9124,0.60408,0.389889,-0.366182,0.643,0.601826,0.398904,-0.251051,0.8457,0.593465,0.363707,-0.367033,0.6192,0.587095,0.373501,-0.24267,0.8271,0.592541,0.367214,-0.34355,0.595,0.579981,0.38143,-0.236217,0.763,0.562315,0.5864,0.034731,0.9994,0.4526,0.621442,-0.033669,0.9977,0.480973,0.753844,-0.015568,0.9035,0.308271,0.85746,-0.145112,0.9761,0.517377,0.910936,0.088081,0.9174,0.430288,0.691573,0.127198,0.3242,0.508172,0.942061,0.097758,0.9,0.446535,0.653699,0.155688,0.3779,0.59836,0.968049,0.045933,0.9221,0.477196,0.72038,0.168754,0.3143
vrikshasana_tf_0262,vrikshasana,,TF,train,unlabelled,,Apache-2.0,data/datasets/yoga_poses/train/tree/guy2_tree091.jpg,True,300,300,True,0.9986,0.3568,149.725,2.058,62.054,58.668,50.397,7.412,165.112,132.362,170.276,114.527,2.058,149.725,58.668,62.054,114.527,170.276,132.362,165.112,13.821,50.461,132.362,149.725,58.668,50.461,4.436,-4.436,12.418,26.094,13.487,57.375,-0.997,-0.3005,0.7868,0.7467,0.545326,0.189365,-0.34365,0.9996,0.543712,0.155401,-0.334165,0.999,0.547604,0.152051,-0.333534,0.999,0.55109,0.148527,-0.33347,0.9989,0.524581,0.161756,-0.350807,0.9993,0.513095,0.162375,-0.352335,0.9993,0.500382,0.162355,-0.351798,0.9993,0.534145,0.144693,-0.211924,0.9992,0.458691,0.161739,-0.299657,0.9995,0.547943,0.209906,-0.295429,0.9996,0.528029,0.214452,-0.319176,0.9997,0.583786,0.232352,-0.101407,0.9996,0.372333,0.335914,-0.244461,0.9991,0.718876,0.361443,-0.186799,0.9228,0.401195,0.552223,-0.241226,0.9752,0.611985,0.396906,-0.405427,0.8484,0.561891,0.422408,-0.270549,0.941,0.596191,0.380327,-0.434208,0.7216,0.593709,0.386375,-0.284354,0.8882,0.586085,0.357862,-0.433757,0.7002,0.579473,0.362561,-0.279278,0.8742,0.585209,0.359546,-0.405494,0.678,0.572555,0.37028,-0.266974,0.8288,0.558526,0.585064,0.03579,0.9994,0.446365,0.611966,-0.034778,0.9986,0.49127,0.780559,0.086646,0.9211,0.299418,0.84152,-0.135634,0.9856,0.517356,0.911224,0.226008,0.9348,0.403849,0.690609,0.180579,0.3568,0.516454,0.939881,0.238707,0.9079,0.420274,0.651274,0.213226,0.3846,0.596973,0.96814,0.196529,0.919,0.43717,0.728634,0.230673,0.3349
vrikshasana_tf_0263,vrikshasana,,TF,train,unlabelled,,Apache-2.0,data/datasets/yoga_poses/train/tree/guy2_tree092.jpg,True,300,300,True,0.9982,0.3108,153.477,4.757,62.428,59.436,51.165,8.707,166.011,131.364,172.156,117.083,4.757,153.477,59.436,62.428,117.083,172.156,131.364,166.011,12.544,47.612,131.364,153.477,59.436,47.612,4.219,-4.219,11.817,25.049,11.895,56.669,-0.9973,-0.3161,0.8147,0.7585,0.542014,0.18027,-0.32789,0.9993,0.539039,0.146867,-0.317182,0.9985,0.542266,0.144002,-0.316488,0.9984,0.545124,0.141014,-0.316515,0.9982,0.520849,0.152789,-0.333993,0.9989,0.509288,0.153547,-0.335474,0.9989,0.496043,0.153819,-0.33498,0.9988,0.528715,0.140624,-0.196565,0.9988,0.456321,0.155674,-0.28423,0.9992,0.545039,0.200171,-0.281028,0.9994,0.525546,0.207232,-0.304708,0.9995,0.581355,0.228316,-0.08861,0.9994,0.369056,0.327535,-0.233976,0.9983,0.716966,0.357163,-0.172234,0.9477,0.393552,0.539296,-0.235937,0.9679,0.604412,0.395684,-0.378594,0.8616,0.550509,0.420321,-0.265778,0.9411,0.58257,0.379947,-0.40476,0.717,0.581069,0.385693,-0.278506,0.8829,0.573386,0.352474,-0.402553,0.695,0.568484,0.357993,-0.269517,0.8667,0.574805,0.35432,-0.37725,0.6646,0.562026,0.368966,-0.260584,0.8104,0.552895,0.574471,0.034682,0.9994,0.442972,0.597625,-0.033783,0.9982,0.488198,0.76573,0.058695,0.9093,0.288049,0.833196,-0.133554,0.9797,0.50886,0.915903,0.205275,0.9173,0.401744,0.688131,0.178254,0.3108,0.504997,0.939817,0.218642,0.8928,0.433553,0.643772,0.210293,0.3459,0.581296,0.971374,0.179204,0.9085,0.448749,0.722365,0.231703,0.2865
vrikshasana_tf_0264,vrikshasana,,TF,train,unlabelled,,Apache-2.0,data/datasets/yoga_poses/train/tree/guy2_tree094.jpg,True,300,300,True,0.9992,0.2626,161.763,3.592,57.944,57.791,49.603,10.007,169.997,129.275,174.878,120.24,3.592,161.763,57.791,57.944,120.24,174.878,129.275,169.997,9.922,44.818,129.275,161.763,57.944,9.922,4.215,-4.215,10.543,21.377,10.218,54.217,-0.9973,-0.3326,0.8612,0.7224,0.533662,0.16632,-0.298935,0.9998,0.530955,0.135309,-0.287833,0.9996,0.534404,0.132805,-0.287129,0.9996,0.53724,0.130203,-0.28707,0.9995,0.51246,0.14002,-0.304312,0.9997,0.501219,0.140304,-0.305721,0.9997,0.487974,0.140435,-0.305295,0.9997,0.520477,0.131902,-0.170675,0.9997,0.451381,0.144999,-0.255868,0.9998,0.535256,0.186627,-0.253649,0.9998,0.517075,0.192629,-0.276818,0.9998,0.574079,0.22756,-0.064991,0.9997,0.369117,0.307786,-0.195085,0.9992,0.705238,0.359626,-0.144164,0.9561,0.387098,0.516063,-0.169678,0.9518,0.588287,0.386081,-0.35454,0.9045,0.53466,0.40429,-0.173578,0.8977,0.568426,0.365515,-0.380752,0.8088,0.564833,0.368709,-0.179933,0.8269,0.556518,0.338783,-0.380942,0.7983,0.548096,0.341782,-0.174103,0.807,0.558941,0.34319,-0.354719,0.7741,0.543718,0.351679,-0.168636,0.7427,0.54598,0.562165,0.034051,0.9998,0.442001,0.580907,-0.03327,0.9994,0.49201,0.76639,0.077577,0.9061,0.284228,0.799799,-0.105326,0.979,0.500374,0.905764,0.284135,0.8525,0.394186,0.665818,0.234879,0.2626,0.483297,0.931563,0.304201,0.8284,0.412724,0.62543,0.270252,0.3094,0.573091,0.970278,0.302471,0.8578,0.421596,0.711786,0.31865,0.2619
vrikshasana_tf_0265,vrikshasana,,TF,train,unlabelled,,Apache-2.0,data/datasets/yoga_poses/train/tree/guy2_tree095.jpg,True,300,300,True,0.9994,0.2577,166.672,1.861,56.1,58.101,49.71,11.645,171.85,126.952,175.053,119.668,1.861,166.672,56.1,58.101,119.668,175.053,126.952,171.85,9.568,44.933,126.952,166.672,58.101,44.933,4.468,-4.468,9.74,21.291,7.879,52.351,-0.997,-0.3501,0.9206,0.7188,0.530928,0.162353,-0.278089,0.9999,0.52654,0.135165,-0.267671,0.9997,0.528902,0.132744,-0.266895,0.9997,0.530764,0.130186,-0.266818,0.9997,0.511148,0.138759,-0.286046,0.9998,0.501395,0.138717,-0.287422,0.9998,0.489543,0.138604,-0.28709,0.9998,0.511818,0.130283,-0.155747,0.9998,0.454614,0.143253,-0.248707,0.9999,0.531188,0.182442,-0.234652,0.9999,0.515705,0.188702,-0.259885,0.9999,0.571236,0.227955,-0.05031,0.9997,0.371171,0.305922,-0.187669,0.9994,0.699467,0.355788,-0.126848,0.9574,0.384058,0.502365,-0.153674,0.9642,0.584274,0.378575,-0.335166,0.9158,0.530997,0.396966,-0.14535,0.9357,0.562616,0.356077,-0.36304,0.8317,0.557986,0.36055,-0.151816,0.8825,0.550984,0.3313,-0.36397,0.8257,0.543449,0.336959,-0.145017,0.8695,0.553327,0.335285,-0.336317,0.7996,0.539117,0.344784,-0.14016,0.8164,0.544578,0.557808,0.036749,0.9999,0.444366,0.571676,-0.036113,0.9996,0.498609,0.760621,0.087334,0.9178,0.275784,0.790194,-0.108016,0.9805,0.500014,0.905164,0.317712,0.8814,0.388113,0.65398,0.253131,0.2577,0.481058,0.928389,0.340216,0.8618,0.411573,0.614969,0.289934,0.3195,0.565678,0.970268,0.340976,0.8919,0.404165,0.695749,0.341169,0.2672
vrikshasana_tf_0266,vrikshasana,,TF,train,unlabelled,,Apache-2.0,data/datasets/yoga_poses/train/tree/guy2_tree098.jpg,True,300,300,True,0.9996,0.3781,174.654,7.561,54.469,57.834,47.806,12.475,177.026,125.807,177.497,120.389,7.561,174.654,54.469,57.834,120.389,177.497,125.807,177.026,8.178,45.79,125.807,174.654,54.469,8.178,3.22,-3.22,7.363,18.01,3.531,49.627,-0.9984,-0.3393,0.9854,0.7059,0.522183,0.16393,-0.269335,0.9999,0.520497,0.135369,-0.257753,0.9999,0.523967,0.133255,-0.257008,0.9999,0.526956,0.131028,-0.256999,0.9998,0.502776,0.138478,-0.271978,0.9999,0.492018,0.138211,-0.273329,0.9999,0.479627,0.137791,-0.273029,0.9999,0.514019,0.131629,-0.143793,0.9999,0.449171,0.141963,-0.218265,0.9999,0.524632,0.183337,-0.225475,0.9999,0.507365,0.189015,-0.245184,1.0,0.569923,0.230727,-0.031764,0.9999,0.375068,0.294078,-0.157233,0.9997,0.684113,0.356966,-0.112516,0.9694,0.37933,0.475509,-0.106289,0.9743,0.575989,0.369476,-0.32623,0.9522,0.522632,0.380616,-0.080129,0.9496,0.555896,0.343017,-0.356511,0.9048,0.548207,0.345535,-0.083605,0.8987,0.54677,0.321531,-0.358929,0.899,0.539119,0.323312,-0.075066,0.889,0.547837,0.32821,-0.328076,0.8715,0.531011,0.331547,-0.073184,0.8466,0.538281,0.549147,0.040057,0.9999,0.439317,0.555255,-0.039387,0.9996,0.5079,0.748874,0.10303,0.9417,0.271218,0.75296,-0.133764,0.9896,0.499344,0.897103,0.33225,0.9452,0.413975,0.624121,0.199294,0.3781,0.479381,0.916437,0.353195,0.925,0.441863,0.586203,0.232107,0.4407,0.559201,0.956506,0.343762,0.9503,0.437399,0.662364,0.278394,0.4119
vrikshasana_tf_0267,vrikshasana,,TF,train,unlabelled,,Apache-2.0,data/datasets/yoga_poses/train/tree/guy2_tree099.jpg,True,300,300,True,0.9996,0.3299,177.914,5.439,54.398,57.018,47.338,14.709,178.569,124.979,178.678,121.295,5.439,177.914,54.398,57.018,121.295,178.678,124.979,178.569,7.207,44.751,124.979,177.914,57.018,44.751,3.257,-3.257,5.908,16.745,3.993,48.934,-0.9984,-0.3487,1.025,0.7047,0.518576,0.163773,-0.263662,1.0,0.517412,0.136329,-0.25161,0.9999,0.52097,0.134188,-0.250845,0.9999,0.524143,0.131894,-0.250853,0.9999,0.499068,0.139589,-0.264631,0.9999,0.48813,0.139568,-0.265963,0.9999,0.4765,0.139474,-0.265705,0.9999,0.512925,0.132331,-0.136981,0.9999,0.447585,0.143796,-0.206027,1.0,0.521566,0.182288,-0.2201,1.0,0.503671,0.188167,-0.238203,1.0,0.570134,0.233842,-0.023415,0.9999,0.37884,0.291396,-0.147135,0.9999,0.678898,0.356983,-0.102454,0.9739,0.376507,0.468637,-0.086331,0.9854,0.573226,0.367812,-0.31594,0.9578,0.520784,0.377681,-0.042267,0.9677,0.554703,0.342356,-0.34818,0.9145,0.544807,0.343259,-0.043153,0.9239,0.545493,0.320928,-0.349709,0.9087,0.536712,0.321921,-0.03328,0.9165,0.546877,0.327839,-0.317487,0.8803,0.529217,0.330171,-0.034246,0.8841,0.538337,0.54232,0.04129,0.9999,0.442848,0.548986,-0.040707,0.9996,0.512984,0.739784,0.107455,0.9482,0.278256,0.737886,-0.125776,0.988,0.499013,0.892407,0.334089,0.9567,0.405283,0.617362,0.203818,0.3299,0.480337,0.915107,0.354524,0.9348,0.433209,0.582996,0.235829,0.3969,0.559294,0.957609,0.334714,0.959,0.423244,0.652268,0.272315,0.3798
vrikshasana_tf_0268,vrikshasana,,TF,train,unlabelled,,Apache-2.0,data/datasets/yoga_poses/train/tree/guy2_tree103.jpg,True,300,300,True,0.9992,0.2358,179.855,1.997,49.434,56.364,49.026,15.649,179.3,121.105,177.94,121.523,1.997,179.855,49.434,56.364,121.523,177.94,121.105,179.3,4.775,45.298,121.105,179.855,56.364,45.298,2.411,-2.411,5.825,13.695,0.921,44.283,-0.9991,-0.3531,1.1141,0.6947,0.519955,0.171491,-0.246928,1.0,0.519502,0.145685,-0.23188,0.9999,0.52307,0.144246,-0.231124,0.9998,0.526281,0.142801,-0.231156,0.9998,0.502362,0.147697,-0.243225,0.9999,0.492621,0.147577,-0.24452,0.9999,0.481257,0.147632,-0.244265,0.9999,0.517754,0.14465,-0.113626,0.9999,0.452745,0.153302,-0.177446,0.9999,0.522727,0.188413,-0.203577,0.9999,0.50536,0.193289,-0.22018,1.0,0.57152,0.246508,-0.009958,0.9998,0.384625,0.292049,-0.130666,0.9997,0.677266,0.363167,-0.097975,0.9727,0.37751,0.457001,-0.087345,0.9842,0.567211,0.366289,-0.310436,0.9398,0.516502,0.372936,-0.039858,0.9529,0.549902,0.343152,-0.341206,0.8754,0.542263,0.341404,-0.038656,0.8911,0.540696,0.324367,-0.33714,0.8661,0.535737,0.321129,-0.029096,0.88,0.543905,0.331474,-0.309664,0.8272,0.528554,0.3298,-0.031984,0.8412,0.53554,0.54668,0.033921,0.9998,0.443903,0.545207,-0.033254,0.9992,0.515186,0.736042,0.075482,0.947,0.272638,0.712241,-0.124519,0.9842,0.498125,0.891086,0.268916,0.9457,0.396139,0.599918,0.199047,0.2358,0.479722,0.909773,0.286596,0.9265,0.423188,0.566292,0.231569,0.3122,0.548491,0.957572,0.256476,0.9497,0.413706,0.630386,0.269367,0.2774
vrikshasana_tf_0269,vrikshasana,,TF,train,unlabelled,,Apache-2.0,data/datasets/yoga_poses/train/tree/guy2_tree105.jpg,True,300,300,True,0.9993,0.2559,179.137,6.173,46.059,56.067,47.533,15.272,177.988,121.441,175.499,122.808,6.173,179.137,46.059,56.067,122.808,175.499,121.441,177.988,3.088,45.035,121.441,179.137,56.067,45.035,1.587,-1.587,4.78,11.139,3.585,43.598,-0.9996,-0.3424,1.0927,0.6871,0.514984,0.173684,-0.260134,1.0,0.517124,0.146549,-0.245221,0.9999,0.521848,0.145115,-0.244484,0.9999,0.526178,0.143834,-0.244517,0.9998,0.498955,0.148207,-0.254501,0.9999,0.489569,0.148096,-0.25585,0.9999,0.47865,0.148137,-0.255589,0.9999,0.521081,0.144894,-0.124204,0.9999,0.45255,0.152877,-0.179326,1.0,0.519055,0.190679,-0.215126,1.0,0.500621,0.19379,-0.229357,1.0,0.572944,0.249656,-0.015699,0.9998,0.387402,0.28619,-0.129482,0.9997,0.672372,0.368388,-0.111691,0.9748,0.378438,0.450919,-0.0921,0.9882,0.564191,0.360828,-0.331215,0.9455,0.515811,0.368969,-0.052338,0.96,0.546854,0.337008,-0.362443,0.8768,0.540026,0.335906,-0.053669,0.8994,0.538247,0.320637,-0.358072,0.8678,0.534238,0.317555,-0.040484,0.8854,0.541489,0.327423,-0.330469,0.8282,0.527774,0.326716,-0.043551,0.8424,0.533469,0.545915,0.028669,0.9998,0.442119,0.540191,-0.028106,0.9993,0.515097,0.734049,0.070525,0.9385,0.26927,0.704783,-0.11928,0.984,0.496965,0.894681,0.255288,0.9566,0.386848,0.614807,0.218737,0.2559,0.480439,0.913841,0.270925,0.9199,0.413474,0.58396,0.25156,0.3136,0.544245,0.959997,0.220108,0.9546,0.403604,0.649907,0.278256,0.2971
vrikshasana_tf_0270,vrikshasana,,TF,train,unlabelled,,Apache-2.0,data/datasets/yoga_poses/train/tree/guy2_tree110.jpg,True,300,300,True,0.9989,0.2526,176.604,14.799,44.43,52.662,46.306,17.786,174.502,119.863,163.955,125.566,14.799,176.604,44.43,52.662,125.566,163.955,119.863,174.502,6.589,44.839,119.863,176.604,44.43,6.589,0.576,0.576,1.447,8.225,6.065,39.458,-0.9999,-0.3365,1.1091,0.6856,0.510448,0.171846,-0.239538,0.9999,0.515314,0.149021,-0.22495,0.9998,0.519813,0.148273,-0.224257,0.9998,0.524054,0.147466,-0.224358,0.9998,0.498854,0.149537,-0.230152,0.9999,0.490148,0.148851,-0.231495,0.9999,0.480732,0.148252,-0.23118,0.9999,0.52269,0.147698,-0.107643,0.9998,0.458057,0.151302,-0.14431,0.9999,0.515804,0.188353,-0.196133,0.9999,0.496107,0.189986,-0.205175,0.9999,0.578109,0.249571,-0.008187,0.9997,0.394634,0.276091,-0.092811,0.9993,0.66888,0.370687,-0.118026,0.9792,0.371939,0.433753,-0.057658,0.9805,0.548582,0.352237,-0.331349,0.9538,0.508569,0.35756,-0.022824,0.9374,0.531087,0.324431,-0.361027,0.8827,0.525217,0.322661,-0.024753,0.8489,0.528733,0.312875,-0.353526,0.8718,0.521917,0.311108,-0.009087,0.8257,0.530885,0.319194,-0.328989,0.8282,0.517688,0.319464,-0.013599,0.7721,0.53005,0.538123,0.013759,0.9998,0.437261,0.528264,-0.013119,0.9989,0.517435,0.720463,0.040425,0.9457,0.266164,0.669095,-0.121825,0.9794,0.495125,0.893349,0.210642,0.9617,0.386798,0.613714,0.197557,0.2526,0.47817,0.913882,0.224845,0.9028,0.415165,0.588047,0.228835,0.2988,0.536177,0.956193,0.154892,0.9543,0.403339,0.651672,0.245202,0.2924
vrikshasana_tf_0271,vrikshasana,,TF,train,unlabelled,,Apache-2.0,data/datasets/yoga_poses/train/tree/guy2_tree111.jpg,True,300,300,True,0.9985,0.3236,175.744,25.398,42.927,51.773,46.031,19.018,174.862,118.526,163.228,125.573,25.398,175.744,42.927,51.773,125.573,163.228,118.526,174.862,7.631,44.499,118.526,175.744,42.927,7.631,0.233,0.233,2.193,7.728,6.534,38.454,-1.0,-0.3509,1.0264,0.6892,0.512488,0.166534,-0.209758,0.9999,0.517461,0.14395,-0.19421,0.9998,0.522178,0.143245,-0.193545,0.9998,0.526407,0.142555,-0.19364,0.9998,0.500714,0.144348,-0.2004,0.9999,0.492143,0.143823,-0.20167,0.9999,0.482842,0.143519,-0.201221,0.9999,0.524203,0.14365,-0.077377,0.9998,0.459488,0.148186,-0.119102,0.9999,0.517698,0.183929,-0.16667,0.9999,0.498147,0.185713,-0.177274,0.9999,0.578714,0.248355,0.012836,0.9996,0.39524,0.273255,-0.066723,0.9991,0.66962,0.369472,-0.093389,0.9737,0.370199,0.429756,-0.039669,0.9734,0.548754,0.347764,-0.29327,0.9393,0.507245,0.353362,-0.025776,0.9198,0.530614,0.32017,-0.316458,0.8448,0.52329,0.317226,-0.030135,0.8312,0.527639,0.308155,-0.309603,0.8307,0.519522,0.305183,-0.01298,0.8045,0.529962,0.31534,-0.290192,0.7859,0.516218,0.315201,-0.016622,0.7417,0.532625,0.534792,0.005862,0.9997,0.439143,0.524085,-0.005136,0.9985,0.519856,0.717282,0.024795,0.9136,0.266737,0.660998,-0.150812,0.9805,0.494614,0.891189,0.185511,0.9431,0.433673,0.622284,0.150519,0.3236,0.476499,0.910934,0.198342,0.8576,0.464917,0.599225,0.180011,0.3879,0.534452,0.954672,0.122715,0.9332,0.472929,0.669046,0.193928,0.3469
vrikshasana_tf_0272,vrikshasana,,TF,train,unlabelled,,Apache-2.0,data/datasets/yoga_poses/train/tree/guy2_tree112.jpg,True,300,300,True,0.9989,0.2619,176.707,18.348,40.57,51.196,46.179,20.164,175.915,116.871,162.6,124.173,18.348,176.707,40.57,51.196,124.173,162.6,116.871,175.915,8.406,46.001,116.871,176.707,51.196,46.001,0.241,0.241,2.359,7.601,7.889,36.697,-1.0,-0.3571,1.0934,0.6919,0.511337,0.163498,-0.231771,0.9999,0.517341,0.139571,-0.216061,0.9997,0.52214,0.138981,-0.215401,0.9997,0.526617,0.138533,-0.215541,0.9996,0.499802,0.140105,-0.220618,0.9998,0.491092,0.139767,-0.221924,0.9998,0.481886,0.139685,-0.221523,0.9998,0.525742,0.141452,-0.100756,0.9997,0.460553,0.145628,-0.133758,0.9999,0.516674,0.181375,-0.190133,0.9999,0.497358,0.182948,-0.197904,0.9999,0.580344,0.247474,-0.016299,0.9995,0.39539,0.272155,-0.085693,0.999,0.671191,0.367227,-0.128262,0.9809,0.367968,0.42248,-0.100435,0.9816,0.550991,0.341139,-0.323462,0.9518,0.506319,0.347467,-0.123879,0.9604,0.533146,0.312674,-0.34654,0.8671,0.52485,0.310083,-0.13372,0.8941,0.528956,0.300089,-0.33692,0.8501,0.521829,0.298655,-0.111841,0.873,0.531881,0.308439,-0.318945,0.8015,0.518313,0.309572,-0.1137,0.8232,0.534651,0.536143,0.005935,0.9997,0.43881,0.522862,-0.005287,0.9989,0.51937,0.714039,0.022996,0.9476,0.260989,0.655389,-0.14038,0.9806,0.494226,0.888478,0.209122,0.934,0.390874,0.612313,0.159643,0.2619,0.476788,0.907782,0.224424,0.8399,0.419687,0.59011,0.18856,0.2885,0.534396,0.952999,0.156573,0.9211,0.407824,0.65328,0.196089,0.2945
vrikshasana_tf_0273,vrikshasana,,TF,train,unlabelled,,Apache-2.0,data/datasets/yoga_poses/train/tree/guy2_tree114.jpg,True,300,300,True,0.9971,0.3275,176.962,24.246,36.704,47.078,47.466,19.867,175.41,116.321,157.252,123.047,24.246,176.962,36.704,47.078,123.047,157.252,116.321,175.41,13.13,49.177,116.321,176.962,47.078,49.177,1.493,1.493,1.278,6.394,8.057,34.097,-0.9997,-0.351,1.0386,0.6715,0.507365,0.157944,-0.187604,0.9999,0.514245,0.134896,-0.170335,0.9998,0.51987,0.134213,-0.169685,0.9997,0.524618,0.133663,-0.169811,0.9997,0.496686,0.135793,-0.171819,0.9998,0.488169,0.135894,-0.172966,0.9998,0.479171,0.135996,-0.172538,0.9998,0.527345,0.137365,-0.053678,0.9997,0.462048,0.142261,-0.073617,0.9999,0.514293,0.176442,-0.146035,0.9998,0.492678,0.176884,-0.149747,0.9998,0.585014,0.243239,0.014981,0.9987,0.403527,0.263577,-0.033606,0.9971,0.673876,0.357602,-0.111952,0.9763,0.373053,0.405835,-0.114769,0.9612,0.551268,0.32372,-0.287328,0.925,0.502986,0.328282,-0.221468,0.938,0.531724,0.292249,-0.302362,0.7879,0.520765,0.290015,-0.242067,0.8561,0.527942,0.280668,-0.291187,0.7629,0.517839,0.280134,-0.214746,0.8264,0.53115,0.290974,-0.280667,0.7095,0.514947,0.291832,-0.211762,0.7648,0.536042,0.532213,0.000138,0.9995,0.438323,0.51838,0.000733,0.9986,0.52019,0.712368,-0.006611,0.9202,0.264053,0.636358,-0.178792,0.9855,0.496158,0.881942,0.137863,0.9183,0.427,0.608061,0.084265,0.3275,0.483002,0.902568,0.148613,0.8094,0.457835,0.586435,0.110561,0.3651,0.532672,0.950333,0.064513,0.9004,0.46363,0.644704,0.112387,0.3176
vrikshasana_tf_0274,vrikshasana,,TF,train,unlabelled,,Apache-2.0,data/datasets/yoga_poses/train/tree/guy2_tree117.jpg,True,300,300,True,0.9953,0.2949,176.073,27.005,24.697,40.216,50.461,17.269,172.676,117.327,120.9,104.363,27.005,176.073,24.697,40.216,104.363,120.9,117.327,172.676,48.033,69.106,117.327,176.073,40.216,69.106,2.811,2.811,4.457,4.789,8.878,33.858,-0.9988,-0.3108,1.0366,0.6653,0.504684,0.157165,-0.156875,0.9999,0.514673,0.13454,-0.139161,0.9997,0.519345,0.133871,-0.138564,0.9997,0.523656,0.133368,-0.138634,0.9997,0.494888,0.136129,-0.137349,0.9998,0.486815,0.136068,-0.138369,0.9997,0.479848,0.135625,-0.137969,0.9998,0.530586,0.137893,-0.026236,0.9995,0.46785,0.140656,-0.032433,0.9998,0.515879,0.1728,-0.117006,0.9998,0.490951,0.172151,-0.116857,0.9997,0.59231,0.234143,0.013967,0.9979,0.412014,0.24925,-0.01139,0.9953,0.669669,0.328343,-0.152002,0.9765,0.388373,0.37391,-0.142786,0.9694,0.540089,0.265397,-0.303385,0.9342,0.510859,0.274561,-0.273918,0.9382,0.521548,0.230492,-0.314648,0.8079,0.520654,0.240636,-0.300655,0.8468,0.520722,0.224108,-0.297227,0.7818,0.514774,0.231392,-0.267772,0.8141,0.522547,0.236004,-0.294288,0.7355,0.51378,0.242902,-0.263517,0.7588,0.536254,0.520734,-0.003016,0.9996,0.441399,0.505918,0.003903,0.9989,0.524344,0.70279,-0.014813,0.9121,0.271211,0.620098,-0.173728,0.9823,0.500986,0.876224,0.117185,0.92,0.456648,0.597813,0.087234,0.2949,0.485128,0.895212,0.12684,0.7962,0.473523,0.579209,0.11331,0.3231,0.534584,0.939522,0.03867,0.9041,0.495818,0.653952,0.116353,0.2949
vrikshasana_tf_0275,vrikshasana,,TF,train,unlabelled,,Apache-2.0,data/datasets/yoga_poses/train/tree/guy2_tree120.jpg,True,300,300,True,0.9904,0.1397,177.887,23.226,16.802,33.399,53.115,17.114,175.296,116.447,101.483,85.193,23.226,177.887,16.802,33.399,85.193,101.483,116.447,175.296,68.192,87.799,116.447,177.887,33.399,87.799,2.147,2.147,4.645,3.462,11.037,33.455,-0.9993,-0.3014,1.0959,0.6397,0.517309,0.14626,-0.179821,0.9996,0.525101,0.126459,-0.160578,0.9993,0.529361,0.125461,-0.160022,0.9992,0.534688,0.124942,-0.160084,0.9993,0.506209,0.129775,-0.16074,0.9992,0.498278,0.130545,-0.161759,0.9992,0.491306,0.131238,-0.161473,0.9994,0.541272,0.131704,-0.043701,0.9982,0.479688,0.138783,-0.057421,0.9994,0.529087,0.162381,-0.139306,0.9994,0.506022,0.164113,-0.14114,0.9988,0.602383,0.223838,-0.004417,0.9958,0.426772,0.234463,-0.04103,0.9904,0.681082,0.308854,-0.165701,0.9623,0.408328,0.33795,-0.182956,0.9736,0.553233,0.233823,-0.319149,0.8868,0.513468,0.227172,-0.312363,0.9516,0.531038,0.197424,-0.335075,0.7121,0.525824,0.192835,-0.341061,0.8732,0.529824,0.196658,-0.317343,0.6793,0.520472,0.18733,-0.311008,0.844,0.535228,0.211035,-0.311379,0.6329,0.518835,0.198811,-0.304568,0.7938,0.549738,0.512829,-0.001526,0.9994,0.458813,0.495095,0.002515,0.998,0.532145,0.691587,-0.006527,0.9246,0.287339,0.608398,-0.145879,0.9768,0.507258,0.874832,0.090343,0.934,0.445265,0.579899,0.1596,0.1397,0.495057,0.894265,0.096721,0.7756,0.47164,0.555061,0.190069,0.1752,0.543782,0.938316,0.006652,0.9206,0.484854,0.629448,0.208187,0.1637
vrikshasana_tf_0276,vrikshasana,,TF,train,unlabelled,,Apache-2.0,data/datasets/yoga_poses/train/tree/guy2_tree121.jpg,True,300,300,True,0.9914,0.1552,178.728,20.317,9.077,33.109,59.049,13.125,175.446,115.741,80.989,71.785,20.317,178.728,9.077,33.109,71.785,80.989,115.741,175.446,89.264,101.534,115.741,178.728,33.109,101.534,1.977,1.977,1.955,3.052,11.864,32.422,-0.9994,-0.3022,1.134,0.6117,0.522217,0.146435,-0.188427,0.9996,0.529453,0.127322,-0.167979,0.9993,0.533988,0.126335,-0.167436,0.9991,0.539267,0.125628,-0.167522,0.9992,0.51218,0.1306,-0.168701,0.9992,0.504705,0.131439,-0.169755,0.9991,0.498032,0.13223,-0.16949,0.9993,0.545046,0.131453,-0.048116,0.998,0.48676,0.138937,-0.065574,0.9993,0.533527,0.163379,-0.147232,0.9993,0.512814,0.164764,-0.149905,0.9987,0.600148,0.225317,-0.017542,0.9956,0.431583,0.234304,-0.05687,0.9914,0.68265,0.296275,-0.191248,0.9644,0.421872,0.320277,-0.20793,0.9726,0.556048,0.218324,-0.34387,0.8876,0.515752,0.206606,-0.324867,0.9277,0.533668,0.187012,-0.365077,0.7311,0.526043,0.177309,-0.353025,0.8249,0.530816,0.188033,-0.344661,0.7001,0.520775,0.172518,-0.32814,0.7966,0.536469,0.20088,-0.336575,0.6555,0.518354,0.180898,-0.319279,0.757,0.550415,0.514843,0.000811,0.9997,0.462274,0.496327,0.00018,0.9991,0.534126,0.694078,0.00934,0.9693,0.294118,0.603132,-0.156663,0.9848,0.513649,0.874791,0.126436,0.963,0.42097,0.575926,0.174409,0.1552,0.499625,0.889912,0.136087,0.8473,0.447359,0.553725,0.207429,0.1837,0.54749,0.937194,0.053851,0.9565,0.436396,0.627272,0.225774,0.2023
vrikshasana_tf_0277,vrikshasana,,TF,train,unlabelled,,Apache-2.0,data/datasets/yoga_poses/train/tree/guy2_tree122.jpg,True,300,300,True,0.988,0.1536,177.256,18.122,0.989,32.861,64.299,10.991,173.913,117.195,57.36,64.031,18.122,177.256,0.989,32.861,57.36,64.031,117.195,173.913,111.166,112.763,117.195,177.256,0.989,112.763,2.963,2.963,5.123,3.214,13.221,31.998,-0.9987,-0.2969,1.1047,0.5701,0.521146,0.145851,-0.188089,0.9997,0.527789,0.128973,-0.167837,0.9994,0.531968,0.128173,-0.167277,0.9994,0.536206,0.127533,-0.167375,0.9993,0.512735,0.130934,-0.169584,0.9994,0.506958,0.131248,-0.170658,0.9994,0.501892,0.131542,-0.17042,0.9994,0.541316,0.133246,-0.050953,0.9989,0.492381,0.138194,-0.073436,0.9994,0.533238,0.161835,-0.147677,0.9994,0.513732,0.161024,-0.15202,0.9991,0.600878,0.225287,-0.024501,0.9964,0.439916,0.234325,-0.072884,0.988,0.683684,0.284521,-0.200038,0.9768,0.4321,0.306428,-0.214351,0.9728,0.557385,0.197429,-0.341826,0.9383,0.523687,0.193523,-0.306722,0.9357,0.537369,0.169185,-0.365102,0.8341,0.53269,0.162308,-0.333775,0.85,0.535111,0.166668,-0.342387,0.8135,0.527951,0.157889,-0.31258,0.8278,0.538476,0.177215,-0.334356,0.7789,0.526236,0.168699,-0.302509,0.7991,0.549151,0.522393,0.001152,0.9998,0.462412,0.502015,-0.000154,0.9993,0.537991,0.69087,0.005928,0.9805,0.297152,0.605274,-0.132805,0.9858,0.517408,0.8706,0.130011,0.9676,0.40885,0.577682,0.222646,0.1536,0.502686,0.887341,0.140588,0.8676,0.433044,0.554848,0.258178,0.1765,0.550707,0.933759,0.066356,0.9641,0.42419,0.63134,0.280768,0.2093
vrikshasana_tf_0278,vrikshasana,,TF,train,unlabelled,,Apache-2.0,data/datasets/yoga_poses/train/tree/guy2_tree123.jpg,True,300,300,True,0.9791,0.1716,177.873,21.141,7.752,46.808,68.518,3.269,176.456,115.929,40.387,53.576,21.141,177.873,7.752,46.808,40.387,53.576,115.929,176.456,120.478,131.747,115.929,177.873,46.808,120.478,1.351,1.351,0.971,4.602,11.066,31.875,-0.9997,-0.2853,1.1139,0.5681,0.531001,0.154353,-0.166212,0.9997,0.535903,0.136977,-0.145884,0.9994,0.539746,0.136181,-0.145258,0.9993,0.543584,0.13543,-0.145396,0.9993,0.522438,0.13849,-0.149832,0.9994,0.51681,0.138669,-0.150831,0.9994,0.510533,0.138855,-0.150622,0.9993,0.544433,0.139465,-0.028186,0.9993,0.498216,0.143663,-0.063904,0.9993,0.539789,0.168726,-0.124855,0.9992,0.522696,0.169339,-0.133469,0.999,0.595465,0.226527,-0.009038,0.9938,0.439785,0.239058,-0.070305,0.9791,0.678584,0.273263,-0.198674,0.9631,0.446984,0.283433,-0.216404,0.9688,0.556997,0.181305,-0.348835,0.9128,0.535565,0.168381,-0.290718,0.9177,0.541433,0.148005,-0.369278,0.793,0.542804,0.130787,-0.3146,0.8243,0.53937,0.144047,-0.348855,0.7714,0.537909,0.126786,-0.292852,0.7928,0.54151,0.158629,-0.342621,0.7402,0.533567,0.142196,-0.286662,0.7575,0.555429,0.516292,0.003992,0.9998,0.466854,0.49897,-0.002917,0.9993,0.542106,0.692567,-0.018545,0.9688,0.306589,0.598628,-0.163081,0.986,0.522166,0.868951,0.073513,0.9552,0.448391,0.571747,0.166385,0.1716,0.507695,0.888762,0.0792,0.8157,0.469445,0.550796,0.199086,0.1818,0.555729,0.929396,-0.00976,0.9455,0.489017,0.623973,0.213123,0.2144
vrikshasana_tf_0279,vrikshasana,,TF,train,unlabelled,,Apache-2.0,data/datasets/yoga_poses/train/tree/guy2_tree124.jpg,True,300,300,True,0.9901,0.1659,179.846,27.416,13.711,48.233,71.152,5.412,178.583,116.324,30.38,50.601,27.416,179.846,13.711,48.233,30.38,50.601,116.324,178.583,123.634,142.414,116.324,179.846,48.233,123.634,1.118,1.118,0.006,5.526,11.692,32.088,-0.9998,-0.2826,1.0784,0.5504,0.526907,0.153233,-0.187287,0.9996,0.53313,0.138132,-0.167931,0.9992,0.537209,0.137676,-0.167432,0.9992,0.54161,0.137082,-0.167624,0.9992,0.520857,0.138746,-0.172271,0.9993,0.516434,0.138788,-0.173389,0.9992,0.511261,0.138854,-0.173214,0.9992,0.544544,0.143767,-0.055594,0.9991,0.49945,0.146522,-0.089968,0.9992,0.535665,0.168586,-0.148039,0.9993,0.519517,0.169079,-0.155702,0.9991,0.59627,0.224252,-0.034893,0.9963,0.444368,0.238947,-0.104805,0.9901,0.676898,0.263672,-0.224353,0.9671,0.451694,0.27603,-0.262325,0.9835,0.564596,0.170222,-0.373165,0.9394,0.53739,0.162543,-0.335704,0.9676,0.550942,0.140134,-0.401136,0.8674,0.545462,0.126095,-0.363116,0.919,0.546972,0.132865,-0.381825,0.8514,0.538783,0.121129,-0.340195,0.9049,0.548268,0.149176,-0.368545,0.8303,0.535635,0.135618,-0.331521,0.8858,0.55913,0.517982,0.002322,0.9999,0.470688,0.499679,-0.001249,0.9998,0.541399,0.692873,-0.010961,0.9896,0.312598,0.598803,-0.128803,0.9901,0.524156,0.867618,0.109442,0.9664,0.411256,0.59074,0.249033,0.1659,0.51097,0.886256,0.118379,0.8339,0.432307,0.569749,0.286033,0.1699,0.554339,0.930485,0.049278,0.9622,0.427115,0.653751,0.309907,0.233
vrikshasana_tf_0280,vrikshasana,,TF,train,unlabelled,,Apache-2.0,data/datasets/yoga_poses/train/tree/guy2_tree125.jpg,True,300,300,True,0.9793,0.2105,178.617,22.285,23.149,64.612,78.863,22.134,176.988,114.717,24.702,44.848,22.285,178.617,23.149,64.612,24.702,44.848,114.717,176.988,129.23,147.357,114.717,178.617,64.612,129.23,1.434,1.434,0.438,5.812,10.876,30.638,-0.9997,-0.2597,1.0926,0.5627,0.531657,0.164895,-0.17379,0.9996,0.538404,0.150705,-0.154147,0.9992,0.542475,0.149913,-0.153547,0.9991,0.546789,0.148765,-0.153714,0.999,0.525809,0.151677,-0.157112,0.9992,0.520211,0.151854,-0.1581,0.9992,0.516115,0.151973,-0.157844,0.9991,0.550408,0.152955,-0.036721,0.9991,0.504145,0.158537,-0.067172,0.9989,0.539345,0.177323,-0.131821,0.999,0.52362,0.179417,-0.138846,0.9986,0.601756,0.228598,-0.018017,0.9942,0.447524,0.244298,-0.085719,0.9793,0.673752,0.253499,-0.221623,0.9691,0.45715,0.262361,-0.257647,0.9846,0.569818,0.159167,-0.374079,0.9466,0.537945,0.153396,-0.341812,0.9647,0.551517,0.12757,-0.397318,0.8682,0.549138,0.110521,-0.369583,0.9077,0.54961,0.123919,-0.378149,0.8505,0.542674,0.104568,-0.344718,0.8883,0.551875,0.139641,-0.368908,0.83,0.538724,0.12154,-0.337677,0.8643,0.561083,0.520182,0.002158,0.9999,0.47441,0.503529,-0.001083,0.9995,0.546264,0.692011,-0.009321,0.9761,0.313838,0.598634,-0.148222,0.99,0.526623,0.869573,0.066551,0.9675,0.448595,0.578849,0.172126,0.2105,0.513741,0.889496,0.07068,0.8417,0.472377,0.556542,0.203882,0.2203,0.557646,0.932625,-0.017502,0.957,0.475667,0.638106,0.219651,0.2491
vrikshasana_tf_0281,vrikshasana,,TF,train,unlabelled,,Apache-2.0,data/datasets/yoga_poses/train/tree/guy2_tree126.jpg,True,300,300,True,0.9892,0.1522,179.267,21.355,30.61,94.155,81.532,52.117,179.559,112.965,22.952,43.443,21.355,179.267,30.61,94.155,22.952,43.443,112.965,179.559,129.288,150.047,112.965,179.267,94.155,129.288,0.3,0.3,1.868,6.167,10.633,30.234,-1.0,-0.2515,1.0971,0.574,0.536371,0.169369,-0.178664,0.9998,0.543735,0.15489,-0.159428,0.9995,0.547718,0.154279,-0.158829,0.9995,0.551564,0.153323,-0.158943,0.9995,0.530372,0.156833,-0.163413,0.9996,0.524832,0.157209,-0.164413,0.9995,0.519641,0.157726,-0.164288,0.9995,0.55403,0.157675,-0.042427,0.9995,0.50654,0.164003,-0.076381,0.9994,0.543202,0.180878,-0.136343,0.9995,0.526031,0.184202,-0.144328,0.9993,0.605988,0.230209,-0.024046,0.9973,0.448685,0.247207,-0.097888,0.9892,0.666857,0.247053,-0.224551,0.9709,0.46619,0.257565,-0.279983,0.9895,0.570947,0.147465,-0.379933,0.9635,0.54118,0.149543,-0.359619,0.9748,0.555162,0.115376,-0.409904,0.9128,0.554223,0.105227,-0.387988,0.932,0.553494,0.110878,-0.390581,0.9014,0.546148,0.098535,-0.363947,0.92,0.555256,0.122775,-0.375792,0.885,0.541655,0.116468,-0.355695,0.9062,0.570077,0.522664,0.006477,0.9999,0.481704,0.506074,-0.005403,0.9997,0.5503,0.694661,0.012224,0.9786,0.319973,0.600333,-0.13458,0.9873,0.527476,0.873018,0.104233,0.9694,0.456877,0.578945,0.194747,0.1522,0.514064,0.892975,0.110561,0.8725,0.483042,0.554194,0.227481,0.1824,0.562098,0.932855,0.034964,0.9614,0.478894,0.638423,0.253148,0.1961
vrikshasana_tf_0282,vrikshasana,,TF,train,unlabelled,,Apache-2.0,data/datasets/yoga_poses/train/tree/guy2_tree127.jpg,True,300,300,True,0.9839,0.1623,176.267,15.448,44.084,148.355,94.367,103.539,178.773,113.913,15.795,41.075,15.448,176.267,44.084,148.355,15.795,41.075,113.913,178.773,132.54,157.89,178.773,176.267,148.355,132.54,0.354,0.354,3.591,6.427,11.166,30.297,-1.0,-0.245,1.148,0.5386,0.545014,0.175706,-0.215996,0.9997,0.551674,0.160447,-0.195264,0.9994,0.555081,0.160403,-0.19462,0.9994,0.558473,0.1602,-0.19477,0.9994,0.539661,0.160426,-0.20165,0.9994,0.534729,0.160558,-0.20266,0.9993,0.529668,0.160711,-0.20262,0.9993,0.560381,0.165889,-0.076194,0.9995,0.51218,0.171831,-0.11939,0.9991,0.551064,0.190261,-0.173684,0.9993,0.534343,0.19099,-0.184266,0.999,0.604506,0.234566,-0.060579,0.9971,0.457853,0.251085,-0.143348,0.9839,0.665116,0.236628,-0.268988,0.979,0.469376,0.246909,-0.331629,0.9942,0.580182,0.148576,-0.424896,0.9763,0.549448,0.145996,-0.394121,0.985,0.561417,0.113846,-0.460389,0.9434,0.563287,0.103829,-0.422356,0.9569,0.559366,0.110729,-0.439589,0.9352,0.556327,0.099444,-0.400218,0.9499,0.561863,0.12884,-0.421004,0.9249,0.552616,0.116126,-0.391329,0.9428,0.572331,0.525275,0.008933,0.9999,0.486639,0.50836,-0.007814,0.9997,0.557019,0.697244,0.004448,0.9915,0.326403,0.601984,-0.092381,0.9892,0.52971,0.873207,0.115462,0.9804,0.436613,0.572764,0.272656,0.1623,0.516433,0.891284,0.123103,0.9292,0.459487,0.54941,0.307778,0.2098,0.564698,0.933855,0.057847,0.9688,0.446935,0.629686,0.340607,0.214
vrikshasana_tf_0283,vrikshasana,,TF,train,unlabelled,,Apache-2.0,data/datasets/yoga_poses/train/tree/guy2_tree128.jpg,True,300,300,True,0.9794,0.2111,178.004,20.921,62.128,175.71,112.987,143.093,176.873,113.58,9.918,35.147,20.921,178.004,62.128,175.71,9.918,35.147,113.58,176.873,139.39,162.661,176.873,178.004,175.71,139.39,1.277,1.277,3.576,3.026,12.125,29.044,-0.9998,-0.2584,1.0667,0.5125,0.548653,0.174965,-0.206326,0.9997,0.556018,0.159921,-0.184129,0.9994,0.559541,0.159971,-0.183485,0.9994,0.562933,0.159862,-0.183496,0.9993,0.543828,0.158995,-0.190895,0.9994,0.53904,0.158767,-0.191832,0.9994,0.533479,0.158713,-0.191878,0.9994,0.563359,0.165534,-0.061438,0.9993,0.516459,0.167815,-0.108329,0.9992,0.554062,0.18965,-0.16312,0.9991,0.537458,0.188372,-0.174793,0.9989,0.604649,0.243455,-0.046847,0.9946,0.461489,0.251023,-0.135874,0.9794,0.668276,0.22573,-0.232915,0.9652,0.471876,0.234036,-0.320038,0.9908,0.586438,0.139305,-0.378959,0.9381,0.545256,0.132043,-0.378335,0.9678,0.567248,0.10947,-0.4132,0.8596,0.556839,0.094288,-0.405941,0.9178,0.563152,0.107304,-0.392628,0.8436,0.551953,0.085288,-0.385545,0.9054,0.566082,0.11943,-0.375482,0.8294,0.548797,0.104749,-0.376334,0.8964,0.566619,0.535424,0.013669,0.9999,0.487055,0.518331,-0.012477,0.9995,0.55419,0.700964,0.008134,0.9837,0.333512,0.603595,-0.118347,0.9882,0.535098,0.874175,0.099087,0.979,0.458882,0.5857,0.222013,0.2111,0.521112,0.892769,0.104702,0.9251,0.481808,0.562213,0.255389,0.2544,0.565793,0.932415,0.022286,0.9691,0.475182,0.639503,0.275862,0.2457
vrikshasana_tf_0284,vrikshasana,,TF,train,unlabelled,,Apache-2.0,data/datasets/yoga_poses/train/tree/guy2_tree129.jpg,True,300,300,True,0.9884,0.3045,175.382,19.657,79.687,131.175,128.015,173.093,176.046,112.62,5.086,25.839,19.657,175.382,79.687,131.175,5.086,25.839,112.62,176.046,150.309,167.859,176.046,175.382,131.175,150.309,1.874,1.874,1.515,3.496,12.703,26.471,-0.9995,-0.2681,1.1048,0.4824,0.548776,0.185949,-0.227037,0.9998,0.554204,0.171001,-0.20448,0.9996,0.558077,0.171385,-0.203842,0.9995,0.561767,0.171658,-0.203738,0.9995,0.541989,0.170336,-0.211446,0.9996,0.537246,0.170772,-0.212418,0.9996,0.532137,0.17135,-0.212373,0.9996,0.563715,0.179285,-0.082719,0.9993,0.519034,0.179694,-0.129765,0.9994,0.556686,0.201955,-0.184313,0.9992,0.539673,0.2001,-0.19606,0.9991,0.606883,0.255418,-0.059657,0.9962,0.474865,0.263483,-0.16283,0.9884,0.673276,0.215587,-0.199228,0.9801,0.466495,0.219431,-0.331385,0.9958,0.595445,0.126912,-0.312325,0.9605,0.544324,0.120052,-0.384632,0.9819,0.577098,0.09275,-0.347786,0.8961,0.555664,0.072129,-0.416632,0.9411,0.570819,0.092282,-0.327709,0.8831,0.552398,0.070844,-0.394913,0.9325,0.5748,0.108161,-0.308471,0.8697,0.55105,0.093483,-0.382201,0.929,0.571369,0.542394,0.017113,0.9998,0.492444,0.524604,-0.015941,0.9995,0.563115,0.694749,0.034584,0.9866,0.336756,0.602129,-0.074745,0.9857,0.538713,0.874779,0.135489,0.9804,0.433992,0.590509,0.268373,0.3045,0.522744,0.895475,0.143102,0.9435,0.450798,0.569698,0.302356,0.3628,0.573056,0.932966,0.055772,0.9714,0.440747,0.638824,0.308847,0.331
vrikshasana_tf_0285,vrikshasana,,TF,train,unlabelled,,Apache-2.0,data/datasets/yoga_poses/train/tree/guy2_tree131.jpg,True,300,300,True,0.9843,0.3812,179.606,26.274,105.187,118.318,155.884,167.415,176.371,115.566,10.349,21.858,26.274,179.606,105.187,118.318,10.349,21.858,115.566,176.371,156.471,161.044,115.566,179.606,105.187,161.044,3.789,3.789,6.89,5.806,11.608,27.238,-0.9978,-0.2734,1.0612,0.4972,0.561738,0.198943,-0.194786,0.9994,0.562253,0.180478,-0.172861,0.9992,0.565787,0.180172,-0.172262,0.9986,0.569156,0.179986,-0.172003,0.9991,0.549482,0.181042,-0.178146,0.999,0.544023,0.181307,-0.179116,0.9985,0.538283,0.181703,-0.179092,0.9992,0.571233,0.188952,-0.057322,0.9978,0.526054,0.190101,-0.095302,0.9994,0.569875,0.215366,-0.154338,0.9984,0.554453,0.2141,-0.164681,0.9984,0.618215,0.264351,-0.045032,0.994,0.487899,0.277602,-0.10378,0.9843,0.669144,0.185089,-0.103413,0.9796,0.463882,0.18308,-0.167234,0.9911,0.587168,0.094335,-0.12421,0.9368,0.561963,0.092969,-0.111707,0.8898,0.575155,0.056508,-0.151361,0.8324,0.570698,0.049888,-0.131315,0.7253,0.570925,0.056482,-0.1378,0.8164,0.569216,0.05106,-0.106293,0.6909,0.573565,0.07394,-0.121207,0.8127,0.567814,0.07163,-0.107099,0.7136,0.576166,0.542166,0.004437,0.9977,0.495133,0.52552,-0.003095,0.9964,0.562604,0.69789,0.019564,0.9183,0.348686,0.600905,-0.152598,0.9574,0.546197,0.872382,0.132263,0.9486,0.490042,0.598527,0.095122,0.3812,0.532534,0.895459,0.14023,0.8598,0.510334,0.57456,0.119936,0.4523,0.572281,0.929006,0.040808,0.9206,0.506256,0.651678,0.109376,0.3988
vrikshasana_tf_0286,vrikshasana,,TF,train,unlabelled,,Apache-2.0,data/datasets/yoga_poses/train/tree/guy2_tree132.jpg,True,300,300,True,0.9701,0.3026,178.693,23.875,102.939,121.308,152.35,167.195,178.726,115.613,9.508,17.426,23.875,178.693,102.939,121.308,9.508,17.426,115.613,178.726,160.37,163.542,178.726,178.693,102.939,163.542,2.657,2.657,1.442,6.632,11.177,27.817,-0.9989,-0.2615,1.1043,0.4793,0.563797,0.203786,-0.207991,0.9996,0.569388,0.186955,-0.185879,0.9995,0.573395,0.186703,-0.185208,0.9993,0.577463,0.186479,-0.185032,0.9994,0.554304,0.187313,-0.191367,0.9994,0.547988,0.187541,-0.192305,0.9992,0.541552,0.187777,-0.19221,0.9995,0.580544,0.195162,-0.07071,0.9989,0.535248,0.194317,-0.108695,0.9993,0.57094,0.218137,-0.168182,0.9979,0.553164,0.220394,-0.178358,0.9976,0.618425,0.264856,-0.06373,0.994,0.494088,0.279314,-0.09926,0.9701,0.673681,0.184758,-0.119715,0.9877,0.468404,0.183514,-0.145064,0.9942,0.589625,0.092901,-0.137303,0.9535,0.551452,0.096559,-0.08128,0.9099,0.577945,0.061492,-0.165879,0.8774,0.563388,0.061188,-0.098739,0.7517,0.574172,0.062185,-0.151023,0.8625,0.563691,0.065288,-0.077318,0.7248,0.576033,0.075921,-0.133422,0.8527,0.56079,0.084155,-0.078111,0.7542,0.584765,0.540984,0.001228,0.9993,0.503539,0.524935,5.9e-05,0.9973,0.568992,0.699672,0.008416,0.9797,0.352793,0.604471,-0.072576,0.9738,0.547543,0.874783,0.10123,0.9804,0.473018,0.596186,0.237814,0.3026,0.53399,0.895891,0.108115,0.9258,0.495243,0.575251,0.267817,0.3946,0.575791,0.931293,0.01458,0.9629,0.484592,0.648762,0.277024,0.3336
vrikshasana_tf_0287,vrikshasana,,TF,train,unlabelled,,Apache-2.0,data/datasets/yoga_poses/train/tree/guy2_tree135.jpg,True,300,300,True,0.9856,0.3941,179.81,22.271,127.117,135.891,167.726,172.516,179.006,116.254,6.629,13.782,22.271,179.81,127.117,135.891,6.629,13.782,116.254,179.006,165.915,166.604,116.254,179.81,127.117,166.604,3.421,3.421,3.139,5.16,10.978,26.557,-0.9982,-0.2757,1.0998,0.4399,0.568727,0.223577,-0.197549,0.9986,0.572198,0.210132,-0.176356,0.9982,0.576489,0.210072,-0.175636,0.9975,0.580739,0.210079,-0.175271,0.9983,0.559066,0.211441,-0.179974,0.9977,0.554291,0.212153,-0.180854,0.9968,0.55001,0.212962,-0.180896,0.9979,0.58455,0.221499,-0.073384,0.9959,0.544176,0.223976,-0.103738,0.9984,0.577924,0.237528,-0.161642,0.9973,0.561443,0.237461,-0.169736,0.996,0.620561,0.289654,-0.069917,0.9937,0.507457,0.299868,-0.113642,0.9856,0.659978,0.175443,-0.114756,0.9781,0.489707,0.170075,-0.177075,0.9893,0.59624,0.080382,-0.139514,0.9227,0.564122,0.068853,-0.150693,0.896,0.585952,0.054033,-0.168073,0.8267,0.574807,0.041427,-0.176611,0.7491,0.581462,0.058064,-0.16144,0.8154,0.575624,0.04676,-0.15215,0.7149,0.583684,0.068897,-0.140183,0.8166,0.573357,0.059856,-0.1473,0.7401,0.58846,0.560192,0.00482,0.9984,0.508751,0.544731,-0.003487,0.9964,0.572819,0.714904,0.018931,0.9298,0.366953,0.615606,-0.116905,0.9561,0.555347,0.882192,0.140263,0.9644,0.486985,0.60661,0.157572,0.3941,0.54222,0.903804,0.149111,0.8814,0.510559,0.587392,0.183418,0.4788,0.579474,0.937214,0.05341,0.936,0.497044,0.651388,0.182701,0.3859
vrikshasana_tf_0288,vrikshasana,,TF,train,unlabelled,,Apache-2.0,data/datasets/yoga_poses/train/tree/guy2_tree136.jpg,True,300,300,True,0.9922,0.4123,179.411,24.484,132.215,144.17,167.644,176.187,179.77,114.88,3.804,13.267,24.484,179.411,132.215,144.17,3.804,13.267,114.88,179.77,166.34,170.261,114.88,179.411,144.17,166.34,2.913,2.913,2.505,2.657,11.826,25.274,-0.9987,-0.3233,1.0942,0.4242,0.569721,0.223764,-0.188439,0.9989,0.573424,0.215082,-0.165402,0.9987,0.577718,0.215736,-0.164586,0.9981,0.581898,0.216418,-0.164364,0.9987,0.560116,0.215723,-0.17188,0.9982,0.55539,0.216799,-0.172774,0.9977,0.551081,0.217968,-0.17278,0.9985,0.58371,0.231442,-0.06475,0.9972,0.541989,0.233544,-0.107499,0.9989,0.578602,0.240243,-0.154708,0.9983,0.562823,0.240115,-0.166331,0.9974,0.616249,0.303542,-0.062045,0.9922,0.508402,0.308547,-0.13959,0.9933,0.656902,0.180559,-0.104485,0.9662,0.498511,0.174068,-0.238118,0.9947,0.601569,0.082731,-0.14135,0.8832,0.565918,0.064601,-0.214699,0.9526,0.588823,0.054152,-0.168502,0.7495,0.576186,0.039339,-0.243477,0.862,0.585253,0.060445,-0.164727,0.7338,0.577025,0.044632,-0.216194,0.8354,0.589187,0.073849,-0.143965,0.752,0.575176,0.056997,-0.209849,0.8461,0.588704,0.568474,0.007518,0.998,0.510076,0.552011,-0.006252,0.9967,0.573403,0.721619,0.024624,0.8939,0.364455,0.620765,-0.133874,0.9474,0.558146,0.892014,0.148537,0.9476,0.503863,0.618842,0.103978,0.4123,0.544742,0.91148,0.156807,0.8524,0.526883,0.601819,0.12568,0.5222,0.585268,0.944334,0.057021,0.9143,0.52057,0.662666,0.113067,0.4156
vrikshasana_tf_0289,vrikshasana,,TF,train,unlabelled,,Apache-2.0,data/datasets/yoga_poses/train/tree/guy2_tree137.jpg,True,300,300,True,0.9912,0.5049,178.522,24.142,139.654,152.473,171.565,178.831,179.982,116.443,4.588,12.219,24.142,178.522,139.654,152.473,4.588,12.219,116.443,179.982,167.705,169.349,116.443,178.522,152.473,167.705,3.116,3.116,1.212,1.022,11.787,26.519,-0.9985,-0.3124,1.1199,0.4291,0.574979,0.234195,-0.207119,0.999,0.578208,0.225452,-0.185017,0.9988,0.582047,0.226386,-0.184164,0.9983,0.585643,0.227283,-0.183906,0.9986,0.56539,0.225059,-0.192254,0.9984,0.560594,0.225832,-0.193146,0.998,0.556217,0.226781,-0.193088,0.9987,0.585847,0.241008,-0.084549,0.9974,0.545852,0.242006,-0.131258,0.9988,0.582205,0.250746,-0.172881,0.9976,0.56682,0.250088,-0.185691,0.9976,0.617115,0.311336,-0.076137,0.9915,0.509878,0.31325,-0.162931,0.9912,0.649108,0.187613,-0.115506,0.9671,0.507019,0.181689,-0.26732,0.9947,0.598863,0.083899,-0.154729,0.9063,0.562852,0.068629,-0.251159,0.9591,0.588041,0.05609,-0.181426,0.7948,0.572703,0.044936,-0.281217,0.8791,0.58455,0.057741,-0.177885,0.7803,0.572191,0.045772,-0.254012,0.8542,0.586921,0.066954,-0.157747,0.7941,0.570176,0.05354,-0.246687,0.8655,0.589622,0.570183,0.010199,0.9982,0.510196,0.553609,-0.008959,0.9965,0.573531,0.721218,0.0287,0.9288,0.371974,0.622581,-0.121335,0.9602,0.559906,0.890433,0.148548,0.9663,0.498377,0.617334,0.129176,0.5049,0.547688,0.910016,0.156438,0.8845,0.520499,0.60025,0.151776,0.5943,0.584904,0.942589,0.055867,0.9413,0.512771,0.661474,0.140769,0.496
vrikshasana_tf_0290,vrikshasana,,TF,train,unlabelled,,Apache-2.0,data/datasets/yoga_poses/train/tree/guy2_tree138.jpg,True,300,300,True,0.9792,0.5048,177.82,27.404,151.495,159.498,174.755,178.999,178.763,114.975,2.741,10.519,27.404,177.82,151.495,159.498,2.741,10.519,114.975,178.763,168.67,171.797,114.975,177.82,151.495,171.797,2.466,2.466,2.51,2.315,12.087,25.786,-0.9991,-0.3015,1.1268,0.4301,0.572606,0.247738,-0.235604,0.9987,0.57627,0.235845,-0.213698,0.9981,0.580424,0.236394,-0.212882,0.9979,0.584381,0.237105,-0.212615,0.9976,0.562915,0.236234,-0.21826,0.9981,0.557856,0.236995,-0.21916,0.9975,0.55309,0.23799,-0.219099,0.9983,0.586265,0.250101,-0.110921,0.9958,0.543684,0.251522,-0.145915,0.9975,0.580435,0.264135,-0.200062,0.9951,0.564564,0.263562,-0.209674,0.9949,0.617898,0.319777,-0.106136,0.9883,0.51216,0.324051,-0.16732,0.9792,0.641645,0.194178,-0.160078,0.9784,0.512581,0.197226,-0.262001,0.989,0.606667,0.085224,-0.187618,0.9518,0.558073,0.076787,-0.265267,0.9416,0.597074,0.053172,-0.214044,0.8828,0.566441,0.051817,-0.29651,0.8457,0.590488,0.053521,-0.208368,0.8726,0.566605,0.051336,-0.270083,0.8194,0.591801,0.066498,-0.189187,0.8789,0.566152,0.058515,-0.262311,0.8411,0.593397,0.576047,0.008915,0.998,0.51549,0.559363,-0.007666,0.996,0.575741,0.726401,0.030761,0.929,0.382309,0.623705,-0.104592,0.9483,0.562403,0.895198,0.15161,0.967,0.492924,0.62683,0.145199,0.5048,0.550854,0.913535,0.15987,0.8928,0.514587,0.611562,0.167254,0.5603,0.586781,0.947204,0.061834,0.9378,0.501084,0.670504,0.151907,0.4741
vrikshasana_tf_0291,vrikshasana,,TF,train,unlabelled,,Apache-2.0,data/datasets/yoga_poses/train/tree/guy2_tree139.jpg,True,300,300,True,0.9488,0.4558,179.385,20.217,157.21,159.72,178.948,179.611,179.68,116.757,5.878,10.16,20.217,179.385,157.21,159.72,5.878,10.16,116.757,179.68,167.881,169.398,179.68,179.385,157.21,167.881,3.056,3.056,1.108,2.391,12.115,27.199,-0.9986,-0.287,1.2072,0.4434,0.57574,0.259971,-0.26714,0.9978,0.58272,0.246682,-0.246485,0.9967,0.587234,0.246519,-0.245653,0.9965,0.591508,0.246466,-0.245338,0.9961,0.566827,0.24829,-0.247839,0.9972,0.560593,0.249152,-0.24875,0.9964,0.554569,0.250091,-0.248644,0.9968,0.59723,0.258206,-0.143802,0.9936,0.545971,0.261285,-0.165224,0.9944,0.584571,0.275701,-0.230987,0.9896,0.566207,0.275609,-0.236761,0.988,0.622544,0.326802,-0.141003,0.984,0.515945,0.331252,-0.167601,0.9488,0.634045,0.200173,-0.205521,0.9807,0.515829,0.20576,-0.242066,0.9802,0.597719,0.085663,-0.226609,0.9572,0.559835,0.086333,-0.248075,0.9227,0.590811,0.053158,-0.254074,0.899,0.568036,0.057961,-0.277348,0.8192,0.587317,0.050391,-0.244078,0.8888,0.567441,0.053055,-0.25521,0.7911,0.588049,0.062899,-0.22611,0.8906,0.566681,0.064724,-0.246945,0.8154,0.595116,0.577592,0.000731,0.9981,0.517718,0.560978,0.000406,0.9941,0.579184,0.731212,0.023293,0.96,0.378578,0.632483,-0.047044,0.9518,0.563709,0.897822,0.126652,0.98,0.477913,0.620317,0.24104,0.4558,0.553077,0.916715,0.133581,0.9201,0.498806,0.60379,0.266798,0.5092,0.587855,0.952135,0.038765,0.9581,0.480829,0.661253,0.265589,0.4119
vrikshasana_tf_0292,vrikshasana,,TF,train,unlabelled,,Apache-2.0,data/datasets/yoga_poses/train/tree/guy2_tree140.jpg,True,300,300,True,0.9648,0.4849,179.314,20.58,159.547,161.571,179.533,178.075,179.676,116.487,4.588,10.466,20.58,179.314,159.547,161.571,4.588,10.466,116.487,179.676,168.91,169.751,116.487,179.314,159.547,169.751,2.668,2.668,2.406,2.224,12.583,27.11,-0.9989,-0.291,1.2231,0.442,0.571775,0.26844,-0.26063,0.9977,0.578566,0.254983,-0.240264,0.9965,0.58341,0.254729,-0.239433,0.9963,0.587925,0.254634,-0.239123,0.996,0.564088,0.256976,-0.242085,0.9968,0.558885,0.257792,-0.242981,0.9956,0.553999,0.258713,-0.242904,0.9967,0.592995,0.265744,-0.139031,0.993,0.546844,0.269462,-0.162254,0.9949,0.58143,0.284196,-0.225006,0.991,0.563965,0.283649,-0.231257,0.9898,0.622102,0.335596,-0.134699,0.9863,0.517096,0.339673,-0.17044,0.9648,0.633439,0.210861,-0.195229,0.9786,0.519949,0.214083,-0.252079,0.9819,0.603195,0.1,-0.218621,0.9545,0.561909,0.097087,-0.260059,0.9272,0.598182,0.068837,-0.2461,0.894,0.572477,0.065432,-0.289443,0.8288,0.59356,0.066437,-0.237845,0.8837,0.572623,0.062829,-0.266507,0.8011,0.593575,0.07585,-0.219121,0.8861,0.570849,0.073747,-0.258483,0.826,0.597495,0.583838,0.004964,0.9984,0.519564,0.566443,-0.003776,0.9956,0.581587,0.735567,0.025721,0.9559,0.386043,0.634799,-0.080144,0.9581,0.56612,0.902297,0.132509,0.98,0.48258,0.623748,0.193434,0.4849,0.554243,0.920765,0.139708,0.918,0.503702,0.60774,0.217784,0.5257,0.590463,0.955464,0.044028,0.9573,0.487789,0.663959,0.213191,0.438
vrikshasana_tf_0293,vrikshasana,,TF,train,unlabelled,,Apache-2.0,data/datasets/yoga_poses/train/tree/guy2_tree141.jpg,True,300,300,True,0.9583,0.5076,178.871,30.199,158.617,162.669,178.471,177.348,179.731,116.8,5.928,11.044,30.199,178.871,158.617,162.669,5.928,11.044,116.8,179.731,167.76,168.672,116.8,178.871,158.617,167.76,3.168,3.168,2.146,1.985,12.166,27.085,-0.9985,-0.2858,1.1583,0.453,0.571911,0.277195,-0.274975,0.9968,0.579466,0.264688,-0.255195,0.9955,0.584415,0.264512,-0.254392,0.9952,0.588876,0.264443,-0.254102,0.9948,0.56513,0.266629,-0.255534,0.996,0.559902,0.267541,-0.256424,0.9943,0.554937,0.268522,-0.256319,0.9957,0.595427,0.275358,-0.154676,0.9912,0.548027,0.279536,-0.171727,0.9933,0.581725,0.292573,-0.239253,0.9874,0.56453,0.292392,-0.243902,0.986,0.623511,0.342246,-0.153763,0.9803,0.517565,0.345919,-0.176953,0.9583,0.633698,0.220493,-0.228437,0.9808,0.522806,0.219176,-0.25593,0.9786,0.598667,0.102982,-0.248436,0.9572,0.565666,0.099464,-0.267242,0.9306,0.590662,0.068517,-0.275324,0.8985,0.575156,0.068702,-0.29857,0.8425,0.588308,0.065588,-0.264362,0.8872,0.573927,0.066497,-0.277351,0.8169,0.588845,0.078368,-0.247528,0.8896,0.572513,0.07721,-0.266285,0.8384,0.596537,0.586115,0.001579,0.9982,0.518674,0.569329,-0.000376,0.9956,0.580204,0.740406,0.014737,0.9443,0.382714,0.638858,-0.072692,0.9504,0.566021,0.905394,0.11956,0.9749,0.491541,0.644779,0.188096,0.5076,0.55484,0.92495,0.12637,0.9087,0.512871,0.630134,0.210742,0.5287,0.593932,0.959554,0.029761,0.947,0.49611,0.687399,0.200135,0.4512
vrikshasana_tf_0294,vrikshasana,,TF,train,unlabelled,,Apache-2.0,data/datasets/yoga_poses/train/tree/guy2_tree142.jpg,True,300,300,True,0.9672,0.5805,178.627,25.839,158.573,161.764,179.998,178.255,178.59,116.877,4.33,11.01,25.839,178.627,158.573,161.764,4.33,11.01,116.877,178.59,169.188,169.723,116.877,178.627,158.573,169.723,3.201,3.201,2.449,1.151,12.73,26.679,-0.9984,-0.2742,1.1844,0.4368,0.571552,0.290267,-0.286658,0.9956,0.579193,0.278084,-0.268031,0.9937,0.584103,0.278199,-0.267209,0.9934,0.588815,0.278457,-0.266946,0.9928,0.56476,0.279422,-0.268736,0.9943,0.559918,0.280108,-0.269653,0.9922,0.555336,0.280905,-0.269527,0.9938,0.593722,0.289226,-0.169309,0.9871,0.548577,0.29128,-0.187232,0.9919,0.581251,0.30623,-0.250948,0.984,0.564129,0.30551,-0.255791,0.9832,0.621466,0.353484,-0.162449,0.9804,0.519148,0.355541,-0.192688,0.9672,0.634387,0.229399,-0.23363,0.9798,0.523419,0.229687,-0.273462,0.9779,0.603675,0.11852,-0.260236,0.9558,0.566372,0.112816,-0.291511,0.9308,0.599594,0.08215,-0.287437,0.8959,0.577789,0.077147,-0.320145,0.8468,0.596651,0.078097,-0.276991,0.8843,0.57707,0.073709,-0.300352,0.8227,0.596112,0.089185,-0.259768,0.8876,0.574815,0.086437,-0.290731,0.8479,0.59608,0.597196,0.005875,0.9981,0.518373,0.579641,-0.004582,0.9968,0.584251,0.746303,0.029637,0.9634,0.390471,0.643909,-0.093624,0.9708,0.567463,0.908488,0.15191,0.9812,0.48855,0.642471,0.176098,0.5805,0.553886,0.927524,0.160489,0.93,0.510938,0.627865,0.200093,0.5843,0.594202,0.958687,0.068276,0.9571,0.488391,0.681594,0.19209,0.5006
vrikshasana_tf_0295,vrikshasana,,TF,train,unlabelled,,Apache-2.0,data/datasets/yoga_poses/train/tree/guy2_tree145.jpg,True,300,300,True,0.9609,0.5274,179.658,23.215,162.929,165.1,177.421,179.035,178.348,117.133,4.78,9.874,23.215,179.658,162.929,165.1,4.78,9.874,117.133,178.348,169.243,171.506,117.133,179.658,162.929,169.243,3.786,3.786,3.153,2.38,12.451,25.753,-0.9978,-0.2703,1.1846,0.4084,0.574806,0.301399,-0.264342,0.9953,0.58212,0.28839,-0.24587,0.9935,0.586934,0.288278,-0.245072,0.9934,0.591569,0.288269,-0.244844,0.9929,0.568485,0.289824,-0.246568,0.9936,0.563813,0.290406,-0.24749,0.991,0.559234,0.291071,-0.247428,0.9926,0.597616,0.29895,-0.148779,0.988,0.552407,0.30156,-0.166471,0.9907,0.584114,0.317095,-0.228837,0.983,0.567689,0.316555,-0.233648,0.9814,0.622637,0.363429,-0.146644,0.9813,0.525945,0.367447,-0.174992,0.9609,0.630022,0.239062,-0.218987,0.9789,0.531003,0.243917,-0.25354,0.9811,0.602923,0.127663,-0.247558,0.9497,0.568438,0.123315,-0.266786,0.9359,0.596662,0.094787,-0.274234,0.8857,0.57924,0.094693,-0.293881,0.8568,0.594418,0.093092,-0.264993,0.8739,0.578155,0.091625,-0.27402,0.8338,0.594424,0.10532,-0.247827,0.8832,0.576139,0.099507,-0.265923,0.8591,0.596786,0.610301,0.005324,0.9979,0.520502,0.593458,-0.004035,0.996,0.585322,0.761858,0.016693,0.9537,0.391413,0.655732,-0.070887,0.9617,0.572234,0.922143,0.143243,0.975,0.499917,0.650923,0.201922,0.5274,0.559032,0.94036,0.152621,0.9266,0.522858,0.634063,0.226488,0.5655,0.597482,0.972011,0.062644,0.9486,0.504751,0.691113,0.22174,0.4451
vrikshasana_tf_0296,vrikshasana,,TF,train,unlabelled,,Apache-2.0,data/datasets/yoga_poses/train/tree/guy2_tree147.jpg,True,300,300,True,0.9537,0.5575,178.996,24.207,163.739,163.972,177.917,179.367,177.449,119.15,3.496,9.636,24.207,178.996,163.739,163.972,3.496,9.636,119.15,177.449,170.201,172.457,177.449,178.996,163.739,170.201,4.298,4.298,5.428,3.003,12.088,27.057,-0.9972,-0.2807,1.1962,0.4021,0.571909,0.304008,-0.251774,0.9948,0.579297,0.292369,-0.232886,0.993,0.584162,0.292266,-0.232094,0.9929,0.588901,0.292258,-0.23189,0.9925,0.565988,0.293818,-0.2329,0.9936,0.561787,0.294469,-0.233785,0.9923,0.557625,0.295153,-0.23369,0.9928,0.595126,0.303657,-0.138453,0.9886,0.552095,0.306773,-0.152897,0.9886,0.581598,0.319755,-0.217577,0.9825,0.565423,0.319204,-0.221525,0.9792,0.622079,0.367512,-0.142544,0.9827,0.527698,0.372463,-0.163284,0.9537,0.631207,0.243776,-0.220563,0.9856,0.530744,0.252986,-0.239082,0.9799,0.60782,0.134146,-0.246481,0.9673,0.568133,0.134319,-0.254181,0.9423,0.604271,0.099787,-0.273073,0.9227,0.577341,0.107234,-0.281971,0.8698,0.599969,0.097854,-0.264555,0.9142,0.575963,0.105083,-0.262735,0.8494,0.599127,0.112599,-0.246642,0.9199,0.574842,0.115308,-0.253823,0.8723,0.59503,0.612434,0.001409,0.998,0.519519,0.596262,-0.00012,0.996,0.5852,0.762373,0.01035,0.9662,0.393847,0.660454,-0.049009,0.9626,0.571787,0.923634,0.130451,0.9786,0.486187,0.655857,0.222578,0.5575,0.557627,0.942242,0.138658,0.9318,0.50695,0.641353,0.246626,0.5872,0.596977,0.975079,0.04562,0.9537,0.486952,0.695804,0.239177,0.481
