image_id,NOSE_x,NOSE_y,NOSE_z,NOSE_vis,LEFT_EYE_INNER_x,LEFT_EYE_INNER_y,LEFT_EYE_INNER_z,LEFT_EYE_INNER_vis,LEFT_EYE_x,LEFT_EYE_y,LEFT_EYE_z,LEFT_EYE_vis,LEFT_EYE_OUTER_x,LEFT_EYE_OUTER_y,LEFT_EYE_OUTER_z,LEFT_EYE_OUTER_vis,RIGHT_EYE_INNER_x,RIGHT_EYE_INNER_y,RIGHT_EYE_INNER_z,RIGHT_EYE_INNER_vis,RIGHT_EYE_x,RIGHT_EYE_y,RIGHT_EYE_z,RIGHT_EYE_vis,RIGHT_EYE_OUTER_x,RIGHT_EYE_OUTER_y,RIGHT_EYE_OUTER_z,RIGHT_EYE_OUTER_vis,LEFT_EAR_x,LEFT_EAR_y,LEFT_EAR_z,LEFT_EAR_vis,RIGHT_EAR_x,RIGHT_EAR_y,RIGHT_EAR_z,RIGHT_EAR_vis,MOUTH_LEFT_x,MOUTH_LEFT_y,MOUTH_LEFT_z,MOUTH_LEFT_vis,MOUTH_RIGHT_x,MOUTH_RIGHT_y,MOUTH_RIGHT_z,MOUTH_RIGHT_vis,LEFT_SHOULDER_x,LEFT_SHOULDER_y,LEFT_SHOULDER_z,LEFT_SHOULDER_vis,RIGHT_SHOULDER_x,RIGHT_SHOULDER_y,RIGHT_SHOULDER_z,RIGHT_SHOULDER_vis,LEFT_ELBOW_x,LEFT_ELBOW_y,LEFT_ELBOW_z,LEFT_ELBOW_vis,RIGHT_ELBOW_x,RIGHT_ELBOW_y,RIGHT_ELBOW_z,RIGHT_ELBOW_vis,LEFT_WRIST_x,LEFT_WRIST_y,LEFT_WRIST_z,LEFT_WRIST_vis,RIGHT_WRIST_x,RIGHT_WRIST_y,RIGHT_WRIST_z,RIGHT_WRIST_vis,LEFT_PINKY_x,LEFT_PINKY_y,LEFT_PINKY_z,LEFT_PINKY_vis,RIGHT_PINKY_x,RIGHT_PINKY_y,RIGHT_PINKY_z,RIGHT_PINKY_vis,LEFT_INDEX_x,LEFT_INDEX_y,LEFT_INDEX_z,LEFT_INDEX_vis,RIGHT_INDEX_x,RIGHT_INDEX_y,RIGHT_INDEX_z,RIGHT_INDEX_vis,LEFT_THUMB_x,LEFT_THUMB_y,LEFT_THUMB_z,LEFT_THUMB_vis,RIGHT_THUMB_x,RIGHT_THUMB_y,RIGHT_THUMB_z,RIGHT_THUMB_vis,LEFT_HIP_x,LEFT_HIP_y,LEFT_HIP_z,LEFT_HIP_vis,RIGHT_HIP_x,RIGHT_HIP_y,RIGHT_HIP_z,RIGHT_HIP_vis,LEFT_KNEE_x,LEFT_KNEE_y,LEFT_KNEE_z,LEFT_KNEE_vis,RIGHT_KNEE_x,RIGHT_KNEE_y,RIGHT_KNEE_z,RIGHT_KNEE_vis,LEFT_ANKLE_x,LEFT_ANKLE_y,LEFT_ANKLE_z,LEFT_ANKLE_vis,RIGHT_ANKLE_x,RIGHT_ANKLE_y,RIGHT_ANKLE_z,RIGHT_ANKLE_vis,LEFT_HEEL_x,LEFT_HEEL_y,LEFT_HEEL_z,LEFT_HEEL_vis,RIGHT_HEEL_x,RIGHT_HEEL_y,RIGHT_HEEL_z,RIGHT_HEEL_vis,LEFT_FOOT_INDEX_x,LEFT_FOOT_INDEX_y,LEFT_FOOT_INDEX_z,LEFT_FOOT_INDEX_vis,RIGHT_FOOT_INDEX_x,RIGHT_FOOT_INDEX_y,RIGHT_FOOT_INDEX_z,RIGHT_FOOT_INDEX_vis
adho_mukha_tf_0001,0.629249,0.54438,-0.092122,0.9999,0.642861,0.54911,-0.106582,0.9999,0.646687,0.546666,-0.106052,0.9999,0.650032,0.544087,-0.106058,0.9999,0.632122,0.552159,-0.125607,0.9999,0.628507,0.552126,-0.126559,0.9999,0.624533,0.55207,-0.125819,0.9999,0.652385,0.523221,-0.114239,0.9998,0.614588,0.540065,-0.217181,0.9998,0.62762,0.524924,-0.088054,0.9999,0.615217,0.529057,-0.116855,0.9999,0.66074,0.451515,-0.044419,0.9995,0.529,0.493241,-0.260781,0.9997,0.671907,0.567104,0.011985,0.5417,0.489642,0.612099,-0.307255,0.9442,0.6915,0.672012,-0.070937,0.7178,0.521903,0.72716,-0.314637,0.9463,0.718722,0.686527,-0.093506,0.7057,0.526625,0.755685,-0.365025,0.9107,0.714954,0.694233,-0.125937,0.7104,0.547419,0.748895,-0.359692,0.9069,0.700117,0.686483,-0.086669,0.6888,0.547772,0.739014,-0.317643,0.8779,0.469672,0.286481,0.090754,0.9994,0.412561,0.322575,-0.089371,0.9994,0.490308,0.402209,0.340937,0.0666,0.386833,0.469481,0.132124,0.5886,0.444234,0.430705,0.600296,0.1539,0.309278,0.504943,0.40994,0.6443,0.431929,0.425901,0.625238,0.2003,0.268153,0.516994,0.434512,0.6317,0.451096,0.469644,0.619136,0.27,0.288455,0.565042,0.404115,0.6977
adho_mukha_tf_0002,0.609216,0.550044,-0.129894,1.0,0.624386,0.556476,-0.149468,1.0,0.628338,0.555203,-0.148613,1.0,0.632023,0.553834,-0.148786,1.0,0.614307,0.557455,-0.167651,1.0,0.611405,0.557024,-0.168438,1.0,0.608016,0.556652,-0.167454,1.0,0.638197,0.535859,-0.165825,1.0,0.602226,0.54573,-0.265943,1.0,0.608792,0.533123,-0.128054,1.0,0.597377,0.535185,-0.155832,1.0,0.649607,0.453487,-0.098999,0.9997,0.519208,0.489337,-0.302044,0.9997,0.659211,0.568283,-0.041334,0.6714,0.482642,0.609853,-0.38621,0.9611,0.679631,0.668205,-0.112649,0.8187,0.513188,0.723012,-0.443669,0.9606,0.709522,0.69042,-0.133478,0.8007,0.518719,0.751401,-0.5013,0.9383,0.701214,0.694506,-0.167868,0.8011,0.538185,0.747,-0.497736,0.9363,0.68733,0.685862,-0.127592,0.7852,0.538935,0.733632,-0.449397,0.9131,0.476064,0.277245,0.076612,0.9995,0.411787,0.31175,-0.075044,0.9994,0.529951,0.453625,0.289114,0.1299,0.359552,0.431861,0.160022,0.6525,0.524385,0.546024,0.535729,0.3137,0.314465,0.501086,0.418911,0.8657,0.513291,0.551971,0.555403,0.3363,0.278565,0.538476,0.438584,0.8114,0.557977,0.592192,0.518932,0.4577,0.314584,0.561326,0.377202,0.8869
adho_mukha_tf_0003,0.598832,0.551736,-0.030236,0.9999,0.612969,0.55764,-0.05409,1.0,0.617299,0.5558,-0.053428,1.0,0.620969,0.553962,-0.053589,1.0,0.602859,0.559114,-0.069322,1.0,0.599718,0.558764,-0.070297,1.0,0.596233,0.558247,-0.069502,1.0,0.627107,0.532465,-0.105722,1.0,0.589645,0.544281,-0.190313,0.9999,0.599361,0.534583,-0.041307,1.0,0.586957,0.536483,-0.064582,0.9999,0.637881,0.458686,-0.054177,0.9996,0.512168,0.488205,-0.250471,0.9998,0.66169,0.575976,0.024258,0.5605,0.479677,0.607261,-0.353283,0.9315,0.685741,0.675854,-0.027668,0.7764,0.50895,0.722694,-0.440378,0.969,0.713023,0.694592,-0.041052,0.7596,0.518465,0.751996,-0.499916,0.9504,0.703878,0.699143,-0.07934,0.771,0.532667,0.748219,-0.483143,0.9487,0.68805,0.690691,-0.043963,0.7504,0.531839,0.736445,-0.440537,0.9259,0.474734,0.271356,0.079849,0.9995,0.412126,0.29453,-0.078153,0.9995,0.446875,0.39731,0.325005,0.0826,0.36907,0.425776,0.156945,0.4081,0.377163,0.469601,0.588989,0.1497,0.323903,0.492191,0.442726,0.4648,0.36094,0.464753,0.614083,0.1754,0.303273,0.494121,0.46599,0.4529,0.384211,0.51897,0.585491,0.2397,0.333662,0.535666,0.422853,0.5266
adho_mukha_tf_0004,0.59166,0.552888,-0.046757,1.0,0.607046,0.560633,-0.070344,1.0,0.612007,0.558846,-0.069602,1.0,0.617018,0.556696,-0.069838,1.0,0.594033,0.562809,-0.08579,1.0,0.589888,0.562518,-0.08677,1.0,0.58542,0.562037,-0.085938,1.0,0.624638,0.536255,-0.11915,1.0,0.575847,0.547827,-0.20518,0.9999,0.59344,0.533826,-0.056549,1.0,0.578577,0.536295,-0.080191,0.9999,0.632479,0.456051,-0.072111,0.9995,0.502934,0.482035,-0.258298,0.9996,0.660643,0.568027,-0.001954,0.7316,0.471977,0.605963,-0.372484,0.9354,0.685323,0.673023,-0.053182,0.8617,0.508373,0.720146,-0.474256,0.9758,0.715638,0.694082,-0.069313,0.8289,0.516094,0.748334,-0.533247,0.9596,0.700965,0.700191,-0.107586,0.8363,0.531597,0.744076,-0.513955,0.9582,0.685763,0.692251,-0.06988,0.8172,0.532875,0.731784,-0.473791,0.9397,0.46969,0.259456,0.073153,0.9995,0.406769,0.283829,-0.071427,0.9993,0.421189,0.397339,0.302551,0.1141,0.367275,0.433133,0.182289,0.3357,0.370417,0.476693,0.579365,0.191,0.320542,0.497029,0.452673,0.5626,0.355717,0.48575,0.604581,0.1924,0.299468,0.49983,0.472907,0.5221,0.389816,0.537768,0.556182,0.2663,0.32166,0.538615,0.406465,0.6134
adho_mukha_tf_0005,0.58216,0.549005,-0.016299,0.9999,0.593831,0.558095,-0.048121,1.0,0.599372,0.555896,-0.047405,1.0,0.603262,0.554523,-0.047709,1.0,0.582063,0.558761,-0.057683,0.9999,0.578159,0.557957,-0.058615,0.9999,0.573852,0.557239,-0.057778,0.9999,0.613027,0.53202,-0.128908,1.0,0.563827,0.546168,-0.189005,0.9999,0.583358,0.531896,-0.037433,0.9999,0.570567,0.533412,-0.053517,0.9999,0.62286,0.461727,-0.085479,0.9996,0.49152,0.48893,-0.241823,0.9997,0.655031,0.567255,-0.02933,0.6932,0.468729,0.609192,-0.338553,0.911,0.682224,0.674779,-0.110935,0.9246,0.506477,0.724893,-0.438057,0.9718,0.710978,0.693786,-0.127934,0.9149,0.511213,0.753072,-0.500525,0.9567,0.693437,0.699361,-0.16749,0.9193,0.527036,0.746938,-0.485162,0.9544,0.677215,0.692272,-0.127923,0.9014,0.528907,0.735446,-0.439204,0.9358,0.471327,0.250909,0.066293,0.9996,0.401057,0.280312,-0.064447,0.9994,0.445586,0.384304,0.302192,0.0846,0.373476,0.422646,0.179184,0.3464,0.381348,0.471997,0.572022,0.2056,0.325859,0.488884,0.445727,0.4725,0.365706,0.475735,0.596421,0.2065,0.31217,0.49641,0.466327,0.4104,0.405945,0.516517,0.553462,0.2494,0.321335,0.516135,0.413013,0.4693
adho_mukha_tf_0006,0.56426,0.548522,-0.050055,0.9999,0.578582,0.556541,-0.079691,0.9999,0.583303,0.555455,-0.078884,0.9999,0.589195,0.553473,-0.07921,0.9999,0.56612,0.55667,-0.090053,0.9999,0.5623,0.555766,-0.090949,0.9999,0.558156,0.554869,-0.090182,0.9999,0.599306,0.533045,-0.149052,0.9999,0.549244,0.544098,-0.21263,0.9998,0.567064,0.53139,-0.067024,0.9999,0.553186,0.532278,-0.084025,0.9999,0.6114,0.457175,-0.111573,0.9994,0.483048,0.482898,-0.264323,0.9993,0.640944,0.568879,-0.062067,0.7863,0.457933,0.605678,-0.383109,0.8906,0.673902,0.677785,-0.143297,0.9371,0.502069,0.729546,-0.505819,0.9741,0.70232,0.695177,-0.164388,0.9265,0.504982,0.754108,-0.572941,0.9629,0.686882,0.703288,-0.204778,0.9292,0.524579,0.748615,-0.553345,0.9615,0.674188,0.699232,-0.16129,0.9165,0.52748,0.738202,-0.506994,0.9458,0.468389,0.253165,0.06638,0.9991,0.40324,0.277491,-0.064432,0.9986,0.424419,0.401195,0.276424,0.0992,0.362985,0.417868,0.166277,0.3386,0.366139,0.481954,0.550461,0.2138,0.316624,0.496573,0.423985,0.5157,0.347905,0.485908,0.574669,0.2008,0.298762,0.504193,0.443003,0.448,0.382397,0.532643,0.518422,0.2431,0.31134,0.526685,0.377826,0.498
adho_mukha_tf_0007,0.552621,0.542693,-0.049418,0.9999,0.56629,0.551455,-0.078856,1.0,0.572843,0.549636,-0.078102,1.0,0.577065,0.548476,-0.078408,1.0,0.553493,0.552023,-0.088268,1.0,0.54977,0.551547,-0.089209,0.9999,0.545572,0.550927,-0.088382,0.9999,0.588586,0.531513,-0.1486,1.0,0.538133,0.543098,-0.207615,0.9999,0.554692,0.526511,-0.06691,1.0,0.539103,0.527215,-0.082566,0.9999,0.602838,0.456535,-0.112165,0.9994,0.469573,0.485898,-0.254622,0.9992,0.635703,0.562678,-0.069782,0.8704,0.448434,0.611454,-0.372219,0.8596,0.676047,0.683391,-0.145873,0.9568,0.49397,0.727706,-0.500079,0.9626,0.702514,0.699192,-0.1689,0.945,0.497062,0.752703,-0.567682,0.9461,0.688648,0.706191,-0.206683,0.9464,0.519291,0.745251,-0.549687,0.9437,0.672216,0.704305,-0.163046,0.9335,0.527002,0.730561,-0.502143,0.9213,0.461953,0.247885,0.063546,0.9986,0.397361,0.27178,-0.061749,0.9973,0.434415,0.385712,0.290696,0.0808,0.365694,0.41524,0.184673,0.2765,0.357373,0.47077,0.578366,0.1807,0.319812,0.49098,0.452817,0.4353,0.343449,0.483852,0.603541,0.1493,0.300067,0.501213,0.472784,0.3453,0.379823,0.522529,0.542317,0.2171,0.339957,0.533695,0.402291,0.4361
adho_mukha_tf_0008,0.542449,0.544681,-0.042455,0.9999,0.558643,0.553356,-0.070089,1.0,0.56433,0.552369,-0.069338,1.0,0.570568,0.550945,-0.069645,1.0,0.542872,0.553908,-0.081387,1.0,0.537972,0.553569,-0.082372,0.9999,0.532627,0.553176,-0.081557,0.9999,0.581287,0.535438,-0.131941,1.0,0.523949,0.543062,-0.199345,0.9999,0.546936,0.529188,-0.05714,1.0,0.529679,0.529663,-0.075018,0.9999,0.598058,0.456058,-0.09157,0.9993,0.461304,0.480102,-0.252982,0.999,0.633278,0.563807,-0.045568,0.8882,0.449942,0.605682,-0.380113,0.8621,0.671887,0.682354,-0.114221,0.9523,0.484158,0.720509,-0.509081,0.9604,0.698769,0.700374,-0.135795,0.9369,0.486483,0.74862,-0.574475,0.9405,0.683745,0.707005,-0.173715,0.9384,0.508045,0.74348,-0.553127,0.9372,0.666552,0.704648,-0.131671,0.924,0.517312,0.727309,-0.509646,0.9129,0.461603,0.234765,0.071065,0.9984,0.389418,0.253119,-0.069332,0.9973,0.430593,0.380297,0.302269,0.0883,0.360059,0.40722,0.163536,0.379,0.361734,0.446733,0.591179,0.162,0.319985,0.474164,0.448568,0.4428,0.346123,0.459505,0.617268,0.1326,0.263987,0.465026,0.471398,0.3659,0.379445,0.507674,0.568428,0.1986,0.335818,0.524441,0.414853,0.4513
adho_mukha_tf_0009,0.537379,0.530692,-0.052197,1.0,0.553983,0.539389,-0.080668,1.0,0.558591,0.538037,-0.079871,1.0,0.563087,0.536355,-0.08019,1.0,0.539566,0.54137,-0.089838,1.0,0.534799,0.54142,-0.0908,1.0,0.529871,0.541191,-0.09001,1.0,0.570205,0.521442,-0.146778,1.0,0.521439,0.531334,-0.204928,0.9999,0.53859,0.516058,-0.068749,1.0,0.522924,0.516624,-0.08399,0.9999,0.583737,0.452717,-0.11055,0.9995,0.45619,0.479374,-0.260706,0.9993,0.626772,0.556329,-0.072206,0.9291,0.446185,0.600861,-0.394842,0.9035,0.668315,0.678619,-0.152138,0.9752,0.480378,0.71946,-0.529965,0.9715,0.696141,0.69683,-0.177097,0.9654,0.484908,0.749168,-0.596794,0.9553,0.682289,0.705062,-0.213799,0.9657,0.506114,0.745402,-0.574163,0.9522,0.667045,0.701929,-0.169306,0.9552,0.511688,0.730629,-0.530586,0.9322,0.450301,0.249854,0.067643,0.9986,0.386845,0.264849,-0.065842,0.9974,0.414056,0.387462,0.279888,0.1105,0.350672,0.412736,0.154849,0.3838,0.352149,0.474629,0.55669,0.2057,0.321401,0.485619,0.420316,0.4722,0.334541,0.488978,0.580869,0.1703,0.29714,0.496682,0.441022,0.3908,0.370026,0.517168,0.520935,0.2428,0.342644,0.527108,0.376786,0.4662
adho_mukha_tf_0010,0.527858,0.541188,-0.035364,0.9999,0.543204,0.549295,-0.064136,1.0,0.547768,0.547844,-0.063417,1.0,0.552509,0.54604,-0.063709,1.0,0.528482,0.552032,-0.073099,1.0,0.523262,0.552466,-0.074107,0.9999,0.51801,0.552618,-0.073247,0.9999,0.560719,0.529009,-0.131544,1.0,0.508275,0.542832,-0.188766,0.9999,0.530078,0.523734,-0.052357,1.0,0.514013,0.525728,-0.067282,0.9999,0.571981,0.452743,-0.093469,0.9994,0.447676,0.484601,-0.242686,0.9993,0.619667,0.557767,-0.046206,0.9107,0.445098,0.606207,-0.371841,0.9017,0.659541,0.672902,-0.115977,0.9637,0.479148,0.720771,-0.508616,0.9715,0.687976,0.695011,-0.137983,0.9525,0.475113,0.751313,-0.571847,0.9559,0.671099,0.701834,-0.173956,0.9528,0.502451,0.742427,-0.552045,0.9527,0.657266,0.694936,-0.132294,0.9396,0.509298,0.728017,-0.509473,0.9326,0.451862,0.234176,0.064296,0.9978,0.382961,0.254642,-0.06263,0.9962,0.428427,0.382163,0.275463,0.102,0.359944,0.399343,0.159841,0.3432,0.369827,0.46447,0.550024,0.1998,0.324096,0.483386,0.42,0.4401,0.349821,0.465541,0.573184,0.1632,0.275693,0.480674,0.440458,0.3673,0.3746,0.513988,0.51136,0.2254,0.347497,0.526237,0.376134,0.4456
adho_mukha_tf_0011,0.516704,0.544304,0.001879,0.9998,0.53046,0.552423,-0.0298,0.9999,0.535288,0.550689,-0.029026,0.9999,0.542316,0.547748,-0.029273,0.9999,0.515808,0.55615,-0.037173,0.9998,0.511412,0.556656,-0.038034,0.9998,0.505438,0.557291,-0.037263,0.9998,0.550372,0.53374,-0.113185,0.9999,0.495212,0.548081,-0.161871,0.9997,0.520037,0.528004,-0.020073,0.9998,0.50462,0.530183,-0.032601,0.9997,0.565626,0.459937,-0.078126,0.9993,0.436003,0.486656,-0.205098,0.9992,0.609331,0.5638,-0.007189,0.8566,0.433853,0.606255,-0.328585,0.7704,0.649944,0.673617,-0.052074,0.9536,0.471431,0.713341,-0.488999,0.9573,0.681151,0.691929,-0.070444,0.9491,0.472562,0.740133,-0.55488,0.9501,0.662307,0.699543,-0.105292,0.95,0.494028,0.736618,-0.543636,0.948,0.646933,0.695978,-0.067001,0.9357,0.497205,0.724741,-0.493303,0.9234,0.449656,0.235265,0.05605,0.999,0.376848,0.256636,-0.054329,0.9984,0.439579,0.378645,0.292651,0.0986,0.3534,0.389595,0.183132,0.2906,0.367002,0.453598,0.566519,0.162,0.321593,0.472755,0.458073,0.2767,0.353612,0.459833,0.58946,0.1308,0.278952,0.463027,0.480202,0.2441,0.375381,0.513732,0.53352,0.1738,0.346206,0.521662,0.429405,0.2862
adho_mukha_tf_0012,0.50498,0.535601,-0.032935,1.0,0.517861,0.545739,-0.061818,1.0,0.5231,0.544582,-0.061097,1.0,0.529914,0.542737,-0.061326,1.0,0.502975,0.547428,-0.071132,1.0,0.498407,0.547498,-0.072092,1.0,0.49305,0.547437,-0.071255,1.0,0.539587,0.529956,-0.128888,1.0,0.48342,0.53771,-0.187747,0.9999,0.51073,0.519285,-0.049726,1.0,0.49331,0.519757,-0.064951,0.9999,0.565031,0.456895,-0.088387,0.9995,0.432177,0.476326,-0.23538,0.9996,0.604326,0.560424,-0.033551,0.9352,0.438437,0.593519,-0.372158,0.91,0.640315,0.671281,-0.103457,0.9781,0.461436,0.705632,-0.525792,0.982,0.671628,0.689449,-0.126284,0.9712,0.463791,0.731401,-0.59115,0.9723,0.652072,0.696911,-0.160456,0.9712,0.48063,0.729333,-0.572885,0.9705,0.636694,0.692717,-0.119125,0.9612,0.485342,0.715605,-0.527519,0.9556,0.451229,0.234296,0.064209,0.9985,0.379868,0.250718,-0.062499,0.9978,0.432552,0.384332,0.289514,0.0956,0.357874,0.392007,0.165883,0.3825,0.366967,0.455079,0.562025,0.1859,0.327279,0.467472,0.429923,0.4192,0.340884,0.432328,0.584519,0.1538,0.277322,0.460423,0.450753,0.3502,0.37565,0.504606,0.522931,0.2214,0.336426,0.514863,0.38926,0.4236
adho_mukha_tf_0013,0.505392,0.52753,-0.038691,0.9999,0.518409,0.538233,-0.0695,1.0,0.523387,0.536764,-0.068873,1.0,0.529471,0.53455,-0.069081,1.0,0.5033,0.541097,-0.075625,1.0,0.498106,0.541723,-0.07659,0.9999,0.491739,0.542265,-0.075762,0.9999,0.535968,0.521266,-0.142471,1.0,0.478057,0.533831,-0.187143,0.9999,0.509569,0.510167,-0.057087,1.0,0.49191,0.51238,-0.068626,0.9999,0.553019,0.448691,-0.106943,0.9996,0.425521,0.481001,-0.223051,0.9997,0.60412,0.554615,-0.067061,0.8963,0.428615,0.598246,-0.335734,0.9068,0.636052,0.670483,-0.147272,0.9746,0.453072,0.707703,-0.477556,0.9825,0.66563,0.689475,-0.173571,0.9704,0.45283,0.736866,-0.538371,0.9743,0.645593,0.697261,-0.204476,0.9707,0.471636,0.73306,-0.528118,0.9733,0.631111,0.693331,-0.161536,0.96,0.473627,0.721053,-0.481242,0.961,0.449604,0.232152,0.055445,0.9983,0.376834,0.249359,-0.053852,0.9978,0.455897,0.38792,0.30353,0.0764,0.359669,0.391833,0.177635,0.2568,0.40383,0.447867,0.581099,0.1565,0.341473,0.46223,0.461623,0.2423,0.373236,0.424254,0.604803,0.1237,0.306598,0.45364,0.485429,0.2058,0.402293,0.480443,0.55323,0.1804,0.35297,0.508825,0.439223,0.264
adho_mukha_tf_0014,0.496073,0.530246,-0.021813,0.9999,0.507616,0.540451,-0.054049,1.0,0.512756,0.538715,-0.05343,0.9999,0.518072,0.536562,-0.053625,1.0,0.493021,0.543142,-0.057492,0.9999,0.487758,0.543633,-0.058454,0.9999,0.482052,0.543933,-0.057559,0.9999,0.527667,0.522001,-0.132581,0.9999,0.468651,0.534035,-0.164944,0.9999,0.501022,0.512895,-0.042487,0.9999,0.484736,0.515285,-0.050442,0.9999,0.546153,0.445301,-0.100131,0.9995,0.417068,0.473119,-0.189834,0.9997,0.598215,0.55459,-0.049093,0.9017,0.429431,0.589568,-0.280466,0.8816,0.63448,0.666486,-0.114244,0.9716,0.442924,0.699238,-0.412369,0.9722,0.66296,0.684249,-0.134005,0.9665,0.439988,0.729193,-0.467897,0.9607,0.644967,0.693397,-0.164166,0.9671,0.458835,0.725193,-0.46279,0.9592,0.630063,0.689967,-0.126621,0.9541,0.462275,0.713412,-0.417137,0.9414,0.448833,0.224602,0.045298,0.9983,0.373965,0.240525,-0.043767,0.9976,0.45907,0.387118,0.294034,0.0744,0.358005,0.381552,0.20116,0.2317,0.399542,0.435728,0.570253,0.1512,0.341441,0.451689,0.474161,0.2609,0.372004,0.408186,0.594468,0.121,0.309868,0.437811,0.496875,0.2173,0.404782,0.482435,0.546106,0.172,0.345626,0.496551,0.453139,0.2741
adho_mukha_tf_0015,0.49827,0.526225,-0.065569,1.0,0.509359,0.534944,-0.098691,1.0,0.514624,0.533038,-0.098109,1.0,0.519152,0.530895,-0.098309,1.0,0.49454,0.537897,-0.103008,1.0,0.489101,0.538463,-0.104,1.0,0.482947,0.539029,-0.103143,1.0,0.523742,0.516003,-0.173047,1.0,0.469248,0.528657,-0.209165,0.9999,0.501355,0.509603,-0.083742,1.0,0.483973,0.511954,-0.092867,0.9999,0.543228,0.445479,-0.133977,0.9995,0.408426,0.470761,-0.234376,0.9996,0.590982,0.551729,-0.103111,0.8853,0.423135,0.585396,-0.342357,0.8663,0.62443,0.668796,-0.191446,0.9643,0.442717,0.691359,-0.490296,0.9649,0.652622,0.686173,-0.221945,0.9594,0.441914,0.719723,-0.552203,0.9525,0.633402,0.693218,-0.25398,0.96,0.460572,0.714513,-0.544974,0.951,0.617433,0.689593,-0.206129,0.9453,0.465712,0.702398,-0.495802,0.9314,0.453095,0.231155,0.044645,0.9975,0.373479,0.247167,-0.043123,0.9968,0.459454,0.383854,0.282518,0.0601,0.363744,0.382535,0.190619,0.1379,0.414497,0.453128,0.564437,0.1512,0.355001,0.459858,0.467395,0.1928,0.398494,0.433437,0.58785,0.1221,0.33528,0.453499,0.490123,0.167,0.422262,0.491798,0.523511,0.183,0.360878,0.5041,0.433391,0.2192
adho_mukha_tf_0016,0.492135,0.520091,-0.064647,1.0,0.503798,0.527396,-0.097738,1.0,0.508376,0.525335,-0.097138,1.0,0.513858,0.522626,-0.097337,1.0,0.488232,0.531501,-0.099104,1.0,0.482318,0.532515,-0.10012,1.0,0.475156,0.533648,-0.099192,1.0,0.517919,0.507009,-0.174067,1.0,0.45835,0.523871,-0.196511,1.0,0.493748,0.503459,-0.083918,1.0,0.477041,0.506714,-0.089195,1.0,0.532785,0.437473,-0.130462,0.9997,0.401604,0.46462,-0.216495,0.9998,0.583386,0.545666,-0.106074,0.8898,0.411352,0.584418,-0.299695,0.8913,0.619847,0.658274,-0.19261,0.9654,0.43076,0.689282,-0.43365,0.972,0.650014,0.678491,-0.223495,0.9601,0.425237,0.717482,-0.490926,0.962,0.62829,0.686995,-0.253959,0.9602,0.447128,0.710915,-0.489119,0.9617,0.612631,0.682395,-0.2058,0.9449,0.450907,0.700316,-0.4407,0.9471,0.450019,0.232891,0.041905,0.9986,0.371119,0.248858,-0.040629,0.9981,0.462155,0.381888,0.283644,0.0726,0.361048,0.39498,0.184613,0.1407,0.421384,0.44263,0.555834,0.1749,0.357521,0.460706,0.467496,0.1912,0.404037,0.432722,0.578467,0.1454,0.354862,0.460954,0.490568,0.1535,0.423388,0.494402,0.522453,0.2343,0.359456,0.501556,0.442178,0.2393
adho_mukha_tf_0017,0.484692,0.514042,-0.037152,1.0,0.495427,0.524646,-0.068742,1.0,0.500856,0.523321,-0.068186,1.0,0.505897,0.52177,-0.068352,1.0,0.480145,0.527195,-0.07368,1.0,0.474452,0.527851,-0.0747,1.0,0.467811,0.528399,-0.073673,1.0,0.51243,0.509373,-0.142112,1.0,0.452848,0.518831,-0.181367,0.9999,0.487872,0.497318,-0.055571,1.0,0.470551,0.49853,-0.065484,0.9999,0.533486,0.438478,-0.101377,0.9996,0.402185,0.458158,-0.204666,0.9997,0.577991,0.543117,-0.054534,0.8804,0.411594,0.575976,-0.290006,0.9006,0.609977,0.651318,-0.13148,0.958,0.421458,0.683998,-0.413636,0.9753,0.640343,0.67208,-0.156204,0.9521,0.420744,0.709391,-0.470363,0.9635,0.616143,0.679472,-0.187801,0.9527,0.437025,0.706838,-0.46609,0.962,0.596971,0.672709,-0.144831,0.9366,0.445873,0.694401,-0.4186,0.9455,0.450179,0.216075,0.043475,0.9982,0.370909,0.232743,-0.042096,0.9976,0.473055,0.36893,0.285945,0.0672,0.368484,0.385905,0.185981,0.1467,0.421453,0.442255,0.550472,0.1571,0.363843,0.451556,0.460546,0.2007,0.409379,0.420984,0.57248,0.1325,0.343112,0.438967,0.483228,0.1819,0.43163,0.487513,0.513127,0.1957,0.370308,0.495361,0.432821,0.2466
adho_mukha_tf_0018,0.476809,0.507791,-0.041218,0.9999,0.489047,0.518139,-0.073441,1.0,0.49438,0.516843,-0.072834,1.0,0.499561,0.515101,-0.07297,1.0,0.472892,0.520611,-0.076879,1.0,0.466723,0.521321,-0.077822,0.9999,0.460173,0.521814,-0.076909,0.9999,0.50722,0.501962,-0.151189,1.0,0.44545,0.514467,-0.182881,0.9999,0.481911,0.49134,-0.061069,0.9999,0.46524,0.492691,-0.069224,0.9999,0.52728,0.43118,-0.118519,0.9996,0.397092,0.453247,-0.200856,0.9996,0.577938,0.540169,-0.081751,0.8875,0.401395,0.5694,-0.283271,0.8789,0.60709,0.651003,-0.161905,0.959,0.413879,0.67776,-0.412618,0.97,0.634856,0.672683,-0.192264,0.953,0.411919,0.707596,-0.46878,0.9604,0.613883,0.677421,-0.220724,0.9536,0.429974,0.704419,-0.469108,0.96,0.597562,0.669625,-0.174644,0.9375,0.433136,0.692359,-0.4199,0.9428,0.452427,0.215282,0.037907,0.998,0.37363,0.23072,-0.036489,0.9968,0.478086,0.361286,0.292051,0.0676,0.368911,0.37329,0.212064,0.1045,0.438892,0.42619,0.572985,0.1466,0.369623,0.452894,0.495109,0.1645,0.423269,0.409125,0.596466,0.1195,0.364793,0.452651,0.518538,0.1429,0.446135,0.471067,0.536543,0.1813,0.384419,0.479342,0.466904,0.2171
adho_mukha_tf_0019,0.475255,0.506553,-0.028507,0.9999,0.485351,0.518082,-0.062941,0.9999,0.490426,0.516783,-0.062396,0.9999,0.495234,0.515103,-0.062546,0.9999,0.47066,0.520012,-0.065224,0.9999,0.465115,0.520262,-0.066221,0.9999,0.45884,0.520266,-0.065253,0.9999,0.500441,0.502182,-0.148099,0.9999,0.444191,0.509623,-0.174448,0.9999,0.47878,0.489315,-0.050628,0.9999,0.461513,0.490258,-0.057087,0.9999,0.523118,0.431943,-0.119614,0.9993,0.392936,0.451885,-0.186537,0.9995,0.568452,0.538251,-0.076004,0.8741,0.397848,0.564556,-0.266577,0.826,0.600363,0.646146,-0.154652,0.9489,0.411895,0.669297,-0.40383,0.9591,0.625644,0.66929,-0.184513,0.9432,0.405741,0.700001,-0.459346,0.9462,0.605888,0.673664,-0.211963,0.9442,0.422808,0.695992,-0.460791,0.9446,0.59058,0.666829,-0.166706,0.9248,0.430438,0.682144,-0.411272,0.9213,0.452318,0.215304,0.027547,0.9969,0.371107,0.225716,-0.026149,0.9949,0.474377,0.359613,0.273863,0.0826,0.369263,0.368752,0.227436,0.0894,0.429364,0.438259,0.557122,0.1711,0.362449,0.451228,0.503059,0.1579,0.417929,0.417739,0.580658,0.1328,0.359998,0.456766,0.525489,0.1431,0.442057,0.48349,0.508821,0.1947,0.378936,0.486533,0.461442,0.2004
adho_mukha_tf_0020,0.472973,0.498444,-0.046568,0.9999,0.483511,0.510946,-0.079948,0.9999,0.488611,0.509874,-0.079405,0.9999,0.493472,0.508418,-0.079569,0.9999,0.468527,0.512532,-0.082158,0.9999,0.462857,0.512762,-0.083123,0.9999,0.456588,0.512673,-0.08222,0.9999,0.498883,0.496751,-0.161373,0.9999,0.440997,0.503241,-0.186489,0.9999,0.476328,0.482373,-0.067445,0.9999,0.459286,0.482447,-0.073761,0.9999,0.520581,0.427751,-0.134135,0.9994,0.389372,0.444541,-0.196281,0.9995,0.566737,0.532499,-0.10189,0.8831,0.399261,0.555848,-0.279442,0.8326,0.597531,0.63993,-0.182764,0.9538,0.409144,0.660396,-0.424109,0.9609,0.620593,0.663505,-0.216191,0.948,0.405821,0.689236,-0.479628,0.9509,0.601938,0.670908,-0.240915,0.9489,0.419934,0.68854,-0.482432,0.9502,0.587188,0.664237,-0.194294,0.9311,0.42901,0.67423,-0.432439,0.9296,0.448738,0.21075,0.025274,0.9962,0.370791,0.224582,-0.0239,0.9942,0.458548,0.36382,0.268026,0.0723,0.374953,0.366258,0.22988,0.0634,0.438763,0.428274,0.555159,0.1642,0.373085,0.449256,0.502013,0.1348,0.423748,0.417278,0.578606,0.1258,0.364519,0.433231,0.52417,0.1178,0.444123,0.4804,0.506785,0.186,0.390688,0.477527,0.46196,0.1762
adho_mukha_tf_0021,0.470521,0.498785,-0.055932,0.9999,0.480265,0.510742,-0.090808,0.9999,0.484884,0.509612,-0.090281,0.9999,0.490103,0.508008,-0.090312,0.9999,0.464701,0.512699,-0.092248,0.9999,0.458711,0.512948,-0.093233,0.9999,0.451725,0.512765,-0.092274,0.9999,0.493206,0.495015,-0.176721,0.9999,0.435235,0.50192,-0.198002,0.9999,0.472833,0.482841,-0.078073,0.9999,0.455353,0.483935,-0.083371,0.9999,0.516436,0.426156,-0.145951,0.9996,0.386656,0.445653,-0.201306,0.9995,0.563805,0.529833,-0.100438,0.8567,0.391291,0.558368,-0.271213,0.8403,0.592158,0.630673,-0.176496,0.9402,0.399162,0.662903,-0.405992,0.9625,0.615502,0.65928,-0.210789,0.934,0.395057,0.685275,-0.460902,0.9532,0.59728,0.663761,-0.234985,0.9362,0.411127,0.682281,-0.46883,0.9533,0.582409,0.652407,-0.18749,0.9157,0.414768,0.672757,-0.415952,0.9346,0.453808,0.210105,0.020542,0.9975,0.372546,0.224787,-0.019295,0.9956,0.472299,0.365011,0.277173,0.0859,0.378769,0.36189,0.245998,0.0458,0.446155,0.427897,0.563823,0.165,0.384412,0.452325,0.528062,0.1081,0.437222,0.42603,0.58703,0.1302,0.381025,0.440016,0.551324,0.0976,0.459915,0.491403,0.516611,0.1923,0.408148,0.4779,0.491309,0.1613
adho_mukha_tf_0022,0.473125,0.502508,-0.053589,1.0,0.481655,0.51271,-0.089396,1.0,0.485734,0.511045,-0.088946,1.0,0.490222,0.508995,-0.08896,1.0,0.468192,0.514917,-0.089778,1.0,0.462628,0.514946,-0.090834,1.0,0.456421,0.514765,-0.089949,1.0,0.495224,0.493329,-0.174812,0.9999,0.438327,0.50168,-0.192222,0.9999,0.475927,0.48438,-0.075576,1.0,0.459033,0.485708,-0.079738,0.9999,0.518036,0.424473,-0.142606,0.9995,0.387201,0.445197,-0.193488,0.9997,0.560228,0.530482,-0.124489,0.8639,0.391171,0.55198,-0.23592,0.8661,0.585736,0.630112,-0.226556,0.9437,0.401503,0.650973,-0.333091,0.9614,0.60985,0.656153,-0.265313,0.9384,0.397016,0.676596,-0.379141,0.9485,0.590166,0.661779,-0.286331,0.9394,0.413791,0.673315,-0.39183,0.9479,0.576415,0.652873,-0.237029,0.919,0.419533,0.661784,-0.343729,0.9297,0.455813,0.214736,0.018494,0.9975,0.377901,0.225907,-0.01734,0.9961,0.476671,0.367853,0.249654,0.0954,0.374477,0.365018,0.221782,0.066,0.442312,0.430587,0.524183,0.1929,0.376806,0.439135,0.486184,0.1523,0.433793,0.427781,0.545575,0.1569,0.377068,0.44499,0.50793,0.1355,0.451304,0.48941,0.472495,0.2335,0.39796,0.482741,0.442004,0.2057
adho_mukha_tf_0023,0.471728,0.488863,-0.069378,0.9999,0.480553,0.498166,-0.103234,0.9999,0.484587,0.497135,-0.102766,0.9999,0.488738,0.495859,-0.102689,0.9999,0.466866,0.499638,-0.104754,0.9999,0.461146,0.499727,-0.10578,0.9999,0.455011,0.49962,-0.104866,0.9999,0.491729,0.485428,-0.184495,0.9999,0.439191,0.488985,-0.20591,0.9998,0.474665,0.474319,-0.089746,0.9999,0.457807,0.475105,-0.095221,0.9999,0.518634,0.423755,-0.150851,0.9995,0.389486,0.435619,-0.200228,0.9996,0.557312,0.528677,-0.111727,0.8761,0.395085,0.537688,-0.226895,0.8761,0.579341,0.62863,-0.189161,0.9457,0.403214,0.64506,-0.312092,0.9716,0.600283,0.653817,-0.225772,0.9377,0.394473,0.66661,-0.357401,0.9606,0.582354,0.658574,-0.246493,0.9385,0.412607,0.664222,-0.370832,0.9607,0.568312,0.648444,-0.199198,0.9204,0.420901,0.653971,-0.322504,0.946,0.46464,0.213171,0.0138,0.9968,0.383964,0.220403,-0.012627,0.9951,0.476782,0.372971,0.241263,0.1107,0.378164,0.364795,0.221839,0.0569,0.451362,0.432936,0.51517,0.2001,0.387965,0.438458,0.489931,0.1399,0.44376,0.43215,0.536496,0.1552,0.389606,0.44362,0.511913,0.1311,0.458898,0.494223,0.459993,0.253,0.408038,0.482599,0.442942,0.2067
adho_mukha_tf_0024,0.463497,0.483457,-0.067171,1.0,0.472884,0.495382,-0.098994,1.0,0.477279,0.494392,-0.09855,1.0,0.481661,0.493033,-0.098512,1.0,0.459009,0.496408,-0.103942,1.0,0.453909,0.49628,-0.104929,1.0,0.44857,0.495856,-0.104104,1.0,0.485853,0.479961,-0.16896,0.9999,0.437854,0.483808,-0.207471,0.9999,0.467403,0.467988,-0.083443,0.9999,0.45177,0.46821,-0.093593,0.9999,0.515876,0.419237,-0.134128,0.9993,0.388397,0.429523,-0.211308,0.9994,0.553092,0.517543,-0.121109,0.8793,0.391576,0.53392,-0.283401,0.8915,0.575979,0.615367,-0.221707,0.9299,0.399646,0.634145,-0.415606,0.968,0.597693,0.641766,-0.261698,0.918,0.390688,0.65797,-0.469187,0.9567,0.580472,0.64617,-0.28407,0.9171,0.408825,0.656059,-0.476463,0.9557,0.565598,0.634458,-0.233559,0.8977,0.418809,0.643612,-0.425721,0.9377,0.461616,0.208086,0.02413,0.9943,0.384987,0.215236,-0.022797,0.9917,0.47413,0.365766,0.228504,0.0951,0.392114,0.366025,0.18692,0.0663,0.463413,0.44582,0.48399,0.2432,0.405649,0.447353,0.430015,0.205,0.461105,0.446984,0.501997,0.192,0.407703,0.452704,0.448138,0.1656,0.470344,0.507944,0.410796,0.3075,0.426473,0.497243,0.362138,0.2749
adho_mukha_tf_0025,0.465796,0.481094,-0.065412,0.9999,0.475098,0.492125,-0.095527,0.9999,0.480299,0.49092,-0.095184,0.9999,0.485718,0.489437,-0.095039,0.9999,0.459374,0.493961,-0.100771,1.0,0.453897,0.494234,-0.101722,0.9999,0.448065,0.494208,-0.100998,0.9999,0.490701,0.476601,-0.159158,0.9999,0.436324,0.48249,-0.199524,0.9999,0.471254,0.464715,-0.079479,0.9999,0.453858,0.465262,-0.089951,0.9999,0.519873,0.412694,-0.13176,0.9991,0.387264,0.426559,-0.189231,0.9994,0.552545,0.516436,-0.145532,0.9158,0.389448,0.529774,-0.243366,0.9145,0.575938,0.612562,-0.25974,0.9433,0.397634,0.629246,-0.357132,0.974,0.600053,0.636179,-0.303826,0.9289,0.389821,0.656032,-0.402051,0.9611,0.580669,0.641382,-0.319877,0.9261,0.405775,0.655042,-0.412869,0.9601,0.566783,0.631235,-0.269322,0.9104,0.414595,0.641643,-0.36766,0.9445,0.468968,0.203074,0.012734,0.9935,0.387357,0.207586,-0.011424,0.9902,0.482613,0.370997,0.157479,0.1294,0.398972,0.358409,0.143299,0.0735,0.488438,0.467556,0.383992,0.2641,0.426859,0.473577,0.359047,0.2536,0.486482,0.47237,0.398512,0.2298,0.437251,0.483067,0.374392,0.2357,0.495698,0.530347,0.299317,0.3691,0.444295,0.527671,0.278853,0.3625
adho_mukha_tf_0026,0.467399,0.479738,-0.051812,0.9999,0.476344,0.490699,-0.081111,0.9999,0.481395,0.489457,-0.080767,0.9999,0.486685,0.487918,-0.080601,0.9999,0.460834,0.492324,-0.086844,0.9999,0.455259,0.492349,-0.087752,0.9999,0.449551,0.492013,-0.087071,0.9999,0.491011,0.473942,-0.144358,0.9999,0.435692,0.477889,-0.186355,0.9998,0.4725,0.463113,-0.066257,0.9999,0.455017,0.464078,-0.076957,0.9999,0.522526,0.40875,-0.113607,0.9991,0.386301,0.422132,-0.176402,0.9993,0.558398,0.510116,-0.102795,0.9031,0.389896,0.526863,-0.230261,0.911,0.573144,0.605664,-0.18477,0.9282,0.395377,0.624846,-0.340726,0.9738,0.599228,0.629075,-0.221606,0.9063,0.388043,0.65049,-0.382019,0.9613,0.57876,0.633903,-0.235316,0.9033,0.405721,0.65157,-0.392452,0.9599,0.559895,0.623135,-0.192539,0.8846,0.41475,0.638925,-0.350424,0.9436,0.471593,0.201195,0.015338,0.9956,0.389651,0.208221,-0.013891,0.9926,0.489386,0.368197,0.124526,0.1663,0.392712,0.370961,0.116387,0.0809,0.48971,0.47355,0.316226,0.3187,0.424894,0.481839,0.308491,0.2557,0.48277,0.480198,0.328401,0.2936,0.434668,0.491662,0.321989,0.2528,0.497533,0.535445,0.234905,0.4155,0.440286,0.538417,0.227238,0.3563
adho_mukha_tf_0027,0.472597,0.480835,-0.029341,0.9999,0.481041,0.492,-0.060665,0.9999,0.485939,0.490795,-0.060271,0.9999,0.490949,0.489289,-0.060225,0.9999,0.466606,0.493128,-0.066036,0.9999,0.461271,0.492875,-0.066954,0.9999,0.45559,0.492272,-0.066255,0.9999,0.496322,0.475241,-0.132059,0.9999,0.442633,0.478134,-0.172371,0.9999,0.477541,0.463873,-0.045729,0.9999,0.460509,0.464522,-0.056195,0.9999,0.526527,0.408387,-0.104159,0.9993,0.391593,0.421788,-0.173895,0.9996,0.558443,0.512353,-0.105289,0.8178,0.389054,0.519814,-0.243683,0.8718,0.572753,0.607977,-0.210732,0.9049,0.393244,0.619455,-0.378395,0.9675,0.595129,0.632574,-0.249542,0.8982,0.382466,0.644841,-0.426316,0.9587,0.575386,0.634757,-0.26684,0.8976,0.401075,0.644807,-0.434473,0.958,0.558304,0.624024,-0.221068,0.8747,0.411037,0.632648,-0.387693,0.9378,0.475608,0.196534,0.01901,0.9938,0.397117,0.201713,-0.017567,0.9919,0.511478,0.338471,0.236866,0.0725,0.401455,0.334918,0.189751,0.0338,0.490764,0.414247,0.496304,0.1104,0.43979,0.415081,0.453728,0.0947,0.485758,0.412342,0.516132,0.1023,0.446873,0.420319,0.475281,0.0931,0.496986,0.480146,0.447258,0.1412,0.465547,0.467553,0.409315,0.1619
adho_mukha_tf_0028,0.478888,0.476006,-0.055953,0.9999,0.486575,0.486485,-0.087396,0.9999,0.491496,0.485295,-0.086978,0.9999,0.496702,0.483825,-0.086868,0.9999,0.472349,0.488135,-0.092299,0.9999,0.467264,0.488291,-0.093208,0.9999,0.461803,0.4881,-0.092605,0.9999,0.50218,0.470413,-0.15462,0.9999,0.448787,0.473936,-0.193619,0.9998,0.483734,0.459344,-0.071,0.9999,0.468136,0.461003,-0.080947,0.9999,0.53489,0.404549,-0.12224,0.999,0.395684,0.420702,-0.184877,0.9992,0.565935,0.508163,-0.143084,0.8816,0.397657,0.511259,-0.239767,0.8937,0.576376,0.604545,-0.256613,0.9197,0.396611,0.609528,-0.364697,0.9678,0.597838,0.627754,-0.299539,0.9049,0.385192,0.63471,-0.408915,0.9557,0.578035,0.632259,-0.315646,0.9013,0.405853,0.635001,-0.419747,0.9544,0.562519,0.622663,-0.26667,0.8828,0.416989,0.623672,-0.375293,0.935,0.485159,0.198663,0.015332,0.9945,0.404898,0.203567,-0.013826,0.9915,0.495706,0.369812,0.149233,0.1418,0.40817,0.357472,0.13493,0.0676,0.5045,0.460285,0.358902,0.2809,0.438976,0.465202,0.341516,0.2434,0.500526,0.466086,0.372601,0.2607,0.448137,0.475181,0.356068,0.2209,0.508439,0.51963,0.283407,0.3705,0.452438,0.520706,0.263161,0.3441
adho_mukha_tf_0029,0.475654,0.477671,-0.049888,0.9999,0.483958,0.486859,-0.080324,0.9999,0.488844,0.485574,-0.079844,0.9999,0.494311,0.483952,-0.079816,0.9999,0.469835,0.488387,-0.085036,1.0,0.465062,0.48826,-0.0859,0.9999,0.459632,0.487922,-0.085178,0.9999,0.500885,0.47119,-0.148303,0.9999,0.448193,0.474942,-0.184901,0.9998,0.481181,0.461212,-0.065294,0.9999,0.465468,0.463314,-0.074979,0.9999,0.538373,0.405602,-0.119746,0.9992,0.402657,0.418653,-0.180853,0.9993,0.569302,0.508194,-0.109751,0.8387,0.391015,0.514006,-0.243253,0.905,0.579685,0.606517,-0.192349,0.9125,0.390702,0.613029,-0.372974,0.9737,0.602108,0.629395,-0.230084,0.9008,0.378892,0.63993,-0.418327,0.9682,0.580629,0.633537,-0.247239,0.897,0.399863,0.639757,-0.429078,0.9679,0.566462,0.625661,-0.201702,0.8763,0.408261,0.62771,-0.38346,0.9528,0.489397,0.196771,0.014074,0.9899,0.413255,0.202178,-0.012622,0.9856,0.497052,0.356469,0.190957,0.0992,0.4211,0.34888,0.167518,0.0355,0.5075,0.434494,0.420037,0.1975,0.448676,0.429247,0.390139,0.1276,0.507133,0.43465,0.435312,0.1801,0.457311,0.434914,0.406457,0.1231,0.510467,0.500214,0.356995,0.26,0.463855,0.482353,0.33398,0.2082
adho_mukha_tf_0030,0.481128,0.475514,-0.041263,0.9999,0.48927,0.484657,-0.073079,0.9999,0.494391,0.483511,-0.072567,0.9999,0.499564,0.482085,-0.072513,0.9999,0.474646,0.48562,-0.077144,0.9999,0.469079,0.485364,-0.078038,0.9999,0.462834,0.484819,-0.077142,0.9999,0.507513,0.468659,-0.148071,0.9999,0.449229,0.471977,-0.181035,0.9999,0.486965,0.459834,-0.05947,0.9999,0.470497,0.460756,-0.068043,0.9999,0.54085,0.401757,-0.116482,0.9994,0.408869,0.414583,-0.181385,0.9995,0.576401,0.504513,-0.086746,0.8647,0.397236,0.510553,-0.211243,0.9202,0.583093,0.608381,-0.146386,0.9358,0.397485,0.612979,-0.287646,0.9769,0.602971,0.631585,-0.17647,0.9235,0.384272,0.638036,-0.323846,0.9693,0.582917,0.634655,-0.195742,0.9199,0.40797,0.636983,-0.331386,0.9686,0.57033,0.626476,-0.155097,0.8992,0.417425,0.626729,-0.294516,0.9549,0.492829,0.19203,0.021229,0.9911,0.419547,0.197505,-0.019809,0.9879,0.502206,0.353874,0.215657,0.1211,0.424771,0.343971,0.174433,0.0657,0.499672,0.42593,0.443974,0.2396,0.442267,0.417027,0.40526,0.1601,0.496677,0.424616,0.460604,0.221,0.44786,0.419882,0.422817,0.146,0.504011,0.495398,0.395322,0.3133,0.456944,0.474325,0.359338,0.2443
adho_mukha_tf_0031,0.483443,0.477102,-0.050105,0.9999,0.490919,0.486526,-0.081309,0.9999,0.495869,0.485571,-0.080794,0.9999,0.501437,0.484348,-0.080777,0.9999,0.476686,0.486569,-0.084847,0.9999,0.471857,0.485891,-0.085761,0.9999,0.466413,0.485082,-0.084961,0.9999,0.509403,0.470687,-0.155597,0.9998,0.454135,0.471889,-0.186068,0.9998,0.489908,0.459956,-0.068345,0.9998,0.473262,0.460278,-0.076482,0.9998,0.550029,0.407516,-0.123884,0.9993,0.412043,0.413627,-0.186278,0.9995,0.576802,0.508946,-0.095491,0.8602,0.397271,0.509605,-0.214309,0.9299,0.586266,0.607024,-0.16666,0.9317,0.393444,0.60759,-0.293601,0.9792,0.604151,0.630388,-0.200906,0.921,0.379101,0.634108,-0.331701,0.973,0.584567,0.633306,-0.220304,0.9192,0.400019,0.633645,-0.34339,0.9732,0.571847,0.625518,-0.176002,0.8976,0.407815,0.622716,-0.302136,0.961,0.499677,0.194238,0.01689,0.992,0.424609,0.200558,-0.015466,0.9893,0.515121,0.348813,0.202142,0.1101,0.431911,0.341168,0.172346,0.0521,0.504046,0.421863,0.435361,0.1911,0.443498,0.422885,0.400629,0.1325,0.501029,0.421263,0.452121,0.1628,0.450024,0.427738,0.41817,0.1217,0.509329,0.486233,0.384049,0.2553,0.455238,0.475113,0.355579,0.2089
adho_mukha_tf_0032,0.490189,0.476305,-0.023642,0.9999,0.497952,0.485651,-0.054584,0.9999,0.503002,0.484791,-0.054041,0.9999,0.508596,0.483722,-0.054039,0.9999,0.483781,0.486122,-0.058712,0.9999,0.478909,0.485845,-0.059639,0.9999,0.473252,0.485371,-0.058853,0.9999,0.516795,0.47125,-0.131926,0.9998,0.459648,0.47381,-0.165355,0.9997,0.496937,0.460565,-0.043575,0.9998,0.481094,0.461055,-0.052589,0.9998,0.555206,0.408559,-0.09807,0.9995,0.418601,0.414536,-0.17435,0.9996,0.579816,0.508017,-0.052906,0.8134,0.406613,0.511028,-0.203728,0.9245,0.588875,0.605875,-0.119996,0.9182,0.40117,0.611267,-0.265121,0.9775,0.607942,0.630365,-0.149673,0.906,0.38654,0.637486,-0.301993,0.9686,0.588048,0.633674,-0.169439,0.9058,0.408467,0.636584,-0.310722,0.9683,0.575674,0.625715,-0.129302,0.8796,0.417626,0.62516,-0.271829,0.9532,0.510133,0.196042,0.025818,0.9957,0.433088,0.198748,-0.024457,0.9943,0.533265,0.335867,0.23387,0.0833,0.438861,0.345868,0.178925,0.0584,0.497836,0.394824,0.470792,0.1215,0.438437,0.402558,0.419926,0.1214,0.489201,0.39207,0.488953,0.1098,0.442832,0.404268,0.439711,0.1161,0.506128,0.454758,0.438812,0.1621,0.457016,0.450611,0.395644,0.1914
adho_mukha_tf_0033,0.496039,0.477967,-0.023819,0.9999,0.502477,0.488348,-0.056206,0.9999,0.507412,0.487688,-0.055762,0.9999,0.512494,0.48677,-0.055687,0.9999,0.488187,0.488756,-0.06107,1.0,0.483029,0.488526,-0.06203,0.9999,0.477333,0.487907,-0.061161,0.9999,0.520816,0.474646,-0.132697,0.9999,0.464465,0.474572,-0.170795,0.9999,0.502626,0.463171,-0.042751,0.9999,0.48619,0.46201,-0.052682,0.9999,0.558647,0.410842,-0.09978,0.9996,0.426745,0.41288,-0.179187,0.9999,0.581171,0.508975,-0.087096,0.7923,0.413697,0.508749,-0.207891,0.9471,0.587041,0.604491,-0.190079,0.9133,0.402533,0.609102,-0.264594,0.9838,0.603949,0.629086,-0.223758,0.9116,0.386895,0.633441,-0.304066,0.9758,0.582541,0.632198,-0.245996,0.9115,0.409303,0.63481,-0.309708,0.975,0.569174,0.622788,-0.201267,0.8886,0.419082,0.624453,-0.270185,0.9622,0.521426,0.196293,0.027786,0.997,0.445998,0.197322,-0.026495,0.9965,0.543327,0.327657,0.257746,0.0561,0.442214,0.32597,0.195839,0.0646,0.495422,0.384374,0.517855,0.1081,0.437449,0.376301,0.457227,0.1248,0.486997,0.378762,0.539214,0.1041,0.438929,0.374708,0.478845,0.1272,0.495955,0.449521,0.482452,0.1643,0.456374,0.424355,0.426174,0.1995
adho_mukha_tf_0034,0.501426,0.476808,-0.01849,0.9999,0.507918,0.488391,-0.049523,1.0,0.512865,0.487919,-0.049059,0.9999,0.517953,0.487137,-0.049035,1.0,0.493653,0.48832,-0.055257,1.0,0.488489,0.487976,-0.056149,0.9999,0.482639,0.487345,-0.055424,0.9999,0.526074,0.475522,-0.124609,0.9999,0.469875,0.474048,-0.166513,0.9999,0.508392,0.461568,-0.037008,0.9999,0.491979,0.460614,-0.047978,0.9999,0.565388,0.411228,-0.089479,0.9998,0.430663,0.411823,-0.176481,0.9999,0.587014,0.509147,-0.071465,0.8152,0.418463,0.508527,-0.21562,0.9478,0.589639,0.608122,-0.167292,0.91,0.408496,0.612179,-0.288469,0.9868,0.607357,0.634252,-0.198897,0.9022,0.391303,0.635435,-0.329177,0.979,0.584663,0.637174,-0.2206,0.903,0.414587,0.636493,-0.33281,0.9786,0.568919,0.626066,-0.178239,0.8821,0.426426,0.626432,-0.293461,0.9666,0.527988,0.195639,0.031112,0.9986,0.45162,0.193703,-0.029589,0.9984,0.564544,0.33696,0.238818,0.0736,0.445473,0.335588,0.167808,0.091,0.497359,0.373576,0.484606,0.0796,0.44499,0.382746,0.433256,0.1576,0.481642,0.367448,0.505923,0.0777,0.451162,0.380308,0.455997,0.1417,0.499665,0.428148,0.476267,0.1239,0.459622,0.432873,0.424239,0.2575
adho_mukha_tf_0035,0.508415,0.478067,0.008703,1.0,0.514987,0.489429,-0.019172,1.0,0.52002,0.488823,-0.018639,0.9999,0.524959,0.487857,-0.018606,0.9999,0.500876,0.489408,-0.024127,1.0,0.495866,0.488828,-0.025064,1.0,0.490199,0.487857,-0.024389,1.0,0.533023,0.474612,-0.090105,0.9999,0.477039,0.473292,-0.128862,0.9999,0.514719,0.462444,-0.00958,0.9999,0.498646,0.461861,-0.019991,0.9999,0.570253,0.413113,-0.056769,0.9999,0.442067,0.411685,-0.139153,0.9999,0.592352,0.512257,-0.00527,0.7998,0.42372,0.508827,-0.156411,0.9544,0.599427,0.610451,-0.069999,0.9046,0.410966,0.610103,-0.173504,0.9871,0.618015,0.635799,-0.093212,0.8816,0.395718,0.632151,-0.202191,0.9761,0.597395,0.636398,-0.111081,0.884,0.415585,0.633942,-0.20533,0.975,0.582395,0.626012,-0.078774,0.8603,0.424867,0.624756,-0.175974,0.962,0.53676,0.197778,0.027664,0.9994,0.461123,0.1967,-0.026291,0.9993,0.582253,0.335888,0.232095,0.1461,0.453041,0.338869,0.15938,0.1542,0.510365,0.344065,0.461345,0.0795,0.458793,0.394168,0.415797,0.2237,0.491243,0.336521,0.482235,0.0855,0.469308,0.390988,0.438581,0.2094,0.515181,0.381077,0.475635,0.1239,0.473547,0.4464,0.423534,0.3579
adho_mukha_tf_0036,0.507718,0.481927,-0.025146,0.9999,0.515699,0.493925,-0.055432,0.9999,0.520831,0.493609,-0.054954,0.9999,0.526834,0.492926,-0.054917,0.9999,0.501289,0.49297,-0.06092,0.9999,0.496315,0.492116,-0.061873,0.9999,0.490655,0.490989,-0.061023,0.9999,0.53468,0.480764,-0.128767,0.9999,0.479158,0.4779,-0.170122,0.9998,0.514904,0.465521,-0.043615,0.9999,0.498508,0.464148,-0.054456,0.9998,0.577339,0.416961,-0.0988,0.9996,0.444093,0.413563,-0.179491,0.9997,0.602942,0.517392,-0.057394,0.8268,0.425035,0.513828,-0.242814,0.9354,0.607134,0.615705,-0.124132,0.9149,0.414985,0.617695,-0.344673,0.9807,0.62513,0.64439,-0.15296,0.8959,0.399249,0.638875,-0.388039,0.9705,0.605181,0.644947,-0.1729,0.8949,0.419341,0.638929,-0.391704,0.9693,0.592577,0.633537,-0.13372,0.869,0.427457,0.63009,-0.350708,0.9539,0.544579,0.195907,0.02642,0.9961,0.472983,0.194474,-0.024979,0.9943,0.560168,0.346756,0.231096,0.0823,0.462733,0.338255,0.178341,0.0619,0.519569,0.415905,0.462451,0.1336,0.465616,0.414714,0.41413,0.1593,0.510303,0.412679,0.479849,0.1229,0.468428,0.418034,0.432875,0.1489,0.525501,0.483485,0.417334,0.1795,0.485093,0.473098,0.371972,0.2435
adho_mukha_tf_0037,0.517708,0.482994,-0.041446,0.9999,0.524548,0.494679,-0.072646,0.9999,0.53061,0.494382,-0.072146,0.9999,0.535587,0.493699,-0.0721,0.9999,0.509645,0.493828,-0.077928,0.9999,0.504577,0.493076,-0.078891,0.9999,0.498855,0.492016,-0.07804,0.9999,0.543571,0.482536,-0.147649,0.9999,0.487398,0.479837,-0.187173,0.9998,0.52483,0.4674,-0.059705,0.9999,0.507915,0.466016,-0.070299,0.9998,0.585802,0.420485,-0.117742,0.9995,0.451901,0.416847,-0.190306,0.9997,0.610316,0.522907,-0.080395,0.8039,0.43027,0.518199,-0.247001,0.9345,0.613576,0.623127,-0.153656,0.9023,0.419703,0.619037,-0.355735,0.9813,0.633871,0.651636,-0.187655,0.8919,0.404002,0.640917,-0.401772,0.9741,0.609073,0.649924,-0.207542,0.8915,0.424011,0.642536,-0.409467,0.9733,0.597136,0.63917,-0.163611,0.8652,0.432017,0.632736,-0.363416,0.9595,0.555088,0.202426,0.015276,0.9958,0.482231,0.203188,-0.013969,0.9942,0.556678,0.350866,0.21274,0.1095,0.475291,0.347956,0.187567,0.0372,0.54177,0.439838,0.447406,0.1631,0.486723,0.431002,0.423897,0.1036,0.536666,0.439437,0.464564,0.1473,0.493467,0.435416,0.442441,0.1054,0.540495,0.509901,0.389158,0.2128,0.50003,0.488759,0.374264,0.1753
adho_mukha_tf_0038,0.52274,0.488226,-0.03545,0.9999,0.530336,0.4998,-0.066906,0.9999,0.53558,0.499334,-0.066432,0.9999,0.541915,0.49857,-0.066294,0.9999,0.51576,0.498761,-0.071923,0.9999,0.510617,0.497789,-0.072842,0.9999,0.504722,0.496585,-0.071916,0.9999,0.549653,0.486267,-0.141065,0.9999,0.493693,0.484653,-0.179347,0.9998,0.529995,0.473165,-0.053604,0.9999,0.513088,0.471946,-0.06356,0.9999,0.594611,0.425061,-0.110085,0.9994,0.460647,0.423099,-0.173718,0.9996,0.6177,0.524268,-0.062131,0.877,0.439423,0.520091,-0.209592,0.9467,0.617647,0.622873,-0.126278,0.9382,0.430387,0.624449,-0.296882,0.9874,0.636079,0.651099,-0.158675,0.9238,0.414663,0.645501,-0.338172,0.9813,0.615565,0.650937,-0.177977,0.9221,0.436024,0.645379,-0.348753,0.9808,0.603483,0.639499,-0.135677,0.9062,0.445014,0.636446,-0.305406,0.9713,0.564104,0.203406,0.014544,0.9952,0.489314,0.200981,-0.013139,0.9928,0.580554,0.364895,0.174156,0.1292,0.486541,0.356573,0.158032,0.0665,0.556578,0.461966,0.382264,0.2429,0.498676,0.454989,0.36234,0.2045,0.550523,0.464286,0.396239,0.2153,0.504833,0.461177,0.376813,0.2008,0.558887,0.532377,0.312837,0.3332,0.510264,0.514929,0.297551,0.3181
adho_mukha_tf_0039,0.5285,0.494184,-0.037924,0.9999,0.535159,0.505305,-0.070885,0.9999,0.541206,0.504656,-0.070432,0.9999,0.546291,0.503679,-0.070321,0.9999,0.520266,0.504511,-0.075169,0.9999,0.515045,0.503354,-0.076166,0.9999,0.509125,0.501955,-0.075501,0.9999,0.556602,0.490523,-0.150075,0.9999,0.498604,0.487694,-0.186122,0.9998,0.535997,0.4786,-0.057263,0.9999,0.51909,0.476903,-0.066917,0.9998,0.600634,0.426367,-0.128545,0.9995,0.466604,0.420974,-0.182295,0.9996,0.623621,0.527332,-0.122061,0.7951,0.447276,0.51933,-0.232857,0.9144,0.622652,0.623901,-0.230631,0.8754,0.428767,0.621668,-0.350812,0.9754,0.640055,0.650527,-0.273366,0.8597,0.412029,0.646108,-0.396178,0.9653,0.616611,0.651772,-0.290709,0.8607,0.430178,0.648015,-0.407676,0.9649,0.605748,0.640493,-0.24137,0.833,0.4386,0.637234,-0.360435,0.9466,0.572818,0.210463,0.006068,0.9973,0.497458,0.211681,-0.004659,0.9959,0.592001,0.352065,0.230547,0.1275,0.492393,0.351716,0.21649,0.0285,0.564601,0.433944,0.484279,0.142,0.506702,0.433534,0.480897,0.0972,0.559603,0.434341,0.503867,0.1281,0.514325,0.439929,0.50219,0.093,0.56155,0.497258,0.429378,0.1672,0.518196,0.488302,0.429482,0.1639
adho_mukha_tf_0040,0.538612,0.495631,-0.03226,0.9999,0.546089,0.505917,-0.063469,0.9999,0.551169,0.505312,-0.063012,0.9999,0.556894,0.50449,-0.06289,0.9999,0.530702,0.505476,-0.068517,0.9999,0.525059,0.504636,-0.069516,0.9999,0.518642,0.503487,-0.0687,0.9999,0.564595,0.492891,-0.134903,0.9999,0.506596,0.489129,-0.174269,0.9998,0.546039,0.4806,-0.049209,0.9999,0.52922,0.480402,-0.059488,0.9998,0.607809,0.429613,-0.106312,0.9994,0.472603,0.427737,-0.173892,0.9996,0.628723,0.536051,-0.095318,0.8227,0.451161,0.526885,-0.214392,0.9389,0.627061,0.626426,-0.188576,0.8938,0.435205,0.623557,-0.297117,0.981,0.641776,0.657103,-0.225743,0.8773,0.418081,0.650895,-0.33461,0.9719,0.62126,0.658067,-0.241858,0.875,0.436399,0.651692,-0.342318,0.9708,0.611212,0.644409,-0.197692,0.8459,0.445283,0.639518,-0.303651,0.9566,0.585641,0.210776,0.015948,0.9942,0.510997,0.21475,-0.014597,0.9923,0.602517,0.35885,0.233058,0.1055,0.503917,0.348267,0.192598,0.0458,0.575634,0.437228,0.471452,0.1604,0.514606,0.428083,0.442246,0.1153,0.572543,0.434394,0.489454,0.1473,0.521229,0.432171,0.462399,0.1168,0.572819,0.508632,0.416301,0.2133,0.523968,0.487441,0.393531,0.1961
adho_mukha_tf_0041,0.544619,0.498888,-0.054468,1.0,0.551135,0.509069,-0.086727,1.0,0.556245,0.508661,-0.086262,1.0,0.562329,0.507855,-0.086107,1.0,0.537245,0.508033,-0.090729,1.0,0.532229,0.507111,-0.091662,1.0,0.52646,0.505907,-0.090846,1.0,0.570278,0.494511,-0.159659,0.9999,0.516536,0.492497,-0.193812,0.9999,0.55291,0.48348,-0.071423,1.0,0.537034,0.483267,-0.080365,0.9999,0.615999,0.432582,-0.137862,0.9994,0.481123,0.430508,-0.185106,0.9995,0.636225,0.53904,-0.140137,0.8868,0.456989,0.52709,-0.228339,0.9412,0.632651,0.635426,-0.241916,0.9222,0.439626,0.628317,-0.33333,0.9807,0.647736,0.666083,-0.284365,0.9075,0.421696,0.652321,-0.375889,0.9736,0.628256,0.666753,-0.302986,0.9042,0.441163,0.653827,-0.387726,0.9733,0.618476,0.654046,-0.251995,0.8849,0.449244,0.64309,-0.343036,0.9604,0.600358,0.212902,0.007474,0.9924,0.522266,0.214709,-0.006071,0.989,0.613736,0.362148,0.201692,0.1371,0.519671,0.351041,0.187591,0.0467,0.589276,0.460344,0.431918,0.2395,0.532533,0.448179,0.42417,0.1448,0.586009,0.461015,0.447873,0.2049,0.54017,0.454736,0.441492,0.1404,0.583312,0.535453,0.355625,0.3168,0.536802,0.507594,0.358737,0.2478
adho_mukha_tf_0042,0.555742,0.502394,-0.042793,0.9999,0.562599,0.512391,-0.076408,0.9999,0.567751,0.511687,-0.075893,0.9999,0.573795,0.510696,-0.075706,0.9999,0.548541,0.512655,-0.078557,0.9999,0.543409,0.512205,-0.079469,0.9999,0.53772,0.511422,-0.078527,0.9999,0.581954,0.497832,-0.155836,0.9998,0.527483,0.497625,-0.180694,0.9997,0.56442,0.486821,-0.062225,0.9998,0.548301,0.487061,-0.068551,0.9998,0.627173,0.436529,-0.130672,0.9991,0.490202,0.431141,-0.16608,0.9991,0.646615,0.540952,-0.109096,0.8821,0.459501,0.528496,-0.159636,0.9294,0.63833,0.640615,-0.183493,0.9305,0.444056,0.632315,-0.201782,0.9787,0.654334,0.669953,-0.219842,0.9148,0.42654,0.655848,-0.23031,0.9702,0.633839,0.670873,-0.236651,0.9108,0.447471,0.658313,-0.246217,0.9698,0.623764,0.65952,-0.191641,0.8906,0.457138,0.647958,-0.210607,0.957,0.610377,0.215378,0.00521,0.9897,0.534629,0.213355,-0.003835,0.9843,0.602959,0.371001,0.183216,0.1539,0.526145,0.366215,0.174868,0.0492,0.594564,0.466364,0.39937,0.2777,0.53574,0.449691,0.397482,0.1445,0.59168,0.467144,0.414284,0.2456,0.544065,0.455429,0.413913,0.1427,0.587193,0.53987,0.331511,0.362,0.537478,0.509396,0.33868,0.2447
adho_mukha_tf_0043,0.562931,0.504657,-0.059328,0.9999,0.569501,0.515126,-0.092539,0.9999,0.575107,0.514493,-0.092048,0.9999,0.581604,0.51356,-0.091853,0.9999,0.554606,0.515082,-0.095456,1.0,0.549396,0.514499,-0.0964,0.9999,0.543526,0.513478,-0.095584,0.9999,0.591339,0.501409,-0.1696,0.9999,0.533494,0.499615,-0.198554,0.9999,0.572682,0.489143,-0.077967,0.9999,0.555105,0.48924,-0.085693,0.9999,0.633941,0.439983,-0.143577,0.9994,0.497511,0.434075,-0.194452,0.9995,0.652776,0.544432,-0.146948,0.8914,0.468155,0.535882,-0.206329,0.9491,0.645891,0.640339,-0.241317,0.931,0.446719,0.636875,-0.274257,0.9818,0.660359,0.67003,-0.281595,0.918,0.429138,0.660327,-0.311413,0.9746,0.641557,0.671073,-0.299542,0.9145,0.44848,0.664009,-0.326319,0.9748,0.6322,0.659295,-0.250525,0.894,0.45749,0.653314,-0.284201,0.9628,0.618098,0.22171,0.012267,0.9926,0.54111,0.220884,-0.010964,0.9881,0.604013,0.371437,0.237476,0.1173,0.530844,0.356753,0.204262,0.0473,0.601264,0.443672,0.493116,0.2194,0.539904,0.431255,0.465797,0.1274,0.599111,0.442631,0.511894,0.1794,0.545107,0.437165,0.486225,0.1136,0.596728,0.511892,0.42713,0.2912,0.548437,0.48293,0.410101,0.2207
adho_mukha_tf_0044,0.573576,0.511582,-0.064752,0.9999,0.579911,0.52078,-0.100452,1.0,0.585845,0.519915,-0.099936,0.9999,0.590857,0.518834,-0.099782,1.0,0.564833,0.52115,-0.101377,1.0,0.559607,0.520555,-0.102307,0.9999,0.553729,0.519632,-0.101541,0.9999,0.599838,0.505081,-0.184186,0.9999,0.543634,0.504441,-0.204851,0.9999,0.581438,0.495977,-0.085407,0.9999,0.563756,0.496031,-0.090801,0.9999,0.644945,0.444695,-0.161554,0.9993,0.504441,0.437169,-0.198274,0.9994,0.65701,0.549614,-0.172587,0.8897,0.47279,0.53095,-0.207111,0.9398,0.650146,0.645683,-0.276614,0.927,0.451219,0.633737,-0.277295,0.9746,0.665498,0.675388,-0.320346,0.9157,0.431835,0.660086,-0.314901,0.9662,0.644693,0.676166,-0.339332,0.9121,0.452082,0.662681,-0.333212,0.9668,0.635391,0.665305,-0.286317,0.8919,0.462836,0.651176,-0.288921,0.9522,0.626732,0.223127,0.005373,0.9938,0.550085,0.221935,-0.003987,0.9899,0.636506,0.361757,0.213145,0.13,0.541006,0.359002,0.197316,0.041,0.614057,0.457454,0.456539,0.2439,0.548682,0.449417,0.444182,0.1335,0.610604,0.458612,0.473564,0.2043,0.555571,0.457166,0.462995,0.1195,0.609385,0.527501,0.381699,0.3098,0.552786,0.5032,0.380981,0.2196
adho_mukha_tf_0045,0.57191,0.514533,-0.094419,1.0,0.57981,0.522783,-0.129455,1.0,0.585295,0.521832,-0.128893,1.0,0.591146,0.520609,-0.128724,1.0,0.56327,0.522915,-0.131223,1.0,0.55698,0.522201,-0.132141,1.0,0.550591,0.521335,-0.131508,1.0,0.601612,0.506697,-0.208405,1.0,0.541603,0.507153,-0.232385,1.0,0.581799,0.498772,-0.113156,1.0,0.562554,0.498664,-0.11953,1.0,0.647956,0.443711,-0.183555,0.9995,0.509567,0.438521,-0.229474,0.9993,0.664566,0.555774,-0.223565,0.9391,0.4818,0.539323,-0.262655,0.9389,0.65713,0.653329,-0.350465,0.9552,0.457026,0.639604,-0.359581,0.9745,0.672653,0.682631,-0.401424,0.9441,0.436062,0.665719,-0.403211,0.9668,0.651504,0.682875,-0.422011,0.9409,0.45891,0.669284,-0.41712,0.9679,0.641748,0.671969,-0.361711,0.9267,0.471594,0.657073,-0.371422,0.955,0.636133,0.226629,0.014713,0.9932,0.553777,0.226921,-0.013261,0.9888,0.617962,0.383528,0.224428,0.1625,0.548256,0.379362,0.190812,0.0555,0.617136,0.482125,0.473552,0.3548,0.560233,0.471804,0.443226,0.1791,0.616888,0.487942,0.490707,0.2695,0.566617,0.481828,0.461338,0.1292,0.611772,0.545839,0.389316,0.4523,0.56135,0.523068,0.368892,0.2775
adho_mukha_tf_0046,0.581265,0.517292,-0.074002,0.9999,0.587352,0.528314,-0.111414,0.9999,0.59284,0.527835,-0.11083,0.9999,0.599073,0.526899,-0.110614,0.9999,0.571386,0.52745,-0.112781,0.9999,0.56559,0.5267,-0.113654,0.9998,0.558911,0.525812,-0.112767,0.9998,0.610912,0.512541,-0.201687,0.9998,0.553956,0.512966,-0.224452,0.9997,0.590774,0.502035,-0.096404,0.9998,0.573084,0.500185,-0.102611,0.9998,0.655346,0.451875,-0.183224,0.9991,0.517629,0.443177,-0.213275,0.9992,0.674526,0.557558,-0.18502,0.8559,0.477784,0.539394,-0.204916,0.9245,0.661107,0.659678,-0.285793,0.9132,0.45719,0.649253,-0.258808,0.9732,0.67054,0.68881,-0.327126,0.9087,0.440096,0.67219,-0.299116,0.9682,0.65138,0.685213,-0.34849,0.9073,0.458791,0.672874,-0.320768,0.9694,0.644174,0.67288,-0.296078,0.8913,0.473371,0.663579,-0.271349,0.9571,0.644346,0.228733,0.002339,0.9936,0.565379,0.226199,-0.000878,0.9899,0.653905,0.366547,0.223367,0.0749,0.560715,0.360596,0.221742,0.0246,0.630251,0.462173,0.484715,0.166,0.573411,0.447549,0.477208,0.0852,0.627196,0.462529,0.504271,0.1502,0.57922,0.454335,0.497262,0.0851,0.622703,0.533801,0.418799,0.2171,0.579513,0.499504,0.425079,0.1411
adho_mukha_tf_0047,0.591442,0.523539,-0.092521,0.9999,0.595136,0.533205,-0.127886,1.0,0.600854,0.532498,-0.127334,0.9999,0.60614,0.53149,-0.127085,1.0,0.580587,0.532124,-0.129596,1.0,0.57508,0.530815,-0.130456,0.9999,0.569079,0.529103,-0.129668,0.9999,0.619042,0.517324,-0.206849,0.9999,0.560511,0.514279,-0.231662,0.9999,0.601622,0.508044,-0.111055,0.9999,0.583441,0.505437,-0.117413,0.9999,0.662394,0.452772,-0.182525,0.9992,0.527066,0.44339,-0.208931,0.9989,0.680492,0.564189,-0.189226,0.9212,0.485529,0.541347,-0.211948,0.9478,0.66797,0.667811,-0.288084,0.9472,0.464249,0.649772,-0.279332,0.9802,0.6804,0.696302,-0.333004,0.9352,0.446421,0.67501,-0.319123,0.9739,0.661265,0.694395,-0.352987,0.9316,0.468168,0.678426,-0.337056,0.9741,0.653473,0.684082,-0.298311,0.9209,0.480938,0.667331,-0.291455,0.9641,0.6555,0.232043,0.002619,0.994,0.5767,0.230966,-0.001258,0.9891,0.668204,0.391687,0.131966,0.1815,0.564577,0.38796,0.150619,0.0583,0.647344,0.505575,0.346697,0.3374,0.570659,0.499811,0.358726,0.2223,0.642095,0.511287,0.36077,0.2948,0.578708,0.510471,0.372208,0.1943,0.642266,0.57608,0.26203,0.4519,0.566293,0.556367,0.28155,0.3339
adho_mukha_tf_0048,0.591911,0.525391,-0.068622,0.9999,0.596378,0.53455,-0.101207,0.9999,0.601806,0.533596,-0.100652,0.9999,0.609019,0.532294,-0.100509,0.9999,0.581721,0.534614,-0.104636,1.0,0.576679,0.533683,-0.105527,0.9999,0.570729,0.532155,-0.104926,0.9999,0.619559,0.519049,-0.174899,0.9999,0.561677,0.515822,-0.207132,0.9999,0.603123,0.509962,-0.085547,0.9999,0.585635,0.508977,-0.094308,0.9999,0.66711,0.455342,-0.148112,0.9995,0.529793,0.442795,-0.200385,0.9996,0.68416,0.570973,-0.157998,0.8741,0.489587,0.552916,-0.202456,0.9378,0.670908,0.669376,-0.255369,0.9212,0.465322,0.662687,-0.261626,0.985,0.681714,0.699959,-0.299626,0.9065,0.44291,0.686725,-0.297158,0.9789,0.662086,0.700842,-0.315968,0.9041,0.464734,0.689318,-0.31234,0.9798,0.653756,0.68933,-0.264973,0.8852,0.475685,0.679641,-0.271209,0.9699,0.662698,0.232037,0.010066,0.9969,0.581805,0.228296,-0.008713,0.9945,0.672964,0.367231,0.239932,0.1355,0.550686,0.357393,0.217858,0.031,0.643871,0.439232,0.511953,0.1649,0.580717,0.438703,0.503546,0.0897,0.638456,0.43598,0.533163,0.1311,0.5891,0.443856,0.526512,0.0742,0.639858,0.507423,0.458478,0.2045,0.590684,0.49432,0.459176,0.1731
adho_mukha_tf_0049,0.594795,0.526565,-0.070926,0.9999,0.6003,0.539018,-0.104286,0.9999,0.605773,0.538725,-0.103748,0.9999,0.611681,0.538033,-0.103542,0.9999,0.585104,0.536741,-0.107219,0.9999,0.579483,0.534978,-0.108141,0.9999,0.573602,0.532945,-0.107406,0.9999,0.622729,0.524001,-0.180363,0.9999,0.564742,0.518028,-0.211254,0.9999,0.605279,0.51103,-0.08867,0.9999,0.587376,0.507567,-0.097034,0.9999,0.673376,0.462501,-0.156694,0.9993,0.532968,0.444979,-0.203876,0.9994,0.689265,0.578393,-0.15966,0.8866,0.497972,0.553277,-0.210046,0.93,0.675353,0.675555,-0.258056,0.9266,0.469819,0.660907,-0.271548,0.9837,0.685826,0.703242,-0.301332,0.9127,0.445157,0.684607,-0.311475,0.9765,0.665083,0.70359,-0.320983,0.9109,0.469026,0.685959,-0.325198,0.9774,0.656279,0.691123,-0.268491,0.897,0.481734,0.675454,-0.280939,0.967,0.674025,0.236209,0.011403,0.9952,0.597566,0.227826,-0.010123,0.9923,0.658635,0.373647,0.247405,0.1029,0.573947,0.365594,0.214894,0.0332,0.648161,0.462724,0.519608,0.1744,0.59166,0.458404,0.493549,0.1262,0.644903,0.463717,0.540224,0.1428,0.598465,0.46569,0.515134,0.1035,0.640911,0.528281,0.456333,0.2234,0.600438,0.512868,0.437348,0.2185
adho_mukha_tf_0050,0.597994,0.532287,-0.074434,0.9999,0.602467,0.545573,-0.108284,0.9999,0.607699,0.54573,-0.10773,0.9999,0.61336,0.545545,-0.10743,0.9999,0.587908,0.542906,-0.111041,0.9999,0.582415,0.541362,-0.112007,0.9999,0.576859,0.539605,-0.111293,0.9999,0.624991,0.532719,-0.188505,0.9999,0.569225,0.525716,-0.218346,0.9998,0.608692,0.516921,-0.093619,0.9999,0.592072,0.513461,-0.101857,0.9998,0.678309,0.471346,-0.172112,0.9992,0.535819,0.452813,-0.209671,0.9992,0.689506,0.587089,-0.184216,0.9122,0.50238,0.553931,-0.21731,0.9321,0.674615,0.684251,-0.286787,0.9299,0.469756,0.667015,-0.284474,0.9818,0.685654,0.705324,-0.332187,0.912,0.442854,0.687158,-0.325189,0.9743,0.665028,0.70216,-0.351327,0.9096,0.465457,0.690515,-0.339354,0.9752,0.656209,0.692857,-0.297292,0.8971,0.477422,0.681668,-0.294009,0.9641,0.685683,0.241664,0.008298,0.9951,0.605038,0.230763,-0.006955,0.9924,0.664731,0.391297,0.242739,0.1276,0.581858,0.373359,0.213963,0.0417,0.654885,0.479185,0.513939,0.1841,0.599804,0.476894,0.48822,0.1527,0.651863,0.482933,0.534501,0.1442,0.606481,0.485964,0.508982,0.1227,0.647574,0.543967,0.446819,0.235,0.601263,0.535174,0.425237,0.2475
adho_mukha_tf_0051,0.603074,0.533247,-0.075749,0.9999,0.608193,0.546582,-0.107886,1.0,0.613548,0.54677,-0.107336,0.9999,0.619792,0.546672,-0.107042,1.0,0.594074,0.543637,-0.112447,1.0,0.589111,0.541966,-0.113353,0.9999,0.583703,0.539981,-0.112726,0.9999,0.630036,0.533391,-0.178618,0.9999,0.576179,0.524864,-0.216814,0.9999,0.613995,0.518701,-0.091557,0.9999,0.597266,0.514771,-0.101971,0.9999,0.68583,0.469525,-0.157701,0.9993,0.544903,0.450895,-0.210699,0.9994,0.697448,0.590592,-0.181124,0.8987,0.506939,0.557721,-0.228032,0.9455,0.676555,0.686467,-0.291148,0.9187,0.470324,0.663848,-0.295633,0.9844,0.68749,0.712668,-0.336894,0.8987,0.44753,0.691702,-0.337201,0.9769,0.666095,0.712013,-0.354567,0.8945,0.469647,0.69289,-0.348246,0.9772,0.657055,0.699145,-0.301472,0.8816,0.479905,0.68108,-0.304519,0.9666,0.696527,0.242705,0.014173,0.9942,0.617538,0.233153,-0.012784,0.9921,0.672932,0.38687,0.243768,0.107,0.598763,0.371784,0.194732,0.0564,0.663568,0.481183,0.499773,0.1748,0.620042,0.473873,0.459095,0.1868,0.661161,0.484726,0.518445,0.1498,0.627571,0.484266,0.478879,0.1625,0.654857,0.544816,0.431894,0.2345,0.624572,0.529768,0.393082,0.3006
adho_mukha_tf_0052,0.608175,0.536994,-0.093856,1.0,0.612498,0.550325,-0.12712,1.0,0.617784,0.550727,-0.126522,1.0,0.624173,0.550765,-0.126298,1.0,0.598507,0.54675,-0.130617,1.0,0.593512,0.544908,-0.131533,1.0,0.588079,0.542683,-0.130798,1.0,0.634556,0.536922,-0.202075,1.0,0.579961,0.527351,-0.234796,0.9999,0.618083,0.522099,-0.111387,1.0,0.60135,0.517646,-0.120286,0.9999,0.692765,0.474399,-0.171032,0.9994,0.547232,0.454225,-0.236477,0.9994,0.701073,0.59658,-0.182278,0.9266,0.505218,0.564695,-0.256537,0.9394,0.679375,0.694395,-0.28862,0.9432,0.473902,0.678645,-0.32936,0.9838,0.686922,0.722101,-0.334591,0.9302,0.452546,0.70331,-0.372613,0.9779,0.666285,0.721662,-0.35626,0.9271,0.473437,0.705298,-0.384349,0.9786,0.659574,0.709073,-0.300062,0.9141,0.483426,0.695411,-0.338877,0.9693,0.702203,0.247319,0.021136,0.9931,0.624693,0.236657,-0.019807,0.9893,0.674933,0.392361,0.250792,0.1038,0.601435,0.378744,0.189818,0.0582,0.664406,0.491715,0.513524,0.2268,0.610851,0.480658,0.457611,0.19,0.662141,0.495611,0.532473,0.1791,0.615611,0.49133,0.478071,0.1425,0.65539,0.553744,0.443238,0.2955,0.614838,0.534739,0.392696,0.2928
adho_mukha_tf_0053,0.615542,0.536538,-0.08534,0.9999,0.620535,0.550406,-0.118113,0.9999,0.625765,0.550797,-0.117531,0.9999,0.631952,0.550881,-0.11735,1.0,0.606488,0.547458,-0.120941,1.0,0.60137,0.546113,-0.121798,0.9999,0.595743,0.544269,-0.121119,0.9999,0.642101,0.538833,-0.193847,0.9999,0.587366,0.529819,-0.221824,0.9999,0.625753,0.522478,-0.103124,0.9999,0.609701,0.518375,-0.11078,0.9999,0.701451,0.477686,-0.166435,0.9992,0.556044,0.454593,-0.216731,0.999,0.706932,0.601373,-0.172798,0.9158,0.512246,0.565658,-0.233337,0.9185,0.6812,0.698755,-0.260554,0.9337,0.476711,0.682189,-0.309792,0.9783,0.68944,0.731656,-0.304796,0.9177,0.452957,0.703379,-0.348139,0.9728,0.668832,0.729811,-0.322035,0.9134,0.474318,0.708565,-0.361855,0.9738,0.661425,0.715764,-0.269953,0.8991,0.486118,0.700922,-0.31973,0.9626,0.713831,0.245718,0.011988,0.9896,0.634837,0.234543,-0.010614,0.9842,0.691575,0.38653,0.219831,0.0923,0.614489,0.376268,0.193359,0.0323,0.680572,0.483558,0.475825,0.189,0.623992,0.468456,0.447812,0.1189,0.677929,0.484946,0.494094,0.1564,0.630745,0.47781,0.46712,0.1105,0.670305,0.551729,0.409778,0.2412,0.626708,0.523077,0.392364,0.2084
adho_mukha_tf_0054,0.616571,0.547366,-0.078466,0.9998,0.621379,0.560126,-0.113604,0.9999,0.626948,0.560441,-0.113035,0.9998,0.633368,0.560336,-0.112798,0.9999,0.606033,0.556794,-0.115477,0.9999,0.600448,0.555152,-0.116363,0.9998,0.594267,0.553169,-0.115667,0.9998,0.64457,0.546434,-0.195735,0.9998,0.585793,0.537842,-0.220629,0.9997,0.627043,0.532211,-0.097981,0.9998,0.609527,0.527339,-0.104836,0.9997,0.703297,0.486965,-0.167929,0.9987,0.555456,0.464609,-0.210605,0.9985,0.711725,0.602777,-0.166276,0.8842,0.513558,0.567761,-0.213742,0.9175,0.688404,0.700944,-0.264006,0.9116,0.476627,0.682583,-0.285511,0.9776,0.694771,0.733854,-0.310239,0.8956,0.452429,0.704824,-0.325871,0.9719,0.674463,0.730653,-0.328455,0.8923,0.476867,0.71105,-0.345347,0.9729,0.668112,0.717571,-0.274079,0.8793,0.488687,0.702195,-0.297588,0.9611,0.720145,0.253941,0.006183,0.99,0.638406,0.241407,-0.004784,0.9847,0.696311,0.404413,0.209409,0.1169,0.620504,0.395043,0.193,0.0349,0.696172,0.505533,0.471973,0.1824,0.628409,0.498033,0.449568,0.1428,0.693837,0.508935,0.490606,0.1496,0.636366,0.5092,0.468884,0.1259,0.688289,0.57069,0.397791,0.2369,0.628644,0.554806,0.381549,0.2478
adho_mukha_tf_0055,0.623152,0.549082,-0.08586,0.9999,0.627417,0.562476,-0.120809,0.9999,0.632875,0.56289,-0.120237,0.9999,0.639155,0.562895,-0.119959,0.9999,0.613021,0.558956,-0.121414,1.0,0.60807,0.557178,-0.122331,0.9999,0.602593,0.554845,-0.12168,0.9999,0.64996,0.548866,-0.201838,0.9999,0.59668,0.538995,-0.221033,0.9999,0.635074,0.533994,-0.105222,0.9999,0.618048,0.528745,-0.110414,0.9999,0.707018,0.490294,-0.180241,0.9992,0.56165,0.462636,-0.210735,0.9991,0.709652,0.608578,-0.202557,0.9271,0.516093,0.571004,-0.21745,0.9253,0.686668,0.710582,-0.308243,0.9393,0.476396,0.681632,-0.289731,0.9771,0.693523,0.736543,-0.356105,0.923,0.450161,0.704272,-0.32724,0.9704,0.672893,0.733518,-0.372721,0.9192,0.472819,0.711496,-0.345132,0.9717,0.666689,0.723004,-0.31761,0.9054,0.485193,0.701673,-0.301072,0.9601,0.726104,0.25549,0.00731,0.9939,0.64666,0.241205,-0.005973,0.9909,0.702332,0.406607,0.230451,0.1415,0.622591,0.394971,0.202315,0.0544,0.694038,0.4998,0.494227,0.2286,0.630947,0.493833,0.467552,0.1903,0.691659,0.503335,0.513236,0.1784,0.637822,0.505378,0.487637,0.1501,0.684038,0.565638,0.424133,0.2847,0.628976,0.550578,0.4045,0.2932
adho_mukha_tf_0056,0.629783,0.546172,-0.059383,0.9999,0.632965,0.558379,-0.093481,0.9999,0.638475,0.558601,-0.092968,0.9999,0.644075,0.558249,-0.092758,0.9999,0.619543,0.555556,-0.09407,0.9999,0.614917,0.553899,-0.095004,0.9999,0.609948,0.551626,-0.094203,0.9999,0.65566,0.544244,-0.175478,0.9998,0.602305,0.534114,-0.193291,0.9998,0.641304,0.530402,-0.07922,0.9999,0.625613,0.525986,-0.083994,0.9998,0.713054,0.490294,-0.157745,0.9992,0.566363,0.461366,-0.179485,0.9993,0.709646,0.611357,-0.147917,0.8941,0.517148,0.571025,-0.17568,0.9159,0.687222,0.716015,-0.215929,0.9155,0.475764,0.686652,-0.234024,0.9753,0.692772,0.743236,-0.254245,0.8924,0.449511,0.711432,-0.264206,0.9669,0.672718,0.740671,-0.267559,0.8877,0.47162,0.716768,-0.281323,0.9676,0.667248,0.73043,-0.222625,0.866,0.483342,0.706231,-0.24335,0.9543,0.733022,0.25218,0.000195,0.9943,0.651236,0.233115,0.001158,0.9915,0.708575,0.397714,0.233709,0.1743,0.626468,0.372094,0.230605,0.0382,0.707145,0.477156,0.503477,0.2247,0.642507,0.462354,0.511971,0.1209,0.706581,0.475339,0.525142,0.1872,0.650175,0.468405,0.534403,0.115,0.691645,0.548992,0.454039,0.2564,0.641493,0.523818,0.470001,0.2072
adho_mukha_tf_0057,0.632749,0.551765,-0.086703,0.9999,0.634589,0.563125,-0.119031,1.0,0.639371,0.563273,-0.118448,1.0,0.645534,0.563089,-0.118202,1.0,0.621823,0.560185,-0.120909,1.0,0.617164,0.55844,-0.121812,0.9999,0.611979,0.555933,-0.121077,0.9999,0.658787,0.549138,-0.192441,0.9999,0.604265,0.538766,-0.217616,0.9999,0.645118,0.536945,-0.103514,0.9999,0.628782,0.531925,-0.110455,0.9999,0.715542,0.493576,-0.171318,0.9992,0.569529,0.465086,-0.208872,0.9991,0.716017,0.612942,-0.176497,0.9323,0.515973,0.570856,-0.220801,0.9334,0.688992,0.721139,-0.258576,0.9436,0.476713,0.689104,-0.291053,0.9803,0.694444,0.747674,-0.301431,0.9263,0.45022,0.711584,-0.329044,0.9738,0.674001,0.743745,-0.318769,0.9226,0.475753,0.717793,-0.343846,0.9747,0.668666,0.733582,-0.267534,0.9083,0.488221,0.708187,-0.301035,0.9641,0.737732,0.252149,0.007784,0.9928,0.656772,0.232431,-0.006431,0.9883,0.713514,0.397965,0.232748,0.1434,0.643928,0.380725,0.207054,0.0414,0.709846,0.497894,0.492103,0.2498,0.65299,0.486593,0.47001,0.1601,0.709584,0.501492,0.511226,0.2014,0.659987,0.495934,0.489469,0.1455,0.698904,0.568578,0.42232,0.308,0.652505,0.549115,0.408985,0.2628
adho_mukha_tf_0058,0.634171,0.557253,-0.083122,0.9999,0.635417,0.568229,-0.115371,0.9999,0.640345,0.5686,-0.114807,0.9999,0.646655,0.56877,-0.114517,0.9999,0.621911,0.564902,-0.11627,0.9999,0.61693,0.563002,-0.117197,0.9999,0.61137,0.560398,-0.116577,0.9999,0.658697,0.555596,-0.186658,0.9999,0.60326,0.542797,-0.207209,0.9999,0.646403,0.543463,-0.098978,0.9999,0.629069,0.537253,-0.104415,0.9999,0.718256,0.498313,-0.167415,0.9991,0.570064,0.468043,-0.190023,0.9991,0.717819,0.62045,-0.194856,0.9214,0.515913,0.575003,-0.197811,0.9336,0.687753,0.725221,-0.286657,0.9336,0.475989,0.692485,-0.267493,0.9799,0.695327,0.750697,-0.329765,0.9114,0.440601,0.714426,-0.300524,0.9718,0.672531,0.747508,-0.342943,0.905,0.467704,0.722,-0.313641,0.9723,0.665946,0.736549,-0.294099,0.8901,0.483867,0.713002,-0.27646,0.9603,0.747109,0.25622,0.001283,0.9941,0.663884,0.238141,7e-05,0.9915,0.734825,0.410011,0.207498,0.1893,0.650916,0.389998,0.197612,0.0649,0.719611,0.504847,0.454918,0.2559,0.666254,0.49914,0.451039,0.2251,0.71663,0.507122,0.47351,0.2176,0.674599,0.510295,0.469717,0.2039,0.713945,0.57007,0.397781,0.321,0.663256,0.559724,0.396361,0.3389
adho_mukha_tf_0059,0.637834,0.557191,-0.082598,0.9999,0.638495,0.569835,-0.113983,0.9999,0.64354,0.570913,-0.113395,0.9999,0.649817,0.571826,-0.113135,0.9999,0.624309,0.565297,-0.115228,0.9999,0.619079,0.5632,-0.116139,0.9999,0.613304,0.560472,-0.115497,0.9999,0.660994,0.560959,-0.185791,0.9999,0.605928,0.544993,-0.207507,0.9998,0.650964,0.544589,-0.098958,0.9999,0.63401,0.537955,-0.105079,0.9998,0.721975,0.504164,-0.164676,0.9991,0.57702,0.467617,-0.19561,0.999,0.718121,0.622142,-0.169079,0.9145,0.517472,0.57438,-0.201394,0.9299,0.684621,0.730019,-0.243644,0.9348,0.473438,0.692823,-0.268127,0.9807,0.688837,0.757012,-0.285074,0.9126,0.44151,0.714704,-0.301199,0.9741,0.668995,0.753634,-0.298037,0.9082,0.464336,0.721743,-0.315751,0.9751,0.663866,0.742241,-0.251095,0.8933,0.480806,0.712824,-0.277425,0.9642,0.753316,0.261482,0.002258,0.9925,0.670354,0.24102,-0.000926,0.9898,0.723174,0.416804,0.227253,0.1844,0.660764,0.388613,0.209207,0.0596,0.729148,0.497333,0.488286,0.2137,0.678208,0.490172,0.47545,0.1996,0.728218,0.498609,0.508322,0.1782,0.686482,0.50087,0.49569,0.1775,0.717965,0.561241,0.437629,0.2632,0.676198,0.547612,0.426095,0.3154
adho_mukha_tf_0060,0.634277,0.55716,-0.084687,0.9999,0.636138,0.571375,-0.11883,0.9999,0.641242,0.572422,-0.118248,0.9999,0.647496,0.573215,-0.118043,0.9999,0.62225,0.566989,-0.118898,0.9999,0.617328,0.565027,-0.119761,0.9999,0.612089,0.562385,-0.11906,0.9999,0.66134,0.562118,-0.198973,0.9998,0.605168,0.545319,-0.212958,0.9998,0.647074,0.543592,-0.10304,0.9998,0.630512,0.537212,-0.106907,0.9998,0.720528,0.502254,-0.183823,0.9989,0.577565,0.46689,-0.18662,0.9991,0.713608,0.627785,-0.193474,0.8971,0.515985,0.580422,-0.17973,0.9123,0.678996,0.736571,-0.267052,0.9313,0.468814,0.698416,-0.254001,0.982,0.685105,0.766409,-0.313095,0.9175,0.439527,0.723005,-0.28468,0.9792,0.662638,0.762501,-0.322577,0.9132,0.463029,0.729442,-0.304932,0.9802,0.656515,0.750124,-0.273325,0.8972,0.475422,0.720233,-0.265443,0.9709,0.758017,0.264618,-0.013571,0.9936,0.673922,0.238555,0.014905,0.9914,0.754941,0.415916,0.201653,0.2756,0.677469,0.389218,0.238655,0.044,0.781309,0.492589,0.471913,0.3017,0.726835,0.47663,0.509843,0.177,0.787446,0.493101,0.493266,0.2518,0.741027,0.482528,0.530596,0.1856,0.767287,0.555763,0.421598,0.337,0.732091,0.536403,0.465405,0.2967
adho_mukha_tf_0061,0.634485,0.56428,-0.068298,0.9999,0.636102,0.579065,-0.105732,0.9999,0.641175,0.579663,-0.105159,0.9999,0.64691,0.579878,-0.104936,0.9999,0.623044,0.575969,-0.103536,1.0,0.618574,0.574663,-0.104389,0.9999,0.614121,0.57296,-0.103745,0.9999,0.660823,0.567413,-0.195896,0.9999,0.60974,0.556842,-0.199974,0.9999,0.64862,0.549611,-0.089827,0.9999,0.632565,0.544621,-0.09074,0.9999,0.71908,0.505803,-0.196684,0.9991,0.579616,0.470328,-0.168682,0.9995,0.710001,0.631521,-0.242683,0.8985,0.513244,0.582471,-0.160711,0.9183,0.674055,0.738716,-0.343915,0.9332,0.466699,0.698715,-0.242499,0.9827,0.680608,0.763844,-0.393621,0.9241,0.437639,0.722343,-0.271586,0.9802,0.658591,0.759536,-0.400425,0.9192,0.457401,0.72893,-0.294824,0.9809,0.651654,0.749257,-0.3496,0.9035,0.470295,0.719677,-0.255381,0.9716,0.76465,0.263242,-0.025209,0.997,0.682578,0.236435,0.026589,0.9959,0.769173,0.408465,0.190992,0.3929,0.689967,0.389037,0.2592,0.0577,0.798087,0.492505,0.462281,0.379,0.75373,0.473478,0.532277,0.2297,0.793264,0.51547,0.484214,0.3189,0.77051,0.476669,0.552686,0.2479,0.772903,0.566446,0.412135,0.3892,0.759766,0.54766,0.488659,0.3477
adho_mukha_tf_0062,0.63587,0.564777,-0.061909,0.9999,0.637441,0.579238,-0.097537,0.9999,0.642423,0.579836,-0.096992,0.9999,0.648084,0.580117,-0.0968,0.9999,0.62393,0.576336,-0.095167,0.9999,0.619185,0.57506,-0.096046,0.9999,0.614425,0.573354,-0.095392,0.9999,0.661981,0.568318,-0.181993,0.9999,0.609997,0.555371,-0.185733,0.9999,0.648909,0.551278,-0.081634,0.9999,0.633283,0.546406,-0.082413,0.9999,0.716797,0.502231,-0.182184,0.9985,0.581503,0.469599,-0.15106,0.9992,0.709597,0.630356,-0.222212,0.871,0.516045,0.579409,-0.14296,0.9003,0.668408,0.74053,-0.313025,0.9115,0.465304,0.699476,-0.227255,0.9775,0.67293,0.76573,-0.360926,0.8989,0.435873,0.723704,-0.255174,0.9743,0.652944,0.760958,-0.367148,0.892,0.454073,0.730208,-0.276889,0.9749,0.645587,0.750499,-0.31832,0.8747,0.468047,0.720656,-0.239583,0.9628,0.770483,0.26482,-0.027976,0.9947,0.68565,0.238844,0.029352,0.9937,0.755069,0.430282,0.176836,0.388,0.695349,0.399296,0.242481,0.0628,0.789043,0.534135,0.435228,0.3604,0.753109,0.501955,0.499542,0.2486,0.797243,0.540452,0.455643,0.3175,0.770067,0.508822,0.51834,0.269,0.780454,0.578788,0.382905,0.3798,0.757284,0.565771,0.448912,0.3651
adho_mukha_tf_0063,0.636526,0.555427,-0.072926,0.9997,0.637881,0.571426,-0.105503,0.9998,0.643207,0.572724,-0.104884,0.9998,0.648958,0.573571,-0.104757,0.9998,0.6249,0.567283,-0.105206,0.9998,0.620232,0.565554,-0.106065,0.9998,0.615504,0.563346,-0.105276,0.9997,0.663906,0.563605,-0.182728,0.9997,0.609909,0.547095,-0.195497,0.9997,0.648385,0.542173,-0.090488,0.9997,0.633661,0.536225,-0.093949,0.9997,0.718175,0.504497,-0.17216,0.9982,0.582255,0.467874,-0.161904,0.9988,0.709279,0.637094,-0.175744,0.8633,0.516022,0.582626,-0.151364,0.9224,0.665699,0.743459,-0.243055,0.9113,0.464029,0.709319,-0.232626,0.9864,0.669569,0.774046,-0.288666,0.8978,0.430957,0.731027,-0.264762,0.9844,0.649308,0.768755,-0.298287,0.8933,0.448897,0.735989,-0.284973,0.9848,0.642464,0.755165,-0.249402,0.8776,0.462733,0.728363,-0.243958,0.9766,0.773447,0.266214,-0.026446,0.9919,0.68914,0.242878,0.027806,0.9893,0.782975,0.434855,0.160698,0.3301,0.681096,0.407389,0.23374,0.0425,0.788616,0.531993,0.421746,0.3167,0.730915,0.504339,0.488587,0.1838,0.795075,0.540458,0.44209,0.2621,0.747415,0.510327,0.507629,0.1912,0.77586,0.587443,0.364723,0.3407,0.728009,0.570721,0.438625,0.2966
adho_mukha_tf_0064,0.639208,0.566013,-0.063189,0.9999,0.640415,0.581661,-0.099124,0.9999,0.645514,0.582297,-0.098566,0.9999,0.651063,0.582549,-0.098335,0.9999,0.626918,0.578384,-0.097168,0.9999,0.622219,0.576867,-0.098049,0.9999,0.617441,0.574895,-0.097431,0.9999,0.664272,0.571915,-0.185277,0.9999,0.611148,0.557672,-0.191322,0.9999,0.652287,0.552721,-0.083447,0.9999,0.636147,0.547445,-0.084854,0.9999,0.72163,0.509201,-0.186459,0.9986,0.580395,0.470416,-0.155929,0.9992,0.709286,0.641189,-0.237077,0.8635,0.509849,0.582348,-0.149387,0.9198,0.665487,0.74962,-0.341557,0.9106,0.453552,0.707896,-0.239309,0.9847,0.667659,0.773902,-0.392914,0.9035,0.417187,0.730988,-0.269465,0.9828,0.648239,0.768155,-0.399745,0.8974,0.437176,0.737734,-0.291977,0.9832,0.643145,0.757775,-0.3477,0.8814,0.451714,0.730122,-0.252285,0.9743,0.781485,0.268227,-0.031663,0.995,0.695022,0.243137,0.033051,0.9936,0.778441,0.443414,0.160419,0.365,0.694405,0.403528,0.242272,0.0467,0.806233,0.54469,0.421102,0.3545,0.754374,0.510831,0.499187,0.2123,0.811421,0.55259,0.44143,0.2973,0.773053,0.517687,0.517866,0.2238,0.794908,0.595274,0.359261,0.3739,0.752492,0.580686,0.441271,0.3274
adho_mukha_tf_0065,0.63742,0.564467,-0.0689,0.9999,0.638387,0.58023,-0.106933,0.9999,0.643065,0.581042,-0.106327,0.9999,0.648164,0.581419,-0.10608,0.9999,0.625463,0.576834,-0.103871,0.9999,0.621028,0.575421,-0.104738,0.9999,0.616693,0.573597,-0.104131,0.9999,0.659961,0.571779,-0.19904,0.9998,0.612261,0.557445,-0.199994,0.9998,0.65042,0.551416,-0.090743,0.9999,0.63461,0.545562,-0.090865,0.9999,0.720292,0.50933,-0.206281,0.9984,0.583124,0.47107,-0.160831,0.9992,0.706089,0.639261,-0.267588,0.866,0.506792,0.586272,-0.153594,0.9178,0.661437,0.748872,-0.379159,0.9133,0.452382,0.713798,-0.250723,0.9845,0.657297,0.776619,-0.433076,0.9094,0.416793,0.73493,-0.282476,0.9838,0.63824,0.77265,-0.439274,0.9037,0.435058,0.74016,-0.307356,0.9843,0.635161,0.760683,-0.385482,0.8904,0.449765,0.73337,-0.265004,0.9762,0.784084,0.265504,-0.035766,0.9955,0.701631,0.242658,0.037183,0.9947,0.786612,0.441895,0.157754,0.368,0.709874,0.406844,0.246305,0.0512,0.805197,0.546083,0.422283,0.3709,0.766406,0.515854,0.503483,0.2153,0.815843,0.555944,0.443121,0.3101,0.784901,0.53613,0.521848,0.2186,0.802906,0.59617,0.360891,0.3893,0.769881,0.582361,0.444246,0.3191
adho_mukha_tf_0066,0.626987,0.57185,-0.045597,0.9998,0.627915,0.584194,-0.082941,0.9998,0.633493,0.585035,-0.082359,0.9998,0.639278,0.585631,-0.082079,0.9998,0.614553,0.581185,-0.07921,0.9998,0.609676,0.579591,-0.08007,0.9998,0.604933,0.57766,-0.079493,0.9998,0.65412,0.575,-0.175319,0.9997,0.599385,0.558926,-0.173468,0.9998,0.640465,0.559451,-0.067772,0.9998,0.624665,0.554292,-0.066867,0.9998,0.71271,0.517313,-0.185859,0.9982,0.574786,0.477257,-0.127681,0.9993,0.695697,0.641799,-0.256341,0.867,0.505329,0.591563,-0.106882,0.9308,0.654582,0.745408,-0.370799,0.9172,0.446793,0.711359,-0.202088,0.9905,0.653373,0.776535,-0.424917,0.9133,0.410944,0.732442,-0.23163,0.9894,0.631557,0.774023,-0.427625,0.9084,0.430708,0.73713,-0.257965,0.9897,0.627891,0.759633,-0.37575,0.8982,0.444986,0.731422,-0.216387,0.9838,0.785738,0.267212,-0.043738,0.996,0.702577,0.245408,0.045154,0.9958,0.80332,0.457233,0.140374,0.456,0.706189,0.413848,0.245749,0.0564,0.821359,0.549165,0.395991,0.3705,0.768933,0.527041,0.496497,0.2372,0.826583,0.554293,0.416374,0.3116,0.788125,0.535481,0.514376,0.2445,0.805845,0.595655,0.340386,0.3937,0.773007,0.582501,0.439629,0.3649
adho_mukha_tf_0067,0.626994,0.571297,-0.057897,0.9998,0.626965,0.584903,-0.097076,0.9998,0.63179,0.585208,-0.096478,0.9998,0.637251,0.585177,-0.096252,0.9998,0.6143,0.581838,-0.093528,0.9999,0.609726,0.579978,-0.094401,0.9998,0.605019,0.577617,-0.093796,0.9998,0.650948,0.573622,-0.192919,0.9997,0.598614,0.557761,-0.192013,0.9998,0.640813,0.55699,-0.080846,0.9998,0.625507,0.551723,-0.080409,0.9998,0.715251,0.514037,-0.200054,0.9983,0.575934,0.476511,-0.150113,0.9992,0.702332,0.644362,-0.25194,0.8607,0.500976,0.58975,-0.134009,0.9083,0.647053,0.753676,-0.359969,0.9222,0.441756,0.711115,-0.229567,0.9868,0.645617,0.784232,-0.414019,0.9172,0.406054,0.732589,-0.261126,0.9859,0.625679,0.778466,-0.420039,0.9129,0.426498,0.736288,-0.287081,0.9863,0.620357,0.764713,-0.366278,0.9014,0.441283,0.729701,-0.243957,0.9791,0.788215,0.269312,-0.03905,0.9969,0.706272,0.247633,0.040491,0.9964,0.799849,0.449797,0.151746,0.463,0.707645,0.42354,0.247281,0.0537,0.814175,0.556102,0.413543,0.4286,0.776489,0.527853,0.502541,0.2337,0.825773,0.562371,0.434276,0.3553,0.796705,0.548887,0.520295,0.2293,0.798907,0.601498,0.350858,0.4344,0.78092,0.586325,0.441373,0.3428
adho_mukha_tf_0068,0.625234,0.570586,-0.068418,0.9998,0.624194,0.584308,-0.106189,0.9998,0.628784,0.584572,-0.105571,0.9998,0.634022,0.584575,-0.105304,0.9998,0.61237,0.581506,-0.102824,0.9999,0.608177,0.579844,-0.103692,0.9998,0.603957,0.577672,-0.103105,0.9998,0.64695,0.572671,-0.198377,0.9998,0.598574,0.55723,-0.198521,0.9998,0.63851,0.556378,-0.090407,0.9998,0.624084,0.551495,-0.090255,0.9998,0.712015,0.513619,-0.205887,0.9982,0.575117,0.473448,-0.156789,0.9992,0.694561,0.64584,-0.272972,0.8656,0.501574,0.59263,-0.146772,0.9337,0.641068,0.752001,-0.391336,0.9262,0.437022,0.713269,-0.250273,0.9898,0.637575,0.781075,-0.446821,0.9231,0.397247,0.730394,-0.2844,0.989,0.61855,0.775903,-0.453968,0.9188,0.415249,0.735379,-0.307609,0.9892,0.614444,0.762356,-0.398713,0.9091,0.433243,0.729982,-0.264229,0.9831,0.786137,0.266796,-0.040217,0.9955,0.706216,0.246663,0.041667,0.995,0.800727,0.449989,0.136634,0.446,0.709567,0.424674,0.231537,0.0693,0.814295,0.562247,0.38883,0.4223,0.778807,0.551058,0.473771,0.2712,0.818554,0.568665,0.408341,0.3476,0.796888,0.559723,0.490102,0.256,0.797365,0.613773,0.323041,0.4428,0.775339,0.601374,0.407248,0.377
adho_mukha_tf_0069,0.622365,0.573317,-0.068497,0.9999,0.622718,0.586327,-0.107289,0.9999,0.627544,0.586707,-0.106682,0.9999,0.632905,0.586886,-0.106414,0.9999,0.610056,0.583302,-0.101792,0.9999,0.605745,0.581565,-0.102684,0.9999,0.601557,0.579506,-0.10213,0.9999,0.645226,0.575473,-0.201466,0.9999,0.595669,0.559813,-0.191539,0.9999,0.635384,0.559521,-0.091319,0.9999,0.620553,0.55426,-0.088153,0.9999,0.706634,0.515014,-0.211802,0.9987,0.570309,0.474868,-0.147156,0.9993,0.685222,0.648681,-0.295237,0.9036,0.497268,0.588736,-0.135208,0.9315,0.632866,0.751159,-0.419656,0.9369,0.434566,0.713573,-0.239956,0.9871,0.625691,0.782604,-0.477067,0.9302,0.396011,0.729801,-0.269428,0.986,0.606534,0.777059,-0.481975,0.9242,0.41349,0.735415,-0.296393,0.9863,0.602875,0.763662,-0.425766,0.9122,0.43187,0.731266,-0.255374,0.9791,0.784101,0.270883,-0.043578,0.9971,0.704447,0.249891,0.045066,0.9963,0.804522,0.454017,0.142949,0.518,0.712036,0.428692,0.247155,0.0719,0.81184,0.571486,0.390242,0.5073,0.771337,0.558172,0.490657,0.2715,0.818327,0.573793,0.40909,0.41,0.791148,0.567563,0.506802,0.2574,0.795955,0.624468,0.318314,0.5195,0.755899,0.618324,0.421751,0.3818
adho_mukha_tf_0070,0.621353,0.578032,-0.055648,0.9999,0.62035,0.591598,-0.09539,0.9999,0.625215,0.592129,-0.094834,0.9999,0.630265,0.592286,-0.094542,0.9999,0.607878,0.58867,-0.086468,1.0,0.603211,0.586959,-0.08738,1.0,0.598471,0.584837,-0.086863,0.9999,0.640792,0.577895,-0.195189,0.9999,0.591105,0.562744,-0.169735,0.9999,0.633862,0.56424,-0.081069,0.9999,0.618538,0.559055,-0.073134,0.9999,0.702409,0.521062,-0.214414,0.999,0.568017,0.475205,-0.120264,0.9994,0.687068,0.647114,-0.311646,0.9218,0.501391,0.587218,-0.103742,0.9114,0.625141,0.753867,-0.442302,0.948,0.430056,0.710437,-0.205637,0.9798,0.621607,0.780579,-0.498751,0.941,0.390898,0.727266,-0.22882,0.9779,0.604725,0.773165,-0.499639,0.9355,0.40798,0.73504,-0.26007,0.9786,0.601633,0.762047,-0.446345,0.9224,0.426449,0.727633,-0.222036,0.969,0.78581,0.270814,-0.049138,0.9983,0.709427,0.251254,0.050554,0.9975,0.807571,0.459077,0.12265,0.553,0.699423,0.433535,0.248044,0.0672,0.817428,0.569782,0.366422,0.5087,0.769311,0.550987,0.489103,0.2686,0.822509,0.571492,0.3857,0.411,0.788947,0.561768,0.505316,0.2584,0.808581,0.61997,0.302765,0.5129,0.756631,0.606788,0.427857,0.3742
adho_mukha_tf_0071,0.620693,0.570939,-0.070345,0.9999,0.62047,0.584816,-0.10763,0.9999,0.624929,0.585656,-0.10704,0.9999,0.629873,0.58621,-0.106774,0.9999,0.608014,0.58176,-0.101291,0.9999,0.60371,0.5805,-0.102134,0.9999,0.599504,0.578901,-0.101568,0.9999,0.63977,0.575605,-0.200514,0.9998,0.591592,0.559843,-0.186457,0.9998,0.632575,0.5571,-0.092898,0.9999,0.618002,0.552298,-0.088425,0.9999,0.698547,0.514201,-0.214805,0.9985,0.561584,0.475834,-0.1354,0.9991,0.673385,0.649568,-0.30489,0.9177,0.488871,0.589306,-0.12048,0.8896,0.616438,0.754175,-0.428672,0.9498,0.419441,0.713992,-0.236694,0.9855,0.611847,0.7842,-0.487691,0.946,0.382168,0.730428,-0.266378,0.9856,0.593372,0.779262,-0.489559,0.9411,0.398186,0.734974,-0.29557,0.986,0.59031,0.767406,-0.433855,0.9321,0.417835,0.731213,-0.253144,0.9792,0.782816,0.267968,-0.047389,0.997,0.70573,0.253033,0.048869,0.996,0.807063,0.464365,0.126211,0.5186,0.706973,0.424677,0.241539,0.0688,0.816195,0.577806,0.376759,0.5091,0.776743,0.559961,0.490425,0.2916,0.829482,0.584171,0.396064,0.4134,0.79463,0.569555,0.507292,0.2632,0.802707,0.624089,0.305482,0.5304,0.753047,0.614815,0.419674,0.4159
adho_mukha_tf_0072,0.610222,0.570307,-0.06344,0.9998,0.610503,0.583726,-0.101862,0.9999,0.615075,0.58435,-0.101323,0.9998,0.620162,0.584888,-0.101071,0.9998,0.597868,0.581034,-0.091328,0.9999,0.593496,0.579735,-0.092214,0.9999,0.589126,0.578059,-0.091681,0.9998,0.628731,0.573301,-0.198144,0.9997,0.581162,0.558416,-0.165475,0.9998,0.622017,0.556601,-0.087332,0.9998,0.608176,0.552465,-0.07731,0.9998,0.692678,0.507821,-0.215842,0.998,0.556606,0.472888,-0.106788,0.9989,0.668565,0.643416,-0.314578,0.9288,0.486282,0.588322,-0.074916,0.8486,0.611633,0.748242,-0.43405,0.9497,0.413459,0.712933,-0.187629,0.9794,0.603006,0.778268,-0.491712,0.9439,0.37652,0.726963,-0.210703,0.9804,0.58385,0.776166,-0.488793,0.9387,0.389814,0.73123,-0.24777,0.9814,0.581343,0.763747,-0.437135,0.9302,0.408858,0.728476,-0.206187,0.9738,0.78444,0.259216,-0.05556,0.9968,0.703469,0.24833,0.056964,0.997,0.803096,0.462314,0.102372,0.6532,0.714445,0.422482,0.226555,0.1007,0.821425,0.584317,0.330676,0.5769,0.782081,0.571425,0.461549,0.3571,0.839305,0.596653,0.348218,0.4899,0.790971,0.572319,0.477019,0.3078,0.814052,0.631717,0.265733,0.6046,0.746221,0.62182,0.391019,0.4826
adho_mukha_tf_0073,0.60767,0.570803,-0.051856,0.9998,0.607354,0.583983,-0.090747,0.9999,0.611701,0.584278,-0.09019,0.9999,0.61657,0.584435,-0.089961,0.9998,0.59454,0.581732,-0.079236,0.9999,0.589772,0.580557,-0.080109,0.9999,0.585154,0.579043,-0.079579,0.9998,0.624203,0.573015,-0.191135,0.9997,0.576428,0.559466,-0.154475,0.9998,0.619547,0.55747,-0.077488,0.9998,0.605142,0.553353,-0.0663,0.9998,0.691726,0.506204,-0.21104,0.9984,0.552827,0.474282,-0.099411,0.9993,0.66563,0.640767,-0.303731,0.9382,0.477472,0.589016,-0.067408,0.9206,0.602574,0.747739,-0.422135,0.9656,0.408338,0.712801,-0.178432,0.9907,0.59721,0.77857,-0.478757,0.961,0.369825,0.728491,-0.201321,0.9903,0.576698,0.776172,-0.476525,0.9573,0.386141,0.733662,-0.236399,0.9907,0.573182,0.76306,-0.425248,0.9498,0.407031,0.729311,-0.195786,0.9865,0.783616,0.260892,-0.057613,0.997,0.703751,0.248655,0.059014,0.9975,0.799181,0.457655,0.096529,0.7311,0.721513,0.428875,0.222411,0.1172,0.825188,0.585511,0.313428,0.6471,0.786081,0.577093,0.444333,0.3879,0.840791,0.594657,0.329641,0.5522,0.799185,0.587073,0.458211,0.3357,0.807742,0.628678,0.24584,0.6537,0.756513,0.63303,0.373999,0.5019
adho_mukha_tf_0074,0.595397,0.575764,-0.050878,0.9998,0.593326,0.587857,-0.08893,0.9998,0.597842,0.588215,-0.088465,0.9998,0.602751,0.588472,-0.088196,0.9998,0.581312,0.585966,-0.081143,0.9999,0.577243,0.584973,-0.08207,0.9999,0.573064,0.583701,-0.081509,0.9998,0.614213,0.576669,-0.182431,0.9998,0.568303,0.563225,-0.163568,0.9998,0.609491,0.561989,-0.073641,0.9998,0.595572,0.558015,-0.06752,0.9999,0.683186,0.517833,-0.195267,0.9986,0.546152,0.476245,-0.108832,0.9993,0.661683,0.646518,-0.269342,0.9323,0.474118,0.591045,-0.075789,0.9357,0.592449,0.750304,-0.384962,0.9603,0.397799,0.709934,-0.174575,0.9931,0.585873,0.776886,-0.440247,0.952,0.36674,0.724658,-0.199969,0.9915,0.565314,0.772276,-0.439739,0.9489,0.383786,0.732518,-0.232015,0.9919,0.563092,0.760476,-0.389025,0.9424,0.402105,0.729985,-0.190299,0.9877,0.782193,0.264171,-0.051387,0.9976,0.70327,0.243148,0.052743,0.9974,0.804888,0.455158,0.116866,0.6971,0.695335,0.425035,0.225329,0.108,0.827137,0.581131,0.341246,0.5463,0.768862,0.562804,0.455386,0.409,0.841392,0.5894,0.358209,0.4583,0.775943,0.562879,0.471132,0.3754,0.809995,0.634846,0.278614,0.5472,0.733768,0.618571,0.39196,0.5329
adho_mukha_tf_0075,0.588363,0.577771,-0.057031,0.9999,0.5876,0.589114,-0.095215,0.9999,0.592247,0.589053,-0.094674,0.9999,0.597198,0.588988,-0.094476,0.9999,0.575339,0.586659,-0.082535,0.9999,0.571412,0.585086,-0.083442,0.9999,0.5676,0.583381,-0.082891,0.9999,0.607094,0.576313,-0.19437,0.9998,0.561815,0.56271,-0.151352,0.9999,0.600661,0.562312,-0.082699,0.9999,0.5869,0.558831,-0.069458,0.9999,0.676911,0.511238,-0.212127,0.9989,0.539713,0.474925,-0.094435,0.9992,0.651693,0.645548,-0.297264,0.9569,0.462717,0.590749,-0.053241,0.9195,0.581011,0.749907,-0.40855,0.9729,0.389484,0.7157,-0.158169,0.9909,0.577607,0.778567,-0.463988,0.9662,0.355813,0.727531,-0.177608,0.9902,0.55266,0.777083,-0.460143,0.9624,0.374967,0.73628,-0.216244,0.9906,0.548441,0.764624,-0.410515,0.9545,0.39216,0.734074,-0.176405,0.9866,0.777381,0.264289,-0.057609,0.9975,0.69693,0.249005,0.058984,0.9974,0.796395,0.458282,0.097693,0.8011,0.708194,0.432583,0.221383,0.1362,0.822857,0.578869,0.308174,0.7154,0.783131,0.56948,0.444168,0.425,0.83885,0.587007,0.323481,0.5993,0.801488,0.580027,0.458139,0.3815,0.807651,0.629477,0.245221,0.7107,0.765571,0.619549,0.380903,0.5484
adho_mukha_tf_0076,0.583165,0.569642,-0.067023,0.9999,0.579128,0.580984,-0.105544,0.9999,0.5831,0.580851,-0.105047,0.9999,0.587587,0.580558,-0.104744,0.9999,0.568007,0.579578,-0.093172,0.9999,0.564111,0.578428,-0.09408,0.9999,0.560324,0.576887,-0.093453,0.9999,0.597943,0.566704,-0.19999,0.9997,0.554738,0.555399,-0.159607,0.9999,0.597034,0.554298,-0.089977,0.9999,0.583252,0.550777,-0.077563,0.9999,0.672715,0.51141,-0.217136,0.9989,0.53117,0.467565,-0.093573,0.9996,0.648566,0.6464,-0.290914,0.9491,0.453994,0.587959,-0.05152,0.9431,0.576088,0.750855,-0.393906,0.9738,0.38318,0.711179,-0.156085,0.9962,0.569856,0.773145,-0.451517,0.9677,0.348729,0.725944,-0.181396,0.9953,0.548768,0.766903,-0.446868,0.9653,0.366532,0.731393,-0.217828,0.9955,0.545117,0.75698,-0.396599,0.961,0.384237,0.727918,-0.173882,0.9933,0.781291,0.266293,-0.063695,0.9967,0.700827,0.248666,0.064821,0.9978,0.797897,0.457764,0.074378,0.8461,0.706799,0.438087,0.213615,0.1528,0.826896,0.589397,0.290074,0.735,0.795452,0.574965,0.436314,0.5091,0.837501,0.596929,0.305977,0.6316,0.8054,0.586288,0.450572,0.455,0.810281,0.64508,0.225341,0.7212,0.766939,0.620913,0.372356,0.6232
adho_mukha_tf_0077,0.573793,0.563533,-0.07431,1.0,0.568827,0.572168,-0.110316,0.9999,0.572883,0.571652,-0.109839,0.9999,0.5775,0.570981,-0.109589,0.9999,0.557783,0.571048,-0.095428,0.9999,0.554037,0.569699,-0.096376,0.9999,0.55069,0.567961,-0.095589,0.9999,0.586174,0.555801,-0.199861,0.9997,0.547968,0.544623,-0.146405,0.9999,0.587332,0.548362,-0.095893,0.9999,0.575271,0.544713,-0.079736,1.0,0.663741,0.499646,-0.212027,0.9992,0.520048,0.462661,-0.079219,0.9998,0.636789,0.641016,-0.272507,0.9729,0.448013,0.583854,-0.02069,0.9562,0.562667,0.750247,-0.362829,0.9894,0.375531,0.711435,-0.119196,0.9981,0.556196,0.774241,-0.419289,0.9862,0.341853,0.728306,-0.140622,0.9976,0.532813,0.769856,-0.411518,0.9848,0.358843,0.736058,-0.181009,0.9977,0.531124,0.756798,-0.363561,0.981,0.380691,0.732778,-0.137884,0.9967,0.779537,0.265517,-0.06744,0.9936,0.696665,0.253616,0.068451,0.996,0.796174,0.454462,0.087738,0.9202,0.720638,0.428182,0.225051,0.1882,0.827895,0.585347,0.298171,0.8544,0.79636,0.574768,0.453992,0.5146,0.848475,0.594687,0.313202,0.7623,0.806494,0.587681,0.4689,0.4956,0.801514,0.635478,0.237867,0.8401,0.769646,0.619169,0.401668,0.6603
adho_mukha_tf_0078,0.560015,0.556839,-0.066793,1.0,0.556323,0.565172,-0.102726,0.9999,0.560668,0.564976,-0.102243,0.9999,0.565179,0.564514,-0.101976,0.9999,0.544834,0.563926,-0.085414,1.0,0.540372,0.56228,-0.086359,1.0,0.53646,0.560345,-0.085569,0.9999,0.57223,0.549198,-0.194764,0.9998,0.532269,0.537269,-0.130269,0.9999,0.574613,0.542002,-0.090046,1.0,0.561271,0.537457,-0.07056,1.0,0.647039,0.492314,-0.213287,0.9992,0.50808,0.458989,-0.061457,0.9997,0.630004,0.633969,-0.278292,0.9746,0.450361,0.577185,0.004482,0.9346,0.55428,0.748123,-0.35729,0.9886,0.372363,0.707371,-0.096665,0.9968,0.548695,0.772796,-0.412957,0.9848,0.336934,0.723208,-0.116497,0.9963,0.526235,0.768723,-0.403503,0.9832,0.352968,0.73068,-0.158274,0.9965,0.524597,0.75574,-0.356672,0.9785,0.374358,0.726931,-0.116363,0.995,0.769775,0.26739,-0.069362,0.9947,0.685872,0.259582,0.070402,0.9962,0.790465,0.454,0.092373,0.9077,0.706754,0.432398,0.237549,0.1708,0.823666,0.586213,0.304859,0.847,0.774371,0.555001,0.469659,0.467,0.843107,0.596528,0.320138,0.7604,0.79615,0.566776,0.484723,0.4463,0.797586,0.635732,0.242562,0.8383,0.76053,0.618045,0.416836,0.621
adho_mukha_tf_0079,0.542716,0.557423,-0.066807,1.0,0.538185,0.561731,-0.102987,0.9999,0.54221,0.560754,-0.102614,0.9999,0.546638,0.559993,-0.102337,0.9999,0.526333,0.561556,-0.081718,0.9999,0.522488,0.560065,-0.082676,0.9999,0.518614,0.558398,-0.082021,0.9999,0.554006,0.543247,-0.19635,0.9997,0.515188,0.534723,-0.114727,0.9999,0.556865,0.541743,-0.091197,0.9999,0.544353,0.538076,-0.066724,1.0,0.635719,0.488562,-0.221937,0.9989,0.493122,0.461923,-0.047265,0.9997,0.628905,0.626443,-0.283275,0.9796,0.433811,0.58161,0.03034,0.8973,0.546465,0.743499,-0.349028,0.9895,0.360657,0.704713,-0.076216,0.9939,0.539049,0.774283,-0.407742,0.9859,0.326599,0.72235,-0.097492,0.9934,0.514012,0.768168,-0.39703,0.9844,0.337402,0.727758,-0.140705,0.9939,0.516878,0.753982,-0.347965,0.9786,0.357979,0.721915,-0.097302,0.9916,0.763841,0.268418,-0.072326,0.9948,0.681648,0.265352,0.073262,0.9961,0.784383,0.458164,0.082932,0.9293,0.730431,0.452863,0.238399,0.1847,0.824511,0.584742,0.288449,0.8953,0.789732,0.565037,0.459219,0.4371,0.84446,0.594528,0.302874,0.8322,0.804498,0.578447,0.47298,0.4308,0.792596,0.638107,0.237019,0.8717,0.767146,0.617963,0.414748,0.5664
adho_mukha_tf_0080,0.521518,0.552575,-0.071695,1.0,0.517607,0.557055,-0.107523,0.9999,0.521289,0.556071,-0.107173,0.9999,0.525377,0.55521,-0.106859,0.9999,0.506517,0.556316,-0.084992,0.9999,0.502626,0.554433,-0.085873,0.9999,0.498625,0.552551,-0.085241,0.9999,0.532502,0.538732,-0.201644,0.9998,0.494766,0.528635,-0.114814,0.9999,0.535543,0.535604,-0.096906,0.9999,0.524559,0.531379,-0.070806,1.0,0.619048,0.480365,-0.225321,0.999,0.484497,0.451904,-0.046955,0.9997,0.615418,0.619514,-0.275334,0.9853,0.423862,0.568654,0.038071,0.8664,0.5413,0.743439,-0.320803,0.9916,0.352,0.693954,-0.068236,0.9912,0.530571,0.772818,-0.378978,0.9879,0.31342,0.713529,-0.090817,0.9907,0.505285,0.765528,-0.367618,0.9866,0.323013,0.719776,-0.134078,0.9914,0.507164,0.753766,-0.319018,0.9808,0.346228,0.711971,-0.089531,0.9887,0.750032,0.268039,-0.070326,0.9951,0.673105,0.268298,0.071429,0.9956,0.775854,0.452253,0.088707,0.915,0.724967,0.445649,0.242563,0.1478,0.823934,0.580292,0.289653,0.9139,0.77746,0.559282,0.464288,0.3688,0.844973,0.595729,0.303058,0.8524,0.804804,0.562779,0.478644,0.3859,0.793068,0.631519,0.231219,0.8883,0.754057,0.611539,0.42303,0.5224
adho_mukha_tf_0081,0.506249,0.554301,-0.075279,1.0,0.500872,0.554313,-0.111959,0.9999,0.504287,0.552217,-0.111596,0.9999,0.507882,0.550359,-0.111246,0.9999,0.490935,0.554797,-0.088094,1.0,0.487658,0.552847,-0.089019,0.9999,0.4843,0.550769,-0.08843,0.9999,0.513171,0.529082,-0.205775,0.9999,0.482092,0.524968,-0.112734,0.9999,0.522848,0.53549,-0.100156,1.0,0.512679,0.534738,-0.072102,1.0,0.607417,0.477294,-0.226088,0.9993,0.469504,0.451232,-0.04392,0.9997,0.607226,0.613247,-0.275352,0.9869,0.410236,0.566873,0.036948,0.8789,0.532562,0.742952,-0.325445,0.9916,0.338532,0.697883,-0.069604,0.9922,0.517978,0.770709,-0.384792,0.9879,0.300357,0.714988,-0.088801,0.9918,0.491883,0.764575,-0.371193,0.9862,0.311296,0.721353,-0.134895,0.9924,0.494666,0.754044,-0.322714,0.9805,0.332327,0.715665,-0.091775,0.99,0.742647,0.268652,-0.070522,0.9972,0.666121,0.272781,0.071582,0.9973,0.759832,0.455391,0.066503,0.9315,0.704193,0.446992,0.229734,0.158,0.816892,0.580346,0.259444,0.9278,0.778023,0.562397,0.438066,0.4232,0.846631,0.597888,0.27164,0.8745,0.801861,0.56462,0.450501,0.4481,0.792717,0.634241,0.200313,0.905,0.755074,0.615398,0.39193,0.5692
adho_mukha_tf_0082,0.486334,0.545401,-0.103287,1.0,0.478976,0.544282,-0.138515,0.9999,0.482038,0.542268,-0.138278,0.9999,0.485451,0.540329,-0.137847,0.9999,0.470459,0.544803,-0.113529,0.9999,0.467488,0.542546,-0.114441,0.9999,0.464718,0.540507,-0.113826,0.9999,0.489919,0.51785,-0.225298,0.9998,0.460243,0.511367,-0.125553,0.9998,0.503414,0.524534,-0.125853,0.9999,0.494613,0.522814,-0.09587,0.9999,0.589804,0.461071,-0.235357,0.9991,0.453719,0.437971,-0.056154,0.9997,0.604565,0.607923,-0.271981,0.9916,0.404181,0.571448,0.040214,0.8676,0.518426,0.743317,-0.306524,0.9951,0.33263,0.694537,-0.064388,0.9925,0.504452,0.76792,-0.368975,0.9921,0.296987,0.713122,-0.090787,0.9918,0.479853,0.760609,-0.356101,0.9911,0.306627,0.721959,-0.136168,0.9925,0.481511,0.748468,-0.304751,0.9872,0.326891,0.716179,-0.087012,0.9908,0.73712,0.276684,-0.068579,0.9975,0.662488,0.279399,0.069551,0.9977,0.75679,0.453909,0.089815,0.9084,0.700508,0.438636,0.23901,0.1457,0.812721,0.579064,0.31027,0.8977,0.766883,0.54353,0.476983,0.3405,0.841364,0.596817,0.325485,0.8344,0.788965,0.553585,0.493547,0.388,0.786415,0.633884,0.256539,0.8714,0.744723,0.616054,0.441701,0.525
adho_mukha_tf_0083,0.452854,0.534894,-0.110293,1.0,0.446595,0.535416,-0.144365,0.9999,0.450801,0.533083,-0.14399,0.9999,0.455052,0.531335,-0.143558,0.9999,0.437492,0.535357,-0.120251,0.9999,0.434998,0.532868,-0.121196,0.9999,0.432677,0.530469,-0.12052,0.9999,0.465646,0.510485,-0.225552,0.9997,0.43378,0.501614,-0.129891,0.9998,0.472325,0.515628,-0.13064,0.9999,0.463388,0.514728,-0.101736,0.9999,0.568298,0.455866,-0.234659,0.9992,0.433713,0.43302,-0.05505,0.9996,0.58693,0.613724,-0.264626,0.9913,0.391677,0.566296,0.032048,0.9024,0.501673,0.743271,-0.28993,0.9952,0.323268,0.692537,-0.057378,0.9951,0.490985,0.766472,-0.349789,0.9919,0.287353,0.706369,-0.078955,0.994,0.470851,0.755578,-0.338115,0.9912,0.298247,0.715966,-0.122547,0.9946,0.471,0.744835,-0.28869,0.9873,0.315184,0.710785,-0.077773,0.9933,0.722196,0.277798,-0.070728,0.9973,0.646755,0.278732,0.071707,0.9979,0.753516,0.458745,0.083743,0.9177,0.685827,0.440369,0.245332,0.1346,0.817797,0.576183,0.303288,0.8862,0.735507,0.53524,0.490919,0.315,0.84702,0.594131,0.31902,0.7926,0.759273,0.543816,0.509519,0.3548,0.782295,0.629714,0.24676,0.8553,0.732029,0.617153,0.462781,0.525
adho_mukha_tf_0084,0.435129,0.53235,-0.129529,1.0,0.425303,0.529814,-0.161518,0.9999,0.428223,0.527357,-0.161226,0.9999,0.431114,0.525286,-0.160687,0.9999,0.418925,0.529961,-0.135256,0.9999,0.417166,0.527553,-0.13622,0.9999,0.415576,0.52509,-0.135551,0.9999,0.437877,0.499868,-0.233009,0.9998,0.417399,0.495173,-0.127467,0.9999,0.456372,0.513644,-0.146839,1.0,0.449966,0.512398,-0.114836,1.0,0.544192,0.452299,-0.236321,0.9995,0.425933,0.425428,-0.051203,0.9997,0.564698,0.610384,-0.271581,0.9923,0.381662,0.566991,0.032403,0.9077,0.48577,0.74381,-0.299822,0.9959,0.316005,0.695838,-0.056613,0.9942,0.473414,0.767166,-0.362831,0.9927,0.276093,0.70876,-0.077373,0.9932,0.452704,0.754433,-0.348438,0.9917,0.286993,0.714981,-0.121007,0.9937,0.450536,0.74271,-0.298538,0.9881,0.304851,0.710195,-0.076991,0.9927,0.704285,0.279496,-0.074956,0.9988,0.638885,0.27892,0.0759,0.9988,0.744983,0.455381,0.071954,0.9442,0.688137,0.432806,0.234433,0.1836,0.816345,0.579821,0.283908,0.9188,0.773327,0.547563,0.47235,0.4128,0.847789,0.595374,0.298593,0.8452,0.785842,0.541382,0.49049,0.4706,0.783352,0.633495,0.231193,0.8859,0.739745,0.616349,0.445467,0.6363
adho_mukha_tf_0085,0.417971,0.526646,-0.120949,1.0,0.405883,0.524106,-0.151959,0.9999,0.407909,0.521771,-0.151649,0.9999,0.410254,0.519458,-0.15129,0.9999,0.400947,0.524848,-0.124298,0.9999,0.399149,0.522623,-0.125263,0.9999,0.397316,0.520169,-0.124656,0.9999,0.415929,0.493574,-0.222456,0.9998,0.395439,0.489094,-0.110283,0.9999,0.435832,0.508515,-0.138709,1.0,0.431421,0.506789,-0.104669,1.0,0.528613,0.435325,-0.236821,0.9996,0.414899,0.412572,-0.029263,0.9997,0.550057,0.602011,-0.272484,0.9916,0.374045,0.555905,0.052536,0.8688,0.4761,0.746115,-0.298462,0.9953,0.314304,0.694598,-0.038983,0.9896,0.461924,0.76854,-0.363904,0.9925,0.277728,0.706161,-0.056928,0.9881,0.443614,0.758279,-0.345399,0.9915,0.286546,0.711152,-0.102096,0.9892,0.444777,0.750814,-0.295612,0.9877,0.303761,0.708414,-0.060767,0.988,0.693609,0.265357,-0.078596,0.9993,0.630884,0.269573,0.079513,0.9991,0.739409,0.447215,0.0637,0.9476,0.683581,0.433146,0.237472,0.1611,0.815162,0.576787,0.262742,0.9213,0.770548,0.556569,0.467072,0.3535,0.842947,0.59018,0.276408,0.8603,0.779633,0.556014,0.484906,0.4555,0.780032,0.636549,0.210303,0.8883,0.719101,0.619828,0.448796,0.5784
adho_mukha_tf_0086,0.401537,0.516438,-0.165928,0.9998,0.3888,0.512903,-0.196211,0.9997,0.390423,0.510309,-0.195894,0.9997,0.392335,0.50759,-0.195483,0.9997,0.384085,0.513705,-0.165994,0.9997,0.382219,0.511408,-0.167019,0.9997,0.380446,0.508898,-0.166343,0.9997,0.396359,0.480402,-0.260495,0.9995,0.379422,0.478145,-0.137833,0.9996,0.418547,0.499059,-0.181942,0.9999,0.414356,0.49851,-0.144838,0.9999,0.510098,0.422666,-0.272674,0.999,0.403357,0.406631,-0.056193,0.9996,0.535783,0.595827,-0.317087,0.9934,0.361019,0.555724,0.026242,0.8228,0.466803,0.742897,-0.328849,0.9965,0.306919,0.691588,-0.058373,0.9838,0.4579,0.76863,-0.394815,0.9925,0.274313,0.707309,-0.077318,0.9815,0.437378,0.760056,-0.376321,0.9931,0.280523,0.710215,-0.116775,0.9832,0.434732,0.751235,-0.326733,0.9896,0.296259,0.705905,-0.078389,0.9831,0.685624,0.269893,-0.079328,0.9985,0.61932,0.276963,0.080141,0.9989,0.742641,0.458518,0.064058,0.951,0.67169,0.446381,0.22403,0.1676,0.821359,0.578524,0.263057,0.9398,0.774476,0.558489,0.452318,0.3266,0.851168,0.59226,0.276886,0.8827,0.787608,0.551629,0.47182,0.4341,0.78515,0.643421,0.213253,0.8988,0.752571,0.629635,0.448231,0.5625
adho_mukha_tf_0087,0.374885,0.505399,-0.168721,0.9998,0.364151,0.503063,-0.19948,0.9997,0.366148,0.501124,-0.199183,0.9997,0.368583,0.499087,-0.198783,0.9997,0.359277,0.50273,-0.168552,0.9997,0.357447,0.500216,-0.169607,0.9997,0.355716,0.497503,-0.168883,0.9997,0.375877,0.475027,-0.261517,0.9995,0.355995,0.469101,-0.134948,0.9995,0.39245,0.490163,-0.183556,0.9999,0.388389,0.48734,-0.145317,0.9999,0.494815,0.426123,-0.271464,0.9992,0.38693,0.403244,-0.051091,0.9995,0.522417,0.593154,-0.31638,0.9936,0.353032,0.551225,0.029109,0.8536,0.461808,0.738429,-0.326289,0.9956,0.304798,0.690272,-0.044396,0.9832,0.449285,0.76637,-0.39153,0.992,0.267164,0.703195,-0.058169,0.9815,0.429681,0.757559,-0.372513,0.9909,0.274499,0.706175,-0.100395,0.9834,0.429156,0.746842,-0.323557,0.9867,0.295475,0.703253,-0.064381,0.9834,0.673944,0.272276,-0.079362,0.9985,0.608899,0.275435,0.080154,0.9984,0.733528,0.449951,0.048065,0.9477,0.668656,0.442771,0.211202,0.1711,0.809018,0.580845,0.239355,0.9382,0.770579,0.563137,0.433565,0.3256,0.834416,0.595013,0.253024,0.8791,0.788603,0.55169,0.452567,0.4358,0.775873,0.637462,0.197946,0.9032,0.741533,0.621495,0.434134,0.574
adho_mukha_tf_0088,0.362106,0.504549,-0.179667,0.9993,0.349434,0.500699,-0.210136,0.9989,0.351039,0.498308,-0.209843,0.9989,0.352926,0.495798,-0.209465,0.9988,0.344978,0.500979,-0.178859,0.9989,0.343268,0.498405,-0.17993,0.9988,0.341661,0.495592,-0.179225,0.9987,0.359287,0.466767,-0.271949,0.9982,0.34267,0.465112,-0.144242,0.9983,0.37998,0.486678,-0.194933,0.9996,0.375265,0.485281,-0.156473,0.9996,0.481457,0.415917,-0.286574,0.9979,0.374777,0.396681,-0.061117,0.9988,0.507064,0.587231,-0.33368,0.9929,0.343333,0.549793,0.011497,0.7841,0.452809,0.734427,-0.337325,0.9911,0.297711,0.692858,-0.063683,0.9725,0.440547,0.759778,-0.401546,0.9791,0.261923,0.704552,-0.079168,0.9697,0.420556,0.754314,-0.381873,0.9851,0.267741,0.706699,-0.118102,0.9726,0.42026,0.745027,-0.334623,0.9867,0.289123,0.704489,-0.083008,0.9732,0.663817,0.273814,-0.078812,0.9967,0.599422,0.277272,0.079575,0.9974,0.725915,0.446861,0.055948,0.9445,0.6566,0.451756,0.209445,0.1955,0.808202,0.579024,0.257434,0.9248,0.774658,0.56158,0.432574,0.3317,0.836819,0.586416,0.272351,0.8498,0.804754,0.57286,0.452294,0.4369,0.782012,0.640576,0.22295,0.8727,0.730049,0.626795,0.441093,0.5647
adho_mukha_tf_0089,0.347928,0.500707,-0.190821,0.9995,0.334544,0.495562,-0.219489,0.9992,0.335931,0.493202,-0.219261,0.9992,0.337713,0.490814,-0.218917,0.9992,0.329481,0.495303,-0.188756,0.9992,0.327217,0.492548,-0.189903,0.9991,0.32526,0.489648,-0.189132,0.999,0.343125,0.462164,-0.27707,0.9987,0.328811,0.459998,-0.150343,0.9987,0.364631,0.484932,-0.205195,0.9997,0.360797,0.484173,-0.166956,0.9997,0.469329,0.411421,-0.291236,0.9977,0.371696,0.393683,-0.067865,0.999,0.491537,0.579072,-0.334072,0.9934,0.331116,0.549962,0.006653,0.8509,0.447964,0.730264,-0.337794,0.9884,0.292642,0.689821,-0.060156,0.9755,0.431201,0.758971,-0.402981,0.9745,0.255233,0.704801,-0.073635,0.972,0.40848,0.752302,-0.381787,0.9816,0.265741,0.707271,-0.11493,0.9747,0.409963,0.742768,-0.335069,0.9851,0.286281,0.70291,-0.079973,0.9764,0.654669,0.280907,-0.081195,0.9951,0.597444,0.284546,0.0819,0.9961,0.722603,0.457456,0.051485,0.9629,0.660657,0.467308,0.207688,0.2352,0.800888,0.582955,0.24542,0.9418,0.7761,0.573235,0.423118,0.3575,0.830582,0.587396,0.260133,0.8815,0.809878,0.579647,0.443401,0.4637,0.780017,0.645275,0.221117,0.8949,0.748368,0.623499,0.439645,0.5849
adho_mukha_tf_0090,0.333532,0.503779,-0.193906,0.9989,0.318814,0.493695,-0.222644,0.9987,0.319613,0.4907,-0.222256,0.9987,0.320385,0.487361,-0.221992,0.9987,0.315345,0.49344,-0.190014,0.9986,0.313696,0.490466,-0.191086,0.9984,0.311975,0.487272,-0.190479,0.9983,0.328272,0.453712,-0.280796,0.9982,0.315587,0.456132,-0.146128,0.998,0.352759,0.487827,-0.209394,0.9994,0.349346,0.488756,-0.168715,0.9994,0.457324,0.40421,-0.302518,0.9977,0.359613,0.400284,-0.060686,0.9985,0.48478,0.581379,-0.349992,0.9916,0.326897,0.552927,0.002398,0.7557,0.439061,0.729497,-0.348435,0.9903,0.294001,0.692009,-0.069892,0.9493,0.42279,0.755516,-0.413979,0.9781,0.258147,0.707683,-0.081951,0.9498,0.403049,0.749886,-0.391936,0.9846,0.266791,0.709667,-0.123747,0.9548,0.405467,0.741479,-0.345305,0.9839,0.287262,0.706011,-0.090664,0.9577,0.647962,0.290754,-0.080015,0.9988,0.585962,0.301995,0.080741,0.9979,0.711094,0.45862,0.030485,0.9398,0.645724,0.48266,0.193115,0.2354,0.793354,0.580679,0.213557,0.9262,0.768493,0.531162,0.397583,0.3078,0.82566,0.580185,0.227195,0.8607,0.798055,0.52638,0.417132,0.4219,0.779127,0.645309,0.186845,0.8747,0.75509,0.602413,0.420699,0.5248
adho_mukha_tf_0091,0.481806,0.384473,-0.536517,1.0,0.491109,0.384555,-0.552104,1.0,0.49928,0.383353,-0.550969,1.0,0.506329,0.382504,-0.550395,0.9999,0.47013,0.38287,-0.550745,1.0,0.462195,0.377871,-0.55145,1.0,0.454195,0.376084,-0.550465,0.9999,0.519595,0.36174,-0.499439,0.9998,0.431606,0.356699,-0.509606,0.9998,0.490783,0.375939,-0.5061,0.9999,0.464114,0.374567,-0.509595,0.9999,0.581976,0.33357,-0.384265,0.9988,0.338902,0.323907,-0.388012,0.9982,0.634941,0.498636,-0.364264,0.9853,0.279808,0.500629,-0.376242,0.9903,0.669169,0.693264,-0.445239,0.9913,0.248659,0.684185,-0.445172,0.9872,0.708594,0.711538,-0.513449,0.9851,0.220184,0.70794,-0.506835,0.9784,0.675997,0.719121,-0.528649,0.9837,0.253735,0.710898,-0.524529,0.9772,0.658682,0.715335,-0.45719,0.9747,0.269095,0.70065,-0.460545,0.9701,0.484555,0.175442,0.0117,0.9978,0.363843,0.186228,-0.010574,0.9963,0.506811,0.39374,0.057388,0.2675,0.354079,0.408999,0.056124,0.1875,0.476147,0.531666,0.31635,0.4551,0.375309,0.534433,0.322297,0.348,0.460609,0.545174,0.33979,0.3463,0.383846,0.544774,0.344705,0.2198,0.46088,0.611366,0.240391,0.6472,0.380653,0.621647,0.234891,0.4981
adho_mukha_tf_0092,0.478595,0.425321,-0.478557,1.0,0.486301,0.422163,-0.497208,0.9999,0.4944,0.420402,-0.496246,0.9999,0.50017,0.418752,-0.49552,0.9999,0.465525,0.419987,-0.498815,0.9999,0.45801,0.417096,-0.499813,0.9999,0.449258,0.414509,-0.498662,0.9998,0.51362,0.390753,-0.453902,0.9996,0.429654,0.390054,-0.477745,0.9993,0.486648,0.413325,-0.45012,0.9998,0.458914,0.409952,-0.456957,0.9998,0.577215,0.353194,-0.356353,0.9983,0.338632,0.343848,-0.364961,0.9961,0.622481,0.51347,-0.339666,0.9888,0.291923,0.5112,-0.356677,0.9701,0.650612,0.698752,-0.399089,0.9889,0.249228,0.692875,-0.407379,0.9704,0.683424,0.720387,-0.457494,0.9823,0.22823,0.717705,-0.463091,0.9602,0.650465,0.721911,-0.472027,0.9802,0.254205,0.719246,-0.47269,0.9572,0.632498,0.718617,-0.409052,0.9724,0.266003,0.710092,-0.416833,0.9453,0.497301,0.177691,0.016926,0.9934,0.368827,0.18181,-0.016103,0.989,0.508218,0.390496,0.017575,0.1903,0.350039,0.397145,-0.013343,0.2412,0.447182,0.564084,0.228631,0.4934,0.363199,0.554061,0.207381,0.5108,0.423218,0.579222,0.246685,0.3942,0.371789,0.569757,0.224216,0.3862,0.455679,0.64881,0.141715,0.6415,0.376145,0.644066,0.102743,0.609
adho_mukha_tf_0093,0.478381,0.446813,-0.399564,1.0,0.488409,0.443361,-0.423354,0.9999,0.494948,0.441264,-0.422417,0.9999,0.502573,0.438686,-0.421721,0.9999,0.468406,0.443317,-0.42343,0.9999,0.4614,0.441126,-0.424408,0.9998,0.452482,0.439055,-0.423321,0.9997,0.513307,0.411351,-0.413899,0.9996,0.428472,0.412396,-0.431344,0.9992,0.490298,0.433573,-0.384119,0.9998,0.462695,0.433145,-0.388979,0.9998,0.575529,0.367257,-0.330763,0.9982,0.346468,0.36696,-0.343748,0.996,0.616798,0.524239,-0.312762,0.9832,0.307021,0.528544,-0.33152,0.9595,0.631213,0.703685,-0.36506,0.9839,0.276598,0.702087,-0.377538,0.9677,0.660601,0.722344,-0.419661,0.9759,0.256292,0.730833,-0.433619,0.9594,0.624191,0.725785,-0.43626,0.9735,0.287606,0.726991,-0.442318,0.9569,0.609767,0.722636,-0.375434,0.9654,0.296685,0.717725,-0.387098,0.9473,0.495105,0.187277,0.014602,0.994,0.373375,0.194821,-0.013798,0.9892,0.507131,0.40034,0.031071,0.15,0.355282,0.412514,0.007044,0.1459,0.465474,0.564722,0.250168,0.4284,0.371298,0.56463,0.236985,0.4101,0.442702,0.61202,0.268557,0.338,0.380509,0.579562,0.253432,0.3001,0.472905,0.644553,0.163393,0.5921,0.379608,0.640871,0.136681,0.5443
adho_mukha_tf_0094,0.476084,0.463441,-0.221127,0.9999,0.486534,0.462474,-0.255764,0.9999,0.493044,0.460699,-0.25491,0.9999,0.501254,0.458267,-0.254523,0.9999,0.466989,0.461915,-0.257263,0.9999,0.459673,0.460048,-0.258208,0.9998,0.45246,0.458171,-0.25718,0.9997,0.512911,0.429625,-0.319307,0.9997,0.430619,0.430798,-0.343906,0.9994,0.487923,0.449266,-0.233686,0.9999,0.459565,0.449487,-0.24037,0.9998,0.572771,0.383313,-0.278921,0.9987,0.35722,0.381978,-0.320774,0.9983,0.613804,0.537408,-0.258145,0.9548,0.318136,0.532902,-0.313187,0.9394,0.61713,0.709316,-0.308682,0.959,0.297398,0.701849,-0.341418,0.9625,0.648727,0.728073,-0.36058,0.9523,0.275673,0.731956,-0.396381,0.9611,0.607439,0.731477,-0.381255,0.9494,0.30587,0.724917,-0.406279,0.9601,0.593254,0.727776,-0.320352,0.9379,0.319109,0.714355,-0.351025,0.9501,0.500995,0.194322,0.020788,0.9963,0.384554,0.198871,-0.019939,0.9934,0.516578,0.402267,0.05836,0.1214,0.378307,0.42877,0.022812,0.0807,0.485459,0.563941,0.25853,0.4135,0.415104,0.586648,0.241732,0.3041,0.470893,0.575519,0.273743,0.3445,0.406173,0.578122,0.255624,0.2069,0.493492,0.648826,0.179537,0.5537,0.415615,0.653237,0.156159,0.4185
adho_mukha_tf_0095,0.474598,0.470557,-0.20657,0.9996,0.484707,0.472108,-0.240162,0.9997,0.492262,0.470601,-0.239305,0.9997,0.499263,0.468781,-0.238921,0.9997,0.464199,0.471417,-0.242749,0.9997,0.457125,0.469568,-0.243644,0.9995,0.449981,0.46891,-0.242528,0.9994,0.512452,0.446042,-0.301967,0.9993,0.429042,0.44318,-0.33083,0.9981,0.486663,0.45445,-0.218629,0.9995,0.458586,0.455634,-0.226257,0.9992,0.568433,0.384608,-0.257098,0.9966,0.360565,0.38851,-0.298096,0.9922,0.60899,0.543525,-0.231888,0.9263,0.331817,0.540089,-0.275028,0.8612,0.597814,0.71662,-0.278176,0.9431,0.321336,0.706025,-0.296399,0.9295,0.627119,0.734589,-0.327911,0.9311,0.306208,0.732764,-0.346152,0.9272,0.592646,0.735961,-0.346659,0.9276,0.339145,0.726915,-0.354851,0.925,0.57605,0.731409,-0.289135,0.9177,0.352468,0.718882,-0.305448,0.911,0.507496,0.200895,0.01915,0.992,0.390083,0.203477,-0.018154,0.9846,0.520701,0.4168,0.053202,0.1586,0.392288,0.433247,0.025923,0.0917,0.500936,0.583648,0.237173,0.5356,0.405723,0.584066,0.230211,0.3602,0.491038,0.596243,0.250982,0.456,0.415907,0.599533,0.24269,0.2563,0.504614,0.668339,0.148361,0.6384,0.410599,0.680125,0.135341,0.4537
adho_mukha_tf_0096,0.477545,0.489014,-0.201439,0.9994,0.487558,0.488973,-0.233394,0.9995,0.494635,0.487299,-0.23257,0.9996,0.501779,0.485242,-0.232035,0.9996,0.465877,0.487985,-0.235839,0.9995,0.458162,0.486218,-0.236775,0.9994,0.450788,0.484583,-0.235681,0.9992,0.514994,0.459669,-0.287254,0.9989,0.430198,0.458477,-0.315441,0.9979,0.491622,0.470571,-0.210729,0.999,0.461305,0.471654,-0.218473,0.9987,0.572939,0.401475,-0.233921,0.9962,0.365061,0.407571,-0.263433,0.9927,0.60759,0.552855,-0.17832,0.8946,0.334098,0.550599,-0.197217,0.7866,0.597652,0.718197,-0.185858,0.9096,0.332205,0.709467,-0.180516,0.887,0.628092,0.738766,-0.227727,0.8847,0.315141,0.734396,-0.222264,0.8794,0.594599,0.738444,-0.244264,0.8808,0.354384,0.728636,-0.231228,0.8733,0.576487,0.732306,-0.194638,0.873,0.364432,0.721474,-0.188565,0.8534,0.516065,0.210903,0.011841,0.9919,0.397767,0.21471,-0.010674,0.9859,0.531786,0.426167,0.033065,0.1612,0.398055,0.443684,0.022617,0.0973,0.50888,0.596403,0.193493,0.4611,0.428758,0.636963,0.192337,0.3761,0.496429,0.610256,0.204492,0.3875,0.438478,0.653366,0.201308,0.2921,0.518323,0.679138,0.103742,0.5839,0.437065,0.700071,0.096302,0.4777
adho_mukha_tf_0097,0.485131,0.523608,-0.175955,0.9987,0.494469,0.528235,-0.208348,0.999,0.502476,0.527103,-0.207564,0.9991,0.510122,0.525782,-0.207226,0.9992,0.474034,0.526425,-0.213365,0.9991,0.467203,0.524313,-0.214203,0.9989,0.460194,0.522257,-0.213392,0.9988,0.523641,0.504348,-0.270691,0.998,0.440412,0.497759,-0.310706,0.9962,0.499162,0.503212,-0.188217,0.9985,0.471739,0.504347,-0.198808,0.9981,0.585447,0.430898,-0.225576,0.9953,0.386734,0.427412,-0.275784,0.9928,0.615135,0.575027,-0.191506,0.9111,0.345514,0.566708,-0.251853,0.8175,0.596611,0.726556,-0.246226,0.9327,0.357663,0.718881,-0.289444,0.937,0.610981,0.744163,-0.299669,0.9087,0.335675,0.741925,-0.343464,0.9214,0.580543,0.743155,-0.319865,0.9043,0.369762,0.736567,-0.353206,0.9186,0.569912,0.736647,-0.259145,0.8986,0.383946,0.727123,-0.299646,0.9034,0.539248,0.229242,0.019222,0.9924,0.426224,0.225629,-0.017791,0.9849,0.535715,0.433717,0.047119,0.1968,0.420964,0.434644,0.016791,0.0824,0.510477,0.619817,0.216548,0.508,0.446968,0.631189,0.196491,0.3553,0.511552,0.606552,0.226549,0.4007,0.449645,0.623213,0.206069,0.2728,0.531528,0.696588,0.103903,0.6308,0.44614,0.699961,0.082297,0.4852
adho_mukha_tf_0098,0.484902,0.533034,-0.163343,0.9997,0.494266,0.53947,-0.195677,0.9997,0.50186,0.5385,-0.194937,0.9997,0.510124,0.537456,-0.194616,0.9998,0.474658,0.5369,-0.201495,0.9997,0.468315,0.534567,-0.202225,0.9997,0.462084,0.532331,-0.201435,0.9997,0.523291,0.514807,-0.261614,0.9994,0.445165,0.509407,-0.304636,0.9989,0.498697,0.508475,-0.177157,0.9996,0.473275,0.509017,-0.188419,0.9995,0.590737,0.440653,-0.223277,0.9978,0.394928,0.434785,-0.278,0.9971,0.620557,0.581331,-0.201003,0.9482,0.35073,0.569735,-0.268529,0.8763,0.602578,0.722765,-0.282258,0.9619,0.362551,0.717957,-0.329388,0.966,0.625114,0.742335,-0.339498,0.9481,0.337073,0.741356,-0.384561,0.9569,0.590762,0.741687,-0.361485,0.9462,0.369725,0.737123,-0.399727,0.9569,0.580396,0.735807,-0.296289,0.9381,0.381521,0.729049,-0.342067,0.9463,0.542716,0.228612,0.021236,0.9935,0.437061,0.223343,-0.019659,0.9869,0.537028,0.427877,0.088813,0.2559,0.437678,0.430963,0.059073,0.0971,0.523186,0.587378,0.275072,0.5916,0.450359,0.595456,0.256346,0.362,0.517198,0.600482,0.28647,0.4713,0.460635,0.611919,0.267677,0.2695,0.542789,0.684567,0.161614,0.7027,0.456267,0.668081,0.143542,0.4852
adho_mukha_tf_0099,0.504476,0.539458,-0.15896,0.9997,0.51233,0.548447,-0.192255,0.9998,0.51912,0.547212,-0.191516,0.9998,0.525924,0.545865,-0.191282,0.9998,0.495703,0.547432,-0.19793,0.9998,0.490106,0.54573,-0.198649,0.9998,0.484498,0.544054,-0.19804,0.9997,0.539318,0.52617,-0.260744,0.9996,0.471212,0.522833,-0.303338,0.9992,0.516714,0.519636,-0.173592,0.9997,0.496351,0.519284,-0.184924,0.9996,0.600309,0.454145,-0.225521,0.9978,0.422785,0.450005,-0.279226,0.9969,0.633874,0.590574,-0.209011,0.9573,0.369751,0.580579,-0.278699,0.8707,0.611721,0.729802,-0.292619,0.9607,0.373715,0.719779,-0.347433,0.9581,0.636525,0.747469,-0.350006,0.9427,0.348522,0.738766,-0.402504,0.9451,0.604121,0.744726,-0.372783,0.9407,0.384793,0.73584,-0.417674,0.945,0.588467,0.740385,-0.306933,0.9309,0.401646,0.726229,-0.360419,0.9303,0.571986,0.238999,0.02059,0.9942,0.467856,0.232398,-0.01885,0.9882,0.564846,0.426368,0.102255,0.2539,0.468388,0.433324,0.069601,0.1059,0.539651,0.604833,0.298334,0.5,0.462377,0.594842,0.269395,0.3709,0.531732,0.579981,0.309827,0.3648,0.47189,0.611349,0.281461,0.279,0.548622,0.641171,0.185918,0.6169,0.459747,0.685492,0.159342,0.4967
adho_mukha_tf_0100,0.515118,0.531251,-0.158514,0.9998,0.522732,0.540062,-0.192651,0.9998,0.529312,0.538496,-0.191912,0.9998,0.537074,0.536909,-0.191598,0.9998,0.505033,0.539881,-0.197001,0.9998,0.499243,0.538312,-0.197684,0.9998,0.492797,0.536475,-0.196975,0.9997,0.549442,0.518914,-0.263059,0.9996,0.479032,0.516205,-0.299848,0.9993,0.526038,0.509796,-0.173627,0.9998,0.506533,0.510524,-0.183195,0.9997,0.610277,0.453966,-0.223955,0.998,0.43197,0.444086,-0.273084,0.9975,0.647499,0.590125,-0.204833,0.9478,0.375557,0.573019,-0.262589,0.8956,0.623594,0.726408,-0.287787,0.9614,0.377211,0.720528,-0.328517,0.9701,0.645739,0.744422,-0.345434,0.9485,0.350024,0.739917,-0.384786,0.9628,0.615213,0.743579,-0.368714,0.9458,0.383473,0.73499,-0.400363,0.9627,0.60101,0.735886,-0.301951,0.9365,0.396132,0.727913,-0.341509,0.9527,0.583541,0.24434,0.019023,0.9945,0.478824,0.243361,-0.017436,0.9899,0.581795,0.433397,0.095365,0.2397,0.476756,0.44373,0.075053,0.094,0.556354,0.585252,0.291536,0.5625,0.479813,0.592022,0.282799,0.3282,0.548771,0.596358,0.303822,0.454,0.488461,0.606381,0.29543,0.2514,0.559998,0.661841,0.181246,0.6733,0.47675,0.685148,0.175013,0.4476
adho_mukha_tf_0101,0.521037,0.540507,-0.166317,0.9999,0.527537,0.549468,-0.200033,0.9999,0.534022,0.547833,-0.199337,0.9999,0.542158,0.546213,-0.199095,1.0,0.510303,0.54909,-0.203579,0.9999,0.504574,0.547353,-0.204327,0.9999,0.498022,0.54544,-0.203745,0.9999,0.556441,0.526326,-0.267319,0.9999,0.484034,0.522917,-0.300928,0.9998,0.532061,0.518301,-0.180076,0.9999,0.512231,0.518814,-0.189133,0.9999,0.616771,0.457034,-0.237716,0.9991,0.441372,0.446372,-0.272578,0.9986,0.653609,0.58864,-0.233038,0.9567,0.387153,0.576039,-0.272738,0.9052,0.628065,0.72094,-0.32042,0.9516,0.385151,0.724279,-0.351331,0.9643,0.640401,0.745655,-0.375039,0.9326,0.353535,0.743697,-0.401859,0.9553,0.606048,0.743777,-0.397398,0.9306,0.387952,0.741634,-0.419075,0.9571,0.597245,0.734989,-0.333043,0.9211,0.400826,0.734895,-0.364608,0.945,0.595271,0.244123,0.014546,0.9959,0.491247,0.240061,-0.012884,0.9921,0.591758,0.421495,0.117839,0.2183,0.483037,0.424323,0.105826,0.0621,0.567416,0.589598,0.326434,0.5238,0.498935,0.579346,0.325765,0.2405,0.55691,0.585889,0.340076,0.3888,0.507,0.592289,0.339393,0.166,0.56431,0.657234,0.224034,0.6183,0.502592,0.651091,0.227757,0.3439
adho_mukha_tf_0102,0.522715,0.538571,-0.174629,0.9999,0.530285,0.547925,-0.208755,0.9999,0.538306,0.546818,-0.208052,0.9999,0.545284,0.545275,-0.207807,0.9999,0.513428,0.547431,-0.212846,0.9999,0.508214,0.54581,-0.21357,0.9999,0.502664,0.54414,-0.213067,0.9999,0.561564,0.527011,-0.277182,0.9998,0.489848,0.522143,-0.313082,0.9997,0.53502,0.516889,-0.189034,0.9999,0.516308,0.517018,-0.198806,0.9999,0.621391,0.457712,-0.246836,0.9986,0.445649,0.445696,-0.28549,0.9981,0.656952,0.588994,-0.243998,0.9515,0.390169,0.576646,-0.291001,0.8848,0.625294,0.722685,-0.329497,0.9503,0.383835,0.725668,-0.366759,0.9563,0.643557,0.746365,-0.385205,0.9299,0.351418,0.743868,-0.417571,0.946,0.6105,0.744377,-0.406585,0.9282,0.385892,0.742276,-0.434232,0.9473,0.598169,0.735939,-0.342347,0.9151,0.401572,0.73516,-0.380154,0.9329,0.59885,0.244742,0.014543,0.9953,0.49714,0.239376,-0.012796,0.9913,0.590493,0.423955,0.11354,0.2118,0.497537,0.436304,0.100039,0.067,0.567154,0.593587,0.324283,0.4735,0.51731,0.603976,0.317259,0.2443,0.558325,0.584266,0.337563,0.3423,0.50903,0.595073,0.331076,0.1753,0.567124,0.652455,0.218219,0.5788,0.503349,0.653444,0.217536,0.3492
adho_mukha_tf_0103,0.539642,0.534827,-0.145816,0.9999,0.546584,0.544323,-0.180117,0.9999,0.553493,0.543356,-0.179335,0.9999,0.561525,0.542409,-0.17933,0.9999,0.530006,0.543673,-0.184338,0.9999,0.524982,0.542437,-0.185134,0.9999,0.519407,0.541145,-0.184638,0.9999,0.576569,0.525131,-0.253366,0.9999,0.506162,0.520052,-0.290413,0.9998,0.552074,0.515951,-0.161502,0.9999,0.534371,0.514985,-0.17191,0.9999,0.641561,0.451833,-0.230513,0.9992,0.460051,0.449323,-0.264713,0.999,0.672279,0.595839,-0.2177,0.9352,0.39671,0.576997,-0.265079,0.8915,0.633287,0.722911,-0.298895,0.934,0.391849,0.724078,-0.341163,0.9685,0.654738,0.747977,-0.352552,0.9148,0.362464,0.74557,-0.391904,0.9615,0.620173,0.742795,-0.374696,0.9173,0.396288,0.745195,-0.411717,0.9645,0.609834,0.732939,-0.31153,0.9054,0.40992,0.73626,-0.354989,0.9513,0.635841,0.234368,0.008177,0.9983,0.52435,0.226554,-0.006605,0.9965,0.626537,0.398902,0.159255,0.1586,0.51797,0.413391,0.158185,0.0363,0.603663,0.52498,0.398395,0.2945,0.540845,0.52715,0.408972,0.1456,0.599158,0.530258,0.415535,0.2019,0.553694,0.536464,0.426727,0.1052,0.600141,0.604165,0.316397,0.3821,0.542967,0.59457,0.333681,0.2403
adho_mukha_tf_0104,0.548231,0.534398,-0.133056,0.9999,0.555758,0.546121,-0.167586,0.9999,0.563777,0.545129,-0.166766,0.9999,0.571951,0.54402,-0.166834,0.9999,0.538695,0.545851,-0.171081,0.9999,0.53376,0.544371,-0.171865,0.9999,0.52835,0.542992,-0.171375,0.9998,0.586968,0.525217,-0.241312,0.9998,0.516362,0.519622,-0.274948,0.9997,0.562854,0.513482,-0.148536,0.9999,0.544014,0.512455,-0.15813,0.9998,0.649599,0.447025,-0.222733,0.9991,0.469176,0.44274,-0.251978,0.999,0.681087,0.593039,-0.216509,0.9372,0.405056,0.57529,-0.253754,0.8929,0.636515,0.721592,-0.294613,0.9235,0.394037,0.723097,-0.337188,0.9696,0.65065,0.742658,-0.348903,0.9046,0.368617,0.746416,-0.386241,0.964,0.619419,0.74309,-0.369555,0.9075,0.402864,0.747144,-0.406785,0.9673,0.6073,0.732281,-0.306672,0.8956,0.414211,0.737847,-0.351334,0.9552,0.647652,0.227655,0.00522,0.9979,0.534986,0.21835,-0.003627,0.996,0.637496,0.382964,0.182697,0.1704,0.530547,0.390519,0.181703,0.0278,0.617929,0.503065,0.434973,0.3025,0.556481,0.49922,0.44909,0.1133,0.615663,0.506917,0.453806,0.2114,0.570447,0.506948,0.469167,0.0829,0.608885,0.583314,0.361351,0.366,0.555373,0.567709,0.383319,0.1915
adho_mukha_tf_0105,0.548394,0.535031,-0.138366,0.9999,0.555894,0.547347,-0.173432,0.9999,0.563745,0.546228,-0.172577,0.9999,0.572874,0.545304,-0.172611,0.9999,0.538809,0.545811,-0.175476,0.9999,0.533763,0.544023,-0.176261,0.9999,0.528045,0.542421,-0.175721,0.9998,0.58927,0.52506,-0.248871,0.9999,0.516265,0.518263,-0.27655,0.9997,0.563107,0.513269,-0.154654,0.9999,0.543933,0.51228,-0.162496,0.9999,0.651929,0.444418,-0.232866,0.9993,0.472121,0.44143,-0.250882,0.9989,0.68523,0.589859,-0.22335,0.9389,0.407451,0.575293,-0.249787,0.8742,0.641646,0.720276,-0.296596,0.9238,0.393203,0.722099,-0.32789,0.96,0.656982,0.742313,-0.349139,0.9042,0.365257,0.744509,-0.374572,0.9535,0.623124,0.738345,-0.368939,0.9065,0.403039,0.746184,-0.396956,0.958,0.613285,0.730854,-0.307537,0.8937,0.415675,0.735179,-0.342147,0.9432,0.654833,0.222949,0.005358,0.9981,0.542814,0.21492,-0.003766,0.9964,0.645193,0.377598,0.189445,0.168,0.542391,0.390144,0.186208,0.0325,0.623501,0.497471,0.43735,0.286,0.559868,0.498438,0.450533,0.1288,0.619319,0.501507,0.456156,0.1979,0.572789,0.506728,0.470117,0.0923,0.617412,0.577763,0.369567,0.3354,0.560926,0.565924,0.388688,0.2044
adho_mukha_tf_0106,0.550183,0.533556,-0.130475,0.9998,0.557179,0.545031,-0.164728,0.9999,0.565198,0.543294,-0.163927,0.9999,0.574392,0.542336,-0.163821,0.9999,0.540192,0.542397,-0.168373,0.9999,0.535346,0.540538,-0.169077,0.9998,0.530006,0.538748,-0.168405,0.9998,0.590295,0.522925,-0.237576,0.9998,0.519064,0.515926,-0.271247,0.9996,0.565755,0.512965,-0.146156,0.9998,0.546233,0.51132,-0.155282,0.9998,0.654737,0.446743,-0.216489,0.9989,0.478805,0.440021,-0.242717,0.9984,0.688345,0.5929,-0.201813,0.9458,0.409599,0.573621,-0.239734,0.8875,0.642355,0.71775,-0.280274,0.9437,0.394679,0.720617,-0.319867,0.9699,0.654075,0.74621,-0.33096,0.9291,0.365067,0.743061,-0.371386,0.9662,0.625142,0.740644,-0.354025,0.9283,0.403866,0.745599,-0.389961,0.968,0.612688,0.728459,-0.292404,0.9187,0.415366,0.736626,-0.333194,0.9576,0.65935,0.226135,0.009868,0.9972,0.549176,0.219566,-0.008306,0.9943,0.659101,0.394862,0.145856,0.1602,0.546991,0.395503,0.145316,0.0519,0.616478,0.541519,0.370493,0.3604,0.54374,0.536809,0.383763,0.1748,0.609511,0.54804,0.386319,0.2677,0.552769,0.548037,0.399936,0.1345,0.607867,0.629412,0.282359,0.4266,0.543556,0.609502,0.30562,0.2632
adho_mukha_tf_0107,0.55495,0.532836,-0.131898,0.9999,0.561173,0.544269,-0.166088,0.9999,0.568849,0.543124,-0.165259,0.9999,0.578018,0.542108,-0.165256,0.9999,0.544352,0.542983,-0.16833,0.9999,0.539357,0.541345,-0.169065,0.9999,0.533686,0.539899,-0.168493,0.9998,0.593219,0.520657,-0.239747,0.9999,0.522442,0.516237,-0.267485,0.9997,0.569336,0.511617,-0.147806,0.9999,0.550204,0.509928,-0.15554,0.9999,0.65873,0.443402,-0.222601,0.9993,0.48222,0.438076,-0.239343,0.9989,0.691865,0.590234,-0.210691,0.9395,0.41484,0.570168,-0.235755,0.8816,0.64615,0.718237,-0.283498,0.935,0.395519,0.718487,-0.316039,0.9683,0.658873,0.742343,-0.334676,0.9196,0.363922,0.742134,-0.36461,0.9647,0.626328,0.73968,-0.356009,0.9209,0.400953,0.744206,-0.38578,0.9678,0.616716,0.728281,-0.294744,0.9096,0.415481,0.735499,-0.330125,0.9559,0.663867,0.223591,0.005438,0.9982,0.554031,0.21826,-0.003873,0.9962,0.65866,0.383134,0.168227,0.1588,0.551665,0.392575,0.17388,0.0391,0.624866,0.511068,0.409228,0.298,0.561441,0.509936,0.429958,0.1352,0.618919,0.515093,0.427285,0.2107,0.572214,0.518572,0.448465,0.1,0.617197,0.5959,0.336775,0.3582,0.562455,0.578402,0.366213,0.2177
adho_mukha_tf_0108,0.557775,0.532176,-0.142097,0.9999,0.564286,0.543036,-0.17894,0.9999,0.571543,0.541822,-0.178074,0.9999,0.579786,0.540611,-0.178024,0.9999,0.547822,0.54153,-0.179374,0.9999,0.542827,0.539523,-0.180139,0.9999,0.537278,0.537566,-0.17956,0.9998,0.59487,0.519881,-0.258189,0.9998,0.5277,0.512493,-0.278414,0.9996,0.572782,0.51034,-0.159609,0.9999,0.554075,0.508668,-0.165349,0.9999,0.662635,0.442856,-0.246336,0.9991,0.487274,0.4374,-0.247933,0.9984,0.696195,0.588689,-0.255892,0.939,0.417992,0.570086,-0.252452,0.8629,0.650634,0.71806,-0.341328,0.9285,0.393402,0.715301,-0.342739,0.9488,0.663109,0.741704,-0.394518,0.9121,0.363596,0.738771,-0.389971,0.9449,0.632218,0.736839,-0.414769,0.912,0.39545,0.73849,-0.41102,0.9492,0.622692,0.730302,-0.352206,0.8998,0.411312,0.730469,-0.357331,0.933,0.667432,0.221795,0.003137,0.9974,0.558383,0.219237,-0.001517,0.9946,0.662406,0.379967,0.176456,0.1602,0.568307,0.391759,0.18657,0.0371,0.632715,0.517735,0.422564,0.3513,0.572146,0.512967,0.443594,0.1387,0.627703,0.524212,0.440968,0.2428,0.580758,0.52298,0.461503,0.0975,0.623759,0.601234,0.340893,0.3989,0.572308,0.579945,0.370971,0.2048
adho_mukha_tf_0109,0.556324,0.529952,-0.144238,0.9998,0.563235,0.540269,-0.179516,0.9999,0.570937,0.539654,-0.178725,0.9999,0.58,0.539028,-0.17851,0.9999,0.545879,0.537911,-0.181869,0.9999,0.540785,0.536113,-0.182538,0.9998,0.535166,0.534341,-0.181774,0.9998,0.595513,0.51901,-0.254112,0.9998,0.525726,0.511353,-0.282046,0.9996,0.572599,0.510292,-0.160496,0.9998,0.553077,0.507806,-0.167782,0.9997,0.669094,0.4424,-0.234947,0.9989,0.490109,0.432856,-0.247214,0.9983,0.698908,0.590036,-0.217561,0.9629,0.417929,0.565918,-0.237381,0.9125,0.652991,0.715184,-0.299511,0.9596,0.397783,0.713154,-0.309548,0.9744,0.659657,0.744967,-0.352291,0.9483,0.367141,0.736551,-0.360558,0.97,0.629128,0.74099,-0.374036,0.947,0.401888,0.739973,-0.380383,0.971,0.619348,0.73246,-0.311408,0.9397,0.417796,0.73174,-0.323381,0.9628,0.679675,0.220411,0.007323,0.9972,0.568093,0.210725,-0.005784,0.9946,0.674462,0.39232,0.116613,0.2335,0.56714,0.400229,0.128585,0.0817,0.628627,0.553977,0.325215,0.5071,0.564209,0.55044,0.350583,0.2618,0.622506,0.562176,0.339597,0.4024,0.5724,0.563688,0.364644,0.1982,0.618701,0.661264,0.228423,0.5657,0.563379,0.626537,0.264393,0.3466
adho_mukha_tf_0110,0.564322,0.5284,-0.13585,0.9998,0.570596,0.537276,-0.170384,0.9998,0.578442,0.535755,-0.169593,0.9999,0.587342,0.534212,-0.169315,0.9999,0.552863,0.536403,-0.172844,0.9998,0.547863,0.534586,-0.173493,0.9998,0.542472,0.532603,-0.172767,0.9998,0.601968,0.516147,-0.242268,0.9997,0.533126,0.509885,-0.270945,0.9996,0.581159,0.5057,-0.150978,0.9998,0.562077,0.503831,-0.158306,0.9997,0.674506,0.438908,-0.224788,0.9985,0.495653,0.430466,-0.231462,0.9983,0.710597,0.58791,-0.208355,0.9646,0.427017,0.561544,-0.21892,0.9304,0.652649,0.709538,-0.289273,0.9628,0.402337,0.710099,-0.293622,0.9813,0.661736,0.741074,-0.344762,0.9516,0.369608,0.733201,-0.343465,0.9771,0.627796,0.738975,-0.364075,0.9505,0.402849,0.733812,-0.362272,0.9774,0.621525,0.729079,-0.301165,0.9442,0.417116,0.725238,-0.306876,0.9706,0.682527,0.218756,0.001456,0.9969,0.574939,0.209623,8.4e-05,0.9941,0.680811,0.398985,0.083247,0.3033,0.574087,0.410122,0.112457,0.0963,0.639634,0.557812,0.280338,0.5234,0.569753,0.557583,0.323095,0.298,0.633629,0.56516,0.293512,0.4405,0.57993,0.571236,0.335964,0.2442,0.627304,0.652508,0.181519,0.5866,0.564411,0.636645,0.233318,0.3931
adho_mukha_tf_0111,0.561585,0.53314,-0.135786,0.9999,0.567724,0.543268,-0.168479,0.9999,0.575148,0.542739,-0.167728,0.9999,0.58353,0.541913,-0.167344,0.9999,0.5504,0.539723,-0.172264,0.9999,0.544933,0.537237,-0.172831,0.9999,0.539016,0.534633,-0.171991,0.9999,0.59986,0.522115,-0.236448,0.9998,0.530549,0.512418,-0.269799,0.9998,0.578491,0.512766,-0.149959,0.9999,0.558158,0.509375,-0.158248,0.9998,0.675603,0.440073,-0.205055,0.999,0.496254,0.43059,-0.232005,0.9989,0.702994,0.585817,-0.177773,0.9363,0.433259,0.563317,-0.216654,0.9483,0.656701,0.707245,-0.263915,0.9577,0.404351,0.711213,-0.284384,0.9893,0.665344,0.738147,-0.321181,0.9503,0.370456,0.735047,-0.335576,0.9871,0.634072,0.739168,-0.342396,0.9475,0.401872,0.73509,-0.354662,0.9871,0.625351,0.723808,-0.276629,0.9406,0.418042,0.726519,-0.297096,0.9823,0.68816,0.216007,0.003887,0.9976,0.57728,0.20957,-0.002406,0.9954,0.686552,0.395606,0.082397,0.3289,0.576509,0.407201,0.107943,0.0916,0.652717,0.600687,0.266721,0.638,0.574654,0.563952,0.315601,0.3472,0.648502,0.580813,0.278382,0.5761,0.585156,0.578862,0.327401,0.2829,0.640028,0.682064,0.156416,0.7204,0.56954,0.642552,0.215219,0.4771
adho_mukha_tf_0112,0.568779,0.534236,-0.118767,0.9998,0.575566,0.543304,-0.153285,0.9998,0.583641,0.542101,-0.152569,0.9998,0.592844,0.540659,-0.15217,0.9998,0.556663,0.541869,-0.154711,0.9998,0.551243,0.540181,-0.15526,0.9998,0.545338,0.538237,-0.154453,0.9998,0.608636,0.521123,-0.227371,0.9996,0.53676,0.515382,-0.250136,0.9996,0.585959,0.51263,-0.13503,0.9997,0.565044,0.510565,-0.140222,0.9997,0.682465,0.437788,-0.19967,0.9981,0.500753,0.425551,-0.205609,0.9983,0.709161,0.582814,-0.168253,0.9251,0.433343,0.561634,-0.178121,0.9401,0.659239,0.708623,-0.248749,0.9505,0.404706,0.71162,-0.245221,0.9881,0.675114,0.737739,-0.307197,0.9437,0.374093,0.735795,-0.295881,0.9859,0.643153,0.740461,-0.32614,0.9407,0.40485,0.736058,-0.318784,0.9857,0.631723,0.725289,-0.260823,0.9339,0.417471,0.727854,-0.259614,0.9807,0.706969,0.209369,-0.004594,0.9975,0.591527,0.201019,0.006039,0.9952,0.703022,0.401201,0.053981,0.3521,0.584402,0.41122,0.103714,0.1004,0.673565,0.615004,0.234845,0.6112,0.586729,0.567731,0.301872,0.3497,0.67815,0.581981,0.246256,0.5537,0.598732,0.583,0.312549,0.3043,0.663426,0.669953,0.122305,0.6927,0.578289,0.647498,0.19824,0.472
adho_mukha_tf_0113,0.584021,0.532849,-0.126246,0.9998,0.592533,0.545351,-0.163359,0.9998,0.600858,0.544259,-0.162753,0.9998,0.609599,0.542803,-0.162532,0.9998,0.570896,0.54353,-0.158286,0.9998,0.564346,0.541776,-0.158985,0.9998,0.558206,0.539946,-0.158465,0.9997,0.62175,0.522231,-0.242525,0.9996,0.549511,0.516338,-0.237569,0.9995,0.601611,0.510773,-0.143378,0.9998,0.579466,0.506516,-0.141109,0.9997,0.696974,0.433246,-0.227165,0.9981,0.511772,0.41826,-0.177773,0.9988,0.718551,0.584794,-0.253116,0.8863,0.451379,0.554989,-0.154078,0.8957,0.654933,0.715203,-0.360762,0.9496,0.407397,0.706708,-0.262499,0.9866,0.656847,0.740452,-0.419561,0.9464,0.36967,0.7273,-0.30663,0.9857,0.627165,0.740749,-0.434859,0.9445,0.395325,0.728793,-0.334355,0.9861,0.621639,0.729742,-0.37106,0.939,0.412269,0.721359,-0.279659,0.9809,0.726317,0.200729,-0.025272,0.9972,0.616433,0.197103,0.026682,0.9955,0.72826,0.409694,0.038945,0.3527,0.619491,0.401975,0.126983,0.0792,0.72968,0.588559,0.244028,0.4864,0.655089,0.55666,0.33419,0.2288,0.739042,0.608432,0.257008,0.385,0.673132,0.568475,0.345877,0.1768,0.705224,0.660828,0.139674,0.574,0.64362,0.636392,0.239383,0.3549
adho_mukha_tf_0114,0.596304,0.523914,-0.129953,0.9998,0.601209,0.536433,-0.169097,0.9998,0.608219,0.535292,-0.168454,0.9998,0.615586,0.533881,-0.168238,0.9998,0.580611,0.535847,-0.157754,0.9999,0.573681,0.534567,-0.158494,0.9998,0.566431,0.532947,-0.157933,0.9998,0.62363,0.515815,-0.25356,0.9996,0.554631,0.508649,-0.220527,0.9997,0.610651,0.503634,-0.148939,0.9998,0.588782,0.499367,-0.138671,0.9998,0.69194,0.428194,-0.249196,0.9982,0.51989,0.413158,-0.152143,0.9991,0.715339,0.58664,-0.303557,0.8988,0.454902,0.557345,-0.118751,0.8983,0.648086,0.713738,-0.413203,0.9425,0.409812,0.705009,-0.220775,0.9785,0.645783,0.737989,-0.472508,0.9373,0.373371,0.72722,-0.254553,0.9768,0.62054,0.736912,-0.478296,0.9341,0.392245,0.729246,-0.290106,0.9773,0.616279,0.726635,-0.41954,0.9253,0.408898,0.722593,-0.239711,0.9696,0.73793,0.190465,-0.042511,0.9977,0.631822,0.193894,0.043876,0.9969,0.754655,0.407669,0.03157,0.4837,0.635425,0.381992,0.152882,0.102,0.769613,0.582222,0.231441,0.5184,0.682206,0.540857,0.350921,0.3317,0.772736,0.585879,0.244317,0.4588,0.70585,0.555318,0.362012,0.2624,0.756968,0.657198,0.136661,0.5939,0.656503,0.616514,0.263998,0.4424
adho_mukha_tf_0115,0.600228,0.526787,-0.137719,0.9998,0.603154,0.538182,-0.178015,0.9999,0.610202,0.536897,-0.17742,0.9999,0.616836,0.535232,-0.17717,0.9998,0.583835,0.537741,-0.165567,0.9999,0.577272,0.53626,-0.166334,0.9999,0.570853,0.534671,-0.165746,0.9998,0.625624,0.514467,-0.264536,0.9996,0.559926,0.507784,-0.226457,0.9997,0.616488,0.50682,-0.157158,0.9998,0.595994,0.502031,-0.145366,0.9999,0.696978,0.423456,-0.261953,0.9977,0.523819,0.409095,-0.158843,0.9992,0.713261,0.581725,-0.328546,0.9096,0.457353,0.55159,-0.123947,0.8923,0.642396,0.70922,-0.442333,0.9434,0.409978,0.699993,-0.22798,0.9745,0.64142,0.732189,-0.502818,0.9375,0.374545,0.720261,-0.261709,0.9724,0.615938,0.728168,-0.507694,0.9341,0.389832,0.722161,-0.298288,0.9731,0.613132,0.718234,-0.448306,0.9244,0.406379,0.71471,-0.247399,0.9646,0.747593,0.176497,-0.044425,0.9977,0.642982,0.18362,0.04578,0.9973,0.766448,0.393032,0.053643,0.5061,0.647564,0.366181,0.170996,0.1081,0.782653,0.568147,0.262239,0.5228,0.695283,0.52797,0.380075,0.3457,0.79043,0.57393,0.276546,0.477,0.71934,0.543603,0.392911,0.2676,0.765429,0.646876,0.172806,0.599,0.665084,0.602912,0.296684,0.4477
adho_mukha_tf_0116,0.604518,0.518623,-0.134843,0.9999,0.606677,0.53006,-0.17842,0.9999,0.613805,0.528736,-0.177819,0.9999,0.620504,0.526845,-0.177507,0.9998,0.588443,0.529928,-0.162472,0.9999,0.581419,0.528337,-0.163228,0.9999,0.575163,0.526786,-0.162641,0.9998,0.628349,0.505596,-0.278992,0.9996,0.564402,0.500253,-0.225354,0.9997,0.620007,0.497371,-0.159352,0.9999,0.600209,0.492449,-0.14317,0.9999,0.702,0.409234,-0.285897,0.9972,0.529644,0.405583,-0.164268,0.9992,0.711395,0.574724,-0.379828,0.9264,0.463867,0.541599,-0.137926,0.8812,0.637972,0.710457,-0.504381,0.9598,0.403887,0.697131,-0.252722,0.9716,0.62839,0.737139,-0.567469,0.9561,0.367514,0.716126,-0.28374,0.9712,0.606488,0.735824,-0.571941,0.9528,0.380928,0.718931,-0.321567,0.9722,0.606792,0.724904,-0.510269,0.9422,0.397454,0.713559,-0.273335,0.9639,0.760568,0.166384,-0.049461,0.9942,0.652853,0.171349,0.050899,0.9955,0.783411,0.384604,0.07151,0.6239,0.681636,0.361481,0.179501,0.1886,0.80678,0.581589,0.275984,0.6533,0.746283,0.515418,0.386046,0.4975,0.817844,0.59241,0.288911,0.5686,0.771963,0.529666,0.398146,0.3496,0.789089,0.645994,0.179852,0.701,0.717912,0.590523,0.296478,0.5762
adho_mukha_tf_0117,0.604987,0.496897,-0.154865,1.0,0.605828,0.510549,-0.19631,0.9999,0.61228,0.510081,-0.195704,0.9999,0.618466,0.508912,-0.195322,0.9998,0.590747,0.509597,-0.178334,0.9999,0.584889,0.50778,-0.179088,0.9999,0.579255,0.505918,-0.178529,0.9998,0.629205,0.491285,-0.290562,0.9996,0.56875,0.480951,-0.228893,0.9997,0.619152,0.475985,-0.177925,0.9999,0.60245,0.471693,-0.15949,0.9999,0.706362,0.403796,-0.298652,0.9972,0.538033,0.392419,-0.162261,0.9992,0.711883,0.573094,-0.395534,0.951,0.477667,0.534204,-0.136613,0.8686,0.621226,0.704715,-0.517221,0.9738,0.399037,0.684596,-0.262002,0.9714,0.608139,0.737153,-0.585068,0.971,0.360688,0.700783,-0.292693,0.9717,0.588684,0.734901,-0.585429,0.9688,0.371322,0.707216,-0.330579,0.9726,0.590376,0.72152,-0.522569,0.9618,0.389216,0.700791,-0.283587,0.965,0.787446,0.160054,-0.054671,0.9921,0.687318,0.161558,0.056084,0.9928,0.81918,0.401814,0.048836,0.7062,0.714186,0.362069,0.17312,0.2191,0.847306,0.580148,0.248263,0.6932,0.773401,0.537686,0.376577,0.5151,0.862164,0.593885,0.260347,0.619,0.80037,0.557893,0.387778,0.3636,0.817756,0.64723,0.151617,0.7376,0.731268,0.609571,0.28353,0.5912
adho_mukha_tf_0118,0.610543,0.49092,-0.167663,1.0,0.610872,0.505642,-0.209159,0.9999,0.616997,0.504835,-0.208509,0.9999,0.622814,0.503538,-0.208072,0.9999,0.595442,0.505329,-0.193545,1.0,0.589504,0.50366,-0.194231,0.9999,0.583736,0.502125,-0.193834,0.9999,0.63095,0.486785,-0.301823,0.9998,0.573358,0.476542,-0.251402,0.9999,0.624199,0.469559,-0.190065,0.9999,0.60787,0.465035,-0.174977,0.9999,0.708499,0.404948,-0.309673,0.9985,0.543454,0.38673,-0.190153,0.9994,0.710919,0.569372,-0.403995,0.9627,0.479559,0.525342,-0.176118,0.9174,0.616875,0.706319,-0.534662,0.9783,0.397629,0.683118,-0.297671,0.9801,0.603637,0.739423,-0.603361,0.9747,0.359732,0.699403,-0.33299,0.979,0.582488,0.736257,-0.605761,0.9728,0.369005,0.705322,-0.369129,0.9795,0.584561,0.722736,-0.54156,0.968,0.386753,0.701074,-0.319486,0.9745,0.798692,0.162064,-0.049297,0.9975,0.690501,0.160723,0.050844,0.9978,0.832999,0.406572,0.023774,0.7503,0.692951,0.352374,0.157982,0.252,0.853336,0.593351,0.215285,0.766,0.708834,0.534895,0.352161,0.5804,0.87347,0.617918,0.226977,0.7015,0.730426,0.556991,0.362693,0.4224,0.820303,0.648729,0.111597,0.798,0.659669,0.602956,0.253314,0.6452
adho_mukha_tf_0119,0.608904,0.491382,-0.155038,1.0,0.608097,0.504418,-0.19558,0.9999,0.613549,0.503209,-0.194959,0.9999,0.620198,0.50178,-0.194547,0.9999,0.592881,0.5046,-0.177019,0.9999,0.586671,0.502925,-0.177761,0.9999,0.580872,0.501153,-0.177206,0.9999,0.628423,0.484654,-0.287089,0.9997,0.570893,0.475086,-0.222902,0.9998,0.622618,0.472217,-0.177394,0.9999,0.606142,0.467612,-0.158133,0.9999,0.708758,0.400431,-0.293852,0.998,0.543051,0.388114,-0.155826,0.9992,0.715448,0.568025,-0.389389,0.961,0.48358,0.523194,-0.130415,0.8814,0.613684,0.705637,-0.509377,0.9793,0.395754,0.682464,-0.256398,0.9772,0.601232,0.73675,-0.576742,0.9761,0.355996,0.695484,-0.285657,0.9769,0.578731,0.735832,-0.576312,0.9741,0.366661,0.703127,-0.324195,0.9778,0.5805,0.721721,-0.514327,0.9679,0.386567,0.698387,-0.278029,0.9712,0.801951,0.153723,-0.056207,0.9937,0.697454,0.155607,0.057697,0.9942,0.829941,0.400784,0.039943,0.7518,0.723528,0.359226,0.1704,0.2327,0.857669,0.582999,0.231786,0.7216,0.782983,0.541367,0.364808,0.5457,0.877106,0.60165,0.242887,0.65,0.818648,0.595975,0.374957,0.3916,0.818514,0.638024,0.134704,0.7667,0.737965,0.615814,0.269215,0.6212
adho_mukha_tf_0120,0.609153,0.495032,-0.15825,1.0,0.608645,0.507367,-0.199753,0.9999,0.614215,0.50584,-0.199155,0.9999,0.6207,0.504431,-0.198732,0.9999,0.593135,0.508175,-0.179815,0.9999,0.587845,0.506874,-0.180576,0.9999,0.582489,0.505206,-0.18001,0.9999,0.627512,0.485906,-0.293513,0.9997,0.57212,0.478578,-0.222422,0.9998,0.621035,0.472926,-0.18126,0.9999,0.606846,0.470256,-0.16003,0.9999,0.71135,0.394843,-0.300492,0.9979,0.543728,0.390058,-0.153996,0.9992,0.711199,0.568273,-0.40417,0.9673,0.483703,0.528476,-0.126073,0.8706,0.60992,0.704121,-0.523824,0.9818,0.393785,0.689629,-0.256606,0.9774,0.5953,0.734519,-0.591434,0.9786,0.353475,0.703739,-0.284268,0.9776,0.573821,0.73417,-0.589385,0.9766,0.364509,0.710066,-0.323875,0.9786,0.577453,0.719406,-0.528041,0.9708,0.384149,0.704666,-0.278938,0.9729,0.802966,0.154275,-0.05842,0.9924,0.70031,0.159294,0.05987,0.9928,0.831452,0.402044,0.036751,0.7786,0.752989,0.387843,0.167974,0.2462,0.865145,0.585892,0.228684,0.7451,0.791985,0.553574,0.362207,0.5499,0.884139,0.613796,0.23939,0.6806,0.837975,0.602612,0.372382,0.3899,0.820246,0.651012,0.132313,0.7883,0.742182,0.629338,0.269267,0.6227
adho_mukha_tf_0121,0.61342,0.50283,-0.167987,1.0,0.610434,0.512458,-0.209968,0.9999,0.61647,0.51081,-0.209342,0.9999,0.622159,0.508888,-0.20895,0.9999,0.595066,0.513934,-0.190592,0.9999,0.588876,0.512564,-0.191332,0.9999,0.583042,0.510968,-0.190796,0.9999,0.630604,0.489725,-0.302887,0.9997,0.571315,0.482197,-0.234844,0.9998,0.625089,0.479665,-0.190347,0.9999,0.609344,0.475988,-0.170097,0.9999,0.713486,0.396072,-0.304834,0.9974,0.539812,0.391121,-0.166923,0.9989,0.713329,0.567816,-0.398927,0.9572,0.484446,0.529554,-0.137962,0.8367,0.608445,0.704311,-0.516606,0.9789,0.392345,0.684403,-0.263892,0.9681,0.591423,0.734737,-0.583463,0.975,0.353447,0.701082,-0.293508,0.9684,0.571219,0.734224,-0.58414,0.9731,0.36679,0.707437,-0.332464,0.9696,0.575724,0.719385,-0.522198,0.9671,0.385733,0.700655,-0.286126,0.9623,0.806621,0.14756,-0.055424,0.993,0.704069,0.159161,0.056935,0.9933,0.84004,0.406247,0.043767,0.7749,0.736003,0.370191,0.166865,0.2643,0.871459,0.585773,0.236535,0.7373,0.798733,0.555438,0.362756,0.5673,0.892025,0.608819,0.247319,0.6652,0.827526,0.577138,0.373192,0.4031,0.830101,0.644276,0.141277,0.7722,0.75617,0.631215,0.269899,0.6216
adho_mukha_tf_0122,0.615057,0.499219,-0.149524,1.0,0.61282,0.509884,-0.18996,0.9999,0.617549,0.507828,-0.189407,0.9999,0.622724,0.505819,-0.188985,0.9999,0.598299,0.511804,-0.169949,0.9999,0.593458,0.510965,-0.170724,0.9999,0.587936,0.509254,-0.170146,0.9999,0.629512,0.487392,-0.280873,0.9997,0.575717,0.481282,-0.210208,0.9997,0.62577,0.476955,-0.171513,0.9999,0.611426,0.474307,-0.150317,0.9999,0.712648,0.396653,-0.285214,0.9967,0.539472,0.390664,-0.141088,0.9989,0.707941,0.56903,-0.378949,0.9611,0.487573,0.525217,-0.106644,0.848,0.605703,0.703779,-0.495063,0.9808,0.394273,0.68161,-0.236282,0.9738,0.589433,0.733182,-0.562901,0.9772,0.353484,0.697529,-0.265734,0.9736,0.566823,0.732007,-0.562073,0.9754,0.362468,0.703713,-0.304556,0.9747,0.570886,0.717209,-0.500033,0.9699,0.382406,0.697592,-0.258236,0.968,0.807117,0.149999,-0.058374,0.9909,0.70949,0.15824,0.059749,0.991,0.843675,0.405951,0.044201,0.797,0.744383,0.361368,0.166623,0.2722,0.875497,0.585374,0.231582,0.7409,0.805763,0.555315,0.361034,0.5747,0.897618,0.614902,0.242107,0.6791,0.856898,0.603038,0.37157,0.4272,0.837609,0.649066,0.136378,0.7831,0.756016,0.63132,0.266939,0.6403
adho_mukha_tf_0123,0.618209,0.496595,-0.160942,1.0,0.615045,0.507666,-0.199819,0.9999,0.619753,0.505989,-0.199221,0.9999,0.624441,0.504157,-0.198688,0.9999,0.601426,0.509692,-0.181156,0.9999,0.596334,0.50892,-0.181943,0.9999,0.590788,0.507588,-0.181365,0.9999,0.629213,0.485933,-0.285739,0.9997,0.576135,0.480734,-0.220645,0.9998,0.628111,0.475489,-0.18138,0.9999,0.614002,0.474083,-0.161879,0.9999,0.719545,0.394523,-0.288912,0.997,0.544385,0.392818,-0.153965,0.9992,0.708269,0.571268,-0.386595,0.9655,0.484133,0.528105,-0.12122,0.9086,0.602806,0.706527,-0.50644,0.9836,0.391404,0.686439,-0.246147,0.9854,0.583677,0.734798,-0.573378,0.9801,0.352066,0.701334,-0.275762,0.9845,0.564085,0.731048,-0.573009,0.9785,0.362268,0.705459,-0.313222,0.985,0.567684,0.71817,-0.511767,0.9737,0.38082,0.701185,-0.267181,0.981,0.81196,0.153187,-0.058321,0.9909,0.72064,0.166879,0.059645,0.9921,0.849267,0.402039,0.035615,0.8041,0.756396,0.377028,0.165733,0.2534,0.885796,0.588674,0.218743,0.7886,0.81222,0.566881,0.353848,0.5623,0.909513,0.618418,0.228704,0.7298,0.840889,0.589927,0.363564,0.4047,0.842288,0.641529,0.12085,0.8128,0.790666,0.636458,0.259996,0.6165
adho_mukha_tf_0124,0.615181,0.499204,-0.144129,1.0,0.612518,0.510704,-0.183561,0.9999,0.6176,0.509315,-0.182957,0.9999,0.623052,0.507857,-0.182496,0.9999,0.598335,0.51133,-0.164047,0.9999,0.593516,0.51013,-0.164834,0.9999,0.588917,0.508537,-0.164205,0.9999,0.629105,0.489752,-0.272924,0.9997,0.579895,0.481729,-0.203748,0.9998,0.627379,0.478729,-0.166006,0.9999,0.614604,0.475835,-0.145189,0.9999,0.716232,0.405511,-0.279732,0.9976,0.550488,0.392394,-0.134612,0.9992,0.705271,0.576913,-0.380903,0.9653,0.479202,0.534152,-0.10056,0.9057,0.594533,0.705104,-0.50346,0.9844,0.388216,0.681386,-0.221507,0.9863,0.576672,0.736616,-0.568874,0.9811,0.345538,0.695517,-0.249693,0.9848,0.555474,0.733487,-0.568265,0.9795,0.357003,0.702514,-0.287093,0.9852,0.56024,0.719763,-0.508564,0.9747,0.377314,0.697965,-0.242415,0.9808,0.824947,0.14673,-0.059778,0.9903,0.729192,0.152807,0.061166,0.9909,0.855725,0.397059,0.039744,0.799,0.766059,0.361852,0.169583,0.273,0.895635,0.577637,0.223626,0.7666,0.84383,0.566548,0.356854,0.5787,0.920366,0.608369,0.233818,0.694,0.875176,0.592024,0.366466,0.4419,0.86226,0.633118,0.124871,0.8013,0.795787,0.641994,0.263217,0.656
adho_mukha_tf_0125,0.620212,0.489207,-0.165253,1.0,0.618511,0.502527,-0.204632,0.9999,0.623462,0.501233,-0.204033,0.9999,0.628613,0.499963,-0.203531,0.9998,0.603358,0.503524,-0.185896,0.9999,0.598207,0.502453,-0.186706,0.9999,0.592626,0.500661,-0.186049,0.9999,0.631614,0.48208,-0.292547,0.9996,0.580308,0.473925,-0.226769,0.9998,0.631513,0.468991,-0.186363,0.9999,0.616862,0.465548,-0.166678,0.9999,0.723269,0.397849,-0.296846,0.9976,0.549603,0.387598,-0.157109,0.9993,0.705524,0.576594,-0.385609,0.9721,0.473572,0.537855,-0.120722,0.9027,0.590711,0.706763,-0.492152,0.9857,0.387956,0.684564,-0.241356,0.9858,0.571225,0.737306,-0.557055,0.9817,0.342485,0.6985,-0.2711,0.9847,0.550427,0.734501,-0.556856,0.9802,0.354167,0.705512,-0.308119,0.9851,0.555294,0.719955,-0.497024,0.975,0.376301,0.699896,-0.261915,0.9806,0.829537,0.153905,-0.058631,0.9893,0.73065,0.164403,0.059885,0.9919,0.868182,0.397289,0.050733,0.7781,0.760947,0.370553,0.176052,0.2544,0.899553,0.577522,0.244258,0.7475,0.823271,0.553009,0.374818,0.5502,0.922206,0.607587,0.255609,0.6698,0.85161,0.573532,0.385706,0.4173,0.850676,0.647353,0.147534,0.7762,0.778569,0.630595,0.285401,0.6194
adho_mukha_tf_0126,0.617591,0.501695,-0.152484,1.0,0.615452,0.511944,-0.19118,0.9999,0.620346,0.510583,-0.190589,0.9999,0.625592,0.509113,-0.190118,0.9999,0.601757,0.513021,-0.171932,0.9999,0.597006,0.512189,-0.172758,0.9999,0.592455,0.510974,-0.172084,0.9999,0.631114,0.492123,-0.279856,0.9997,0.583299,0.485421,-0.211174,0.9998,0.630825,0.479925,-0.174229,0.9999,0.618268,0.477567,-0.153638,0.9999,0.720385,0.406463,-0.285913,0.9979,0.552835,0.396341,-0.142842,0.9993,0.704661,0.57828,-0.380724,0.9717,0.486024,0.537457,-0.107368,0.9077,0.589168,0.705537,-0.496879,0.9874,0.390286,0.678232,-0.229149,0.9863,0.569816,0.73841,-0.562757,0.9844,0.344412,0.694185,-0.257737,0.985,0.547521,0.733305,-0.562641,0.983,0.355668,0.700644,-0.295091,0.9854,0.551448,0.719831,-0.50203,0.9784,0.379047,0.695004,-0.250177,0.9811,0.831487,0.156706,-0.059753,0.9886,0.736189,0.164272,0.061029,0.9895,0.869675,0.403751,0.049273,0.809,0.786196,0.390083,0.176228,0.248,0.903834,0.574168,0.240333,0.7753,0.858094,0.567501,0.373916,0.5414,0.927169,0.604938,0.251168,0.6949,0.858199,0.580758,0.384581,0.4094,0.865493,0.635349,0.143385,0.8023,0.800756,0.642128,0.284513,0.6293
adho_mukha_tf_0127,0.618072,0.501479,-0.151039,1.0,0.616287,0.511419,-0.191295,0.9999,0.621552,0.5098,-0.190681,0.9999,0.627005,0.508157,-0.190225,0.9998,0.600948,0.513099,-0.170419,0.9999,0.595744,0.512343,-0.171252,0.9999,0.59044,0.511733,-0.170554,0.9999,0.631059,0.490081,-0.284793,0.9996,0.581682,0.484577,-0.209362,0.9998,0.631906,0.478752,-0.174537,0.9999,0.618552,0.47709,-0.152033,0.9999,0.722367,0.403096,-0.292298,0.997,0.555628,0.393282,-0.142006,0.9992,0.70507,0.580073,-0.396065,0.9698,0.486291,0.536879,-0.105492,0.8951,0.585845,0.704676,-0.517718,0.9867,0.388063,0.674957,-0.230013,0.9846,0.566684,0.737676,-0.583763,0.9841,0.341222,0.691377,-0.25976,0.9832,0.545905,0.732967,-0.584132,0.9829,0.348122,0.698276,-0.296693,0.9838,0.550206,0.719737,-0.523068,0.9783,0.37275,0.691862,-0.251245,0.9791,0.841027,0.149808,-0.062228,0.9851,0.742151,0.157475,0.063464,0.9855,0.867478,0.40212,0.047675,0.8206,0.789034,0.38896,0.17937,0.2833,0.913741,0.57331,0.244793,0.7777,0.858981,0.55914,0.379586,0.5575,0.936271,0.599197,0.256144,0.6947,0.858876,0.575229,0.390534,0.4148,0.843123,0.648185,0.147424,0.8026,0.780768,0.630501,0.289979,0.6345
adho_mukha_tf_0128,0.615634,0.500791,-0.14111,1.0,0.612225,0.510103,-0.178099,0.9999,0.616793,0.508166,-0.17752,0.9998,0.622468,0.506037,-0.177077,0.9998,0.598452,0.5122,-0.155596,0.9999,0.592833,0.511329,-0.156493,0.9999,0.587589,0.510306,-0.155762,0.9998,0.625156,0.483525,-0.266692,0.9996,0.577586,0.481167,-0.182423,0.9997,0.630629,0.47833,-0.163909,0.9998,0.615363,0.477632,-0.138644,0.9999,0.709962,0.398504,-0.276534,0.9972,0.548503,0.392127,-0.114391,0.9989,0.69658,0.574503,-0.370832,0.9784,0.497847,0.533688,-0.071475,0.8468,0.586704,0.704931,-0.470758,0.9873,0.394771,0.669895,-0.194478,0.9774,0.56566,0.736338,-0.53655,0.9831,0.354523,0.68771,-0.216466,0.9773,0.542843,0.732424,-0.533231,0.9814,0.359331,0.693674,-0.257017,0.9786,0.546509,0.720755,-0.473817,0.9752,0.382055,0.688553,-0.215981,0.9728,0.836063,0.146015,-0.063662,0.9865,0.738635,0.161766,0.064938,0.9878,0.882651,0.397775,0.059453,0.8413,0.803956,0.391657,0.19089,0.2123,0.927456,0.568654,0.245921,0.7935,0.836197,0.552079,0.393103,0.5077,0.948449,0.596754,0.256102,0.716,0.86374,0.574828,0.405259,0.3748,0.884673,0.63132,0.157108,0.8035,0.778405,0.638299,0.315739,0.5922
adho_mukha_tf_0129,0.622536,0.478904,-0.164023,0.9998,0.620783,0.49167,-0.199528,0.9996,0.625033,0.490373,-0.198988,0.9995,0.629226,0.488753,-0.198528,0.9994,0.606838,0.493819,-0.179257,0.9996,0.601517,0.493539,-0.180045,0.9995,0.596041,0.492451,-0.179371,0.9994,0.629301,0.470027,-0.280352,0.9988,0.583007,0.464895,-0.206187,0.9991,0.63527,0.458154,-0.1831,0.9997,0.620838,0.455997,-0.161377,0.9997,0.720458,0.379187,-0.280232,0.9972,0.54455,0.375027,-0.138826,0.9988,0.697095,0.567421,-0.326145,0.9749,0.481848,0.533095,-0.079593,0.8276,0.588867,0.70441,-0.377604,0.9876,0.395778,0.675177,-0.192963,0.9802,0.568828,0.733888,-0.437232,0.9816,0.356308,0.695943,-0.21916,0.9811,0.548113,0.728312,-0.436798,0.9804,0.368275,0.701313,-0.257791,0.9817,0.552837,0.716728,-0.381605,0.9743,0.389757,0.695065,-0.212899,0.977,0.836064,0.145905,-0.061045,0.983,0.739729,0.168689,0.062482,0.9893,0.883224,0.393946,0.057633,0.8419,0.802157,0.399534,0.17728,0.1839,0.941321,0.573993,0.24381,0.8128,0.86653,0.54969,0.381593,0.4604,0.96029,0.593945,0.255084,0.7339,0.900539,0.57998,0.393827,0.3498,0.892973,0.64729,0.157991,0.7943,0.825444,0.635621,0.310061,0.5402
adho_mukha_tf_0130,0.60784,0.472882,-0.084393,0.9999,0.601158,0.484008,-0.119257,0.9998,0.604594,0.481632,-0.11887,0.9997,0.608169,0.479045,-0.118536,0.9997,0.588746,0.486947,-0.093736,0.9997,0.584264,0.486417,-0.094548,0.9997,0.580564,0.485085,-0.094009,0.9996,0.605499,0.452286,-0.213152,0.9995,0.570855,0.453176,-0.112457,0.9994,0.620796,0.447092,-0.109948,0.9998,0.609112,0.446327,-0.080228,0.9998,0.702022,0.368049,-0.239451,0.9987,0.529345,0.36691,-0.050267,0.9993,0.689542,0.561966,-0.306158,0.9843,0.485521,0.526982,0.020337,0.6377,0.58545,0.70577,-0.334059,0.9934,0.400102,0.674905,-0.088249,0.9692,0.561592,0.737961,-0.394073,0.9903,0.356335,0.697814,-0.103948,0.9746,0.541025,0.734744,-0.379502,0.989,0.367003,0.703674,-0.147438,0.9757,0.548744,0.719766,-0.331803,0.9846,0.391016,0.697152,-0.110483,0.9709,0.847329,0.151243,-0.071744,0.9954,0.750665,0.162036,0.072958,0.9959,0.86379,0.396225,0.034544,0.938,0.798567,0.401003,0.192747,0.2224,0.950056,0.576842,0.20322,0.9103,0.874539,0.547591,0.378525,0.4926,0.967655,0.594242,0.212834,0.8656,0.925121,0.565151,0.388828,0.4255,0.902047,0.630227,0.139397,0.8901,0.852677,0.615274,0.325003,0.598
adho_mukha_tf_0131,0.584206,0.478683,-0.102758,0.9999,0.579177,0.485089,-0.135601,0.9998,0.583693,0.482798,-0.135164,0.9998,0.5882,0.480525,-0.134873,0.9998,0.565254,0.486423,-0.110117,0.9998,0.560782,0.484802,-0.110941,0.9998,0.556958,0.482691,-0.110351,0.9998,0.589225,0.448945,-0.22052,0.9997,0.55043,0.446766,-0.120309,0.9996,0.601395,0.450771,-0.125304,0.9998,0.589069,0.447743,-0.095611,0.9998,0.694681,0.36758,-0.245752,0.9988,0.51266,0.364901,-0.046557,0.9994,0.678487,0.559568,-0.306821,0.9883,0.470385,0.523834,0.037891,0.7195,0.588472,0.714348,-0.329165,0.9957,0.39331,0.678893,-0.071165,0.9807,0.563497,0.748088,-0.389703,0.9934,0.355989,0.699189,-0.086866,0.9832,0.533209,0.743156,-0.373351,0.9926,0.369761,0.710018,-0.133372,0.9843,0.542199,0.728306,-0.326179,0.9892,0.393971,0.705366,-0.094691,0.9812,0.840612,0.157938,-0.075658,0.9957,0.736642,0.171341,0.07691,0.996,0.855467,0.415795,0.012166,0.9567,0.782491,0.412818,0.1862,0.2357,0.948716,0.57841,0.17357,0.9382,0.877932,0.545529,0.367167,0.5097,0.972266,0.596378,0.182248,0.9022,0.913626,0.564691,0.377367,0.4563,0.905935,0.645402,0.108808,0.9225,0.82695,0.617771,0.319412,0.6325
adho_mukha_tf_0132,0.416587,0.441795,-0.306471,0.9989,0.40594,0.436507,-0.333845,0.9984,0.408709,0.433061,-0.333624,0.9982,0.4117,0.42976,-0.333149,0.998,0.395959,0.439977,-0.305317,0.9985,0.39249,0.438453,-0.306618,0.9985,0.388866,0.43716,-0.30578,0.9984,0.420209,0.395595,-0.379394,0.9964,0.389855,0.406835,-0.265181,0.998,0.435002,0.425355,-0.317139,0.999,0.428137,0.428516,-0.282322,0.9993,0.575676,0.344285,-0.380769,0.99,0.401759,0.346582,-0.178575,0.9991,0.615887,0.56974,-0.411242,0.9921,0.388311,0.551428,-0.094556,0.9162,0.588513,0.780693,-0.4023,0.9887,0.339,0.728688,-0.12973,0.9818,0.584807,0.820475,-0.471539,0.9805,0.292626,0.756238,-0.153663,0.9745,0.554459,0.818653,-0.453961,0.9865,0.307977,0.756111,-0.189189,0.9766,0.555826,0.806912,-0.402624,0.9801,0.33124,0.749602,-0.14673,0.978,0.757871,0.230603,-0.077178,0.9943,0.649673,0.261044,0.077841,0.9965,0.805286,0.461322,-0.030403,0.962,0.694427,0.489177,0.131913,0.3043,0.907044,0.577275,0.135459,0.9779,0.844748,0.587866,0.292629,0.4732,0.928727,0.574802,0.148383,0.9297,0.871433,0.580703,0.30539,0.4922,0.860815,0.688408,0.092382,0.964,0.822451,0.683854,0.283053,0.708
adho_mukha_tf_0133,0.350657,0.584309,0.148622,1.0,0.332855,0.578658,0.132974,1.0,0.330595,0.576028,0.133875,1.0,0.328139,0.573087,0.134022,0.9999,0.33498,0.579665,0.167406,1.0,0.334389,0.577922,0.166675,1.0,0.33346,0.575821,0.167288,1.0,0.323774,0.547704,0.087817,0.9999,0.329811,0.551743,0.233752,0.9999,0.359853,0.570636,0.133712,0.9999,0.364043,0.572076,0.174355,0.9999,0.373098,0.501583,-0.002321,0.9989,0.432509,0.511116,0.296594,0.9992,0.35403,0.635663,-0.090539,0.9905,0.474379,0.614196,0.338201,0.7911,0.296842,0.757549,-0.079092,0.988,0.438079,0.729913,0.29516,0.7955,0.27674,0.774579,-0.100736,0.9828,0.410478,0.743621,0.307515,0.6808,0.271539,0.766946,-0.07814,0.9764,0.405554,0.742086,0.298986,0.6644,0.278582,0.763497,-0.070704,0.971,0.405989,0.741697,0.286019,0.6722,0.595654,0.399412,-0.090808,0.9996,0.617663,0.406924,0.091969,0.9995,0.758129,0.570586,-0.151283,0.9301,0.760308,0.559502,0.026598,0.4156,0.99429,0.619288,-0.167416,0.7768,0.968761,0.610351,-0.033849,0.2227,1.010431,0.607357,-0.16687,0.8315,1.006561,0.591135,-0.042055,0.3387,1.040342,0.664101,-0.213911,0.8008,1.020265,0.655193,-0.112734,0.3977
adho_mukha_tf_0134,0.364931,0.587474,0.186502,1.0,0.343957,0.582741,0.172575,1.0,0.341413,0.579999,0.173386,1.0,0.338568,0.57696,0.173526,1.0,0.346687,0.583071,0.206557,1.0,0.345954,0.580912,0.205906,1.0,0.344892,0.578344,0.206579,1.0,0.333841,0.552002,0.124735,0.9999,0.34046,0.554721,0.267877,1.0,0.371975,0.572691,0.17009,0.9999,0.374845,0.573433,0.209681,0.9999,0.380712,0.505835,0.031968,0.9996,0.440385,0.506544,0.324099,0.9996,0.352645,0.638106,-0.02683,0.9889,0.477474,0.607918,0.391083,0.7437,0.292308,0.760221,0.006412,0.9847,0.432095,0.724231,0.37383,0.8323,0.271346,0.773299,-0.014758,0.979,0.409464,0.733302,0.388685,0.7413,0.266736,0.765956,0.003615,0.9721,0.398312,0.733585,0.381192,0.7278,0.275189,0.763959,0.014352,0.9652,0.398723,0.733974,0.366733,0.7213,0.594155,0.396148,-0.094093,0.9998,0.623237,0.395239,0.095328,0.9997,0.742446,0.58154,-0.159519,0.9675,0.750983,0.565408,0.04375,0.3795,0.975208,0.679101,-0.208467,0.8962,0.967511,0.676002,-0.027232,0.2413,1.009439,0.655315,-0.212281,0.9324,0.98201,0.656272,-0.03599,0.3714,0.970736,0.77599,-0.271497,0.9012,0.961676,0.766725,-0.096543,0.4519
adho_mukha_tf_0135,0.38338,0.594149,0.195736,1.0,0.363503,0.591537,0.182875,1.0,0.361044,0.588824,0.183703,1.0,0.35849,0.585801,0.183858,1.0,0.36653,0.591994,0.217558,1.0,0.3664,0.589879,0.216919,1.0,0.365959,0.587472,0.217785,1.0,0.350252,0.56103,0.132838,0.9999,0.359752,0.56415,0.279625,1.0,0.389326,0.578612,0.177592,0.9999,0.394256,0.57866,0.218332,0.9999,0.391695,0.510406,0.034162,0.9994,0.450924,0.507476,0.328879,0.9995,0.360606,0.639709,-0.034109,0.9894,0.482664,0.620077,0.384084,0.6555,0.297847,0.76108,-0.00738,0.981,0.428186,0.734596,0.343575,0.7662,0.272487,0.778257,-0.027333,0.9731,0.3975,0.7436,0.350691,0.6755,0.267826,0.770164,-0.010477,0.9651,0.389772,0.740352,0.343877,0.6611,0.277485,0.767017,0.000809,0.9583,0.387839,0.740644,0.335076,0.6551,0.601911,0.401068,-0.096952,0.9998,0.636066,0.399377,0.098279,0.9996,0.735744,0.601899,-0.152852,0.9761,0.773581,0.595157,0.052317,0.4406,0.96677,0.744789,-0.215066,0.9441,0.965753,0.738695,-0.032611,0.4095,1.000431,0.750216,-0.219922,0.9621,0.997404,0.743675,-0.043609,0.5605,0.933122,0.830645,-0.278677,0.9442,0.936998,0.820292,-0.104727,0.6204
adho_mukha_tf_0136,0.391579,0.600194,0.219735,1.0,0.370932,0.596311,0.210954,1.0,0.368163,0.59375,0.21181,1.0,0.365002,0.591195,0.211956,1.0,0.375361,0.596899,0.24457,1.0,0.37584,0.595064,0.243962,1.0,0.376309,0.593224,0.244803,1.0,0.360962,0.568596,0.167502,1.0,0.372445,0.571979,0.309918,1.0,0.397596,0.582712,0.202673,1.0,0.404342,0.582868,0.241937,1.0,0.401261,0.511499,0.064156,0.9994,0.470852,0.520852,0.349329,0.9997,0.367013,0.649285,-0.011799,0.9873,0.490885,0.63627,0.398907,0.7415,0.309298,0.774047,0.004781,0.979,0.406552,0.753632,0.359604,0.8072,0.279779,0.79228,-0.01637,0.9703,0.37535,0.761793,0.366586,0.7017,0.27825,0.782976,-0.000709,0.9616,0.36875,0.759074,0.360518,0.683,0.291446,0.779346,0.013245,0.9535,0.375796,0.757434,0.351143,0.6836,0.607937,0.39952,-0.092484,0.9997,0.651541,0.408421,0.093876,0.9997,0.734731,0.603874,-0.161094,0.9663,0.771535,0.601578,0.028375,0.4126,0.961983,0.761749,-0.239759,0.9165,0.962801,0.756803,-0.068567,0.3517,0.998912,0.774283,-0.246266,0.9404,0.998644,0.769754,-0.081039,0.4887,0.908983,0.843254,-0.31519,0.9148,0.915576,0.832181,-0.148009,0.5815
adho_mukha_tf_0137,0.405185,0.610251,0.187042,1.0,0.382794,0.608333,0.174391,1.0,0.381172,0.606372,0.175222,1.0,0.378932,0.60366,0.175496,0.9999,0.38445,0.607854,0.208283,1.0,0.384243,0.605924,0.207588,1.0,0.383567,0.603705,0.208223,1.0,0.374449,0.580168,0.129135,0.9999,0.385037,0.584433,0.269935,1.0,0.41335,0.596239,0.170748,0.9998,0.417674,0.595951,0.210075,0.9999,0.413921,0.52286,0.034737,0.9991,0.478101,0.537846,0.324435,0.9992,0.376594,0.654492,-0.047939,0.9811,0.498157,0.648865,0.402671,0.6715,0.321576,0.76995,-0.02839,0.9717,0.428398,0.756948,0.39092,0.7398,0.302714,0.786345,-0.050705,0.9629,0.407937,0.762935,0.405513,0.6399,0.298102,0.779856,-0.031046,0.9523,0.396806,0.763545,0.398296,0.6265,0.308256,0.776593,-0.020271,0.9387,0.402198,0.761242,0.383417,0.6282,0.61867,0.400173,-0.095895,0.9992,0.657029,0.421926,0.097175,0.9988,0.746396,0.602028,-0.164164,0.959,0.771796,0.606464,0.038463,0.366,0.951581,0.761168,-0.222192,0.9153,0.95671,0.75695,-0.038956,0.235,0.989184,0.773658,-0.227236,0.9278,0.990885,0.771066,-0.048915,0.3549,0.906729,0.848662,-0.301474,0.9096,0.912397,0.844565,-0.112719,0.4212
adho_mukha_tf_0138,0.423216,0.635278,0.203331,1.0,0.404299,0.633355,0.193954,1.0,0.402808,0.631276,0.194772,1.0,0.400942,0.629038,0.195161,1.0,0.409445,0.63417,0.227921,1.0,0.4106,0.632764,0.22718,1.0,0.411911,0.631598,0.227834,1.0,0.401115,0.609563,0.154018,1.0,0.417924,0.616581,0.293412,1.0,0.434439,0.622381,0.187383,0.9999,0.438703,0.623362,0.226283,0.9999,0.42687,0.549354,0.057495,0.9996,0.503945,0.561837,0.332239,0.9997,0.397969,0.678076,-0.017457,0.9758,0.508763,0.676245,0.445536,0.5799,0.341823,0.784018,0.035903,0.9428,0.446081,0.774668,0.472865,0.5347,0.321392,0.799476,0.024341,0.9301,0.42203,0.778095,0.489301,0.4476,0.320577,0.796185,0.035547,0.9147,0.414317,0.778191,0.486272,0.4358,0.331785,0.791752,0.042287,0.8968,0.41644,0.777918,0.468079,0.4486,0.628534,0.386737,-0.090828,0.9992,0.681887,0.409023,0.092003,0.999,0.753996,0.59081,-0.168585,0.9348,0.784756,0.598396,0.023865,0.3319,0.937558,0.767182,-0.240557,0.8801,0.954788,0.778019,-0.065151,0.1943,0.976897,0.787949,-0.246098,0.9101,0.985955,0.794002,-0.077018,0.2811,0.884199,0.854334,-0.309756,0.8979,0.899865,0.853225,-0.137251,0.3584
adho_mukha_tf_0139,0.456225,0.659613,0.160861,1.0,0.433327,0.663215,0.147263,0.9999,0.430766,0.661832,0.147995,0.9999,0.428008,0.660376,0.14851,0.9999,0.437357,0.664329,0.17869,1.0,0.437495,0.663692,0.177862,1.0,0.436653,0.662714,0.178465,1.0,0.419731,0.640078,0.110976,0.9999,0.435104,0.646812,0.238387,0.9999,0.460326,0.645449,0.149221,0.9998,0.466953,0.646333,0.184904,0.9998,0.433412,0.575973,0.036041,0.9987,0.504476,0.586639,0.291582,0.9993,0.395362,0.688353,-0.031014,0.9774,0.511456,0.695953,0.421922,0.6593,0.339425,0.794106,0.017097,0.9456,0.435023,0.785212,0.478928,0.5928,0.312744,0.805559,0.004137,0.9324,0.40863,0.789229,0.502599,0.5103,0.316151,0.802301,0.018215,0.9189,0.400828,0.788766,0.50046,0.4978,0.32655,0.800311,0.023667,0.9037,0.40353,0.788644,0.476366,0.51,0.629095,0.399444,-0.093009,0.9978,0.669105,0.405215,0.094047,0.9982,0.766009,0.598514,-0.121524,0.9576,0.781795,0.59673,0.065961,0.2696,0.93235,0.786247,-0.151884,0.9111,0.944744,0.790076,0.020352,0.13,0.965794,0.810344,-0.153465,0.9082,0.972942,0.807756,0.013566,0.192,0.86875,0.862381,-0.208343,0.8977,0.881246,0.857169,-0.038381,0.2234
adho_mukha_tf_0140,0.464984,0.665657,0.187322,1.0,0.443988,0.669098,0.174263,1.0,0.441104,0.66763,0.175083,1.0,0.437946,0.66618,0.17564,1.0,0.44901,0.669932,0.206422,1.0,0.449328,0.669445,0.205605,1.0,0.449392,0.669071,0.206182,1.0,0.426636,0.646277,0.136541,0.9999,0.441766,0.654013,0.266265,1.0,0.468831,0.650389,0.174379,0.9999,0.474112,0.651854,0.210769,0.9999,0.440782,0.576627,0.055457,0.9993,0.515918,0.588409,0.313075,0.9996,0.393344,0.694922,-0.005288,0.977,0.514986,0.698158,0.453703,0.6184,0.337705,0.794633,0.040867,0.9418,0.446446,0.788939,0.534138,0.5572,0.316709,0.805638,0.029997,0.9304,0.420595,0.793841,0.557946,0.4671,0.319356,0.804163,0.040828,0.9177,0.413007,0.794043,0.558385,0.4533,0.331183,0.800732,0.046412,0.9016,0.415416,0.793715,0.532883,0.453,0.625164,0.402552,-0.092008,0.9991,0.679897,0.39636,0.093038,0.9992,0.756941,0.608504,-0.121182,0.9765,0.785225,0.604561,0.069674,0.3228,0.92811,0.803191,-0.161744,0.9551,0.941967,0.801062,0.014491,0.1873,0.960336,0.827547,-0.163865,0.9614,0.969628,0.822376,0.005876,0.2361,0.861176,0.870108,-0.217376,0.9476,0.876822,0.860644,-0.050858,0.2956
adho_mukha_tf_0141,0.461933,0.681729,0.202429,1.0,0.44332,0.685283,0.197385,1.0,0.440886,0.683488,0.198279,1.0,0.43759,0.681461,0.198862,1.0,0.447657,0.687261,0.225367,1.0,0.450313,0.685789,0.224193,1.0,0.450939,0.685543,0.224983,1.0,0.433629,0.66278,0.186687,1.0,0.451068,0.672548,0.295701,1.0,0.465247,0.66288,0.197926,1.0,0.472861,0.665573,0.227854,1.0,0.434034,0.59108,0.088679,0.9998,0.525829,0.59749,0.344471,0.9999,0.38726,0.699092,0.053078,0.9834,0.512555,0.715006,0.516958,0.4778,0.328678,0.797814,0.116596,0.948,0.433673,0.801566,0.640764,0.5001,0.307451,0.811014,0.113809,0.9306,0.418477,0.809278,0.672529,0.439,0.310144,0.809289,0.116702,0.9182,0.398945,0.805127,0.678297,0.4062,0.320138,0.80623,0.119175,0.9087,0.397839,0.802501,0.643578,0.392,0.615872,0.4025,-0.08589,0.9994,0.670999,0.383728,0.086574,0.9995,0.730241,0.620675,-0.112469,0.9728,0.781601,0.606463,0.060478,0.4667,0.911808,0.822054,-0.135297,0.9559,0.933029,0.820181,0.02433,0.297,0.942665,0.850956,-0.136136,0.9697,0.954205,0.84827,0.016178,0.3694,0.849963,0.873073,-0.181342,0.9653,0.875276,0.866189,-0.04251,0.4581
adho_mukha_tf_0142,0.460574,0.689655,0.209348,1.0,0.446727,0.692515,0.210285,1.0,0.443346,0.69028,0.211142,1.0,0.439165,0.688733,0.211786,1.0,0.454175,0.695537,0.234914,1.0,0.455911,0.695315,0.233711,1.0,0.457564,0.695284,0.234532,1.0,0.432395,0.670397,0.224482,1.0,0.457515,0.680776,0.315782,1.0,0.46262,0.67034,0.21369,1.0,0.471967,0.673312,0.238186,1.0,0.427704,0.596859,0.131475,0.9999,0.52244,0.607773,0.367938,0.9999,0.383594,0.705821,0.118128,0.9779,0.511528,0.724621,0.552124,0.5124,0.32702,0.795463,0.212836,0.9147,0.436644,0.79974,0.697032,0.5719,0.304086,0.809744,0.214587,0.8775,0.417549,0.807552,0.729531,0.4993,0.306028,0.808253,0.213514,0.86,0.394026,0.804904,0.740456,0.4665,0.315241,0.805097,0.21348,0.8616,0.395926,0.804035,0.703169,0.4545,0.597686,0.418231,-0.079744,0.9999,0.661822,0.408431,0.080386,0.9999,0.72456,0.622209,-0.093531,0.9757,0.773426,0.618913,0.058373,0.5858,0.878043,0.82622,-0.110304,0.9613,0.906638,0.825952,0.031918,0.4931,0.91204,0.853985,-0.110134,0.9721,0.934346,0.855951,0.02533,0.526,0.823825,0.878173,-0.158259,0.9696,0.883755,0.877301,-0.037966,0.6295
adho_mukha_tf_0143,0.4572,0.689742,0.187793,1.0,0.440914,0.694197,0.189364,1.0,0.436991,0.691738,0.190313,1.0,0.43282,0.689022,0.190973,1.0,0.449763,0.69745,0.213893,1.0,0.452472,0.696678,0.212627,1.0,0.45465,0.696443,0.213601,1.0,0.427387,0.668005,0.207578,1.0,0.453888,0.680605,0.297817,1.0,0.458548,0.668238,0.193735,1.0,0.468689,0.67286,0.217659,1.0,0.424391,0.593012,0.125268,0.9999,0.525082,0.609391,0.353446,1.0,0.384463,0.70157,0.126577,0.9808,0.522839,0.719895,0.561141,0.6636,0.330101,0.79528,0.250612,0.9426,0.455386,0.793143,0.73072,0.7793,0.304926,0.811121,0.258514,0.9043,0.445228,0.801609,0.77056,0.6808,0.309556,0.808275,0.257163,0.8917,0.427514,0.79734,0.787867,0.6542,0.322022,0.80459,0.251694,0.8896,0.426871,0.793874,0.741191,0.6437,0.594061,0.411765,-0.078735,1.0,0.658203,0.416785,0.079225,1.0,0.721384,0.625652,-0.105175,0.9746,0.754566,0.632671,0.054686,0.5747,0.844861,0.823512,-0.115496,0.9704,0.896626,0.834378,0.02727,0.5463,0.897317,0.858026,-0.115206,0.9768,0.921197,0.865514,0.021536,0.4888,0.807211,0.887832,-0.165087,0.9787,0.872041,0.899147,-0.03888,0.6641
adho_mukha_tf_0144,0.457434,0.693193,0.195264,1.0,0.44238,0.697423,0.204736,1.0,0.438636,0.69524,0.205532,1.0,0.434947,0.692953,0.206037,1.0,0.451384,0.700432,0.226829,1.0,0.453828,0.700394,0.225479,1.0,0.456311,0.700545,0.226411,1.0,0.429905,0.672654,0.236421,1.0,0.456809,0.684166,0.318304,1.0,0.458617,0.67377,0.203806,1.0,0.469327,0.678037,0.225067,1.0,0.425972,0.594318,0.153169,0.9999,0.524225,0.611569,0.362148,0.9999,0.375525,0.695794,0.113332,0.9718,0.518978,0.717495,0.536155,0.6265,0.328782,0.800813,0.168321,0.9283,0.452265,0.800637,0.651956,0.6963,0.301989,0.815817,0.162726,0.895,0.435835,0.815809,0.677045,0.6151,0.308812,0.814778,0.165108,0.8808,0.423455,0.805206,0.685995,0.5896,0.323606,0.809861,0.169124,0.8778,0.426481,0.803406,0.656912,0.5803,0.591373,0.429493,-0.069099,1.0,0.656473,0.438957,0.069598,1.0,0.695586,0.620172,-0.12557,0.9561,0.731632,0.654677,0.015101,0.6372,0.848807,0.830968,-0.162846,0.934,0.885139,0.843669,-0.031375,0.5579,0.880503,0.859182,-0.164052,0.9441,0.914462,0.873378,-0.040226,0.541,0.799402,0.888956,-0.222211,0.9527,0.87391,0.916246,-0.116858,0.7169
adho_mukha_tf_0145,0.458757,0.706176,0.171313,1.0,0.443954,0.708339,0.178181,1.0,0.439841,0.705617,0.179079,1.0,0.435954,0.702996,0.17961,1.0,0.454714,0.712868,0.201753,1.0,0.457935,0.713077,0.200569,1.0,0.461225,0.713494,0.20167,1.0,0.430514,0.682811,0.206177,1.0,0.460913,0.694609,0.292275,1.0,0.457264,0.686167,0.178365,1.0,0.470025,0.692269,0.201211,1.0,0.424423,0.600946,0.113501,0.9997,0.52394,0.616604,0.331935,0.9998,0.378584,0.703928,0.087735,0.9893,0.521445,0.72066,0.519892,0.5511,0.328144,0.798931,0.199519,0.9481,0.451057,0.807683,0.669414,0.6768,0.306568,0.813376,0.213084,0.9008,0.438798,0.819941,0.700729,0.5754,0.312684,0.81217,0.21013,0.8898,0.41839,0.814901,0.716169,0.544,0.323083,0.808702,0.201026,0.8917,0.41822,0.811396,0.678454,0.5244,0.568598,0.417151,-0.076271,0.9997,0.636538,0.413179,0.076666,0.9998,0.677827,0.625033,-0.096562,0.9701,0.742983,0.626585,0.007159,0.7295,0.789422,0.841961,-0.139275,0.9556,0.848971,0.841759,-0.056365,0.6858,0.824805,0.868137,-0.143636,0.9705,0.878005,0.877261,-0.065394,0.6272,0.759005,0.903311,-0.196109,0.9674,0.811163,0.905694,-0.128595,0.7631
adho_mukha_tf_0146,0.461938,0.709022,0.201842,1.0,0.449547,0.711586,0.202113,1.0,0.446645,0.709808,0.20308,1.0,0.444013,0.70804,0.203489,1.0,0.456885,0.713438,0.231377,1.0,0.458818,0.712622,0.230082,1.0,0.460931,0.711933,0.231443,1.0,0.43685,0.68613,0.212451,1.0,0.459524,0.692886,0.321465,1.0,0.461549,0.690791,0.203202,1.0,0.470202,0.692693,0.231922,1.0,0.420524,0.600673,0.12326,0.9999,0.525885,0.612683,0.361659,0.9998,0.380805,0.71332,0.139416,0.9883,0.514323,0.712458,0.573355,0.3779,0.327293,0.803607,0.333744,0.9714,0.443251,0.803687,0.72633,0.6901,0.306284,0.815864,0.367671,0.9368,0.42448,0.806097,0.77156,0.6368,0.311201,0.815487,0.373293,0.9291,0.411918,0.809162,0.779546,0.5986,0.321182,0.812004,0.341493,0.9276,0.409324,0.810875,0.734823,0.5766,0.560769,0.39531,-0.086708,0.9998,0.63215,0.386106,0.087211,0.9999,0.669493,0.624398,-0.113987,0.9797,0.735588,0.612429,0.013078,0.7596,0.795367,0.854911,-0.166779,0.9804,0.843555,0.813423,-0.045406,0.7052,0.841602,0.887853,-0.173485,0.9884,0.868208,0.879825,-0.053269,0.6594,0.751968,0.912433,-0.217465,0.9879,0.801818,0.887322,-0.101864,0.7919
adho_mukha_tf_0147,0.462878,0.70884,0.181648,1.0,0.447322,0.711991,0.183576,1.0,0.443509,0.709535,0.184501,1.0,0.439901,0.707148,0.185023,1.0,0.456233,0.715518,0.209923,1.0,0.458869,0.715415,0.208646,1.0,0.461421,0.715342,0.20994,1.0,0.432859,0.686011,0.201066,1.0,0.458215,0.695093,0.29624,1.0,0.462603,0.689067,0.185874,1.0,0.473662,0.693492,0.210952,1.0,0.421025,0.603382,0.116731,0.9999,0.522289,0.617077,0.340929,0.9999,0.37795,0.704382,0.134553,0.9885,0.525708,0.718921,0.555597,0.4955,0.330388,0.804775,0.316229,0.9629,0.455121,0.803514,0.71503,0.7446,0.310774,0.81647,0.34719,0.9191,0.435108,0.81117,0.75692,0.6566,0.315345,0.815432,0.349481,0.9115,0.414096,0.809924,0.767332,0.6272,0.325091,0.812254,0.322379,0.9121,0.42053,0.809144,0.724358,0.6134,0.56177,0.400792,-0.08053,0.9998,0.628931,0.40171,0.080906,0.9999,0.661629,0.620388,-0.106986,0.9708,0.731372,0.621895,-0.000344,0.7647,0.789902,0.855097,-0.154165,0.9692,0.838624,0.842789,-0.059213,0.7289,0.822549,0.88275,-0.160111,0.9803,0.863074,0.875494,-0.067191,0.6585,0.732952,0.909864,-0.205541,0.9805,0.807664,0.875503,-0.119787,0.8045
adho_mukha_tf_0148,0.462129,0.712754,0.193547,1.0,0.447987,0.716227,0.193969,1.0,0.444781,0.714324,0.194928,1.0,0.441644,0.71266,0.195428,1.0,0.456225,0.717954,0.221093,1.0,0.458315,0.717276,0.219781,1.0,0.461348,0.717228,0.221002,1.0,0.435184,0.690897,0.209506,1.0,0.458038,0.696355,0.306848,1.0,0.46064,0.693507,0.197945,1.0,0.471959,0.697516,0.222602,1.0,0.419384,0.60464,0.148969,0.9999,0.528132,0.619462,0.356697,0.9999,0.382007,0.714866,0.214386,0.9885,0.527839,0.717089,0.562646,0.5998,0.331121,0.802834,0.456528,0.9825,0.457175,0.798747,0.736715,0.8626,0.309886,0.816079,0.49705,0.9575,0.441702,0.808246,0.785996,0.7515,0.315338,0.81533,0.505292,0.9502,0.42392,0.807576,0.798747,0.7175,0.326056,0.811455,0.465658,0.9502,0.428687,0.80564,0.746707,0.7146,0.558401,0.397652,-0.083117,0.9999,0.62957,0.396325,0.083694,1.0,0.666169,0.623256,-0.132482,0.9862,0.722558,0.620376,-0.000839,0.7485,0.788609,0.870172,-0.186267,0.9859,0.823044,0.84238,-0.073333,0.7044,0.828969,0.901379,-0.193964,0.9906,0.85325,0.88087,-0.081459,0.6387,0.74554,0.913545,-0.245589,0.9928,0.78327,0.896389,-0.127473,0.8039
adho_mukha_tf_0149,0.466156,0.709539,0.192275,1.0,0.451282,0.714102,0.195951,1.0,0.447677,0.712059,0.196985,1.0,0.444268,0.71,0.197515,1.0,0.460495,0.716889,0.222,1.0,0.463101,0.716481,0.220672,1.0,0.465916,0.716211,0.221956,1.0,0.437333,0.689529,0.219949,1.0,0.463218,0.695701,0.311263,1.0,0.463499,0.690548,0.19855,1.0,0.475685,0.693492,0.221557,1.0,0.422124,0.604906,0.144787,0.9999,0.53571,0.619239,0.35545,0.9999,0.378527,0.714342,0.216901,0.9859,0.520527,0.721357,0.559278,0.553,0.33416,0.800856,0.468238,0.9761,0.447442,0.804787,0.73709,0.8362,0.317036,0.817006,0.514377,0.9467,0.42582,0.816191,0.790097,0.7406,0.321319,0.814673,0.522107,0.9388,0.406778,0.814512,0.800804,0.707,0.331138,0.809223,0.477556,0.9383,0.414712,0.813036,0.746876,0.6979,0.551546,0.402357,-0.083978,0.9999,0.623462,0.402289,0.084445,1.0,0.657654,0.631786,-0.127552,0.9815,0.706764,0.627952,0.00322,0.6853,0.774614,0.864182,-0.175616,0.978,0.80831,0.858924,-0.069481,0.6224,0.818292,0.907075,-0.181895,0.986,0.835656,0.896882,-0.077589,0.5686,0.752943,0.939915,-0.22188,0.9888,0.746935,0.909599,-0.113075,0.7397
adho_mukha_tf_0150,0.458661,0.713463,0.145525,1.0,0.444767,0.717378,0.151983,1.0,0.441009,0.715145,0.152925,1.0,0.437181,0.712981,0.153407,1.0,0.455123,0.719663,0.177548,1.0,0.45831,0.718991,0.176277,1.0,0.461765,0.71841,0.17763,1.0,0.429406,0.691521,0.179707,1.0,0.459364,0.696622,0.271876,1.0,0.455557,0.693314,0.151817,1.0,0.468616,0.697164,0.176096,1.0,0.41812,0.605472,0.101724,0.9998,0.531232,0.619043,0.319903,0.9998,0.373718,0.710448,0.142682,0.9715,0.525325,0.716084,0.532081,0.4047,0.330214,0.798021,0.351598,0.9249,0.445142,0.800213,0.689906,0.6512,0.310612,0.815236,0.386501,0.8489,0.416791,0.80986,0.733095,0.5737,0.316707,0.814868,0.391287,0.84,0.39905,0.810231,0.74121,0.5358,0.326775,0.808946,0.359531,0.8433,0.410189,0.809885,0.698513,0.5291,0.54798,0.406831,-0.081518,0.9998,0.616738,0.399738,0.081852,0.9999,0.65148,0.623936,-0.127549,0.9377,0.702819,0.631726,-0.013786,0.5079,0.764842,0.864292,-0.187719,0.9248,0.796921,0.858045,-0.087794,0.4345,0.815481,0.894992,-0.195872,0.9468,0.825948,0.897842,-0.096686,0.3655,0.718386,0.920132,-0.258983,0.9571,0.757877,0.910679,-0.154144,0.561
adho_mukha_tf_0151,0.455787,0.713866,0.18594,1.0,0.440427,0.718343,0.186387,1.0,0.436754,0.716155,0.187227,1.0,0.43285,0.713777,0.187809,1.0,0.449413,0.721351,0.214288,1.0,0.452474,0.72043,0.212943,1.0,0.455205,0.720006,0.214114,1.0,0.425899,0.692587,0.200175,1.0,0.452505,0.699278,0.297907,1.0,0.454009,0.693995,0.188198,1.0,0.466314,0.697266,0.213381,1.0,0.41003,0.607597,0.120241,0.9999,0.525033,0.619991,0.335111,0.9999,0.369448,0.716868,0.172564,0.9814,0.517793,0.722343,0.53368,0.4706,0.327294,0.797479,0.405892,0.9485,0.444495,0.796594,0.705733,0.6858,0.311533,0.813673,0.447369,0.8957,0.419169,0.80658,0.752561,0.5766,0.317227,0.812002,0.456151,0.8857,0.397201,0.806428,0.765211,0.5418,0.325947,0.806808,0.414901,0.8877,0.408928,0.806352,0.716391,0.5312,0.536244,0.412147,-0.080085,0.9998,0.607068,0.416026,0.080455,0.9999,0.63551,0.633903,-0.12254,0.9686,0.682783,0.635948,-0.002431,0.6886,0.740132,0.875967,-0.177898,0.9764,0.775013,0.8675,-0.065231,0.6539,0.780148,0.914996,-0.184932,0.9844,0.800042,0.907594,-0.073719,0.5936,0.712721,0.929246,-0.216776,0.9853,0.718943,0.914432,-0.105622,0.7106
adho_mukha_tf_0152,0.462212,0.722371,0.198956,1.0,0.446721,0.72583,0.197028,1.0,0.443227,0.723729,0.197818,1.0,0.43985,0.721694,0.198268,1.0,0.455853,0.727276,0.227824,1.0,0.458094,0.726114,0.226676,1.0,0.460601,0.725086,0.227677,1.0,0.431251,0.69615,0.207085,1.0,0.456814,0.701325,0.314865,1.0,0.460568,0.699301,0.198833,1.0,0.471553,0.701688,0.226616,1.0,0.413461,0.608316,0.118295,0.9997,0.527751,0.621048,0.336235,0.9998,0.37119,0.712486,0.155706,0.9799,0.523429,0.716519,0.508098,0.422,0.331274,0.79195,0.387044,0.9546,0.449135,0.794526,0.674642,0.6648,0.316457,0.810629,0.433478,0.9084,0.43805,0.800394,0.718671,0.541,0.324756,0.807398,0.445072,0.9022,0.419411,0.799567,0.72988,0.5166,0.334675,0.802047,0.396566,0.9091,0.420268,0.797113,0.68396,0.5268,0.533523,0.406331,-0.083468,0.9997,0.604438,0.406866,0.083889,0.9999,0.620968,0.635487,-0.116056,0.9769,0.674386,0.642716,-0.004107,0.614,0.732691,0.879001,-0.188763,0.9791,0.753793,0.868488,-0.075656,0.634,0.777558,0.916392,-0.197697,0.9864,0.780331,0.907823,-0.084959,0.5916,0.696303,0.934574,-0.218097,0.9832,0.692487,0.920829,-0.108379,0.6587
adho_mukha_tf_0153,0.453149,0.72891,0.194721,1.0,0.441253,0.72842,0.19075,1.0,0.438012,0.725941,0.191392,1.0,0.434746,0.723471,0.19196,1.0,0.449222,0.731133,0.221626,1.0,0.451379,0.730124,0.220499,1.0,0.453809,0.729349,0.221362,1.0,0.426131,0.698561,0.188462,1.0,0.451824,0.706901,0.298913,1.0,0.452203,0.710456,0.191814,0.9999,0.461329,0.712244,0.220374,0.9999,0.406736,0.612602,0.11996,0.9989,0.521196,0.630187,0.33928,0.9989,0.371061,0.730174,0.13943,0.9532,0.517161,0.733652,0.500572,0.3358,0.331399,0.796305,0.346251,0.893,0.44627,0.804175,0.632338,0.4145,0.315735,0.813496,0.372797,0.8035,0.427717,0.807851,0.668875,0.2847,0.323855,0.80929,0.38877,0.7814,0.403681,0.808095,0.679788,0.254,0.333249,0.804186,0.355261,0.7919,0.405339,0.805368,0.637973,0.2704,0.529001,0.40738,-0.081639,0.9992,0.597572,0.412272,0.082449,0.9995,0.615757,0.634125,-0.107066,0.9699,0.666994,0.64346,0.014548,0.633,0.728643,0.886825,-0.162623,0.9719,0.729691,0.880232,-0.044391,0.5343,0.764475,0.921691,-0.170427,0.9793,0.75996,0.911462,-0.052455,0.5284,0.703137,0.948004,-0.20887,0.9773,0.671276,0.925659,-0.085828,0.5536
adho_mukha_tf_0154,0.443419,0.729118,0.058945,1.0,0.43331,0.731383,0.064538,1.0,0.430328,0.728997,0.065643,1.0,0.426963,0.726502,0.065656,1.0,0.440997,0.734297,0.086982,1.0,0.443109,0.73373,0.085922,1.0,0.445087,0.733344,0.086854,1.0,0.422096,0.703345,0.086007,1.0,0.446662,0.715408,0.16924,1.0,0.440661,0.710152,0.063955,0.9998,0.452109,0.714037,0.087282,0.9999,0.401982,0.623516,0.045711,0.9984,0.526516,0.64724,0.207852,0.9994,0.34746,0.736205,0.04407,0.8188,0.547017,0.724447,0.307518,0.2583,0.321906,0.803796,0.158135,0.4017,0.465095,0.782863,0.341626,0.1205,0.303736,0.820432,0.168593,0.3166,0.452677,0.79525,0.3586,0.0983,0.31632,0.816898,0.181685,0.302,0.445567,0.795019,0.360731,0.0898,0.324087,0.813413,0.167009,0.3227,0.44891,0.79522,0.342497,0.0957,0.513834,0.403112,-0.067556,0.9992,0.572058,0.411787,0.06856,0.9995,0.59042,0.634248,-0.091264,0.8004,0.636914,0.643145,0.014839,0.3541,0.612485,0.843063,-0.12795,0.8517,0.728884,0.860222,-0.023287,0.4155,0.635854,0.863488,-0.135594,0.8478,0.737393,0.914317,-0.029962,0.3397,0.601666,0.933691,-0.21089,0.8649,0.697689,0.945439,-0.086649,0.4823
adho_mukha_tf_0155,0.443863,0.727979,-0.037839,0.9999,0.433603,0.72973,-0.026097,0.9999,0.431067,0.727146,-0.025013,0.9998,0.428804,0.723163,-0.025026,0.9999,0.440085,0.733778,-0.016811,0.9999,0.44252,0.733942,-0.01796,0.9999,0.444703,0.73415,-0.017084,0.9999,0.428444,0.703716,0.037428,0.9997,0.450662,0.720821,0.059642,0.9996,0.447014,0.712575,-0.016497,0.9991,0.45653,0.717527,-0.010446,0.9991,0.411214,0.635553,0.024777,0.9958,0.528293,0.668309,0.105199,0.9982,0.351635,0.732162,0.011573,0.6817,0.558668,0.77021,0.162575,0.3436,0.326992,0.79449,0.057212,0.1889,0.520438,0.841439,0.183644,0.0917,0.31597,0.81216,0.054602,0.1451,0.508643,0.85453,0.194269,0.0752,0.323683,0.808848,0.064486,0.1411,0.497962,0.84854,0.194731,0.0714,0.32928,0.80456,0.061404,0.1599,0.502157,0.846212,0.182174,0.0817,0.49585,0.408733,-0.043602,0.9952,0.55558,0.417588,0.04471,0.9975,0.558108,0.63063,-0.073118,0.6026,0.614567,0.641621,0.004245,0.3498,0.528888,0.835692,-0.086917,0.7919,0.720806,0.845864,-0.016619,0.5154,0.540234,0.855682,-0.093516,0.7581,0.744666,0.868712,-0.021995,0.4281,0.48962,0.930622,-0.164367,0.7929,0.712901,0.931135,-0.073805,0.5172
adho_mukha_tf_0156,0.442035,0.737809,0.044107,1.0,0.42985,0.735988,0.05738,1.0,0.427364,0.732599,0.058363,1.0,0.42437,0.729766,0.058478,1.0,0.437101,0.739453,0.071114,1.0,0.439147,0.7392,0.069961,1.0,0.441462,0.73835,0.071265,1.0,0.421004,0.707083,0.110918,1.0,0.446402,0.72113,0.153754,1.0,0.443976,0.719111,0.059333,0.9999,0.453651,0.722945,0.070512,0.9999,0.399774,0.629424,0.084266,0.9988,0.525646,0.66638,0.153181,0.9997,0.339742,0.746314,0.077574,0.8423,0.554564,0.7655,0.204323,0.7089,0.333846,0.784077,0.17506,0.3242,0.469114,0.80198,0.253645,0.2957,0.316221,0.803366,0.19291,0.2243,0.47411,0.804436,0.271482,0.2016,0.325862,0.794628,0.209964,0.2227,0.458703,0.800451,0.279006,0.1935,0.339257,0.790101,0.184177,0.2486,0.460515,0.804673,0.257831,0.2072,0.487267,0.416102,-0.046749,0.9984,0.557508,0.423671,0.047612,0.9994,0.55172,0.6417,-0.047922,0.7021,0.619403,0.646179,0.039487,0.5445,0.513063,0.847355,-0.036594,0.8763,0.702894,0.867062,0.048511,0.6986,0.522565,0.874233,-0.039878,0.8613,0.701075,0.923301,0.046653,0.6046,0.472768,0.920725,-0.074361,0.8483,0.685793,0.934849,0.021119,0.6191
adho_mukha_tf_0157,0.451725,0.731769,0.066373,0.9999,0.438039,0.732044,0.073539,0.9999,0.434719,0.729233,0.074451,0.9999,0.430856,0.726231,0.074396,0.9999,0.446789,0.7358,0.08849,0.9999,0.449234,0.73554,0.087336,0.9999,0.451451,0.73536,0.088352,0.9999,0.426172,0.705772,0.125501,0.9998,0.450389,0.721523,0.168463,0.9997,0.450168,0.713504,0.082164,0.9991,0.463654,0.721157,0.093107,0.9989,0.41504,0.644514,0.087826,0.9983,0.517412,0.663525,0.175748,0.9975,0.367412,0.723922,-0.001173,0.8481,0.479036,0.751432,0.189767,0.1656,0.331808,0.789687,-0.027161,0.6237,0.372543,0.79894,0.195021,0.0907,0.315439,0.808202,-0.03327,0.5501,0.347683,0.815821,0.211223,0.0939,0.322596,0.804715,-0.012671,0.5495,0.349554,0.816761,0.206752,0.094,0.32959,0.799409,-0.019344,0.5402,0.369091,0.806009,0.19472,0.0992,0.478098,0.425781,-0.041129,0.9968,0.539835,0.423991,0.042302,0.9967,0.531814,0.646029,-0.081881,0.8706,0.600565,0.651298,-0.008316,0.5244,0.509252,0.877041,-0.144485,0.9529,0.675358,0.870442,-0.048726,0.723,0.521221,0.906091,-0.155074,0.9486,0.680979,0.924425,-0.058269,0.6596,0.468684,0.95721,-0.180735,0.9354,0.643013,0.929433,-0.078777,0.6312
adho_mukha_tf_0158,0.450405,0.73552,0.011858,0.9998,0.437954,0.733762,0.022634,0.9998,0.434966,0.730968,0.023542,0.9998,0.431382,0.728035,0.023438,0.9998,0.446204,0.737121,0.030854,0.9998,0.448803,0.736494,0.029687,0.9998,0.451198,0.735933,0.030541,0.9998,0.427845,0.707678,0.085362,0.9995,0.452516,0.72023,0.101266,0.9991,0.449548,0.718817,0.031351,0.9984,0.462606,0.725573,0.034878,0.9978,0.410481,0.645986,0.05758,0.9962,0.522945,0.664738,0.10606,0.9938,0.357582,0.730923,-0.027558,0.7262,0.533898,0.766823,0.119327,0.2105,0.335461,0.790431,-0.08155,0.3104,0.49391,0.861447,0.150686,0.0612,0.321636,0.808179,-0.093722,0.2493,0.480634,0.879147,0.168425,0.059,0.329594,0.80317,-0.076471,0.2519,0.477387,0.872247,0.167134,0.0592,0.339972,0.798901,-0.077487,0.2504,0.482693,0.867895,0.150858,0.067,0.469596,0.429967,-0.021233,0.9885,0.545795,0.428843,0.022227,0.989,0.491099,0.636848,-0.07877,0.7332,0.596369,0.658135,-0.036167,0.5616,0.474267,0.862818,-0.131809,0.9097,0.646234,0.892048,-0.07158,0.6498,0.480667,0.890402,-0.141303,0.8911,0.66347,0.9207,-0.079293,0.5795,0.443799,0.945868,-0.168067,0.8626,0.62881,0.929929,-0.098237,0.5012
adho_mukha_tf_0159,0.449058,0.730566,-0.031314,0.9999,0.43624,0.728647,-0.017452,0.9999,0.432767,0.725629,-0.016394,0.9999,0.428662,0.722424,-0.01656,0.9999,0.445259,0.732682,-0.016182,0.9999,0.448125,0.732474,-0.017106,0.9999,0.45064,0.732275,-0.016488,0.9999,0.424678,0.703554,0.058959,0.9998,0.452119,0.717062,0.043665,0.9995,0.448403,0.713888,-0.00637,0.9993,0.462165,0.719021,-0.011459,0.9991,0.403716,0.643355,0.050687,0.9961,0.525287,0.66223,0.050262,0.9937,0.353041,0.717846,0.005632,0.607,0.561209,0.766758,0.060193,0.4712,0.335616,0.789901,-0.04078,0.2085,0.578304,0.891565,0.099248,0.1357,0.322502,0.807495,-0.049272,0.1683,0.612564,0.925024,0.114619,0.1047,0.334413,0.80773,-0.045012,0.1708,0.596846,0.926116,0.117072,0.1051,0.338765,0.802843,-0.041928,0.1716,0.598421,0.919289,0.098929,0.1213,0.460789,0.43809,-0.000561,0.9871,0.540637,0.43957,0.001918,0.9863,0.460776,0.639256,-0.094013,0.7249,0.595741,0.665988,-0.067298,0.756,0.410834,0.846297,-0.138803,0.9006,0.640305,0.897662,-0.113839,0.7953,0.405929,0.871358,-0.146781,0.8656,0.648516,0.923843,-0.121832,0.719,0.395257,0.921458,-0.173217,0.8436,0.647351,0.947582,-0.140183,0.6622
adho_mukha_tf_0160,0.451719,0.741638,-0.054002,0.9999,0.440433,0.739477,-0.034487,0.9999,0.436338,0.736597,-0.033433,0.9999,0.431825,0.733529,-0.03362,0.9999,0.451171,0.744908,-0.038154,0.9999,0.454265,0.745029,-0.038949,0.9999,0.45719,0.745138,-0.038745,0.9999,0.427582,0.716288,0.067884,0.9999,0.462336,0.730934,0.031989,0.9999,0.448149,0.727225,-0.019749,0.9996,0.463012,0.731813,-0.030762,0.9996,0.408183,0.64887,0.05942,0.9979,0.536652,0.670165,0.018544,0.9978,0.360434,0.72197,-0.034673,0.7001,0.560567,0.778867,-0.089489,0.6848,0.352084,0.798969,-0.108624,0.2678,0.568192,0.900739,-0.11616,0.2998,0.340898,0.810873,-0.119608,0.2031,0.567302,0.926464,-0.12619,0.2156,0.350811,0.810903,-0.116349,0.1996,0.567361,0.927539,-0.109529,0.2082,0.355004,0.80655,-0.109724,0.2252,0.568422,0.921275,-0.115809,0.2208,0.452597,0.445986,0.020215,0.9858,0.546355,0.448662,-0.018743,0.9801,0.465261,0.656795,-0.137533,0.8156,0.584286,0.663082,-0.143434,0.8852,0.450298,0.840727,-0.254726,0.9161,0.621375,0.90312,-0.283536,0.845,0.448633,0.856547,-0.26742,0.9223,0.634537,0.924698,-0.300301,0.7997,0.453411,0.920101,-0.291974,0.8996,0.627371,0.945563,-0.3202,0.7793
adho_mukha_tf_0161,0.465661,0.72684,-0.138561,1.0,0.455143,0.729041,-0.116017,1.0,0.450983,0.726983,-0.114877,1.0,0.446777,0.725148,-0.11497,1.0,0.467729,0.733835,-0.12305,1.0,0.471958,0.735088,-0.123881,1.0,0.477347,0.73646,-0.123659,1.0,0.443842,0.714491,0.001886,1.0,0.48251,0.727332,-0.04434,1.0,0.458897,0.712847,-0.097753,0.9999,0.477031,0.718661,-0.11051,0.9999,0.422697,0.645544,0.027274,0.9994,0.550177,0.667368,-0.046673,0.9997,0.366517,0.688773,-0.08565,0.6153,0.600349,0.773173,-0.201904,0.8041,0.343015,0.776213,-0.214185,0.3086,0.620395,0.89956,-0.317835,0.6734,0.341005,0.786012,-0.236596,0.2442,0.633804,0.921772,-0.342902,0.5678,0.352439,0.793761,-0.240601,0.2428,0.627055,0.922425,-0.33157,0.5547,0.354183,0.790189,-0.21799,0.2591,0.616365,0.917084,-0.322842,0.5565,0.449421,0.447808,0.031657,0.9826,0.547369,0.449202,-0.030282,0.9844,0.466701,0.650462,-0.16673,0.7667,0.571198,0.668671,-0.219187,0.8894,0.445201,0.870986,-0.316488,0.7936,0.604399,0.90454,-0.390405,0.7626,0.437331,0.880382,-0.333689,0.8171,0.616253,0.923053,-0.410112,0.7183,0.496923,0.948098,-0.393887,0.8028,0.619075,0.965952,-0.470509,0.7668
adho_mukha_tf_0162,0.481407,0.742432,-0.038916,1.0,0.47206,0.742501,-0.015951,1.0,0.467292,0.7403,-0.014982,1.0,0.462493,0.738233,-0.014824,1.0,0.485764,0.746643,-0.022217,1.0,0.490438,0.747199,-0.023045,1.0,0.495821,0.747906,-0.022336,1.0,0.460171,0.725856,0.083358,1.0,0.503886,0.736521,0.041978,1.0,0.470714,0.726949,-0.004928,1.0,0.489074,0.731233,-0.016619,1.0,0.425575,0.647937,0.085253,0.9992,0.556582,0.673697,0.016811,0.9997,0.365173,0.699991,-0.066714,0.594,0.592981,0.779051,-0.149755,0.8872,0.364475,0.784182,-0.232328,0.4201,0.606544,0.908485,-0.31102,0.8471,0.363352,0.795829,-0.259646,0.3733,0.612137,0.929268,-0.348487,0.8178,0.372881,0.801075,-0.273256,0.3676,0.605148,0.934538,-0.336237,0.8003,0.37406,0.797045,-0.240293,0.3681,0.600115,0.927504,-0.317299,0.7767,0.441599,0.456973,0.029284,0.9965,0.54078,0.463052,-0.028253,0.9979,0.463399,0.665587,-0.077216,0.7679,0.559034,0.677824,-0.144872,0.9351,0.42371,0.869066,-0.147404,0.8072,0.565713,0.907329,-0.226368,0.751,0.418291,0.880219,-0.157815,0.8681,0.55846,0.913028,-0.23953,0.7332,0.468857,0.952383,-0.225586,0.8412,0.570657,0.95661,-0.309938,0.7488
adho_mukha_tf_0163,0.488129,0.718933,0.024645,1.0,0.479969,0.724435,0.046825,1.0,0.474795,0.719074,0.047752,1.0,0.469841,0.717268,0.047864,1.0,0.494323,0.729273,0.045582,1.0,0.499234,0.730334,0.044638,1.0,0.505072,0.731802,0.045821,1.0,0.465207,0.708369,0.143008,1.0,0.51206,0.718244,0.115717,1.0,0.475568,0.701898,0.056408,0.9999,0.495189,0.705211,0.048177,0.9999,0.433111,0.633762,0.110573,0.9986,0.549705,0.650444,0.095739,0.9991,0.377754,0.680464,-0.055367,0.5305,0.578322,0.758556,-0.048629,0.7434,0.375317,0.772117,-0.213517,0.4745,0.594479,0.894367,-0.228977,0.7684,0.373246,0.795098,-0.241254,0.4319,0.602248,0.922204,-0.259261,0.8418,0.377855,0.798744,-0.242173,0.4251,0.593112,0.92493,-0.253162,0.8143,0.384822,0.791707,-0.218872,0.4061,0.58783,0.916331,-0.235474,0.7593,0.443587,0.457289,0.012178,0.9977,0.542364,0.45965,-0.010991,0.9984,0.46435,0.671474,-0.03918,0.9265,0.548646,0.672203,-0.097166,0.9454,0.446586,0.863815,-0.104655,0.9002,0.567838,0.902426,-0.136839,0.7756,0.481551,0.912655,-0.112856,0.9552,0.570139,0.920001,-0.1462,0.863,0.473647,0.948877,-0.122026,0.9196,0.57288,0.955295,-0.187545,0.7777
adho_mukha_tf_0164,0.49575,0.725829,-0.023698,1.0,0.490044,0.733475,-0.000532,1.0,0.485702,0.732074,0.000436,1.0,0.480767,0.730862,0.000767,1.0,0.502761,0.737003,-0.008142,1.0,0.507285,0.738023,-0.009136,1.0,0.512466,0.739188,-0.007531,1.0,0.47628,0.719569,0.103286,1.0,0.522758,0.72647,0.050017,1.0,0.485965,0.710559,0.012828,1.0,0.503088,0.713101,-0.002339,0.9999,0.44359,0.646657,0.10182,0.9984,0.555895,0.668582,0.036573,0.9994,0.399582,0.697022,-0.070353,0.2954,0.572107,0.766972,-0.106341,0.865,0.400174,0.769326,-0.254632,0.2985,0.587206,0.899583,-0.277209,0.8551,0.404369,0.786165,-0.285219,0.2992,0.590892,0.923244,-0.314825,0.9159,0.408987,0.790015,-0.291238,0.2956,0.584943,0.929957,-0.308081,0.892,0.414239,0.783695,-0.26213,0.2944,0.576135,0.919382,-0.285495,0.8435,0.451907,0.460671,0.023298,0.9961,0.547939,0.464458,-0.022026,0.9973,0.467345,0.667361,-0.012018,0.8971,0.55912,0.677463,-0.088752,0.9721,0.453124,0.848626,-0.075829,0.797,0.568945,0.90174,-0.154524,0.7553,0.455735,0.861832,-0.083457,0.9372,0.578954,0.877723,-0.164433,0.8802,0.480594,0.947992,-0.118178,0.8924,0.580246,0.957169,-0.228454,0.8282
adho_mukha_tf_0165,0.505731,0.721902,-0.03171,1.0,0.499035,0.727677,-0.010279,1.0,0.494176,0.726259,-0.009268,1.0,0.488903,0.724989,-0.009178,1.0,0.512015,0.730993,-0.013978,1.0,0.516646,0.731899,-0.015033,1.0,0.52083,0.732668,-0.014023,1.0,0.482492,0.713733,0.092538,1.0,0.531476,0.722241,0.058333,1.0,0.495157,0.704278,0.004746,0.9999,0.512216,0.706173,-0.004734,0.9999,0.450227,0.643209,0.087185,0.9974,0.564275,0.657628,0.036403,0.9996,0.411843,0.710546,-0.070589,0.2686,0.585677,0.78149,-0.115755,0.8764,0.440779,0.747369,-0.237482,0.1321,0.592616,0.910531,-0.259387,0.7971,0.453256,0.778476,-0.264864,0.1498,0.597099,0.936124,-0.287194,0.8563,0.461922,0.779549,-0.270538,0.1485,0.591681,0.939231,-0.28636,0.8229,0.468383,0.778514,-0.242007,0.1434,0.585517,0.930825,-0.267244,0.7636,0.458158,0.458268,0.021919,0.9782,0.559929,0.45911,-0.020667,0.9893,0.474168,0.654671,-0.083133,0.8617,0.563013,0.671492,-0.176522,0.9385,0.480419,0.873995,-0.203175,0.7895,0.564585,0.896668,-0.268001,0.598,0.482222,0.888591,-0.216179,0.9071,0.583222,0.881066,-0.279677,0.7545,0.49954,0.96386,-0.2599,0.8766,0.5844,0.962326,-0.346223,0.7454
adho_mukha_tf_0166,0.51754,0.709355,-0.173653,0.9999,0.51294,0.719381,-0.162778,0.9999,0.50833,0.719326,-0.161756,0.9999,0.503245,0.719302,-0.161616,0.9999,0.525928,0.720835,-0.162221,0.9998,0.531084,0.721606,-0.163359,0.9998,0.535636,0.721959,-0.162549,0.9998,0.495045,0.711507,-0.064596,0.9998,0.549514,0.709098,-0.080931,0.9995,0.508726,0.697972,-0.135148,0.999,0.524422,0.698389,-0.141041,0.9986,0.457351,0.656827,-0.038948,0.9979,0.578188,0.664876,-0.061578,0.9949,0.423087,0.755291,-0.114434,0.8158,0.589338,0.77895,-0.096759,0.7951,0.4655,0.847559,-0.189018,0.5493,0.590552,0.917353,-0.104576,0.6559,0.483625,0.89271,-0.209856,0.4902,0.594808,0.936599,-0.107094,0.6687,0.488006,0.898026,-0.199376,0.4963,0.591819,0.940278,-0.104418,0.6374,0.492354,0.896035,-0.186723,0.4424,0.588963,0.934972,-0.106593,0.5634,0.465224,0.465136,0.005894,0.9756,0.562979,0.463475,-0.004944,0.9712,0.486015,0.661731,-0.081605,0.9392,0.575388,0.6778,-0.086516,0.8949,0.504329,0.840312,-0.155923,0.9286,0.573828,0.882023,-0.117189,0.7456,0.509818,0.858836,-0.161636,0.9498,0.602676,0.865779,-0.122235,0.8212,0.511831,0.946997,-0.171613,0.9098,0.57791,0.961054,-0.152045,0.7243
adho_mukha_tf_0167,0.524174,0.707953,-0.051328,0.9999,0.516881,0.715136,-0.034807,0.9999,0.511221,0.715055,-0.033886,0.9999,0.505413,0.71497,-0.033864,0.9999,0.53354,0.716912,-0.033428,0.9999,0.540118,0.71768,-0.034516,0.9999,0.545677,0.71784,-0.033506,0.9999,0.496913,0.710661,0.068956,0.9998,0.56432,0.705265,0.052024,0.9997,0.513376,0.695263,-0.01271,0.9994,0.532768,0.695404,-0.018644,0.9993,0.461522,0.663616,0.062196,0.9956,0.585276,0.66235,0.043027,0.9938,0.425855,0.742015,-0.048136,0.731,0.608823,0.756082,-0.07375,0.7283,0.466529,0.848019,-0.147027,0.4926,0.593945,0.899629,-0.169739,0.5325,0.472153,0.872677,-0.169382,0.4325,0.599671,0.922898,-0.182991,0.549,0.483762,0.89449,-0.161633,0.4426,0.596608,0.932376,-0.179627,0.5283,0.488323,0.892212,-0.147034,0.4105,0.593073,0.923175,-0.173584,0.4689,0.467049,0.464983,0.005749,0.9814,0.568292,0.461477,-0.004755,0.9839,0.487268,0.667597,-0.06006,0.9415,0.56764,0.676796,-0.060665,0.8733,0.493243,0.865033,-0.147022,0.9366,0.573381,0.893444,-0.069441,0.7691,0.506258,0.909761,-0.156506,0.9578,0.584403,0.916052,-0.073481,0.8096,0.503426,0.953398,-0.169328,0.9207,0.578814,0.953873,-0.102234,0.6954
adho_mukha_tf_0168,0.537657,0.703963,-0.040073,1.0,0.532406,0.712532,-0.022062,1.0,0.52656,0.712989,-0.021099,1.0,0.519736,0.713921,-0.021155,0.9999,0.550577,0.713905,-0.017567,0.9999,0.556589,0.714854,-0.01862,0.9999,0.563273,0.715419,-0.01748,0.9999,0.512377,0.710681,0.076733,0.9999,0.579683,0.706462,0.075684,0.9998,0.526259,0.69448,-0.003614,0.9994,0.546826,0.695374,-0.004655,0.9993,0.476713,0.665566,0.064184,0.9959,0.596929,0.65657,0.072664,0.9888,0.44312,0.760468,-0.062198,0.7194,0.612792,0.755994,-0.062002,0.5056,0.468919,0.868763,-0.156432,0.5713,0.598873,0.901809,-0.193544,0.3675,0.48474,0.910415,-0.179251,0.5127,0.603048,0.925171,-0.211847,0.3762,0.486548,0.927337,-0.174626,0.5242,0.599732,0.934647,-0.205299,0.3555,0.492819,0.912649,-0.156843,0.495,0.597205,0.925504,-0.197219,0.3276,0.481117,0.462016,-0.002784,0.9928,0.580361,0.459036,0.003792,0.9903,0.49404,0.66944,-0.064452,0.9228,0.574824,0.676533,-0.039218,0.704,0.505808,0.871735,-0.153699,0.913,0.576087,0.888198,-0.045945,0.5521,0.517365,0.910425,-0.164105,0.9312,0.578392,0.892739,-0.05087,0.5655,0.506726,0.960259,-0.210489,0.8902,0.571381,0.951879,-0.106687,0.4987
adho_mukha_tf_0169,0.544291,0.730048,-0.036821,1.0,0.537458,0.736405,-0.017772,1.0,0.531285,0.73614,-0.016769,0.9999,0.524147,0.736046,-0.016809,0.9999,0.554999,0.737504,-0.013354,0.9999,0.5602,0.737531,-0.014448,0.9999,0.565032,0.737259,-0.013193,0.9999,0.515049,0.73038,0.072453,0.9999,0.580767,0.727051,0.073754,0.9997,0.532498,0.7149,-0.004783,0.9993,0.551446,0.715255,-0.005,0.999,0.481533,0.67879,0.061839,0.9939,0.604124,0.663707,0.063498,0.9862,0.481198,0.774307,-0.049378,0.7111,0.626244,0.763528,-0.059038,0.5429,0.491597,0.902124,-0.138326,0.5833,0.599027,0.910008,-0.173094,0.4216,0.489476,0.933065,-0.163458,0.5361,0.599167,0.936777,-0.19036,0.4153,0.493418,0.934546,-0.159174,0.5407,0.597045,0.938775,-0.178761,0.3836,0.496326,0.922843,-0.138195,0.5062,0.594406,0.930843,-0.174441,0.3564,0.486159,0.46489,-0.004653,0.9903,0.585046,0.45947,0.005539,0.9882,0.496274,0.672604,-0.055604,0.8877,0.575985,0.678134,-0.034422,0.6511,0.513506,0.8868,-0.113735,0.8573,0.568209,0.885565,-0.042194,0.4904,0.517795,0.923165,-0.121341,0.8829,0.596261,0.869317,-0.047192,0.5083,0.507465,0.956803,-0.17684,0.8374,0.573239,0.955938,-0.112272,0.4792
adho_mukha_tf_0170,0.556336,0.727639,0.016163,0.9998,0.550422,0.732075,0.034731,0.9998,0.544644,0.731979,0.035723,0.9998,0.538619,0.732199,0.035625,0.9997,0.565974,0.731735,0.039034,0.9997,0.571457,0.731194,0.037896,0.9997,0.576129,0.730919,0.039174,0.9996,0.527604,0.720832,0.118664,0.9996,0.591837,0.717198,0.118635,0.9992,0.545916,0.715834,0.045763,0.9979,0.562785,0.714711,0.044199,0.9972,0.491834,0.671722,0.096317,0.9877,0.611045,0.659841,0.095853,0.9792,0.486033,0.78936,-0.011289,0.4943,0.625893,0.766268,-0.009097,0.4578,0.496129,0.911746,-0.074063,0.5062,0.591684,0.917555,-0.084269,0.4182,0.493286,0.939675,-0.088526,0.4867,0.591055,0.940344,-0.096358,0.4676,0.498407,0.940249,-0.084145,0.4767,0.587625,0.942352,-0.074472,0.4128,0.500448,0.929943,-0.073741,0.4461,0.585257,0.935395,-0.080111,0.3731,0.495783,0.461053,-0.000241,0.9837,0.590883,0.457737,0.001459,0.9805,0.493351,0.682116,-0.034882,0.8288,0.584962,0.685948,-0.019759,0.726,0.506172,0.874158,-0.093184,0.8169,0.569408,0.907182,-0.05695,0.4198,0.518724,0.896119,-0.099016,0.8957,0.577567,0.922495,-0.061853,0.6115,0.510342,0.958988,-0.130565,0.8395,0.570449,0.95026,-0.095875,0.5021
adho_mukha_tf_0171,0.569256,0.722702,0.044162,0.9999,0.564998,0.72779,0.063997,0.9999,0.558949,0.72725,0.064967,0.9999,0.552212,0.727369,0.064877,0.9999,0.581091,0.727782,0.068,0.9999,0.586122,0.726824,0.066958,0.9998,0.591637,0.725912,0.068592,0.9998,0.54387,0.713304,0.144976,0.9998,0.603511,0.708614,0.146468,0.9996,0.558105,0.707453,0.072998,0.9986,0.575628,0.706216,0.071943,0.9982,0.497994,0.669228,0.12654,0.9912,0.617715,0.658879,0.122114,0.9866,0.482349,0.788909,0.018078,0.5066,0.639522,0.758923,0.015497,0.451,0.492203,0.920586,-0.05446,0.5545,0.596517,0.899524,-0.072423,0.4627,0.492675,0.940965,-0.072097,0.5252,0.594755,0.926726,-0.085533,0.4826,0.495059,0.941795,-0.070578,0.5196,0.590153,0.928609,-0.066566,0.4344,0.496759,0.935588,-0.054445,0.4804,0.587658,0.922096,-0.068929,0.3929,0.501123,0.464145,-0.001963,0.9905,0.598382,0.459967,0.003093,0.9902,0.497635,0.680225,-0.03981,0.8471,0.599893,0.693043,-0.007184,0.7184,0.503606,0.883981,-0.093674,0.7616,0.577879,0.903412,-0.041555,0.4169,0.519858,0.937908,-0.098778,0.8409,0.583766,0.919381,-0.045926,0.5474,0.504388,0.96714,-0.136996,0.7737,0.568651,0.962345,-0.090418,0.4627
adho_mukha_tf_0172,0.584225,0.738975,0.121878,1.0,0.576717,0.747847,0.145569,1.0,0.571924,0.74784,0.146605,1.0,0.565835,0.748312,0.146613,1.0,0.595859,0.742257,0.149444,1.0,0.599968,0.739949,0.148684,1.0,0.604001,0.738042,0.149882,1.0,0.559022,0.73352,0.23361,1.0,0.609334,0.716962,0.23063,1.0,0.57217,0.727979,0.152494,1.0,0.591108,0.706182,0.147644,1.0,0.507412,0.674507,0.194875,0.9996,0.628545,0.651661,0.187343,0.9993,0.476091,0.760129,-0.024666,0.8502,0.665826,0.724704,-0.013118,0.7068,0.488519,0.866628,-0.147575,0.9471,0.646581,0.793712,-0.135169,0.8557,0.480198,0.896947,-0.151839,0.951,0.648854,0.81169,-0.142853,0.8873,0.489239,0.894529,-0.142977,0.9468,0.635064,0.813079,-0.108939,0.8652,0.494214,0.882627,-0.146853,0.9282,0.63226,0.806369,-0.125677,0.8199,0.507007,0.489044,0.005834,0.999,0.603516,0.470623,-0.004754,0.9982,0.504008,0.678156,-0.059804,0.9571,0.64145,0.665912,0.019352,0.9666,0.518963,0.856923,-0.153429,0.9272,0.614392,0.830588,-0.04656,0.8091,0.531868,0.866358,-0.157826,0.9878,0.605584,0.836905,-0.051334,0.9436,0.521039,0.929046,-0.118148,0.9773,0.605754,0.904104,-0.017243,0.9015
adho_mukha_tf_0173,0.600282,0.746981,0.102141,1.0,0.59646,0.754393,0.130312,1.0,0.590307,0.755271,0.13132,1.0,0.584844,0.755963,0.131505,1.0,0.612079,0.749726,0.133763,1.0,0.6164,0.747628,0.133019,1.0,0.620249,0.746196,0.134431,1.0,0.577575,0.739891,0.223905,1.0,0.627672,0.727045,0.220428,1.0,0.589515,0.734449,0.130678,0.9999,0.607294,0.727404,0.127803,0.9999,0.521625,0.676693,0.178413,0.9988,0.652926,0.659055,0.144327,0.9985,0.491613,0.782284,0.021526,0.7583,0.68966,0.746319,-0.052848,0.5597,0.487514,0.906101,-0.107959,0.7613,0.645322,0.821327,-0.177472,0.5201,0.486294,0.933064,-0.123593,0.7517,0.637038,0.832515,-0.190135,0.5523,0.491278,0.93529,-0.121851,0.7557,0.628476,0.833751,-0.166556,0.5252,0.493995,0.929512,-0.109486,0.7309,0.62862,0.830459,-0.172397,0.4958,0.514366,0.464284,0.01728,0.9989,0.616197,0.451767,-0.016412,0.9987,0.505658,0.68716,0.016413,0.8867,0.620671,0.673872,0.019742,0.8353,0.498067,0.935276,0.005412,0.8896,0.584189,0.907979,0.080837,0.7116,0.498068,0.956268,0.005032,0.9145,0.601543,0.899352,0.081467,0.6982,0.500205,0.971696,0.011897,0.8708,0.600941,0.938049,0.064792,0.6277
adho_mukha_tf_0174,0.60216,0.739482,0.083688,1.0,0.596922,0.742555,0.111569,1.0,0.591254,0.743149,0.112803,1.0,0.585261,0.74421,0.112756,1.0,0.614109,0.738974,0.11201,1.0,0.618328,0.737419,0.111348,1.0,0.622064,0.736273,0.112526,1.0,0.575913,0.732924,0.207267,1.0,0.629499,0.718152,0.191408,1.0,0.586459,0.731625,0.114908,0.9999,0.607,0.723959,0.108775,0.9999,0.521791,0.672423,0.169573,0.9993,0.655018,0.662052,0.131819,0.998,0.491419,0.781356,-0.004391,0.7678,0.689168,0.742696,-0.056636,0.3243,0.483927,0.920054,-0.128599,0.8296,0.65675,0.818984,-0.190966,0.4564,0.481295,0.946696,-0.140955,0.8103,0.652878,0.830614,-0.206734,0.5236,0.485984,0.949084,-0.145465,0.8047,0.645052,0.832771,-0.182281,0.4894,0.491464,0.939994,-0.131408,0.7908,0.643275,0.829007,-0.18637,0.4602,0.514983,0.463021,0.028026,0.999,0.61765,0.45088,-0.027033,0.9981,0.507539,0.686898,0.023205,0.6448,0.637166,0.674109,-0.005308,0.6821,0.481088,0.944514,0.004812,0.6355,0.590446,0.901311,0.006866,0.4287,0.47927,0.964218,0.002194,0.7974,0.607355,0.894556,0.003043,0.4458,0.487397,0.984185,-0.006776,0.7098,0.602106,0.962478,-0.025996,0.4715
adho_mukha_tf_0175,0.608053,0.718373,0.082278,1.0,0.603142,0.725766,0.105764,1.0,0.59714,0.727024,0.106898,1.0,0.59119,0.7284,0.106971,1.0,0.620305,0.720982,0.110188,1.0,0.626781,0.718829,0.109461,1.0,0.63111,0.717796,0.11076,1.0,0.580557,0.72009,0.196018,1.0,0.636706,0.703935,0.194734,1.0,0.592082,0.71026,0.111587,0.9999,0.611611,0.703235,0.109087,0.9999,0.523878,0.673061,0.153724,0.9996,0.656273,0.638602,0.141107,0.9986,0.474169,0.793962,-0.008587,0.7898,0.698372,0.734887,-0.03072,0.4151,0.479416,0.924398,-0.104153,0.804,0.6521,0.812788,-0.13398,0.3853,0.473914,0.948816,-0.111499,0.7821,0.646688,0.827655,-0.138722,0.4322,0.481998,0.949893,-0.109662,0.7817,0.637354,0.823791,-0.112043,0.3971,0.484494,0.943204,-0.104232,0.7486,0.634844,0.818781,-0.125914,0.3726,0.515714,0.45478,0.011691,0.9994,0.61817,0.445548,-0.010666,0.9988,0.509009,0.686415,0.008919,0.8693,0.643189,0.670261,0.026285,0.7856,0.485136,0.942653,-0.046109,0.8373,0.635528,0.865882,0.037904,0.5871,0.482028,0.960937,-0.05055,0.892,0.632681,0.883963,0.034315,0.6147,0.485693,0.990356,-0.04121,0.8419,0.602802,0.961237,0.02318,0.551
adho_mukha_tf_0176,0.615609,0.717902,0.135731,1.0,0.60609,0.725381,0.161174,1.0,0.604817,0.727917,0.162199,1.0,0.595916,0.730357,0.162224,1.0,0.630079,0.719208,0.167849,1.0,0.634137,0.717006,0.166993,1.0,0.639224,0.714981,0.168961,1.0,0.586258,0.722183,0.245905,1.0,0.642142,0.700495,0.260645,1.0,0.600529,0.715704,0.161401,0.9999,0.621377,0.70598,0.163612,0.9999,0.530852,0.672763,0.191775,0.9998,0.664566,0.634274,0.213364,0.9999,0.492055,0.774098,0.03713,0.8391,0.71645,0.685753,0.073008,0.4888,0.482881,0.900339,-0.064578,0.812,0.715984,0.758945,-0.061754,0.5853,0.472136,0.931279,-0.075063,0.7755,0.708795,0.773686,-0.05751,0.6152,0.483687,0.934289,-0.068571,0.7644,0.700065,0.77562,-0.03303,0.5903,0.47967,0.918948,-0.065463,0.7368,0.700427,0.771375,-0.053536,0.5707,0.525004,0.45653,0.00116,0.9998,0.624693,0.444454,7.8e-05,0.9997,0.506162,0.682432,0.03236,0.8758,0.635412,0.651679,0.056966,0.767,0.48331,0.928271,0.031553,0.8977,0.649031,0.851977,0.105682,0.763,0.481839,0.941084,0.032293,0.9388,0.652632,0.875839,0.106426,0.7973,0.474512,0.961473,0.049782,0.8749,0.642668,0.920573,0.107065,0.6838
adho_mukha_tf_0178,0.63153,0.709491,0.16053,1.0,0.625243,0.713061,0.187206,1.0,0.604473,0.713342,0.188311,1.0,0.598055,0.713725,0.188165,1.0,0.641243,0.706029,0.191489,1.0,0.644232,0.704592,0.190683,1.0,0.646509,0.703644,0.192089,1.0,0.580793,0.701334,0.274433,1.0,0.650484,0.685389,0.279654,1.0,0.604508,0.689798,0.187882,0.9996,0.636439,0.692461,0.186777,0.9997,0.534323,0.667696,0.226416,0.9999,0.664508,0.62264,0.240075,0.9999,0.488926,0.756935,0.046808,0.7701,0.719582,0.638057,0.104984,0.3256,0.467495,0.893203,-0.07883,0.764,0.730883,0.753563,-0.040617,0.633,0.458275,0.924348,-0.095735,0.7398,0.733629,0.768663,-0.04171,0.7207,0.458321,0.928093,-0.088446,0.7153,0.726267,0.769072,-0.018242,0.6864,0.468352,0.923091,-0.081856,0.707,0.720015,0.765631,-0.033768,0.6424,0.528063,0.450172,0.00243,0.9999,0.626937,0.441659,-0.001077,0.9999,0.507438,0.680883,0.030016,0.8683,0.672935,0.650882,0.004215,0.8605,0.47761,0.916882,-0.020219,0.8887,0.689443,0.840347,-0.047784,0.829,0.483157,0.928994,-0.02305,0.9622,0.68937,0.85789,-0.05431,0.9026,0.468451,0.961372,-0.021292,0.9172,0.691023,0.912877,-0.075026,0.8585
adho_mukha_tf_0179,0.669965,0.664612,0.228386,1.0,0.664866,0.667528,0.258012,1.0,0.660263,0.668568,0.259026,1.0,0.65504,0.669456,0.258893,1.0,0.674772,0.662201,0.264058,1.0,0.678007,0.659458,0.263261,1.0,0.680462,0.656804,0.264988,1.0,0.619884,0.658113,0.343889,1.0,0.679454,0.640068,0.35347,1.0,0.651714,0.660571,0.251625,0.9997,0.666665,0.650732,0.250702,0.9998,0.553643,0.639499,0.267775,0.9998,0.679953,0.580764,0.261534,0.9999,0.507519,0.745613,0.144455,0.7359,0.733444,0.623683,0.107383,0.4798,0.484192,0.885478,0.078159,0.6489,0.735488,0.747304,-0.006659,0.5999,0.475722,0.920552,0.065941,0.6455,0.741786,0.763769,0.004515,0.7142,0.485009,0.920241,0.079979,0.6234,0.729821,0.763372,0.034825,0.6772,0.483282,0.906991,0.076649,0.5991,0.726992,0.761006,0.004697,0.6165,0.529969,0.451043,0.009153,0.9999,0.630102,0.439478,-0.007605,0.9999,0.496378,0.686855,0.046147,0.9617,0.684893,0.635431,0.03269,0.9089,0.462528,0.915248,0.029597,0.9841,0.733901,0.814746,0.030339,0.9503,0.460988,0.944016,0.031174,0.9934,0.739817,0.843489,0.027091,0.9706,0.477299,0.956374,0.096366,0.9765,0.737629,0.858642,0.061194,0.9281
adho_mukha_tf_0180,0.703756,0.618884,0.32388,0.9963,0.702634,0.61955,0.359875,0.9949,0.70142,0.62014,0.360686,0.994,0.699498,0.621525,0.360713,0.9926,0.70679,0.616821,0.351155,0.9951,0.709509,0.61445,0.349516,0.9947,0.711323,0.618084,0.353032,0.9939,0.701034,0.614867,0.434867,0.993,0.714032,0.606335,0.391248,0.9948,0.701437,0.612034,0.337107,0.9908,0.706411,0.608877,0.321572,0.9913,0.674065,0.594393,0.353324,0.9872,0.724535,0.568985,0.317487,0.9927,0.659302,0.671028,0.28999,0.4601,0.744731,0.588478,0.316669,0.0726,0.671496,0.746088,0.288872,0.1665,0.763767,0.629521,0.350094,0.0362,0.656472,0.75995,0.279699,0.1662,0.766609,0.63871,0.400968,0.0688,0.661056,0.757571,0.298852,0.147,0.764659,0.64295,0.419156,0.0562,0.677696,0.752588,0.296002,0.1208,0.763291,0.641535,0.363947,0.0552,0.627555,0.532802,0.02412,0.7467,0.656093,0.509564,-0.023571,0.6945,0.603282,0.652575,-0.019459,0.7594,0.643577,0.570262,-0.023432,0.8135,0.620426,0.745225,-0.049317,0.5145,0.619205,0.701084,-0.022426,0.5899,0.620858,0.754594,-0.051157,0.8603,0.614846,0.718249,-0.016076,0.73,0.627362,0.784278,-0.050495,0.5325,0.624925,0.746004,-0.020359,0.4459
adho_mukha_tf_0181,0.627247,0.815185,0.084982,1.0,0.641487,0.816111,0.055379,1.0,0.644499,0.812356,0.056159,1.0,0.647459,0.808623,0.056091,1.0,0.633066,0.825097,0.047891,1.0,0.630626,0.827168,0.047383,1.0,0.627773,0.82951,0.047891,1.0,0.645532,0.798576,-0.010163,1.0,0.617837,0.827422,-0.058885,1.0,0.622354,0.802151,0.068756,0.9999,0.613708,0.810387,0.054493,0.9999,0.610303,0.721843,0.087479,0.9997,0.53943,0.79813,-0.143289,0.9999,0.560063,0.752487,0.306217,0.109,0.495488,0.855289,-0.069675,0.932,0.577108,0.824776,0.421659,0.3373,0.528824,0.932738,0.071276,0.9155,0.583773,0.828654,0.438461,0.5071,0.53519,0.9563,0.068252,0.9072,0.583989,0.841677,0.416593,0.5119,0.547759,0.949766,0.055387,0.9065,0.577453,0.842588,0.417538,0.5023,0.546773,0.94176,0.070933,0.8847,0.420028,0.568844,0.092362,1.0,0.38582,0.627403,-0.091037,1.0,0.404053,0.592699,0.398568,0.3139,0.329921,0.736339,0.146813,0.929,0.322866,0.554305,0.589666,0.5619,0.24414,0.676486,0.382944,0.8996,0.310602,0.538478,0.612421,0.7608,0.236883,0.654764,0.414585,0.8826,0.297254,0.576888,0.687508,0.331,0.222673,0.697652,0.489357,0.7033
adho_mukha_tf_0182,0.614021,0.820518,0.087296,0.9999,0.629263,0.821407,0.059033,0.9999,0.632812,0.817369,0.059677,0.9999,0.636,0.813549,0.059695,0.9999,0.620693,0.829419,0.049418,1.0,0.61805,0.831228,0.048737,1.0,0.615394,0.833054,0.049426,1.0,0.634729,0.799348,-0.002692,0.9999,0.606851,0.828027,-0.059467,1.0,0.609169,0.806251,0.072216,0.9999,0.600207,0.81444,0.056038,0.9999,0.603447,0.718057,0.089758,0.9996,0.526463,0.796213,-0.137081,0.9999,0.547426,0.742442,0.313093,0.0881,0.492847,0.856408,-0.065018,0.8681,0.555109,0.811515,0.445705,0.2107,0.528206,0.93564,0.079392,0.838,0.559865,0.814216,0.467347,0.3457,0.535397,0.955706,0.077482,0.8347,0.559781,0.827315,0.443683,0.3508,0.544425,0.951251,0.066729,0.832,0.553898,0.828824,0.441708,0.3422,0.544637,0.944198,0.080009,0.8027,0.41648,0.558927,0.090008,1.0,0.375884,0.615073,-0.088672,1.0,0.396235,0.592955,0.374095,0.2057,0.311268,0.71305,0.130332,0.9059,0.308794,0.574927,0.59696,0.4359,0.217971,0.683272,0.377819,0.8527,0.293083,0.560015,0.622629,0.6189,0.206802,0.662365,0.410899,0.8317,0.291868,0.609191,0.688283,0.2538,0.198281,0.715413,0.477105,0.6168
adho_mukha_tf_0183,0.60181,0.808579,0.081018,1.0,0.61545,0.811647,0.05303,1.0,0.618523,0.80842,0.053513,1.0,0.621445,0.805355,0.053628,1.0,0.606192,0.819634,0.042676,1.0,0.602944,0.821659,0.04181,1.0,0.599839,0.823859,0.0428,1.0,0.618876,0.794352,-0.014072,1.0,0.589853,0.820182,-0.075366,1.0,0.598163,0.796392,0.063785,1.0,0.588375,0.804393,0.046409,0.9999,0.5904,0.71345,0.061865,0.9998,0.515961,0.789573,-0.142034,1.0,0.532991,0.744155,0.29511,0.115,0.497452,0.852929,-0.087892,0.8783,0.540423,0.810006,0.429528,0.2363,0.528223,0.93603,0.031591,0.89,0.546605,0.81139,0.45565,0.3433,0.543059,0.962194,0.023,0.8767,0.547386,0.824148,0.428284,0.3504,0.55211,0.954729,0.017275,0.8709,0.54137,0.826502,0.42534,0.3408,0.550153,0.941697,0.033296,0.8365,0.404552,0.547872,0.078888,1.0,0.354848,0.603134,-0.077732,1.0,0.367611,0.592411,0.363488,0.1673,0.300363,0.694319,0.155214,0.806,0.265717,0.592452,0.569118,0.4518,0.230291,0.638737,0.386066,0.7817,0.248639,0.57766,0.59209,0.5879,0.229451,0.625262,0.415546,0.7257,0.238989,0.63686,0.64138,0.398,0.222949,0.667574,0.470214,0.648
adho_mukha_tf_0184,0.576065,0.812389,0.077469,1.0,0.589322,0.814412,0.056094,1.0,0.592147,0.811909,0.056649,1.0,0.594851,0.809679,0.056811,1.0,0.581546,0.819493,0.043044,1.0,0.579072,0.820162,0.042117,1.0,0.576629,0.821119,0.043115,1.0,0.596052,0.798522,0.003753,1.0,0.570017,0.813999,-0.072539,1.0,0.574495,0.799322,0.064609,1.0,0.564891,0.805186,0.042526,1.0,0.578888,0.713479,0.078392,0.9998,0.501498,0.785113,-0.148809,1.0,0.563331,0.7806,0.308958,0.2807,0.491591,0.858941,-0.109099,0.9219,0.604677,0.849542,0.445287,0.4768,0.529605,0.942942,0.030882,0.9133,0.636437,0.856,0.471603,0.5629,0.536573,0.961656,0.021702,0.8891,0.6342,0.859179,0.447931,0.5695,0.548721,0.953682,0.021033,0.883,0.620385,0.863123,0.44236,0.5443,0.550661,0.946108,0.03532,0.8499,0.400633,0.538492,0.092446,1.0,0.347233,0.589152,-0.091416,1.0,0.342407,0.586333,0.362706,0.2074,0.276749,0.670933,0.111633,0.915,0.242295,0.600558,0.524414,0.4501,0.225645,0.624747,0.311618,0.8789,0.224407,0.587942,0.540891,0.6303,0.201963,0.597447,0.336851,0.8488,0.227009,0.650468,0.57956,0.4443,0.19327,0.641679,0.375573,0.7917
adho_mukha_tf_0185,0.542852,0.811933,0.067353,1.0,0.554739,0.815231,0.044031,1.0,0.557375,0.81297,0.044663,1.0,0.560026,0.810688,0.04489,1.0,0.545967,0.819227,0.034357,1.0,0.542456,0.819605,0.033543,1.0,0.538554,0.820173,0.034467,1.0,0.559356,0.798302,-0.017197,1.0,0.528035,0.811839,-0.078509,1.0,0.540593,0.798734,0.052049,0.9999,0.530724,0.804348,0.03501,0.9999,0.547522,0.71561,0.048586,0.9998,0.465247,0.777137,-0.144342,1.0,0.565069,0.809073,0.21604,0.4902,0.474459,0.859573,-0.121572,0.9328,0.606236,0.868257,0.27649,0.7855,0.52115,0.946146,-0.016762,0.9518,0.636943,0.871768,0.293395,0.823,0.525527,0.967931,-0.033178,0.9334,0.632289,0.878444,0.269433,0.8247,0.5412,0.962161,-0.030632,0.9269,0.614418,0.878751,0.271591,0.7917,0.54172,0.949892,-0.01262,0.9094,0.387328,0.531642,0.085975,1.0,0.327652,0.576826,-0.084621,1.0,0.337109,0.570507,0.36448,0.2189,0.257067,0.60789,0.113576,0.8812,0.247996,0.606608,0.483688,0.4833,0.227523,0.601171,0.308803,0.7479,0.230108,0.599006,0.495438,0.636,0.222862,0.589504,0.331384,0.7637,0.23472,0.668227,0.514469,0.5529,0.219107,0.626352,0.360151,0.6928
adho_mukha_tf_0186,0.530096,0.818343,0.077969,1.0,0.542321,0.82169,0.051429,1.0,0.545396,0.819701,0.052016,1.0,0.548419,0.81786,0.052014,1.0,0.532187,0.825312,0.042154,1.0,0.528282,0.825693,0.04139,1.0,0.523993,0.826327,0.042302,1.0,0.54954,0.801191,-0.021193,1.0,0.511233,0.814393,-0.077264,1.0,0.528421,0.80403,0.059137,0.9999,0.517356,0.808441,0.044682,0.9999,0.541158,0.723291,0.039421,0.9998,0.452814,0.77426,-0.150561,0.9999,0.564362,0.807899,0.182075,0.4932,0.463778,0.855822,-0.242995,0.9215,0.608465,0.869013,0.219637,0.8028,0.515652,0.94222,-0.336927,0.9802,0.637046,0.877029,0.230057,0.8174,0.524479,0.963553,-0.381138,0.9745,0.630291,0.886133,0.196589,0.8236,0.536426,0.960259,-0.371375,0.9726,0.616199,0.884758,0.21003,0.7926,0.535747,0.948756,-0.33611,0.9618,0.383699,0.520951,0.079786,1.0,0.321365,0.560894,-0.078082,1.0,0.335514,0.555334,0.348047,0.2223,0.256684,0.593365,0.145287,0.809,0.265488,0.619536,0.519647,0.4019,0.240616,0.633796,0.382787,0.6924,0.236827,0.61825,0.53647,0.4995,0.224238,0.619694,0.406558,0.7453,0.253706,0.671843,0.525199,0.4486,0.237837,0.651876,0.403399,0.6556
adho_mukha_tf_0187,0.518072,0.811294,0.07898,0.9999,0.529629,0.816039,0.046974,0.9999,0.532718,0.813527,0.047563,0.9999,0.536476,0.810644,0.047649,0.9999,0.519839,0.821294,0.042155,0.9999,0.516132,0.822335,0.04123,0.9999,0.511924,0.823705,0.042212,0.9999,0.538498,0.795897,-0.041468,0.9999,0.497918,0.814846,-0.079146,0.9999,0.515312,0.794334,0.054427,0.9999,0.504271,0.800742,0.045044,0.9998,0.537437,0.722802,0.020901,0.9997,0.437905,0.777117,-0.140601,0.9999,0.567179,0.801458,0.167485,0.5309,0.45261,0.863534,-0.145617,0.9066,0.607218,0.86961,0.209123,0.8471,0.509048,0.946184,-0.12758,0.9731,0.631273,0.881061,0.222773,0.8671,0.519968,0.967376,-0.164008,0.9607,0.622848,0.89008,0.188649,0.8704,0.533134,0.961554,-0.156851,0.9577,0.610833,0.88654,0.199995,0.8406,0.531519,0.950867,-0.125546,0.945,0.382027,0.517228,0.071031,0.9999,0.317322,0.565819,-0.069644,0.9999,0.373604,0.562059,0.3513,0.108,0.27647,0.63006,0.144268,0.677,0.291815,0.599177,0.567282,0.2367,0.236893,0.630882,0.41766,0.4734,0.272398,0.591179,0.589453,0.3098,0.229137,0.620221,0.446574,0.5253,0.29043,0.644053,0.589708,0.2934,0.237031,0.657852,0.459927,0.4723
adho_mukha_tf_0188,0.505156,0.811592,0.054832,0.9999,0.515621,0.817621,0.024292,0.9999,0.519347,0.815153,0.024879,0.9999,0.522706,0.812958,0.024944,0.9999,0.506261,0.822438,0.018036,0.9999,0.503082,0.823611,0.017053,0.9999,0.499478,0.824994,0.018025,0.9999,0.527448,0.799465,-0.056313,0.9999,0.487565,0.818918,-0.100163,0.9999,0.503625,0.79578,0.032914,0.9999,0.493185,0.801205,0.021735,0.9998,0.534341,0.732484,0.005947,0.9998,0.431782,0.778472,-0.160345,0.9999,0.563305,0.802504,0.134188,0.6007,0.444954,0.870131,-0.168232,0.9098,0.603833,0.879183,0.133111,0.8921,0.503106,0.952553,-0.142316,0.975,0.627366,0.889621,0.13576,0.9051,0.512043,0.973393,-0.18057,0.964,0.617425,0.898934,0.103554,0.9055,0.524678,0.968468,-0.171228,0.9607,0.605213,0.89625,0.122427,0.8813,0.52385,0.958054,-0.139883,0.9481,0.37941,0.520856,0.07486,1.0,0.316391,0.562799,-0.073714,1.0,0.351007,0.587095,0.35988,0.0893,0.267988,0.642632,0.145781,0.6428,0.283193,0.586485,0.588776,0.2152,0.25347,0.584818,0.422193,0.5084,0.270318,0.575171,0.612012,0.2868,0.25154,0.566246,0.450434,0.5137,0.272432,0.619795,0.622843,0.2664,0.255207,0.593852,0.471649,0.4671
adho_mukha_tf_0189,0.493737,0.804175,0.052291,0.9999,0.505527,0.813395,0.021702,0.9999,0.509082,0.811355,0.022166,0.9999,0.513515,0.808648,0.022354,0.9999,0.494757,0.818217,0.016835,0.9999,0.49091,0.819772,0.015848,0.9999,0.486247,0.821522,0.016887,0.9999,0.51752,0.794821,-0.060091,0.9999,0.471349,0.818135,-0.09701,0.9999,0.491551,0.78801,0.030126,0.9999,0.479875,0.793277,0.021126,0.9998,0.522877,0.731573,-0.007105,0.9998,0.416419,0.781771,-0.146725,0.9999,0.56038,0.798854,0.089377,0.7888,0.434781,0.872388,-0.143623,0.9324,0.598859,0.888767,0.074951,0.9487,0.493995,0.961083,-0.121272,0.9833,0.625503,0.897638,0.075075,0.9468,0.5022,0.984622,-0.155213,0.972,0.612884,0.905956,0.047841,0.9472,0.515004,0.979315,-0.146666,0.9692,0.600703,0.905724,0.066102,0.9285,0.515364,0.967762,-0.118289,0.9605,0.380856,0.517363,0.071332,0.9999,0.317272,0.553954,-0.070092,0.9999,0.371415,0.576067,0.37191,0.0774,0.27251,0.620352,0.167067,0.6388,0.297983,0.602198,0.609955,0.1797,0.265785,0.611782,0.452369,0.435,0.28276,0.5915,0.633475,0.2417,0.260853,0.58214,0.480254,0.4797,0.292356,0.649212,0.630026,0.2667,0.27352,0.649755,0.480207,0.4514
adho_mukha_tf_0190,0.490802,0.805416,0.041326,0.9999,0.502141,0.814351,0.012554,0.9999,0.506035,0.812671,0.013069,0.9999,0.510959,0.810323,0.013151,0.9999,0.490436,0.818074,0.00731,0.9999,0.486143,0.819349,0.006387,0.9999,0.481261,0.820859,0.007407,0.9999,0.515928,0.796571,-0.064481,0.9999,0.466615,0.8173,-0.103868,0.9999,0.489526,0.790917,0.020891,0.9999,0.477395,0.794397,0.011057,0.9998,0.527521,0.73456,-0.013141,0.9998,0.415958,0.780897,-0.154698,1.0,0.55922,0.808414,0.079316,0.7216,0.43376,0.873408,-0.184379,0.9199,0.597426,0.896955,0.068144,0.9354,0.490339,0.960783,-0.196624,0.9826,0.620487,0.906626,0.07071,0.9356,0.500678,0.981186,-0.235988,0.9733,0.608268,0.914843,0.043023,0.9359,0.515044,0.97587,-0.224591,0.9705,0.596494,0.913447,0.05937,0.9194,0.515089,0.966081,-0.194331,0.9612,0.387302,0.511063,0.072697,1.0,0.322344,0.544748,-0.071504,1.0,0.370931,0.589863,0.370749,0.0549,0.274639,0.619273,0.15588,0.6186,0.303109,0.575088,0.559835,0.1904,0.273268,0.566478,0.389487,0.5287,0.308801,0.553822,0.578131,0.2645,0.274587,0.548144,0.412069,0.5465,0.286372,0.609963,0.584969,0.3047,0.274554,0.580252,0.42624,0.5453
adho_mukha_tf_0191,0.488544,0.803856,0.016848,0.9999,0.499191,0.811258,-0.010233,1.0,0.502837,0.809005,-0.009772,0.9999,0.507395,0.805985,-0.009713,0.9999,0.48804,0.816072,-0.017717,0.9999,0.484142,0.817263,-0.018628,0.9999,0.479521,0.818609,-0.017758,0.9999,0.510535,0.791243,-0.077292,0.9999,0.464409,0.814175,-0.127335,0.9999,0.48735,0.789225,-0.000466,0.9999,0.475441,0.793234,-0.013176,0.9999,0.521025,0.730273,-0.026987,0.9998,0.411131,0.779537,-0.182529,1.0,0.558599,0.805513,0.019106,0.7443,0.426957,0.870897,-0.230175,0.9318,0.597265,0.894037,-0.044399,0.94,0.483047,0.954816,-0.253574,0.983,0.620158,0.907892,-0.051604,0.9419,0.489916,0.976774,-0.296669,0.973,0.608094,0.916692,-0.080738,0.9421,0.507504,0.971718,-0.28413,0.9705,0.595385,0.912686,-0.055526,0.9258,0.508193,0.961619,-0.251567,0.9614,0.37433,0.514048,0.076835,0.9999,0.313414,0.555678,-0.0755,0.9999,0.362523,0.579972,0.360878,0.0393,0.280002,0.641519,0.13869,0.5233,0.291341,0.592446,0.552137,0.1486,0.264322,0.603424,0.379119,0.4291,0.278794,0.58316,0.570448,0.2121,0.2616,0.573059,0.402387,0.4741,0.277092,0.628718,0.578169,0.2405,0.259472,0.610641,0.420298,0.4398
adho_mukha_tf_0192,0.481453,0.797519,-0.005544,0.9999,0.492346,0.805874,-0.02961,0.9999,0.496832,0.803056,-0.02917,0.9999,0.500729,0.800048,-0.029126,0.9999,0.481019,0.811905,-0.038812,0.9999,0.476959,0.813793,-0.039621,0.9999,0.472148,0.815745,-0.038666,0.9999,0.504698,0.787452,-0.084385,0.9999,0.45712,0.813847,-0.143194,0.9999,0.48055,0.78321,-0.018056,0.9999,0.468384,0.788006,-0.033883,0.9998,0.514907,0.732021,-0.025772,0.9999,0.405527,0.781882,-0.193093,0.9999,0.560076,0.807388,0.038951,0.7977,0.420228,0.875924,-0.226544,0.9455,0.59019,0.898554,0.003618,0.9558,0.480404,0.958097,-0.239073,0.9887,0.618055,0.912041,0.002229,0.9549,0.487625,0.979039,-0.278675,0.9815,0.604869,0.922774,-0.023427,0.9544,0.503814,0.972942,-0.266786,0.9799,0.592473,0.918513,-0.005439,0.943,0.50433,0.962758,-0.23669,0.9722,0.380506,0.512347,0.079803,1.0,0.310688,0.552423,-0.078399,1.0,0.36856,0.579418,0.362861,0.0497,0.272814,0.642844,0.118767,0.6477,0.314131,0.514683,0.521204,0.2214,0.275706,0.543549,0.315364,0.6512,0.314691,0.501915,0.535583,0.2805,0.28496,0.519178,0.336053,0.6389,0.284017,0.530476,0.568634,0.3306,0.268081,0.526804,0.383038,0.6528
adho_mukha_tf_0193,0.480622,0.808602,0.007296,0.9999,0.491405,0.816431,-0.015781,0.9999,0.494995,0.813949,-0.015374,0.9999,0.500699,0.810369,-0.015323,0.9999,0.479756,0.821397,-0.0301,0.9999,0.475385,0.822565,-0.031029,0.9999,0.46975,0.824,-0.030152,0.9999,0.504623,0.793366,-0.065467,0.9999,0.45328,0.818593,-0.145418,0.9998,0.479075,0.792608,-0.003857,0.9998,0.46786,0.796774,-0.024843,0.9998,0.513382,0.732323,-0.00593,0.9997,0.403853,0.778523,-0.203584,0.9999,0.559344,0.808147,0.061648,0.7675,0.419524,0.878181,-0.26972,0.9449,0.589083,0.899879,0.019517,0.939,0.476602,0.961269,-0.325006,0.9888,0.619385,0.912246,0.012536,0.9343,0.485269,0.982707,-0.374495,0.9806,0.604714,0.922736,-0.017582,0.9341,0.501297,0.976471,-0.357409,0.9783,0.591844,0.919497,0.007147,0.9161,0.501258,0.966801,-0.322101,0.9699,0.381656,0.508338,0.08512,0.9999,0.314719,0.542962,-0.083626,0.9999,0.361779,0.581746,0.353405,0.0436,0.266436,0.629291,0.112688,0.5944,0.291007,0.599614,0.582782,0.1224,0.267178,0.601695,0.389255,0.4055,0.277995,0.59686,0.60387,0.1739,0.258448,0.579168,0.415447,0.4668,0.272564,0.650982,0.600981,0.1805,0.270429,0.62279,0.417925,0.3995
adho_mukha_tf_0194,0.475891,0.813133,0.020569,0.9999,0.483462,0.821764,-0.014033,0.9999,0.489306,0.81938,-0.013564,0.9999,0.493097,0.817231,-0.013444,0.9999,0.471813,0.825203,-0.01797,0.9999,0.467603,0.826022,-0.018866,0.9998,0.463083,0.8268,-0.018119,0.9998,0.498827,0.801474,-0.100743,0.9998,0.448898,0.819369,-0.134074,0.9998,0.475631,0.796798,-0.002446,0.9999,0.463381,0.801202,-0.009938,0.9998,0.514622,0.736187,-0.059153,0.9996,0.398466,0.78008,-0.178502,0.9999,0.548573,0.80888,-0.051608,0.6946,0.407594,0.869463,-0.222583,0.8887,0.571862,0.900078,-0.155036,0.9223,0.454638,0.959634,-0.268236,0.9756,0.59894,0.91634,-0.17651,0.935,0.457974,0.983063,-0.312817,0.9658,0.589022,0.928395,-0.202672,0.9348,0.473126,0.977571,-0.305387,0.9628,0.575121,0.921102,-0.16693,0.9145,0.477009,0.965687,-0.268681,0.9509,0.387565,0.515512,0.061293,0.9999,0.320095,0.550588,-0.059966,0.9999,0.37298,0.559271,0.380672,0.0393,0.289727,0.600189,0.22801,0.3458,0.297549,0.584911,0.638435,0.1157,0.268666,0.580323,0.528024,0.2784,0.281195,0.574326,0.664047,0.1889,0.266557,0.569204,0.556304,0.406,0.290447,0.634251,0.651379,0.1597,0.273388,0.604558,0.549463,0.2704
adho_mukha_tf_0195,0.468326,0.809408,0.022531,0.9997,0.476208,0.817869,-0.012257,0.9997,0.480912,0.815799,-0.011778,0.9996,0.485042,0.813498,-0.0117,0.9997,0.465011,0.82117,-0.016305,0.9996,0.461032,0.821881,-0.017248,0.9996,0.456348,0.822611,-0.016589,0.9996,0.492718,0.79546,-0.097991,0.9995,0.440583,0.813329,-0.13215,0.9995,0.469082,0.79278,-0.00041,0.9997,0.456616,0.796063,-0.008103,0.9995,0.505614,0.733454,-0.061257,0.9995,0.388601,0.773004,-0.172207,0.9999,0.544851,0.808401,-0.084122,0.6946,0.397392,0.864053,-0.202914,0.914,0.563248,0.906029,-0.222301,0.8959,0.437722,0.955983,-0.230084,0.98,0.587021,0.919457,-0.250663,0.9076,0.440344,0.983048,-0.271031,0.9679,0.571929,0.927786,-0.27222,0.9072,0.455097,0.978461,-0.268251,0.9656,0.559104,0.923901,-0.23403,0.8859,0.458766,0.965924,-0.232214,0.9533,0.401153,0.503288,0.059693,0.9999,0.32805,0.53052,-0.058437,0.9999,0.380243,0.549625,0.375525,0.0291,0.296653,0.582399,0.223022,0.3441,0.310988,0.564861,0.661292,0.0902,0.281871,0.560822,0.528578,0.3301,0.296623,0.553924,0.688619,0.1395,0.280064,0.550303,0.557003,0.4169,0.300662,0.604744,0.673826,0.1281,0.289559,0.58178,0.542094,0.3104
adho_mukha_tf_0196,0.459374,0.800523,0.013459,0.9982,0.467041,0.809636,-0.017707,0.9984,0.472895,0.808304,-0.017319,0.9979,0.477231,0.806803,-0.017215,0.9982,0.454333,0.811945,-0.021752,0.998,0.449749,0.812348,-0.02277,0.9975,0.444611,0.812822,-0.022272,0.9979,0.483817,0.791647,-0.092705,0.9954,0.429835,0.801653,-0.126024,0.9972,0.460985,0.783266,-0.005771,0.9975,0.448192,0.786015,-0.013749,0.9968,0.497221,0.722118,-0.063632,0.9983,0.385404,0.754435,-0.150066,0.9996,0.5345,0.805981,-0.093955,0.5875,0.386458,0.847522,-0.136146,0.8488,0.551567,0.898551,-0.221271,0.8655,0.419487,0.936966,-0.107027,0.9692,0.572359,0.914522,-0.250022,0.8813,0.416057,0.966502,-0.133741,0.95,0.557776,0.920392,-0.267747,0.8818,0.430636,0.962614,-0.130337,0.9476,0.545121,0.91624,-0.231494,0.8591,0.436904,0.947801,-0.106464,0.9332,0.41523,0.492106,0.046219,0.9992,0.33985,0.509299,-0.044974,0.9991,0.404633,0.552088,0.338659,0.0184,0.317587,0.561448,0.219318,0.213,0.32755,0.556139,0.632013,0.0478,0.291819,0.560768,0.511429,0.1895,0.312619,0.544003,0.659282,0.0665,0.289065,0.555104,0.538914,0.2678,0.311289,0.595174,0.639155,0.0831,0.294778,0.577126,0.518076,0.2047
adho_mukha_tf_0197,0.450642,0.774491,0.030329,0.9988,0.457852,0.783803,0.003827,0.9989,0.462683,0.782902,0.004164,0.9983,0.468018,0.782044,0.004342,0.9987,0.443666,0.785567,-0.001981,0.9985,0.439064,0.786088,-0.002721,0.9979,0.434149,0.786539,-0.002284,0.9983,0.475283,0.769733,-0.061497,0.9963,0.423756,0.774596,-0.101121,0.9973,0.456754,0.75885,0.013692,0.9981,0.441593,0.760171,0.003376,0.9974,0.500405,0.70302,-0.039272,0.9983,0.382267,0.717357,-0.123132,0.9993,0.526877,0.780205,-0.042366,0.5741,0.379755,0.812334,-0.106109,0.8453,0.533593,0.881613,-0.129244,0.8691,0.402093,0.900435,-0.075978,0.9728,0.551798,0.898809,-0.152769,0.8794,0.397364,0.929618,-0.102022,0.9553,0.537265,0.901392,-0.169389,0.8816,0.409364,0.928806,-0.100732,0.9539,0.524979,0.895807,-0.137788,0.863,0.416043,0.914725,-0.076893,0.9406,0.43959,0.460713,0.033422,0.9966,0.366175,0.468192,-0.032087,0.9959,0.445917,0.530805,0.266894,0.0211,0.362865,0.543085,0.179452,0.1037,0.394571,0.522935,0.526549,0.044,0.386412,0.554574,0.428936,0.1152,0.383657,0.513193,0.54884,0.0541,0.392912,0.553273,0.453781,0.2136,0.397693,0.552811,0.522631,0.0648,0.410069,0.570461,0.441997,0.149
adho_mukha_tf_0198,0.458405,0.766755,0.039904,0.9993,0.465225,0.776107,0.012296,0.9994,0.469604,0.775316,0.012688,0.9992,0.4751,0.774582,0.012834,0.9993,0.452675,0.777875,0.008045,0.9993,0.448593,0.778399,0.007302,0.999,0.444275,0.778957,0.007811,0.9992,0.479826,0.763165,-0.053659,0.9984,0.434752,0.767671,-0.08733,0.9989,0.464699,0.753467,0.02354,0.999,0.451046,0.7541,0.014755,0.9989,0.500232,0.693213,-0.03916,0.998,0.386245,0.714232,-0.094359,0.9992,0.525612,0.778483,-0.03477,0.7044,0.381353,0.805459,-0.063818,0.8706,0.534709,0.875839,-0.094449,0.8627,0.400923,0.89412,-0.044431,0.9801,0.552228,0.894379,-0.116515,0.8606,0.396995,0.919107,-0.066487,0.9652,0.537866,0.898066,-0.131153,0.8631,0.409628,0.917302,-0.071394,0.9649,0.526155,0.891476,-0.101296,0.8496,0.416101,0.906832,-0.047688,0.9529,0.451516,0.453438,0.00996,0.9917,0.371833,0.464803,-0.008416,0.9891,0.473336,0.549036,0.187039,0.0885,0.378118,0.570125,0.159176,0.098,0.429937,0.547038,0.423263,0.0791,0.412401,0.595794,0.380019,0.1029,0.416,0.538824,0.442602,0.0677,0.417196,0.594498,0.401787,0.1701,0.449433,0.582114,0.405481,0.0833,0.450445,0.624561,0.383787,0.1389
adho_mukha_tf_0199,0.457912,0.760955,-0.00188,0.9974,0.464805,0.769757,-0.028669,0.9976,0.469196,0.768853,-0.028309,0.9966,0.473884,0.767935,-0.028061,0.9972,0.451271,0.771376,-0.034463,0.9973,0.446559,0.771627,-0.035358,0.9961,0.44186,0.771836,-0.034878,0.9966,0.479528,0.755703,-0.089048,0.9929,0.430147,0.760191,-0.130138,0.9941,0.463185,0.74617,-0.016027,0.9963,0.448932,0.748198,-0.027007,0.9957,0.501805,0.689273,-0.064158,0.9959,0.384895,0.711903,-0.13938,0.9985,0.529661,0.7708,-0.06619,0.6885,0.380587,0.799442,-0.119231,0.8985,0.536973,0.873142,-0.152195,0.8727,0.39864,0.888827,-0.110557,0.9806,0.553742,0.892093,-0.183201,0.8621,0.392999,0.914108,-0.139407,0.9649,0.538626,0.895092,-0.200212,0.8654,0.409273,0.911386,-0.14131,0.9647,0.526273,0.888686,-0.162132,0.8563,0.415776,0.901574,-0.113555,0.9524,0.452704,0.453741,0.018934,0.9846,0.374651,0.462318,-0.017645,0.986,0.481192,0.586854,0.217318,0.036,0.394213,0.590098,0.168496,0.0526,0.450315,0.614675,0.472199,0.047,0.425563,0.633309,0.391073,0.1172,0.440693,0.612488,0.492384,0.0468,0.429997,0.637495,0.410627,0.1545,0.465572,0.65584,0.432147,0.0631,0.457908,0.665797,0.352371,0.1672
adho_mukha_tf_0200,0.454212,0.748668,-0.004782,0.9995,0.460278,0.75901,-0.03608,0.9996,0.464492,0.757996,-0.035649,0.9994,0.469077,0.756727,-0.035511,0.9995,0.447541,0.760592,-0.040835,0.9995,0.442966,0.760709,-0.04166,0.9993,0.438126,0.760623,-0.041411,0.9994,0.474618,0.744421,-0.110049,0.9991,0.426588,0.749179,-0.145223,0.9992,0.459469,0.733208,-0.02306,0.9996,0.445763,0.733473,-0.031955,0.9993,0.500592,0.682964,-0.094421,0.9993,0.391373,0.696995,-0.170119,0.9998,0.527985,0.763156,-0.147086,0.6514,0.38108,0.789239,-0.229848,0.8725,0.52985,0.864869,-0.288469,0.8144,0.399459,0.879371,-0.299968,0.975,0.54553,0.882877,-0.325771,0.84,0.393884,0.903327,-0.345279,0.9676,0.531354,0.885413,-0.342089,0.8425,0.409794,0.901895,-0.342665,0.9662,0.518394,0.879792,-0.29996,0.8265,0.415758,0.891751,-0.304517,0.9514,0.45838,0.450165,0.036232,0.9991,0.380327,0.456148,-0.034839,0.999,0.455598,0.515537,0.285382,0.0181,0.374396,0.518972,0.181818,0.142,0.39797,0.50321,0.543981,0.0359,0.386919,0.529123,0.459419,0.0977,0.386026,0.490663,0.567278,0.045,0.39166,0.527185,0.485548,0.1686,0.390659,0.539529,0.555612,0.0579,0.394713,0.544157,0.489647,0.1267
adho_mukha_tf_0201,0.457232,0.729821,-0.006815,0.9968,0.462161,0.739486,-0.039681,0.9964,0.467066,0.738574,-0.039329,0.9947,0.471922,0.737468,-0.039145,0.9958,0.449753,0.740713,-0.04199,0.9959,0.445558,0.740657,-0.042936,0.9942,0.440831,0.740422,-0.042462,0.9954,0.480047,0.726941,-0.118491,0.9896,0.430023,0.729513,-0.141511,0.9924,0.462385,0.715525,-0.026847,0.9959,0.449646,0.715855,-0.032648,0.995,0.50599,0.670033,-0.102952,0.9964,0.396167,0.678971,-0.14968,0.9988,0.53161,0.751618,-0.1196,0.6319,0.383794,0.766108,-0.146017,0.8226,0.529488,0.851186,-0.219191,0.8445,0.398433,0.857726,-0.148497,0.9596,0.54325,0.86967,-0.254113,0.8563,0.388139,0.885028,-0.176413,0.9452,0.528188,0.870888,-0.265954,0.8599,0.403857,0.883922,-0.179633,0.9442,0.51716,0.864142,-0.227387,0.8366,0.412912,0.870736,-0.152333,0.9264,0.471668,0.44213,0.015737,0.9866,0.394763,0.443406,-0.014462,0.9879,0.469484,0.530061,0.275165,0.0294,0.397825,0.508862,0.223717,0.0716,0.436167,0.522569,0.578352,0.0399,0.416197,0.527797,0.507507,0.0766,0.429638,0.51208,0.60512,0.0424,0.422101,0.527785,0.535483,0.1302,0.436703,0.556028,0.572339,0.0586,0.428907,0.549491,0.511978,0.0998
adho_mukha_tf_0202,0.453468,0.726006,-0.018185,0.999,0.45941,0.736163,-0.05255,0.9989,0.464205,0.735419,-0.052163,0.9983,0.468932,0.734427,-0.051894,0.9987,0.446397,0.737284,-0.05338,0.9987,0.441981,0.737391,-0.054196,0.9983,0.43703,0.737219,-0.053702,0.9987,0.475835,0.725531,-0.135721,0.997,0.426339,0.727003,-0.152197,0.9979,0.45939,0.712585,-0.039285,0.9989,0.446082,0.71283,-0.043052,0.9986,0.505602,0.666131,-0.126388,0.999,0.39388,0.678757,-0.15661,0.9996,0.527832,0.754231,-0.16186,0.6603,0.380894,0.764342,-0.171735,0.8044,0.530501,0.846553,-0.279972,0.8572,0.397942,0.855483,-0.192763,0.9556,0.544484,0.86714,-0.313976,0.8765,0.389389,0.880928,-0.223171,0.9466,0.529638,0.870086,-0.326588,0.8777,0.404848,0.880288,-0.228586,0.9449,0.518109,0.861697,-0.288364,0.8488,0.412602,0.868451,-0.198103,0.9253,0.475597,0.442878,0.014323,0.9985,0.400402,0.446024,-0.01301,0.9982,0.472825,0.480461,0.281814,0.0293,0.3993,0.473878,0.23024,0.097,0.419153,0.476865,0.512737,0.061,0.417623,0.48817,0.468289,0.1183,0.406928,0.468553,0.532924,0.0796,0.422819,0.48818,0.491727,0.2375,0.413105,0.502532,0.5126,0.0927,0.43334,0.497956,0.482109,0.1527
adho_mukha_tf_0203,0.455983,0.70726,-0.01308,0.9987,0.462837,0.717425,-0.050748,0.9984,0.468244,0.716544,-0.050377,0.9976,0.473159,0.715514,-0.050034,0.998,0.449798,0.718295,-0.051324,0.9983,0.44551,0.718099,-0.05221,0.9978,0.440663,0.717684,-0.051714,0.9984,0.481952,0.70523,-0.144099,0.9959,0.431607,0.706728,-0.158762,0.9974,0.461141,0.694386,-0.037779,0.9986,0.447778,0.69463,-0.041373,0.9984,0.509574,0.654233,-0.127081,0.9987,0.401159,0.662552,-0.174041,0.9994,0.534836,0.739671,-0.133783,0.7401,0.387345,0.745426,-0.140153,0.8925,0.527082,0.836208,-0.232015,0.8963,0.395139,0.843575,-0.094721,0.9682,0.54303,0.856999,-0.267176,0.8893,0.385991,0.866249,-0.119296,0.9547,0.526269,0.85891,-0.279479,0.8897,0.398889,0.867236,-0.123974,0.9537,0.514789,0.850582,-0.241022,0.8655,0.406478,0.85863,-0.097825,0.9387,0.4803,0.426109,0.024589,0.9988,0.410493,0.429931,-0.023313,0.9988,0.492802,0.455781,0.311343,0.0341,0.440115,0.424319,0.232762,0.136,0.488239,0.42107,0.593615,0.0513,0.485144,0.433414,0.530935,0.1346,0.486461,0.411553,0.621285,0.0796,0.495311,0.431737,0.561506,0.2945,0.492554,0.429793,0.608282,0.0766,0.507124,0.442401,0.552827,0.1761
adho_mukha_tf_0204,0.46066,0.707211,0.017609,0.9994,0.467003,0.717679,-0.013757,0.9994,0.471581,0.717044,-0.013401,0.9991,0.476523,0.716085,-0.01317,0.9993,0.453154,0.718106,-0.015494,0.9994,0.448283,0.717838,-0.016315,0.9992,0.443219,0.717253,-0.015777,0.9994,0.482826,0.705649,-0.096394,0.9986,0.433415,0.705271,-0.118079,0.9991,0.467075,0.693447,-0.003503,0.9992,0.452856,0.693266,-0.009202,0.999,0.512383,0.647512,-0.071975,0.9995,0.402134,0.65795,-0.135137,0.9998,0.534226,0.73494,-0.037098,0.7377,0.388948,0.743491,-0.105598,0.8848,0.530362,0.833833,-0.082671,0.9008,0.393797,0.838345,-0.064246,0.9783,0.543277,0.853886,-0.102201,0.894,0.384193,0.85967,-0.085568,0.9675,0.526019,0.85482,-0.113255,0.8947,0.39845,0.860901,-0.087097,0.9658,0.514705,0.848003,-0.088188,0.877,0.406361,0.852484,-0.064567,0.9532,0.493446,0.424523,0.03209,0.9997,0.420884,0.424737,-0.03077,0.9997,0.500001,0.46143,0.365695,0.0272,0.424176,0.447087,0.260419,0.1108,0.479164,0.429296,0.571911,0.0692,0.461061,0.432631,0.473929,0.1711,0.47388,0.41876,0.592078,0.1189,0.469321,0.428936,0.495815,0.3729,0.475971,0.438229,0.594356,0.1322,0.476232,0.429355,0.499301,0.2504
adho_mukha_tf_0205,0.461827,0.701225,0.009785,0.9987,0.467606,0.712289,-0.025609,0.9986,0.47262,0.711706,-0.025292,0.9978,0.477541,0.710884,-0.0251,0.9982,0.454354,0.712572,-0.025872,0.9986,0.449716,0.712228,-0.026843,0.9981,0.444535,0.711334,-0.026263,0.9986,0.486687,0.699917,-0.116379,0.9966,0.434817,0.700257,-0.13034,0.9977,0.46743,0.687703,-0.014626,0.9986,0.453824,0.687278,-0.017796,0.9984,0.51439,0.644062,-0.10116,0.9991,0.404298,0.652697,-0.148642,0.9996,0.536548,0.728697,-0.091807,0.7238,0.391874,0.733985,-0.125134,0.8836,0.526747,0.827859,-0.164365,0.8977,0.396521,0.830468,-0.092998,0.9722,0.542754,0.849645,-0.191992,0.885,0.387259,0.851918,-0.115757,0.958,0.524762,0.850455,-0.202861,0.885,0.400738,0.853243,-0.117204,0.9564,0.513857,0.842503,-0.171355,0.8628,0.409463,0.845154,-0.093956,0.9416,0.496312,0.422895,0.023166,0.9995,0.423331,0.422062,-0.021999,0.9994,0.503696,0.446872,0.327466,0.0308,0.440845,0.434958,0.259916,0.0969,0.502875,0.408125,0.598535,0.0554,0.483901,0.421104,0.527421,0.1509,0.500713,0.399143,0.625421,0.0923,0.491959,0.417132,0.554627,0.3375,0.508037,0.412742,0.619296,0.0851,0.506383,0.421863,0.548634,0.1838
adho_mukha_tf_0206,0.468199,0.696941,-0.003704,0.9968,0.473862,0.707846,-0.038502,0.9961,0.477916,0.707173,-0.038339,0.9935,0.482256,0.70632,-0.038186,0.995,0.461696,0.70795,-0.04043,0.9959,0.457498,0.707388,-0.041398,0.9944,0.453098,0.706579,-0.04098,0.9959,0.487781,0.697412,-0.128832,0.9901,0.445349,0.694315,-0.14813,0.9928,0.473873,0.682975,-0.027904,0.9963,0.461505,0.682694,-0.032601,0.9958,0.515629,0.639495,-0.118687,0.9975,0.40927,0.645438,-0.163506,0.9992,0.535487,0.73062,-0.134362,0.6369,0.393477,0.732068,-0.183102,0.8557,0.524606,0.829109,-0.226932,0.9083,0.398261,0.825334,-0.22135,0.9768,0.538341,0.850452,-0.261836,0.9007,0.387501,0.846349,-0.256085,0.9683,0.522981,0.851117,-0.272957,0.9019,0.402408,0.849289,-0.254906,0.9676,0.510925,0.842568,-0.235826,0.8776,0.410615,0.841759,-0.223735,0.9541,0.506773,0.411632,0.013529,0.9989,0.434229,0.407073,-0.012407,0.9991,0.53101,0.425774,0.324324,0.0374,0.472924,0.432511,0.273984,0.1003,0.540669,0.39727,0.647024,0.0508,0.53217,0.404044,0.571958,0.1664,0.539669,0.389803,0.678592,0.0724,0.540895,0.398631,0.601405,0.3504,0.55399,0.404899,0.659433,0.079,0.560522,0.408486,0.576294,0.194
adho_mukha_tf_0207,0.468367,0.698045,-0.025024,0.9995,0.474651,0.70758,-0.058203,0.9994,0.478931,0.707127,-0.057851,0.9991,0.483462,0.706631,-0.057545,0.9993,0.462194,0.707257,-0.059124,0.9994,0.457837,0.706787,-0.060029,0.9992,0.453222,0.706102,-0.059386,0.9993,0.48981,0.695751,-0.139706,0.9984,0.445342,0.694967,-0.156837,0.999,0.475364,0.684735,-0.04551,0.9994,0.461664,0.684565,-0.049645,0.9992,0.518436,0.639982,-0.120766,0.9995,0.41258,0.645044,-0.166656,0.9998,0.539869,0.725629,-0.110173,0.7751,0.395145,0.728117,-0.15107,0.919,0.530731,0.82521,-0.186588,0.9155,0.396341,0.822698,-0.13014,0.9849,0.543297,0.847805,-0.214487,0.9038,0.385628,0.844988,-0.154413,0.9764,0.526014,0.84797,-0.225308,0.9035,0.402191,0.847333,-0.155635,0.9751,0.514549,0.839533,-0.193648,0.8846,0.411257,0.839339,-0.13117,0.9647,0.505867,0.41711,0.020603,0.9994,0.433693,0.413972,-0.019405,0.9993,0.515084,0.437858,0.334069,0.0288,0.453809,0.414562,0.262756,0.0918,0.500436,0.406121,0.571758,0.0656,0.488653,0.419772,0.515566,0.1362,0.496194,0.39596,0.594986,0.1003,0.495003,0.419084,0.541131,0.3228,0.499532,0.41748,0.584949,0.1118,0.508506,0.424218,0.53695,0.1902
adho_mukha_tf_0208,0.472325,0.691269,-0.022624,0.9995,0.478183,0.701727,-0.055182,0.9996,0.482403,0.701175,-0.0549,0.9993,0.486945,0.700416,-0.054711,0.9995,0.465399,0.701599,-0.057334,0.9995,0.46087,0.701158,-0.058229,0.9993,0.456365,0.700498,-0.057776,0.9995,0.494629,0.690382,-0.137814,0.999,0.448326,0.689823,-0.161435,0.9992,0.478334,0.678938,-0.043364,0.9995,0.46571,0.677923,-0.048995,0.9994,0.521032,0.634567,-0.119405,0.9993,0.414996,0.638292,-0.177566,0.9998,0.54429,0.722265,-0.137412,0.7211,0.398975,0.722878,-0.214033,0.8795,0.532417,0.819197,-0.235819,0.9185,0.400661,0.817641,-0.26993,0.9837,0.542936,0.842348,-0.268441,0.9151,0.388299,0.839339,-0.306191,0.9765,0.528663,0.842992,-0.280697,0.9148,0.404587,0.841816,-0.304408,0.9755,0.519908,0.833552,-0.244102,0.8952,0.412931,0.833596,-0.27222,0.9644,0.515495,0.410895,0.026795,0.9996,0.442697,0.402704,-0.025458,0.9996,0.532982,0.426221,0.346993,0.0255,0.446278,0.420464,0.269272,0.0691,0.538836,0.393528,0.585042,0.071,0.502646,0.400828,0.502417,0.145,0.538663,0.385576,0.608292,0.1114,0.511248,0.39741,0.525376,0.3442,0.541694,0.397914,0.595538,0.1253,0.523253,0.402996,0.514746,0.1952
adho_mukha_tf_0209,0.470478,0.693107,0.006965,0.999,0.476896,0.702953,-0.025561,0.999,0.48143,0.70236,-0.025239,0.9985,0.486189,0.701617,-0.025033,0.9988,0.463706,0.703478,-0.02683,0.9989,0.459204,0.703322,-0.027703,0.9986,0.454661,0.702979,-0.027139,0.9989,0.492753,0.692487,-0.11093,0.9975,0.447321,0.692143,-0.129635,0.9984,0.477828,0.6807,-0.014936,0.9989,0.464525,0.680541,-0.019483,0.9986,0.52155,0.635082,-0.095821,0.9992,0.414004,0.641415,-0.143348,0.9997,0.543055,0.722551,-0.083981,0.6706,0.398073,0.726231,-0.130595,0.8842,0.530869,0.820364,-0.154029,0.8994,0.401596,0.818059,-0.121021,0.9833,0.542067,0.842051,-0.178797,0.8946,0.391683,0.841759,-0.145531,0.9755,0.527596,0.842498,-0.189829,0.8948,0.407113,0.844092,-0.146872,0.9741,0.517146,0.834482,-0.160526,0.8766,0.415027,0.835171,-0.121938,0.9636,0.51265,0.418338,0.020782,0.9995,0.437823,0.410549,-0.01954,0.9995,0.524403,0.436916,0.349769,0.036,0.448695,0.427148,0.27483,0.0986,0.514223,0.409069,0.574573,0.0767,0.495202,0.413846,0.505374,0.1439,0.510978,0.399599,0.596807,0.1256,0.502059,0.41147,0.528698,0.3595,0.511787,0.417797,0.589436,0.1316,0.513933,0.411987,0.525643,0.2005
adho_mukha_tf_0210,0.476255,0.689225,-0.010145,0.9987,0.480316,0.701662,-0.041642,0.9984,0.484481,0.701364,-0.041444,0.9974,0.489248,0.701251,-0.041266,0.998,0.468036,0.699996,-0.044058,0.9983,0.46362,0.699313,-0.044926,0.9977,0.459167,0.698481,-0.044444,0.9983,0.49787,0.693679,-0.127283,0.9953,0.450826,0.686121,-0.150141,0.997,0.482842,0.677279,-0.033087,0.9982,0.470726,0.675552,-0.039003,0.9982,0.526901,0.638955,-0.113779,0.9984,0.421185,0.631577,-0.161943,0.9996,0.542467,0.726205,-0.101061,0.6508,0.403075,0.71865,-0.143007,0.8596,0.529539,0.81998,-0.159382,0.9128,0.40101,0.809425,-0.129522,0.9809,0.540218,0.839707,-0.185794,0.9095,0.388345,0.834413,-0.152714,0.9701,0.525969,0.84148,-0.194753,0.9105,0.402983,0.837272,-0.154773,0.9693,0.514157,0.834344,-0.165348,0.8918,0.412083,0.826765,-0.131158,0.9574,0.527676,0.420878,0.016136,0.9992,0.459958,0.408325,-0.014959,0.9993,0.545006,0.4498,0.351883,0.0367,0.492234,0.428372,0.29771,0.076,0.566578,0.418134,0.618998,0.0785,0.550373,0.41607,0.545831,0.179,0.567936,0.410775,0.645349,0.124,0.561548,0.412477,0.570381,0.408,0.571084,0.418897,0.642235,0.1321,0.573658,0.417513,0.560048,0.2259
adho_mukha_tf_0211,0.473433,0.696447,0.021848,0.9965,0.478041,0.704068,-0.012327,0.9962,0.483568,0.703764,-0.012056,0.994,0.489,0.703204,-0.011938,0.9957,0.464442,0.704135,-0.010499,0.996,0.459994,0.703787,-0.011468,0.9946,0.455093,0.703106,-0.010974,0.9962,0.497025,0.695211,-0.102231,0.9897,0.445575,0.690494,-0.105648,0.9935,0.481535,0.683404,-0.002568,0.9942,0.467882,0.683354,-0.003036,0.9945,0.52978,0.640189,-0.09616,0.998,0.41791,0.636738,-0.100962,0.9992,0.547594,0.723654,-0.057715,0.596,0.40646,0.720884,-0.039318,0.7258,0.531945,0.820332,-0.076801,0.8904,0.402984,0.807202,0.012311,0.963,0.542809,0.841624,-0.100426,0.8874,0.390448,0.828914,-3e-05,0.948,0.526051,0.842397,-0.108291,0.8886,0.406293,0.832516,-0.007592,0.9479,0.514055,0.834009,-0.081647,0.8668,0.415964,0.823745,0.010632,0.9331,0.533057,0.419461,-0.000639,0.9985,0.458904,0.405008,0.001891,0.9986,0.544463,0.491664,0.276508,0.0432,0.478278,0.469251,0.287142,0.0412,0.555364,0.447293,0.585195,0.0552,0.525638,0.448472,0.559338,0.0823,0.553898,0.437555,0.616475,0.0659,0.532497,0.443458,0.586482,0.1743,0.562615,0.454126,0.6147,0.0749,0.546714,0.451376,0.580473,0.1107
adho_mukha_tf_0212,0.470505,0.699525,0.03678,0.9989,0.475541,0.711308,0.003996,0.9991,0.48157,0.711577,0.004298,0.9987,0.486811,0.711363,0.004506,0.999,0.461198,0.709824,0.002878,0.9989,0.456612,0.709062,0.002032,0.9986,0.451722,0.708105,0.00247,0.9989,0.496173,0.702362,-0.080268,0.9975,0.441992,0.695354,-0.098259,0.9983,0.479001,0.685434,0.014545,0.9982,0.464878,0.683609,0.010103,0.9981,0.532847,0.642952,-0.057079,0.9987,0.417924,0.636865,-0.104541,0.9992,0.545993,0.726031,-0.020373,0.695,0.404764,0.721624,-0.041144,0.7872,0.535048,0.821001,-0.057769,0.9134,0.400529,0.809998,0.015462,0.9719,0.545328,0.842103,-0.081621,0.9068,0.388422,0.833261,0.002146,0.9562,0.528058,0.843281,-0.090019,0.9068,0.404949,0.837902,-0.007709,0.9562,0.517204,0.835487,-0.06248,0.8878,0.414039,0.828025,0.012811,0.9457,0.536632,0.423442,0.024941,0.9986,0.464598,0.414038,-0.023483,0.9982,0.545528,0.489473,0.321639,0.0652,0.461832,0.480291,0.266035,0.0684,0.551368,0.458373,0.627977,0.0703,0.502705,0.47558,0.558792,0.0959,0.551544,0.44897,0.658245,0.0906,0.511445,0.47169,0.588696,0.187,0.558856,0.472086,0.643186,0.0892,0.522411,0.490181,0.575459,0.1437
adho_mukha_tf_0213,0.472642,0.700767,0.038344,0.9993,0.478537,0.710364,0.001945,0.9993,0.483309,0.710478,0.002321,0.9988,0.48848,0.710684,0.002492,0.9991,0.463931,0.708577,0.003067,0.9992,0.458906,0.70784,0.00214,0.999,0.454062,0.706838,0.002947,0.9992,0.497172,0.700516,-0.092487,0.9982,0.444599,0.694319,-0.100308,0.9988,0.4814,0.687995,0.013017,0.999,0.466091,0.686381,0.010983,0.9989,0.535138,0.6495,-0.085392,0.9992,0.419771,0.640863,-0.102132,0.9996,0.549659,0.722929,-0.043191,0.7118,0.406866,0.718404,-0.031493,0.843,0.53489,0.821644,-0.059332,0.8899,0.403387,0.803383,0.047275,0.9675,0.545321,0.842414,-0.076966,0.8812,0.389614,0.822632,0.037734,0.9504,0.528664,0.843033,-0.087151,0.8829,0.402218,0.826103,0.027914,0.9504,0.517955,0.835054,-0.064015,0.8624,0.414109,0.819447,0.045533,0.938,0.538782,0.422452,0.003552,0.9984,0.46513,0.411453,-0.002338,0.9984,0.563712,0.465192,0.292797,0.0816,0.480245,0.456567,0.270908,0.085,0.552929,0.453169,0.583788,0.0825,0.520215,0.46467,0.553376,0.1324,0.549201,0.44344,0.612424,0.1046,0.527793,0.461591,0.582922,0.2489,0.556426,0.476107,0.600415,0.1033,0.542139,0.483185,0.574668,0.1885
adho_mukha_tf_0214,0.471719,0.710099,0.004961,0.9988,0.477615,0.718728,-0.036933,0.9983,0.482502,0.718397,-0.036422,0.9976,0.488868,0.718196,-0.036288,0.998,0.463465,0.717091,-0.03505,0.998,0.458741,0.71559,-0.036029,0.9972,0.453983,0.713928,-0.035467,0.9976,0.496105,0.706537,-0.142616,0.9959,0.445923,0.697367,-0.147008,0.9961,0.481381,0.69891,-0.023527,0.9982,0.465304,0.696591,-0.023983,0.9978,0.536387,0.657579,-0.141718,0.9992,0.424915,0.64248,-0.148877,0.9995,0.545922,0.736764,-0.201162,0.7823,0.408483,0.722107,-0.123292,0.8085,0.529165,0.822224,-0.359759,0.8666,0.403493,0.802132,-0.112597,0.9303,0.540417,0.843174,-0.408091,0.8573,0.390802,0.820271,-0.137647,0.9101,0.522727,0.842984,-0.419982,0.8597,0.405913,0.823142,-0.149662,0.9088,0.512605,0.833927,-0.371302,0.8267,0.415428,0.817242,-0.119731,0.8863,0.543499,0.425817,0.002891,0.9992,0.47275,0.415996,-0.00171,0.9989,0.535293,0.488765,0.31684,0.0227,0.475451,0.473053,0.326499,0.0434,0.524087,0.487562,0.660651,0.032,0.503649,0.483464,0.66308,0.0672,0.524426,0.479318,0.693532,0.0454,0.511022,0.481384,0.695016,0.1211,0.516296,0.513161,0.662109,0.0582,0.511139,0.49745,0.665129,0.1044
adho_mukha_tf_0215,0.471909,0.722513,0.057335,0.9987,0.477465,0.732056,0.018049,0.9985,0.482016,0.731948,0.018456,0.9976,0.487373,0.731839,0.018578,0.9981,0.464445,0.729501,0.01714,0.9981,0.459928,0.727793,0.016169,0.9973,0.455469,0.725923,0.016823,0.9977,0.493872,0.719776,-0.085615,0.9963,0.449074,0.709548,-0.10252,0.9966,0.48189,0.709274,0.02884,0.9985,0.466698,0.707217,0.025776,0.9982,0.535859,0.665184,-0.082964,0.9986,0.426378,0.649876,-0.125378,0.9995,0.543782,0.743721,-0.138173,0.6662,0.408786,0.730918,-0.135215,0.7375,0.529848,0.818923,-0.294964,0.9005,0.403781,0.802002,-0.15494,0.934,0.540836,0.840751,-0.332297,0.9175,0.392891,0.818428,-0.185207,0.9204,0.526602,0.841417,-0.346144,0.9187,0.405887,0.820844,-0.191536,0.9186,0.519062,0.831715,-0.305582,0.8985,0.415527,0.815189,-0.160916,0.9014,0.545462,0.436626,0.022716,0.9991,0.477812,0.425164,-0.021527,0.9991,0.518505,0.503089,0.327895,0.0383,0.4861,0.470516,0.276998,0.1386,0.519508,0.490847,0.669461,0.0606,0.533218,0.478357,0.58143,0.1976,0.523362,0.482966,0.702402,0.0811,0.544033,0.476844,0.611489,0.2915,0.511324,0.505796,0.68877,0.1023,0.546052,0.488093,0.586234,0.2161
adho_mukha_tf_0216,0.46555,0.741356,0.105148,0.9989,0.469749,0.751898,0.05867,0.999,0.474334,0.751387,0.059255,0.9983,0.48041,0.750805,0.059353,0.9987,0.458006,0.750875,0.062103,0.9991,0.453714,0.749476,0.061655,0.9987,0.448992,0.747926,0.062061,0.999,0.490486,0.73853,-0.066324,0.9979,0.441423,0.73302,-0.062866,0.9982,0.474865,0.728735,0.071698,0.9978,0.46062,0.728414,0.07243,0.9984,0.53341,0.681779,-0.065395,0.9983,0.421014,0.66949,-0.062405,0.9984,0.544027,0.740358,0.036787,0.8883,0.414906,0.724828,0.078411,0.593,0.533751,0.814043,0.095998,0.9583,0.401246,0.796833,0.21071,0.8367,0.545704,0.836705,0.081009,0.9608,0.389665,0.816105,0.219654,0.8341,0.529057,0.839926,0.072278,0.961,0.402734,0.818848,0.193433,0.8414,0.519907,0.829072,0.091603,0.9494,0.41192,0.811508,0.205409,0.8448,0.545387,0.460826,-0.006783,0.9994,0.473259,0.451231,0.008295,0.9992,0.556127,0.484599,0.275751,0.1349,0.509119,0.476902,0.300089,0.0511,0.589303,0.457311,0.611682,0.0842,0.572873,0.466514,0.606095,0.0935,0.598128,0.448813,0.647125,0.1204,0.586492,0.458294,0.640746,0.2296,0.590463,0.464509,0.639651,0.0968,0.588607,0.483413,0.633358,0.1292
adho_mukha_tf_0217,0.523169,0.330307,0.020752,0.9997,0.535009,0.326933,0.014468,0.9996,0.537831,0.32405,0.015089,0.9996,0.540665,0.321257,0.015104,0.9995,0.525693,0.331862,-0.010886,0.9996,0.521947,0.332464,-0.011791,0.9995,0.517955,0.333632,-0.010747,0.9995,0.538965,0.303982,0.022507,0.9993,0.507293,0.322498,-0.107112,0.9993,0.516011,0.318127,0.028265,0.9994,0.505785,0.323382,-0.008371,0.9993,0.501574,0.255041,0.101643,0.9975,0.442872,0.294928,-0.173448,0.998,0.522824,0.356496,0.16929,0.5455,0.446506,0.40995,-0.196037,0.9722,0.567939,0.441803,0.106101,0.7224,0.494594,0.494565,-0.144598,0.9727,0.594106,0.44888,0.109276,0.694,0.513143,0.509916,-0.184308,0.9514,0.592962,0.453656,0.074945,0.7062,0.525537,0.503597,-0.169074,0.948,0.580752,0.454462,0.092069,0.6972,0.520822,0.497656,-0.141894,0.9314,0.290331,0.147576,0.101167,0.999,0.256753,0.160799,-0.099412,0.9986,0.227178,0.285527,0.213703,0.423,0.207111,0.301762,-0.030763,0.974,0.120861,0.381657,0.331781,0.6194,0.098271,0.397487,0.11652,0.96,0.09413,0.394473,0.339736,0.5831,0.073361,0.403567,0.127934,0.9015,0.136968,0.44203,0.327438,0.7099,0.123459,0.455174,0.104952,0.9532
adho_mukha_tf_0218,0.490022,0.340606,-0.020857,0.9996,0.5027,0.338382,-0.022465,0.9993,0.504727,0.336296,-0.021837,0.9994,0.506381,0.334326,-0.021852,0.9993,0.494899,0.340936,-0.051425,0.9993,0.491159,0.340997,-0.052306,0.9992,0.486939,0.34151,-0.051332,0.9991,0.502931,0.315967,0.007356,0.9992,0.47673,0.329857,-0.13935,0.9989,0.4827,0.329359,-0.00555,0.9991,0.471805,0.332736,-0.047024,0.999,0.480396,0.262524,0.086069,0.998,0.421676,0.295947,-0.199847,0.9974,0.516818,0.355715,0.145838,0.5969,0.421383,0.406079,-0.244583,0.9706,0.567471,0.444696,0.078083,0.7602,0.484418,0.491141,-0.205067,0.9758,0.591312,0.451477,0.078043,0.7419,0.506891,0.506595,-0.249425,0.9587,0.587252,0.456975,0.043133,0.7485,0.515969,0.50013,-0.231385,0.9556,0.576506,0.457016,0.063194,0.7437,0.511692,0.493816,-0.202191,0.9422,0.277217,0.138513,0.105555,0.9987,0.24421,0.154601,-0.103879,0.9982,0.210059,0.272256,0.213386,0.3677,0.196665,0.297518,-0.034105,0.9662,0.120166,0.371454,0.339195,0.5551,0.091371,0.396504,0.109323,0.9578,0.093586,0.378013,0.346653,0.5267,0.063417,0.403082,0.119659,0.9097,0.135909,0.431888,0.327276,0.6555,0.124355,0.451901,0.087454,0.9507
adho_mukha_tf_0219,0.460226,0.350625,-0.03077,0.9999,0.475268,0.350126,-0.03525,0.9999,0.478072,0.34799,-0.034592,0.9999,0.480335,0.345943,-0.034641,0.9999,0.464152,0.353073,-0.062366,0.9999,0.459292,0.353162,-0.063249,0.9999,0.454183,0.353541,-0.062414,0.9999,0.47457,0.327586,-0.020698,0.9999,0.444107,0.34175,-0.160175,0.9999,0.453914,0.33706,-0.020216,0.9999,0.440226,0.34092,-0.059604,0.9999,0.457796,0.268578,0.042826,0.9996,0.396615,0.307546,-0.210473,0.9997,0.507991,0.362614,0.106669,0.7511,0.409999,0.407335,-0.281714,0.9943,0.568268,0.448254,0.018568,0.9119,0.484183,0.497561,-0.262354,0.9965,0.59661,0.453948,0.023274,0.9351,0.50287,0.509925,-0.309,0.9911,0.593556,0.458298,-0.013501,0.9377,0.513078,0.501524,-0.281113,0.988,0.581076,0.458431,0.004424,0.9341,0.511636,0.495037,-0.255505,0.9813,0.272375,0.1347,0.099246,0.9995,0.234819,0.161355,-0.097649,0.9996,0.210815,0.270027,0.216134,0.3634,0.18483,0.29486,0.006832,0.987,0.124069,0.37691,0.3699,0.7205,0.095172,0.396958,0.145554,0.9895,0.101194,0.395989,0.380644,0.7641,0.072525,0.406845,0.152694,0.9843,0.150088,0.432072,0.350146,0.8648,0.132215,0.44517,0.107486,0.9863
adho_mukha_tf_0220,0.437856,0.357078,-0.021158,1.0,0.453769,0.357146,-0.026636,1.0,0.457044,0.355547,-0.02598,1.0,0.460269,0.353901,-0.026025,1.0,0.444244,0.359659,-0.050916,1.0,0.441153,0.359836,-0.051855,1.0,0.437848,0.360118,-0.051004,1.0,0.458353,0.336311,-0.019604,1.0,0.42913,0.349501,-0.145717,1.0,0.431888,0.345749,-0.013267,1.0,0.422783,0.349155,-0.048348,1.0,0.450532,0.274483,0.033156,0.9998,0.382388,0.318255,-0.195871,0.9999,0.504183,0.368656,0.090063,0.8779,0.41579,0.410517,-0.290796,0.9937,0.573995,0.455063,0.00467,0.9591,0.484366,0.492281,-0.312366,0.9977,0.600043,0.459811,0.003914,0.9657,0.501621,0.507796,-0.359606,0.994,0.59281,0.467393,-0.031247,0.9665,0.511142,0.500999,-0.330622,0.992,0.581455,0.46842,-0.009353,0.9636,0.508019,0.494846,-0.30547,0.9878,0.269526,0.135267,0.093468,0.9996,0.230523,0.166669,-0.091998,0.9997,0.215656,0.268548,0.218938,0.3145,0.182884,0.299205,0.041367,0.9731,0.14586,0.378926,0.384199,0.668,0.110208,0.400609,0.184963,0.9833,0.123787,0.398371,0.396142,0.7112,0.090481,0.414684,0.191922,0.9793,0.176767,0.432223,0.353469,0.8336,0.155783,0.450066,0.135368,0.9838
adho_mukha_tf_0221,0.44269,0.384336,-0.045474,1.0,0.456033,0.384489,-0.048878,1.0,0.458832,0.382509,-0.048185,1.0,0.461418,0.380526,-0.048309,1.0,0.448348,0.386029,-0.075438,0.9999,0.446458,0.385222,-0.076435,0.9999,0.444496,0.384341,-0.075518,0.9999,0.467483,0.357353,-0.029598,0.9999,0.443686,0.367643,-0.166792,0.9999,0.439562,0.368343,-0.033536,1.0,0.4324,0.370384,-0.07169,0.9999,0.470262,0.297591,0.014281,0.9996,0.408052,0.325945,-0.227077,0.9998,0.536571,0.381754,0.055476,0.9262,0.448985,0.42321,-0.348793,0.9828,0.611585,0.461445,-0.024375,0.9595,0.509801,0.50151,-0.401394,0.9928,0.636493,0.469801,-0.042649,0.9397,0.524171,0.51797,-0.452138,0.986,0.633086,0.47649,-0.073335,0.9392,0.532981,0.512818,-0.426976,0.9849,0.623471,0.475303,-0.039106,0.932,0.530614,0.50618,-0.397381,0.9798,0.309411,0.152864,0.09924,0.9987,0.266628,0.169123,-0.097708,0.9989,0.260099,0.28259,0.228949,0.3087,0.224329,0.297143,0.044977,0.9043,0.202816,0.386211,0.402157,0.5064,0.171341,0.407485,0.205718,0.9328,0.194212,0.387515,0.413226,0.4686,0.149665,0.421673,0.216369,0.8878,0.237553,0.438584,0.360044,0.5819,0.21804,0.456519,0.150713,0.9233
adho_mukha_tf_0222,0.450577,0.386434,-0.043973,1.0,0.463947,0.38599,-0.048089,1.0,0.466738,0.383931,-0.04739,1.0,0.469283,0.381868,-0.047482,0.9999,0.45605,0.387428,-0.074172,0.9999,0.454062,0.386526,-0.075161,0.9999,0.451663,0.385784,-0.074233,0.9999,0.474682,0.358291,-0.031727,0.9999,0.451341,0.368169,-0.16608,0.9999,0.446675,0.370797,-0.03296,0.9999,0.439045,0.37259,-0.070302,0.9999,0.476102,0.299776,0.012762,0.9995,0.411707,0.327388,-0.224671,0.9998,0.543824,0.381853,0.055236,0.9241,0.452748,0.424408,-0.345684,0.9811,0.618796,0.464959,-0.026271,0.9591,0.514096,0.502866,-0.401006,0.9922,0.643225,0.473061,-0.044612,0.9399,0.52917,0.520104,-0.451778,0.985,0.639841,0.480137,-0.076031,0.9399,0.538247,0.515633,-0.427201,0.9839,0.630794,0.479162,-0.041315,0.933,0.536096,0.509018,-0.397217,0.9784,0.317479,0.155906,0.097836,0.9985,0.273045,0.169263,-0.096296,0.9988,0.26671,0.284443,0.228683,0.2856,0.230664,0.296945,0.047134,0.892,0.211637,0.39036,0.403309,0.4763,0.177906,0.409273,0.209528,0.9269,0.203978,0.404376,0.414568,0.4399,0.157678,0.422866,0.220212,0.879,0.247531,0.442134,0.359468,0.5623,0.225374,0.45942,0.152179,0.9198
adho_mukha_tf_0223,0.464726,0.388983,-0.045268,1.0,0.477458,0.388545,-0.049024,1.0,0.480475,0.386349,-0.048311,1.0,0.484058,0.383455,-0.048461,1.0,0.469114,0.390032,-0.074799,1.0,0.467032,0.38906,-0.075788,1.0,0.464823,0.388105,-0.074858,1.0,0.489756,0.360526,-0.033076,1.0,0.463045,0.372295,-0.165946,0.9999,0.460257,0.373874,-0.034592,1.0,0.452526,0.375311,-0.071387,1.0,0.489241,0.299775,0.006101,0.9997,0.425564,0.33014,-0.22761,0.9999,0.561741,0.383542,0.041413,0.9552,0.461524,0.427979,-0.360396,0.9859,0.636134,0.472673,-0.030018,0.9679,0.518223,0.505395,-0.437405,0.9941,0.661355,0.482201,-0.051492,0.9467,0.532429,0.522777,-0.486957,0.9882,0.657039,0.487997,-0.08254,0.9459,0.541907,0.518603,-0.463322,0.9874,0.647089,0.486462,-0.045358,0.9425,0.541176,0.512442,-0.434334,0.9833,0.337498,0.15544,0.098366,0.9988,0.293026,0.164253,-0.096792,0.999,0.292221,0.282735,0.219641,0.3532,0.256133,0.289339,0.041266,0.9136,0.238544,0.396008,0.387451,0.5265,0.203425,0.409915,0.192472,0.9411,0.228323,0.410676,0.397841,0.4739,0.181038,0.425767,0.202256,0.8932,0.269728,0.444746,0.339103,0.6009,0.245287,0.459432,0.13007,0.9345
adho_mukha_tf_0224,0.46931,0.388118,-0.034528,1.0,0.482146,0.388834,-0.044822,1.0,0.485344,0.387016,-0.044085,1.0,0.489467,0.384271,-0.044297,1.0,0.47344,0.390254,-0.067343,1.0,0.471149,0.389645,-0.068352,1.0,0.468261,0.389239,-0.067464,1.0,0.49595,0.362456,-0.049745,1.0,0.46584,0.374615,-0.168233,1.0,0.467149,0.37398,-0.030573,1.0,0.457756,0.376105,-0.063073,1.0,0.503486,0.30178,-0.010933,0.9998,0.423898,0.337864,-0.228325,0.9999,0.57153,0.387172,0.022487,0.9559,0.461473,0.433789,-0.366693,0.9816,0.6451,0.479546,-0.056196,0.9731,0.519589,0.510031,-0.464668,0.9942,0.672409,0.490084,-0.078195,0.9562,0.531991,0.52665,-0.517518,0.9886,0.665319,0.495951,-0.111526,0.9561,0.543578,0.522006,-0.493566,0.988,0.654507,0.49396,-0.07251,0.9517,0.543401,0.516097,-0.462337,0.9833,0.347897,0.150539,0.094648,0.9994,0.302702,0.163452,-0.093036,0.9994,0.307474,0.285376,0.230837,0.2899,0.26908,0.292913,0.062132,0.869,0.255035,0.391322,0.414782,0.4733,0.221623,0.405571,0.228205,0.9238,0.246556,0.403001,0.427129,0.4396,0.200696,0.420983,0.239216,0.8697,0.278861,0.439824,0.373412,0.5487,0.256622,0.453012,0.169571,0.9141
adho_mukha_tf_0225,0.471353,0.385665,-0.016909,1.0,0.483241,0.387955,-0.032738,1.0,0.48721,0.385534,-0.032009,1.0,0.490094,0.383396,-0.032255,1.0,0.474504,0.389979,-0.053121,1.0,0.472062,0.389702,-0.054211,1.0,0.469431,0.389343,-0.053384,1.0,0.497975,0.36192,-0.056902,1.0,0.465435,0.375625,-0.16642,1.0,0.469216,0.370102,-0.019392,1.0,0.460043,0.372985,-0.049331,1.0,0.511461,0.304056,-0.025288,0.9998,0.424739,0.335134,-0.224685,0.9999,0.577533,0.390217,0.002505,0.9663,0.456595,0.434196,-0.363511,0.9804,0.646088,0.488542,-0.076185,0.9814,0.511215,0.518899,-0.476684,0.9943,0.674741,0.499953,-0.098311,0.9695,0.521451,0.536904,-0.532412,0.9886,0.664852,0.506659,-0.130657,0.9695,0.53344,0.532277,-0.508084,0.9882,0.653008,0.504086,-0.092013,0.9645,0.533843,0.525882,-0.475197,0.9829,0.36128,0.148128,0.090665,0.9992,0.31693,0.160389,-0.089076,0.9992,0.32448,0.281814,0.240933,0.3094,0.280486,0.295939,0.071945,0.8773,0.270678,0.383536,0.433244,0.4565,0.241803,0.404255,0.245878,0.916,0.271706,0.393645,0.446613,0.4324,0.220507,0.419526,0.257505,0.8632,0.293882,0.432625,0.39466,0.5419,0.27234,0.45341,0.183728,0.9048
adho_mukha_tf_0226,0.466568,0.37504,-0.03606,1.0,0.475989,0.382691,-0.063326,1.0,0.479555,0.380869,-0.062631,1.0,0.484632,0.378082,-0.062813,1.0,0.465459,0.385299,-0.072701,1.0,0.462011,0.38572,-0.073732,1.0,0.458216,0.386006,-0.072766,1.0,0.485762,0.36153,-0.122686,1.0,0.446205,0.375035,-0.183954,1.0,0.465029,0.358474,-0.049956,1.0,0.453921,0.361732,-0.065829,1.0,0.504706,0.304023,-0.08734,0.9995,0.392586,0.324423,-0.217438,0.9997,0.555836,0.391726,-0.066565,0.9385,0.408505,0.423074,-0.328165,0.9696,0.604004,0.495755,-0.146918,0.983,0.441525,0.513929,-0.455923,0.99,0.631883,0.50795,-0.168916,0.9748,0.441798,0.534738,-0.517142,0.9815,0.615161,0.514482,-0.20459,0.9744,0.459679,0.53237,-0.499102,0.9799,0.601627,0.511987,-0.162524,0.9671,0.463326,0.523963,-0.456986,0.971,0.391723,0.133153,0.063751,0.9982,0.331499,0.149366,-0.062241,0.9978,0.390356,0.276358,0.236917,0.225,0.310115,0.284027,0.106487,0.65,0.378272,0.379638,0.429242,0.5046,0.290257,0.405652,0.278732,0.7936,0.370546,0.385414,0.44197,0.4213,0.285612,0.413124,0.28848,0.6836,0.404952,0.441119,0.364678,0.5741,0.314496,0.469023,0.197936,0.7736
adho_mukha_tf_0227,0.464629,0.373437,-0.044852,1.0,0.473445,0.379668,-0.073345,1.0,0.477794,0.377691,-0.072671,1.0,0.48145,0.37555,-0.072818,1.0,0.462953,0.381946,-0.081587,1.0,0.458715,0.382308,-0.082573,1.0,0.454589,0.382359,-0.081741,1.0,0.483129,0.358647,-0.135071,1.0,0.441508,0.369976,-0.190416,1.0,0.464496,0.357065,-0.059386,1.0,0.453258,0.360221,-0.073804,1.0,0.500809,0.301212,-0.098078,0.9994,0.390861,0.315333,-0.222078,0.9996,0.548216,0.389659,-0.085479,0.9441,0.402474,0.411716,-0.326949,0.959,0.59115,0.495228,-0.161782,0.9772,0.42712,0.508632,-0.458307,0.9831,0.618243,0.509511,-0.18615,0.9649,0.426271,0.528519,-0.515736,0.9717,0.600232,0.51431,-0.21959,0.9638,0.443064,0.526228,-0.50152,0.9695,0.587282,0.511424,-0.177048,0.9533,0.446587,0.518475,-0.460692,0.9572,0.401294,0.128117,0.063551,0.9981,0.338825,0.145544,-0.061896,0.9978,0.405661,0.272692,0.231779,0.2095,0.323484,0.284153,0.101389,0.6369,0.401123,0.351183,0.425364,0.5084,0.300021,0.403111,0.273452,0.8213,0.393653,0.356184,0.438483,0.413,0.295326,0.409534,0.283206,0.6964,0.4294,0.400771,0.364613,0.5548,0.319343,0.458207,0.193766,0.7693
adho_mukha_tf_0228,0.45907,0.371412,-0.039804,1.0,0.466625,0.378456,-0.071007,1.0,0.471779,0.376482,-0.070373,1.0,0.474987,0.374523,-0.070645,1.0,0.456153,0.380298,-0.078131,1.0,0.452743,0.380282,-0.079061,1.0,0.449059,0.380089,-0.078232,1.0,0.479444,0.358021,-0.140587,1.0,0.436861,0.368493,-0.190006,0.9999,0.459364,0.355838,-0.056253,1.0,0.448246,0.358519,-0.068622,0.9999,0.497772,0.298978,-0.109234,0.9988,0.391403,0.308667,-0.21347,0.9987,0.545336,0.389812,-0.110084,0.9196,0.404296,0.401695,-0.321326,0.884,0.584632,0.492522,-0.192299,0.9687,0.420514,0.502251,-0.475211,0.9528,0.611556,0.507468,-0.219523,0.9556,0.417958,0.523143,-0.534177,0.9353,0.595418,0.511253,-0.253765,0.9543,0.435246,0.521862,-0.521584,0.9323,0.581871,0.507921,-0.207704,0.9431,0.456647,0.508337,-0.47918,0.91,0.399513,0.128225,0.054912,0.996,0.341469,0.143364,-0.053174,0.9949,0.404484,0.28058,0.205971,0.2077,0.331318,0.292023,0.104354,0.4448,0.4089,0.372052,0.396165,0.5543,0.313815,0.404994,0.279149,0.6961,0.404366,0.377122,0.408929,0.4617,0.308731,0.40964,0.288993,0.5563,0.429561,0.430165,0.32762,0.5884,0.327329,0.461545,0.193253,0.6637
adho_mukha_tf_0229,0.459857,0.369531,-0.062194,1.0,0.467619,0.375094,-0.092686,1.0,0.469998,0.373945,-0.092112,1.0,0.472641,0.372374,-0.09225,1.0,0.458457,0.376764,-0.099189,1.0,0.454825,0.376881,-0.100194,1.0,0.451586,0.376692,-0.099431,1.0,0.475299,0.358442,-0.159061,1.0,0.442719,0.365297,-0.203938,0.9999,0.461415,0.357292,-0.077906,1.0,0.45154,0.359282,-0.08919,1.0,0.494098,0.296135,-0.123346,0.9986,0.39302,0.304753,-0.227283,0.9993,0.536845,0.387248,-0.126762,0.9319,0.446007,0.400792,-0.305792,0.9055,0.573717,0.490449,-0.214946,0.9438,0.475661,0.491029,-0.42671,0.9598,0.599548,0.503902,-0.245715,0.9147,0.475589,0.509752,-0.479173,0.939,0.582784,0.508025,-0.274423,0.9116,0.487978,0.507093,-0.475423,0.9365,0.569479,0.505641,-0.228543,0.8956,0.491607,0.499872,-0.433026,0.9208,0.41295,0.124265,0.053301,0.9953,0.35497,0.133235,-0.051901,0.9951,0.40473,0.271463,0.204996,0.1844,0.33668,0.283725,0.093888,0.4568,0.401705,0.351922,0.401608,0.4831,0.31507,0.382712,0.278906,0.7035,0.3961,0.355359,0.414373,0.3964,0.299458,0.380129,0.289159,0.5431,0.416786,0.407743,0.332014,0.5291,0.32525,0.438678,0.189404,0.6384
adho_mukha_tf_0230,0.458421,0.360689,-0.113163,1.0,0.468104,0.368325,-0.149064,1.0,0.471191,0.36718,-0.148584,1.0,0.474488,0.365633,-0.148596,1.0,0.455445,0.371024,-0.152279,1.0,0.450074,0.371932,-0.153311,1.0,0.445855,0.372055,-0.15261,1.0,0.477592,0.353057,-0.224399,1.0,0.432919,0.363023,-0.254248,0.9999,0.461509,0.34534,-0.1306,1.0,0.446304,0.350206,-0.138211,1.0,0.497787,0.293739,-0.183573,0.999,0.381063,0.305361,-0.258295,0.9995,0.543226,0.388097,-0.193237,0.9413,0.421574,0.407097,-0.324799,0.9242,0.573786,0.490722,-0.290823,0.9682,0.410131,0.496581,-0.451671,0.9531,0.600975,0.505633,-0.329201,0.9529,0.44669,0.512637,-0.507609,0.9328,0.583069,0.509589,-0.358432,0.9514,0.461627,0.509212,-0.512101,0.9323,0.569084,0.505369,-0.305031,0.9396,0.467424,0.501977,-0.462273,0.9192,0.420734,0.133468,0.041242,0.9964,0.352149,0.143859,-0.040008,0.9966,0.424615,0.284001,0.209126,0.125,0.344359,0.287555,0.130761,0.3033,0.426807,0.355385,0.448537,0.4156,0.32739,0.385639,0.349162,0.5408,0.423339,0.359277,0.465674,0.3437,0.308145,0.385743,0.363073,0.3731,0.436027,0.403203,0.383926,0.5068,0.326443,0.430455,0.26719,0.5028
adho_mukha_tf_0231,0.457443,0.358959,-0.101038,0.9999,0.464873,0.365931,-0.128582,0.9999,0.470351,0.364302,-0.128013,0.9999,0.47566,0.362576,-0.127677,0.9999,0.450695,0.367383,-0.137441,0.9999,0.44575,0.366812,-0.138347,0.9999,0.441094,0.366144,-0.137699,0.9999,0.482221,0.347148,-0.184444,0.9999,0.431735,0.353984,-0.240445,0.9998,0.463593,0.343098,-0.11252,0.9999,0.448268,0.344457,-0.127822,0.9998,0.515177,0.287735,-0.149493,0.999,0.389781,0.291672,-0.219781,0.9992,0.548802,0.377146,-0.110901,0.8902,0.377216,0.395265,-0.206952,0.886,0.573415,0.48134,-0.149886,0.9153,0.380167,0.485371,-0.223939,0.9612,0.596073,0.498388,-0.18415,0.8839,0.366924,0.510145,-0.261659,0.9432,0.577888,0.500927,-0.200929,0.8814,0.387888,0.507478,-0.273772,0.942,0.566629,0.496233,-0.157772,0.8632,0.400214,0.496725,-0.231311,0.9254,0.472091,0.126422,0.023967,0.997,0.393029,0.121762,-0.022558,0.9951,0.488197,0.256169,0.133741,0.1256,0.387927,0.283021,0.09095,0.0841,0.466808,0.358858,0.314649,0.2654,0.391101,0.380618,0.282735,0.2147,0.45707,0.366234,0.326024,0.2282,0.397866,0.390963,0.29573,0.1868,0.477025,0.413296,0.239876,0.3947,0.403847,0.446958,0.207186,0.3077
adho_mukha_tf_0232,0.481443,0.371219,-0.255159,0.9999,0.477553,0.372642,-0.244471,0.9999,0.474419,0.371352,-0.243578,0.9998,0.470994,0.370167,-0.243373,0.9998,0.48569,0.3721,-0.241486,0.9999,0.4882,0.370335,-0.242404,0.9998,0.491524,0.368789,-0.242048,0.9999,0.465973,0.352166,-0.173525,0.9996,0.495444,0.352351,-0.169376,0.9997,0.47547,0.359218,-0.230163,0.9995,0.485971,0.357628,-0.227586,0.9995,0.427752,0.284547,-0.148175,0.994,0.538523,0.284587,-0.154639,0.9989,0.39564,0.381292,-0.208644,0.9552,0.576303,0.368684,-0.191951,0.9379,0.390502,0.474444,-0.247162,0.7853,0.587237,0.471101,-0.235644,0.8287,0.381949,0.493309,-0.264817,0.6613,0.599432,0.489813,-0.25616,0.6658,0.39479,0.492879,-0.268279,0.6592,0.586271,0.491901,-0.246462,0.6626,0.400816,0.487252,-0.251246,0.7022,0.580769,0.484935,-0.240526,0.7072,0.448235,0.117859,0.018537,0.9739,0.504571,0.109949,-0.017302,0.986,0.444014,0.256254,0.026298,0.1818,0.505037,0.176828,-0.013853,0.3067,0.463415,0.201213,0.166045,0.1742,0.49971,0.187311,0.137698,0.2404,0.469582,0.187462,0.180815,0.165,0.502782,0.184542,0.150015,0.2273,0.460224,0.208935,0.138899,0.2288,0.486166,0.211318,0.110008,0.2894
adho_mukha_tf_0233,0.4955,0.35293,-0.097988,0.9999,0.500952,0.359349,-0.127114,0.9999,0.504763,0.35819,-0.126562,0.9999,0.509548,0.357133,-0.126436,0.9999,0.490839,0.359865,-0.130788,0.9999,0.487703,0.358976,-0.131774,0.9999,0.4843,0.358172,-0.131304,0.9999,0.519485,0.342078,-0.189379,0.9999,0.477557,0.344515,-0.220873,0.9999,0.502186,0.33877,-0.112201,0.9999,0.491015,0.33867,-0.120657,0.9999,0.566496,0.285968,-0.160779,0.9996,0.438957,0.281654,-0.19951,0.9996,0.587084,0.381882,-0.142665,0.8983,0.42833,0.374664,-0.169366,0.6787,0.593754,0.470173,-0.188468,0.8558,0.410357,0.470432,-0.156141,0.8726,0.611694,0.487642,-0.223517,0.7902,0.393819,0.490005,-0.180679,0.8245,0.589068,0.489712,-0.233523,0.788,0.413662,0.490865,-0.195804,0.8267,0.574797,0.483327,-0.194453,0.7646,0.437557,0.479147,-0.163429,0.7969,0.539932,0.114865,0.016991,0.9992,0.469827,0.105661,-0.01566,0.999,0.538316,0.207906,0.238781,0.1231,0.438694,0.218768,0.179859,0.1062,0.509446,0.234207,0.47104,0.1484,0.475201,0.262971,0.432495,0.241,0.49766,0.22978,0.490442,0.1521,0.481804,0.263927,0.453075,0.2474,0.514391,0.27208,0.466251,0.2252,0.490966,0.299511,0.418594,0.3245
adho_mukha_tf_0234,0.537675,0.360114,-0.131269,0.9999,0.543617,0.364492,-0.160404,1.0,0.548345,0.363823,-0.159851,0.9999,0.554463,0.363218,-0.159702,1.0,0.532548,0.363023,-0.164356,1.0,0.529415,0.361367,-0.165265,0.9999,0.526095,0.359712,-0.164723,1.0,0.565597,0.346775,-0.216623,0.9999,0.522995,0.34482,-0.248211,0.9999,0.544587,0.347068,-0.14213,0.9999,0.531819,0.345253,-0.150767,0.9999,0.609438,0.287225,-0.182729,0.9994,0.483698,0.281056,-0.215561,0.9996,0.615474,0.379797,-0.167302,0.8765,0.453818,0.373944,-0.170265,0.7124,0.619907,0.471539,-0.21106,0.808,0.439124,0.470689,-0.151491,0.8617,0.638165,0.490261,-0.250006,0.7472,0.425374,0.486948,-0.177888,0.8278,0.616688,0.49146,-0.261847,0.7473,0.440944,0.488488,-0.20151,0.8349,0.601812,0.483015,-0.217865,0.7295,0.463255,0.482817,-0.162275,0.8082,0.59522,0.114391,0.003042,0.9989,0.521637,0.105555,-0.001629,0.9988,0.603657,0.223633,0.187156,0.1252,0.487344,0.229825,0.178309,0.0541,0.574318,0.271934,0.417141,0.1268,0.535418,0.260855,0.436938,0.1429,0.566055,0.267639,0.435818,0.1198,0.546659,0.25953,0.457268,0.1447,0.569848,0.327454,0.400248,0.2041,0.542309,0.29751,0.423237,0.2346
adho_mukha_tf_0235,0.544084,0.36334,-0.201393,1.0,0.547132,0.367167,-0.210405,1.0,0.548752,0.366321,-0.209484,1.0,0.550685,0.365587,-0.209369,1.0,0.543516,0.366481,-0.21507,1.0,0.542647,0.365178,-0.215965,1.0,0.541738,0.363987,-0.215274,1.0,0.55928,0.350024,-0.202204,1.0,0.542953,0.349136,-0.236079,1.0,0.548054,0.351365,-0.193637,1.0,0.543595,0.350833,-0.202755,0.9999,0.563921,0.287166,-0.161556,0.9997,0.548555,0.290604,-0.219384,0.9998,0.502328,0.381202,-0.176509,0.9258,0.593426,0.375818,-0.197422,0.8475,0.44062,0.470288,-0.212276,0.8269,0.619433,0.476388,-0.177119,0.8709,0.466939,0.491439,-0.23443,0.7347,0.632009,0.492497,-0.201416,0.809,0.44396,0.488028,-0.255541,0.7366,0.621669,0.494723,-0.208759,0.8128,0.446271,0.484439,-0.223556,0.7485,0.612228,0.487042,-0.184428,0.8033,0.586767,0.09906,0.009372,0.9993,0.558659,0.100686,-0.008139,0.9995,0.627122,0.208849,0.201265,0.109,0.530608,0.193271,0.16939,0.1827,0.591226,0.228686,0.457599,0.0816,0.583605,0.170707,0.441132,0.1875,0.584412,0.223061,0.482245,0.0923,0.591813,0.161129,0.463779,0.1943,0.586216,0.26698,0.470489,0.1661,0.597666,0.187676,0.450616,0.3068
adho_mukha_tf_0236,0.556804,0.362447,-0.102371,1.0,0.56246,0.366636,-0.1311,1.0,0.565853,0.366267,-0.130409,1.0,0.570773,0.366189,-0.130298,1.0,0.554227,0.364799,-0.131896,1.0,0.551866,0.363226,-0.132747,1.0,0.549116,0.361702,-0.13203,1.0,0.577994,0.350461,-0.191476,1.0,0.546756,0.346924,-0.207249,1.0,0.562594,0.351218,-0.115291,1.0,0.55277,0.348872,-0.119233,1.0,0.627838,0.28859,-0.167461,0.9998,0.512263,0.282757,-0.172778,0.9998,0.635279,0.382252,-0.159439,0.9168,0.508501,0.373147,-0.12406,0.7692,0.63425,0.476989,-0.192193,0.8652,0.511301,0.465535,-0.111685,0.8969,0.644534,0.494061,-0.226473,0.8227,0.499197,0.484068,-0.13231,0.8761,0.625335,0.494825,-0.236646,0.8187,0.516253,0.484162,-0.155252,0.8783,0.617291,0.490726,-0.196951,0.7911,0.521376,0.483206,-0.12166,0.8514,0.620591,0.114259,-0.006924,0.9994,0.554478,0.1042,0.008434,0.9994,0.640131,0.237524,0.176834,0.2693,0.526114,0.203609,0.192979,0.1224,0.61617,0.259847,0.408425,0.2306,0.582476,0.207814,0.450407,0.2375,0.606216,0.255017,0.428821,0.2189,0.593231,0.201669,0.470862,0.2503,0.60945,0.3135,0.414846,0.3559,0.593042,0.236658,0.453796,0.3714
adho_mukha_tf_0237,0.598542,0.358016,-0.102888,0.9999,0.603957,0.363688,-0.131714,0.9999,0.60804,0.363524,-0.131169,0.9999,0.612352,0.363307,-0.130903,0.9999,0.593873,0.361529,-0.136249,0.9999,0.590734,0.35995,-0.137138,0.9999,0.587378,0.358384,-0.136436,0.9999,0.621265,0.349797,-0.187646,0.9998,0.584655,0.343996,-0.221883,0.9999,0.605594,0.346013,-0.112848,0.9998,0.594213,0.344147,-0.122134,0.9998,0.675384,0.287073,-0.153619,0.9993,0.548492,0.280022,-0.191226,0.9996,0.683309,0.390585,-0.13673,0.8625,0.524639,0.370255,-0.156086,0.758,0.669878,0.483646,-0.176726,0.8367,0.487371,0.47269,-0.172317,0.9294,0.684263,0.504067,-0.213313,0.7998,0.472116,0.487984,-0.198956,0.9146,0.661886,0.505571,-0.224906,0.7966,0.487221,0.491319,-0.218501,0.9178,0.651427,0.496721,-0.182429,0.7702,0.508865,0.487374,-0.18148,0.8945,0.688545,0.119987,0.001439,0.9978,0.611527,0.098775,1e-05,0.9977,0.683713,0.242928,0.199356,0.1487,0.583772,0.210304,0.224265,0.0322,0.674437,0.284719,0.444509,0.1791,0.635531,0.258435,0.5133,0.0977,0.671239,0.280407,0.464823,0.1838,0.647183,0.258841,0.536325,0.115,0.657937,0.345064,0.416405,0.2617,0.642516,0.301449,0.492251,0.1916
adho_mukha_tf_0238,0.607338,0.361379,-0.111842,0.9999,0.613966,0.366042,-0.14114,0.9999,0.618746,0.366284,-0.140522,0.9999,0.624192,0.366542,-0.14028,0.9999,0.602519,0.362467,-0.141914,0.9999,0.599316,0.360511,-0.142722,0.9999,0.595928,0.358541,-0.142069,0.9999,0.633543,0.352212,-0.201146,0.9999,0.594989,0.344133,-0.218271,0.9999,0.616221,0.350758,-0.123214,0.9999,0.602837,0.347441,-0.127697,0.9999,0.68906,0.296143,-0.172333,0.9997,0.55803,0.283115,-0.180268,0.9998,0.690098,0.39509,-0.160787,0.9149,0.52089,0.368652,-0.139049,0.8694,0.677457,0.483772,-0.195098,0.8986,0.486513,0.474031,-0.167533,0.9684,0.695895,0.503817,-0.232331,0.8716,0.468987,0.490587,-0.195987,0.9613,0.670396,0.50774,-0.242281,0.869,0.485006,0.49409,-0.218701,0.9631,0.658864,0.498812,-0.199529,0.8438,0.492797,0.489188,-0.178117,0.9486,0.70078,0.128426,-0.00829,0.9993,0.629288,0.106196,0.009845,0.9992,0.70353,0.260234,0.158155,0.2856,0.59438,0.213429,0.220373,0.0623,0.687409,0.29985,0.390012,0.2576,0.648646,0.247366,0.505457,0.1724,0.679589,0.295344,0.409554,0.2454,0.661209,0.24616,0.528221,0.1686,0.670587,0.358685,0.380477,0.3698,0.653625,0.285775,0.501225,0.3122
adho_mukha_tf_0239,0.617984,0.361239,-0.173079,0.9998,0.626137,0.367158,-0.205359,0.9999,0.633247,0.367949,-0.204754,0.9998,0.641868,0.368962,-0.204476,0.9999,0.610886,0.362514,-0.207973,0.9999,0.606869,0.360317,-0.208812,0.9998,0.602655,0.358121,-0.208113,0.9998,0.6536,0.354362,-0.26452,0.9998,0.601519,0.343636,-0.291299,0.9997,0.629709,0.350243,-0.183477,0.9998,0.611283,0.346057,-0.190673,0.9998,0.700938,0.300323,-0.222255,0.9993,0.568698,0.281074,-0.254193,0.9995,0.703223,0.398079,-0.207059,0.9053,0.527514,0.371417,-0.233135,0.8599,0.686308,0.492706,-0.266937,0.8787,0.492519,0.477321,-0.284267,0.9557,0.701622,0.511872,-0.312594,0.8402,0.472002,0.493555,-0.323992,0.9449,0.680827,0.511963,-0.326321,0.8398,0.489022,0.495892,-0.349972,0.9482,0.670272,0.504129,-0.274063,0.8163,0.501914,0.491861,-0.297726,0.9309,0.722113,0.137896,0.003775,0.998,0.639714,0.109206,-0.002358,0.9977,0.708144,0.260487,0.202107,0.1269,0.609537,0.236594,0.199801,0.0321,0.689939,0.340495,0.445538,0.21,0.641552,0.306704,0.474819,0.1285,0.685082,0.34033,0.463603,0.1916,0.651226,0.312329,0.495994,0.1087,0.67076,0.407496,0.392401,0.2954,0.643785,0.353902,0.43076,0.22
adho_mukha_tf_0240,0.644281,0.357944,-0.069394,0.9999,0.649901,0.365098,-0.102251,0.9999,0.655978,0.365693,-0.101588,1.0,0.663044,0.366265,-0.10136,1.0,0.636173,0.361687,-0.101672,1.0,0.63236,0.360006,-0.102332,0.9999,0.628386,0.358088,-0.101444,0.9999,0.675365,0.354642,-0.177919,0.9999,0.625687,0.344194,-0.187806,0.9999,0.655982,0.34731,-0.085726,0.9999,0.640167,0.343658,-0.087774,0.9999,0.731741,0.3058,-0.155574,0.9998,0.598135,0.285253,-0.143716,0.9999,0.733408,0.409572,-0.13333,0.9208,0.551829,0.374739,-0.093553,0.9667,0.70499,0.503263,-0.169332,0.9471,0.512266,0.479887,-0.150419,0.9961,0.714474,0.524293,-0.207494,0.9403,0.487799,0.498194,-0.184046,0.9951,0.694567,0.524487,-0.2185,0.9389,0.507468,0.500845,-0.208986,0.9952,0.685538,0.51759,-0.174301,0.9267,0.519597,0.496524,-0.162224,0.9923,0.762407,0.131473,-0.023572,0.9996,0.676965,0.102627,0.025108,0.9996,0.765267,0.294208,0.117176,0.5769,0.662621,0.181755,0.247761,0.1966,0.751101,0.387074,0.316307,0.6914,0.704677,0.192957,0.520736,0.4142,0.759502,0.382597,0.330763,0.6416,0.715935,0.189497,0.541949,0.3696,0.714761,0.469739,0.274929,0.7688,0.703981,0.219351,0.502389,0.5919
adho_mukha_tf_0241,0.642144,0.359363,-0.111719,0.9998,0.647547,0.366296,-0.144818,0.9998,0.653258,0.366928,-0.144172,0.9998,0.65995,0.367601,-0.143869,0.9998,0.634948,0.362804,-0.146122,0.9998,0.631665,0.361225,-0.146852,0.9998,0.628276,0.359402,-0.145908,0.9998,0.673065,0.356642,-0.214191,0.9997,0.630536,0.34673,-0.233025,0.9997,0.653721,0.349799,-0.125842,0.9998,0.638978,0.345731,-0.130602,0.9998,0.738128,0.30853,-0.187806,0.999,0.606515,0.285518,-0.184303,0.9995,0.735112,0.413299,-0.173612,0.9085,0.562833,0.376871,-0.146531,0.9426,0.708348,0.507249,-0.224211,0.9194,0.515839,0.480038,-0.201268,0.9875,0.717373,0.529214,-0.266479,0.9025,0.490754,0.495947,-0.237268,0.9851,0.698176,0.527151,-0.276492,0.8976,0.507665,0.499838,-0.264131,0.9852,0.690838,0.517464,-0.229377,0.8872,0.521981,0.495269,-0.214987,0.9784,0.775043,0.130477,-0.018386,0.996,0.696573,0.101806,0.019772,0.9962,0.782445,0.279139,0.114821,0.3379,0.679566,0.233058,0.183233,0.0856,0.754342,0.392459,0.33189,0.4827,0.712653,0.314025,0.411229,0.3405,0.772411,0.384569,0.346141,0.4595,0.72499,0.3211,0.426144,0.3136,0.737899,0.457839,0.261999,0.5875,0.705099,0.362868,0.347771,0.4913
adho_mukha_tf_0242,0.658667,0.361446,-0.057271,0.9999,0.662973,0.369057,-0.091608,0.9999,0.668652,0.369456,-0.090987,0.9999,0.675057,0.369616,-0.090702,0.9999,0.649836,0.365502,-0.089873,0.9999,0.645756,0.363603,-0.090514,0.9999,0.641514,0.361391,-0.089586,0.9999,0.687997,0.357433,-0.171169,0.9998,0.63784,0.347001,-0.176321,0.9998,0.669356,0.35119,-0.075115,0.9999,0.65444,0.346858,-0.075875,0.9998,0.747536,0.307863,-0.159006,0.9993,0.612873,0.288095,-0.120138,0.9997,0.748918,0.407938,-0.12973,0.8952,0.567932,0.379067,-0.071241,0.9621,0.72015,0.502611,-0.157174,0.9285,0.520449,0.485774,-0.132703,0.9946,0.72769,0.53037,-0.195896,0.9179,0.493141,0.500586,-0.164152,0.9935,0.707448,0.528481,-0.205142,0.9147,0.512177,0.505165,-0.192838,0.9936,0.702052,0.519224,-0.1613,0.9047,0.526484,0.502344,-0.14661,0.9897,0.789673,0.123706,-0.036555,0.9968,0.710756,0.102739,0.038123,0.9967,0.78293,0.288877,0.057072,0.5096,0.685165,0.236806,0.184073,0.0772,0.788005,0.384602,0.242825,0.5804,0.72557,0.295381,0.386975,0.3098,0.791395,0.385672,0.254623,0.565,0.740279,0.297745,0.399848,0.31,0.753841,0.459389,0.180361,0.6511,0.717258,0.340625,0.336959,0.4729
adho_mukha_tf_0243,0.6696,0.363335,-0.049144,0.9997,0.673373,0.370022,-0.084593,0.9997,0.679033,0.370078,-0.083994,0.9997,0.684794,0.369868,-0.08368,0.9997,0.660248,0.367391,-0.076298,0.9998,0.656619,0.365758,-0.077042,0.9997,0.652902,0.363852,-0.076135,0.9997,0.693239,0.357554,-0.166744,0.9996,0.653493,0.350992,-0.141968,0.9997,0.681484,0.353286,-0.068121,0.9996,0.666308,0.349481,-0.060525,0.9996,0.752557,0.308031,-0.166431,0.9987,0.631309,0.289125,-0.083215,0.9995,0.748822,0.420218,-0.157786,0.9395,0.580196,0.378303,-0.027347,0.9518,0.722667,0.514414,-0.177825,0.9624,0.529097,0.489044,-0.092604,0.9933,0.729447,0.539378,-0.214978,0.9519,0.502273,0.502819,-0.118343,0.9919,0.710644,0.537178,-0.218721,0.9491,0.520238,0.507476,-0.146438,0.9921,0.705805,0.526536,-0.178707,0.9398,0.532097,0.504273,-0.105933,0.9879,0.810186,0.123147,-0.045983,0.9935,0.737363,0.104711,0.047406,0.9953,0.807818,0.278364,0.091333,0.5257,0.734649,0.241476,0.21141,0.0835,0.825683,0.365964,0.300182,0.5687,0.776024,0.316045,0.413402,0.3328,0.823968,0.389998,0.31608,0.5506,0.79073,0.323015,0.426988,0.3497,0.807787,0.43502,0.247393,0.6207,0.765357,0.359941,0.363205,0.4746
adho_mukha_tf_0244,0.690049,0.366271,-0.025881,0.9998,0.692607,0.373011,-0.062935,0.9998,0.698236,0.372681,-0.06239,0.9998,0.704526,0.372199,-0.062051,0.9998,0.678253,0.371491,-0.051441,0.9999,0.674153,0.370192,-0.052129,0.9999,0.669948,0.368473,-0.05136,0.9998,0.711632,0.360395,-0.153442,0.9998,0.665843,0.355085,-0.115279,0.9998,0.700422,0.355178,-0.047722,0.9998,0.684163,0.353247,-0.036038,0.9998,0.764949,0.310961,-0.161608,0.9986,0.640583,0.294488,-0.054732,0.9996,0.769879,0.421163,-0.167303,0.9584,0.584563,0.382911,-0.003715,0.9642,0.728161,0.515397,-0.198456,0.9763,0.533801,0.490244,-0.086676,0.996,0.7313,0.542819,-0.236982,0.9686,0.506291,0.505029,-0.109067,0.9948,0.712951,0.541839,-0.239618,0.9663,0.523802,0.508768,-0.139442,0.9949,0.708107,0.531518,-0.198596,0.9585,0.535346,0.505403,-0.100847,0.9925,0.830034,0.126744,-0.051877,0.9906,0.758108,0.10681,0.053402,0.9942,0.831045,0.27783,0.055942,0.6251,0.750227,0.253094,0.196844,0.0638,0.836212,0.394101,0.244262,0.645,0.78298,0.353612,0.381722,0.2906,0.841254,0.399102,0.257531,0.6021,0.800292,0.362978,0.392997,0.3154,0.817304,0.447141,0.175841,0.6667,0.763571,0.409651,0.321652,0.432
adho_mukha_tf_0245,0.69262,0.368571,-0.028196,0.9998,0.693925,0.375839,-0.063713,0.9998,0.698855,0.375645,-0.063168,0.9998,0.70461,0.375329,-0.062845,0.9998,0.681373,0.374219,-0.05337,0.9999,0.677556,0.373047,-0.054124,0.9998,0.673674,0.371434,-0.053351,0.9998,0.712609,0.364301,-0.152788,0.9997,0.669943,0.356451,-0.120463,0.9998,0.702411,0.35721,-0.049946,0.9998,0.688477,0.354971,-0.039886,0.9998,0.767031,0.311489,-0.166882,0.9989,0.645034,0.294728,-0.062782,0.9996,0.769537,0.421613,-0.188974,0.9595,0.586733,0.382347,-0.020238,0.9658,0.726937,0.51912,-0.240392,0.9786,0.534009,0.494267,-0.1108,0.9968,0.728782,0.542363,-0.283375,0.9725,0.503196,0.508816,-0.135046,0.9959,0.709234,0.54005,-0.285494,0.9706,0.519162,0.512418,-0.165081,0.996,0.70654,0.529966,-0.241326,0.9637,0.53282,0.509491,-0.125048,0.994,0.837416,0.121411,-0.052496,0.9932,0.76772,0.102386,0.053976,0.9955,0.842536,0.275717,0.071801,0.6685,0.76801,0.250581,0.206595,0.0694,0.84946,0.389792,0.27073,0.6612,0.804708,0.355821,0.407544,0.3126,0.858081,0.396066,0.285387,0.5864,0.822035,0.365135,0.420579,0.3294,0.835594,0.439212,0.206226,0.6723,0.786442,0.416042,0.350429,0.4653
adho_mukha_tf_0246,0.698113,0.37193,-0.024274,0.9999,0.698394,0.378093,-0.06155,0.9999,0.703032,0.377672,-0.060958,0.9999,0.708437,0.377154,-0.060614,0.9999,0.686315,0.376605,-0.046643,0.9999,0.682422,0.375147,-0.047411,0.9999,0.678687,0.373375,-0.046748,0.9999,0.714608,0.364487,-0.154894,0.9998,0.673422,0.356594,-0.102865,0.9999,0.707717,0.360207,-0.047958,0.9999,0.694864,0.358091,-0.031973,0.9999,0.769632,0.311446,-0.17702,0.9984,0.648811,0.293013,-0.041953,0.9996,0.770136,0.424404,-0.236574,0.9604,0.588511,0.383004,-0.001439,0.9606,0.727478,0.520733,-0.309237,0.9789,0.533007,0.498292,-0.100935,0.9955,0.726245,0.5452,-0.356115,0.973,0.502214,0.510507,-0.12299,0.9944,0.707654,0.544608,-0.353951,0.9704,0.515844,0.51456,-0.157378,0.9946,0.705523,0.533831,-0.309041,0.9633,0.531028,0.51167,-0.117729,0.9924,0.845428,0.115181,-0.060633,0.9925,0.781107,0.102233,0.062007,0.9951,0.852286,0.277931,0.04308,0.7481,0.778441,0.256828,0.197452,0.1079,0.860139,0.395991,0.226874,0.7306,0.810818,0.363993,0.379084,0.3754,0.866122,0.404873,0.239733,0.6675,0.827437,0.374504,0.389331,0.366,0.840338,0.442346,0.160281,0.7381,0.786,0.419385,0.317501,0.4994
adho_mukha_tf_0247,0.695714,0.365977,-0.053897,0.9998,0.696268,0.372285,-0.089643,0.9998,0.700815,0.372231,-0.089138,0.9998,0.705918,0.372027,-0.088764,0.9998,0.683967,0.369974,-0.079817,0.9998,0.680044,0.368388,-0.080701,0.9998,0.676352,0.366293,-0.080007,0.9998,0.712403,0.361045,-0.173623,0.9997,0.671357,0.349106,-0.143634,0.9997,0.706764,0.355923,-0.073518,0.9998,0.692035,0.352935,-0.063791,0.9998,0.777824,0.312894,-0.183758,0.9985,0.647548,0.287904,-0.079566,0.9994,0.772455,0.432147,-0.236333,0.9544,0.590111,0.383854,-0.038813,0.9659,0.720421,0.529295,-0.322447,0.9742,0.53252,0.501932,-0.130973,0.9973,0.719387,0.548769,-0.370783,0.9658,0.503624,0.516255,-0.153656,0.9963,0.703917,0.545649,-0.370227,0.9632,0.516329,0.519652,-0.184563,0.9964,0.700673,0.537388,-0.324165,0.9571,0.531953,0.516269,-0.145331,0.9945,0.858513,0.123665,-0.056631,0.9948,0.790973,0.105381,0.057993,0.9969,0.869238,0.282794,0.058025,0.7637,0.784495,0.25443,0.198162,0.1306,0.882637,0.396932,0.244979,0.7156,0.813902,0.371466,0.390658,0.4524,0.891474,0.409691,0.258269,0.6271,0.831614,0.384362,0.403373,0.4572,0.865704,0.446105,0.180121,0.7179,0.787627,0.428885,0.333229,0.5803
adho_mukha_tf_0248,0.692393,0.364977,-0.031508,0.9999,0.689512,0.372259,-0.064934,1.0,0.693439,0.37213,-0.064437,1.0,0.698065,0.372062,-0.064041,0.9999,0.67852,0.370561,-0.048577,1.0,0.674845,0.36903,-0.049493,1.0,0.671511,0.367299,-0.048823,1.0,0.702586,0.358844,-0.150149,0.9998,0.667079,0.349174,-0.089452,0.9999,0.704728,0.353522,-0.053189,0.9999,0.692073,0.350863,-0.034732,0.9999,0.771302,0.310519,-0.174596,0.9989,0.647814,0.288604,-0.024158,0.9996,0.772123,0.432314,-0.247568,0.9746,0.591762,0.384156,0.0277,0.9451,0.713951,0.532187,-0.318375,0.9837,0.532933,0.499522,-0.066054,0.9958,0.709094,0.552656,-0.367037,0.9765,0.504892,0.513619,-0.079817,0.9948,0.695533,0.547799,-0.35601,0.9737,0.515362,0.518265,-0.119086,0.9951,0.69252,0.540783,-0.31599,0.9674,0.530834,0.514067,-0.083766,0.9931,0.867713,0.120252,-0.067198,0.9939,0.805042,0.106264,0.068357,0.9962,0.871299,0.283556,0.059881,0.8262,0.80637,0.252854,0.209444,0.1654,0.888147,0.39828,0.242836,0.7525,0.849885,0.382979,0.403325,0.4458,0.898607,0.414341,0.255411,0.6697,0.850025,0.387987,0.416163,0.4392,0.87078,0.443789,0.190391,0.7629,0.79925,0.425137,0.355225,0.5922
adho_mukha_tf_0249,0.675599,0.351501,-0.060939,1.0,0.672076,0.35784,-0.093706,1.0,0.676555,0.357566,-0.093357,1.0,0.680851,0.356999,-0.093076,0.9999,0.659508,0.356702,-0.077796,1.0,0.655623,0.355281,-0.078775,1.0,0.65197,0.353644,-0.07803,1.0,0.684917,0.343041,-0.181191,0.9999,0.64685,0.333773,-0.121391,1.0,0.688286,0.338954,-0.083562,1.0,0.675576,0.337438,-0.065641,1.0,0.755845,0.298371,-0.206182,0.9996,0.637317,0.270046,-0.052602,0.9999,0.75808,0.425706,-0.243532,0.9818,0.579316,0.379004,0.025582,0.9404,0.698604,0.542886,-0.291963,0.988,0.518702,0.502163,-0.059989,0.9962,0.696355,0.564634,-0.342622,0.9823,0.48617,0.517247,-0.075029,0.9954,0.676929,0.555522,-0.329058,0.9808,0.497117,0.522187,-0.119138,0.9957,0.673512,0.547682,-0.28892,0.9752,0.513776,0.517544,-0.079123,0.9939,0.871,0.121071,-0.067983,0.9963,0.81036,0.104163,0.068984,0.9981,0.872403,0.284157,0.096704,0.9033,0.810278,0.272653,0.232821,0.2145,0.914399,0.404686,0.293734,0.8142,0.881264,0.386145,0.457132,0.5005,0.931687,0.42148,0.307768,0.7225,0.882702,0.393421,0.4723,0.4887,0.8814,0.455722,0.248144,0.8068,0.84539,0.440363,0.415273,0.6657
adho_mukha_tf_0250,0.610745,0.330945,-0.071577,0.9999,0.602149,0.334849,-0.101572,0.9998,0.606747,0.335746,-0.10123,0.9998,0.61057,0.335938,-0.100959,0.9997,0.59166,0.332316,-0.081779,0.9998,0.588768,0.330684,-0.082776,0.9998,0.586514,0.329492,-0.082095,0.9998,0.615406,0.319918,-0.185562,0.9996,0.58728,0.311619,-0.109137,0.9998,0.623313,0.319174,-0.094961,0.9999,0.613412,0.314232,-0.071837,0.9999,0.700163,0.280249,-0.23171,0.9993,0.598385,0.247348,-0.033742,0.9998,0.720388,0.417985,-0.260934,0.9839,0.545987,0.370786,0.042724,0.8826,0.669716,0.543087,-0.276033,0.9925,0.500804,0.505584,-0.038317,0.9933,0.65886,0.569953,-0.331626,0.9886,0.47393,0.522215,-0.049278,0.9919,0.639375,0.56462,-0.314189,0.9883,0.479797,0.525385,-0.091136,0.9926,0.640342,0.555193,-0.272523,0.9828,0.494552,0.521249,-0.056904,0.9909,0.860526,0.114542,-0.077482,0.9958,0.801558,0.112085,0.078224,0.9979,0.878049,0.283946,0.070863,0.9553,0.821024,0.278153,0.227442,0.2654,0.941595,0.405923,0.242169,0.9327,0.898494,0.3897,0.437607,0.5179,0.964317,0.428482,0.254347,0.8542,0.919443,0.396067,0.453604,0.561,0.910478,0.463392,0.201803,0.8931,0.864378,0.45841,0.420673,0.6737
adho_mukha_tf_0251,0.590019,0.32813,-0.061251,0.9998,0.583204,0.331028,-0.09073,0.9998,0.587098,0.33143,-0.090439,0.9998,0.591433,0.332156,-0.090211,0.9997,0.571284,0.325974,-0.071493,0.9998,0.568192,0.32358,-0.07252,0.9998,0.565725,0.32166,-0.071793,0.9998,0.597969,0.318372,-0.174372,0.9996,0.566595,0.303877,-0.098854,0.9998,0.604225,0.317973,-0.084524,0.9999,0.594455,0.311756,-0.061734,0.9999,0.688336,0.28367,-0.219265,0.9992,0.581782,0.241654,-0.031448,0.9997,0.702149,0.420433,-0.248518,0.9793,0.536751,0.370191,0.046124,0.8758,0.659733,0.545442,-0.265123,0.9905,0.492591,0.500731,-0.031106,0.9938,0.650847,0.569803,-0.319077,0.985,0.460018,0.518985,-0.041351,0.9925,0.634401,0.565353,-0.303432,0.9845,0.471375,0.522166,-0.081633,0.9931,0.634465,0.55717,-0.26248,0.9772,0.48645,0.517901,-0.048183,0.9915,0.852169,0.125903,-0.078043,0.9943,0.796112,0.111096,0.078834,0.9975,0.868603,0.290079,0.080732,0.9657,0.808758,0.280285,0.232861,0.2755,0.943174,0.400957,0.262076,0.9325,0.90559,0.386581,0.449038,0.5186,0.956867,0.415074,0.27557,0.8303,0.919348,0.405081,0.466413,0.5556,0.914365,0.464029,0.22788,0.8787,0.852816,0.449755,0.436907,0.6814
adho_mukha_tf_0252,0.559974,0.322208,-0.079589,0.9998,0.549485,0.322408,-0.109428,0.9997,0.553262,0.322459,-0.109184,0.9997,0.558202,0.32252,-0.108947,0.9997,0.539091,0.319047,-0.084645,0.9998,0.536033,0.316878,-0.085763,0.9998,0.533788,0.31523,-0.085008,0.9997,0.562958,0.306173,-0.191869,0.9995,0.534067,0.296529,-0.090781,0.9997,0.575187,0.311778,-0.103222,0.9999,0.563164,0.306361,-0.072953,0.9999,0.656861,0.268553,-0.239097,0.999,0.558408,0.237283,-0.018773,0.9996,0.673959,0.41156,-0.280001,0.9825,0.525603,0.375513,0.067143,0.7612,0.639187,0.541922,-0.281859,0.9897,0.477029,0.498395,-0.001241,0.9772,0.628756,0.568633,-0.336507,0.9834,0.445775,0.517101,-0.004929,0.9765,0.612725,0.563388,-0.315924,0.9821,0.453147,0.519791,-0.047484,0.9783,0.611939,0.556306,-0.277241,0.9729,0.467389,0.515223,-0.019138,0.9761,0.833529,0.122256,-0.083157,0.9968,0.769763,0.129141,0.08396,0.9984,0.874452,0.293413,0.06335,0.9578,0.807906,0.2914,0.229026,0.2312,0.944099,0.403442,0.229202,0.9516,0.910811,0.397527,0.431374,0.4012,0.957345,0.413691,0.241893,0.8813,0.920396,0.397632,0.448645,0.4791,0.917736,0.47014,0.204778,0.9094,0.884361,0.465834,0.438746,0.5772
adho_mukha_tf_0253,0.523661,0.320672,-0.13963,0.9998,0.514342,0.316167,-0.16834,0.9996,0.516983,0.314777,-0.168125,0.9996,0.52022,0.313363,-0.167815,0.9996,0.507131,0.314506,-0.139947,0.9997,0.504827,0.312017,-0.141144,0.9997,0.502844,0.309621,-0.140432,0.9997,0.528752,0.29327,-0.233468,0.9993,0.505595,0.287087,-0.117487,0.9996,0.5408,0.308915,-0.157668,0.9998,0.534866,0.308442,-0.122393,0.9999,0.638212,0.266231,-0.265603,0.9987,0.533392,0.234522,-0.037334,0.9993,0.647891,0.418042,-0.294823,0.9892,0.507398,0.367313,0.045789,0.8502,0.61666,0.542223,-0.290429,0.9925,0.464124,0.49993,-0.008048,0.979,0.609213,0.568617,-0.349621,0.9866,0.431264,0.514981,-0.017371,0.9743,0.588736,0.564581,-0.328807,0.9852,0.437851,0.518942,-0.057779,0.9763,0.587949,0.556507,-0.286556,0.9786,0.452438,0.51527,-0.025947,0.9761,0.822932,0.135765,-0.083122,0.9985,0.760807,0.142308,0.083731,0.9978,0.863953,0.307314,0.041203,0.9512,0.805745,0.29725,0.210439,0.1804,0.942503,0.396389,0.219719,0.9438,0.913563,0.396454,0.409072,0.3297,0.977057,0.393456,0.233816,0.8773,0.936566,0.403212,0.426074,0.4526,0.91829,0.467402,0.1975,0.9067,0.902086,0.466472,0.419559,0.5529
adho_mukha_tf_0254,0.732204,0.48525,-0.033674,0.9998,0.751815,0.480598,-0.031092,0.9996,0.753198,0.479097,-0.030359,0.9996,0.754488,0.477439,-0.030345,0.9995,0.748737,0.479087,-0.062975,0.9997,0.747975,0.476317,-0.063817,0.9996,0.74717,0.473174,-0.062942,0.9996,0.751855,0.446747,0.016087,0.9994,0.744303,0.445854,-0.142961,0.9996,0.716306,0.475376,-0.013165,0.9995,0.713565,0.473183,-0.058479,0.9996,0.698372,0.378161,0.114921,0.9982,0.653012,0.418154,-0.209314,0.9993,0.696639,0.49123,0.210071,0.4496,0.635731,0.575361,-0.244664,0.9935,0.745449,0.588649,0.157365,0.7196,0.687408,0.692249,-0.175696,0.9916,0.776083,0.599992,0.160735,0.7324,0.709853,0.723625,-0.208719,0.9846,0.777101,0.604917,0.126705,0.7428,0.723728,0.714173,-0.191716,0.9834,0.765436,0.603714,0.143338,0.7382,0.719227,0.701268,-0.170786,0.9743,0.416988,0.253799,0.11272,0.9994,0.374284,0.259644,-0.111093,0.9994,0.351638,0.439245,0.252849,0.4569,0.334941,0.461337,-0.042845,0.9911,0.177909,0.512478,0.388974,0.5725,0.143883,0.525748,0.112029,0.9827,0.137029,0.503278,0.398531,0.5614,0.103201,0.509683,0.124939,0.9631,0.175372,0.581554,0.401012,0.6995,0.15361,0.599121,0.115535,0.9759
adho_mukha_tf_0255,0.716422,0.505524,-0.035829,0.9998,0.733899,0.50106,-0.033788,0.9996,0.735401,0.499237,-0.033031,0.9995,0.737103,0.497206,-0.033059,0.9995,0.731331,0.500457,-0.064755,0.9996,0.730915,0.498207,-0.065638,0.9996,0.730089,0.495486,-0.064705,0.9996,0.739575,0.469266,0.007727,0.9993,0.730098,0.473699,-0.146762,0.9996,0.702354,0.496564,-0.017564,0.9995,0.699898,0.495334,-0.061208,0.9995,0.687875,0.394741,0.107369,0.9981,0.637695,0.441633,-0.213256,0.9992,0.695235,0.506288,0.213893,0.3932,0.631866,0.606051,-0.252821,0.9862,0.752133,0.601584,0.161986,0.6574,0.697161,0.718852,-0.198068,0.9859,0.780747,0.611334,0.16314,0.6786,0.725302,0.748335,-0.235269,0.9759,0.780989,0.615345,0.128775,0.6899,0.737712,0.737964,-0.222105,0.9739,0.769715,0.617238,0.147563,0.683,0.727307,0.723739,-0.195658,0.9609,0.417099,0.253181,0.113444,0.9993,0.372743,0.255969,-0.111854,0.9993,0.329885,0.431744,0.285518,0.2624,0.303995,0.441523,0.012925,0.972,0.181436,0.519837,0.447867,0.3706,0.139499,0.532702,0.192119,0.9626,0.144942,0.526229,0.45958,0.4037,0.106524,0.532411,0.206083,0.9369,0.194913,0.592805,0.446791,0.5552,0.165194,0.606445,0.174064,0.9561
adho_mukha_tf_0256,0.644329,0.538715,-0.015891,0.9997,0.665338,0.536811,-0.010962,0.9997,0.667182,0.534615,-0.01015,0.9997,0.669043,0.532393,-0.010109,0.9997,0.662763,0.536932,-0.042238,0.9998,0.662776,0.534727,-0.043148,0.9997,0.662798,0.532535,-0.042148,0.9998,0.674089,0.507106,0.033598,0.9995,0.663046,0.511892,-0.12487,0.9996,0.631091,0.52389,0.002743,0.9994,0.630292,0.524968,-0.041374,0.9994,0.632532,0.427805,0.124999,0.9978,0.590983,0.476346,-0.194516,0.9998,0.660576,0.542229,0.231376,0.5087,0.612538,0.6319,-0.263956,0.9884,0.74644,0.609718,0.17376,0.737,0.711823,0.737323,-0.238142,0.9925,0.781292,0.618999,0.177368,0.7362,0.739411,0.760114,-0.280142,0.9857,0.786691,0.625481,0.14524,0.7427,0.747898,0.747569,-0.262068,0.9841,0.771469,0.621345,0.160847,0.7229,0.741241,0.737736,-0.233702,0.9764,0.386584,0.240515,0.111312,0.9995,0.339909,0.251202,-0.109668,0.9996,0.295565,0.415399,0.254726,0.1775,0.251277,0.419418,0.011307,0.9575,0.165012,0.524939,0.404543,0.2959,0.120324,0.546544,0.163659,0.946,0.14548,0.541843,0.412905,0.3206,0.085498,0.556242,0.173132,0.9141,0.193184,0.594789,0.37963,0.4332,0.170909,0.612623,0.129756,0.927
adho_mukha_tf_0257,0.598242,0.558359,-0.038747,0.9997,0.62088,0.555442,-0.034156,0.9996,0.622656,0.55325,-0.03333,0.9996,0.624505,0.550949,-0.033182,0.9996,0.618733,0.55604,-0.063984,0.9997,0.619039,0.554281,-0.06484,0.9997,0.619331,0.55239,-0.063968,0.9997,0.629005,0.527151,0.01235,0.9992,0.618337,0.531556,-0.141525,0.9996,0.585355,0.543186,-0.018029,0.9994,0.584738,0.544324,-0.060648,0.9994,0.600018,0.445004,0.106756,0.9987,0.552741,0.489492,-0.197733,0.9999,0.651855,0.545672,0.214793,0.4157,0.59719,0.641685,-0.304224,0.9948,0.738774,0.617881,0.132019,0.7805,0.699334,0.746645,-0.307891,0.9978,0.777488,0.625748,0.141568,0.8556,0.728814,0.774538,-0.355325,0.9943,0.777195,0.632638,0.105909,0.8603,0.740522,0.759238,-0.325726,0.9922,0.761564,0.632624,0.119067,0.844,0.733117,0.745088,-0.299786,0.9866,0.359237,0.250562,0.113001,0.9997,0.316076,0.251321,-0.111369,0.9998,0.270963,0.406793,0.271662,0.2115,0.223002,0.414269,0.0219,0.9874,0.165802,0.532088,0.42188,0.4655,0.113278,0.554235,0.171595,0.9861,0.130852,0.549257,0.429797,0.5817,0.075765,0.565763,0.179176,0.9843,0.190798,0.592335,0.391058,0.7212,0.169041,0.609932,0.127271,0.9831
adho_mukha_tf_0258,0.546379,0.576663,0.037617,0.9996,0.565969,0.575828,0.026858,0.9997,0.568547,0.572451,0.027631,0.9997,0.570968,0.568991,0.027844,0.9997,0.558976,0.581828,0.001728,0.9997,0.557305,0.582373,0.000631,0.9996,0.555252,0.582967,0.001576,0.9997,0.572774,0.546071,0.015042,0.9994,0.548555,0.567506,-0.1156,0.9994,0.534592,0.558648,0.039082,0.9995,0.528744,0.564328,0.003125,0.9995,0.561653,0.457725,0.083561,0.9993,0.492286,0.513767,-0.180349,0.9999,0.641303,0.535407,0.190598,0.8222,0.574887,0.643714,-0.281986,0.9888,0.732311,0.61145,0.146786,0.9444,0.68088,0.756978,-0.322866,0.9987,0.766986,0.610916,0.147589,0.9319,0.706801,0.782782,-0.365645,0.997,0.760096,0.623732,0.117921,0.9343,0.716719,0.772013,-0.339692,0.9967,0.748155,0.626112,0.134838,0.9189,0.710725,0.760827,-0.317,0.9946,0.304211,0.269839,0.102977,0.9996,0.249881,0.283508,-0.101416,0.9997,0.221,0.427316,0.296481,0.1492,0.164155,0.450418,0.061901,0.9051,0.143508,0.543465,0.47794,0.2681,0.087223,0.57581,0.266689,0.8869,0.135014,0.556757,0.489414,0.3352,0.062367,0.594939,0.283325,0.8799,0.163989,0.600543,0.44147,0.4112,0.143508,0.612515,0.227614,0.897
adho_mukha_tf_0259,0.50976,0.586024,0.029837,0.9994,0.529514,0.582478,0.012595,0.9995,0.53166,0.578234,0.013325,0.9995,0.53427,0.573359,0.01351,0.9995,0.521796,0.592898,-0.006561,0.9994,0.519453,0.595199,-0.007696,0.9994,0.516859,0.597614,-0.006613,0.9993,0.532619,0.553873,-0.016479,0.999,0.505585,0.584337,-0.121909,0.9992,0.496948,0.568187,0.025333,0.999,0.491938,0.577083,-0.003846,0.9991,0.506665,0.476128,0.048811,0.9992,0.443475,0.547365,-0.184076,0.9999,0.603375,0.547952,0.131557,0.773,0.543462,0.636886,-0.233554,0.9724,0.687766,0.608649,0.053673,0.9284,0.645938,0.740461,-0.203836,0.9888,0.721901,0.608752,0.048468,0.9171,0.669004,0.767939,-0.237497,0.9778,0.714461,0.623249,0.02137,0.9199,0.680947,0.740962,-0.215918,0.9755,0.698266,0.632133,0.041958,0.8994,0.675808,0.727105,-0.196124,0.9653,0.267405,0.307286,0.101887,0.9998,0.216092,0.31818,-0.10061,0.9999,0.193272,0.421836,0.372865,0.1764,0.144748,0.458168,0.075518,0.982,0.11888,0.532525,0.605613,0.4824,0.089237,0.552189,0.249559,0.9758,0.106961,0.550282,0.624109,0.5714,0.063593,0.571537,0.263221,0.9595,0.135762,0.603884,0.590327,0.6466,0.119332,0.614307,0.197025,0.9675
adho_mukha_tf_0260,0.495299,0.577489,0.041472,0.9998,0.51161,0.575506,0.017737,0.9998,0.513458,0.571793,0.018454,0.9998,0.51514,0.568018,0.018623,0.9998,0.50315,0.585965,0.007427,0.9998,0.50038,0.588659,0.006376,0.9998,0.497386,0.591467,0.0073,0.9998,0.508598,0.550474,-0.032913,0.9996,0.482872,0.58222,-0.101231,0.9997,0.484563,0.561196,0.028714,0.9995,0.477821,0.571012,0.010033,0.9997,0.482708,0.476612,0.018678,0.9993,0.424674,0.548175,-0.168782,0.9999,0.574838,0.558876,0.076271,0.8435,0.526243,0.62303,-0.190909,0.9481,0.64616,0.666379,-8.1e-05,0.9487,0.63765,0.69551,-0.147166,0.971,0.680982,0.651927,-0.005109,0.9339,0.649811,0.748846,-0.172571,0.9475,0.668087,0.684888,-0.030816,0.9342,0.662489,0.711619,-0.154778,0.9441,0.65876,0.672694,-0.010588,0.9156,0.654818,0.695998,-0.140063,0.926,0.240127,0.320573,0.091891,0.9999,0.193986,0.337724,-0.090369,1.0,0.171644,0.418126,0.428953,0.3071,0.134557,0.455119,0.019712,0.9944,0.112719,0.522074,0.670034,0.7082,0.075859,0.542598,0.135887,0.9879,0.113707,0.536886,0.689407,0.7799,0.055885,0.560463,0.144576,0.9763,0.126805,0.593143,0.655542,0.7929,0.099382,0.598228,0.065544,0.9805
adho_mukha_tf_0261,0.486803,0.563331,0.02927,0.9997,0.498825,0.55991,0.003086,0.9998,0.500901,0.555079,0.003816,0.9998,0.503523,0.549518,0.004065,0.9998,0.489558,0.572807,-0.001404,0.9997,0.484496,0.577873,-0.00257,0.9998,0.479966,0.5824,-0.001603,0.9997,0.492933,0.534207,-0.055605,0.9996,0.462243,0.575984,-0.094752,0.9997,0.475889,0.548049,0.015036,0.9995,0.468073,0.562092,0.004737,0.9995,0.466445,0.455752,-0.006075,0.9994,0.4066,0.554115,-0.140512,0.9999,0.56113,0.531348,0.049985,0.9317,0.4952,0.628987,-0.144126,0.9578,0.637752,0.604944,-0.010358,0.982,0.598187,0.722067,-0.119505,0.9867,0.672095,0.59151,-0.014758,0.9758,0.620218,0.749863,-0.150852,0.9735,0.659451,0.618427,-0.041839,0.9767,0.6286,0.732149,-0.128561,0.9719,0.645118,0.617792,-0.019839,0.9651,0.621318,0.714565,-0.112527,0.9617,0.22549,0.314605,0.079007,0.9999,0.171361,0.351707,-0.077476,0.9999,0.176276,0.405635,0.387614,0.4266,0.111022,0.463931,0.097661,0.9913,0.120593,0.472882,0.623626,0.6863,0.070132,0.529622,0.278968,0.9798,0.097192,0.463382,0.644231,0.7422,0.057552,0.547211,0.29283,0.9654,0.134662,0.545246,0.605588,0.8226,0.09539,0.580052,0.218307,0.9752
adho_mukha_tf_0262,0.45478,0.538532,0.046575,0.9998,0.467487,0.535917,0.024237,0.9998,0.469454,0.531598,0.024848,0.9998,0.470593,0.527923,0.024947,0.9998,0.46041,0.546135,0.020785,0.9998,0.456741,0.549996,0.01988,0.9998,0.452949,0.553823,0.020887,0.9998,0.461406,0.515775,-0.037548,0.9997,0.437282,0.551286,-0.069048,0.9998,0.443807,0.526543,0.030315,0.9996,0.438781,0.537313,0.021973,0.9996,0.429656,0.445558,-0.008737,0.9996,0.375398,0.533015,-0.113788,0.9999,0.527028,0.502156,0.044814,0.9338,0.468092,0.608985,-0.108779,0.9653,0.612166,0.550597,0.003659,0.9779,0.570337,0.686324,-0.061957,0.9884,0.643693,0.544613,0.003315,0.9686,0.589134,0.71706,-0.079268,0.978,0.634268,0.563109,-0.018708,0.9688,0.596718,0.700196,-0.063845,0.975,0.61877,0.566886,-0.004373,0.9615,0.589061,0.685783,-0.054484,0.9692,0.194294,0.31122,0.065537,0.9998,0.149953,0.355812,-0.063851,0.9999,0.166146,0.395713,0.323575,0.2947,0.127778,0.433532,0.111682,0.9496,0.090564,0.47079,0.46881,0.6424,0.068854,0.49636,0.259248,0.9247,0.066719,0.470225,0.483423,0.6963,0.06104,0.516983,0.270671,0.9052,0.091785,0.529613,0.45621,0.777,0.072299,0.538944,0.229839,0.9166
adho_mukha_tf_0263,0.44816,0.533704,0.058402,0.9999,0.460864,0.530118,0.036287,0.9999,0.463264,0.525305,0.036906,0.9999,0.464704,0.521309,0.037027,0.9999,0.454025,0.539953,0.031234,0.9999,0.450557,0.543179,0.030267,0.9999,0.44717,0.546296,0.031418,0.9999,0.458543,0.509028,-0.026293,0.9998,0.434047,0.542331,-0.065466,0.9999,0.438128,0.522358,0.042393,0.9998,0.432266,0.533588,0.031967,0.9997,0.428069,0.438869,0.007718,0.9998,0.370654,0.524197,-0.109627,1.0,0.520015,0.489902,0.079071,0.9337,0.459755,0.601108,-0.1048,0.9687,0.601286,0.536915,0.058434,0.9805,0.557377,0.682506,-0.058972,0.9918,0.633519,0.534023,0.063493,0.973,0.579823,0.70534,-0.075257,0.9837,0.624353,0.550823,0.041428,0.973,0.587674,0.690968,-0.058606,0.9814,0.613771,0.558272,0.051477,0.9657,0.58108,0.680131,-0.050443,0.977,0.189736,0.310396,0.071065,0.9999,0.147889,0.354151,-0.069472,0.9999,0.166864,0.382839,0.337888,0.2369,0.104882,0.440294,0.156837,0.9149,0.092555,0.46919,0.484911,0.6106,0.063192,0.49705,0.324199,0.9117,0.069216,0.469655,0.499945,0.6913,0.056912,0.51719,0.337666,0.896,0.102053,0.522533,0.474233,0.7572,0.073381,0.533019,0.300759,0.9049
adho_mukha_tf_0264,0.446055,0.529548,0.059874,1.0,0.45874,0.524926,0.040168,1.0,0.460472,0.520425,0.040841,1.0,0.462402,0.515631,0.041114,1.0,0.451213,0.535864,0.034038,1.0,0.447935,0.538854,0.033128,1.0,0.444329,0.542281,0.034241,1.0,0.455113,0.502317,-0.014872,1.0,0.429368,0.538872,-0.059242,1.0,0.436284,0.518099,0.046588,0.9999,0.429744,0.530042,0.034875,0.9999,0.423391,0.430414,0.022784,0.9999,0.362624,0.528985,-0.094376,1.0,0.518767,0.474278,0.117384,0.9419,0.454458,0.607405,-0.077433,0.9781,0.596644,0.525609,0.133708,0.982,0.558807,0.67729,-0.016327,0.9961,0.626791,0.522699,0.14707,0.974,0.581685,0.697762,-0.030213,0.9919,0.622502,0.539593,0.126621,0.9738,0.585574,0.688931,-0.016216,0.9907,0.608021,0.542829,0.128694,0.9677,0.581908,0.669713,-0.008026,0.988,0.187889,0.30579,0.06807,1.0,0.144719,0.359674,-0.066515,1.0,0.175274,0.384188,0.330006,0.182,0.105561,0.455617,0.144401,0.8462,0.09687,0.466105,0.44988,0.467,0.068637,0.485097,0.312632,0.7782,0.074833,0.465773,0.46205,0.5575,0.050154,0.486164,0.327744,0.7744,0.092885,0.525291,0.448792,0.6659,0.06671,0.518405,0.320003,0.816
adho_mukha_tf_0265,0.443942,0.517777,0.052685,1.0,0.4573,0.513396,0.03023,1.0,0.459341,0.508964,0.03087,1.0,0.460974,0.504829,0.031057,1.0,0.449949,0.524524,0.026024,0.9999,0.446976,0.527879,0.025063,0.9999,0.443098,0.532121,0.026215,0.9999,0.4557,0.492011,-0.032784,0.9999,0.428692,0.531595,-0.067818,0.9999,0.433963,0.507865,0.036506,0.9999,0.427752,0.520063,0.027356,0.9999,0.421772,0.425076,0.001565,0.9999,0.363575,0.520076,-0.105494,1.0,0.517288,0.473323,0.088822,0.942,0.454249,0.594901,-0.088615,0.9751,0.597179,0.521459,0.091049,0.9843,0.555413,0.669432,-0.027807,0.9944,0.63017,0.519,0.100667,0.9772,0.57751,0.691944,-0.041756,0.9884,0.622975,0.533727,0.078714,0.9775,0.581908,0.6841,-0.026985,0.9867,0.606888,0.540429,0.084829,0.9716,0.578599,0.666406,-0.019541,0.9833,0.186201,0.3023,0.065865,1.0,0.141147,0.354277,-0.064373,1.0,0.180149,0.373747,0.331332,0.2028,0.115842,0.435993,0.171884,0.8658,0.100275,0.44376,0.478996,0.5147,0.063976,0.478486,0.346159,0.854,0.077882,0.442831,0.49464,0.614,0.039419,0.480419,0.360742,0.8464,0.096388,0.498333,0.475573,0.7031,0.05069,0.528912,0.337875,0.865
adho_mukha_tf_0266,0.441821,0.518036,0.057437,1.0,0.455203,0.513716,0.033592,1.0,0.457446,0.509111,0.034178,1.0,0.459283,0.50473,0.034377,1.0,0.447537,0.52477,0.028103,1.0,0.444607,0.527893,0.02707,1.0,0.440842,0.53181,0.028306,1.0,0.454693,0.490106,-0.032307,1.0,0.426384,0.530393,-0.073363,1.0,0.432011,0.506623,0.040515,0.9999,0.425462,0.518608,0.029633,0.9999,0.421242,0.421473,0.006316,0.9999,0.360883,0.519352,-0.115575,1.0,0.512474,0.466488,0.09677,0.9425,0.451921,0.595905,-0.097987,0.9858,0.596818,0.514121,0.084756,0.9871,0.553653,0.668783,-0.036853,0.9967,0.626678,0.513169,0.091631,0.981,0.57615,0.69068,-0.052646,0.9927,0.620623,0.528514,0.069586,0.9811,0.580973,0.68198,-0.038219,0.9916,0.607773,0.533255,0.078122,0.975,0.57698,0.666113,-0.028401,0.9893,0.183933,0.299047,0.070155,1.0,0.138974,0.352306,-0.068759,1.0,0.167031,0.372159,0.345419,0.22,0.091956,0.440883,0.182546,0.8981,0.087258,0.457127,0.527719,0.5117,0.050247,0.487337,0.381361,0.8832,0.063511,0.458107,0.54695,0.6253,0.048581,0.49895,0.398294,0.8797,0.093734,0.498742,0.52197,0.6955,0.075643,0.515692,0.363238,0.8814
adho_mukha_tf_0267,0.439539,0.510873,0.04507,1.0,0.453574,0.506235,0.02159,1.0,0.455653,0.501747,0.02215,1.0,0.457658,0.497115,0.022407,1.0,0.445081,0.518215,0.015384,0.9999,0.441842,0.521568,0.014345,1.0,0.437767,0.525647,0.015527,0.9999,0.452366,0.483305,-0.038799,0.9999,0.423071,0.525467,-0.083239,0.9999,0.430675,0.498917,0.030268,0.9999,0.422371,0.512699,0.018532,0.9999,0.421111,0.414456,0.003761,0.9999,0.358833,0.517576,-0.120381,1.0,0.511085,0.462454,0.088763,0.9372,0.447578,0.591468,-0.098426,0.9826,0.595123,0.510181,0.077331,0.986,0.550856,0.665087,-0.030627,0.9962,0.626204,0.510727,0.083753,0.9794,0.573612,0.686447,-0.0479,0.9917,0.619582,0.526671,0.062536,0.9795,0.578074,0.67877,-0.033354,0.9905,0.606549,0.53074,0.070814,0.9729,0.574176,0.662758,-0.022313,0.9879,0.184869,0.297486,0.069838,1.0,0.138497,0.350742,-0.068549,1.0,0.177021,0.371376,0.34649,0.1952,0.102098,0.443298,0.1823,0.8804,0.09564,0.443462,0.527097,0.4712,0.052792,0.48082,0.375359,0.8518,0.073112,0.442436,0.545698,0.5763,0.049723,0.488018,0.392419,0.8453,0.097152,0.496913,0.527959,0.6551,0.074208,0.511757,0.366493,0.8563
adho_mukha_tf_0268,0.440848,0.514088,0.048444,1.0,0.454275,0.509188,0.024209,1.0,0.456587,0.504274,0.024821,1.0,0.458528,0.499587,0.025079,1.0,0.446472,0.520217,0.019593,1.0,0.443165,0.523262,0.018629,1.0,0.439528,0.526623,0.019847,1.0,0.452361,0.486356,-0.040469,1.0,0.425211,0.523343,-0.077718,1.0,0.431574,0.502912,0.032484,0.9999,0.425085,0.514837,0.022894,0.9999,0.420469,0.414428,-0.001613,0.9999,0.361463,0.514194,-0.109666,1.0,0.515262,0.460208,0.094963,0.9412,0.450088,0.591003,-0.086595,0.9767,0.591117,0.508306,0.105544,0.9844,0.552629,0.661927,-0.023622,0.995,0.625098,0.507365,0.115313,0.9769,0.575541,0.682597,-0.037656,0.9896,0.619841,0.525055,0.096003,0.977,0.579294,0.674143,-0.025483,0.9882,0.604181,0.528797,0.100835,0.9701,0.575796,0.655729,-0.015813,0.9851,0.187522,0.296293,0.065173,1.0,0.145028,0.347965,-0.063718,1.0,0.162161,0.362176,0.345308,0.2013,0.097949,0.430609,0.19595,0.8471,0.090604,0.444667,0.518423,0.5084,0.054157,0.473428,0.390022,0.8359,0.069492,0.444881,0.536565,0.6192,0.047763,0.484027,0.407097,0.8444,0.090407,0.502794,0.517176,0.6848,0.069011,0.504243,0.385958,0.8463
adho_mukha_tf_0269,0.454665,0.507526,0.041054,1.0,0.4681,0.503871,0.015038,1.0,0.470053,0.499449,0.015566,1.0,0.471933,0.494732,0.015855,1.0,0.45969,0.515513,0.008669,1.0,0.456038,0.519053,0.007553,1.0,0.451925,0.52297,0.008806,1.0,0.462922,0.478805,-0.050559,1.0,0.432106,0.523597,-0.095791,1.0,0.444784,0.494608,0.024703,0.9999,0.436123,0.508282,0.012968,0.9999,0.432838,0.404189,-0.001018,0.9999,0.363651,0.51483,-0.133028,1.0,0.523285,0.454215,0.09621,0.9282,0.453951,0.587737,-0.106235,0.982,0.608524,0.506225,0.095379,0.9828,0.552378,0.660958,-0.035743,0.9958,0.63508,0.506518,0.102945,0.9751,0.5745,0.68668,-0.052168,0.9904,0.627514,0.52244,0.08096,0.9753,0.582628,0.672406,-0.040046,0.9891,0.615167,0.528406,0.088558,0.9668,0.574593,0.659336,-0.027938,0.986,0.192866,0.282108,0.070964,1.0,0.141866,0.339157,-0.069823,1.0,0.192966,0.355902,0.362895,0.1853,0.106221,0.439836,0.19828,0.8736,0.115159,0.415149,0.59145,0.3887,0.065762,0.460974,0.438102,0.8112,0.093644,0.410125,0.615372,0.5003,0.055554,0.472589,0.46015,0.8071,0.119141,0.4676,0.601764,0.5833,0.08041,0.503402,0.43699,0.825
adho_mukha_tf_0270,0.464581,0.504029,0.042322,1.0,0.477875,0.501582,0.015562,1.0,0.480125,0.496954,0.016077,1.0,0.482611,0.491493,0.016349,1.0,0.469025,0.513476,0.009443,1.0,0.465305,0.51725,0.008334,1.0,0.461077,0.521247,0.009587,1.0,0.473163,0.476466,-0.05118,1.0,0.441663,0.522065,-0.095313,1.0,0.454301,0.490188,0.025825,1.0,0.444785,0.5048,0.014388,0.9999,0.443954,0.405235,-0.001719,0.9999,0.370952,0.518242,-0.130973,1.0,0.53011,0.453752,0.093221,0.9254,0.459473,0.596759,-0.104979,0.9844,0.621148,0.513006,0.085057,0.9827,0.561776,0.671952,-0.032614,0.9962,0.647992,0.514477,0.091429,0.9751,0.583561,0.69984,-0.048117,0.9912,0.639819,0.530658,0.069885,0.9754,0.590467,0.688036,-0.036919,0.9899,0.627676,0.535996,0.078269,0.9663,0.584404,0.672428,-0.024926,0.987,0.202979,0.274375,0.069155,1.0,0.15048,0.334224,-0.068026,1.0,0.205558,0.344208,0.367508,0.1925,0.106592,0.428818,0.20582,0.8587,0.12747,0.41143,0.597282,0.3857,0.066508,0.467283,0.452839,0.786,0.105761,0.407038,0.621681,0.5014,0.059517,0.472054,0.475991,0.7925,0.133088,0.463097,0.606733,0.5825,0.086511,0.502149,0.453201,0.808
adho_mukha_tf_0271,0.471818,0.511222,0.034875,1.0,0.485412,0.508106,0.009206,1.0,0.487821,0.503388,0.009714,1.0,0.490676,0.497682,0.010033,1.0,0.475922,0.52034,0.001872,1.0,0.472057,0.524029,0.000809,1.0,0.467726,0.528047,0.002005,1.0,0.482443,0.481286,-0.054511,1.0,0.447941,0.52828,-0.103462,1.0,0.463066,0.496825,0.019583,0.9999,0.453505,0.510622,0.006791,0.9999,0.454898,0.404411,-0.000718,0.9999,0.376576,0.523541,-0.140767,1.0,0.542717,0.454937,0.102995,0.9062,0.466072,0.608262,-0.123532,0.9799,0.629432,0.518865,0.103026,0.9741,0.570602,0.678715,-0.069925,0.9956,0.657226,0.518695,0.110064,0.9639,0.590999,0.705694,-0.090906,0.9906,0.647592,0.536223,0.087961,0.9643,0.59908,0.69311,-0.079444,0.9893,0.634945,0.542215,0.096413,0.9529,0.592317,0.678659,-0.062826,0.9858,0.213549,0.268681,0.070586,1.0,0.15755,0.329616,-0.069436,1.0,0.201556,0.338732,0.378449,0.1244,0.113696,0.431406,0.214281,0.7671,0.125872,0.403745,0.605103,0.2775,0.080839,0.44111,0.464426,0.6726,0.105263,0.39861,0.628887,0.3937,0.058883,0.425612,0.487101,0.7142,0.125813,0.468541,0.614911,0.4791,0.092634,0.485356,0.46767,0.7259
adho_mukha_tf_0272,0.481415,0.519034,0.034743,0.9999,0.49533,0.515529,0.007883,0.9999,0.497796,0.510827,0.008444,0.9999,0.500169,0.505955,0.008722,0.9999,0.485851,0.527836,0.001313,0.9999,0.482079,0.53143,0.000264,0.9999,0.477638,0.535639,0.001491,0.9999,0.493004,0.488604,-0.061497,0.9999,0.458819,0.533423,-0.107022,0.9999,0.472873,0.504331,0.017625,0.9999,0.463976,0.517819,0.005704,0.9998,0.465063,0.412264,-0.009504,0.9999,0.390175,0.524705,-0.145058,1.0,0.556834,0.468028,0.079938,0.9121,0.479012,0.606168,-0.124394,0.9812,0.636776,0.524624,0.06034,0.9789,0.581946,0.683463,-0.061887,0.9953,0.666917,0.52547,0.064649,0.9717,0.603185,0.707237,-0.081815,0.9902,0.658936,0.541803,0.041581,0.972,0.608882,0.697404,-0.070548,0.9889,0.644609,0.546994,0.052962,0.9623,0.605576,0.679011,-0.054655,0.9854,0.226729,0.26881,0.071113,1.0,0.174614,0.330667,-0.069946,1.0,0.20014,0.335253,0.385289,0.1309,0.14633,0.437612,0.218918,0.8357,0.122541,0.409084,0.58821,0.3578,0.093181,0.438378,0.433433,0.8113,0.101168,0.405327,0.608798,0.4751,0.080745,0.45039,0.451547,0.8279,0.124819,0.468791,0.590177,0.5928,0.103671,0.487678,0.422423,0.8361
adho_mukha_tf_0273,0.495061,0.520116,0.028396,0.9999,0.508535,0.518048,-0.006808,0.9999,0.511461,0.513034,-0.006336,0.9999,0.51455,0.507319,-0.006219,0.9999,0.498371,0.530529,-0.006809,0.9999,0.494539,0.534174,-0.007804,0.9999,0.490357,0.538196,-0.00656,0.9999,0.505799,0.491099,-0.094131,0.9999,0.470216,0.538381,-0.108302,0.9999,0.487505,0.505457,0.006135,0.9999,0.477687,0.519445,0.003281,0.9998,0.478688,0.412317,-0.057326,0.9999,0.39874,0.539968,-0.135265,1.0,0.563703,0.467926,-0.000288,0.9159,0.482236,0.621386,-0.119503,0.9654,0.646906,0.530063,-0.067032,0.9775,0.587705,0.691628,-0.095002,0.9915,0.676369,0.530604,-0.078605,0.9724,0.607534,0.720194,-0.115453,0.984,0.665962,0.548971,-0.098413,0.9722,0.615606,0.705922,-0.113305,0.9819,0.651799,0.554609,-0.074244,0.9619,0.6094,0.690495,-0.092313,0.9769,0.235876,0.264372,0.049,1.0,0.191714,0.335029,-0.047795,1.0,0.197778,0.323343,0.377128,0.1265,0.143796,0.393361,0.279822,0.7183,0.137745,0.38548,0.621279,0.3574,0.093852,0.428888,0.523423,0.7629,0.094955,0.39618,0.646352,0.5119,0.057069,0.415324,0.544764,0.8496,0.131036,0.44871,0.621697,0.4802,0.10293,0.463592,0.513745,0.7139
adho_mukha_tf_0274,0.508297,0.531696,0.04367,0.9999,0.524374,0.528785,0.014708,0.9999,0.5275,0.52395,0.015256,0.9999,0.53054,0.518964,0.015485,0.9999,0.513604,0.540846,0.008158,0.9999,0.509527,0.544252,0.007128,0.9999,0.504983,0.548066,0.008305,0.9999,0.525748,0.500644,-0.059295,0.9999,0.486233,0.544532,-0.10496,0.9999,0.500569,0.516249,0.024898,0.9999,0.491183,0.5298,0.012939,0.9999,0.498604,0.419829,-0.004198,0.9999,0.412594,0.536763,-0.148078,1.0,0.58971,0.481187,0.082962,0.8917,0.500975,0.625433,-0.129649,0.9763,0.67156,0.547299,0.052946,0.9723,0.606118,0.709916,-0.063138,0.9939,0.703883,0.551016,0.053218,0.9651,0.62721,0.735414,-0.081551,0.9877,0.693237,0.567098,0.031723,0.9653,0.637238,0.720434,-0.07345,0.986,0.677253,0.570992,0.045548,0.953,0.631314,0.707683,-0.056768,0.982,0.255741,0.256497,0.075764,1.0,0.19942,0.31406,-0.074497,1.0,0.232627,0.321741,0.390689,0.1108,0.146461,0.418213,0.212761,0.8427,0.146053,0.406316,0.613977,0.3527,0.103307,0.447483,0.450997,0.8208,0.121253,0.401197,0.636479,0.4726,0.095264,0.453662,0.472307,0.8366,0.152108,0.468182,0.618133,0.5536,0.114485,0.49264,0.441819,0.8213
adho_mukha_tf_0275,0.522529,0.535088,0.032901,0.9998,0.538383,0.532887,-0.001059,0.9998,0.541443,0.527942,-0.000586,0.9997,0.544408,0.522743,-0.000477,0.9997,0.526836,0.545427,-0.00386,0.9997,0.522267,0.54915,-0.00489,0.9997,0.517344,0.553154,-0.003799,0.9997,0.537808,0.503732,-0.085343,0.9995,0.497688,0.549561,-0.112828,0.9996,0.515639,0.518685,0.010695,0.9996,0.505211,0.532913,0.004193,0.9996,0.512032,0.420322,-0.039853,0.9997,0.42057,0.541253,-0.149959,0.9999,0.604262,0.485071,0.016831,0.8664,0.504405,0.631253,-0.13804,0.9629,0.684044,0.55569,-0.056292,0.9693,0.612039,0.718333,-0.100295,0.9907,0.719028,0.55713,-0.06994,0.9626,0.632819,0.747359,-0.124572,0.9821,0.708557,0.575094,-0.090721,0.9625,0.641606,0.73333,-0.121674,0.9802,0.691141,0.578794,-0.065314,0.9491,0.636311,0.719073,-0.09759,0.9752,0.265381,0.244587,0.064434,0.9999,0.212158,0.311352,-0.063165,1.0,0.23998,0.317263,0.375348,0.078,0.155867,0.386353,0.23207,0.7582,0.165552,0.395654,0.654991,0.2466,0.102114,0.445612,0.505559,0.7642,0.126195,0.395902,0.682665,0.3657,0.089639,0.453238,0.529894,0.8188,0.164992,0.471193,0.653468,0.3877,0.127346,0.491835,0.487786,0.7234
adho_mukha_tf_0276,0.536668,0.538895,0.047974,0.9999,0.552807,0.535981,0.017286,0.9999,0.555932,0.530906,0.017795,0.9999,0.558981,0.525669,0.018025,0.9999,0.540557,0.548753,0.010573,0.9999,0.535639,0.552557,0.009503,0.9999,0.530328,0.556758,0.010539,0.9999,0.553006,0.50718,-0.058382,0.9998,0.510906,0.552557,-0.10469,0.9999,0.527671,0.522391,0.028566,0.9998,0.516896,0.536939,0.016376,0.9998,0.524451,0.423777,-0.003247,0.9999,0.429801,0.544175,-0.151965,1.0,0.618881,0.485648,0.082835,0.8426,0.516811,0.641075,-0.126519,0.9681,0.703369,0.565233,0.046321,0.9623,0.625255,0.72721,-0.054915,0.9924,0.737705,0.566764,0.04167,0.9561,0.643552,0.758714,-0.072523,0.9853,0.72764,0.585125,0.020902,0.9559,0.653446,0.743598,-0.066333,0.9836,0.711473,0.588483,0.03853,0.9403,0.649256,0.729099,-0.048648,0.9789,0.278982,0.242123,0.076387,1.0,0.214105,0.307859,-0.075291,1.0,0.261548,0.31106,0.395804,0.1084,0.148581,0.419266,0.218553,0.8046,0.17022,0.389016,0.65844,0.2345,0.116979,0.444336,0.493586,0.7433,0.144408,0.383134,0.685786,0.3899,0.098551,0.453463,0.519546,0.8075,0.188072,0.458208,0.674692,0.3168,0.13522,0.49294,0.492885,0.6727
adho_mukha_tf_0277,0.555807,0.550477,0.052403,0.9999,0.573321,0.547078,0.02606,0.9999,0.575525,0.542986,0.02672,0.9999,0.577869,0.538981,0.02685,0.9999,0.563707,0.556316,0.020993,0.9999,0.559899,0.55823,0.020173,0.9999,0.555371,0.560893,0.020936,0.9999,0.570282,0.52023,-0.040116,0.9997,0.536636,0.550586,-0.084578,0.9998,0.544576,0.534389,0.034023,0.9996,0.536721,0.545084,0.022676,0.9997,0.535108,0.434054,-0.01549,0.9995,0.453886,0.520999,-0.137155,0.9999,0.640734,0.520195,0.013383,0.8512,0.548577,0.6139,-0.181595,0.8465,0.700788,0.604799,-0.020079,0.9465,0.645647,0.72642,-0.22463,0.9259,0.750326,0.605024,-0.027299,0.9265,0.658191,0.763716,-0.256103,0.9098,0.723757,0.644773,-0.047878,0.9245,0.670978,0.745073,-0.243287,0.9045,0.709876,0.636165,-0.028529,0.9047,0.667956,0.729142,-0.220109,0.8766,0.2952,0.245401,0.072569,0.9999,0.239506,0.282684,-0.070652,1.0,0.242349,0.330494,0.398803,0.2052,0.19759,0.387265,-0.01383,0.9783,0.194347,0.388353,0.652595,0.5569,0.139112,0.418282,0.082114,0.9567,0.17647,0.381738,0.674828,0.5934,0.124453,0.436925,0.087006,0.9156,0.201168,0.448442,0.639781,0.6527,0.146488,0.476737,0.004833,0.9456
adho_mukha_tf_0278,0.600714,0.555371,0.047443,0.9998,0.617898,0.554746,0.016679,0.9998,0.622312,0.549573,0.017286,0.9998,0.6264,0.544887,0.017363,0.9998,0.603827,0.566691,0.014315,0.9998,0.598215,0.570024,0.013405,0.9997,0.592467,0.573774,0.014547,0.9998,0.620138,0.527964,-0.059735,0.9994,0.573076,0.564999,-0.086646,0.9997,0.592506,0.53732,0.027626,0.9996,0.579938,0.550999,0.021163,0.9996,0.59966,0.429738,-0.014013,0.9997,0.490536,0.539995,-0.123545,0.9999,0.702964,0.519228,0.039181,0.8805,0.576063,0.661839,-0.100845,0.9396,0.771604,0.601588,-0.017076,0.9695,0.687415,0.766491,-0.06214,0.9847,0.815241,0.610516,-0.026437,0.9626,0.707024,0.797018,-0.087902,0.9735,0.800864,0.631833,-0.047358,0.9622,0.718021,0.786508,-0.085265,0.9714,0.782338,0.633025,-0.024776,0.949,0.719331,0.76398,-0.059968,0.9649,0.357892,0.201286,0.06744,1.0,0.285464,0.262661,-0.065978,1.0,0.294437,0.280757,0.379702,0.1489,0.203287,0.355358,0.183423,0.9202,0.196358,0.378675,0.636311,0.4911,0.154745,0.414043,0.402844,0.9198,0.174666,0.372924,0.660545,0.5569,0.13361,0.421571,0.421616,0.9001,0.207097,0.469205,0.631015,0.6456,0.170338,0.465773,0.37436,0.8941
adho_mukha_tf_0279,0.624116,0.558512,0.041809,0.9992,0.643258,0.560345,0.010251,0.9991,0.648558,0.555112,0.010789,0.999,0.65302,0.550216,0.010755,0.999,0.628288,0.571689,0.004787,0.9988,0.622892,0.574775,0.003868,0.9986,0.617012,0.57809,0.004874,0.9987,0.650623,0.527213,-0.06808,0.9976,0.59613,0.56623,-0.107694,0.9982,0.617205,0.536896,0.021364,0.9985,0.602769,0.550427,0.011451,0.9983,0.636204,0.424558,-0.015175,0.9994,0.510337,0.536042,-0.152319,0.9999,0.734213,0.518204,0.049464,0.7721,0.596782,0.669759,-0.151276,0.9369,0.814324,0.617157,-0.023787,0.9492,0.707901,0.78897,-0.133406,0.9893,0.856064,0.631081,-0.038178,0.9431,0.727193,0.820747,-0.167457,0.9806,0.84185,0.649125,-0.061141,0.943,0.742471,0.806996,-0.162369,0.9788,0.820123,0.648482,-0.033907,0.9263,0.739031,0.793002,-0.13185,0.9726,0.392876,0.167463,0.071063,0.9999,0.314721,0.223639,-0.069681,0.9999,0.331966,0.271414,0.375058,0.0486,0.233682,0.333283,0.216066,0.6631,0.235408,0.361773,0.650045,0.2078,0.1838,0.396101,0.49227,0.7344,0.211811,0.358082,0.67585,0.325,0.135436,0.395351,0.516654,0.7767,0.226334,0.453878,0.644911,0.35,0.192632,0.454323,0.472766,0.705
adho_mukha_tf_0280,0.639388,0.561491,0.040407,0.9997,0.658315,0.564005,0.004566,0.9998,0.663052,0.559027,0.005225,0.9997,0.667958,0.554115,0.005283,0.9997,0.642098,0.575092,0.001159,0.9997,0.636003,0.577737,-1.7e-05,0.9996,0.629411,0.580895,0.001034,0.9996,0.664673,0.532224,-0.08103,0.9994,0.607488,0.570298,-0.112222,0.9996,0.63115,0.538832,0.018447,0.9996,0.615829,0.552156,0.010916,0.9995,0.655379,0.425854,-0.019424,0.9997,0.517836,0.544156,-0.146969,0.9999,0.752013,0.526088,0.055285,0.8828,0.606532,0.684257,-0.148074,0.9621,0.832407,0.63114,-0.018353,0.9801,0.715892,0.804501,-0.148192,0.9952,0.874938,0.647442,-0.027544,0.9777,0.73302,0.838017,-0.186452,0.9898,0.860009,0.666705,-0.054694,0.9787,0.751259,0.826349,-0.176554,0.9894,0.838552,0.667671,-0.028043,0.9681,0.747351,0.809016,-0.147421,0.9843,0.408649,0.159979,0.068838,0.9999,0.325115,0.22131,-0.067586,0.9999,0.344953,0.2503,0.39015,0.1628,0.227009,0.308096,0.21466,0.9354,0.237147,0.362028,0.646894,0.3982,0.188364,0.386734,0.475801,0.9268,0.211479,0.327278,0.668661,0.5551,0.162866,0.388252,0.498275,0.9248,0.244183,0.439643,0.63308,0.6506,0.208248,0.459479,0.440626,0.9282
adho_mukha_tf_0281,0.632067,0.586661,0.03565,0.9999,0.649581,0.589686,0.008878,0.9999,0.655295,0.584608,0.009462,0.9999,0.660949,0.57957,0.009593,0.9999,0.630342,0.599149,-0.001982,0.9999,0.622497,0.601159,-0.00293,0.9999,0.614445,0.603806,-0.001923,0.9999,0.658482,0.549513,-0.05777,0.9999,0.587205,0.59079,-0.121958,0.9999,0.624479,0.560407,0.018632,0.9999,0.604171,0.570611,0.001968,0.9999,0.657127,0.42271,0.001058,0.9997,0.482086,0.544127,-0.176992,0.9999,0.761314,0.543618,0.087282,0.9003,0.566833,0.711386,-0.21427,0.9524,0.842988,0.700729,0.048719,0.964,0.683983,0.86791,-0.247066,0.9907,0.895427,0.714127,0.040876,0.9524,0.69632,0.909807,-0.290094,0.9823,0.873384,0.734852,0.010427,0.9528,0.713488,0.896733,-0.275179,0.9807,0.853224,0.735554,0.037101,0.9369,0.715234,0.878168,-0.2439,0.974,0.388577,0.106913,0.082047,0.9999,0.293454,0.162514,-0.080534,0.9999,0.366828,0.225912,0.37823,0.0798,0.21271,0.328603,0.184496,0.6268,0.27579,0.343138,0.646333,0.2178,0.190769,0.401259,0.484544,0.56,0.238121,0.334582,0.672075,0.2702,0.177983,0.405089,0.510895,0.593,0.281744,0.44499,0.636327,0.3057,0.219023,0.474191,0.470707,0.5911
adho_mukha_tf_0282,0.60822,0.593545,0.022252,0.9994,0.626803,0.597874,-0.009676,0.9995,0.633934,0.592027,-0.008979,0.9995,0.640471,0.586333,-0.008895,0.9994,0.607096,0.608077,-0.014587,0.9993,0.599783,0.610103,-0.015416,0.9993,0.592243,0.612313,-0.014463,0.9992,0.642803,0.557332,-0.088115,0.9988,0.57012,0.595983,-0.125953,0.999,0.598978,0.562134,0.002759,0.9989,0.579411,0.57441,-0.006895,0.9988,0.6534,0.436878,-0.041384,0.9994,0.471742,0.543335,-0.155578,0.9997,0.757019,0.567866,0.012055,0.8415,0.545307,0.729164,-0.161283,0.9396,0.840924,0.735549,-0.057546,0.9567,0.659729,0.887639,-0.176244,0.9855,0.88612,0.750216,-0.076524,0.9483,0.670922,0.935832,-0.216495,0.9762,0.858367,0.772191,-0.102934,0.9492,0.690668,0.925687,-0.212099,0.9753,0.839018,0.77347,-0.068071,0.9318,0.690399,0.899388,-0.176848,0.9664,0.403276,0.122509,0.063344,0.9999,0.315629,0.175085,-0.061735,0.9999,0.366763,0.202789,0.384895,0.078,0.240633,0.292612,0.21294,0.7029,0.281239,0.341106,0.654784,0.2374,0.210811,0.40238,0.476206,0.7296,0.252002,0.340116,0.679199,0.3188,0.169846,0.399873,0.497078,0.7406,0.303384,0.436556,0.630485,0.3991,0.232268,0.484371,0.430677,0.7496
adho_mukha_tf_0283,0.60137,0.587179,0.021624,0.9991,0.622366,0.595363,-0.008241,0.9992,0.629085,0.590022,-0.007552,0.9992,0.63531,0.584798,-0.007446,0.9992,0.603612,0.604448,-0.015662,0.9989,0.596591,0.606136,-0.016502,0.9989,0.589168,0.608189,-0.015598,0.9987,0.637851,0.557562,-0.081968,0.9984,0.567963,0.592033,-0.13149,0.9983,0.595301,0.558855,0.003466,0.9983,0.57424,0.566112,-0.009429,0.9978,0.650408,0.435651,-0.033348,0.9992,0.464342,0.533236,-0.165787,0.9996,0.760298,0.568249,0.022756,0.7827,0.539603,0.721469,-0.183564,0.9189,0.842023,0.740645,-0.042392,0.9478,0.652007,0.891007,-0.20969,0.9813,0.886206,0.75807,-0.061595,0.938,0.664091,0.93678,-0.250675,0.9703,0.858504,0.778912,-0.087681,0.939,0.68485,0.925432,-0.242489,0.9685,0.837019,0.78097,-0.053465,0.9193,0.686129,0.900967,-0.208843,0.9573,0.396984,0.109439,0.068953,0.9998,0.305509,0.162032,-0.067322,0.9998,0.379621,0.232879,0.394803,0.0514,0.250136,0.303599,0.209177,0.5577,0.28628,0.346486,0.67145,0.1763,0.22303,0.399519,0.49353,0.5548,0.258337,0.3452,0.696766,0.225,0.196458,0.384953,0.516578,0.5716,0.302348,0.444102,0.650803,0.2962,0.238767,0.486332,0.455277,0.596
adho_mukha_tf_0284,0.592075,0.592759,0.008819,0.9987,0.616577,0.601497,-0.02096,0.9989,0.622725,0.597387,-0.020269,0.9988,0.629751,0.593187,-0.020358,0.999,0.596804,0.609453,-0.030923,0.9985,0.58992,0.61097,-0.031727,0.9983,0.583567,0.612825,-0.031041,0.9981,0.634826,0.56664,-0.094722,0.9984,0.567343,0.594454,-0.15474,0.9975,0.585427,0.562772,-0.009374,0.9984,0.567645,0.571545,-0.025245,0.9976,0.654226,0.442893,-0.051437,0.9985,0.457513,0.526973,-0.192295,0.9988,0.753353,0.586211,0.007335,0.6726,0.529873,0.725334,-0.245789,0.828,0.838619,0.759752,-0.052204,0.8974,0.645464,0.899107,-0.310173,0.9588,0.884768,0.774233,-0.074385,0.8833,0.658106,0.941971,-0.359151,0.943,0.854906,0.796059,-0.103162,0.8857,0.680127,0.931909,-0.349348,0.9396,0.831303,0.799778,-0.065505,0.8633,0.686238,0.905828,-0.311384,0.9206,0.391908,0.115877,0.067885,0.9997,0.306948,0.156962,-0.066233,0.9996,0.37997,0.238994,0.377602,0.0365,0.259779,0.313417,0.226113,0.28,0.301407,0.371305,0.672775,0.1173,0.234311,0.421388,0.53794,0.3357,0.276144,0.372981,0.700213,0.154,0.224853,0.431321,0.562887,0.4072,0.322432,0.458251,0.649601,0.1799,0.26231,0.484937,0.500715,0.3681
adho_mukha_tf_0285,0.613075,0.615607,0.024535,0.999,0.630517,0.623218,-0.004856,0.9991,0.637266,0.619269,-0.004133,0.9991,0.644979,0.615063,-0.004099,0.9991,0.611069,0.629074,-0.012305,0.9988,0.603386,0.629519,-0.013056,0.9986,0.594794,0.630514,-0.012365,0.9986,0.650422,0.58423,-0.07996,0.9987,0.56724,0.610703,-0.128532,0.9982,0.606288,0.580501,0.005627,0.9986,0.584535,0.588324,-0.006812,0.9977,0.662944,0.453164,-0.03238,0.9989,0.459902,0.548845,-0.160304,0.9994,0.760998,0.591739,0.040483,0.755,0.522063,0.730613,-0.187754,0.8605,0.841803,0.762639,-0.010198,0.9298,0.632613,0.907239,-0.242416,0.9777,0.884388,0.783032,-0.02637,0.9205,0.649062,0.952184,-0.290825,0.9673,0.855808,0.802238,-0.056327,0.9226,0.669712,0.940836,-0.284472,0.9653,0.833193,0.801722,-0.022831,0.9048,0.668849,0.919128,-0.243867,0.9516,0.404549,0.122123,0.063818,0.9998,0.305433,0.176853,-0.062038,0.9997,0.386755,0.271675,0.373344,0.0343,0.257836,0.336961,0.209652,0.3071,0.287915,0.384759,0.653301,0.0857,0.235081,0.428695,0.530051,0.2313,0.260672,0.380642,0.680032,0.1125,0.209398,0.413504,0.556496,0.2936,0.298007,0.484092,0.644997,0.1365,0.256425,0.500571,0.518606,0.2789
adho_mukha_tf_0286,0.625515,0.613664,0.034537,0.9999,0.644573,0.621194,0.002891,0.9999,0.651348,0.616889,0.003566,0.9999,0.657963,0.612543,0.003621,0.9999,0.62681,0.628821,-0.001852,0.9999,0.620653,0.630355,-0.002695,0.9998,0.613626,0.631862,-0.001903,0.9998,0.664002,0.582552,-0.080488,0.9998,0.592607,0.614336,-0.116937,0.9997,0.621239,0.581778,0.012279,0.9998,0.604083,0.590881,0.003024,0.9997,0.673109,0.450624,-0.046812,0.9995,0.470825,0.531364,-0.150235,0.9997,0.764542,0.604072,0.010267,0.8188,0.522882,0.72028,-0.176679,0.8922,0.835675,0.779925,-0.044019,0.9629,0.61513,0.902577,-0.21485,0.9764,0.881168,0.811379,-0.061761,0.9518,0.622789,0.960433,-0.258883,0.962,0.859723,0.823285,-0.089003,0.9535,0.650669,0.943036,-0.249317,0.9594,0.839772,0.818022,-0.05588,0.94,0.653003,0.920287,-0.215209,0.9456,0.393972,0.10905,0.061528,0.9998,0.315786,0.154675,-0.059914,0.9997,0.388759,0.257339,0.357802,0.063,0.286849,0.321694,0.229399,0.3871,0.307465,0.382914,0.645124,0.1693,0.257169,0.423954,0.528587,0.4479,0.280103,0.383769,0.673083,0.1906,0.236124,0.409456,0.55166,0.4496,0.318973,0.487843,0.629612,0.2741,0.281076,0.485153,0.491226,0.5037
adho_mukha_tf_0287,0.620467,0.597821,0.019155,0.9999,0.642586,0.606717,-0.00957,0.9999,0.650292,0.602648,-0.00886,0.9999,0.657374,0.598656,-0.008783,0.9999,0.621566,0.614027,-0.019576,0.9999,0.614094,0.615609,-0.020471,0.9999,0.605742,0.617155,-0.01961,0.9999,0.66681,0.571958,-0.082782,0.9999,0.585184,0.603002,-0.142657,0.9999,0.617091,0.568297,0.000589,0.9999,0.592944,0.577278,-0.015015,0.9998,0.687204,0.448686,-0.035517,0.9995,0.468015,0.530804,-0.189235,0.9997,0.757901,0.597432,0.045205,0.8621,0.499614,0.721221,-0.24793,0.946,0.832109,0.776397,0.018881,0.9629,0.592527,0.903324,-0.327933,0.9919,0.874298,0.810314,0.00674,0.95,0.601396,0.957614,-0.381579,0.9856,0.853999,0.823733,-0.025649,0.9516,0.632443,0.944336,-0.364302,0.9845,0.832044,0.816617,0.005426,0.9384,0.635763,0.917002,-0.326687,0.977,0.394946,0.098469,0.067451,0.9997,0.301926,0.152588,-0.065879,0.9995,0.416364,0.262204,0.349945,0.0789,0.290551,0.331907,0.219244,0.3432,0.33278,0.401616,0.637211,0.1512,0.259165,0.428155,0.509863,0.4273,0.301574,0.406191,0.664133,0.1509,0.243227,0.440368,0.531838,0.4256,0.374789,0.4905,0.611522,0.2227,0.314139,0.515166,0.462749,0.5011
adho_mukha_tf_0288,0.610881,0.572466,-0.026984,0.9999,0.635758,0.582747,-0.0531,0.9999,0.64331,0.579889,-0.052532,0.9999,0.650972,0.577154,-0.052675,0.9999,0.615626,0.588085,-0.065316,0.9999,0.609084,0.58879,-0.066333,0.9999,0.601558,0.590019,-0.065637,0.9999,0.66168,0.551355,-0.111622,0.9999,0.582317,0.572832,-0.181733,0.9998,0.611162,0.547927,-0.040356,0.9999,0.588184,0.552706,-0.059051,0.9998,0.671504,0.43363,-0.068652,0.9991,0.457591,0.496433,-0.237791,0.9996,0.739429,0.593071,-0.019287,0.7108,0.454836,0.705365,-0.319447,0.9292,0.807489,0.777378,-0.083868,0.8956,0.543269,0.889602,-0.396969,0.9814,0.851576,0.802736,-0.103891,0.878,0.551347,0.935231,-0.453184,0.9688,0.829311,0.819242,-0.13791,0.8828,0.57394,0.930218,-0.434873,0.9677,0.805796,0.816869,-0.099394,0.8607,0.576561,0.908216,-0.395656,0.9547,0.380341,0.072077,0.071868,0.999,0.288855,0.134373,-0.070332,0.9987,0.401331,0.250974,0.338982,0.0447,0.28016,0.318454,0.186408,0.1936,0.339436,0.344717,0.622507,0.089,0.252483,0.401433,0.493212,0.2188,0.306789,0.367565,0.650047,0.1001,0.230706,0.397962,0.518115,0.2547,0.363364,0.441512,0.619111,0.1394,0.280854,0.492336,0.475384,0.2817
adho_mukha_tf_0289,0.538916,0.427897,-0.165078,0.9996,0.560897,0.428748,-0.179163,0.9988,0.567951,0.426059,-0.178702,0.9987,0.575148,0.423943,-0.178793,0.9986,0.540837,0.432981,-0.191809,0.9989,0.532366,0.431848,-0.192901,0.9988,0.524753,0.432206,-0.192148,0.9987,0.581712,0.393345,-0.179205,0.9983,0.505657,0.410468,-0.24989,0.9985,0.539472,0.404463,-0.157007,0.9994,0.517236,0.409098,-0.177355,0.9994,0.617542,0.307098,-0.129566,0.9985,0.396052,0.354169,-0.261885,0.9987,0.663725,0.497178,-0.131479,0.9046,0.332534,0.565738,-0.301718,0.9578,0.690199,0.689053,-0.198926,0.9486,0.366827,0.758676,-0.343808,0.9517,0.732353,0.723751,-0.229451,0.9289,0.365452,0.807496,-0.384574,0.9316,0.715802,0.73402,-0.249791,0.9255,0.390702,0.806028,-0.387738,0.934,0.698358,0.725301,-0.209043,0.9174,0.395442,0.791244,-0.34964,0.9196,0.325855,-0.005325,0.063411,0.9961,0.241458,0.121115,-0.061833,0.9966,0.380836,0.019537,0.290236,0.4091,0.278336,0.289205,0.119034,0.73,0.255553,0.126315,0.55499,0.5191,0.212539,0.304487,0.39259,0.5288,0.218743,0.127049,0.580769,0.5064,0.201966,0.287366,0.418895,0.4708,0.193428,0.187662,0.581685,0.6462,0.175697,0.377794,0.421246,0.5538
adho_mukha_tf_0290,0.507817,0.393155,-0.150513,0.9998,0.529749,0.398657,-0.165728,0.9995,0.536934,0.397303,-0.165158,0.9995,0.544132,0.395839,-0.165253,0.9994,0.510917,0.398306,-0.18246,0.9996,0.50523,0.397018,-0.183486,0.9995,0.499493,0.39576,-0.18282,0.9994,0.557156,0.368279,-0.169648,0.9992,0.488897,0.374567,-0.260626,0.9991,0.506171,0.368679,-0.143859,0.9996,0.487049,0.369491,-0.169997,0.9995,0.597995,0.281672,-0.110465,0.9974,0.381344,0.284885,-0.297059,0.9971,0.613925,0.464367,-0.094392,0.7391,0.311873,0.484131,-0.344791,0.963,0.656134,0.658408,-0.18601,0.8653,0.34136,0.724217,-0.379595,0.9598,0.694939,0.693157,-0.217039,0.849,0.333565,0.76614,-0.434712,0.9376,0.678672,0.704098,-0.248856,0.854,0.363605,0.768411,-0.428111,0.939,0.663565,0.697215,-0.201248,0.8412,0.372267,0.752593,-0.38341,0.9195,0.35289,-0.008273,0.078589,0.9914,0.227013,0.032198,-0.077162,0.9901,0.367273,0.17795,0.295874,0.1288,0.245104,0.261882,0.119348,0.6291,0.210566,0.259607,0.566218,0.2554,0.177131,0.308337,0.401414,0.6477,0.171949,0.259218,0.59195,0.2619,0.156031,0.308121,0.425296,0.5335,0.221423,0.355413,0.584611,0.3833,0.169675,0.381402,0.396638,0.6664
adho_mukha_y107_0001,0.657713,0.671604,-0.030709,0.9991,0.673065,0.66255,-0.021508,0.9993,0.673814,0.65904,-0.020695,0.9993,0.674747,0.655651,-0.020961,0.9993,0.673214,0.661032,-0.049783,0.9992,0.673757,0.656767,-0.050614,0.9992,0.674374,0.652654,-0.049981,0.9992,0.674325,0.618581,0.039056,0.999,0.671515,0.617813,-0.105285,0.9989,0.645067,0.649114,-0.006991,0.9985,0.645728,0.646996,-0.046434,0.9985,0.636638,0.524312,0.112931,0.9951,0.624842,0.548779,-0.168241,0.9981,0.724575,0.682069,0.164373,0.2568,0.717544,0.697694,-0.286106,0.9893,0.814407,0.822596,0.022635,0.5587,0.821162,0.869269,-0.280498,0.989,0.843251,0.831754,0.019609,0.7096,0.853418,0.892033,-0.32175,0.9795,0.844905,0.8402,-0.017493,0.7205,0.858005,0.885015,-0.293351,0.9711,0.835639,0.838995,0.005768,0.7064,0.8427,0.871976,-0.272722,0.9564,0.408811,0.226512,0.106549,0.9978,0.39826,0.239344,-0.105231,0.9984,0.261982,0.514638,0.118388,0.282,0.256095,0.519639,-0.091708,0.9944,0.145785,0.804551,0.148817,0.4441,0.135893,0.816875,-0.078445,0.9946,0.114541,0.848214,0.143737,0.566,0.099813,0.859278,-0.085818,0.9922,0.219033,0.882438,0.089265,0.6596,0.213019,0.893406,-0.172543,0.9931
adho_mukha_y107_0002,0.657539,0.837113,-0.032753,0.9984,0.679136,0.833328,-0.023999,0.9985,0.6801,0.83058,-0.023224,0.9985,0.68138,0.82749,-0.023428,0.9985,0.680671,0.829712,-0.056018,0.9986,0.682481,0.824844,-0.056872,0.9986,0.684296,0.819613,-0.056144,0.9986,0.686165,0.785545,0.039963,0.9986,0.686463,0.782144,-0.119479,0.9986,0.643818,0.813765,-0.007326,0.9976,0.646923,0.809591,-0.050871,0.9976,0.644604,0.691473,0.121133,0.9923,0.640196,0.68632,-0.181758,0.9965,0.75693,0.808295,0.185792,0.2597,0.752515,0.812149,-0.320419,0.9921,0.86246,0.867639,0.06233,0.4984,0.871556,0.905802,-0.334273,0.9901,0.901073,0.868909,0.06401,0.6461,0.910262,0.917418,-0.370928,0.9829,0.904919,0.870097,0.036406,0.6575,0.919728,0.905872,-0.34796,0.981,0.892693,0.868645,0.05085,0.6349,0.904759,0.903942,-0.328406,0.9731,0.427192,0.383515,0.116875,0.9932,0.413596,0.349752,-0.115667,0.9896,0.261619,0.62297,0.125582,0.3081,0.236942,0.601879,-0.119742,0.9868,0.099903,0.828815,0.131407,0.3713,0.073416,0.839283,-0.118027,0.9707,0.060744,0.862663,0.12154,0.5205,0.032282,0.879587,-0.124047,0.9583,0.157353,0.924139,0.08053,0.5424,0.140073,0.933817,-0.192509,0.9793
adho_mukha_y107_0003,0.565652,0.550183,0.183632,0.9999,0.572696,0.565143,0.202016,1.0,0.573431,0.564496,0.203229,0.9999,0.57449,0.563942,0.20327,1.0,0.576086,0.566005,0.171404,1.0,0.5789,0.565738,0.170586,0.9999,0.58207,0.565679,0.17166,1.0,0.588246,0.546826,0.269907,1.0,0.599192,0.549593,0.109762,0.9999,0.567546,0.530402,0.206319,0.9998,0.570244,0.530915,0.160974,0.9999,0.576525,0.445384,0.293374,0.9985,0.62087,0.459528,0.033323,0.9999,0.595965,0.540477,0.451013,0.3226,0.660442,0.602745,0.021958,0.9867,0.669744,0.646598,0.526673,0.4644,0.724742,0.72935,0.150893,0.9551,0.687849,0.645217,0.543013,0.4616,0.747742,0.741952,0.157574,0.9378,0.696603,0.653676,0.52996,0.4512,0.746479,0.732622,0.170887,0.9289,0.693419,0.659317,0.523993,0.4288,0.739749,0.730304,0.159101,0.9115,0.444636,0.238529,0.105547,0.9999,0.485998,0.254738,-0.103894,0.9999,0.361148,0.500039,0.135782,0.3777,0.38686,0.528282,-0.068967,0.9822,0.272018,0.745808,0.080017,0.3377,0.304389,0.7804,-0.106537,0.9505,0.251824,0.768445,0.070539,0.5356,0.28262,0.809364,-0.108425,0.9613,0.290551,0.875179,0.05963,0.4693,0.33255,0.871442,-0.124685,0.9228
adho_mukha_y107_0004,0.574871,0.851009,-0.109199,0.9998,0.592029,0.867619,-0.091879,0.9998,0.591878,0.869199,-0.090921,0.9998,0.591782,0.870477,-0.091108,0.9997,0.597351,0.854668,-0.116931,0.9999,0.601033,0.846499,-0.117881,0.9999,0.604828,0.837451,-0.117089,0.9999,0.600248,0.835714,0.014434,0.9998,0.620177,0.786699,-0.114648,0.9999,0.563539,0.825639,-0.07077,0.9996,0.571223,0.811548,-0.105854,0.9997,0.543785,0.720818,0.11157,0.9978,0.612082,0.606026,-0.173354,0.9994,0.618926,0.886448,0.191336,0.2605,0.70453,0.868724,-0.300387,0.9908,0.677327,1.070935,0.125645,0.4725,0.77818,1.013932,-0.289823,0.9747,0.6923,1.098246,0.125908,0.4856,0.80386,1.084905,-0.31932,0.9487,0.705553,1.094884,0.098368,0.4957,0.790603,1.060287,-0.287854,0.9426,0.6992,1.08702,0.113217,0.5026,0.782691,1.043481,-0.282628,0.9383,0.373382,0.337614,0.109648,0.9919,0.369059,0.205204,-0.108541,0.9881,0.306516,0.689443,0.106296,0.5541,0.297257,0.632825,-0.142874,0.9952,0.147523,0.927315,0.086498,0.6257,0.121433,0.895949,-0.162842,0.9872,0.112955,0.941013,0.077494,0.6208,0.090189,0.912293,-0.166861,0.98,0.1222,1.142265,0.034941,0.671,0.099156,1.072583,-0.22241,0.9703
adho_mukha_y107_0005,0.387776,0.595166,-0.034233,0.9978,0.365297,0.592744,-0.058506,0.9977,0.363811,0.589892,-0.058049,0.9978,0.362246,0.586826,-0.05783,0.9977,0.365242,0.593791,-0.023144,0.9979,0.36367,0.591728,-0.0241,0.9978,0.361793,0.589475,-0.023558,0.9977,0.36094,0.558643,-0.124401,0.9968,0.359759,0.563287,0.024026,0.9973,0.399574,0.580447,-0.054049,0.9966,0.401265,0.581607,-0.010566,0.9968,0.407492,0.504686,-0.170961,0.9974,0.404638,0.509687,0.103796,0.9951,0.298871,0.600057,-0.289068,0.9893,0.30252,0.594793,0.177959,0.212,0.180823,0.684197,-0.283401,0.981,0.208094,0.651102,0.063218,0.5421,0.143206,0.694254,-0.325044,0.9736,0.172039,0.653977,0.072677,0.7038,0.137259,0.687818,-0.290209,0.9665,0.170828,0.651479,0.038155,0.7148,0.149137,0.683599,-0.270498,0.9526,0.179994,0.65297,0.046561,0.7195,0.648433,0.322028,-0.105571,0.9953,0.636896,0.328733,0.106774,0.9951,0.767996,0.499796,-0.066035,0.9825,0.736188,0.502954,0.155409,0.2,0.885745,0.659672,-0.02531,0.9813,0.862989,0.646364,0.224701,0.3611,0.924083,0.687782,-0.027254,0.9789,0.896018,0.670663,0.224763,0.509,0.811926,0.721315,-0.086959,0.9705,0.801611,0.703517,0.188859,0.516
adho_mukha_y107_0006,0.558605,0.59681,-0.032284,0.9999,0.574616,0.612604,-0.024184,0.9999,0.577211,0.61222,-0.02314,0.9999,0.579964,0.611487,-0.023007,0.9999,0.573342,0.612743,-0.051538,0.9999,0.574738,0.612642,-0.052706,0.9999,0.576123,0.612435,-0.052066,0.9999,0.599246,0.593398,0.037763,0.9999,0.591725,0.596903,-0.106891,0.9999,0.558803,0.578258,-0.005769,0.9998,0.557141,0.577246,-0.046145,0.9998,0.606554,0.488052,0.08329,0.9991,0.600769,0.503444,-0.117432,0.9997,0.689862,0.618097,0.146889,0.2904,0.700369,0.638235,-0.194989,0.9899,0.765126,0.704296,0.03493,0.5304,0.799641,0.736769,-0.122735,0.9892,0.791355,0.70979,0.043185,0.7202,0.834112,0.75598,-0.1392,0.9727,0.790416,0.715079,0.015978,0.7331,0.838219,0.751586,-0.114261,0.9601,0.780179,0.71076,0.02656,0.7117,0.821917,0.745323,-0.112896,0.9436,0.420156,0.24283,0.087297,0.9969,0.396506,0.241328,-0.086677,0.9987,0.34454,0.476536,0.158373,0.138,0.314918,0.491269,0.00422,0.9758,0.29235,0.661126,0.261766,0.4366,0.231757,0.721565,0.072243,0.974,0.268789,0.680722,0.265237,0.5445,0.217019,0.747705,0.070826,0.9808,0.340421,0.738938,0.216175,0.7551,0.291835,0.790866,0.008241,0.9741
adho_mukha_y107_0007,0.472394,0.747395,-0.038899,1.0,0.488791,0.768421,-0.029903,1.0,0.491058,0.766942,-0.028891,1.0,0.493466,0.765048,-0.028618,1.0,0.489143,0.769119,-0.060025,1.0,0.491456,0.768441,-0.060995,1.0,0.493727,0.767458,-0.060501,1.0,0.512768,0.731665,0.035416,1.0,0.505475,0.741081,-0.123171,1.0,0.475251,0.714765,-0.01062,1.0,0.475335,0.71295,-0.054565,1.0,0.531381,0.567425,0.096724,0.9997,0.521828,0.601916,-0.126886,0.9999,0.612675,0.712672,0.192837,0.3979,0.621955,0.755543,-0.214927,0.9993,0.717503,0.796627,0.072761,0.7278,0.743733,0.859499,-0.136542,0.9986,0.752138,0.785668,0.091447,0.9037,0.777721,0.861034,-0.152999,0.9955,0.753656,0.795023,0.058464,0.9121,0.78158,0.850825,-0.114835,0.9921,0.73917,0.803223,0.064561,0.8957,0.769244,0.850784,-0.12205,0.9864,0.343316,0.187548,0.10096,0.9987,0.327039,0.186167,-0.1,0.9995,0.25627,0.495057,0.168876,0.2082,0.235194,0.525962,-0.00134,0.997,0.176078,0.757366,0.259429,0.644,0.154533,0.798289,0.06545,0.9967,0.147669,0.803214,0.261968,0.8166,0.120467,0.842044,0.061532,0.996,0.229295,0.871677,0.217796,0.9375,0.215518,0.887873,0.002172,0.9975
adho_mukha_y107_0008,0.337886,0.650118,-0.032806,0.9982,0.316742,0.648969,-0.056443,0.9982,0.315714,0.645296,-0.055916,0.9982,0.314868,0.641482,-0.055739,0.9981,0.315939,0.649031,-0.021151,0.9985,0.314261,0.645634,-0.022031,0.9985,0.312519,0.641626,-0.021519,0.9986,0.313315,0.593561,-0.119442,0.9971,0.311637,0.59249,0.028935,0.9983,0.347167,0.620442,-0.051661,0.9969,0.347656,0.618944,-0.008069,0.9972,0.363134,0.507861,-0.176209,0.9967,0.364393,0.48803,0.112573,0.9968,0.267617,0.706533,-0.318182,0.9895,0.277764,0.684579,0.184672,0.2599,0.154895,0.883787,-0.330993,0.9822,0.171631,0.831815,0.067525,0.6729,0.115749,0.904014,-0.372989,0.9751,0.135517,0.847991,0.078615,0.7844,0.108837,0.887859,-0.338303,0.9681,0.127384,0.849527,0.041466,0.7957,0.121863,0.882961,-0.31893,0.9516,0.142126,0.845157,0.049544,0.8035,0.637908,0.171459,-0.105432,0.9977,0.612714,0.173176,0.106601,0.9977,0.779655,0.512191,-0.059034,0.9884,0.745906,0.508733,0.166076,0.3284,0.910187,0.816901,-0.01501,0.9908,0.882937,0.780387,0.226039,0.4892,0.952221,0.870946,-0.016623,0.9881,0.918694,0.826874,0.225631,0.5919,0.814936,0.901738,-0.082322,0.985,0.803061,0.870255,0.181162,0.6081
adho_mukha_y107_0009,0.430511,0.749328,-0.039359,0.9986,0.409687,0.764495,-0.062552,0.9986,0.40648,0.762227,-0.062087,0.9986,0.403295,0.759513,-0.061846,0.9987,0.410058,0.763518,-0.029846,0.9984,0.407293,0.761048,-0.030936,0.9983,0.404398,0.758372,-0.030246,0.9982,0.386873,0.721304,-0.121598,0.9985,0.38797,0.720986,0.01474,0.9981,0.428828,0.710413,-0.05742,0.9974,0.430692,0.709061,-0.017768,0.997,0.385446,0.601248,-0.150641,0.9981,0.389193,0.593077,0.083031,0.9943,0.271678,0.762647,-0.264251,0.9896,0.281299,0.740021,0.165125,0.1432,0.109994,0.861531,-0.253183,0.972,0.157178,0.810132,0.047829,0.2749,0.066692,0.874317,-0.289551,0.9596,0.117103,0.809518,0.049069,0.4464,0.057682,0.867491,-0.260371,0.9519,0.112515,0.811971,0.020746,0.4595,0.072171,0.862031,-0.242091,0.9387,0.122166,0.812419,0.033003,0.4512,0.585826,0.22357,-0.102262,0.988,0.58699,0.226787,0.103331,0.9854,0.75976,0.497581,-0.078362,0.9876,0.748177,0.503804,0.125936,0.2252,0.938389,0.74577,-0.047847,0.9865,0.907939,0.718408,0.19326,0.4784,0.974794,0.779276,-0.04847,0.9842,0.949587,0.765457,0.192779,0.5783,0.85791,0.843959,-0.102828,0.9817,0.841424,0.819478,0.155,0.6284
adho_mukha_y107_0010,0.6444,0.787555,-0.020271,0.9998,0.661156,0.787172,-0.008815,0.9998,0.662267,0.784922,-0.008031,0.9999,0.663565,0.782118,-0.00809,0.9998,0.661766,0.785925,-0.038554,0.9998,0.662931,0.783337,-0.039493,0.9998,0.664101,0.780345,-0.038804,0.9998,0.666079,0.751243,0.058004,0.9998,0.664104,0.753033,-0.093543,0.9998,0.634251,0.770797,0.006631,0.9998,0.635118,0.768546,-0.034929,0.9998,0.637247,0.678313,0.142617,0.9989,0.637675,0.701176,-0.147053,0.9998,0.718049,0.789875,0.223621,0.2029,0.721387,0.816687,-0.271127,0.9991,0.823493,0.851845,0.065551,0.5526,0.861931,0.886157,-0.236052,0.9987,0.855757,0.850265,0.081508,0.8073,0.905071,0.895358,-0.265372,0.9969,0.861736,0.854975,0.043204,0.8188,0.90536,0.887339,-0.228388,0.9946,0.850721,0.85569,0.051243,0.8035,0.89001,0.883037,-0.222388,0.9907,0.412724,0.420588,0.112655,0.9987,0.407148,0.428947,-0.111606,0.9995,0.260189,0.624451,0.129963,0.2783,0.259022,0.632705,-0.090585,0.9991,0.123858,0.804924,0.169616,0.6286,0.112237,0.816054,-0.061947,0.9979,0.08829,0.838845,0.167705,0.8056,0.075994,0.853252,-0.066872,0.997,0.193743,0.886387,0.1334,0.897,0.186894,0.900733,-0.126445,0.9985
adho_mukha_y107_0011,0.281221,0.734302,-0.00191,0.9994,0.257207,0.73841,-0.026902,0.9993,0.254929,0.73531,-0.026558,0.9993,0.253113,0.732637,-0.026209,0.9992,0.256707,0.738334,0.005696,0.9994,0.254097,0.735342,0.004767,0.9994,0.251968,0.73263,0.005474,0.9994,0.245083,0.688269,-0.096431,0.999,0.244848,0.68565,0.042035,0.9994,0.28379,0.70113,-0.022609,0.999,0.284528,0.702565,0.017821,0.9991,0.276499,0.584127,-0.145306,0.9991,0.274637,0.531357,0.123826,0.9987,0.206979,0.789264,-0.247944,0.9956,0.203107,0.710576,0.222936,0.2727,0.100544,0.931304,-0.207276,0.9837,0.124825,0.818436,0.121989,0.6383,0.062476,0.955679,-0.235803,0.9746,0.079276,0.820725,0.129775,0.7554,0.05473,0.927997,-0.203189,0.9686,0.078284,0.825475,0.096817,0.7672,0.067638,0.919102,-0.192192,0.9581,0.091053,0.832996,0.106536,0.7619,0.5542,0.252013,-0.101227,0.999,0.543436,0.218344,0.102268,0.9991,0.740312,0.50437,-0.042983,0.9824,0.713562,0.474128,0.171714,0.2623,0.862135,0.806697,0.015036,0.977,0.838641,0.73546,0.238698,0.431,0.892727,0.846643,0.01707,0.9741,0.86843,0.774519,0.239475,0.5314,0.80455,0.92442,-0.025157,0.9673,0.825147,0.851521,0.202167,0.5809
adho_mukha_y107_0012,0.465339,0.572578,-0.120148,0.9999,0.483847,0.580756,-0.127165,1.0,0.488114,0.579218,-0.12623,1.0,0.491666,0.577725,-0.126445,1.0,0.471562,0.579296,-0.153301,0.9999,0.467352,0.57764,-0.154211,0.9999,0.463012,0.576478,-0.153446,0.9999,0.518004,0.540994,-0.10898,1.0,0.455212,0.544096,-0.244408,0.9999,0.454812,0.543427,-0.107269,1.0,0.443968,0.546652,-0.14404,0.9999,0.53533,0.411001,-0.0633,0.9992,0.374402,0.451596,-0.290027,0.9994,0.606226,0.556538,-0.009822,0.9372,0.415363,0.636692,-0.411602,0.964,0.707158,0.691886,-0.077106,0.97,0.520315,0.817073,-0.495905,0.9893,0.756148,0.713993,-0.098037,0.9579,0.546527,0.85894,-0.55667,0.9811,0.750609,0.725997,-0.134007,0.9586,0.560965,0.848765,-0.531265,0.9799,0.727791,0.718557,-0.093589,0.9499,0.554815,0.829942,-0.493763,0.9721,0.329136,0.133413,0.090251,0.9972,0.240291,0.135936,-0.088673,0.9977,0.326787,0.369705,0.243237,0.1501,0.206916,0.375976,0.09091,0.7822,0.244894,0.524866,0.462444,0.3001,0.15094,0.558669,0.278144,0.8498,0.228454,0.539344,0.479576,0.285,0.126461,0.579651,0.291614,0.8024,0.279051,0.608334,0.441815,0.323,0.183685,0.646654,0.2316,0.8119
adho_mukha_y107_0013,0.432329,0.641537,-0.050891,0.9995,0.44772,0.658862,-0.054639,0.9998,0.450824,0.659057,-0.053456,0.9997,0.455818,0.658097,-0.053806,0.9997,0.443635,0.657243,-0.08086,0.9997,0.443771,0.656302,-0.081751,0.9996,0.444401,0.65527,-0.081061,0.9996,0.476236,0.634819,-0.037469,0.9996,0.457953,0.636066,-0.174088,0.9994,0.436859,0.618252,-0.041342,0.9995,0.430628,0.61716,-0.078911,0.9994,0.514902,0.514948,-0.012582,0.999,0.434725,0.501313,-0.223735,0.9993,0.5943,0.678631,0.009695,0.5495,0.49256,0.65078,-0.324162,0.8151,0.668158,0.812409,-0.08815,0.7042,0.622136,0.821889,-0.344978,0.8908,0.700847,0.835669,-0.106718,0.7412,0.647574,0.879852,-0.385858,0.8762,0.694467,0.839163,-0.136654,0.743,0.668395,0.857882,-0.368926,0.8707,0.67829,0.831039,-0.101505,0.734,0.659875,0.843159,-0.343263,0.8516,0.310669,0.241505,0.08882,0.9994,0.267034,0.209173,-0.087673,0.9998,0.220068,0.475106,0.200775,0.3144,0.218167,0.367549,-0.132594,0.9416,0.151585,0.637417,0.310528,0.4984,0.139564,0.552269,0.004193,0.8669,0.128755,0.646231,0.314527,0.4547,0.121841,0.573598,0.013155,0.8215,0.164137,0.74342,0.278228,0.5155,0.147511,0.641678,-0.037536,0.8117
adho_mukha_y107_0014,0.407059,0.603127,-0.066556,0.9999,0.404847,0.6143,-0.103824,0.9997,0.412901,0.612205,-0.103068,0.9997,0.422521,0.610367,-0.102703,0.9996,0.378997,0.615295,-0.078973,0.9998,0.371542,0.614308,-0.079782,0.9997,0.365332,0.613897,-0.078897,0.9997,0.441781,0.578371,-0.198642,0.9988,0.344316,0.572299,-0.099111,0.9992,0.437346,0.575977,-0.092217,0.9996,0.403247,0.572732,-0.063079,0.9997,0.557367,0.485544,-0.221388,0.9919,0.327788,0.447574,-0.05095,0.9977,0.542462,0.700694,-0.316026,0.9745,0.221605,0.649001,-0.01999,0.873,0.485813,0.91509,-0.386668,0.9755,0.087269,0.843781,-0.126938,0.9613,0.477477,0.950031,-0.43525,0.9679,0.034873,0.866359,-0.139815,0.9677,0.453589,0.948104,-0.431074,0.9627,0.05049,0.873324,-0.177995,0.9696,0.452952,0.934117,-0.384515,0.9488,0.078335,0.863851,-0.145879,0.9614,0.698363,0.11672,-0.064758,0.9584,0.57632,0.132208,0.066052,0.9678,0.771057,0.439837,0.052161,0.8638,0.683247,0.434521,0.192371,0.2154,0.870066,0.679705,0.216856,0.8228,0.83293,0.661909,0.369053,0.5291,0.899627,0.689095,0.227284,0.7852,0.859786,0.67556,0.377805,0.4566,0.833449,0.781003,0.146669,0.8295,0.794749,0.762697,0.306765,0.6048
adho_mukha_y107_0015,0.394733,0.67678,-0.014872,0.9984,0.371386,0.681092,-0.041288,0.9985,0.369882,0.677663,-0.040585,0.9985,0.36864,0.673877,-0.040218,0.9985,0.370781,0.681306,-0.006678,0.9985,0.368701,0.678102,-0.00762,0.9985,0.366705,0.674527,-0.006861,0.9984,0.360567,0.630488,-0.103552,0.9984,0.359846,0.632203,0.038747,0.9984,0.406427,0.651525,-0.032234,0.9973,0.406377,0.652724,0.00839,0.9969,0.401088,0.53775,-0.138942,0.999,0.41014,0.504817,0.109848,0.9974,0.278176,0.746934,-0.194404,0.9883,0.30117,0.696777,0.182327,0.2722,0.152796,0.875694,-0.122053,0.9694,0.200803,0.814435,0.133913,0.5113,0.117682,0.900217,-0.146384,0.9549,0.15845,0.8396,0.139453,0.535,0.111764,0.890145,-0.128872,0.9496,0.15227,0.837842,0.125091,0.5265,0.127107,0.879278,-0.114411,0.941,0.161691,0.836644,0.12401,0.5262,0.646393,0.132657,-0.10297,0.9976,0.636968,0.128324,0.104019,0.9968,0.775239,0.471572,-0.06525,0.9741,0.764856,0.460534,0.154178,0.1705,0.880698,0.804061,-0.028936,0.9632,0.860794,0.771567,0.210744,0.2382,0.921974,0.87188,-0.027648,0.9605,0.893683,0.838064,0.21237,0.2772,0.797739,0.912361,-0.087174,0.9516,0.778915,0.886994,0.18179,0.3152
adho_mukha_y107_0016,0.594092,0.729989,-0.008033,1.0,0.620323,0.722309,-7.5e-05,1.0,0.622273,0.719396,0.000869,1.0,0.624096,0.71589,0.000943,1.0,0.619502,0.72,-0.031291,1.0,0.620616,0.716236,-0.032302,1.0,0.62142,0.711899,-0.031496,1.0,0.630008,0.677346,0.059921,1.0,0.62167,0.677776,-0.101051,0.9999,0.586347,0.710422,0.015557,0.9999,0.585669,0.707524,-0.028583,0.9999,0.608058,0.57789,0.129495,0.9989,0.575171,0.597735,-0.161927,0.9997,0.702132,0.715528,0.19883,0.4656,0.672495,0.747488,-0.248919,0.9872,0.78265,0.851783,0.108303,0.7118,0.775122,0.913661,-0.199797,0.9868,0.817305,0.86967,0.107459,0.695,0.812238,0.927469,-0.226611,0.9731,0.815521,0.87672,0.080738,0.7019,0.819096,0.91956,-0.205757,0.9698,0.801753,0.869688,0.096995,0.6696,0.806693,0.91322,-0.193153,0.9625,0.420606,0.218129,0.110593,0.9984,0.394393,0.218623,-0.109491,0.9989,0.308281,0.525156,0.147088,0.194,0.288541,0.536236,-0.075581,0.9479,0.200133,0.796762,0.177406,0.2877,0.184664,0.824695,-0.036401,0.9314,0.169967,0.828951,0.172174,0.3423,0.150982,0.858271,-0.037083,0.9274,0.225099,0.835152,0.143696,0.3815,0.247914,0.925759,-0.078717,0.9179
adho_mukha_y107_0017,0.567489,0.618953,-0.040629,0.9994,0.580639,0.61047,-0.031406,0.9994,0.581322,0.607675,-0.030561,0.9995,0.582187,0.604875,-0.030777,0.9995,0.580512,0.609321,-0.058386,0.9993,0.580996,0.605967,-0.059229,0.9993,0.581654,0.602639,-0.058668,0.9993,0.580149,0.574549,0.030495,0.999,0.577625,0.574587,-0.10836,0.9992,0.554954,0.601223,-0.015668,0.9991,0.55538,0.599722,-0.053563,0.999,0.5487,0.506669,0.106705,0.9968,0.537418,0.523997,-0.159092,0.9993,0.614142,0.627007,0.166472,0.2649,0.607463,0.638314,-0.280157,0.9938,0.692022,0.734692,0.02121,0.6267,0.702279,0.782275,-0.280843,0.9953,0.720588,0.750902,0.025488,0.8142,0.723866,0.793335,-0.322418,0.9889,0.724266,0.757503,-0.012801,0.8241,0.727539,0.786586,-0.289339,0.9827,0.716888,0.755736,0.005701,0.8077,0.721032,0.782668,-0.271374,0.972,0.359963,0.263551,0.10395,0.9983,0.346756,0.275939,-0.102711,0.999,0.243508,0.498864,0.131793,0.2651,0.23092,0.502102,-0.068849,0.9953,0.14684,0.725112,0.193376,0.5299,0.132147,0.738816,-0.034287,0.9955,0.126039,0.758548,0.1924,0.6848,0.110202,0.768183,-0.040176,0.9934,0.208709,0.787724,0.142044,0.7802,0.198032,0.798952,-0.117137,0.9954
adho_mukha_y107_0018,0.408107,0.745111,0.016022,0.9804,0.389124,0.740632,-0.011544,0.9839,0.388327,0.737688,-0.010788,0.9847,0.38746,0.734474,-0.010546,0.9852,0.388429,0.739505,0.024364,0.9855,0.387217,0.735682,0.023436,0.986,0.385758,0.731486,0.024046,0.9869,0.384134,0.695287,-0.080913,0.9858,0.379807,0.692867,0.064668,0.9876,0.417615,0.723433,-0.004511,0.9798,0.418591,0.721318,0.037105,0.9767,0.430206,0.601209,-0.125599,0.9948,0.432165,0.556061,0.131342,0.9904,0.335858,0.772882,-0.195409,0.9741,0.350689,0.684918,0.215029,0.0871,0.207182,0.890515,-0.166867,0.9488,0.206409,0.837101,0.166305,0.2888,0.1819,0.905813,-0.191267,0.9394,0.175384,0.845463,0.168067,0.3559,0.17417,0.896515,-0.178644,0.9329,0.172973,0.849385,0.154429,0.3502,0.181428,0.893172,-0.162222,0.9225,0.185863,0.852689,0.156744,0.3493,0.654816,0.206116,-0.10288,0.9952,0.64289,0.202173,0.104013,0.9933,0.789792,0.514793,-0.080762,0.9695,0.782571,0.501053,0.143792,0.143,0.927736,0.839535,-0.055214,0.9551,0.908839,0.794987,0.189237,0.1354,0.968651,0.890299,-0.053679,0.942,0.952353,0.814931,0.188165,0.1686,0.887457,0.9871,-0.102819,0.9381,0.854255,0.908322,0.155365,0.174
adho_mukha_y107_0019,0.597705,0.693742,-0.0397,0.9998,0.621148,0.689657,-0.031761,0.9998,0.62274,0.686435,-0.030979,0.9998,0.624465,0.683254,-0.030949,0.9998,0.620669,0.688707,-0.058321,0.9998,0.621676,0.685225,-0.059194,0.9998,0.622519,0.681766,-0.05839,0.9998,0.62745,0.650186,0.02954,0.9996,0.618443,0.648561,-0.109161,0.9997,0.58597,0.669103,-0.015331,0.9996,0.586311,0.669065,-0.052893,0.9996,0.596628,0.560904,0.105628,0.9981,0.567549,0.584237,-0.154945,0.9997,0.676736,0.702311,0.162725,0.4028,0.653951,0.739136,-0.268555,0.9959,0.756792,0.827079,0.034023,0.7207,0.758263,0.895418,-0.271616,0.9964,0.797922,0.832231,0.039029,0.8031,0.795775,0.901211,-0.3089,0.9905,0.797995,0.842785,0.002757,0.8144,0.800934,0.893084,-0.282764,0.9877,0.784102,0.841887,0.020572,0.7888,0.790553,0.889878,-0.265225,0.9812,0.396571,0.240482,0.105574,0.9976,0.364851,0.242641,-0.104584,0.9984,0.287188,0.547689,0.141743,0.1796,0.261493,0.558826,-0.07333,0.9913,0.173063,0.795901,0.177498,0.4238,0.134502,0.827759,-0.066843,0.9939,0.142146,0.840223,0.171431,0.537,0.097442,0.869851,-0.07555,0.994,0.239566,0.866062,0.111078,0.6322,0.22376,0.975172,-0.156967,0.9903
adho_mukha_y107_0020,0.406129,0.661186,-0.002861,0.9969,0.388703,0.67345,-0.030774,0.9976,0.386169,0.672059,-0.029987,0.9979,0.383693,0.670653,-0.029848,0.9981,0.388869,0.672959,0.002187,0.9974,0.386621,0.671063,0.001242,0.9972,0.384251,0.669351,0.002,0.997,0.365134,0.650286,-0.087889,0.9984,0.36642,0.648821,0.044838,0.9968,0.406684,0.640868,-0.017888,0.9951,0.407572,0.640403,0.020325,0.993,0.375297,0.563128,-0.127112,0.999,0.382106,0.519962,0.117979,0.9936,0.281174,0.718312,-0.229334,0.979,0.288696,0.660702,0.199691,0.0994,0.175251,0.827769,-0.233059,0.9477,0.200324,0.721762,0.141541,0.2124,0.149876,0.841953,-0.262325,0.9355,0.173093,0.733769,0.14652,0.2751,0.144171,0.824247,-0.246589,0.9291,0.163485,0.7451,0.130941,0.2737,0.152349,0.821177,-0.228513,0.9138,0.180243,0.740087,0.131496,0.2856,0.599999,0.233074,-0.104424,0.9965,0.586302,0.216533,0.105451,0.9878,0.728621,0.478122,-0.089354,0.9835,0.719997,0.465972,0.139754,0.1937,0.868708,0.753226,-0.078138,0.983,0.851611,0.69969,0.180121,0.2245,0.911609,0.791935,-0.079613,0.9834,0.890541,0.71849,0.179926,0.3107,0.808835,0.862838,-0.132031,0.9747,0.808862,0.821862,0.152538,0.2999
adho_mukha_y107_0021,0.562011,0.825833,-0.068342,1.0,0.580657,0.837503,-0.059541,1.0,0.582233,0.837116,-0.058477,1.0,0.584246,0.83644,-0.058377,0.9999,0.584175,0.836242,-0.089095,0.9999,0.588055,0.834951,-0.090119,0.9999,0.592512,0.833062,-0.089617,0.9999,0.608004,0.812395,0.011614,0.9999,0.611808,0.811136,-0.142262,0.9999,0.559496,0.806122,-0.038282,0.9999,0.563729,0.803495,-0.081028,0.9999,0.592306,0.714611,0.06995,0.9988,0.616525,0.703335,-0.158188,0.9996,0.700563,0.862123,0.143409,0.2824,0.716789,0.869162,-0.255341,0.9972,0.83462,0.930212,0.017938,0.4346,0.878244,0.953415,-0.185418,0.9919,0.877621,0.929219,0.024724,0.6429,0.926637,0.960197,-0.204051,0.9807,0.881466,0.930993,-0.001652,0.6645,0.93465,0.954627,-0.173482,0.9727,0.859973,0.927885,0.009796,0.643,0.916119,0.952604,-0.174603,0.9606,0.397921,0.428659,0.098476,0.9946,0.389205,0.397781,-0.097578,0.9977,0.278322,0.644519,0.160601,0.1699,0.270534,0.635196,-0.009834,0.9868,0.204342,0.88025,0.263543,0.4507,0.162815,0.894781,0.068499,0.9845,0.169452,0.903181,0.267588,0.6038,0.127814,0.917975,0.067827,0.9861,0.247839,0.940417,0.221043,0.7967,0.223425,0.96259,0.005434,0.9858
adho_mukha_y107_0022,0.574545,0.717151,-0.027621,0.9999,0.593317,0.728787,-0.016062,0.9999,0.595712,0.727451,-0.015089,0.9999,0.598405,0.725609,-0.015126,0.9999,0.594522,0.725323,-0.046744,0.9999,0.597717,0.722385,-0.047701,0.9999,0.601006,0.719617,-0.047037,0.9999,0.617607,0.694044,0.054849,0.9999,0.616692,0.695346,-0.103111,0.9999,0.571312,0.691919,7.6e-05,0.9998,0.572774,0.688274,-0.043567,0.9999,0.611596,0.572367,0.119593,0.9987,0.609385,0.602415,-0.144439,0.9998,0.692406,0.733905,0.19664,0.2448,0.689425,0.766858,-0.255561,0.9978,0.786043,0.838455,0.043112,0.4904,0.824537,0.908062,-0.198869,0.9964,0.822687,0.846325,0.045968,0.6936,0.860104,0.920357,-0.217398,0.9912,0.82343,0.852876,0.013671,0.7066,0.861693,0.912573,-0.193516,0.9876,0.812853,0.854743,0.030275,0.6938,0.851071,0.906931,-0.189733,0.9812,0.410946,0.224748,0.107438,0.9959,0.404999,0.222372,-0.106612,0.9986,0.329766,0.529885,0.146465,0.2212,0.319552,0.542323,-0.070752,0.996,0.183202,0.762218,0.195252,0.4216,0.161634,0.779148,-0.038205,0.9938,0.14659,0.792629,0.192565,0.5401,0.124188,0.813078,-0.043222,0.9914,0.251433,0.855241,0.157776,0.7198,0.235555,0.880249,-0.101625,0.9923
adho_mukha_y107_0023,0.444961,0.662985,-0.014544,0.9998,0.428791,0.686533,-0.037986,0.9997,0.425287,0.685655,-0.037387,0.9997,0.42169,0.684389,-0.037112,0.9997,0.429447,0.688155,-0.003449,0.9997,0.426873,0.688712,-0.004538,0.9996,0.424123,0.688973,-0.003781,0.9996,0.399673,0.663754,-0.10195,0.9997,0.404807,0.66966,0.039312,0.9995,0.438358,0.636655,-0.03542,0.9995,0.440231,0.639003,0.005821,0.9993,0.375756,0.555451,-0.122413,0.999,0.383306,0.556719,0.082629,0.9946,0.291369,0.741631,-0.228017,0.9877,0.305478,0.727533,0.161502,0.1151,0.177762,0.886957,-0.207483,0.965,0.207264,0.853005,0.058525,0.1991,0.137472,0.893056,-0.236849,0.9476,0.163697,0.862587,0.055959,0.3184,0.131615,0.887965,-0.214677,0.9409,0.160363,0.864042,0.030474,0.3227,0.146012,0.887758,-0.197844,0.928,0.17665,0.86467,0.043758,0.3232,0.54562,0.226792,-0.08897,0.9948,0.541277,0.248799,0.089949,0.9934,0.649922,0.509678,-0.049318,0.9771,0.642912,0.515908,0.102263,0.2531,0.751671,0.790122,-0.029726,0.9758,0.737599,0.765528,0.151264,0.4105,0.78356,0.825571,-0.032007,0.9765,0.766342,0.812423,0.148806,0.41,0.692638,0.872875,-0.088114,0.9704,0.677238,0.856312,0.111099,0.4925
adho_mukha_y107_0024,0.562424,0.702269,-0.012811,0.9998,0.582103,0.710077,-0.003108,0.9998,0.584182,0.708074,-0.002029,0.9999,0.586848,0.705714,-0.002106,0.9998,0.583836,0.709073,-0.034756,0.9998,0.586507,0.706752,-0.03562,0.9998,0.589486,0.704064,-0.03502,0.9998,0.605227,0.672179,0.056145,0.9998,0.602758,0.675047,-0.105841,0.9998,0.559818,0.675249,0.011349,0.9997,0.561858,0.674472,-0.033883,0.9997,0.609086,0.567042,0.112828,0.9984,0.60273,0.587505,-0.141718,0.9996,0.694313,0.730357,0.188751,0.253,0.70418,0.753687,-0.248155,0.995,0.791064,0.85476,0.047206,0.4991,0.83413,0.894548,-0.18247,0.9935,0.838091,0.870799,0.053217,0.7182,0.872832,0.913538,-0.200431,0.9853,0.840107,0.871682,0.021754,0.7326,0.877525,0.901373,-0.172409,0.9787,0.825378,0.868194,0.036317,0.715,0.862265,0.892599,-0.171856,0.9677,0.391061,0.251829,0.10659,0.9974,0.369477,0.243313,-0.105657,0.9988,0.260633,0.53111,0.143925,0.1985,0.239092,0.5455,-0.057513,0.994,0.167938,0.786117,0.191504,0.4376,0.129895,0.811822,-0.0318,0.993,0.138017,0.830091,0.188596,0.6074,0.091251,0.853345,-0.037453,0.9935,0.225179,0.90081,0.149885,0.7594,0.210544,0.936793,-0.097543,0.993
adho_mukha_y107_0025,0.403932,0.665094,-0.104363,0.9999,0.388306,0.65739,-0.135225,0.9998,0.389153,0.653004,-0.134673,0.9998,0.390103,0.648299,-0.134239,0.9997,0.384814,0.656971,-0.103083,0.9998,0.382921,0.652601,-0.104125,0.9998,0.381154,0.648413,-0.103457,0.9998,0.393937,0.599394,-0.216392,0.9995,0.383937,0.600725,-0.083982,0.9997,0.42208,0.635709,-0.127263,0.9997,0.416605,0.634731,-0.088116,0.9997,0.455457,0.519261,-0.250645,0.9991,0.398456,0.472245,-0.013701,0.9988,0.363427,0.738271,-0.375369,0.9884,0.306251,0.649708,0.050745,0.7191,0.255433,0.889797,-0.439157,0.9843,0.200184,0.823018,-0.042595,0.9546,0.226794,0.916292,-0.494345,0.9788,0.164006,0.843358,-0.037169,0.9705,0.215338,0.898212,-0.468967,0.9735,0.167638,0.845843,-0.081419,0.9728,0.224326,0.884781,-0.433481,0.9634,0.182057,0.842246,-0.061305,0.9679,0.666055,0.132338,-0.092977,0.998,0.62239,0.132623,0.094119,0.9979,0.7577,0.44561,0.015318,0.9756,0.725721,0.433336,0.211091,0.2864,0.847723,0.764292,0.118098,0.9813,0.796002,0.703086,0.360592,0.5945,0.875221,0.80088,0.122978,0.9634,0.815962,0.758115,0.368895,0.6386,0.779034,0.82681,0.063039,0.9693,0.745417,0.803201,0.330175,0.7184
adho_mukha_y107_0026,0.449141,0.693348,-0.016112,0.9996,0.430046,0.716684,-0.041507,0.9994,0.426751,0.715762,-0.041003,0.9994,0.423474,0.714127,-0.040709,0.9994,0.430523,0.716685,-0.00784,0.9994,0.427628,0.716153,-0.008912,0.9994,0.42468,0.715081,-0.008152,0.9993,0.404614,0.686516,-0.106367,0.9993,0.406779,0.688247,0.030078,0.9993,0.445768,0.665495,-0.036192,0.9991,0.447763,0.665024,0.003718,0.9991,0.397324,0.557773,-0.134688,0.9989,0.397757,0.533561,0.08464,0.9978,0.300807,0.723564,-0.248424,0.9881,0.302893,0.694703,0.16165,0.221,0.17173,0.87245,-0.233537,0.973,0.210207,0.791717,0.056657,0.3932,0.133263,0.885301,-0.262605,0.962,0.164376,0.795653,0.058437,0.5427,0.127635,0.880342,-0.236072,0.9557,0.161754,0.799276,0.030831,0.5496,0.139109,0.878136,-0.222416,0.9446,0.175037,0.803494,0.042474,0.5405,0.58358,0.138859,-0.095589,0.9888,0.576519,0.146358,0.096664,0.9895,0.718389,0.489113,-0.059827,0.9828,0.694027,0.459922,0.11968,0.2002,0.840068,0.808669,-0.043666,0.9856,0.811763,0.760283,0.175431,0.4071,0.878337,0.862313,-0.045971,0.9836,0.846937,0.82751,0.174357,0.4939,0.760371,0.902011,-0.105894,0.9815,0.743019,0.87037,0.135032,0.5394
adho_mukha_y107_0027,0.57157,0.714588,-0.037294,0.9999,0.592673,0.725572,-0.027216,0.9999,0.5941,0.722981,-0.026093,0.9999,0.59596,0.7199,-0.026119,0.9998,0.595042,0.721454,-0.057854,0.9998,0.597331,0.716686,-0.058744,0.9999,0.599716,0.711758,-0.058079,0.9999,0.611485,0.671786,0.039386,0.9998,0.612631,0.673447,-0.120189,0.9999,0.563029,0.678917,-0.010862,0.9998,0.565327,0.674231,-0.054927,0.9998,0.589955,0.536382,0.111486,0.9984,0.586775,0.56154,-0.166801,0.9997,0.695478,0.719881,0.198314,0.3,0.700958,0.759337,-0.294909,0.9979,0.800162,0.856469,0.059658,0.642,0.834532,0.923915,-0.265706,0.9978,0.83576,0.868966,0.06943,0.8051,0.879101,0.948364,-0.290916,0.9947,0.839484,0.87829,0.036049,0.8137,0.885838,0.941915,-0.262342,0.993,0.8301,0.878129,0.047472,0.7997,0.865843,0.932089,-0.255476,0.9886,0.334291,0.153783,0.110756,0.9979,0.328163,0.156421,-0.109739,0.9989,0.199485,0.491101,0.171776,0.203,0.193083,0.496884,-0.061678,0.9962,0.10911,0.814594,0.230215,0.4174,0.076897,0.851932,-0.032238,0.9963,0.061109,0.867214,0.227226,0.5877,0.033622,0.896254,-0.037248,0.9954,0.180979,0.923568,0.183834,0.7009,0.175759,0.958384,-0.104551,0.995
adho_mukha_y107_0028,0.488684,0.659037,-0.031173,0.9995,0.467323,0.688041,-0.059489,0.9995,0.464296,0.6882,-0.058805,0.9995,0.461074,0.688091,-0.058673,0.9995,0.466569,0.688164,-0.025354,0.9995,0.462629,0.688681,-0.026545,0.9994,0.458776,0.68911,-0.025595,0.9994,0.436011,0.669264,-0.122237,0.9995,0.432853,0.669492,0.016808,0.9992,0.484229,0.629516,-0.049711,0.9989,0.484598,0.630216,-0.008929,0.9987,0.409908,0.556387,-0.135098,0.9991,0.402517,0.544531,0.070847,0.997,0.288912,0.730987,-0.269383,0.9856,0.305577,0.698319,0.136518,0.3289,0.149751,0.841727,-0.313349,0.9592,0.181724,0.797446,0.00391,0.4356,0.108141,0.848745,-0.34677,0.9385,0.144346,0.802191,0.004591,0.5479,0.103844,0.840162,-0.325325,0.9299,0.138492,0.805939,-0.026891,0.5695,0.120936,0.835033,-0.305868,0.911,0.155532,0.799883,-0.012089,0.5668,0.590993,0.112262,-0.094137,0.9894,0.572322,0.119899,0.095073,0.9768,0.725559,0.447096,-0.046605,0.9754,0.716221,0.443091,0.12921,0.1298,0.856209,0.771835,-0.021587,0.9779,0.837509,0.744211,0.199809,0.2773,0.88773,0.824017,-0.025939,0.9842,0.870286,0.806673,0.20023,0.3955,0.783162,0.888325,-0.099998,0.9719,0.759752,0.856808,0.147197,0.3708
adho_mukha_y107_0029,0.451302,0.665439,0.003446,0.9997,0.431405,0.68304,-0.015671,0.9996,0.428126,0.681497,-0.01524,0.9996,0.424923,0.679397,-0.014863,0.9996,0.431583,0.68379,0.013564,0.9996,0.428573,0.683152,0.012543,0.9996,0.425658,0.682189,0.013287,0.9995,0.406698,0.652298,-0.062609,0.9994,0.412139,0.657828,0.057674,0.9993,0.45066,0.639006,-0.009539,0.9992,0.452501,0.639769,0.025365,0.9991,0.400384,0.547298,-0.099912,0.9989,0.417269,0.536866,0.129053,0.9973,0.327625,0.735298,-0.213549,0.9906,0.344635,0.694433,0.219802,0.2854,0.230072,0.907086,-0.181518,0.9801,0.267874,0.825056,0.129243,0.6175,0.187688,0.91387,-0.209915,0.9699,0.232558,0.822291,0.139545,0.7562,0.185393,0.901258,-0.171224,0.9636,0.231273,0.822604,0.105693,0.7602,0.197823,0.900933,-0.165002,0.9546,0.243259,0.82668,0.114293,0.7483,0.610918,0.17044,-0.095564,0.992,0.607258,0.187081,0.096682,0.9923,0.733267,0.503511,-0.048824,0.978,0.716953,0.490105,0.11561,0.247,0.84357,0.840142,-0.047292,0.9825,0.816639,0.776697,0.164564,0.4583,0.875061,0.889385,-0.050797,0.9785,0.849715,0.849392,0.164301,0.5231,0.756658,0.912234,-0.102656,0.9789,0.745749,0.887528,0.131972,0.6186
adho_mukha_y107_0030,0.584665,0.658946,-0.018912,1.0,0.600369,0.673292,-0.010409,1.0,0.602796,0.672032,-0.00943,1.0,0.605273,0.670446,-0.009302,1.0,0.600791,0.672324,-0.040914,0.9999,0.603302,0.670609,-0.041934,1.0,0.605643,0.66865,-0.041328,0.9999,0.626859,0.638296,0.048079,0.9999,0.621503,0.644332,-0.109506,1.0,0.585835,0.633644,0.006387,0.9999,0.586595,0.630895,-0.037728,0.9999,0.635044,0.500649,0.107304,0.9996,0.621624,0.530778,-0.130149,0.9999,0.700838,0.666787,0.197659,0.398,0.699042,0.718813,-0.216678,0.9985,0.790153,0.787621,0.076847,0.7505,0.826921,0.889238,-0.149768,0.9978,0.826563,0.79494,0.09006,0.8946,0.867486,0.912911,-0.169298,0.9941,0.830458,0.812196,0.058907,0.9021,0.872342,0.901018,-0.135365,0.9935,0.812257,0.809752,0.067681,0.8881,0.85618,0.892517,-0.136853,0.989,0.424188,0.167427,0.098054,0.9979,0.398544,0.157984,-0.097351,0.9992,0.310418,0.466839,0.15012,0.2326,0.29321,0.469147,-0.026753,0.9945,0.207459,0.718409,0.224366,0.612,0.178416,0.752226,0.018651,0.9934,0.186711,0.757904,0.224362,0.7546,0.155291,0.787487,0.014469,0.9932,0.277312,0.809728,0.186248,0.8812,0.248987,0.841471,-0.036529,0.9943
adho_mukha_y107_0031,0.639113,0.65555,-0.032401,0.9997,0.656049,0.655046,-0.022566,0.9997,0.657152,0.653517,-0.021677,0.9998,0.658379,0.651531,-0.021616,0.9997,0.656981,0.652359,-0.05532,0.9996,0.658752,0.649305,-0.056283,0.9997,0.660484,0.645931,-0.055488,0.9996,0.665611,0.620205,0.039852,0.9996,0.663431,0.620156,-0.125684,0.9996,0.629669,0.638119,-0.006574,0.9995,0.630403,0.635067,-0.052068,0.9995,0.639658,0.533352,0.129713,0.9987,0.633222,0.554403,-0.178493,0.9997,0.717496,0.634381,0.214366,0.2474,0.721359,0.677957,-0.302674,0.9979,0.806452,0.717143,0.064963,0.6692,0.841711,0.782228,-0.279681,0.9985,0.829833,0.714021,0.077424,0.8486,0.878114,0.787056,-0.312742,0.9965,0.835244,0.721072,0.040615,0.8547,0.88237,0.777899,-0.274648,0.9943,0.827309,0.722452,0.050507,0.8391,0.871151,0.773313,-0.265593,0.99,0.419618,0.302845,0.114668,0.999,0.406772,0.300382,-0.113507,0.9995,0.286385,0.511922,0.160713,0.4068,0.257396,0.496961,-0.072974,0.9986,0.17907,0.684088,0.22462,0.7358,0.150981,0.699956,-0.022624,0.9979,0.151374,0.71089,0.223288,0.8217,0.117615,0.735192,-0.025375,0.9968,0.227822,0.762664,0.175924,0.9078,0.215365,0.777255,-0.099737,0.9981
adho_mukha_y107_0032,0.595423,0.624911,-0.021257,0.9995,0.61691,0.635012,-0.011084,0.9993,0.620029,0.63438,-0.010118,0.9995,0.623574,0.633674,-0.010343,0.9993,0.618226,0.634651,-0.042121,0.9992,0.621881,0.63362,-0.042921,0.9994,0.626294,0.632488,-0.04248,0.9992,0.652584,0.615265,0.055406,0.9989,0.657058,0.613526,-0.104409,0.9991,0.598096,0.604621,0.005178,0.9989,0.600569,0.604687,-0.039602,0.9988,0.655689,0.52935,0.108533,0.9967,0.665876,0.53674,-0.149857,0.9995,0.729965,0.661801,0.171754,0.1648,0.744841,0.681623,-0.274947,0.9949,0.840868,0.767252,0.017482,0.3523,0.865216,0.796662,-0.229552,0.9942,0.878152,0.777055,0.026871,0.628,0.918774,0.821785,-0.252507,0.9871,0.88495,0.777803,-0.010028,0.6409,0.922787,0.815447,-0.219567,0.9802,0.87343,0.774517,0.003795,0.6422,0.905946,0.804748,-0.216972,0.9671,0.395245,0.333209,0.103519,0.9965,0.384474,0.329746,-0.102361,0.9984,0.234767,0.536491,0.132801,0.2162,0.221465,0.54043,-0.069296,0.9954,0.132815,0.729273,0.179728,0.4833,0.105866,0.738606,-0.046549,0.9947,0.09635,0.759555,0.177755,0.654,0.06662,0.768647,-0.053093,0.9926,0.226971,0.78577,0.131701,0.7766,0.204992,0.79126,-0.122683,0.9948
adho_mukha_y107_0033,0.427116,0.706697,-0.010672,0.9997,0.405117,0.711243,-0.032238,0.9996,0.402757,0.708414,-0.031823,0.9996,0.400502,0.705323,-0.03152,0.9996,0.404411,0.711464,-0.000955,0.9996,0.401425,0.709154,-0.001907,0.9996,0.398489,0.706614,-0.001347,0.9995,0.389829,0.669063,-0.090415,0.9995,0.390749,0.66844,0.038964,0.9995,0.432459,0.680832,-0.02798,0.9994,0.433194,0.683054,0.009769,0.9994,0.413288,0.588366,-0.140201,0.9995,0.408151,0.568259,0.113706,0.9984,0.324903,0.762565,-0.241067,0.9927,0.317904,0.705213,0.209342,0.3314,0.212103,0.924756,-0.209535,0.9897,0.230365,0.810012,0.115642,0.7501,0.170907,0.944772,-0.243155,0.9853,0.201605,0.810409,0.125602,0.8515,0.163708,0.93273,-0.20846,0.9822,0.197829,0.819977,0.092783,0.8579,0.175821,0.924032,-0.195033,0.9769,0.208237,0.824897,0.100568,0.85,0.646574,0.21343,-0.101484,0.9985,0.620172,0.22635,0.102582,0.9989,0.726231,0.569602,-0.068616,0.9876,0.702805,0.559671,0.125795,0.2602,0.904227,0.799799,-0.040814,0.9857,0.847094,0.751664,0.197364,0.4199,0.937821,0.823445,-0.040804,0.9824,0.879484,0.783031,0.197448,0.478,0.826028,0.900821,-0.073395,0.9807,0.804686,0.868262,0.179678,0.6067
adho_mukha_y107_0034,0.618285,0.752796,-0.084756,0.9999,0.631909,0.762306,-0.075602,0.9991,0.633153,0.761942,-0.07457,0.9997,0.634701,0.761214,-0.07411,0.9989,0.632382,0.760336,-0.105344,0.9992,0.633703,0.758823,-0.105792,0.9996,0.635164,0.757008,-0.105007,0.9988,0.644473,0.737643,-0.013174,0.9996,0.64293,0.736629,-0.163878,0.9997,0.614856,0.737939,-0.058502,0.9986,0.614777,0.735747,-0.100114,0.9988,0.637452,0.652999,0.078039,0.9996,0.640145,0.668682,-0.225176,0.9998,0.68475,0.766474,0.168309,0.33,0.685486,0.793693,-0.330197,0.9958,0.758435,0.840315,0.086427,0.6106,0.777193,0.887399,-0.341481,0.997,0.780769,0.837209,0.092479,0.6233,0.807942,0.899043,-0.374995,0.9935,0.783887,0.84351,0.067064,0.621,0.811718,0.892764,-0.346821,0.9919,0.775497,0.84504,0.074509,0.6187,0.802853,0.887676,-0.331473,0.9898,0.43829,0.466973,0.099447,0.9999,0.446652,0.428258,-0.098022,0.9998,0.317302,0.634266,0.139331,0.9798,0.328927,0.256122,-0.063415,0.9992,0.235499,0.797143,0.212357,0.9912,0.218014,0.105599,0.020687,0.9965,0.207485,0.828983,0.212812,0.9926,0.21612,0.082417,0.024637,0.9933,0.282667,0.866689,0.179936,0.9908,0.150153,0.083314,-0.0418,0.9921
adho_mukha_y107_0035,0.662935,0.67485,-0.028559,0.9996,0.686841,0.677609,-0.019067,0.9996,0.688873,0.673695,-0.018303,0.9996,0.690899,0.669469,-0.018364,0.9996,0.687138,0.674828,-0.048981,0.9995,0.689245,0.669836,-0.049925,0.9995,0.691272,0.664898,-0.049189,0.9996,0.698005,0.621315,0.04535,0.9993,0.694697,0.623621,-0.105633,0.9994,0.651496,0.642576,-0.00346,0.9994,0.653163,0.638595,-0.044833,0.9993,0.641738,0.502069,0.13206,0.9953,0.639489,0.509193,-0.172303,0.9993,0.715858,0.684194,0.218295,0.2437,0.724415,0.726948,-0.280262,0.9925,0.810637,0.846427,0.098629,0.5155,0.855022,0.907436,-0.2699,0.9936,0.841799,0.858106,0.102992,0.6336,0.897307,0.931669,-0.304118,0.9867,0.847364,0.864715,0.068906,0.6476,0.904005,0.917903,-0.280275,0.9827,0.836569,0.862719,0.084005,0.6292,0.890235,0.911402,-0.262584,0.9736,0.366644,0.146622,0.107837,0.9938,0.350482,0.130796,-0.106503,0.9959,0.219388,0.498547,0.147944,0.1821,0.205437,0.492566,-0.061026,0.9851,0.095132,0.844562,0.218808,0.3462,0.081686,0.854528,-0.006309,0.981,0.058394,0.895215,0.218148,0.4326,0.041829,0.901597,-0.006945,0.979,0.190448,0.949998,0.163537,0.5146,0.179291,0.959975,-0.074833,0.9751
adho_mukha_y107_0036,0.357476,0.653696,-0.003905,0.9978,0.341461,0.661536,-0.030903,0.9981,0.339495,0.659889,-0.030254,0.9983,0.337815,0.658702,-0.030139,0.9984,0.340784,0.661643,0.004581,0.9979,0.338217,0.659788,0.003556,0.9978,0.335979,0.658423,0.004055,0.9976,0.321343,0.634931,-0.098944,0.9985,0.32098,0.630974,0.047124,0.9973,0.358886,0.632009,-0.023634,0.9966,0.35863,0.631959,0.018632,0.9958,0.32888,0.544351,-0.137186,0.999,0.332549,0.51536,0.11495,0.9968,0.242138,0.742364,-0.25642,0.9934,0.257831,0.683732,0.18744,0.156,0.140221,0.898517,-0.251552,0.9833,0.173575,0.814459,0.056884,0.4161,0.105994,0.920176,-0.289075,0.9769,0.14215,0.82186,0.059325,0.5624,0.098306,0.905854,-0.260399,0.9733,0.134375,0.830439,0.029283,0.571,0.113285,0.896146,-0.240974,0.9616,0.149434,0.827997,0.040322,0.5707,0.579388,0.219128,-0.108287,0.9969,0.565111,0.219129,0.109366,0.995,0.713467,0.558123,-0.105715,0.9882,0.698144,0.549241,0.110744,0.3033,0.904958,0.793993,-0.097893,0.9717,0.87006,0.752693,0.144535,0.2948,0.950133,0.84043,-0.100113,0.9663,0.920183,0.791585,0.14181,0.3557,0.842596,0.908155,-0.168323,0.9683,0.810252,0.859208,0.08967,0.3848
adho_mukha_y107_0037,0.424209,0.731649,-0.025,0.9994,0.397699,0.748362,-0.048898,0.9996,0.393034,0.746228,-0.048385,0.9996,0.388071,0.743526,-0.048027,0.9996,0.399951,0.748824,-0.013637,0.9995,0.39708,0.747491,-0.014617,0.9995,0.393729,0.745686,-0.013992,0.9994,0.359618,0.705754,-0.110694,0.9994,0.368759,0.708013,0.035215,0.9993,0.422742,0.700062,-0.044327,0.9987,0.426355,0.702244,-0.001482,0.9982,0.351369,0.566828,-0.142396,0.9983,0.372319,0.571023,0.101738,0.9942,0.259344,0.767624,-0.269873,0.9892,0.274755,0.750046,0.176493,0.174,0.130241,0.928708,-0.246504,0.9674,0.166579,0.883266,0.055413,0.334,0.09403,0.938683,-0.277609,0.9526,0.122824,0.891204,0.061768,0.5043,0.088913,0.928627,-0.243662,0.9439,0.121669,0.896124,0.030008,0.5154,0.101973,0.926776,-0.232542,0.9249,0.134495,0.89921,0.039064,0.5207,0.61335,0.136766,-0.102742,0.991,0.619101,0.166136,0.103897,0.9877,0.759059,0.485341,-0.073886,0.9795,0.748956,0.488996,0.129827,0.2194,0.913927,0.839129,-0.06399,0.987,0.888818,0.802396,0.176475,0.415,0.947062,0.873707,-0.068561,0.9878,0.927577,0.855429,0.175123,0.5217,0.810291,0.926354,-0.141583,0.9821,0.784408,0.900305,0.132063,0.5627
adho_mukha_y107_0038,0.408107,0.745111,0.016022,0.9804,0.389124,0.740632,-0.011544,0.9839,0.388327,0.737688,-0.010788,0.9847,0.38746,0.734474,-0.010546,0.9852,0.388429,0.739505,0.024364,0.9855,0.387217,0.735682,0.023436,0.986,0.385758,0.731486,0.024046,0.9869,0.384134,0.695287,-0.080913,0.9858,0.379807,0.692867,0.064668,0.9876,0.417615,0.723433,-0.004511,0.9798,0.418591,0.721318,0.037105,0.9767,0.430206,0.601209,-0.125599,0.9948,0.432165,0.556061,0.131342,0.9904,0.335858,0.772882,-0.195409,0.9741,0.350689,0.684918,0.215029,0.0871,0.207182,0.890515,-0.166867,0.9488,0.206409,0.837101,0.166305,0.2888,0.1819,0.905813,-0.191267,0.9394,0.175384,0.845463,0.168067,0.3559,0.17417,0.896515,-0.178644,0.9329,0.172973,0.849385,0.154429,0.3502,0.181428,0.893172,-0.162222,0.9225,0.185863,0.852689,0.156744,0.3493,0.654816,0.206116,-0.10288,0.9952,0.64289,0.202173,0.104013,0.9933,0.789792,0.514793,-0.080762,0.9695,0.782571,0.501053,0.143792,0.143,0.927736,0.839535,-0.055214,0.9551,0.908839,0.794987,0.189237,0.1354,0.968651,0.890299,-0.053679,0.942,0.952353,0.814931,0.188165,0.1686,0.887457,0.9871,-0.102819,0.9381,0.854255,0.908322,0.155365,0.174
adho_mukha_y107_0039,0.622109,0.699436,-0.025983,0.9999,0.644547,0.702271,-0.016432,0.9999,0.646067,0.699339,-0.015445,0.9999,0.647855,0.696222,-0.015516,0.9999,0.646183,0.700877,-0.045846,0.9999,0.648684,0.697179,-0.046766,0.9999,0.651465,0.693214,-0.046045,0.9999,0.657005,0.654476,0.046826,0.9998,0.659616,0.651874,-0.105051,0.9999,0.61199,0.671658,-0.000626,0.9998,0.613607,0.671335,-0.042335,0.9998,0.625629,0.532693,0.125185,0.9987,0.624145,0.559058,-0.154707,0.9998,0.718484,0.721095,0.211518,0.3009,0.717461,0.756279,-0.269789,0.998,0.835005,0.826099,0.069939,0.7251,0.859385,0.904571,-0.226805,0.998,0.883874,0.836291,0.077443,0.869,0.900965,0.917982,-0.252645,0.9943,0.886204,0.845445,0.043388,0.877,0.906312,0.905728,-0.221796,0.9915,0.870868,0.844125,0.057333,0.8584,0.892074,0.898274,-0.215977,0.9868,0.368722,0.161762,0.109731,0.9982,0.360457,0.168732,-0.108693,0.9992,0.227936,0.465437,0.161826,0.2142,0.225554,0.482575,-0.062882,0.9953,0.088189,0.752834,0.224779,0.4907,0.075077,0.780693,-0.019859,0.9957,0.052993,0.801628,0.223358,0.655,0.042338,0.821311,-0.023977,0.9949,0.173653,0.857558,0.183389,0.7826,0.16182,0.878487,-0.084441,0.995
adho_mukha_y107_0040,0.628836,0.752795,-0.024839,0.9999,0.643209,0.765544,-0.014351,0.9999,0.644829,0.764602,-0.013431,0.9999,0.646865,0.762838,-0.013299,0.9999,0.644601,0.763141,-0.044833,0.9999,0.646831,0.761242,-0.045706,0.9999,0.649251,0.759014,-0.045113,0.9999,0.659727,0.732083,0.049914,0.9998,0.658579,0.736505,-0.108577,0.9999,0.624615,0.731137,0.002523,0.9999,0.626109,0.728503,-0.041306,0.9999,0.647429,0.632743,0.129128,0.9996,0.650321,0.653509,-0.141037,0.9999,0.714955,0.76365,0.223242,0.2255,0.72223,0.800102,-0.276342,0.9994,0.787098,0.859565,0.053627,0.7165,0.822745,0.931041,-0.239043,0.999,0.818409,0.857094,0.077547,0.9278,0.854681,0.943569,-0.265797,0.9974,0.819136,0.864363,0.03606,0.9334,0.855604,0.931891,-0.220189,0.9973,0.809455,0.866229,0.040195,0.9248,0.846258,0.926461,-0.221486,0.9946,0.456932,0.345535,0.111294,0.9992,0.450435,0.348325,-0.110236,0.9997,0.345822,0.599213,0.177036,0.2271,0.336885,0.610881,-0.04179,0.9991,0.261915,0.777693,0.262182,0.726,0.241666,0.825518,0.013273,0.9986,0.235772,0.827051,0.264333,0.8828,0.211885,0.878569,0.008601,0.9978,0.329039,0.874338,0.218794,0.957,0.307152,0.905825,-0.060093,0.999
adho_mukha_y107_0041,0.49463,0.633661,-0.071907,0.9998,0.508692,0.644347,-0.08805,0.9999,0.511477,0.642808,-0.087297,0.9999,0.514422,0.641218,-0.087631,0.9999,0.49653,0.647701,-0.109203,0.9999,0.495219,0.647573,-0.110146,0.9998,0.493808,0.647571,-0.109414,0.9998,0.522038,0.604854,-0.105088,0.9999,0.492616,0.625092,-0.217023,0.9996,0.492932,0.609736,-0.070347,0.9999,0.48587,0.611922,-0.10092,0.9999,0.542297,0.497097,-0.075173,0.9989,0.45495,0.539886,-0.265038,0.9994,0.610153,0.640453,-0.034083,0.9359,0.491892,0.685829,-0.395967,0.9438,0.698325,0.766465,-0.093776,0.9402,0.563838,0.819603,-0.508915,0.9831,0.729779,0.780517,-0.113388,0.9163,0.579756,0.841799,-0.567771,0.972,0.724151,0.787036,-0.151358,0.9182,0.594016,0.826002,-0.541546,0.9707,0.707886,0.783383,-0.111206,0.9086,0.592928,0.816857,-0.506269,0.9596,0.395876,0.276996,0.088188,0.9972,0.338296,0.296942,-0.086579,0.9976,0.352883,0.524763,0.183657,0.1646,0.293267,0.537166,0.048445,0.7873,0.278371,0.695299,0.375273,0.265,0.250306,0.722619,0.197451,0.8852,0.26009,0.714886,0.389282,0.2354,0.226127,0.746243,0.20718,0.8522,0.309166,0.77181,0.344445,0.2669,0.288426,0.827768,0.143742,0.8353
adho_mukha_y107_0042,0.395761,0.669092,-0.036038,0.9988,0.377696,0.68811,-0.064199,0.9993,0.374595,0.686641,-0.06365,0.9993,0.371451,0.684767,-0.063389,0.9993,0.377955,0.688661,-0.027666,0.9992,0.374847,0.687763,-0.02864,0.9991,0.371473,0.686584,-0.028013,0.999,0.348286,0.655137,-0.135029,0.9992,0.34976,0.657883,0.016576,0.9988,0.39405,0.641704,-0.057273,0.9984,0.395405,0.642698,-0.012646,0.9981,0.339885,0.526313,-0.16435,0.9988,0.346054,0.529326,0.084833,0.9964,0.266283,0.726679,-0.300642,0.9927,0.274158,0.698077,0.166648,0.2141,0.153609,0.89253,-0.293679,0.9793,0.192923,0.829181,0.038137,0.4487,0.124313,0.906509,-0.329421,0.9707,0.15415,0.841296,0.043646,0.6274,0.116702,0.89492,-0.296529,0.9651,0.154452,0.845009,0.008341,0.64,0.126906,0.894929,-0.280894,0.948,0.167847,0.848626,0.02025,0.6358,0.581957,0.170484,-0.10405,0.9911,0.578507,0.199861,0.105204,0.9865,0.701365,0.495575,-0.073449,0.9819,0.692624,0.50345,0.13807,0.2504,0.818342,0.807689,-0.06083,0.9894,0.800551,0.785142,0.194787,0.4605,0.846915,0.843654,-0.065341,0.9898,0.830903,0.834067,0.194571,0.5952,0.739226,0.89123,-0.141045,0.9851,0.726791,0.875506,0.148991,0.6017
adho_mukha_y107_0043,0.729725,0.738724,-0.058249,1.0,0.746425,0.734921,-0.048038,0.9998,0.747536,0.732799,-0.04709,0.9999,0.74859,0.730552,-0.046748,0.9998,0.746671,0.733118,-0.080206,0.9998,0.747894,0.729578,-0.080637,0.9999,0.748978,0.725876,-0.079961,0.9997,0.748903,0.696002,0.012109,0.9999,0.749023,0.692636,-0.145939,0.9999,0.718398,0.723484,-0.034291,0.9997,0.718652,0.720253,-0.077852,0.9997,0.692876,0.630133,0.09997,0.9997,0.698478,0.640151,-0.21363,0.9999,0.743917,0.761925,0.180529,0.4069,0.751279,0.793792,-0.305763,0.9965,0.811768,0.865919,0.088935,0.5922,0.830696,0.922042,-0.313024,0.9956,0.838785,0.864177,0.092222,0.5781,0.862581,0.943626,-0.352379,0.9901,0.843269,0.866849,0.06241,0.5766,0.868525,0.926313,-0.323675,0.9871,0.834398,0.868905,0.074054,0.588,0.859241,0.917999,-0.304033,0.9849,0.468364,0.45194,0.103824,0.9999,0.472058,0.405323,-0.102183,0.9997,0.381463,0.66922,0.160752,0.9559,0.29628,0.273774,-0.079975,0.999,0.300885,0.846969,0.244767,0.9787,0.153903,0.095265,-0.019182,0.9956,0.272643,0.883018,0.247606,0.9856,0.146444,0.059662,-0.017449,0.9939,0.341765,0.918504,0.222465,0.9832,0.081424,0.15457,-0.088385,0.9921
adho_mukha_y107_0044,0.452442,0.81108,-0.025906,0.9999,0.439501,0.817633,-0.049755,0.9999,0.438545,0.816929,-0.049152,1.0,0.437811,0.816208,-0.049029,0.9999,0.436288,0.817142,-0.016481,0.9999,0.43314,0.81626,-0.017043,0.9999,0.430158,0.815368,-0.016706,0.9999,0.425438,0.79889,-0.105861,0.9999,0.4173,0.796106,0.032002,0.9999,0.455381,0.796208,-0.043474,0.9998,0.4528,0.795623,-0.00209,0.9997,0.462267,0.749897,-0.153093,0.9997,0.4179,0.728091,0.090721,0.9995,0.361652,0.83718,-0.288898,0.9956,0.334219,0.823514,0.165506,0.4822,0.232627,0.909101,-0.312323,0.9874,0.236132,0.887649,0.080903,0.7595,0.197303,0.924371,-0.341437,0.9754,0.207554,0.89474,0.069768,0.8236,0.188368,0.917403,-0.331406,0.9702,0.205987,0.895063,0.052692,0.8175,0.199524,0.914556,-0.307485,0.9635,0.212956,0.894709,0.071983,0.8051,0.625297,0.544933,-0.081636,0.9999,0.575637,0.501054,0.082762,0.9999,0.761259,0.710972,-0.023224,0.9935,0.619428,0.332808,0.075998,0.9982,0.865519,0.864562,0.018586,0.9952,0.615848,0.161396,0.111994,0.9974,0.896872,0.881004,0.016997,0.9946,0.600583,0.144672,0.11138,0.9961,0.855184,0.938816,-0.018355,0.9948,0.637793,0.088817,0.069201,0.9949
adho_mukha_y107_0045,0.365883,0.666942,0.002395,0.9992,0.340295,0.675308,-0.022901,0.9989,0.337642,0.672458,-0.022372,0.9989,0.335339,0.669326,-0.021867,0.9988,0.340869,0.676282,0.011009,0.999,0.33826,0.674414,0.010188,0.9989,0.335472,0.672037,0.010712,0.9989,0.323744,0.627488,-0.094129,0.9982,0.324196,0.631336,0.049655,0.9985,0.368539,0.639829,-0.019043,0.9981,0.371199,0.641819,0.022798,0.9981,0.350489,0.51852,-0.132736,0.9974,0.35267,0.50818,0.119449,0.9968,0.264419,0.725446,-0.241398,0.9898,0.269414,0.691791,0.198322,0.2443,0.139627,0.928442,-0.202293,0.9818,0.176251,0.866408,0.091291,0.6128,0.10503,0.945593,-0.236758,0.9747,0.149297,0.880896,0.10155,0.7523,0.093059,0.932176,-0.200943,0.9691,0.146269,0.883633,0.068736,0.7601,0.106213,0.927401,-0.187848,0.9589,0.153262,0.884129,0.07559,0.7616,0.633967,0.16623,-0.096754,0.9944,0.632452,0.176934,0.097739,0.9946,0.794716,0.49762,-0.044283,0.9728,0.785241,0.497746,0.12943,0.2688,0.911302,0.845483,-0.018393,0.9772,0.895592,0.81575,0.195058,0.4536,0.948254,0.897419,-0.019216,0.9718,0.923461,0.870523,0.19544,0.5225,0.804672,0.934474,-0.07646,0.9766,0.794386,0.914187,0.154529,0.5753
adho_mukha_y107_0046,0.550486,0.579613,-0.119848,1.0,0.567469,0.587011,-0.14263,1.0,0.574991,0.584335,-0.141788,1.0,0.580886,0.582279,-0.141896,1.0,0.55116,0.588276,-0.163252,1.0,0.545778,0.587433,-0.164214,1.0,0.540012,0.586886,-0.163272,1.0,0.593994,0.555535,-0.173565,1.0,0.526124,0.56558,-0.283532,1.0,0.551887,0.552755,-0.122702,1.0,0.531107,0.556456,-0.152829,1.0,0.626697,0.454875,-0.126374,0.9998,0.422486,0.470122,-0.320751,0.9999,0.686515,0.638005,-0.093753,0.9768,0.44748,0.661572,-0.455835,0.9811,0.779325,0.821162,-0.17648,0.9857,0.513073,0.854707,-0.587631,0.9897,0.819859,0.843378,-0.205219,0.9769,0.529851,0.881712,-0.656195,0.9829,0.805592,0.846082,-0.246234,0.9763,0.551446,0.87262,-0.639784,0.9817,0.783774,0.836753,-0.196102,0.9699,0.551127,0.863999,-0.590374,0.9719,0.457671,0.149014,0.07392,0.9993,0.334345,0.157454,-0.072238,0.9993,0.40532,0.401717,0.2376,0.2443,0.291422,0.39575,0.078663,0.6902,0.355629,0.611947,0.435279,0.4293,0.260438,0.625378,0.27151,0.7556,0.335617,0.622643,0.448367,0.3719,0.253924,0.636449,0.282821,0.6479,0.385722,0.700773,0.3658,0.5454,0.324538,0.708196,0.186754,0.7582
adho_mukha_y107_0047,0.669223,0.699947,-0.008611,0.9995,0.689458,0.695806,0.001004,0.9994,0.689653,0.692623,0.001863,0.9994,0.690058,0.688903,0.001756,0.9994,0.690649,0.692775,-0.029134,0.9995,0.691452,0.687631,-0.030104,0.9995,0.692428,0.682093,-0.029381,0.9995,0.688,0.639711,0.061786,0.9993,0.688533,0.637604,-0.091348,0.9995,0.652415,0.676764,0.016392,0.9992,0.653867,0.672996,-0.02625,0.9992,0.627955,0.556496,0.142087,0.997,0.633599,0.556708,-0.147413,0.9993,0.720555,0.741352,0.225204,0.2747,0.72728,0.753573,-0.249936,0.9967,0.823656,0.887995,0.096479,0.6182,0.869228,0.944164,-0.204546,0.996,0.853851,0.901048,0.111794,0.8145,0.907115,0.953423,-0.236491,0.9914,0.858393,0.903295,0.074758,0.8269,0.908825,0.947645,-0.195247,0.987,0.851251,0.90469,0.082735,0.811,0.896419,0.942836,-0.190026,0.9786,0.359098,0.231169,0.106932,0.9976,0.353711,0.210986,-0.105731,0.9979,0.220574,0.560206,0.127755,0.319,0.214847,0.558777,-0.079052,0.9972,0.084753,0.87284,0.178785,0.6333,0.071386,0.885129,-0.040053,0.9925,0.051736,0.917821,0.178862,0.7804,0.039464,0.927192,-0.04351,0.9901,0.171805,0.950965,0.13843,0.8712,0.164746,0.967846,-0.106424,0.9941
adho_mukha_y107_0048,0.567256,0.71756,-0.001602,1.0,0.584512,0.721608,0.008177,1.0,0.585854,0.7194,0.009088,1.0,0.587511,0.716567,0.009173,1.0,0.585008,0.720895,-0.023234,0.9999,0.58641,0.718604,-0.024271,1.0,0.587923,0.71592,-0.023582,0.9999,0.595368,0.68096,0.070307,0.9999,0.592537,0.687451,-0.091844,1.0,0.559761,0.694331,0.025147,0.9999,0.560786,0.692793,-0.019669,0.9999,0.579037,0.583678,0.151457,0.9997,0.581318,0.613737,-0.12771,0.9999,0.654451,0.705685,0.249337,0.2683,0.657315,0.746017,-0.240558,0.9991,0.738684,0.816928,0.102511,0.6735,0.767055,0.870085,-0.174175,0.999,0.77237,0.820199,0.124833,0.8813,0.803143,0.889528,-0.194503,0.9966,0.774497,0.828663,0.0866,0.8914,0.803505,0.879355,-0.148413,0.9935,0.763754,0.827769,0.090135,0.8802,0.793567,0.871854,-0.155797,0.988,0.380919,0.270708,0.109147,0.9989,0.376104,0.28065,-0.108112,0.9996,0.257347,0.532375,0.143225,0.2327,0.251435,0.5432,-0.054428,0.998,0.162553,0.759813,0.207056,0.7009,0.146915,0.791246,-0.014268,0.9982,0.131196,0.796171,0.207606,0.8577,0.11057,0.824442,-0.019714,0.9974,0.231834,0.842268,0.164899,0.9477,0.214338,0.872032,-0.082458,0.9987
adho_mukha_y107_0049,0.637389,0.705973,-0.007989,0.9996,0.659077,0.719476,0.000899,0.9997,0.661132,0.717785,0.001855,0.9997,0.663712,0.715634,0.001766,0.9996,0.660573,0.718907,-0.031352,0.9996,0.663079,0.716974,-0.032228,0.9997,0.665813,0.714558,-0.031547,0.9997,0.683175,0.683897,0.059175,0.9995,0.678669,0.684463,-0.105785,0.9996,0.632553,0.676433,0.015838,0.9993,0.635907,0.676539,-0.030043,0.9994,0.666323,0.54425,0.128784,0.9975,0.649824,0.56901,-0.156651,0.9997,0.734023,0.719161,0.216772,0.2601,0.723007,0.762098,-0.251139,0.9941,0.83014,0.845702,0.100831,0.6256,0.85122,0.936861,-0.202895,0.9951,0.870838,0.867616,0.10791,0.7902,0.896491,0.96581,-0.228676,0.9891,0.878652,0.879417,0.076874,0.8012,0.905555,0.953969,-0.197785,0.985,0.863979,0.871701,0.089378,0.7816,0.887348,0.939501,-0.191506,0.9774,0.408017,0.236531,0.111136,0.9982,0.383387,0.211984,-0.109896,0.9994,0.271311,0.526035,0.182661,0.2443,0.231342,0.517539,-0.065738,0.9938,0.159181,0.765314,0.243921,0.427,0.07515,0.810049,-0.034724,0.9932,0.13293,0.800431,0.241853,0.5751,0.042547,0.855061,-0.039013,0.9925,0.233503,0.853285,0.210762,0.6704,0.1571,0.911259,-0.101202,0.9909
adho_mukha_y107_0050,0.469159,0.744382,-0.023266,0.9993,0.449008,0.756588,-0.04796,0.9994,0.445698,0.754403,-0.047462,0.9994,0.442346,0.751737,-0.047172,0.9995,0.449233,0.756166,-0.013977,0.9993,0.446072,0.754136,-0.014968,0.9993,0.442627,0.751674,-0.014388,0.9992,0.419045,0.715143,-0.10991,0.9994,0.419162,0.71436,0.031022,0.9991,0.469623,0.7168,-0.041865,0.9988,0.471018,0.71684,-0.000545,0.9987,0.429698,0.60672,-0.143486,0.9993,0.422422,0.58872,0.098073,0.9981,0.345317,0.806382,-0.279025,0.9936,0.338751,0.767519,0.170945,0.3135,0.21591,0.925181,-0.282183,0.9854,0.237616,0.873033,0.034658,0.5895,0.180869,0.934294,-0.319012,0.978,0.199951,0.886206,0.041888,0.7306,0.173789,0.92656,-0.285576,0.9734,0.198465,0.889397,0.008798,0.7407,0.184692,0.923508,-0.269488,0.961,0.210336,0.887632,0.018178,0.7323,0.667822,0.237835,-0.10101,0.9943,0.655161,0.23746,0.102121,0.9914,0.794414,0.561275,-0.075667,0.9784,0.785906,0.561631,0.119449,0.2107,0.938978,0.86625,-0.058579,0.9856,0.923608,0.856888,0.178116,0.3367,0.983853,0.89292,-0.062302,0.9862,0.966616,0.881898,0.178077,0.4723,0.867461,0.963175,-0.135029,0.9809,0.850083,0.945989,0.131624,0.4836
adho_mukha_y107_0051,0.488925,0.71879,-0.006396,0.9995,0.510039,0.738824,0.00446,0.9995,0.512809,0.738501,0.005627,0.9996,0.516475,0.738055,0.00545,0.9994,0.512125,0.738632,-0.026255,0.9995,0.516034,0.738084,-0.027076,0.9995,0.520934,0.737277,-0.026644,0.9995,0.548743,0.710342,0.067499,0.9993,0.548941,0.711524,-0.090566,0.9994,0.487091,0.68806,0.01807,0.9988,0.489675,0.685689,-0.026011,0.9991,0.562207,0.577278,0.110166,0.9938,0.584755,0.592149,-0.121712,0.9992,0.679013,0.726319,0.178207,0.2027,0.703095,0.76797,-0.226647,0.9856,0.810766,0.826459,0.044384,0.3483,0.838168,0.873113,-0.166813,0.9793,0.846202,0.832207,0.044519,0.528,0.867814,0.865419,-0.180596,0.9605,0.847608,0.836152,0.019203,0.5446,0.873327,0.859492,-0.157374,0.9465,0.834115,0.835661,0.035536,0.5218,0.859547,0.861859,-0.158415,0.9254,0.351578,0.223427,0.105628,0.9976,0.352469,0.213142,-0.104665,0.9991,0.206215,0.515355,0.128788,0.1754,0.197901,0.518293,-0.067169,0.9952,0.092534,0.786259,0.170977,0.2975,0.060666,0.8194,-0.045905,0.9917,0.048585,0.83421,0.167779,0.4225,0.020601,0.866963,-0.051415,0.9928,0.170583,0.890124,0.129988,0.5791,0.151661,0.911708,-0.115921,0.9894
adho_mukha_y107_0052,0.432778,0.676378,-0.034403,1.0,0.436162,0.695575,-0.067838,1.0,0.442922,0.695086,-0.067246,1.0,0.44993,0.694095,-0.066888,0.9999,0.417174,0.691549,-0.051351,1.0,0.41099,0.688905,-0.052178,1.0,0.404515,0.685994,-0.051657,1.0,0.460001,0.667479,-0.148507,0.9999,0.392518,0.653742,-0.092157,0.9999,0.449015,0.649233,-0.055577,1.0,0.424819,0.641674,-0.038212,1.0,0.541863,0.546827,-0.154867,0.9986,0.351089,0.509491,-0.033275,0.999,0.498832,0.742854,-0.217997,0.9543,0.284117,0.69698,0.004696,0.925,0.418676,0.906235,-0.308438,0.9682,0.166756,0.883605,-0.089759,0.9747,0.398474,0.938195,-0.357156,0.9543,0.128538,0.901554,-0.107477,0.9679,0.377246,0.933826,-0.359349,0.9512,0.14786,0.908922,-0.144791,0.969,0.38504,0.916538,-0.31131,0.9399,0.172835,0.906588,-0.107443,0.9601,0.637969,0.142361,-0.058098,0.9966,0.518871,0.125885,0.059817,0.9984,0.74213,0.460969,0.013644,0.932,0.522184,0.481007,0.152794,0.2377,0.812229,0.739748,0.132158,0.901,0.532449,0.709796,0.284619,0.6435,0.831391,0.770887,0.137907,0.8516,0.5596,0.73592,0.289998,0.5231,0.789598,0.818119,0.043817,0.8732,0.475863,0.83145,0.209146,0.687
adho_mukha_y107_0053,0.547538,0.615192,-0.039706,0.9997,0.567826,0.630604,-0.032759,0.9996,0.570805,0.629918,-0.031674,0.9996,0.574313,0.629064,-0.031831,0.9995,0.569237,0.62943,-0.067239,0.9996,0.573348,0.62805,-0.068212,0.9996,0.577416,0.62706,-0.067345,0.9996,0.609339,0.607826,0.030883,0.9996,0.605963,0.606694,-0.143624,0.9996,0.550954,0.585794,-0.015828,0.9994,0.553082,0.585607,-0.064014,0.9994,0.612402,0.500385,0.083448,0.9963,0.615721,0.487368,-0.196979,0.9988,0.707004,0.673427,0.126905,0.2283,0.721613,0.713415,-0.306332,0.9829,0.812487,0.79212,0.018149,0.3215,0.85636,0.878967,-0.25374,0.9775,0.859188,0.827129,0.0115,0.3049,0.898782,0.898215,-0.277248,0.9613,0.857086,0.831364,-0.013052,0.3047,0.908241,0.89347,-0.259926,0.9582,0.840936,0.816216,0.007978,0.3,0.894712,0.882876,-0.249501,0.9524,0.411225,0.165512,0.116216,0.9746,0.375676,0.131954,-0.11551,0.9816,0.34025,0.521908,0.128949,0.2138,0.242071,0.471613,-0.128502,0.9851,0.150979,0.817252,0.13318,0.2821,0.115019,0.829855,-0.129428,0.9776,0.162714,0.868345,0.122566,0.2913,0.076161,0.875569,-0.134735,0.9694,0.235245,0.915823,0.077925,0.34,0.219296,0.929582,-0.205668,0.9575
adho_mukha_y107_0054,0.423601,0.759707,-0.049543,0.9987,0.398221,0.769326,-0.069674,0.9988,0.394918,0.76469,-0.069019,0.9989,0.391594,0.759811,-0.068786,0.9989,0.400857,0.773011,-0.038922,0.9987,0.399696,0.771548,-0.039921,0.9986,0.398326,0.769819,-0.039128,0.9985,0.380825,0.720095,-0.114192,0.9986,0.389564,0.729857,0.01232,0.9984,0.429492,0.72252,-0.061072,0.9976,0.434019,0.728901,-0.024345,0.9974,0.410099,0.576477,-0.152534,0.9983,0.438057,0.57103,0.100077,0.9945,0.270136,0.766131,-0.258305,0.9886,0.308497,0.737868,0.189606,0.1503,0.118338,0.924797,-0.234897,0.9757,0.198133,0.866803,0.093609,0.4687,0.072059,0.939172,-0.267846,0.965,0.15359,0.885557,0.09566,0.6185,0.063482,0.934845,-0.236655,0.9588,0.145763,0.888495,0.068102,0.6208,0.079593,0.930267,-0.223034,0.9469,0.157731,0.890363,0.078585,0.6139,0.67859,0.157954,-0.103589,0.9942,0.688158,0.160971,0.104636,0.9909,0.821905,0.46155,-0.032619,0.9762,0.815545,0.458643,0.175711,0.2295,0.97854,0.792556,0.040333,0.9823,0.951272,0.744901,0.274244,0.4775,1.007998,0.825737,0.042407,0.9787,0.979013,0.790197,0.278341,0.5632,0.894217,0.922378,-0.012262,0.9722,0.879506,0.890837,0.249643,0.6083
adho_mukha_y107_0055,0.492837,0.762582,-0.029184,0.9998,0.504334,0.78113,-0.023093,0.9999,0.50639,0.781761,-0.021949,0.9999,0.508936,0.782572,-0.021682,0.9998,0.504596,0.78065,-0.051721,0.9998,0.506591,0.780834,-0.052638,0.9998,0.508849,0.781152,-0.051952,0.9998,0.530265,0.773601,0.035398,0.9998,0.524534,0.772497,-0.113977,0.9998,0.496084,0.747672,-0.003785,0.9995,0.497025,0.746337,-0.045122,0.9997,0.547522,0.694018,0.083775,0.998,0.543948,0.701439,-0.125232,0.9995,0.625522,0.764878,0.136964,0.3938,0.645282,0.815151,-0.197755,0.9848,0.721411,0.835755,0.048692,0.6535,0.73977,0.890791,-0.153218,0.987,0.757495,0.850656,0.051933,0.7158,0.773399,0.904189,-0.176696,0.9734,0.752806,0.854948,0.02743,0.7259,0.7798,0.902408,-0.15187,0.9676,0.735594,0.851376,0.040534,0.6998,0.763769,0.898574,-0.146063,0.9582,0.399064,0.428563,0.095569,0.9957,0.390635,0.429385,-0.094549,0.9966,0.324385,0.622415,0.159969,0.1234,0.317679,0.634526,-0.009698,0.9739,0.254845,0.817822,0.250102,0.2808,0.224412,0.832909,0.057725,0.9669,0.227696,0.834769,0.251368,0.3467,0.196402,0.870085,0.057057,0.9621,0.301886,0.892572,0.20127,0.478,0.283387,0.909425,-0.005609,0.9524
adho_mukha_y107_0056,0.503204,0.723409,-0.041911,0.9995,0.489207,0.734531,-0.067737,0.9997,0.486562,0.73363,-0.067129,0.9997,0.483818,0.732522,-0.066836,0.9997,0.489569,0.735602,-0.032449,0.9996,0.48728,0.735648,-0.0333,0.9996,0.484824,0.735554,-0.032789,0.9995,0.465459,0.716589,-0.134117,0.9996,0.46777,0.719667,0.011509,0.9993,0.498849,0.707087,-0.06231,0.9992,0.50089,0.708599,-0.019595,0.9991,0.458211,0.659235,-0.17052,0.9994,0.461181,0.662682,0.07887,0.9975,0.412604,0.770267,-0.305436,0.9942,0.415633,0.763169,0.155526,0.2271,0.327545,0.85682,-0.29217,0.986,0.352704,0.836125,0.018978,0.4799,0.307397,0.86665,-0.330339,0.9779,0.323667,0.845009,0.023875,0.6537,0.302513,0.864287,-0.296377,0.974,0.323002,0.848773,-0.010139,0.6643,0.307376,0.8621,-0.278856,0.9603,0.333082,0.846086,0.000786,0.6553,0.642763,0.49263,-0.099113,0.9954,0.633785,0.506596,0.100449,0.9933,0.739566,0.660842,-0.091851,0.9784,0.721813,0.660599,0.123059,0.2414,0.834038,0.82678,-0.086572,0.9877,0.816771,0.81863,0.163795,0.411,0.862771,0.842009,-0.091323,0.9892,0.835445,0.836269,0.161096,0.4978,0.783636,0.866883,-0.161987,0.9848,0.756341,0.854538,0.120191,0.5374
adho_mukha_y107_0057,0.434805,0.646764,-0.02526,0.9994,0.418323,0.65995,-0.048677,0.9994,0.416278,0.657734,-0.048251,0.9994,0.414478,0.65509,-0.047886,0.9993,0.418385,0.658819,-0.016453,0.9994,0.416229,0.656232,-0.017465,0.9993,0.414028,0.653223,-0.016673,0.9992,0.404211,0.615058,-0.111722,0.999,0.403114,0.613354,0.023514,0.999,0.437221,0.615351,-0.043524,0.9988,0.438516,0.613714,-0.004021,0.9988,0.415733,0.52894,-0.152485,0.9989,0.408057,0.498432,0.102848,0.9976,0.346194,0.70661,-0.274533,0.9937,0.344153,0.663348,0.192642,0.228,0.253192,0.894776,-0.245257,0.9872,0.27287,0.807104,0.07939,0.636,0.224483,0.912114,-0.281139,0.9809,0.247613,0.809068,0.089625,0.7895,0.218984,0.899636,-0.240749,0.9758,0.242863,0.820033,0.050539,0.7987,0.227511,0.89583,-0.228683,0.9653,0.253355,0.819851,0.061492,0.7947,0.626864,0.199463,-0.10298,0.9959,0.613591,0.183818,0.104095,0.9949,0.719727,0.510302,-0.03272,0.9828,0.708543,0.487414,0.16665,0.2409,0.823109,0.795639,0.018024,0.9861,0.799579,0.741989,0.257508,0.5038,0.852202,0.847788,0.018162,0.9827,0.824165,0.805104,0.261206,0.6135,0.747878,0.861157,-0.034105,0.978,0.738574,0.829227,0.226556,0.657
adho_mukha_y107_0058,0.415265,0.679181,0.083008,0.9999,0.389022,0.689213,0.065491,0.9999,0.384105,0.686956,0.066079,0.9999,0.379135,0.684425,0.066373,0.9999,0.392803,0.689786,0.097981,0.9999,0.3906,0.688262,0.096962,0.9998,0.388431,0.686788,0.097569,0.9998,0.356652,0.653736,0.019924,0.9999,0.371922,0.660111,0.152554,0.9998,0.412582,0.650628,0.067638,0.9997,0.418484,0.651926,0.10573,0.9996,0.346617,0.546432,-0.026729,0.9998,0.40559,0.522809,0.196318,0.9982,0.254664,0.752668,-0.127981,0.9866,0.291767,0.714545,0.292502,0.1123,0.107823,0.878151,-0.118265,0.9555,0.16942,0.797024,0.247837,0.1985,0.060858,0.893351,-0.141373,0.9394,0.12167,0.798115,0.253,0.2836,0.054592,0.887193,-0.119739,0.9334,0.118946,0.794421,0.232994,0.2845,0.070602,0.87634,-0.108805,0.9285,0.129929,0.802885,0.237547,0.2893,0.594298,0.207475,-0.096702,0.9994,0.621779,0.202382,0.097721,0.9992,0.749815,0.525008,-0.093915,0.9814,0.738258,0.51079,0.100243,0.2451,0.92724,0.777839,-0.1285,0.9749,0.90535,0.742724,0.095495,0.3224,0.975665,0.81999,-0.131886,0.979,0.956775,0.785901,0.088514,0.4304,0.847961,0.893026,-0.179877,0.9662,0.834306,0.857891,0.051474,0.4521
adho_mukha_y107_0059,0.593188,0.780064,-0.085898,1.0,0.609572,0.783593,-0.075822,0.9998,0.610895,0.782453,-0.074731,1.0,0.612397,0.780776,-0.074373,0.9998,0.610614,0.781443,-0.105143,0.9998,0.612531,0.779242,-0.105376,0.9999,0.614558,0.776581,-0.104646,0.9997,0.623962,0.755174,-0.015667,0.9999,0.621968,0.754976,-0.161826,1.0,0.588343,0.763704,-0.061499,0.9997,0.589828,0.761176,-0.101183,0.9998,0.607624,0.683166,0.065706,1.0,0.599633,0.697614,-0.216178,1.0,0.664197,0.786466,0.148382,0.2822,0.662816,0.803655,-0.33068,0.9955,0.731281,0.881562,0.069384,0.5062,0.74882,0.922763,-0.346137,0.9955,0.753405,0.886603,0.075165,0.5463,0.779719,0.934294,-0.376145,0.9891,0.757345,0.894432,0.048293,0.5382,0.784182,0.930822,-0.348622,0.9862,0.747549,0.894199,0.05807,0.5317,0.770648,0.92783,-0.336926,0.9861,0.425282,0.487769,0.095894,1.0,0.429934,0.461089,-0.094371,0.9999,0.335676,0.680737,0.114534,0.9758,0.322318,0.267829,-0.100354,0.9991,0.236549,0.872858,0.174286,0.9937,0.253433,0.060192,-0.056465,0.9941,0.209648,0.907661,0.172299,0.996,0.257986,0.013577,-0.054897,0.9951,0.30522,0.960833,0.144616,0.9937,0.178747,0.069778,-0.113079,0.9911
adho_mukha_y107_0060,0.453333,0.679917,-0.021664,0.9995,0.43298,0.696944,-0.045474,0.9994,0.429942,0.69546,-0.044838,0.9994,0.426895,0.693451,-0.044583,0.9994,0.433309,0.696596,-0.011862,0.9993,0.430644,0.695304,-0.012909,0.9992,0.427981,0.693782,-0.012152,0.9991,0.410673,0.665057,-0.106972,0.9993,0.4142,0.667155,0.030206,0.9988,0.451744,0.651309,-0.040907,0.9986,0.45403,0.651151,-0.000973,0.9982,0.392698,0.565109,-0.129822,0.9983,0.403574,0.555088,0.082239,0.9938,0.296707,0.740444,-0.235126,0.9883,0.306127,0.723345,0.155761,0.1913,0.16557,0.896209,-0.213933,0.9723,0.19538,0.84495,0.046953,0.3881,0.119439,0.915982,-0.243992,0.9572,0.158355,0.858701,0.047938,0.5339,0.1124,0.903228,-0.219345,0.9508,0.146315,0.853054,0.022049,0.5402,0.123224,0.900066,-0.203493,0.9391,0.158967,0.856011,0.033201,0.5294,0.609114,0.199888,-0.093329,0.9938,0.596472,0.210972,0.094507,0.9915,0.766906,0.501967,-0.062598,0.9802,0.740911,0.493058,0.104309,0.2687,0.887021,0.820418,-0.051714,0.9838,0.869712,0.792538,0.152336,0.4772,0.92514,0.870939,-0.055298,0.9849,0.900223,0.853399,0.150711,0.5177,0.787921,0.9149,-0.131028,0.9784,0.767414,0.885619,0.097212,0.56
adho_mukha_y107_0061,0.456517,0.69867,-0.017808,0.9992,0.432469,0.709315,-0.038983,0.999,0.429124,0.705444,-0.038311,0.9991,0.425522,0.700486,-0.037968,0.999,0.433176,0.709945,-0.005301,0.9988,0.430469,0.707215,-0.006294,0.9987,0.427634,0.703951,-0.005578,0.9986,0.404905,0.652499,-0.097089,0.9987,0.40858,0.660899,0.040823,0.9981,0.457769,0.664242,-0.036592,0.998,0.461293,0.66581,0.003314,0.9976,0.415949,0.546825,-0.125487,0.9973,0.431983,0.55569,0.093511,0.9906,0.329096,0.762766,-0.221976,0.9886,0.342805,0.741681,0.162845,0.1637,0.196886,0.918516,-0.191934,0.9699,0.223624,0.87623,0.053604,0.363,0.154523,0.933868,-0.223348,0.9498,0.186312,0.887747,0.05506,0.4941,0.147809,0.922097,-0.197851,0.9416,0.182507,0.885578,0.030021,0.5005,0.163115,0.918323,-0.181139,0.9291,0.192575,0.883281,0.040125,0.4904,0.623339,0.164098,-0.092416,0.9886,0.617493,0.194715,0.093729,0.9848,0.768567,0.511876,-0.061001,0.9748,0.750447,0.509719,0.101127,0.219,0.916241,0.837321,-0.040531,0.9761,0.903533,0.827784,0.150895,0.4318,0.955701,0.884813,-0.0432,0.9742,0.934826,0.87227,0.149378,0.4451,0.824575,0.931695,-0.115339,0.969,0.807691,0.914893,0.09975,0.5358
adho_mukha_y107_0062,0.44409,0.597072,-0.030623,0.9784,0.432558,0.594535,-0.056793,0.9815,0.431436,0.592167,-0.056203,0.9826,0.430534,0.590144,-0.055993,0.9837,0.431439,0.594605,-0.021557,0.9823,0.429992,0.59305,-0.022477,0.9824,0.428578,0.591445,-0.022048,0.9835,0.428195,0.569777,-0.124098,0.9808,0.426904,0.569256,0.020141,0.9814,0.449968,0.583949,-0.049714,0.9762,0.449682,0.58489,-0.007784,0.9759,0.45759,0.531188,-0.168373,0.993,0.453854,0.509788,0.097869,0.9905,0.405973,0.625926,-0.267946,0.9861,0.402342,0.597434,0.170384,0.173,0.341408,0.705522,-0.264126,0.9777,0.350572,0.651798,0.06511,0.5157,0.332023,0.714204,-0.305474,0.9714,0.331408,0.658362,0.071455,0.6455,0.329611,0.703105,-0.279975,0.9662,0.331115,0.65996,0.040357,0.6525,0.331578,0.702374,-0.255633,0.9516,0.339089,0.659921,0.049062,0.6403,0.599468,0.350637,-0.102806,0.9943,0.588797,0.347368,0.103992,0.9932,0.687853,0.497222,-0.069154,0.9829,0.680316,0.49306,0.135958,0.2848,0.773579,0.65246,-0.035514,0.9614,0.75948,0.634234,0.182443,0.3277,0.79791,0.679468,-0.035767,0.9547,0.780296,0.655585,0.180928,0.3772,0.733025,0.712921,-0.0951,0.9626,0.716057,0.693946,0.138958,0.411
adho_mukha_y107_0063,0.518359,0.720654,-0.016874,1.0,0.538513,0.736129,-0.005877,1.0,0.540647,0.734782,-0.004834,1.0,0.542891,0.733078,-0.004773,1.0,0.539851,0.734784,-0.038217,1.0,0.542622,0.732876,-0.039106,1.0,0.545477,0.730745,-0.038432,1.0,0.566063,0.69129,0.064456,1.0,0.562516,0.695543,-0.098875,1.0,0.517414,0.688501,0.009971,0.9999,0.518765,0.68608,-0.034696,1.0,0.559846,0.553013,0.123452,0.9989,0.556092,0.569876,-0.140043,0.9998,0.638489,0.737565,0.18854,0.3515,0.639849,0.763225,-0.23862,0.9968,0.761815,0.857528,0.07326,0.4712,0.774574,0.90532,-0.173122,0.9918,0.796518,0.865506,0.072505,0.5202,0.814354,0.923712,-0.189733,0.9792,0.798707,0.866139,0.050249,0.5307,0.819502,0.917163,-0.167998,0.9736,0.786072,0.863713,0.065007,0.5083,0.805592,0.910928,-0.16637,0.9666,0.389954,0.134107,0.113474,0.9975,0.388764,0.133052,-0.112495,0.999,0.263791,0.463101,0.125132,0.166,0.255533,0.481713,-0.077801,0.9903,0.125054,0.790042,0.155003,0.3269,0.113954,0.810807,-0.058069,0.9854,0.082382,0.840785,0.150382,0.4444,0.073407,0.855724,-0.063313,0.9857,0.198953,0.90819,0.108925,0.5786,0.192275,0.918034,-0.12515,0.9817
adho_mukha_y107_0064,0.329521,0.682405,-0.028208,0.9967,0.317725,0.682523,-0.053483,0.9966,0.317687,0.681022,-0.052968,0.9966,0.317477,0.679177,-0.052656,0.9966,0.315943,0.680757,-0.019637,0.9969,0.313885,0.676905,-0.020527,0.9968,0.312452,0.674063,-0.019891,0.9969,0.318189,0.656507,-0.123115,0.9959,0.310461,0.64809,0.017699,0.9967,0.337039,0.667545,-0.048617,0.9963,0.335022,0.666311,-0.007459,0.9966,0.356778,0.611057,-0.174518,0.9976,0.338754,0.578986,0.106109,0.9966,0.30474,0.72646,-0.287581,0.9897,0.291646,0.687963,0.201952,0.1371,0.23192,0.821617,-0.279459,0.9824,0.230732,0.782296,0.102701,0.5147,0.216654,0.836121,-0.319957,0.9764,0.212987,0.793553,0.113304,0.678,0.211109,0.826935,-0.290785,0.9709,0.209618,0.800423,0.075343,0.6963,0.216317,0.821722,-0.268729,0.9575,0.218319,0.794277,0.085188,0.6909,0.527728,0.39758,-0.104867,0.9963,0.501162,0.406042,0.106037,0.9966,0.625556,0.602573,-0.04468,0.9869,0.590551,0.601813,0.165323,0.3125,0.71224,0.771285,0.009353,0.9889,0.686434,0.753146,0.245879,0.4828,0.739766,0.804617,0.009812,0.9851,0.706677,0.781223,0.24748,0.5158,0.664835,0.839055,-0.039226,0.9827,0.65246,0.818996,0.217791,0.6098
adho_mukha_y107_0065,0.59575,0.664552,-0.014264,0.9992,0.616758,0.678638,-0.006814,0.9991,0.618141,0.677598,-0.005826,0.9993,0.619641,0.675862,-0.005808,0.999,0.618616,0.676529,-0.038828,0.9989,0.621035,0.674374,-0.039678,0.9991,0.623386,0.671684,-0.038985,0.9989,0.633819,0.637885,0.048736,0.9985,0.632653,0.638653,-0.116014,0.999,0.583313,0.637674,0.009516,0.9985,0.586232,0.634368,-0.036458,0.9985,0.612199,0.514349,0.124708,0.9967,0.613762,0.551583,-0.16322,0.9994,0.683125,0.690301,0.229643,0.1442,0.69085,0.74636,-0.280832,0.9964,0.767625,0.812717,0.089455,0.5551,0.796541,0.920937,-0.234392,0.9941,0.801517,0.815095,0.103311,0.7967,0.8322,0.938512,-0.259035,0.9866,0.805263,0.822004,0.067909,0.8102,0.838336,0.921692,-0.226962,0.9895,0.793429,0.821789,0.076764,0.7959,0.826705,0.913997,-0.222203,0.9844,0.365467,0.1981,0.111209,0.998,0.348166,0.215051,-0.109912,0.9989,0.256274,0.504792,0.196497,0.192,0.240069,0.519254,-0.030175,0.9965,0.183281,0.781428,0.288212,0.4128,0.160155,0.819788,0.026713,0.9942,0.157657,0.828327,0.289965,0.6007,0.126687,0.879127,0.024405,0.9918,0.280033,0.8565,0.257938,0.7146,0.259048,0.898747,-0.030924,0.9948
adho_mukha_y107_0066,0.592081,0.786867,-0.090951,1.0,0.610109,0.789575,-0.081024,0.9997,0.611585,0.788271,-0.079922,0.9999,0.613284,0.786445,-0.079615,0.9997,0.611482,0.787272,-0.111163,0.9997,0.613681,0.784899,-0.111447,0.9999,0.6159,0.782186,-0.110753,0.9995,0.624863,0.759988,-0.019781,0.9999,0.6224,0.759984,-0.169485,0.9999,0.585901,0.770846,-0.066305,0.9997,0.587703,0.768192,-0.10682,0.9997,0.605535,0.688861,0.059978,0.9999,0.595086,0.700949,-0.221459,1.0,0.666822,0.795242,0.142937,0.2535,0.662057,0.809593,-0.337266,0.9952,0.739901,0.892095,0.062483,0.4725,0.754497,0.930269,-0.354724,0.9949,0.765705,0.899888,0.066991,0.5133,0.785973,0.943204,-0.383264,0.9883,0.769938,0.906558,0.041599,0.504,0.791941,0.940214,-0.358018,0.985,0.760732,0.90487,0.051308,0.505,0.780787,0.93668,-0.346223,0.9847,0.41204,0.487807,0.097062,1.0,0.412586,0.458426,-0.095594,0.9999,0.309017,0.688859,0.125538,0.9654,0.291093,0.259914,-0.094883,0.999,0.208016,0.871707,0.188814,0.9896,0.22064,0.054291,-0.045244,0.9933,0.172763,0.906528,0.187406,0.9937,0.222669,0.012722,-0.043263,0.9945,0.271203,0.957273,0.164213,0.9902,0.131019,0.070082,-0.103327,0.9893
adho_mukha_y107_0067,0.644118,0.663105,-0.00474,0.9989,0.658251,0.66768,0.003136,0.999,0.659296,0.666157,0.004181,0.999,0.660457,0.664175,0.003708,0.9991,0.659148,0.666408,-0.027744,0.999,0.660773,0.664044,-0.0285,0.9989,0.662541,0.661216,-0.027774,0.9989,0.670563,0.63163,0.069128,0.9992,0.672091,0.628158,-0.085514,0.999,0.638546,0.640507,0.01974,0.9969,0.639137,0.640373,-0.022395,0.9978,0.640347,0.509294,0.148575,0.9729,0.646448,0.509456,-0.158516,0.9935,0.64927,0.648035,0.233536,0.0556,0.681731,0.664585,-0.32614,0.8547,0.69723,0.724781,0.194113,0.0728,0.731744,0.744961,-0.372212,0.7592,0.714854,0.730646,0.208348,0.0946,0.741084,0.757512,-0.408986,0.7466,0.717818,0.730579,0.181652,0.0985,0.754523,0.751664,-0.393333,0.74,0.710079,0.732852,0.186135,0.1006,0.746371,0.746977,-0.372033,0.7202,0.504626,0.203611,0.111966,0.9991,0.495082,0.186632,-0.110493,0.9994,0.407104,0.45344,0.132703,0.1673,0.396154,0.46,-0.098831,0.9838,0.304727,0.703839,0.133969,0.1459,0.290458,0.718218,-0.097884,0.9821,0.273638,0.739618,0.124874,0.2409,0.260744,0.748044,-0.105063,0.9833,0.348112,0.810757,0.08012,0.2016,0.34618,0.830395,-0.188903,0.9667
adho_mukha_y107_0068,0.430252,0.792924,0.031692,0.9999,0.419137,0.795772,0.009752,1.0,0.418004,0.794241,0.010397,1.0,0.417014,0.792793,0.010425,1.0,0.418278,0.795411,0.042726,1.0,0.416693,0.793767,0.04208,1.0,0.415241,0.792385,0.042647,0.9999,0.408316,0.775528,-0.041757,1.0,0.405907,0.775191,0.095748,1.0,0.430421,0.776724,0.016904,0.9998,0.430805,0.776225,0.057351,0.9998,0.423524,0.728454,-0.108024,0.9999,0.420906,0.710968,0.168989,0.9998,0.361261,0.807805,-0.247657,0.9968,0.362779,0.782908,0.247499,0.3483,0.287688,0.863476,-0.248503,0.9888,0.308805,0.833144,0.147314,0.6541,0.26567,0.864804,-0.27594,0.9751,0.291426,0.834399,0.141726,0.7296,0.263368,0.86045,-0.251886,0.9686,0.289855,0.83514,0.11971,0.7164,0.270604,0.85982,-0.238778,0.9617,0.294743,0.836534,0.135558,0.7088,0.553141,0.545195,-0.094191,0.9998,0.540051,0.511725,0.095143,0.9998,0.631425,0.70207,-0.019094,0.9954,0.60085,0.338875,0.088097,0.9981,0.675909,0.827271,0.060301,0.9891,0.624547,0.160063,0.121454,0.9971,0.690291,0.848695,0.061598,0.9894,0.617926,0.143445,0.123422,0.9961,0.648405,0.881635,0.031137,0.9894,0.664917,0.094361,0.08217,0.9941
