image_id,left_knee_angle,right_knee_angle,left_elbow_angle,right_elbow_angle,left_shoulder_angle,right_shoulder_angle,left_hip_angle,right_hip_angle,left_arm_raise,right_arm_raise,knee_bent,knee_straight,elbow_bent,elbow_straight,arm_raise_high,arm_raise_low,hip_angle_min,hip_angle_max,arm_torso_min,arm_torso_max,hip_angle_vis,knee_angle_vis,elbow_angle_vis,arm_torso_vis,spine_tilt,spine_tilt_signed,neck_dev,shoulder_level,hip_level,thigh_level,hip_rise,head_drop,stance_width,frontality
bhujangasana_tf_0001,174.382,179.678,92.941,62.291,25.277,1.685,156.002,157.388,167.793,136.996,174.382,179.678,62.291,92.941,136.996,167.793,156.002,157.388,55.452,79.95,157.388,179.678,62.291,55.452,94.777,94.777,8.558,21.397,30.199,26.155,0.0833,0.1757,0.4275,0.6877
bhujangasana_tf_0002,174.316,175.983,96.051,67.46,29.447,4.381,155.031,162.436,174.405,139.706,174.316,175.983,67.46,96.051,139.706,174.405,155.031,162.436,58.002,84.591,162.436,175.983,67.46,58.002,93.498,93.498,4.283,17.703,18.651,25.155,0.061,0.1978,0.329,0.7112
bhujangasana_tf_0003,177.942,172.542,92.187,72.029,28.899,2.307,150.558,147.463,178.071,142.832,172.542,177.942,72.029,92.187,142.832,178.071,147.463,150.558,56.776,92.264,147.463,172.542,72.029,56.776,91.855,91.855,1.946,16.803,23.996,29.778,0.0324,0.2022,0.418,0.6586
bhujangasana_tf_0004,159.364,178.451,94.283,79.036,30.221,3.331,160.282,146.532,172.306,144.23,159.364,178.451,79.036,94.283,144.23,172.306,146.532,160.282,55.154,83.072,146.532,178.451,79.036,55.154,90.83,90.83,4.734,5.176,11.482,20.484,0.0145,0.1796,0.3097,0.7335
bhujangasana_tf_0005,153.472,179.903,98.415,77.614,31.758,4.638,160.569,146.08,176.178,145.963,153.472,179.903,77.614,98.415,145.963,176.178,146.08,160.569,56.969,86.089,146.08,179.903,77.614,56.969,90.358,90.358,10.502,6.463,9.871,19.341,0.0063,0.1371,0.3866,0.7876
bhujangasana_tf_0006,155.106,177.328,99.157,82.989,38.409,7.223,159.925,145.287,175.953,148.047,155.106,177.328,82.989,99.157,148.047,175.953,145.287,159.925,57.903,95.709,145.287,177.328,82.989,57.903,90.913,90.913,13.654,2.048,7.872,21.737,0.0159,0.1114,0.451,0.8123
bhujangasana_tf_0007,170.599,143.407,103.949,85.138,39.355,3.161,133.71,152.227,170.315,149.394,143.407,170.599,85.138,103.949,149.394,170.315,133.71,152.227,54.636,99.313,152.227,143.407,85.138,54.636,87.883,87.883,8.057,0.064,7.444,23.015,-0.0369,0.1348,0.5286,0.8642
bhujangasana_tf_0008,176.086,163.124,127.91,85.795,61.163,2.501,139.904,142.865,169.667,151.728,163.124,176.086,85.795,127.91,151.728,169.667,139.904,142.865,56.641,99.813,142.865,163.124,85.795,56.641,87.743,87.743,13.824,1.742,9.89,32.048,-0.0394,0.0602,0.5958,0.9751
bhujangasana_tf_0009,179.414,166.669,115.498,86.298,50.438,3.877,127.18,141.705,168.717,152.135,166.669,179.414,86.298,115.498,152.135,168.717,127.18,141.705,57.59,99.666,141.705,166.669,86.298,57.59,87.212,87.212,17.019,1.366,6.252,33.75,-0.0486,0.0313,0.7424,0.8591
bhujangasana_tf_0010,173.035,176.662,136.28,91.084,66.996,1.866,132.797,122.397,172.346,152.956,173.035,176.662,91.084,136.28,152.956,172.346,122.397,132.797,45.864,92.859,122.397,176.662,91.084,45.864,80.745,80.745,10.702,3.35,6.572,40.51,-0.1608,0.0846,0.5343,1.0042
bhujangasana_tf_0011,149.192,163.756,149.468,93.862,70.837,3.129,145.999,134.628,172.861,154.238,149.192,163.756,93.862,149.468,154.238,172.861,134.628,145.999,50.745,89.438,134.628,163.756,93.862,50.745,80.222,80.222,19.901,0.153,0.189,26.3,-0.1698,-0.0261,0.6713,1.0745
bhujangasana_tf_0012,174.795,173.464,152.091,96.365,71.177,8.677,118.363,109.794,171.898,154.884,173.464,174.795,96.365,152.091,154.884,171.898,109.794,118.363,37.756,87.236,109.794,173.464,96.365,37.756,73.167,73.167,19.917,6.319,2.371,43.078,-0.2896,-0.0971,0.6944,1.0652
bhujangasana_tf_0013,170.935,162.612,152.792,102.368,70.909,5.909,106.729,109.111,170.114,157.994,162.612,170.935,102.368,152.792,157.994,170.114,106.729,109.111,36.673,86.658,109.111,162.612,102.368,36.673,70.407,70.407,13.886,3.251,0.576,39.568,-0.3353,-0.0237,0.6047,1.1729
bhujangasana_tf_0014,166.595,124.846,160.117,108.483,82.219,6.984,100.795,131.995,168.568,160.908,124.846,166.595,108.483,160.117,160.908,168.568,100.795,131.995,46.543,95.073,131.995,124.846,108.483,46.543,77.685,77.685,23.906,8.397,6.598,23.64,-0.2133,-0.0699,0.8241,1.3552
bhujangasana_tf_0015,173.778,126.445,154.387,107.67,71.266,4.265,100.675,134.005,170.585,160.056,126.445,173.778,107.67,154.387,160.056,170.585,100.675,134.005,43.231,87.556,134.005,126.445,107.67,43.231,73.692,73.692,27.234,6.383,15.37,19.171,-0.2808,-0.116,1.0244,1.5569
bhujangasana_tf_0016,163.251,138.136,178.455,110.161,76.249,3.147,92.383,119.304,174.027,159.89,138.136,163.251,110.161,178.455,159.89,174.027,92.383,119.304,40.837,77.089,119.304,138.136,110.161,40.837,67.869,67.869,26.085,1.017,9.259,31.643,-0.3767,-0.0765,0.6341,1.38
bhujangasana_tf_0017,164.493,144.775,177.152,118.026,78.975,3.791,89.288,111.28,170.176,162.841,144.775,164.493,118.026,177.152,162.841,170.176,89.288,111.28,36.957,80.574,111.28,144.775,118.026,36.957,65.958,65.958,24.017,2.076,14.46,32.836,-0.4074,-0.0284,0.7949,1.6158
bhujangasana_tf_0018,122.05,178.786,169.937,113.828,67.169,21.541,54.639,67.3,167.504,161.694,122.05,178.786,113.828,169.937,161.694,167.504,54.639,67.3,14.67,73.068,67.3,122.05,113.828,14.67,53.444,53.444,12.211,3.483,11.548,55.677,-0.5956,-0.1777,1.085,1.8941
bhujangasana_tf_0019,169.054,175.836,175.962,121.616,76.387,13.264,86.595,70.848,165.819,164.308,169.054,175.836,121.616,175.962,164.308,165.819,70.848,86.595,17.464,78.77,86.595,169.054,121.616,17.464,56.336,56.336,9.551,6.936,27.797,52.308,-0.5543,-0.0912,0.9531,1.8555
bhujangasana_tf_0020,116.112,169.737,162.625,127.564,43.866,47.128,28.902,25.154,166.828,167.629,116.112,169.737,127.564,162.625,166.828,167.629,25.154,28.902,16.17,54.074,25.154,169.737,127.564,16.17,24.049,24.049,19.841,4.887,1.173,61.047,-0.9132,-0.0809,1.8529,1.8971
bhujangasana_tf_0021,148.622,159.306,179.339,128.234,62.151,33.117,56.219,26.175,166.893,166.982,148.622,159.306,128.234,179.339,166.893,166.982,26.175,56.219,2.297,62.524,26.175,159.306,128.234,2.297,35.403,35.403,3.979,0.083,7.702,74.545,-0.8151,-0.1072,0.9847,1.6506
bhujangasana_tf_0022,120.721,125.087,171.447,134.833,48.853,39.864,41.285,0.485,169.314,167.652,120.721,125.087,134.833,171.447,167.652,169.314,0.485,41.285,14.138,53.911,0.485,125.087,134.833,14.138,28.63,28.63,8.041,7.333,6.941,87.725,-0.8777,-0.0549,1.0175,1.8247
bhujangasana_tf_0023,133.207,179.457,174.574,130.006,45.697,51.376,35.505,17.597,167.89,168.874,133.207,179.457,130.006,174.574,167.89,168.874,17.597,35.505,21.993,48.867,35.505,133.207,130.006,21.993,18.207,18.207,17.855,2.765,5.954,61.535,-0.9499,-0.0194,1.1001,2.0154
bhujangasana_tf_0024,146.706,139.923,172.787,141.962,58.217,46.082,54.899,4.677,166.865,170.063,139.923,146.706,141.962,172.787,166.865,170.063,4.677,54.899,24.361,62.363,4.677,146.706,141.962,24.361,28.93,28.93,4.624,4.145,3.022,80.253,-0.8752,-0.0531,1.2282,2.5787
bhujangasana_tf_0025,154.363,171.425,174.103,138.293,47.25,50.849,43.319,19.341,167.382,168.805,154.363,171.425,138.293,174.103,167.382,168.805,19.341,43.319,27.242,50.51,43.319,154.363,138.293,27.242,16.049,16.049,11.488,2.486,3.799,54.612,-0.961,-0.0289,1.2,2.0354
bhujangasana_tf_0026,130.947,167.773,173.97,146.573,46.016,46.929,35.867,14.102,169.845,169.052,130.947,167.773,146.573,173.97,169.052,169.845,14.102,35.867,28.083,49.41,14.102,167.773,146.573,28.083,18.548,18.548,0.646,3.506,6.728,58.762,-0.9481,-0.0257,1.0842,2.2766
bhujangasana_tf_0027,144.922,175.986,173.577,150.044,43.606,48.898,47.272,2.482,170.284,170.286,144.922,175.986,150.044,173.577,170.284,170.286,2.482,47.272,31.467,47.248,2.482,175.986,150.044,31.467,13.15,13.15,6.081,3.398,1.665,65.765,-0.9738,-0.0075,0.9529,2.2368
bhujangasana_tf_0028,149.904,175.927,176.334,147.537,55.477,55.625,62.41,2.548,168.673,170.439,149.904,175.927,147.537,176.334,168.673,170.439,2.548,62.41,35.889,57.74,2.548,175.927,147.537,35.889,17.992,17.992,1.737,2.514,0.574,66.22,-0.9511,-0.0447,1.223,2.9649
bhujangasana_tf_0029,150.295,174.39,173.987,155.887,46.031,51.234,57.64,5.141,170.769,170.788,150.295,174.39,155.887,173.987,170.769,170.788,5.141,57.64,37.54,49.436,5.141,174.39,155.887,37.54,11.845,11.845,5.717,2.793,1.243,56.531,-0.9787,-0.1111,1.0802,2.701
bhujangasana_tf_0030,138.121,170.919,177.324,162.326,48.17,39.934,41.439,11.375,169.595,172.657,138.121,170.919,162.326,177.324,169.595,172.657,11.375,41.439,30.693,49.605,11.375,170.919,162.326,30.693,11.781,11.781,6.605,1.606,0.742,55.275,-0.9789,-0.1246,1.1505,2.4053
bhujangasana_tf_0031,173.283,178.218,179.704,161.174,46.88,43.681,66.442,11.175,171.24,170.897,173.283,178.218,161.174,179.704,170.897,171.24,11.175,66.442,33.144,47.05,11.175,178.218,161.174,33.144,10.733,10.733,1.779,1.956,1.196,54.784,-0.9825,0.0084,1.1783,2.3538
bhujangasana_tf_0032,169.1,146.288,174.97,160.57,48.816,42.336,57.989,46.587,169.676,171.248,146.288,169.1,160.57,174.97,169.676,171.248,46.587,57.989,31.694,46.155,46.587,146.288,160.57,31.694,10.889,10.889,2.265,2.217,3.698,20.471,-0.982,-0.0446,1.4202,2.1451
bhujangasana_tf_0033,162.571,98.12,175.988,165.518,42.492,40.361,57.382,37.551,169.842,171.278,98.12,162.571,165.518,175.988,169.842,171.278,37.551,57.382,32.467,40.378,37.551,98.12,165.518,32.467,5.712,5.712,6.576,2.85,0.66,28.703,-0.995,-0.0162,0.7346,2.0201
bhujangasana_tf_0034,132.118,156.99,171.224,165.004,41.943,40.513,29.379,34.531,172.606,169.604,132.118,156.99,165.004,171.224,169.604,172.606,29.379,34.531,32.778,37.171,34.531,156.99,171.224,37.171,5.46,5.46,3.192,3.308,2.968,77.851,-0.9955,-0.0422,0.4642,1.9018
bhujangasana_tf_0035,126.093,160.907,168.728,168.342,46.094,39.444,18.957,35.225,171.801,171.212,126.093,160.907,168.342,168.728,171.212,171.801,18.957,35.225,33.018,39.644,18.957,126.093,168.728,39.644,4.868,4.868,2.631,1.142,1.401,77.511,-0.9964,-0.0839,0.6626,2.0372
bhujangasana_tf_0036,158.221,176.679,174.251,170.351,40.7,40.998,40.233,39.506,172.633,170.803,158.221,176.679,170.351,174.251,170.803,172.633,39.506,40.233,35.746,37.412,39.506,176.679,174.251,37.412,3.811,3.811,4.418,2.285,1.203,77.044,-0.9978,0.019,0.4147,2.03
bhujangasana_tf_0037,172.618,167.042,175.925,167.9,41.465,45.2,50.538,51.872,171.605,170.925,167.042,172.618,167.9,175.925,170.925,171.605,50.538,51.872,38.679,39.245,51.872,167.042,175.925,39.245,2.104,2.104,0.424,1.549,0.906,67.732,-0.9993,-0.0125,0.515,2.2053
bhujangasana_tf_0038,151.965,166.013,169.281,168.081,43.439,48.115,45.026,38.429,171.9,169.933,151.965,166.013,168.081,169.281,169.933,171.9,38.429,45.026,37.696,41.507,38.429,151.965,169.281,37.696,0.279,0.279,0.798,0.908,3.569,74.57,-1.0,0.022,0.4054,2.09
bhujangasana_tf_0039,132.355,156.806,164.08,170.625,46.752,50.092,25.76,75.249,171.351,169.933,132.355,156.806,164.08,170.625,169.933,171.351,25.76,75.249,38.248,44.867,75.249,132.355,164.08,38.248,2.837,-2.837,2.906,1.779,1.484,49.551,-0.9988,0.0265,0.5523,2.2211
bhujangasana_tf_0040,120.104,178.509,161.836,170.184,45.298,45.589,11.392,36.688,171.319,170.235,120.104,178.509,161.836,170.184,170.235,171.319,11.392,36.688,35.328,40.098,36.688,120.104,161.836,35.328,1.982,-1.982,0.086,0.734,0.05,74.745,-0.9994,0.0807,0.7379,2.1006
bhujangasana_tf_0041,148.972,174.129,161.763,175.485,42.812,46.415,23.266,52.106,171.371,170.107,148.972,174.129,161.763,175.485,170.107,171.371,23.266,52.106,32.695,43.835,52.106,174.129,161.763,32.695,6.885,-6.885,1.711,1.122,4.194,71.836,-0.9928,0.0137,0.4316,2.0184
bhujangasana_tf_0042,130.956,176.017,157.225,175.486,51.662,45.791,13.41,50.555,171.342,170.274,130.956,176.017,157.225,175.486,170.274,171.342,13.41,50.555,38.527,43.297,50.555,176.017,157.225,38.527,4.653,-4.653,2.765,1.952,10.429,73.016,-0.9967,0.0255,0.7129,2.3104
bhujangasana_tf_0043,120.022,179.388,163.632,177.882,49.011,47.188,15.47,50.804,171.706,168.665,120.022,179.388,163.632,177.882,168.665,171.706,15.47,50.804,40.076,45.998,50.804,179.388,177.882,45.998,3.724,-3.724,7.716,0.816,6.674,73.688,-0.9979,-0.0496,0.6461,2.3567
bhujangasana_tf_0044,145.676,146.588,153.218,172.689,46.941,46.838,11.989,24.244,171.125,169.67,145.676,146.588,153.218,172.689,169.67,171.125,11.989,24.244,31.941,42.979,24.244,146.588,153.218,31.941,7.913,-7.913,8.976,1.138,9.27,78.922,-0.9905,-0.0426,0.8722,2.035
bhujangasana_tf_0045,131.094,156.451,155.176,177.813,45.885,43.693,9.072,36.233,170.17,170.578,131.094,156.451,155.176,177.813,170.17,170.578,9.072,36.233,32.232,42.557,36.233,156.451,177.813,42.557,9.961,-9.961,4.399,0.746,14.314,76.67,-0.9849,-0.0362,0.6429,1.9769
bhujangasana_tf_0046,148.588,171.747,147.137,175.203,55.579,53.539,3.557,65.194,170.364,170.757,148.588,171.747,147.137,175.203,170.364,170.757,3.557,65.194,36.007,50.78,65.194,171.747,147.137,36.007,16.251,-16.251,1.968,1.575,10.492,66.343,-0.96,-0.1134,0.9278,2.4616
bhujangasana_tf_0047,137.298,168.578,150.118,178.587,47.545,52.04,3.417,69.464,172.747,170.922,137.298,168.578,150.118,178.587,170.922,172.747,3.417,69.464,30.554,51.151,69.464,168.578,150.118,30.554,18.189,-18.189,8.323,1.818,9.54,62.609,-0.95,-0.0777,0.8943,2.4395
bhujangasana_tf_0048,140.051,168.873,143.969,171.288,49.816,59.302,5.585,73.713,173.977,170.341,140.051,168.873,143.969,171.288,170.341,173.977,5.585,73.713,27.99,54.121,73.713,168.873,143.969,27.99,24.592,-24.592,1.428,4.393,11.973,60.748,-0.9093,-0.1478,0.8263,2.5591
bhujangasana_tf_0049,140.111,164.179,138.973,176.131,53.413,59.807,17.218,79.948,171.087,169.295,140.111,164.179,138.973,176.131,169.295,171.087,17.218,79.948,29.189,57.601,17.218,140.111,138.973,29.189,26.019,-26.019,1.565,1.351,14.036,52.507,-0.8986,-0.1621,1.0653,2.5588
bhujangasana_tf_0050,169.532,171.647,143.371,169.761,50.401,66.192,7.127,71.904,173.969,168.32,169.532,171.647,143.371,169.761,168.32,173.969,7.127,71.904,28.115,60.262,71.904,171.647,143.371,28.115,29.784,-29.784,2.149,4.344,10.678,66.678,-0.8679,-0.2449,1.3395,2.8596
bhujangasana_tf_0051,153.879,173.66,143.284,178.198,52.132,58.051,4.744,75.938,174.388,169.266,153.879,173.66,143.284,178.198,169.266,174.388,4.744,75.938,29.764,59.16,75.938,153.879,143.284,29.764,28.41,-28.41,9.326,4.653,9.146,61.104,-0.8796,-0.1569,1.4742,2.8873
bhujangasana_tf_0052,160.433,167.327,142.458,174.432,46.626,62.824,18.505,75.773,170.939,167.177,160.433,167.327,142.458,174.432,167.177,170.939,18.505,75.773,26.087,65.917,18.505,160.433,142.458,26.087,32.162,-32.162,5.625,0.478,12.241,54.469,-0.8465,-0.1698,1.5113,2.721
bhujangasana_tf_0053,133.309,141.813,142.057,175.178,50.084,63.317,17.163,58.674,171.723,167.266,133.309,141.813,142.057,175.178,167.266,171.723,17.163,58.674,29.142,65.972,17.163,133.309,142.057,29.142,30.321,-30.321,5.937,2.525,15.48,51.973,-0.8632,-0.2567,1.4151,2.8049
bhujangasana_tf_0054,131.396,120.859,142.561,179.496,35.635,54.34,24.906,41.193,171.219,168.019,120.859,131.396,142.561,179.496,168.019,171.219,24.906,41.193,15.347,54.622,41.193,120.859,142.561,15.347,28.167,-28.167,9.06,3.789,17.826,58.529,-0.8816,-0.1596,0.946,2.0761
bhujangasana_tf_0055,138.257,104.303,139.149,178.902,43.685,50.298,21.942,18.164,171.31,167.492,104.303,138.257,139.149,178.902,167.492,171.31,18.164,21.942,20.711,50.869,18.164,138.257,139.149,20.711,21.443,-21.443,16.182,2.56,16.393,56.037,-0.9308,-0.1943,1.4097,2.0419
bhujangasana_tf_0056,178.259,54.656,130.321,172.986,32.234,50.968,43.009,1.245,163.259,164.441,54.656,178.259,130.321,172.986,163.259,164.441,1.245,43.009,7.738,54.867,1.245,54.656,130.321,7.738,29.364,-29.364,0.79,5.523,13.317,49.446,-0.8715,-0.249,1.8892,1.7251
bhujangasana_tf_0057,168.89,52.196,135.305,171.929,36.336,55.17,35.411,1.817,166.87,164.951,52.196,168.89,135.305,171.929,164.951,166.87,1.817,35.411,13.69,59.672,1.817,52.196,135.305,13.69,30.961,-30.961,5.587,0.116,18.218,47.194,-0.8575,-0.2621,2.5668,2.1928
bhujangasana_tf_0058,139.678,46.98,131.882,173.39,28.079,53.095,50.227,2.233,165.439,165.753,46.98,139.678,131.882,173.39,165.439,165.753,2.233,50.227,4.631,56.645,2.233,46.98,131.882,4.631,32.319,-32.319,6.745,3.4,18.043,45.369,-0.8451,-0.1811,2.1091,1.7708
bhujangasana_tf_0059,151.592,156.614,128.508,168.457,38.09,45.428,40.966,140.131,169.774,165.159,151.592,156.614,128.508,168.457,165.159,169.774,40.966,140.131,9.515,51.042,140.131,156.614,128.508,9.515,23.689,-23.689,14.588,3.958,23.328,13.93,-0.9157,-0.1807,1.7426,1.3571
bhujangasana_tf_0060,167.3,155.513,127.412,164.905,27.937,46.413,56.931,46.27,166.108,165.938,155.513,167.3,127.412,164.905,165.938,166.108,46.27,56.931,0.665,53.81,56.931,167.3,127.412,0.665,30.39,-30.39,6.798,3.54,23.716,46.296,-0.8626,-0.1405,1.0468,1.2099
bhujangasana_tf_0061,164.901,142.037,125.824,168.93,25.033,54.371,54.669,26.353,166.232,163.907,142.037,164.901,125.824,168.93,163.907,166.232,26.353,54.669,2.521,59.501,54.669,164.901,125.824,2.521,33.967,-33.967,5.046,6.861,15.134,51.62,-0.8294,-0.2551,1.5635,1.2118
bhujangasana_tf_0062,179.518,139.297,124.508,171.844,24.257,57.417,57.787,34.983,166.851,162.683,139.297,179.518,124.508,171.844,162.683,166.851,34.983,57.787,3.338,61.434,57.787,179.518,124.508,3.338,34.364,-34.364,5.7,3.051,17.862,48.701,-0.8255,-0.2733,1.6158,1.2799
bhujangasana_tf_0063,172.417,157.329,123.861,175.211,23.702,58.774,59.526,60.705,167.444,164.999,157.329,172.417,123.861,175.211,164.999,167.444,59.526,60.705,3.193,61.29,59.526,172.417,123.861,3.193,35.443,-35.443,5.307,2.386,15.275,46.223,-0.8147,-0.2371,1.2214,1.3058
bhujangasana_tf_0064,162.373,163.803,122.975,173.713,25.363,58.323,69.725,64.843,167.247,165.995,162.373,163.803,122.975,173.713,165.995,167.247,64.843,69.725,4.141,54.924,69.725,162.373,122.975,4.141,31.854,-31.854,13.145,7.587,9.114,37.169,-0.8494,-0.1442,0.8802,1.0817
bhujangasana_tf_0065,151.554,178.894,123.792,156.75,26.555,42.304,61.951,80.96,172.35,166.284,151.554,178.894,123.792,156.75,166.284,172.35,61.951,80.96,2.775,54.923,61.951,151.554,123.792,2.775,28.709,-28.709,16.929,2.509,5.704,38.474,-0.8771,-0.1728,0.806,1.0868
bhujangasana_tf_0066,157.383,160.024,125.101,152.53,23.53,39.306,71.127,75.03,171.115,168.314,157.383,160.024,125.101,152.53,168.314,171.115,71.127,75.03,5.226,53.986,71.127,157.383,125.101,5.226,31.155,-31.155,16.469,5.605,1.863,32.985,-0.8558,-0.1622,0.7282,1.1133
bhujangasana_tf_0067,152.631,169.136,124.051,160.933,28.776,39.562,65.111,71.546,171.571,166.481,152.631,169.136,124.051,160.933,166.481,171.571,65.111,71.546,0.312,50.157,65.111,152.631,124.051,0.312,24.67,-24.67,22.124,2.295,6.349,33.006,-0.9087,-0.1977,1.0212,1.0798
bhujangasana_tf_0068,172.132,138.49,123.055,155.427,30.656,38.781,51.334,62.557,171.488,166.965,138.49,172.132,123.055,155.427,166.965,171.488,51.334,62.557,1.728,52.152,51.334,172.132,123.055,1.728,25.778,-25.778,19.504,3.367,2.231,45.45,-0.9005,-0.2588,1.2196,1.1622
bhujangasana_tf_0069,168.455,140.977,120.495,150.649,28.541,33.436,66.245,61.924,169.304,168.681,140.977,168.455,120.495,150.649,168.681,169.304,61.924,66.245,2.321,48.66,66.245,168.455,120.495,2.321,27.555,-27.555,18.884,9.285,0.379,36.772,-0.8866,-0.1885,1.1761,1.0417
bhujangasana_tf_0070,177.166,137.228,119.185,152.462,30.825,35.057,59.494,58.394,171.353,167.51,137.228,177.166,119.185,152.462,167.51,171.353,58.394,59.494,1.359,50.487,59.494,177.166,119.185,1.359,26.875,-26.875,19.477,7.525,1.575,40.512,-0.892,-0.2467,1.1129,1.15
bhujangasana_tf_0071,172.862,148.511,117.08,146.503,30.406,31.863,67.633,69.322,169.242,167.661,148.511,172.862,117.08,146.503,167.661,169.242,67.633,69.322,1.406,50.122,67.633,172.862,117.08,1.406,27.166,-27.166,18.001,6.232,0.477,34.531,-0.8897,-0.2136,0.9772,1.0089
bhujangasana_tf_0072,155.295,93.105,108.229,148.408,27.562,36.82,58.554,24.005,164.25,168.629,93.105,155.295,108.229,148.408,164.25,168.629,24.005,58.554,5.919,54.067,58.554,155.295,108.229,5.919,34.086,-34.086,7.062,9.683,7.211,53.114,-0.8282,-0.3034,1.2982,0.9574
bhujangasana_tf_0073,150.44,162.339,116.849,152.682,26.717,38.104,85.215,84.376,172.735,169.782,150.44,162.339,116.849,152.682,169.782,172.735,84.376,85.215,5.44,51.941,85.215,150.44,116.849,5.44,30.031,-30.031,17.363,5.828,1.564,17.491,-0.8658,-0.2622,0.9575,1.1299
bhujangasana_tf_0074,167.307,160.502,108.766,145.319,24.54,40.507,85.63,90.496,162.471,168.156,160.502,167.307,108.766,145.319,162.471,168.156,85.63,90.496,6.955,58.191,85.63,167.307,108.766,6.955,37.368,-37.368,4.308,10.048,14.462,28.854,-0.7948,-0.3141,0.4071,0.8815
bhujangasana_tf_0075,165.557,171.574,111.183,151.262,21.613,46.791,94.656,99.558,168.098,170.19,165.557,171.574,111.183,151.262,168.098,170.19,94.656,99.558,10.887,61.411,94.656,165.557,111.183,10.887,40.872,-40.872,6.318,7.439,8.215,18.132,-0.7562,-0.2793,0.693,1.0779
bhujangasana_tf_0076,161.4,168.079,107.246,152.685,18.781,46.831,102.818,94.526,164.895,169.081,161.4,168.079,107.246,152.685,164.895,169.081,94.526,102.818,15.461,61.293,102.818,161.4,107.246,15.461,42.404,-42.404,2.78,9.789,12.969,17.747,-0.7384,-0.3079,0.7145,0.9018
bhujangasana_tf_0077,159.144,177.585,114.878,146.823,20.093,41.946,92.233,97.951,172.608,169.66,159.144,177.585,114.878,146.823,169.66,172.608,92.233,97.951,12.206,58.238,92.233,159.144,114.878,12.206,36.499,-36.499,11.307,3.982,4.999,17.365,-0.8039,-0.306,0.851,1.0304
bhujangasana_tf_0078,163.058,179.487,109.011,138.192,13.691,42.975,105.264,112.215,168.148,170.546,163.058,179.487,109.011,138.192,168.148,170.546,105.264,112.215,20.372,63.256,105.264,163.058,109.011,20.372,44.952,-44.952,0.095,5.695,16.235,16.959,-0.7077,-0.2629,0.5359,0.7966
bhujangasana_tf_0079,158.708,171.724,107.759,142.628,10.875,49.35,106.789,109.493,168.541,169.221,158.708,171.724,107.759,142.628,168.541,169.221,106.789,109.493,22.926,67.641,106.789,158.708,107.759,22.926,47.179,-47.179,0.163,3.968,31.746,17.596,-0.6797,-0.2537,0.4716,0.7036
bhujangasana_tf_0080,158.459,173.353,105.617,143.958,11.153,47.194,111.318,107.77,167.1,171.53,158.459,173.353,105.617,143.958,167.1,171.53,107.77,111.318,23.124,63.61,111.318,158.459,105.617,23.124,47.102,-47.102,0.325,5.666,20.297,14.706,-0.6807,-0.2545,0.6139,0.7067
bhujangasana_tf_0081,179.252,173.223,110.769,145.386,0.059,53.115,111.602,121.425,167.451,170.496,173.223,179.252,110.769,145.386,167.451,170.496,111.602,121.425,33.382,70.524,111.602,179.252,110.769,33.382,54.686,-54.686,4.667,7.68,25.71,24.329,-0.5781,-0.1813,0.3817,0.6472
bhujangasana_tf_0082,174.092,169.66,98.52,146.24,11.251,45.747,107.872,112.136,167.43,172.92,169.66,174.092,98.52,146.24,167.43,172.92,107.872,112.136,27.3,62.944,107.872,174.092,98.52,27.3,49.025,-49.025,1.202,8.646,25.067,21.999,-0.6557,-0.2025,0.4447,0.6513
bhujangasana_tf_0083,166.787,165.887,103.333,146.246,3.784,50.138,119.127,121.307,165.221,173.154,165.887,166.787,103.333,146.246,165.221,173.154,119.127,121.307,31.558,66.917,119.127,166.787,103.333,31.558,54.136,-54.136,4.704,7.626,25.265,17.211,-0.5859,-0.2045,0.2539,0.6005
bhujangasana_tf_0084,176.009,173.495,105.233,142.434,1.828,46.845,122.777,126.849,167.07,175.128,173.495,176.009,105.233,142.434,167.07,175.128,122.777,126.849,37.527,66.312,122.777,176.009,105.233,37.527,56.601,-56.601,3.134,3.841,11.843,17.681,-0.5505,-0.177,0.3562,0.6351
bhujangasana_tf_0085,176.298,172.67,101.837,134.74,0.269,45.031,122.394,132.869,165.689,178.353,172.67,176.298,101.837,134.74,165.689,178.353,122.394,132.869,35.992,66.37,122.394,176.298,101.837,35.992,58.337,-58.337,2.608,2.286,23.276,17.909,-0.5249,-0.1292,0.2887,0.5957
bhujangasana_tf_0086,171.837,177.839,99.801,122.084,2.237,32.603,130.638,138.631,166.136,177.818,171.837,177.839,99.801,122.084,166.136,177.818,130.638,138.631,40.828,63.848,130.638,171.837,99.801,40.828,61.081,-61.081,3.903,5.409,20.708,14.054,-0.4836,-0.1387,0.2988,0.5945
bhujangasana_tf_0087,179.565,176.48,99.483,120.733,1.739,34.41,128.682,144.517,164.229,175.843,176.48,179.565,99.483,120.733,164.229,175.843,128.682,144.517,40.121,64.188,128.682,179.565,99.483,40.121,62.841,-62.841,7.265,3.98,23.422,13.828,-0.4565,-0.1338,0.2804,0.5996
bhujangasana_tf_0088,176.698,179.148,93.842,122.253,0.629,31.563,134.669,145.268,161.628,169.229,176.698,179.148,93.842,122.253,161.628,169.229,134.669,145.268,41.337,59.126,134.669,176.698,93.842,41.337,65.495,-65.495,8.925,6.891,24.35,14.629,-0.4148,-0.1035,0.2367,0.5808
bhujangasana_tf_0089,176.874,178.171,91.316,119.77,2.914,29.687,137.022,144.084,163.833,168.037,176.874,178.171,91.316,119.77,163.833,168.037,137.022,144.084,45.612,57.853,137.022,176.874,91.316,45.612,66.334,-66.334,7.395,9.288,23.669,14.757,-0.4014,-0.1076,0.2607,0.5556
bhujangasana_tf_0090,179.143,177.852,93.432,114.309,3.559,26.95,138.811,145.812,161.66,167.131,177.852,179.143,93.432,114.309,161.66,167.131,138.811,145.812,44.943,56.414,138.811,179.143,93.432,44.943,66.668,-66.668,6.189,8.122,15.167,13.471,-0.3961,-0.0911,0.1976,0.5347
bhujangasana_tf_0091,179.847,176.088,87.325,116.62,1.814,25.812,141.847,145.167,158.677,164.146,176.088,179.847,87.325,116.62,158.677,164.146,141.847,145.167,44.72,54.605,141.847,179.847,87.325,44.72,68.486,-68.486,8.565,8.034,13.31,14.196,-0.3667,-0.0872,0.2413,0.4901
bhujangasana_tf_0092,177.585,178.882,85.281,112.717,1.278,21.689,140.944,148.008,159.009,161.988,177.585,178.882,85.281,112.717,159.009,161.988,140.944,148.008,43.47,52.832,140.944,177.585,85.281,43.47,67.994,-67.994,5.986,7.955,20.167,12.837,-0.3747,-0.0731,0.2201,0.4885
bhujangasana_tf_0093,172.563,179.403,83.329,108.265,0.097,24.033,146.758,148.356,156.734,166.209,172.563,179.403,83.329,108.265,156.734,166.209,146.758,148.356,44.614,56.909,146.758,172.563,83.329,44.614,69.403,-69.403,6.522,12.598,18.577,11.122,-0.3518,-0.0746,0.1941,0.415
bhujangasana_tf_0094,176.057,179.481,79.101,105.865,1.489,25.406,147.948,149.966,152.691,168.591,176.057,179.481,79.101,105.865,152.691,168.591,147.948,149.966,42.898,60.885,147.948,176.057,79.101,42.898,71.326,-71.326,7.916,19.297,29.533,12.26,-0.3202,-0.0608,0.1812,0.3523
bhujangasana_tf_0095,177.225,179.555,76.886,107.406,0.739,26.563,147.498,152.988,152.545,169.953,177.225,179.555,76.886,107.406,152.545,169.953,147.498,152.988,45.28,63.914,147.498,177.225,76.886,45.28,73.386,-73.386,5.611,24.505,34.083,10.974,-0.2859,-0.032,0.1817,0.3438
bhujangasana_tf_0096,176.011,175.564,81.569,103.139,3.061,18.181,146.582,153.168,151.054,164.305,175.564,176.011,81.569,103.139,151.054,164.305,146.582,153.168,40.067,58.082,146.582,176.011,81.569,40.067,71.526,-71.526,2.628,5.906,20.404,10.608,-0.3169,-0.0178,0.207,0.3459
bhujangasana_tf_0097,176.249,179.178,75.442,96.609,2.422,16.358,148.384,154.521,150.441,162.799,176.249,179.178,75.442,96.609,150.441,162.799,148.384,154.521,42.739,58.247,148.384,176.249,75.442,42.739,73.985,-73.985,5.505,11.557,23.809,10.926,-0.2759,-0.0234,0.1789,0.346
bhujangasana_tf_0098,173.365,179.835,71.073,96.697,4.305,12.414,149.611,155.674,148.282,163.449,173.365,179.835,71.073,96.697,148.282,163.449,149.611,155.674,42.223,59.323,149.611,173.365,71.073,42.223,74.958,-74.958,8.243,18.389,28.475,10.2,-0.2595,-0.055,0.2359,0.3243
bhujangasana_tf_0099,177.773,174.983,70.906,95.255,4.356,17.049,152.835,156.865,146.803,162.223,174.983,177.773,70.906,95.255,146.803,162.223,152.835,156.865,41.982,59.044,152.835,177.773,70.906,41.982,76.044,-76.044,7.989,18.265,27.719,9.956,-0.2412,-0.0366,0.2619,0.3247
bhujangasana_tf_0100,176.018,173.348,70.787,101.901,5.06,11.901,153.31,157.214,142.762,161.225,173.348,176.018,70.787,101.901,142.762,161.225,153.31,157.214,39.716,57.469,153.31,176.018,70.787,39.716,76.587,-76.587,6.004,31.075,33.432,9.031,-0.232,-0.0256,0.2446,0.2811
bhujangasana_tf_0101,178.865,172.617,67.308,91.153,4.502,8.648,156.997,160.076,144.794,162.373,172.617,178.865,67.308,91.153,144.794,162.373,156.997,160.076,42.366,59.129,156.997,178.865,67.308,42.366,77.142,-77.142,5.679,27.971,31.924,6.679,-0.2225,-0.0218,0.2368,0.3276
bhujangasana_tf_0102,179.789,171.48,66.585,81.579,4.563,4.727,158.563,162.05,143.825,159.893,171.48,179.789,66.585,81.579,143.825,159.893,158.563,162.05,41.727,58.453,158.563,179.789,66.585,41.727,78.248,-78.248,6.261,19.412,26.69,6.51,-0.2037,-0.0159,0.2468,0.2946
bhujangasana_tf_0103,177.825,176.719,63.305,84.958,6.389,7.449,158.842,162.589,143.234,160.459,176.719,177.825,63.305,84.958,143.234,160.459,158.842,162.589,40.863,59.786,158.842,177.825,63.305,40.863,78.525,-78.525,6.228,16.437,27.731,6.738,-0.1989,-0.0042,0.2041,0.3046
bhujangasana_tf_0104,179.573,176.992,64.868,82.228,7.514,3.777,157.751,161.418,141.696,158.916,176.992,179.573,64.868,82.228,141.696,158.916,157.751,161.418,39.166,58.16,157.751,179.573,64.868,39.166,78.391,-78.391,4.429,15.484,25.353,7.826,-0.2012,0.0071,0.2441,0.281
bhujangasana_tf_0105,179.793,175.089,59.693,76.846,8.362,3.907,159.8,163.462,143.903,160.832,175.089,179.793,59.693,76.846,143.903,160.832,159.8,163.462,41.973,60.091,159.8,179.793,59.693,41.973,78.698,-78.698,2.625,15.236,23.018,5.797,-0.196,0.0276,0.2713,0.3212
bhujangasana_tf_0106,175.555,178.692,60.06,72.323,8.836,2.704,161.38,166.078,140.02,157.364,175.555,178.692,60.06,72.323,140.02,157.364,161.38,166.078,39.517,58.083,161.38,175.555,60.06,39.517,80.142,-80.142,4.571,17.669,28.132,4.641,-0.1712,0.0189,0.2008,0.3028
bhujangasana_tf_0107,177.946,175.309,59.401,77.775,8.9,2.222,165.349,167.582,139.499,156.537,175.309,177.946,59.401,77.775,139.499,156.537,165.349,167.582,40.477,57.088,165.349,177.946,59.401,40.477,80.755,-80.755,2.497,24.044,28.029,2.969,-0.1606,0.0559,0.2064,0.2942
bhujangasana_tf_0108,179.719,178.35,57.686,66.486,11.666,0.113,162.286,165.301,139.369,157.836,178.35,179.719,57.686,66.486,139.369,157.836,162.286,165.301,38.605,57.81,162.286,179.719,57.686,38.605,79.622,-79.622,0.655,17.024,24.13,4.672,-0.1801,0.0459,0.2241,0.2789
bhujangasana_tf_0109,177.375,174.351,53.472,52.698,12.497,13.584,164.858,168.628,135.768,156.318,174.351,177.375,52.698,53.472,135.768,156.318,164.858,168.628,38.341,58.059,164.858,177.375,53.472,38.341,82.146,-82.146,5.252,24.733,24.952,3.112,-0.1366,0.0383,0.2952,0.2543
bhujangasana_tf_0110,175.984,177.617,54.073,53.386,13.654,12.936,164.092,167.306,136.736,155.701,175.984,177.617,53.386,54.073,136.736,155.701,164.092,167.306,38.463,57.532,164.092,175.984,54.073,38.463,81.781,-81.781,1.973,18.15,22.541,4.525,-0.143,0.0576,0.274,0.2687
bhujangasana_tf_0111,175.19,179.404,54.294,54.228,15.3,8.825,162.663,168.384,138.404,154.614,175.19,179.404,54.228,54.294,138.404,154.614,162.663,168.384,39.057,57.207,162.663,175.19,54.294,39.057,81.648,-81.648,1.065,16.263,27.724,4.209,-0.1453,0.0673,0.2279,0.2453
bhujangasana_tf_0112,179.04,177.613,50.913,60.073,16.292,8.129,168.506,170.229,135.205,150.41,177.613,179.04,50.913,60.073,135.205,150.41,168.506,170.229,38.619,53.544,168.506,179.04,50.913,38.619,83.266,-83.266,6.5,16.361,20.217,2.904,-0.1173,0.0384,0.2282,0.2815
bhujangasana_tf_0113,179.724,179.926,52.841,44.96,16.78,10.659,167.85,169.069,136.364,153.428,179.724,179.926,44.96,52.841,136.364,153.428,167.85,169.069,38.322,55.952,167.85,179.724,52.841,38.322,82.256,-82.256,1.285,10.603,15.937,3.455,-0.1348,0.0747,0.2004,0.2602
bhujangasana_tf_0114,174.616,179.943,52.033,41.382,16.949,0.066,165.191,169.106,138.225,146.795,174.616,179.943,41.382,52.033,138.225,146.795,165.191,169.106,39.22,50.581,165.191,174.616,52.033,39.22,82.468,-82.468,0.589,0.749,12.591,4.68,-0.1311,0.076,0.2128,0.2835
bhujangasana_tf_0115,176.564,179.072,52.608,43.9,15.115,1.293,166.786,168.787,137.692,139.481,176.564,179.072,43.9,52.608,137.692,139.481,166.786,168.787,39.01,43.181,166.786,176.564,52.608,39.01,82.543,-82.543,0.076,6.833,1.273,4.532,-0.1298,0.0864,0.2463,0.2493
bhujangasana_tf_0116,178.87,179.709,51.567,36.027,15.463,2.065,169.507,170.451,137.077,142.235,178.87,179.709,36.027,51.567,137.077,142.235,169.507,170.451,38.889,47.215,169.507,178.87,51.567,38.889,83.462,-83.462,0.342,12.84,4.284,2.305,-0.1139,0.0848,0.2047,0.2593
bhujangasana_tf_0117,136.048,160.197,166.965,172.452,85.769,68.948,38.456,26.78,124.734,126.038,136.048,160.197,166.965,172.452,124.734,126.038,26.78,38.456,73.34,78.102,38.456,160.197,166.965,78.102,2.091,2.091,8.045,1.389,2.005,74.38,-0.9993,-0.2194,0.5532,1.6407
bhujangasana_tf_0118,135.445,144.596,177.493,173.589,99.341,100.002,31.264,25.71,103.901,101.982,135.445,144.596,173.589,177.493,101.982,103.901,25.71,31.264,96.537,98.022,31.264,135.445,177.493,98.022,1.686,1.686,1.395,0.076,1.383,80.659,-0.9996,-0.3482,0.9106,1.6161
bhujangasana_tf_0119,111.039,140.897,160.47,152.527,85.946,77.238,22.984,10.959,100.184,101.85,111.039,140.897,152.527,160.47,100.184,101.85,10.959,22.984,93.593,99.678,22.984,111.039,160.47,99.678,2.313,2.313,1.142,0.032,0.886,85.515,-0.9992,-0.3558,1.1774,1.4307
bhujangasana_tf_0120,177.288,118.281,113.373,83.61,39.127,42.269,24.555,5.201,111.979,97.887,118.281,177.288,83.61,113.373,97.887,111.979,5.201,24.555,78.857,97.539,24.555,177.288,113.373,78.857,2.607,-2.607,1.473,0.822,4.197,76.281,-0.999,-0.4866,0.894,1.0542
bhujangasana_tf_0121,161.356,125.776,114.027,83.542,34.926,40.356,17.067,5.164,114.195,99.238,125.776,161.356,83.542,114.027,99.238,114.195,5.164,17.067,73.255,96.352,17.067,161.356,114.027,73.255,4.409,-4.409,1.489,1.142,4.995,79.574,-0.997,-0.482,0.7974,0.9608
bhujangasana_tf_0122,144.807,128.197,109.755,80.555,34.03,36.551,18.563,11.493,115.193,102.112,128.197,144.807,80.555,109.755,102.112,115.193,11.493,18.563,72.871,93.231,18.563,144.807,109.755,72.871,4.092,-4.092,0.79,0.151,4.867,79.502,-0.9975,-0.4931,0.7185,0.9732
bhujangasana_tf_0123,157.668,126.409,114.109,71.093,30.594,33.294,28.226,3.062,118.085,108.043,126.409,157.668,71.093,114.109,108.043,118.085,3.062,28.226,65.249,91.398,28.226,157.668,114.109,65.249,8.504,-8.504,0.848,2.672,7.232,65.109,-0.989,-0.4894,0.6161,0.9109
bhujangasana_tf_0124,152.273,167.654,112.647,63.939,30.313,23.88,10.944,33.904,115.664,112.564,152.273,167.654,63.939,112.647,112.564,115.664,10.944,33.904,65.892,87.842,10.944,152.273,112.647,65.892,9.874,-9.874,0.635,1.361,4.373,76.502,-0.9852,-0.4787,0.2356,0.8812
bhujangasana_tf_0125,111.84,167.08,112.941,60.936,29.675,22.574,9.602,26.877,116.771,113.688,111.84,167.08,60.936,112.941,113.688,116.771,9.602,26.877,64.724,87.484,9.602,111.84,112.941,64.724,10.402,-10.402,0.425,0.427,4.289,81.893,-0.9836,-0.4676,0.2492,0.8746
bhujangasana_tf_0126,167.316,119.867,112.507,116.499,33.725,17.695,24.923,11.853,116.712,171.983,119.867,167.316,112.507,116.499,116.712,171.983,11.853,24.923,29.908,67.847,24.923,167.316,112.507,67.847,9.164,-9.164,5.733,0.213,0.143,69.636,-0.9872,-0.5244,0.6241,0.961
bhujangasana_tf_0127,31.759,116.421,119.413,165.841,37.785,10.429,76.551,0.91,114.527,162.671,31.759,116.421,119.413,165.841,114.527,162.671,0.91,76.551,5.037,69.443,76.551,31.759,119.413,69.443,9.843,-9.843,10.009,2.612,2.807,9.479,-0.9853,-0.503,1.103,0.9361
bhujangasana_tf_0128,40.189,114.011,123.546,160.44,41.267,5.969,18.056,0.454,112.935,155.112,40.189,114.011,123.546,160.44,112.935,155.112,0.454,18.056,2.47,72.171,18.056,40.189,123.546,72.171,9.29,-9.29,12.574,3.076,4.471,66.838,-0.9869,-0.5253,1.1801,0.9554
bhujangasana_tf_0129,58.655,89.931,120.07,60.748,37.054,31.897,170.403,42.415,113.444,131.744,58.655,89.931,60.748,120.07,113.444,131.744,42.415,170.403,67.762,75.775,170.403,89.931,120.07,67.762,13.344,-13.344,14.902,1.651,15.763,75.103,-0.973,-0.4783,0.7915,0.924
bhujangasana_tf_0130,49.295,94.724,121.036,48.118,38.872,21.325,167.233,50.997,112.158,151.731,49.295,94.724,48.118,121.036,112.158,151.731,50.997,167.233,59.605,67.565,167.233,94.724,121.036,67.565,15.846,-15.846,13.178,2.072,24.658,70.339,-0.962,-0.5106,0.9705,0.9292
bhujangasana_tf_0131,40.663,107.83,124.419,36.612,38.71,16.823,169.686,55.909,113.53,159.111,40.663,107.83,36.612,124.419,113.53,159.111,55.909,169.686,52.397,66.031,169.686,107.83,124.419,66.031,16.265,-16.265,15.614,1.2,18.76,65.598,-0.96,-0.4821,0.8866,0.95
bhujangasana_tf_0132,75.962,74.789,132.077,161.311,41.287,23.181,134.345,49.725,113.475,139.676,74.789,75.962,132.077,161.311,113.475,139.676,49.725,134.345,15.335,64.434,134.345,75.962,132.077,64.434,14.091,-14.091,16.942,2.526,4.617,42.255,-0.9699,-0.4612,1.1517,0.984
bhujangasana_tf_0133,69.096,137.996,134.274,168.301,37.651,5.925,140.482,85.685,115.443,150.953,69.096,137.996,134.274,168.301,115.443,150.953,85.685,140.482,0.924,59.284,140.482,69.096,134.274,59.284,17.496,-17.496,19.335,6.95,11.359,32.439,-0.9537,-0.383,0.7621,0.8912
bhujangasana_tf_0134,85.148,27.625,139.077,172.341,31.78,12.1,150.21,38.722,116.012,142.803,27.625,85.148,139.077,172.341,116.012,142.803,38.722,150.21,8.411,50.676,150.21,85.148,139.077,50.676,21.668,-21.668,19.139,7.498,6.284,22.493,-0.9293,-0.3816,1.5045,0.7782
bhujangasana_tf_0135,85.367,60.366,141.282,174.353,34.025,16.623,147.812,72.018,116.409,141.735,60.366,85.367,141.282,174.353,116.409,141.735,72.018,147.812,14.062,51.49,147.812,85.367,141.282,51.49,18.673,-18.673,23.289,8.119,0.931,6.221,-0.9474,-0.3444,1.667,0.7415
bhujangasana_tf_0136,96.951,103.537,142.878,177.894,30.925,13.768,139.098,78.273,118.805,139.526,96.951,103.537,142.878,177.894,118.805,139.526,78.273,139.098,12.804,47.499,139.098,96.951,142.878,47.499,21.08,-21.08,19.746,2.619,1.786,15.943,-0.9331,-0.3918,1.7093,0.7429
bhujangasana_tf_0137,103.562,119.735,138.353,176.286,31.34,1.014,132.341,72.121,116.26,154.457,103.562,119.735,138.353,176.286,116.26,154.457,72.121,132.341,2.743,49.889,132.341,103.562,138.353,49.889,21.443,-21.443,17.842,3.291,4.355,10.407,-0.9308,-0.4186,1.7499,0.836
bhujangasana_tf_0138,124.432,70.549,134.809,179.278,29.115,0.413,132.242,144.079,116.786,156.775,70.549,124.432,134.809,179.278,116.786,156.775,132.242,144.079,0.726,49.655,132.242,124.432,134.809,49.655,19.396,-19.396,24.608,12.009,0.127,28.683,-0.9432,-0.3376,1.158,0.8323
bhujangasana_tf_0139,93.842,21.714,141.287,171.975,30.334,0.229,142.301,109.411,117.094,154.53,21.714,93.842,141.287,171.975,117.094,154.53,109.411,142.301,3.57,47.669,142.301,93.842,141.287,47.669,22.7,-22.7,18.787,4.679,0.598,37.064,-0.9225,-0.3784,1.443,0.7852
bhujangasana_tf_0140,128.376,18.608,144.712,172.766,30.885,6.56,127.987,100.077,116.876,146.238,18.608,128.376,144.712,172.766,116.876,146.238,100.077,127.987,3.136,46.955,127.987,128.376,144.712,46.955,23.991,-23.991,17.04,5.934,3.943,21.818,-0.9136,-0.3978,1.462,0.8248
bhujangasana_tf_0141,100.59,49.692,140.888,164.685,30.143,18.721,145.454,90.222,115.239,138.275,49.692,100.59,140.888,164.685,115.239,138.275,90.222,145.454,11.438,47.158,145.454,100.59,140.888,47.158,24.426,-24.426,17.843,6.694,4.836,30.509,-0.9105,-0.3709,1.5096,0.7818
bhujangasana_tf_0142,54.63,93.236,145.115,162.503,29.47,10.121,157.385,39.444,115.281,143.679,54.63,93.236,145.115,162.503,115.281,143.679,39.444,157.385,2.847,44.986,157.385,54.63,145.115,44.986,27.248,-27.248,17.079,12.312,13.012,47.652,-0.889,-0.3502,1.1437,0.8107
bhujangasana_tf_0143,80.005,127.633,143.545,169.644,27.661,5.172,159.669,71.436,115.825,144.233,80.005,127.633,143.545,169.644,115.825,144.233,71.436,159.669,0.785,43.032,159.669,127.633,143.545,43.032,28.724,-28.724,17.021,12.458,14.095,53.546,-0.8769,-0.3147,1.4256,0.7623
bhujangasana_tf_0144,115.541,176.909,151.451,148.683,22.398,0.477,134.11,58.015,117.201,157.651,115.541,176.909,148.683,151.451,117.201,157.651,58.015,134.11,13.671,34.722,134.11,115.541,151.451,34.722,32.553,-32.553,10.416,13.497,3.502,4.035,-0.8429,-0.3251,1.8617,0.7245
bhujangasana_tf_0145,123.675,38.354,150.219,156.238,23.763,3.825,132.776,33.704,116.699,158.164,38.354,123.675,150.219,156.238,116.699,158.164,33.704,132.776,13.841,36.625,132.776,123.675,150.219,36.625,31.685,-31.685,9.894,13.046,6.062,16.1,-0.851,-0.3724,1.8081,0.6912
bhujangasana_tf_0146,126.834,48.693,157.724,156.871,26.351,5.758,131.238,34.219,117.964,148.879,48.693,126.834,156.871,157.724,117.964,148.879,34.219,131.238,3.533,35.545,131.238,126.834,157.724,35.545,31.034,-31.034,8.011,13.977,4.904,14.748,-0.8569,-0.3682,1.7859,0.6398
bhujangasana_tf_0147,100.245,41.429,158.027,171.304,27.246,0.264,145.437,4.115,118.496,146.478,41.429,100.245,158.027,171.304,118.496,146.478,4.115,145.437,3.843,36.836,145.437,100.245,158.027,36.836,31.658,-31.658,6.443,9.57,8.205,30.768,-0.8512,-0.3776,0.9118,0.6371
bhujangasana_tf_0148,106.136,2.183,156.77,166.726,32.228,6.466,150.097,20.255,117.601,147.984,2.183,106.136,156.77,166.726,117.601,147.984,20.255,150.097,0.027,41.946,150.097,106.136,156.77,41.946,26.665,-26.665,9.624,11.267,12.581,37.701,-0.8936,-0.3933,1.2852,0.6756
bhujangasana_tf_0149,129.813,30.034,158.732,177.677,31.623,0.686,122.421,28.687,118.846,149.1,30.034,129.813,158.732,177.677,118.846,149.1,28.687,122.421,0.436,40.831,122.421,129.813,158.732,40.831,26.227,-26.227,8.457,9.523,8.699,12.098,-0.897,-0.401,1.7495,0.6576
bhujangasana_tf_0150,108.715,135.032,170.466,165.196,26.602,8.774,135.895,48.595,110.669,147.84,108.715,135.032,165.196,170.466,110.669,147.84,48.595,135.895,14.933,30.727,135.895,108.715,170.466,30.727,43.231,-43.231,1.918,1.978,1.319,5.688,-0.7286,-0.2914,1.7884,0.6309
bhujangasana_tf_0151,152.554,159.456,173.734,164.107,29.293,27.161,136.273,111.014,105.906,158.677,152.554,159.456,164.107,173.734,105.906,158.677,111.014,136.273,31.9,33.248,136.273,152.554,173.734,31.9,49.122,-49.122,1.97,1.952,5.163,4.079,-0.6545,-0.2555,0.4801,0.5891
bhujangasana_tf_0152,163.17,166.321,124.262,56.466,30.681,33.937,166.414,161.541,90.326,91.557,163.17,166.321,56.466,124.262,90.326,91.557,161.541,166.414,9.972,12.483,166.414,163.17,124.262,12.483,77.925,-77.925,4.613,8.414,8.977,0.777,-0.2092,0.1443,0.4798,0.6008
bhujangasana_tf_0153,165.853,166.304,120.655,76.914,35.164,30.002,163.754,164.937,89.135,94.693,165.853,166.304,76.914,120.655,89.135,94.693,163.754,164.937,6.464,16.002,163.754,165.853,120.655,16.002,77.163,-77.163,8.701,1.577,2.65,1.109,-0.2222,0.1716,0.4272,0.6126
bhujangasana_tf_0154,164.846,163.959,130.887,63.938,30.582,69.378,172.332,173.589,85.965,9.048,163.959,164.846,63.938,130.887,9.048,85.965,172.332,173.589,13.737,104.57,172.332,164.846,130.887,13.737,82.66,-82.66,5.723,2.39,12.709,0.889,-0.1278,0.1845,0.3944,0.5349
bhujangasana_tf_0155,176.484,179.014,35.917,172.539,8.08,17.286,154.984,155.311,153.744,101.916,176.484,179.014,35.917,172.539,101.916,153.744,154.984,155.311,20.547,85.259,154.984,176.484,35.917,85.259,58.327,-58.327,8.124,5.892,32.602,5.982,-0.5251,-0.204,0.0234,0.2906
bhujangasana_tf_0156,178.221,179.74,26.89,164.588,9.425,19.005,152.591,153.175,137.979,98.62,178.221,179.74,26.89,164.588,98.62,137.979,152.591,153.175,25.851,99.56,152.591,178.221,26.89,99.56,56.629,-56.629,8.624,7.19,39.163,5.051,-0.5501,-0.2271,0.0438,0.3211
bhujangasana_tf_0157,175.378,177.681,39.736,126.303,2.852,16.473,149.508,148.129,138.845,93.142,175.378,177.681,39.736,126.303,93.142,138.845,148.129,149.508,37.18,93.366,149.508,175.378,39.736,93.366,51.079,-51.079,1.98,3.862,41.186,7.296,-0.6283,-0.2532,0.0648,0.3321
bhujangasana_tf_0158,178.788,178.324,41.941,118.857,3.522,16.244,144.808,142.002,146.884,97.806,178.324,178.788,41.941,118.857,97.806,146.884,142.002,144.808,39.014,80.948,144.808,178.788,41.941,80.948,45.68,-45.68,3.822,7.941,24.772,6.976,-0.6987,-0.21,0.0215,0.3822
bhujangasana_tf_0159,177.211,175.838,60.585,121.278,13.444,23.967,140.82,132.326,144.87,100.395,175.838,177.211,60.585,121.278,100.395,144.87,132.326,140.82,48.572,77.702,140.82,177.211,60.585,77.702,37.431,-37.431,1.219,6.898,29.529,8.248,-0.7941,-0.3583,0.0667,0.4936
bhujangasana_tf_0160,177.988,172.697,64.054,118.508,15.156,23.127,138.664,133.609,144.196,101.041,172.697,177.988,64.054,118.508,101.041,144.196,133.609,138.664,49.333,76.375,138.664,177.988,64.054,76.375,35.711,-35.711,1.519,5.633,29.326,8.093,-0.812,-0.3394,0.0321,0.5042
bhujangasana_tf_0161,177.874,177.721,67.436,119.107,17.188,23.599,137.885,129.473,142.707,102.835,177.721,177.874,67.436,119.107,102.835,142.707,129.473,137.885,49.166,76.402,137.885,177.874,67.436,76.402,34.161,-34.161,1.548,5.851,30.047,8.777,-0.8275,-0.3521,0.0735,0.5017
bhujangasana_tf_0162,179.047,178.495,71.171,120.383,17.611,23.752,134.212,125.937,140.786,103.785,178.495,179.047,71.171,120.383,103.785,140.786,125.937,134.212,50.594,75.751,134.212,179.047,71.171,75.751,31.578,-31.578,6.215,6.373,24.945,7.674,-0.8519,-0.3284,0.0748,0.5047
bhujangasana_tf_0163,178.974,179.961,71.761,123.947,16.062,26.348,132.98,127.476,142.094,103.256,178.974,179.961,71.761,123.947,103.256,142.094,127.476,132.98,50.893,72.793,132.98,178.974,71.761,72.793,30.805,-30.805,0.299,4.16,26.686,8.092,-0.8589,-0.3699,0.019,0.4748
bhujangasana_tf_0164,179.213,172.531,71.997,117.113,17.468,25.427,132.937,128.385,140.902,101.592,172.531,179.213,71.997,117.113,101.592,140.902,128.385,132.937,53.832,74.931,132.937,179.213,71.997,74.931,30.781,-30.781,0.777,3.866,24.932,7.104,-0.8591,-0.3929,0.0614,0.5159
bhujangasana_tf_0165,173.768,171.197,78.247,115.277,23.093,26.525,131.766,127.632,139.558,102.157,171.197,173.768,78.247,115.277,102.157,139.558,127.632,131.766,56.202,76.016,131.766,173.768,78.247,76.016,29.203,-29.203,1.422,2.81,13.858,6.192,-0.8729,-0.3626,0.0338,0.5343
bhujangasana_tf_0166,174.561,174.972,80.137,111.365,25.411,26.893,134.827,125.035,136.321,101.564,174.561,174.972,80.137,111.365,101.564,136.321,125.035,134.827,58.258,78.63,125.035,174.972,80.137,78.63,28.07,-28.07,1.044,4.116,8.949,9.877,-0.8824,-0.3496,0.0985,0.5487
bhujangasana_tf_0167,169.873,174.261,78.994,108.553,24.775,26.157,131.085,119.861,137.123,102.981,169.873,174.261,78.994,108.553,102.981,137.123,119.861,131.085,58.599,77.778,119.861,174.261,78.994,77.778,27.26,-27.26,1.788,4.329,9.81,6.184,-0.8889,-0.338,0.0446,0.568
bhujangasana_tf_0168,174.181,172.247,78.07,110.667,24.801,26.782,134.333,120.133,136.908,102.375,172.247,174.181,78.07,110.667,102.375,136.908,120.133,134.333,59.193,78.291,120.133,172.247,78.07,78.291,27.586,-27.586,0.235,4.612,17.774,9.134,-0.8863,-0.3618,0.0657,0.5874
bhujangasana_tf_0169,171.334,175.111,81.346,107.429,27.089,26.528,132.765,121.949,135.615,101.345,171.334,175.111,81.346,107.429,101.345,135.615,121.949,132.765,60.966,78.067,121.949,175.111,81.346,78.067,26.188,-26.188,1.71,4.287,7.189,9.084,-0.8974,-0.3266,0.1016,0.5812
bhujangasana_tf_0170,170.019,157.744,80.497,105.017,28.113,31.046,130.103,105.33,135.409,103.036,157.744,170.019,80.497,105.017,103.036,135.409,105.33,130.103,65.749,80.085,105.33,157.744,80.497,80.085,24.281,-24.281,1.015,4.761,7.875,4.115,-0.9115,-0.3749,0.1537,0.5537
bhujangasana_tf_0171,168.513,169.558,86.818,101.63,27.328,29.91,125.918,116.438,133.278,101.185,168.513,169.558,86.818,101.63,101.185,133.278,116.438,125.918,68.032,75.18,116.438,169.558,86.818,75.18,20.182,-20.182,1.343,2.404,8.612,7.46,-0.9386,-0.3509,0.1369,0.5949
bhujangasana_tf_0172,157.015,145.758,84.918,93.91,20.68,29.332,116.96,99.349,131.166,101.717,145.758,157.015,84.918,93.91,101.717,131.166,99.349,116.96,71.133,72.132,99.349,145.758,84.918,71.133,14.657,-14.657,7.628,3.232,10.657,3.198,-0.9675,-0.3471,0.243,0.6846
bhujangasana_tf_0173,150.444,134.82,95.695,97.467,30.343,41.641,123.724,89.032,129.436,103.6,134.82,150.444,95.695,97.467,103.6,129.436,89.032,123.724,72.393,83.484,89.032,150.444,95.695,72.393,7.994,-7.994,4.437,2.498,13.411,6.116,-0.9903,-0.4392,0.01,0.7291
bhujangasana_tf_0174,151.324,138.643,102.422,98.323,40.602,41.025,149.487,107.861,129.165,107.39,138.643,151.324,98.323,102.422,107.39,129.165,107.861,149.487,76.821,80.852,149.487,151.324,102.422,76.821,9.802,-9.802,4.593,4.412,31.654,26.102,-0.9854,-0.4518,0.0121,0.7332
bhujangasana_tf_0175,163.393,168.129,102.706,98.82,28.859,32.636,152.526,146.045,128.274,108.469,163.393,168.129,98.82,102.706,108.469,128.274,146.045,152.526,66.851,74.738,152.526,163.393,102.706,66.851,6.528,-6.528,2.985,2.209,14.455,47.4,-0.9935,-0.5125,0.236,0.7981
bhujangasana_tf_0176,168.949,163.626,111.224,95.079,30.066,29.7,176.536,149.129,127.221,109.462,163.626,168.949,95.079,111.224,109.462,127.221,149.129,176.536,64.325,74.469,176.536,168.949,111.224,64.325,4.112,-4.112,1.887,0.583,7.403,63.06,-0.9974,-0.5131,0.4916,0.8011
bhujangasana_tf_0177,179.429,158.939,109.392,93.696,26.809,28.491,178.881,145.846,127.428,109.919,158.939,179.429,93.696,109.392,109.919,127.428,145.846,178.881,64.105,73.206,178.881,179.429,109.392,64.105,4.521,-4.521,1.94,0.118,7.279,58.971,-0.9969,-0.4951,0.6098,0.7747
bhujangasana_tf_0178,170.078,169.006,111.674,93.504,29.241,27.131,170.134,160.008,127.797,110.997,169.006,170.078,93.504,111.674,110.997,127.797,160.008,170.134,63.331,72.771,170.134,170.078,111.674,63.331,3.951,-3.951,2.225,0.953,4.548,73.776,-0.9976,-0.5239,0.6059,0.7947
bhujangasana_tf_0179,170.572,164.389,114.175,92.014,30.252,27.005,166.737,159.361,127.849,111.838,164.389,170.572,92.014,114.175,111.838,127.849,159.361,166.737,62.647,73.488,166.737,170.572,114.175,62.647,2.762,-2.762,0.157,1.029,1.766,74.687,-0.9988,-0.5406,0.6353,0.8296
bhujangasana_tf_0180,155.578,174.166,113.468,89.859,28.743,25.494,157.628,174.92,128.028,114.059,155.578,174.166,89.859,113.468,114.059,128.028,157.628,174.92,60.841,71.812,157.628,155.578,113.468,60.841,1.622,-1.622,4.126,2.211,0.598,76.498,-0.9996,-0.5137,0.5081,0.8384
bhujangasana_tf_0181,160.429,178.036,115.579,87.812,30.62,23.634,152.507,176.637,127.883,114.33,160.429,178.036,87.812,115.579,114.33,127.883,152.507,176.637,61.207,71.154,152.507,160.429,115.579,61.207,1.895,-1.895,4.909,2.521,1.956,71.597,-0.9995,-0.5075,0.5106,0.8136
bhujangasana_tf_0182,164.144,178.565,113.235,89.116,27.955,28.401,157.964,176.664,127.561,114.549,164.144,178.565,89.116,113.235,114.549,127.561,157.964,176.664,59.2,73.471,157.964,164.144,113.235,59.2,0.53,0.53,3.51,3.859,2.59,74.724,-1.0,-0.516,0.4607,0.815
bhujangasana_tf_0183,158.418,167.63,115.755,86.271,29.325,25.473,143.681,163.264,125.239,115.434,158.418,167.63,86.271,115.755,115.434,125.239,143.681,163.264,59.807,73.435,143.681,158.418,115.755,59.807,1.971,1.971,3.339,3.636,6.34,58.726,-0.9994,-0.4996,0.525,0.7613
bhujangasana_tf_0184,154.618,159.733,117.331,81.468,25.863,22.984,130.807,145.542,123.298,119.901,154.618,159.733,81.468,117.331,119.901,123.298,130.807,145.542,53.921,73.996,130.807,154.618,117.331,53.921,8.516,8.516,0.882,5.569,11.641,38.026,-0.989,-0.4541,0.4707,0.705
bhujangasana_tf_0185,162.207,169.655,120.665,80.386,27.456,27.84,130.279,149.198,120.263,122.92,162.207,169.655,80.386,120.665,120.263,122.92,130.279,149.198,54.19,77.164,130.279,162.207,120.665,54.19,13.34,13.34,1.277,3.129,15.768,34.731,-0.973,-0.4409,0.4737,0.7151
bhujangasana_tf_0186,156.718,146.764,120.776,77.974,25.931,26.626,127.63,135.708,121.113,122.823,146.764,156.718,77.974,120.776,121.113,122.823,127.63,135.708,51.628,76.971,127.63,156.718,120.776,51.628,13.963,13.963,2.643,5.216,18.476,25.914,-0.9705,-0.4259,0.4587,0.6867
bhujangasana_tf_0187,171.608,150.448,123.163,76.938,29.543,26.194,131.186,138.841,119.425,125.764,150.448,171.608,76.938,123.163,119.425,125.764,131.186,138.841,53.43,75.32,131.186,171.608,123.163,53.43,14.662,14.662,2.509,2.33,16.966,27.758,-0.9674,-0.3994,0.5177,0.6664
bhujangasana_tf_0188,170.948,172.785,126.558,79.843,29.982,30.703,121.855,133.898,120.061,124.15,170.948,172.785,79.843,126.558,120.061,124.15,121.855,133.898,51.71,79.236,121.855,170.948,79.843,79.236,16.201,16.201,0.366,6.584,16.751,20.511,-0.9603,-0.3678,0.1755,0.6103
bhujangasana_tf_0189,155.646,172.379,127.727,84.945,37.107,38.213,135.28,132.275,117.47,122.703,155.646,172.379,84.945,127.727,117.47,122.703,132.275,135.28,54.919,82.67,132.275,172.379,84.945,82.67,16.988,16.988,0.727,2.258,10.544,16.902,-0.9564,-0.3838,0.0726,0.5406
bhujangasana_tf_0190,169.817,162.074,130.37,83.729,36.567,43.126,114.846,130.951,115.955,120.024,162.074,169.817,83.729,130.37,115.955,120.024,114.846,130.951,56.485,88.887,114.846,169.817,83.729,88.887,18.892,18.892,0.783,2.508,18.44,12.04,-0.9461,-0.4121,0.0442,0.4476
bhujangasana_tf_0191,178.59,178.521,142.156,61.118,27.81,30.308,123.183,131.227,121.829,121.227,178.521,178.59,61.118,142.156,121.227,121.829,123.183,131.227,41.919,87.339,131.227,178.521,61.118,87.339,22.735,22.735,13.485,10.152,26.219,12.661,-0.9223,-0.2307,0.0479,0.432
bhujangasana_tf_0192,178.28,178.827,163.169,62.687,30.351,27.458,133.175,140.129,114.513,119.019,178.28,178.827,62.687,163.169,114.513,119.019,133.175,140.129,37.44,98.015,140.129,178.827,62.687,98.015,32.987,32.987,10.671,3.099,32.134,13.095,-0.8388,-0.2339,0.0658,0.4062
bhujangasana_tf_0193,179.454,179.249,174.296,111.877,34.458,141.397,134.899,149.793,111.855,37.275,179.249,179.454,111.877,174.296,37.275,111.855,134.899,149.793,36.511,169.433,149.793,179.249,111.877,169.433,40.711,40.711,5.302,6.444,19.872,11.95,-0.758,-0.2337,0.0337,0.5488
bhujangasana_tf_0194,178.486,176.362,177.771,76.688,34.015,81.366,154.474,156.073,92.898,37.31,176.362,178.486,76.688,177.771,37.31,92.898,154.474,156.073,33.279,157.392,156.073,176.362,76.688,157.392,57.195,57.195,7.598,14.275,41.371,6.155,-0.5418,-0.06,0.0236,0.3879
bhujangasana_tf_0195,178.507,179.263,174.116,131.285,26.252,136.697,162.225,161.305,88.674,59.124,178.507,179.263,131.285,174.116,59.124,88.674,161.305,162.225,29.133,175.541,161.305,179.263,131.285,175.541,62.924,62.924,6.091,10.093,26.271,7.721,-0.4552,-0.0348,0.0237,0.2463
bhujangasana_tf_0196,170.559,172.939,179.144,165.788,25.248,149.314,169.102,166.934,86.664,50.039,170.559,172.939,165.788,179.144,50.039,86.664,166.934,169.102,25.638,162.0,166.934,172.939,165.788,162.0,67.877,67.877,15.384,14.296,52.215,8.895,-0.3766,0.1053,0.067,0.1625
bhujangasana_tf_0197,175.899,173.385,68.746,9.423,19.058,13.719,161.052,165.651,96.434,59.186,173.385,175.899,9.423,68.746,59.186,96.434,161.052,165.651,10.777,18.619,165.651,173.385,9.423,10.777,106.247,106.247,2.84,71.852,59.211,31.132,0.2798,0.2376,0.124,0.4665
bhujangasana_tf_0198,174.531,168.453,63.39,38.163,18.052,6.7,161.537,167.633,92.814,82.445,168.453,174.531,38.163,63.39,82.445,92.814,161.537,167.633,10.947,16.857,167.633,168.453,38.163,10.947,106.299,106.299,10.853,61.099,52.783,30.869,0.2807,0.2983,0.1179,0.3482
bhujangasana_tf_0199,175.95,169.825,65.441,57.051,20.512,16.349,159.038,164.695,93.984,81.398,169.825,175.95,57.051,65.441,81.398,93.984,159.038,164.695,9.005,17.506,164.695,169.825,57.051,9.005,105.595,105.595,3.779,63.138,54.163,32.912,0.2688,0.2378,0.1261,0.3377
bhujangasana_tf_0200,172.191,169.136,88.455,54.582,13.095,27.6,147.227,158.181,94.763,70.921,169.136,172.191,54.582,88.455,70.921,94.763,147.227,158.181,5.324,14.176,158.181,169.136,54.582,5.324,101.636,101.636,4.109,63.375,48.274,35.574,0.2017,0.2241,0.1763,0.3044
bhujangasana_tf_0201,168.951,151.615,100.105,75.898,16.874,40.197,146.476,164.839,85.197,77.228,151.615,168.951,75.898,100.105,77.228,85.197,146.476,164.839,1.919,8.675,164.839,151.615,75.898,1.919,102.099,102.099,6.941,66.884,46.864,26.014,0.2096,0.2014,0.2957,0.1855
bhujangasana_tf_0202,158.263,177.494,111.797,51.577,76.38,75.33,129.393,145.164,149.202,101.684,158.263,177.494,51.577,111.797,101.684,149.202,129.393,145.164,132.19,170.525,145.164,177.494,51.577,170.525,105.962,105.962,25.036,49.487,59.764,55.995,0.275,-0.0033,0.1557,0.4641
bhujangasana_tf_0203,158.355,179.191,104.186,53.881,56.831,72.719,131.592,143.716,178.952,101.886,158.355,179.191,53.881,104.186,101.886,178.952,131.592,143.716,105.346,173.655,143.716,179.191,53.881,173.655,106.172,106.172,22.71,42.127,50.888,54.515,0.2785,0.0133,0.2516,0.3928
bhujangasana_tf_0204,172.843,172.272,65.614,26.915,17.45,68.773,125.477,157.973,160.848,93.734,172.272,172.843,26.915,65.614,93.734,160.848,125.477,157.973,82.02,146.304,157.973,172.272,26.915,146.304,114.859,114.859,23.387,64.089,49.916,59.457,0.4204,0.0693,0.3306,0.8466
bhujangasana_tf_0205,176.173,174.137,37.265,81.665,51.615,120.009,126.487,154.369,93.701,109.289,174.137,176.173,37.265,81.665,93.701,109.289,126.487,154.369,159.765,173.803,154.369,174.137,81.665,159.765,113.91,113.91,22.234,60.295,70.554,63.411,0.4053,0.0676,0.2389,0.8635
bhujangasana_tf_0206,166.728,174.325,64.016,0.232,69.499,48.99,121.128,158.039,39.821,87.614,166.728,174.325,0.232,64.016,39.821,87.614,121.128,158.039,119.815,131.639,158.039,174.325,0.232,131.639,119.446,119.446,22.777,67.534,55.708,67.937,0.4916,0.048,0.31,1.1064
bhujangasana_tf_0207,179.273,178.096,99.75,14.636,29.94,27.012,167.795,171.21,125.256,75.477,178.096,179.273,14.636,99.75,75.477,125.256,167.795,171.21,37.275,78.011,171.21,178.096,14.636,37.275,136.966,136.966,38.978,22.516,31.3,54.96,0.7309,0.0998,0.3707,0.6748
bhujangasana_tf_0208,177.47,172.853,150.962,5.682,111.224,55.306,160.177,177.42,177.488,90.952,172.853,177.47,5.682,150.962,90.952,177.488,160.177,177.42,59.176,127.817,177.42,172.853,5.682,59.176,138.567,138.567,12.278,14.057,13.95,60.152,0.7497,0.3203,0.3416,0.8034
bhujangasana_tf_0210,178.94,176.258,87.012,81.005,6.762,24.175,170.955,168.079,23.94,57.316,176.258,178.94,81.005,87.012,23.94,57.316,168.079,170.955,26.755,41.752,170.955,178.94,87.012,41.752,156.031,156.031,65.0,26.856,20.289,71.36,0.9138,-0.2018,0.198,0.7242
bhujangasana_tf_0217,175.24,165.151,124.833,95.083,48.92,112.432,160.58,108.655,90.282,100.902,165.151,175.24,95.083,124.833,90.282,100.902,108.655,160.58,69.675,164.455,108.655,165.151,95.083,164.455,137.45,-137.45,55.405,42.094,48.839,82.209,0.7367,0.455,0.526,1.1405
bhujangasana_tf_0218,172.531,171.645,174.085,87.566,66.353,104.459,176.12,118.114,79.545,95.672,171.645,172.531,87.566,174.085,79.545,95.672,118.114,176.12,69.054,158.38,118.114,171.645,87.566,158.38,139.639,-139.639,46.449,31.523,58.855,83.389,0.762,0.4713,0.6385,1.3465
bhujangasana_tf_0219,162.85,177.031,155.342,106.845,54.708,96.845,172.149,134.27,78.827,84.196,162.85,177.031,106.845,155.342,78.827,84.196,134.27,172.149,64.563,134.68,134.27,177.031,106.845,134.68,144.922,-144.922,39.035,19.862,42.789,83.588,0.8184,0.5368,0.3973,1.0317
bhujangasana_tf_0220,173.504,177.029,153.164,120.63,51.078,89.334,172.772,131.796,72.369,75.854,173.504,177.029,120.63,153.164,72.369,75.854,131.796,172.772,63.148,126.101,131.796,177.029,120.63,126.101,147.916,-147.916,28.275,20.014,28.953,87.957,0.8473,0.6947,0.316,1.345
bhujangasana_tf_0221,171.487,171.185,169.262,117.148,37.628,83.714,167.115,120.275,59.683,65.445,171.185,171.487,117.148,169.262,59.683,65.445,120.275,167.115,42.581,125.251,120.275,171.185,117.148,125.251,141.274,-141.274,42.403,38.716,43.146,85.783,0.7801,0.2438,0.2226,1.1417
bhujangasana_tf_0223,168.38,177.14,157.49,31.116,142.442,28.471,105.738,120.325,65.499,145.178,168.38,177.14,31.116,157.49,65.499,145.178,105.738,120.325,66.74,153.991,105.738,168.38,157.49,153.991,95.108,-95.108,67.039,16.163,20.726,71.237,0.089,-0.5926,0.591,1.2953
bhujangasana_tf_0224,168.156,162.888,150.82,6.471,24.378,33.206,149.089,110.429,93.303,42.824,162.888,168.156,6.471,150.82,42.824,93.303,110.429,149.089,35.938,40.71,110.429,162.888,150.82,35.938,109.457,-109.457,21.583,75.296,84.451,63.546,0.3331,-0.084,1.0798,0.793
bhujangasana_tf_0225,167.412,167.357,125.137,86.079,8.899,6.53,121.649,110.013,103.236,97.617,167.357,167.412,86.079,125.137,97.617,103.236,110.013,121.649,17.819,27.132,110.013,167.357,86.079,17.819,102.186,-102.186,64.742,3.263,18.338,72.248,0.2111,-0.409,0.1467,0.5028
bhujangasana_tf_0226,170.27,155.765,162.262,14.147,19.276,22.788,127.824,99.859,91.547,69.727,155.765,170.27,14.147,162.262,69.727,91.547,99.859,127.824,14.155,25.368,99.859,155.765,14.147,14.155,104.822,-104.822,43.268,77.358,34.218,75.997,0.2558,-0.294,0.2587,0.446
bhujangasana_tf_0227,154.758,158.522,176.509,10.561,17.107,5.045,107.675,99.264,98.611,93.361,154.758,158.522,10.561,176.509,93.361,98.611,99.264,107.675,7.249,18.427,99.264,158.522,10.561,7.249,96.873,-96.873,51.547,6.204,9.012,82.141,0.1197,-0.5146,0.2989,0.3945
bhujangasana_tf_0228,164.559,162.138,172.151,160.966,25.304,10.287,113.792,102.356,100.207,97.524,162.138,164.559,160.966,172.151,97.524,100.207,102.356,113.792,16.673,21.864,102.356,162.138,160.966,16.673,100.456,-100.456,61.871,4.359,13.7,77.866,0.1815,-0.4643,0.1352,0.459
bhujangasana_tf_0229,176.338,143.58,159.864,50.866,13.951,48.42,128.947,96.805,93.092,15.492,143.58,176.338,50.866,159.864,15.492,93.092,96.805,128.947,23.496,99.072,96.805,143.58,159.864,23.496,102.705,-102.705,32.186,67.761,57.667,71.458,0.2199,-0.1318,0.1179,0.388
bhujangasana_tf_0230,167.204,165.005,154.008,107.295,29.822,78.09,172.961,129.673,75.932,58.649,165.005,167.204,107.295,154.008,58.649,75.932,129.673,172.961,42.45,121.869,129.673,165.005,107.295,121.869,132.249,-132.249,28.192,64.675,81.956,63.557,0.6724,0.0852,0.1975,0.7679
bhujangasana_tf_0231,174.993,171.5,134.233,87.499,20.048,51.237,170.602,145.705,73.366,47.397,171.5,174.993,87.499,134.233,47.397,73.366,145.705,170.602,41.887,103.963,145.705,171.5,87.499,103.963,136.564,-136.564,19.131,47.644,38.253,67.73,0.7261,0.1481,0.19,0.8349
bhujangasana_tf_0232,171.271,173.752,101.62,66.016,12.462,24.382,176.922,169.275,70.099,32.844,171.271,173.752,66.016,101.62,32.844,70.099,169.275,176.922,44.433,78.47,176.922,171.271,101.62,44.433,144.32,-144.32,4.914,31.546,29.116,55.099,0.8123,0.3343,0.2708,0.7829
bhujangasana_tf_0233,174.518,171.974,85.679,61.574,7.387,24.528,175.394,171.601,64.266,29.049,171.974,174.518,61.574,85.679,29.049,64.266,171.601,175.394,39.668,72.147,175.394,174.518,61.574,72.147,146.231,-146.231,5.1,31.869,27.812,55.301,0.8313,0.4213,0.3134,0.7213
bhujangasana_tf_0234,179.295,177.348,76.149,62.341,2.622,25.445,178.325,170.184,62.858,23.017,177.348,179.295,62.341,76.149,23.017,62.858,170.184,178.325,36.571,66.82,178.325,179.295,62.341,66.82,145.002,-145.002,1.082,32.289,28.372,56.012,0.8192,0.4314,0.2722,0.6801
bhujangasana_tf_0235,175.263,179.039,56.347,63.748,0.957,8.106,163.817,158.691,154.673,149.527,175.263,179.039,56.347,63.748,149.527,154.673,158.691,163.817,42.27,48.882,158.691,179.039,63.748,42.27,73.464,73.464,1.853,54.114,53.45,0.393,-0.2846,-0.068,0.0808,0.0413
bhujangasana_tf_0236,173.162,177.559,60.54,64.156,0.1,6.721,165.655,159.706,152.649,151.563,173.162,177.559,60.54,64.156,151.563,152.649,159.706,165.655,44.274,47.216,159.706,177.559,64.156,44.274,73.635,73.635,2.487,29.804,52.051,1.088,-0.2818,-0.0722,0.0679,0.0537
bhujangasana_tf_0237,174.428,178.5,59.645,63.778,0.322,7.895,164.047,158.611,156.288,151.064,174.428,178.5,59.645,63.778,151.064,156.288,158.611,164.047,43.46,50.177,158.611,178.5,63.778,43.46,73.142,73.142,5.463,36.686,55.257,0.158,-0.29,-0.0958,0.0667,0.0637
bhujangasana_tf_0238,173.619,178.861,63.458,65.989,1.012,10.321,163.65,156.108,162.908,147.989,173.619,178.861,63.458,65.989,147.989,162.908,156.108,163.65,38.702,55.477,156.108,178.861,65.989,38.702,71.639,71.639,5.106,52.959,66.155,1.081,-0.315,-0.0999,0.0669,0.0793
bhujangasana_tf_0239,173.604,177.01,74.186,69.458,9.102,7.187,163.256,158.112,164.506,149.231,173.604,177.01,69.458,74.186,149.231,164.506,158.112,163.256,40.753,57.238,158.112,177.01,69.458,40.753,72.131,72.131,5.782,38.262,55.424,0.524,-0.3068,-0.1049,0.0659,0.0893
bhujangasana_tf_0240,174.538,178.951,75.609,68.805,9.886,5.869,159.004,152.734,168.685,156.446,174.538,178.951,68.805,75.609,156.446,168.685,152.734,159.004,44.634,59.484,152.734,178.951,68.805,44.634,69.531,69.531,4.535,17.05,37.64,1.794,-0.3497,-0.1036,0.1046,0.172
bhujangasana_tf_0241,174.191,175.647,102.397,80.265,29.281,3.414,153.144,147.631,177.482,161.114,174.191,175.647,80.265,102.397,161.114,177.482,147.631,153.144,44.871,66.258,147.631,175.647,80.265,44.871,66.37,66.37,7.179,3.418,27.514,5.632,-0.4008,-0.1466,0.1932,0.2276
bhujangasana_tf_0242,179.3,177.34,105.068,84.148,30.418,3.01,145.305,141.21,179.595,163.552,177.34,179.3,84.148,105.068,163.552,179.595,141.21,145.305,43.344,65.768,141.21,177.34,84.148,43.344,63.124,63.124,7.324,7.388,9.681,8.582,-0.4521,-0.1749,0.1858,0.2731
bhujangasana_tf_0243,178.867,177.097,109.827,89.555,29.031,1.754,144.939,139.193,179.441,164.462,177.097,178.867,89.555,109.827,164.462,179.441,139.193,144.939,41.934,66.332,139.193,177.097,89.555,41.934,61.911,61.911,8.984,10.176,2.165,8.279,-0.4708,-0.2064,0.163,0.3229
bhujangasana_tf_0244,171.057,177.616,119.311,94.144,34.248,1.597,145.631,135.336,173.807,167.225,171.057,177.616,94.144,119.311,167.225,173.807,135.336,145.631,40.631,69.386,135.336,177.616,94.144,40.631,58.696,58.696,8.124,12.459,9.869,7.562,-0.5196,-0.2309,0.1822,0.4635
bhujangasana_tf_0245,178.769,175.442,114.846,101.229,35.152,1.784,139.587,132.623,172.355,169.711,175.442,178.769,101.229,114.846,169.711,172.355,132.623,139.587,39.706,70.072,132.623,175.442,101.229,39.706,56.893,56.893,9.409,14.689,19.147,7.372,-0.5462,-0.2854,0.2129,0.5521
bhujangasana_tf_0246,179.61,178.979,109.031,103.629,33.168,2.02,138.235,131.383,172.708,168.944,178.979,179.61,103.629,109.031,168.944,172.708,131.383,138.235,38.371,69.083,131.383,178.979,103.629,38.371,56.283,56.283,8.683,17.027,25.323,8.044,-0.5551,-0.2637,0.1886,0.5436
bhujangasana_tf_0247,179.653,170.592,112.433,108.611,36.741,1.984,133.802,131.796,171.182,169.57,170.592,179.653,108.611,112.433,169.57,171.182,131.796,133.802,36.314,70.611,131.796,170.592,108.611,36.314,55.146,55.146,11.259,19.441,27.358,4.948,-0.5715,-0.323,0.3216,0.6332
bhujangasana_tf_0248,167.076,157.221,124.255,114.086,40.674,3.726,135.68,125.988,170.584,168.864,157.221,167.076,114.086,124.255,168.864,170.584,125.988,135.68,28.304,67.649,125.988,157.221,114.086,28.304,49.992,49.992,9.797,14.375,16.686,3.452,-0.6429,-0.3727,0.3413,0.7538
bhujangasana_tf_0249,156.908,151.283,131.875,122.191,32.895,14.275,125.299,110.454,171.826,168.339,151.283,156.908,122.191,131.875,168.339,171.826,110.454,125.299,13.783,56.584,110.454,151.283,122.191,13.783,38.728,38.728,1.327,9.212,20.481,4.991,-0.7801,-0.3923,0.44,0.9302
bhujangasana_tf_0250,164.419,159.874,133.327,123.646,29.347,18.754,114.869,94.298,171.551,167.196,159.874,164.419,123.646,133.327,167.196,171.551,94.298,114.869,8.486,53.289,94.298,159.874,123.646,8.486,34.42,34.42,2.4,6.211,8.007,16.992,-0.8249,-0.3762,0.41,0.9295
bhujangasana_tf_0251,176.543,164.85,150.888,127.543,38.686,21.495,103.546,88.616,169.231,165.189,164.85,176.543,127.543,150.888,165.189,169.231,88.616,103.546,4.314,53.064,88.616,164.85,127.543,4.314,32.304,32.304,0.034,6.917,17.065,20.509,-0.8452,-0.3774,0.5197,0.9477
bhujangasana_tf_0252,155.927,147.589,164.268,142.149,35.34,35.488,69.676,74.466,169.97,167.292,147.589,155.927,142.149,164.268,167.292,169.97,69.676,74.466,16.269,43.088,74.466,147.589,142.149,16.269,17.203,17.203,4.415,1.957,11.591,11.974,-0.9553,-0.3635,0.7814,1.3269
bhujangasana_tf_0253,128.665,166.111,168.371,157.749,32.46,32.221,37.088,32.497,169.145,168.224,128.665,166.111,157.749,168.371,168.224,169.145,32.497,37.088,20.597,38.299,32.497,166.111,157.749,20.597,10.411,10.411,5.896,0.896,2.701,48.681,-0.9835,-0.3524,0.5131,1.3044
bhujangasana_tf_0254,167.718,163.987,175.503,170.731,35.394,40.828,52.044,22.929,168.12,168.355,163.987,167.718,170.731,175.503,168.12,168.355,22.929,52.044,33.223,36.212,52.044,167.718,175.503,33.223,1.798,-1.798,5.106,0.115,0.968,59.298,-0.9995,-0.3763,0.3674,1.5352
bhujangasana_tf_0255,168.841,159.012,173.178,178.286,36.864,39.174,38.867,30.308,168.486,167.854,159.012,168.841,173.178,178.286,167.854,168.486,30.308,38.867,33.656,38.343,38.867,168.841,173.178,33.656,2.319,-2.319,0.361,0.582,2.155,73.275,-0.9992,-0.3761,0.3748,1.5605
bhujangasana_tf_0256,153.443,159.815,167.214,178.966,38.426,38.968,30.175,30.549,167.865,169.101,153.443,159.815,167.214,178.966,167.865,169.101,30.175,30.549,32.256,39.492,30.175,153.443,167.214,32.256,4.524,-4.524,2.6,1.041,1.318,79.946,-0.9969,-0.3974,0.3595,1.5915
bhujangasana_tf_0257,140.652,159.007,164.631,177.116,36.867,36.88,16.654,24.36,167.489,168.514,140.652,159.007,164.631,177.116,167.489,168.514,16.654,24.36,29.428,38.377,16.654,140.652,164.631,29.428,5.509,-5.509,2.281,0.966,0.005,87.469,-0.9954,-0.3907,0.3711,1.4651
bhujangasana_tf_0258,135.413,175.437,163.124,173.891,37.748,37.633,8.899,39.293,167.251,168.286,135.413,175.437,163.124,173.891,167.251,168.286,8.899,39.293,29.628,40.668,8.899,135.413,163.124,29.628,6.817,-6.817,2.119,1.426,1.09,79.66,-0.9929,-0.382,0.3433,1.4872
bhujangasana_tf_0259,25.428,74.709,153.793,167.519,32.027,41.261,49.556,0.474,167.086,164.865,25.428,74.709,153.793,167.519,164.865,167.086,0.474,49.556,19.646,47.331,49.556,25.428,153.793,19.646,13.653,-13.653,9.191,4.489,3.486,33.712,-0.9717,-0.4573,0.6401,1.3567
bhujangasana_tf_0260,174.936,155.923,149.492,171.489,29.27,44.956,63.627,55.969,165.504,161.812,155.923,174.936,149.492,171.489,161.812,165.504,55.969,63.627,15.664,48.983,63.627,174.936,149.492,15.664,16.182,-16.182,10.487,2.162,5.717,25.205,-0.9604,-0.4217,0.9348,1.1968
bhujangasana_tf_0261,162.899,177.294,140.085,168.115,27.899,43.93,75.924,74.407,162.472,163.578,162.899,177.294,140.085,168.115,162.472,163.578,74.407,75.924,10.065,49.365,75.924,162.899,140.085,10.065,21.802,-21.802,1.235,0.46,7.758,21.54,-0.9285,-0.4715,1.0339,1.1311
bhujangasana_tf_0262,177.79,172.932,138.33,160.522,29.442,45.704,60.996,93.865,166.662,166.983,172.932,177.79,138.33,160.522,166.662,166.983,60.996,93.865,10.17,55.653,60.996,177.79,138.33,10.17,26.01,-26.01,4.344,4.638,10.978,32.172,-0.8987,-0.5096,0.7207,1.3385
bhujangasana_tf_0263,169.834,175.524,143.035,162.239,26.39,43.044,57.821,92.549,167.741,165.315,169.834,175.524,143.035,162.239,165.315,167.741,57.821,92.549,9.621,51.581,57.821,169.834,143.035,9.621,22.221,-22.221,5.803,4.632,15.135,34.346,-0.9257,-0.4619,0.5445,1.2471
bhujangasana_tf_0264,139.759,173.678,118.471,139.097,20.125,42.965,109.229,117.802,168.678,167.056,139.759,173.678,118.471,139.097,167.056,168.678,109.229,117.802,5.985,61.723,109.229,139.759,118.471,5.985,35.745,-35.745,3.143,6.038,13.442,1.922,-0.8116,-0.4935,0.2214,0.981
bhujangasana_tf_0265,175.807,162.079,97.3,117.53,4.638,41.323,137.035,149.089,169.395,176.629,162.079,175.807,97.3,117.53,169.395,176.629,137.035,149.089,43.586,70.054,137.035,175.807,97.3,43.586,61.139,-61.139,9.954,11.16,7.044,7.156,-0.4827,-0.2541,0.3538,0.5868
bhujangasana_tf_0266,170.579,162.876,95.707,111.382,5.334,33.704,141.456,150.979,169.542,177.573,162.876,170.579,95.707,111.382,169.542,177.573,141.456,150.979,45.287,63.862,141.456,170.579,95.707,45.287,61.615,-61.615,5.957,7.787,5.252,4.289,-0.4754,-0.2049,0.3168,0.5679
bhujangasana_tf_0267,174.512,172.363,86.965,109.232,3.453,28.54,145.058,150.238,164.67,170.354,172.363,174.512,86.965,109.232,164.67,170.354,145.058,150.238,46.637,58.158,145.058,174.512,86.965,46.637,65.181,-65.181,5.997,1.202,0.832,6.909,-0.4198,-0.1599,0.2721,0.4898
bhujangasana_tf_0268,172.219,173.12,72.446,81.668,2.314,18.716,155.933,164.317,153.126,161.518,172.219,173.12,72.446,81.668,153.126,161.518,155.933,164.317,42.694,57.428,155.933,172.219,72.446,42.694,72.861,-72.861,2.014,2.396,40.493,1.593,-0.2947,-0.0282,0.109,0.1939
bhujangasana_tf_0269,173.967,173.04,68.066,75.86,3.726,16.422,157.887,165.939,150.867,157.032,173.04,173.967,68.066,75.86,150.867,157.032,157.887,165.939,42.479,53.729,157.887,173.967,68.066,42.479,74.268,-74.268,1.495,8.119,50.652,0.758,-0.2711,-0.0294,0.1093,0.1832
bhujangasana_tf_0270,175.431,174.242,64.548,60.162,4.005,3.445,161.244,167.431,147.521,158.104,174.242,175.431,60.162,64.548,147.521,158.104,161.244,167.431,42.927,55.714,161.244,175.431,64.548,42.927,76.537,-76.537,1.856,38.227,66.259,0.179,-0.2328,-0.0255,0.1052,0.1388
bhujangasana_tf_0271,175.467,174.053,61.435,63.666,5.518,4.263,161.786,168.037,147.249,152.365,174.053,175.467,61.435,63.666,147.249,152.365,161.786,168.037,43.141,50.612,161.786,175.467,61.435,43.141,77.092,-77.092,0.78,37.841,63.142,0.211,-0.2234,0.0025,0.1228,0.1303
bhujangasana_tf_0272,176.873,175.209,60.17,62.151,8.946,0.809,163.4,169.431,142.448,142.765,175.209,176.873,60.17,62.151,142.448,142.765,163.4,169.431,39.539,42.294,163.4,176.873,60.17,39.539,78.312,-78.312,0.756,58.601,79.992,0.098,-0.2026,0.0103,0.0881,0.0535
bhujangasana_tf_0273,178.443,174.591,52.479,57.922,14.985,7.767,167.36,172.77,137.869,138.987,174.591,178.443,52.479,57.922,137.869,138.987,167.36,172.77,38.532,40.627,167.36,178.443,52.479,38.532,81.14,-81.14,10.59,59.966,88.079,1.131,-0.154,0.1393,0.0925,0.0776
bhujangasana_tf_0274,177.652,175.943,57.128,60.429,13.621,0.778,161.921,162.511,142.271,150.611,175.943,177.652,57.128,60.429,142.271,150.611,161.921,162.511,38.067,49.989,162.511,175.943,60.429,49.989,77.528,77.528,10.369,66.7,71.261,3.875,-0.216,0.1292,0.1444,0.3046
bhujangasana_tf_0275,175.634,171.171,55.292,61.441,12.464,3.447,161.22,163.985,141.071,154.622,171.171,175.634,55.292,61.441,141.071,154.622,161.22,163.985,36.634,54.861,163.985,171.171,61.441,54.861,77.826,77.826,8.098,67.452,68.964,4.343,-0.2109,0.0836,0.1476,0.352
bhujangasana_tf_0276,176.0,174.665,55.36,60.141,11.096,6.448,155.001,160.843,144.257,159.912,174.665,176.0,55.36,60.141,144.257,159.912,155.001,160.843,36.17,60.599,160.843,174.665,60.141,60.599,76.17,76.17,5.384,75.565,71.742,6.912,-0.239,0.0353,0.1947,0.4667
bhujangasana_tf_0277,175.143,174.615,66.856,58.747,9.163,12.011,155.784,166.752,149.361,160.742,174.615,175.143,58.747,66.856,149.361,160.742,155.784,166.752,42.234,66.509,166.752,174.615,58.747,66.509,79.151,79.151,1.383,79.182,72.15,7.089,-0.1882,0.0118,0.2228,0.5074
bhujangasana_tf_0278,176.409,175.512,61.778,61.85,9.805,15.449,153.217,167.344,146.779,166.092,175.512,176.409,61.778,61.85,146.779,166.092,153.217,167.344,37.905,71.674,167.344,175.512,61.85,71.674,78.058,78.058,3.867,78.285,73.094,7.909,-0.2069,0.011,0.2645,0.5485
bhujangasana_tf_0279,178.085,177.672,59.069,57.034,6.801,13.666,152.848,166.999,153.172,163.041,177.672,178.085,57.034,59.069,153.172,163.041,152.848,166.999,44.771,69.685,166.999,177.672,57.034,69.685,78.969,78.969,1.897,83.553,76.125,8.751,-0.1913,-0.0177,0.2861,0.5716
bhujangasana_tf_0280,177.596,178.071,58.548,60.423,7.198,15.649,152.948,164.44,155.95,166.662,177.596,178.071,58.548,60.423,155.95,166.662,152.948,164.44,47.501,72.029,164.44,178.071,60.423,72.029,78.314,78.314,2.978,83.782,77.796,8.603,-0.2026,-0.0141,0.2697,0.5674
bhujangasana_tf_0281,179.249,175.539,50.182,59.822,8.455,17.942,152.497,166.99,150.371,168.599,175.539,179.249,50.182,59.822,150.371,168.599,152.497,166.99,42.393,75.466,166.99,175.539,59.822,75.466,79.187,79.187,2.446,80.096,75.15,9.525,-0.1876,-0.0016,0.2462,0.5745
bhujangasana_tf_0282,179.87,177.933,55.793,55.975,7.637,17.128,152.795,167.966,151.965,166.191,177.933,179.87,55.793,55.975,151.965,166.191,152.795,167.966,45.293,75.389,167.966,177.933,55.975,75.389,80.959,80.959,0.042,81.397,79.653,10.532,-0.1571,-0.0024,0.2999,0.6289
bhujangasana_tf_0283,179.386,178.624,51.4,56.321,5.534,16.02,154.366,168.267,153.03,162.925,178.624,179.386,51.4,56.321,153.03,162.925,154.366,168.267,47.538,72.493,168.267,178.624,56.321,72.493,81.937,81.937,2.285,85.733,80.623,10.142,-0.1403,-0.0206,0.3029,0.6008
bhujangasana_tf_0284,179.551,179.145,57.172,56.915,2.239,19.08,153.304,168.358,150.338,163.292,179.145,179.551,56.915,57.172,150.338,163.292,153.304,168.358,44.464,73.785,168.358,179.145,56.915,73.785,82.152,82.152,0.012,86.046,82.301,10.822,-0.1365,0.0014,0.3032,0.6058
bhujangasana_tf_0285,179.488,177.805,57.421,56.301,5.467,19.638,150.375,167.502,145.349,162.713,177.805,179.488,56.301,57.421,145.349,162.713,150.375,167.502,38.149,73.098,167.502,177.805,56.301,73.098,81.332,81.332,3.445,86.268,84.943,12.425,-0.1507,0.021,0.3419,0.6405
bhujangasana_tf_0286,177.096,177.616,39.832,53.271,6.186,18.911,149.597,167.746,138.297,161.209,177.096,177.616,39.832,53.271,138.297,161.209,149.597,167.746,31.175,72.782,167.746,177.616,53.271,72.782,82.005,82.005,0.834,87.665,85.686,13.281,-0.1391,-0.0263,0.3117,0.6676
bhujangasana_tf_0287,177.139,178.942,28.646,48.443,9.398,21.318,151.762,171.996,129.449,157.094,177.139,178.942,28.646,48.443,129.449,157.094,151.762,171.996,27.619,75.022,171.996,178.942,48.443,75.022,87.829,87.829,0.883,84.157,83.551,15.932,-0.0379,0.0155,0.3206,0.6862
bhujangasana_tf_0288,177.924,176.854,51.154,52.426,6.032,20.295,154.326,168.696,133.928,154.745,176.854,177.924,51.154,52.426,133.928,154.745,154.326,168.696,40.894,78.723,168.696,176.854,52.426,78.723,95.292,95.292,0.686,73.414,70.687,22.641,0.0922,0.1151,0.2882,0.6451
bhujangasana_tf_0289,179.754,179.976,63.453,56.304,3.99,23.634,156.432,170.121,138.36,158.292,179.754,179.976,56.304,63.453,138.36,158.292,156.432,170.121,47.881,83.992,170.121,179.976,56.304,83.992,97.367,97.367,0.432,66.806,63.561,23.089,0.1282,0.169,0.2742,0.6226
bhujangasana_tf_0290,179.053,178.352,53.784,58.39,11.516,27.656,156.5,170.095,127.794,165.402,178.352,179.053,53.784,58.39,127.794,165.402,156.5,170.095,38.828,91.032,170.095,178.352,58.39,91.032,97.824,97.824,1.394,55.83,58.145,24.533,0.1361,0.2076,0.2617,0.6097
bhujangasana_tf_0291,178.774,177.632,51.972,59.272,14.397,28.938,157.545,171.233,128.525,167.063,177.632,178.774,51.972,59.272,128.525,167.063,157.545,171.233,40.84,94.716,171.233,177.632,59.272,94.716,99.242,99.242,0.548,48.834,53.247,24.77,0.1606,0.2336,0.2766,0.6547
bhujangasana_tf_0292,179.628,174.354,50.197,62.448,18.716,31.576,157.297,174.13,141.374,167.827,174.354,179.628,50.197,62.448,141.374,167.827,157.297,174.13,54.258,96.09,174.13,174.354,62.448,96.09,99.665,99.665,1.274,43.129,48.423,24.134,0.1679,0.2502,0.298,0.6749
bhujangasana_tf_0293,177.579,173.323,48.915,69.653,12.689,30.929,157.014,169.965,166.718,166.203,173.323,177.579,48.915,69.653,166.203,166.718,157.014,169.965,79.804,91.231,169.965,173.323,69.653,91.231,98.203,98.203,4.596,33.894,41.008,25.062,0.1427,0.2112,0.2915,0.6802
bhujangasana_tf_0294,175.928,153.846,70.781,82.847,10.473,44.491,154.831,178.136,172.895,173.957,153.846,175.928,70.781,82.847,172.895,173.957,154.831,178.136,99.16,101.715,178.136,153.846,82.847,101.715,98.728,98.728,16.425,27.256,21.254,15.893,0.1517,0.1146,0.3341,0.7816
bhujangasana_tf_0295,174.038,155.587,79.163,85.124,17.42,44.066,156.167,179.283,173.843,171.074,155.587,174.038,79.163,85.124,171.074,173.843,156.167,179.283,97.297,99.035,179.283,155.587,85.124,97.297,98.671,98.671,19.484,27.483,23.207,16.94,0.1508,0.0994,0.3571,0.7335
bhujangasana_tf_0296,177.249,166.671,98.114,87.817,38.481,43.398,153.304,169.77,166.947,172.694,166.671,177.249,87.817,98.114,166.947,172.694,153.304,169.77,96.148,105.121,169.77,166.671,87.817,96.148,97.156,97.156,17.976,28.806,24.072,23.684,0.1246,0.0951,0.3339,0.6983
bhujangasana_tf_0297,173.971,162.515,102.327,86.001,42.521,42.511,154.795,172.75,171.08,171.188,162.515,173.971,86.001,102.327,171.08,171.188,154.795,172.75,95.368,100.97,172.75,162.515,86.001,95.368,97.324,97.324,20.194,25.195,20.28,21.43,0.1275,0.1017,0.3197,0.7397
bhujangasana_tf_0298,175.843,161.023,114.389,87.318,52.308,42.754,154.304,173.527,171.96,169.601,161.023,175.843,87.318,114.389,169.601,171.96,154.304,173.527,94.018,100.509,173.527,161.023,87.318,94.018,97.585,97.585,22.772,25.042,22.548,20.89,0.132,0.058,0.3079,0.7364
bhujangasana_tf_0299,173.366,167.225,108.295,87.087,48.31,34.634,152.047,158.604,174.275,169.963,167.225,173.366,87.087,108.295,169.963,174.275,152.047,158.604,86.045,97.055,158.604,167.225,87.087,86.045,93.316,93.316,20.456,21.857,31.518,27.478,0.0578,0.0573,0.342,0.725
bhujangasana_tf_0300,172.436,167.115,136.1,91.194,65.989,36.186,149.629,158.12,172.818,169.302,167.115,172.436,91.194,136.1,169.302,172.818,149.629,158.12,83.882,96.058,158.12,167.115,91.194,83.882,91.203,91.203,17.1,21.799,30.063,26.46,0.021,0.0599,0.3842,0.7597
bhujangasana_tf_0301,171.857,156.726,136.43,93.57,66.042,34.707,147.47,157.846,172.026,170.158,156.726,171.857,93.57,136.43,170.158,172.026,147.47,157.846,81.18,95.905,157.846,156.726,93.57,81.18,89.176,89.176,16.257,18.958,30.174,23.176,-0.0144,0.0575,0.4007,0.7472
bhujangasana_tf_0302,175.362,157.116,151.44,101.795,79.552,39.998,143.997,154.365,171.452,172.054,157.116,175.362,101.795,151.44,171.452,172.054,143.997,154.365,83.531,97.449,154.365,157.116,101.795,83.531,89.881,89.881,21.162,11.965,20.725,27.112,-0.0021,0.0668,0.3301,0.8459
bhujangasana_tf_0303,173.585,172.077,144.731,100.053,69.492,35.683,141.07,143.18,174.894,172.364,172.077,173.585,100.053,144.731,172.364,174.894,141.07,143.18,81.687,92.599,143.18,172.077,100.053,81.687,88.115,88.115,23.813,4.214,3.806,36.144,-0.0329,0.0592,0.2729,1.0093
bhujangasana_tf_0304,176.011,177.259,141.079,101.771,67.251,34.848,138.454,141.357,175.62,166.883,176.011,177.259,101.771,141.079,166.883,175.62,138.454,141.357,78.039,93.711,141.357,177.259,101.771,78.039,89.938,89.938,43.687,4.725,9.681,39.799,-0.0011,-0.0667,0.1964,0.9742
bhujangasana_tf_0305,175.483,171.583,152.483,101.066,76.754,32.543,142.606,142.215,174.517,166.762,171.583,175.483,101.066,152.483,166.762,174.517,142.215,142.606,76.145,94.672,142.215,171.583,101.066,76.145,89.252,89.252,34.265,8.493,21.259,36.583,-0.0131,0.0495,0.3473,1.0857
bhujangasana_tf_0306,175.854,161.069,160.206,105.281,82.99,31.687,142.684,148.163,174.973,160.03,161.069,175.854,105.281,160.206,160.03,174.973,142.684,148.163,70.971,96.728,148.163,161.069,105.281,70.971,91.454,91.454,34.544,8.312,25.901,32.777,0.0254,0.0239,0.3235,1.0956
bhujangasana_tf_0307,172.289,168.57,178.234,115.19,96.991,41.527,140.919,147.098,173.917,158.712,168.57,172.289,115.19,178.234,158.712,173.917,140.919,147.098,74.348,98.253,147.098,168.57,115.19,74.348,93.364,93.364,31.68,11.592,24.814,38.538,0.0587,0.0678,0.3985,1.0759
bhujangasana_tf_0308,169.873,177.108,167.15,126.984,78.095,27.709,119.895,128.292,174.228,150.487,169.873,177.108,126.984,167.15,150.487,174.228,119.895,128.292,53.45,88.198,128.292,177.108,126.984,53.45,82.602,82.602,28.645,4.496,0.596,44.671,-0.1288,0.0388,0.4446,1.1734
bhujangasana_tf_0309,176.785,160.328,157.097,95.055,90.848,10.036,118.776,114.133,179.341,152.236,160.328,176.785,95.055,157.097,152.236,179.341,114.133,118.776,38.231,76.843,114.133,160.328,95.055,38.231,73.234,73.234,7.126,6.304,21.851,41.862,-0.2885,0.3765,0.4904,1.5414
bhujangasana_tf_0310,170.079,170.042,155.411,92.582,94.048,12.182,110.742,100.269,178.516,149.686,170.042,170.079,92.582,155.411,149.686,178.516,100.269,110.742,37.223,77.366,100.269,170.042,92.582,37.223,73.532,73.532,1.641,4.703,21.461,55.14,-0.2835,0.3078,0.3857,1.5442
bhujangasana_tf_0311,151.426,156.913,120.1,91.854,123.375,16.566,95.724,86.41,176.463,149.706,151.426,156.913,91.854,120.1,149.706,176.463,86.41,95.724,35.541,81.844,86.41,156.913,91.854,35.541,74.982,74.982,7.826,12.204,33.829,69.425,-0.2591,0.3032,0.4378,1.614
bhujangasana_tf_0312,172.599,171.586,146.426,101.48,101.876,18.29,110.307,95.237,175.541,148.383,171.586,172.599,101.48,146.426,148.383,175.541,95.237,110.307,29.065,78.889,95.237,171.586,101.48,29.065,70.934,70.934,13.969,8.891,31.537,54.123,-0.3267,0.2823,0.4171,1.686
bhujangasana_tf_0313,169.486,176.257,141.05,116.065,114.845,32.175,112.033,86.966,156.619,134.769,169.486,176.257,116.065,141.05,134.769,156.619,86.966,112.033,8.551,96.395,112.033,169.486,116.065,8.551,61.273,61.273,1.953,27.035,47.944,39.713,-0.4806,0.1957,0.5654,1.6781
bhujangasana_tf_0314,166.878,173.777,110.262,107.31,144.214,26.592,109.832,80.744,160.251,146.628,166.878,173.777,107.31,110.262,146.628,160.251,80.744,109.832,14.494,107.622,80.744,173.777,107.31,14.494,80.122,80.122,3.332,22.714,42.997,57.123,-0.1715,0.2966,0.7171,2.1881
bhujangasana_tf_0315,147.819,160.175,169.665,128.717,66.732,43.664,96.47,24.204,165.606,141.28,147.819,160.175,128.717,169.665,141.28,165.606,24.204,96.47,17.962,72.471,96.47,147.819,128.717,17.962,45.903,45.903,17.943,12.938,32.964,51.607,-0.6959,0.0999,1.392,1.7209
bhujangasana_tf_0316,36.161,47.02,114.047,169.932,72.433,13.198,126.673,107.403,161.526,105.948,36.161,47.02,114.047,169.932,105.948,161.526,107.403,126.673,15.38,94.996,126.673,47.02,114.047,94.996,69.26,69.26,24.256,35.658,55.905,39.848,-0.3541,0.0092,0.4672,0.8619
bhujangasana_y107_0001,174.05,173.842,62.891,52.324,1.884,5.583,161.224,162.713,155.701,155.944,173.842,174.05,52.324,62.891,155.701,155.944,161.224,162.713,41.554,46.402,162.713,173.842,52.324,46.402,68.181,68.181,5.484,71.085,87.228,2.255,-0.3717,-0.1476,0.0347,0.1689
bhujangasana_y107_0002,157.606,166.53,157.154,157.689,17.169,20.426,120.283,118.356,169.339,165.673,157.606,166.53,157.154,157.689,165.673,169.339,118.356,120.283,27.168,31.508,118.356,166.53,157.689,31.508,16.848,16.848,20.903,45.515,59.202,11.175,-0.9571,-0.5375,0.1973,0.0997
bhujangasana_y107_0003,173.546,170.416,178.755,171.443,35.618,36.017,112.037,115.129,160.014,156.98,170.416,173.546,171.443,178.755,156.98,160.014,112.037,115.129,36.22,39.428,112.037,173.546,178.755,36.22,16.321,-16.321,51.229,29.763,38.926,5.802,-0.9597,-0.5784,0.1025,0.0785
bhujangasana_y107_0004,169.687,171.495,164.397,171.417,31.369,34.426,115.52,113.712,156.559,155.603,169.687,171.495,164.397,171.417,155.603,156.559,113.712,115.52,38.003,38.322,113.712,171.495,171.417,38.322,14.245,14.245,15.915,57.583,64.426,9.787,-0.9693,-0.5888,0.1056,0.0766
bhujangasana_y107_0005,176.629,155.3,138.582,135.946,0.946,2.559,110.096,115.084,179.514,179.796,155.3,176.629,135.946,138.582,179.514,179.796,110.096,115.084,17.864,19.223,115.084,155.3,135.946,17.864,18.197,18.197,44.486,35.201,45.155,1.359,-0.95,-0.5151,0.3124,0.1165
bhujangasana_y107_0006,172.138,173.198,166.969,167.104,26.941,23.542,129.602,128.295,175.349,178.904,172.138,173.198,166.969,167.104,175.349,178.904,128.295,129.602,29.215,33.163,129.602,172.138,166.969,33.163,28.319,-28.319,14.2,68.738,86.3,10.176,-0.8803,-0.501,0.1191,0.0503
bhujangasana_y107_0007,173.212,174.598,121.118,126.05,14.891,18.213,134.688,134.215,176.98,176.657,173.212,174.598,121.118,126.05,176.657,176.98,134.215,134.688,40.861,41.56,134.688,173.212,121.118,41.56,38.053,-38.053,14.935,26.713,63.343,6.148,-0.7874,-0.4262,0.1414,0.1584
bhujangasana_y107_0008,174.577,163.247,154.522,160.007,10.353,15.325,112.841,119.255,170.872,165.547,163.247,174.577,154.522,160.007,165.547,170.872,112.841,119.255,22.107,24.639,119.255,163.247,160.007,24.639,11.569,11.569,5.713,54.248,89.651,9.862,-0.9797,-0.5799,0.1642,0.0741
bhujangasana_y107_0009,106.184,169.4,160.865,163.298,53.805,63.292,29.0,126.931,144.214,140.61,106.184,169.4,160.865,163.298,140.61,144.214,29.0,126.931,63.149,71.407,126.931,169.4,160.865,63.149,29.76,-29.76,16.661,26.781,77.045,4.914,-0.8681,-0.4266,2.2106,0.1237
bhujangasana_y107_0010,161.566,157.097,161.631,170.488,22.29,25.82,124.534,126.049,171.5,171.896,157.097,161.566,161.631,170.488,171.5,171.896,124.534,126.049,29.727,30.214,126.049,157.097,170.488,30.214,21.676,21.676,37.52,21.489,38.79,13.307,-0.9293,-0.606,0.0653,0.1233
bhujangasana_y107_0011,154.48,140.046,177.092,175.763,12.21,16.101,113.816,120.539,169.818,169.378,140.046,154.48,175.763,177.092,169.378,169.818,113.816,120.539,13.523,14.245,120.539,140.046,175.763,14.245,3.483,3.483,17.234,53.978,64.433,20.476,-0.9982,-0.6398,0.1235,0.0792
bhujangasana_y107_0012,78.224,143.413,154.81,152.703,24.557,21.725,108.48,126.066,154.644,162.429,78.224,143.413,152.703,154.81,154.644,162.429,108.48,126.066,37.421,38.157,126.066,143.413,152.703,37.421,16.538,16.538,30.122,40.841,7.136,5.679,-0.9586,-0.5931,1.1656,0.1102
bhujangasana_y107_0014,170.711,172.995,171.118,178.382,43.899,47.322,117.176,115.123,150.38,150.961,170.711,172.995,171.118,178.382,150.38,150.961,115.123,117.176,48.085,48.246,115.123,172.995,178.382,48.085,18.844,18.844,36.431,8.049,57.024,6.077,-0.9464,-0.5891,0.0718,0.0857
bhujangasana_y107_0015,167.371,166.467,105.562,133.976,6.836,13.118,142.32,143.401,172.601,164.277,166.467,167.371,105.562,133.976,164.277,172.601,142.32,143.401,31.57,39.793,142.32,167.371,105.562,39.793,47.243,-47.243,17.758,89.501,83.963,5.128,-0.6789,-0.4468,0.2395,0.1034
bhujangasana_y107_0016,172.593,173.126,167.795,169.844,62.885,60.401,133.808,133.216,147.18,150.245,172.593,173.126,167.795,169.844,147.18,150.245,133.216,133.808,65.126,68.928,133.808,172.593,167.795,68.928,35.737,-35.737,21.18,65.75,55.936,7.699,-0.8117,-0.4726,0.0975,0.0729
bhujangasana_y107_0017,171.883,169.031,117.765,118.826,9.918,16.406,130.286,133.607,175.117,172.612,169.031,171.883,117.765,118.826,172.612,175.117,130.286,133.607,38.691,41.193,130.286,171.883,117.765,38.691,33.806,-33.806,27.308,54.652,65.878,6.478,-0.8309,-0.534,0.113,0.122
bhujangasana_y107_0018,170.276,178.139,165.066,163.444,7.149,11.493,112.558,115.761,167.82,164.831,170.276,178.139,163.444,165.066,164.831,167.82,112.558,115.761,13.971,19.322,115.761,178.139,163.444,19.322,2.988,2.988,8.074,89.527,61.764,20.767,-0.9986,-0.6207,0.0665,0.0539
bhujangasana_y107_0019,169.15,166.262,165.348,157.12,28.421,25.535,126.017,124.219,171.38,169.885,166.262,169.15,157.12,165.348,169.885,171.38,124.219,126.017,34.417,34.915,126.017,169.15,165.348,34.915,25.342,-25.342,38.441,23.707,72.405,9.722,-0.9038,-0.5848,0.1905,0.1129
bhujangasana_y107_0020,66.176,65.341,93.753,125.114,21.194,26.899,133.375,135.329,165.365,174.9,65.341,66.176,93.753,125.114,165.365,174.9,133.375,135.329,47.241,57.709,133.375,66.176,93.753,57.709,42.615,-42.615,10.274,52.507,70.814,0.301,-0.7359,-0.3881,0.0192,0.1151
bhujangasana_y107_0021,171.057,176.292,170.296,159.421,59.459,44.122,118.857,120.211,152.595,155.169,171.057,176.292,159.421,170.296,152.595,155.169,118.857,120.211,53.468,63.992,120.211,176.292,159.421,53.468,32.915,32.915,28.534,9.449,4.711,1.574,-0.8395,-0.551,0.7543,0.4445
bhujangasana_y107_0022,168.548,169.278,114.132,124.088,10.991,17.885,144.953,146.588,178.927,177.281,168.548,169.278,114.132,124.088,177.281,178.927,144.953,146.588,39.903,41.965,144.953,168.548,114.132,41.965,42.829,-42.829,20.014,76.869,74.651,11.915,-0.7334,-0.4383,0.1297,0.1401
bhujangasana_y107_0023,178.803,109.111,172.412,179.756,9.783,3.579,100.343,130.038,169.13,172.145,109.111,178.803,172.412,179.756,169.13,172.145,100.343,130.038,3.46,13.391,130.038,109.111,179.756,3.46,1.083,-1.083,7.72,4.531,21.539,7.823,-0.9998,-0.5907,0.5789,0.4144
bhujangasana_y107_0024,81.097,59.754,125.076,147.609,8.957,18.535,177.966,143.755,160.872,149.037,59.754,81.097,125.076,147.609,149.037,160.872,143.755,177.966,16.409,33.081,143.755,59.754,125.076,16.409,0.287,0.287,26.128,33.847,41.615,55.873,-1.0,-0.6272,0.9148,0.3527
bhujangasana_y107_0025,171.36,161.774,96.041,117.959,13.003,25.261,140.049,143.517,172.172,173.089,161.774,171.36,96.041,117.959,172.172,173.089,140.049,143.517,49.65,51.07,140.049,171.36,96.041,51.07,42.99,-42.99,11.787,78.498,78.525,6.806,-0.7315,-0.4101,0.254,0.1714
bhujangasana_y107_0026,151.374,177.68,152.764,162.26,16.615,25.417,106.984,98.234,152.322,149.734,151.374,177.68,152.764,162.26,149.734,152.322,98.234,106.984,28.786,33.952,106.984,151.374,152.764,28.786,2.444,-2.444,26.337,37.701,30.006,4.547,-0.9991,-0.7052,0.0991,0.2786
bhujangasana_y107_0027,113.344,17.162,161.424,121.449,30.126,10.318,141.855,73.001,164.855,159.948,17.162,113.344,121.449,161.424,159.948,164.855,73.001,141.855,38.69,39.274,73.001,17.162,121.449,38.69,21.414,21.414,4.982,14.844,56.826,1.64,-0.931,-0.5425,0.3395,0.0774
bhujangasana_y107_0028,158.946,163.376,173.969,161.187,11.793,2.132,137.456,136.212,174.075,172.637,158.946,163.376,161.187,173.969,172.637,174.075,136.212,137.456,10.012,14.804,137.456,158.946,173.969,14.804,19.039,-19.039,23.656,89.812,60.974,26.727,-0.9453,-0.6731,0.2864,0.1251
bhujangasana_y107_0029,165.219,170.078,157.625,164.034,54.858,58.509,124.758,123.082,141.195,142.457,165.219,170.078,157.625,164.034,141.195,142.457,123.082,124.758,65.605,66.545,124.758,165.219,157.625,65.605,27.925,-27.925,14.757,22.015,22.889,4.081,-0.8836,-0.4283,0.0883,0.1253
bhujangasana_y107_0030,170.466,170.769,158.541,164.104,29.732,30.573,121.418,118.009,164.627,163.05,170.466,170.769,158.541,164.104,163.05,164.627,118.009,121.418,38.119,38.874,118.009,170.769,164.104,38.119,22.304,22.304,16.009,65.291,89.788,6.84,-0.9252,-0.4665,0.1433,0.0407
bhujangasana_y107_0031,163.407,167.64,166.532,176.44,39.377,38.565,136.394,130.579,169.058,172.393,163.407,167.64,166.532,176.44,169.058,172.393,130.579,136.394,40.309,45.611,130.579,167.64,176.44,40.309,33.649,33.649,29.827,0.881,43.123,7.877,-0.8324,-0.4292,0.0559,0.0955
bhujangasana_y107_0032,177.82,178.674,115.467,111.169,63.684,71.495,142.632,144.036,140.305,134.656,177.82,178.674,111.169,115.467,134.656,140.305,142.632,144.036,95.03,102.886,144.036,178.674,111.169,102.886,56.454,56.454,27.344,65.715,81.25,2.703,-0.5526,-0.3501,0.0764,0.0855
bhujangasana_y107_0033,170.391,170.696,137.157,143.097,35.014,34.281,131.21,130.741,159.005,160.755,170.391,170.696,137.157,143.097,159.005,160.755,130.741,131.21,52.093,56.233,131.21,170.391,137.157,56.233,34.059,-34.059,20.316,67.283,80.183,5.972,-0.8285,-0.4999,0.1747,0.2185
bhujangasana_y107_0034,173.686,169.711,161.753,161.0,6.581,11.927,110.858,110.801,166.653,163.537,169.711,173.686,161.0,161.753,163.537,166.653,110.801,110.858,15.215,20.815,110.801,169.711,161.0,20.815,3.114,3.114,9.605,84.111,54.078,16.449,-0.9985,-0.5586,0.1685,0.0667
bhujangasana_y107_0035,165.186,164.243,143.206,153.484,18.756,23.652,135.828,128.559,179.546,168.332,164.243,165.186,143.206,153.484,168.332,179.546,128.559,135.828,35.237,36.392,128.559,164.243,153.484,36.392,30.206,30.206,13.387,3.806,55.691,10.137,-0.8642,-0.3664,0.3384,0.2223
bhujangasana_y107_0036,165.457,167.203,176.246,179.667,16.531,22.016,125.408,123.838,179.554,177.679,165.457,167.203,176.246,179.667,177.679,179.554,123.838,125.408,18.282,22.167,123.838,167.203,179.667,22.167,18.89,18.89,34.286,1.394,44.46,13.992,-0.9461,-0.5662,0.0518,0.1457
bhujangasana_y107_0037,159.058,174.257,175.286,172.844,36.51,34.691,125.703,117.111,154.697,155.179,159.058,174.257,172.844,175.286,154.697,155.179,117.111,125.703,38.021,38.749,125.703,159.058,175.286,38.749,13.322,-13.322,18.282,6.99,12.305,13.911,-0.9731,-0.5931,0.0369,0.0137
bhujangasana_y107_0038,147.509,151.504,155.469,114.085,42.702,4.958,131.688,133.19,166.789,178.632,147.509,151.504,114.085,155.469,166.789,178.632,131.688,133.19,35.307,54.228,133.19,151.504,114.085,35.307,37.8,37.8,34.397,5.478,5.404,0.671,-0.7902,-0.5727,0.8256,0.4681
bhujangasana_y107_0039,176.428,170.255,168.942,175.001,3.599,13.126,108.732,116.657,179.413,176.891,170.255,176.428,168.942,175.001,176.891,179.413,108.732,116.657,8.518,10.747,116.657,170.255,175.001,10.747,11.024,11.024,15.197,10.236,86.717,10.8,-0.9815,-0.5508,0.0496,0.1227
bhujangasana_y107_0040,146.428,150.905,169.48,179.032,31.291,36.107,136.154,137.092,168.192,173.96,146.428,150.905,169.48,179.032,168.192,173.96,136.154,137.092,36.575,36.599,137.092,150.905,179.032,36.575,27.81,27.81,33.666,3.572,32.464,16.557,-0.8845,-0.5079,0.2143,0.2288
bhujangasana_y107_0041,177.072,179.162,131.308,20.261,26.441,57.24,169.096,171.127,173.231,4.207,177.072,179.162,20.261,131.308,4.207,173.231,169.096,171.127,14.245,167.091,171.127,179.162,20.261,167.091,1.094,1.094,3.239,12.528,2.503,86.571,-0.9998,-0.3578,0.5029,0.5874
bhujangasana_y107_0042,86.292,151.882,172.266,160.514,28.066,28.424,139.455,170.646,179.867,175.234,86.292,151.882,160.514,172.266,175.234,179.867,139.455,170.646,20.354,24.471,139.455,86.292,172.266,24.471,24.877,24.877,11.937,89.027,75.698,74.059,-0.9072,-0.6739,0.1576,0.3589
bhujangasana_y107_0043,154.739,166.535,169.368,177.478,2.011,16.561,129.336,121.426,176.048,177.801,154.739,166.535,169.368,177.478,176.048,177.801,121.426,129.336,6.845,17.693,121.426,166.535,177.478,17.693,13.259,13.259,29.621,7.274,57.276,15.931,-0.9733,-0.573,0.2979,0.1644
bhujangasana_y107_0044,175.318,176.083,72.407,97.097,18.305,37.162,159.116,162.641,179.652,179.481,175.318,176.083,72.407,97.097,179.481,179.652,159.116,162.641,67.199,67.707,159.116,175.318,72.407,67.707,67.537,-67.537,10.022,74.335,82.965,1.756,-0.3821,-0.1331,0.0482,0.1162
bhujangasana_y107_0045,179.813,179.904,128.79,97.004,88.388,65.663,157.986,153.546,135.419,140.392,179.813,179.904,97.004,128.79,135.419,140.392,153.546,157.986,103.253,111.948,153.546,179.904,97.004,103.253,65.594,65.594,37.251,7.889,22.567,0.1,-0.4132,-0.3432,0.1345,0.2437
bhujangasana_y107_0046,171.664,178.142,118.102,108.814,30.756,28.283,140.49,135.996,166.329,162.306,171.664,178.142,108.814,118.102,162.306,166.329,135.996,140.49,58.109,60.985,135.996,178.142,108.814,60.985,43.854,43.854,18.271,86.564,87.154,2.704,-0.7211,-0.4664,0.2029,0.0872
bhujangasana_y107_0047,175.747,176.878,131.643,92.708,12.89,13.612,139.095,136.143,155.274,152.092,175.747,176.878,92.708,131.643,152.092,155.274,136.143,139.095,26.325,35.546,136.143,176.878,92.708,26.325,57.511,57.511,26.973,4.442,7.556,8.09,-0.5371,-0.3316,0.2199,0.4163
bhujangasana_y107_0048,167.435,168.423,175.36,167.07,50.718,44.04,126.187,124.7,153.693,154.052,167.435,168.423,167.07,175.36,153.693,154.052,124.7,126.187,49.893,52.887,126.187,167.435,175.36,52.887,25.331,-25.331,25.739,17.901,73.069,9.608,-0.9039,-0.5359,0.1192,0.1267
bhujangasana_y107_0049,173.7,175.501,171.022,169.466,48.835,44.277,123.4,121.024,152.029,154.535,173.7,175.501,169.466,171.022,152.029,154.535,121.024,123.4,48.946,53.195,123.4,173.7,171.022,53.195,24.369,-24.369,16.955,53.826,76.221,7.543,-0.9109,-0.5128,0.1609,0.0479
bhujangasana_y107_0050,162.801,167.122,161.076,143.051,30.522,21.812,116.217,109.487,153.873,151.472,162.801,167.122,143.051,161.076,151.472,153.873,109.487,116.217,39.383,39.436,109.487,167.122,143.051,39.383,12.061,12.061,43.315,11.254,27.691,8.632,-0.9779,-0.5087,0.0442,0.0776
bhujangasana_y107_0051,173.085,174.95,121.01,121.446,13.296,14.174,131.009,132.465,175.103,176.887,173.085,174.95,121.01,121.446,175.103,176.887,131.009,132.465,38.517,40.367,131.009,173.085,121.01,40.367,35.439,-35.439,11.232,32.777,68.817,5.539,-0.8147,-0.4289,0.1132,0.1347
bhujangasana_y107_0052,92.141,65.49,148.033,161.082,12.65,12.114,154.179,106.785,163.81,166.316,65.49,92.141,148.033,161.082,163.81,166.316,106.785,154.179,1.921,3.601,154.179,92.141,148.033,1.921,15.813,15.813,16.607,68.699,88.558,0.499,-0.9622,-0.608,0.2511,0.1851
bhujangasana_y107_0053,162.698,162.966,179.965,169.295,49.658,41.859,117.788,116.572,144.984,146.377,162.698,162.966,169.295,179.965,144.984,146.377,116.572,117.788,46.686,49.674,117.788,162.698,179.965,49.674,13.881,-13.881,58.505,11.489,23.34,13.13,-0.9708,-0.5196,0.03,0.0946
bhujangasana_y107_0054,173.379,151.665,167.772,172.152,34.847,12.307,113.838,113.232,158.243,170.31,151.665,173.379,167.772,172.152,158.243,170.31,113.232,113.838,16.157,41.213,113.232,151.665,172.152,16.157,13.373,13.373,24.33,3.743,5.684,4.382,-0.9729,-0.6365,0.3122,0.5883
bhujangasana_y107_0055,165.476,169.318,64.753,47.457,3.473,9.502,162.917,163.128,162.083,162.222,165.476,169.318,47.457,64.753,162.083,162.222,162.917,163.128,46.766,50.317,162.917,165.476,64.753,50.317,66.481,-66.481,17.003,65.114,88.554,4.683,-0.3991,-0.2567,0.1096,0.2651
bhujangasana_y107_0056,170.405,169.783,149.775,167.236,39.387,44.542,113.726,117.8,143.355,150.033,169.783,170.405,149.775,167.236,143.355,150.033,113.726,117.8,50.585,53.842,113.726,170.405,149.775,53.842,18.931,-18.931,8.678,16.24,20.481,6.53,-0.9459,-0.4274,0.2592,0.2174
bhujangasana_y107_0057,160.608,161.845,160.535,165.81,12.633,15.461,130.886,128.83,179.308,179.944,160.608,161.845,160.535,165.81,179.308,179.944,128.83,130.886,20.938,22.069,128.83,161.845,165.81,22.069,21.884,21.884,3.222,46.807,76.534,16.705,-0.9279,-0.4665,0.1116,0.0728
bhujangasana_y107_0058,178.056,177.679,141.923,144.637,22.545,22.905,111.678,109.324,159.178,159.003,177.679,178.056,141.923,144.637,159.003,159.178,109.324,111.678,38.947,40.066,109.324,177.679,144.637,38.947,18.586,18.586,49.652,52.078,83.5,1.373,-0.9478,-0.5632,0.0268,0.029
bhujangasana_y107_0059,168.255,167.92,167.6,175.593,30.769,35.531,108.657,107.826,152.042,151.398,167.92,168.255,167.6,175.593,151.398,152.042,107.826,108.657,36.294,37.572,107.826,167.92,175.593,37.572,8.654,8.654,64.651,54.309,60.708,8.856,-0.9886,-0.518,0.1027,0.1047
bhujangasana_y107_0060,154.814,150.064,175.873,172.016,5.078,0.762,93.344,95.351,155.982,155.939,150.064,154.814,172.016,175.873,155.939,155.982,93.344,95.351,4.35,7.079,93.344,154.814,175.873,7.079,18.323,18.323,34.074,10.019,32.158,20.282,-0.9493,-0.4753,0.1532,0.0574
bhujangasana_y107_0061,173.636,177.075,56.232,60.796,11.926,8.995,169.519,164.434,174.6,167.321,173.636,177.075,56.232,60.796,167.321,174.6,164.434,169.519,60.786,70.397,164.434,177.075,60.796,60.786,74.669,74.669,11.875,22.78,52.816,0.969,-0.2644,-0.0943,0.1763,0.1432
bhujangasana_y107_0062,169.335,169.248,176.06,160.655,49.315,38.214,127.473,123.292,156.332,155.996,169.248,169.335,160.655,176.06,155.996,156.332,123.292,127.473,47.26,51.143,127.473,169.335,176.06,51.143,25.464,-25.464,26.821,16.664,66.71,9.999,-0.9029,-0.5218,0.1629,0.1546
bhujangasana_y107_0063,175.989,179.492,118.752,107.01,63.775,71.337,147.295,148.802,140.666,135.324,175.989,179.492,107.01,118.752,135.324,140.666,147.295,148.802,94.052,103.153,148.802,179.492,107.01,103.153,56.648,56.648,31.136,64.604,84.707,0.325,-0.5498,-0.4262,0.2221,0.2282
bhujangasana_y107_0065,162.868,166.233,177.701,169.719,9.164,13.006,108.384,106.31,165.405,163.811,162.868,166.233,169.719,177.701,163.811,165.405,106.31,108.384,8.03,8.162,108.384,162.868,177.701,8.03,7.306,7.306,29.338,48.48,52.449,24.336,-0.9919,-0.5674,0.07,0.1131
bhujangasana_y107_0066,174.976,132.233,174.726,175.123,13.771,15.553,176.248,144.172,172.139,173.804,132.233,174.976,174.726,175.123,172.139,173.804,144.172,176.248,13.313,16.206,176.248,132.233,175.123,13.313,0.634,0.634,1.035,0.424,1.019,61.289,-0.9999,-0.519,0.3739,0.6677
bhujangasana_y107_0067,168.567,168.092,177.848,166.455,50.315,42.54,127.294,125.106,155.55,155.694,168.092,168.567,166.455,177.848,155.55,155.694,125.106,127.294,48.693,51.291,127.294,168.567,177.848,51.291,25.673,-25.673,28.326,13.776,70.553,10.453,-0.9013,-0.5466,0.1674,0.1174
bhujangasana_y107_0069,167.967,161.275,143.273,135.821,25.439,19.047,133.048,129.488,167.445,166.301,161.275,167.967,135.821,143.273,166.301,167.445,129.488,133.048,40.112,42.514,129.488,161.275,135.821,40.112,28.16,28.16,10.449,84.128,74.006,13.074,-0.8816,-0.4654,0.0757,0.0628
bhujangasana_y107_0070,163.407,167.64,166.532,176.44,39.377,38.565,136.394,130.579,169.058,172.393,163.407,167.64,166.532,176.44,169.058,172.393,130.579,136.394,40.309,45.611,130.579,167.64,176.44,40.309,33.649,33.649,29.827,0.881,43.123,7.877,-0.8324,-0.4292,0.0559,0.0955
bhujangasana_y107_0071,162.527,166.856,136.789,138.319,19.829,23.407,128.167,132.222,163.88,164.119,162.527,166.856,136.789,138.319,163.88,164.119,128.167,132.222,39.977,42.065,128.167,162.527,136.789,39.977,25.032,-25.032,6.382,75.453,43.228,14.31,-0.9061,-0.427,0.1455,0.0583
bhujangasana_y107_0072,177.193,178.387,86.44,81.963,21.231,14.179,146.403,140.427,171.7,169.473,177.193,178.387,81.963,86.44,169.473,171.7,140.427,146.403,60.741,60.852,140.427,178.387,81.963,60.741,51.371,51.371,23.217,78.22,78.254,0.213,-0.6243,-0.4225,0.1693,0.1025
bhujangasana_y107_0073,17.423,11.577,120.768,102.552,10.385,18.13,73.073,95.25,172.954,173.198,11.577,17.423,102.552,120.768,172.954,173.198,73.073,95.25,10.41,28.664,95.25,17.423,102.552,10.41,12.954,12.954,4.256,0.457,0.298,1.642,-0.9746,-0.6477,0.0877,0.8486
bhujangasana_zen_0002,177.173,155.135,170.293,175.974,5.321,15.808,158.017,143.543,73.053,87.35,155.135,177.173,170.293,175.974,73.053,87.35,143.543,158.017,9.134,17.241,143.543,155.135,175.974,17.241,113.043,-113.043,14.079,84.95,78.324,48.064,0.3914,0.2236,0.1065,0.2697
bhujangasana_zen_0003,175.627,159.224,179.698,166.895,22.295,15.354,146.184,142.214,86.899,86.907,159.224,175.627,166.895,179.698,86.899,86.907,142.214,146.184,20.986,22.427,146.184,175.627,179.698,22.427,114.757,-114.757,7.525,3.546,25.288,8.288,0.4188,0.1081,0.1535,0.2239
bhujangasana_zen_0004,167.375,166.611,179.388,172.814,14.733,2.566,170.162,168.505,105.001,100.077,166.611,167.375,172.814,179.388,100.077,105.001,168.505,170.162,5.964,14.415,170.162,167.375,179.388,14.415,87.764,-87.764,27.225,60.224,85.245,10.424,-0.039,0.1596,0.1439,0.2975
bhujangasana_zen_0005,160.415,159.661,171.123,157.254,14.706,7.162,163.156,165.705,110.943,103.314,159.661,160.415,157.254,171.123,103.314,110.943,163.156,165.705,4.253,20.055,163.156,160.415,171.123,20.055,85.422,-85.422,93.065,35.722,39.067,17.733,-0.0798,0.2125,0.1286,0.5483
bhujangasana_zen_0008,167.691,164.045,151.803,176.994,3.688,35.188,169.884,161.748,117.066,131.807,164.045,167.691,151.803,176.994,117.066,131.807,161.748,169.884,10.071,33.415,161.748,164.045,176.994,33.415,77.712,77.712,60.32,21.479,18.297,26.643,-0.2128,0.2095,0.1347,0.5782
bhujangasana_zen_0009,164.857,159.112,173.735,178.927,6.711,13.537,170.126,168.338,98.392,96.308,159.112,164.857,173.735,178.927,96.308,98.392,168.338,170.126,9.409,14.043,168.338,159.112,178.927,14.043,94.438,94.438,14.008,87.79,86.312,3.926,0.0774,0.1265,0.1197,0.3421
bhujangasana_zen_0010,153.357,146.531,101.172,167.621,11.058,20.287,165.662,159.411,126.214,89.245,146.531,153.357,101.172,167.621,89.245,126.214,159.411,165.662,23.004,45.93,159.411,146.531,167.621,23.004,105.322,105.322,31.604,20.676,26.852,3.17,0.2642,0.6159,0.1109,0.9123
bhujangasana_zen_0011,106.828,148.637,30.791,8.473,54.59,50.829,120.668,161.454,174.17,136.653,106.828,148.637,8.473,30.791,136.653,174.17,120.668,161.454,109.601,169.231,120.668,106.828,30.791,169.231,174.189,-174.189,1.995,1.542,1.487,14.069,0.9949,0.6141,0.4036,1.4698
bhujangasana_zen_0012,152.188,177.308,171.158,156.058,15.436,2.121,146.689,170.766,80.174,84.08,152.188,177.308,156.058,171.158,80.174,84.08,146.689,170.766,11.869,19.199,146.689,152.188,171.158,19.199,113.576,-113.576,9.699,54.923,36.492,4.287,0.4,0.1605,0.2343,0.4766
bhujangasana_zen_0013,158.5,168.798,170.103,153.694,18.858,0.112,153.061,158.47,112.941,105.349,158.5,168.798,153.694,170.103,105.349,112.941,153.061,158.47,11.749,24.25,153.061,158.5,170.103,24.25,89.046,-89.046,29.646,44.827,52.638,25.13,-0.0167,0.212,0.2147,0.5501
bhujangasana_zen_0015,171.031,171.783,175.861,177.697,0.171,25.795,172.707,166.215,106.539,119.121,171.031,171.783,175.861,177.697,106.539,119.121,166.215,172.707,2.162,24.571,166.215,171.783,177.697,24.571,80.924,80.924,62.57,47.772,57.181,18.334,-0.1577,0.1661,0.13,0.4661
bhujangasana_zen_0016,165.854,166.108,83.939,179.772,22.531,16.087,170.994,169.954,158.313,96.776,165.854,166.108,83.939,179.772,96.776,158.313,169.954,170.994,15.978,67.088,169.954,166.108,179.772,15.978,94.058,94.058,11.899,88.625,85.086,0.844,0.0708,0.1414,0.1261,0.4841
bhujangasana_zen_0017,178.741,170.841,59.725,155.092,8.456,30.669,174.545,179.324,136.016,57.585,170.841,178.741,59.725,155.092,57.585,136.016,174.545,179.324,21.48,74.111,179.324,170.841,155.092,21.48,130.082,130.082,25.157,28.075,23.694,33.551,0.6439,0.4872,0.1773,0.9155
bhujangasana_zen_0018,151.286,171.528,161.685,24.877,17.064,19.825,164.445,179.06,5.716,31.055,151.286,171.528,24.877,161.685,5.716,31.055,164.445,179.06,10.582,14.198,179.06,171.528,161.685,10.582,179.128,-179.128,1.534,2.355,2.308,58.148,0.9999,0.5793,0.2654,1.1125
bhujangasana_zen_0019,172.083,176.273,177.748,112.605,18.03,11.009,174.977,179.157,83.25,112.692,172.083,176.273,112.605,177.748,83.25,112.692,174.977,179.157,17.066,29.46,174.977,172.083,177.748,17.066,105.439,-105.439,7.574,71.657,63.16,7.611,0.2662,0.1644,0.1509,0.6328
bhujangasana_zen_0020,162.608,169.879,178.318,151.62,24.089,2.262,162.79,168.036,116.675,119.372,162.608,169.879,151.62,178.318,116.675,119.372,162.79,168.036,17.192,23.242,162.79,162.608,178.318,23.242,82.503,-82.503,20.257,51.873,59.293,20.643,-0.1305,0.0144,0.1229,0.5455
bhujangasana_zen_0021,171.587,176.156,164.372,154.767,39.989,39.236,155.102,178.218,169.462,162.034,171.587,176.156,154.767,164.372,162.034,169.462,155.102,178.218,26.195,31.963,178.218,171.587,154.767,26.195,7.37,-7.37,11.042,5.943,15.184,83.553,-0.9917,-0.1398,0.2745,1.1188
bhujangasana_zen_0022,172.949,170.17,174.408,168.839,10.505,30.327,172.746,167.489,129.909,137.385,170.17,172.949,168.839,174.408,129.909,137.385,167.489,172.746,7.768,24.224,167.489,170.17,168.839,24.224,62.717,62.717,38.44,35.858,47.44,35.672,-0.4584,0.0657,0.1956,0.5857
bhujangasana_zen_0023,171.046,168.193,79.266,173.992,26.869,20.268,175.513,167.886,175.26,92.548,168.193,171.046,79.266,173.992,92.548,175.26,167.886,175.513,17.515,86.467,167.886,168.193,173.992,17.515,98.217,98.217,3.717,84.32,79.308,2.852,0.1429,0.0909,0.1778,0.556
bhujangasana_zen_0024,175.952,177.974,58.98,167.527,3.93,23.627,177.765,175.041,146.139,62.37,175.952,177.974,58.98,167.527,62.37,146.139,175.041,177.765,19.213,77.98,175.041,177.974,167.527,19.213,124.144,124.144,5.858,46.204,40.455,24.076,0.5613,0.3483,0.1879,0.8603
bhujangasana_zen_0025,157.545,161.778,102.784,104.911,88.454,89.952,35.94,68.99,176.858,176.427,157.545,161.778,102.784,104.911,176.427,176.858,35.94,68.99,41.791,44.804,68.99,161.778,102.784,41.791,7.395,-7.395,2.328,0.414,6.597,62.241,-0.9917,-0.1403,0.7584,3.334
bhujangasana_zen_0026,151.379,176.32,75.845,106.645,18.39,40.665,157.869,159.052,160.56,174.775,151.379,176.32,75.845,106.645,160.56,174.775,157.869,159.052,62.066,78.083,157.869,151.379,75.845,62.066,82.538,-82.538,12.738,12.48,21.334,13.636,-0.1299,-0.053,0.1634,0.6492
bhujangasana_zen_0027,165.064,170.462,52.623,60.623,9.991,11.296,175.437,174.192,146.175,147.643,165.064,170.462,52.623,60.623,146.175,147.643,174.192,175.437,50.007,52.941,175.437,165.064,52.623,52.941,84.652,-84.652,7.773,81.725,74.431,1.329,-0.0932,0.0327,0.0981,0.2513
bhujangasana_zen_0028,152.215,162.604,11.074,140.541,47.016,5.784,179.175,177.442,158.078,129.173,152.215,162.604,11.074,140.541,129.173,158.078,177.442,179.175,9.128,44.012,179.175,152.215,11.074,44.012,63.417,-63.417,13.049,24.941,44.25,24.891,-0.4475,-0.1891,0.2034,0.8045
bhujangasana_zen_0029,163.992,170.918,179.842,57.125,17.52,15.196,149.362,173.314,158.92,157.433,163.992,170.918,57.125,179.842,157.433,158.92,149.362,173.314,7.954,17.554,173.314,163.992,57.125,7.954,16.025,-16.025,3.096,14.205,2.044,55.837,-0.9611,-0.4438,0.3619,1.0506
bhujangasana_zen_0030,177.261,165.935,137.032,119.893,12.614,51.351,161.14,178.089,162.42,166.792,165.935,177.261,119.893,137.032,162.42,166.792,161.14,178.089,5.323,30.938,178.089,165.935,137.032,5.323,34.662,34.662,13.254,13.607,19.361,47.765,-0.8225,-0.3792,0.3872,1.1317
bhujangasana_zen_0031,177.212,170.732,42.504,45.149,5.92,22.686,168.142,171.294,147.932,160.67,170.732,177.212,42.504,45.149,147.932,160.67,168.142,171.294,44.489,61.928,171.294,170.732,45.149,61.928,79.035,79.035,0.534,67.334,88.506,0.035,-0.1902,0.03,0.1402,0.3018
bhujangasana_zen_0032,173.882,150.667,57.61,42.904,6.831,28.637,167.755,177.716,152.27,168.146,150.667,173.882,42.904,57.61,152.27,168.146,167.755,177.716,62.401,88.665,177.716,150.667,42.904,88.665,94.52,94.52,18.288,30.548,35.258,12.376,0.0788,0.0192,0.1658,0.769
bhujangasana_zen_0033,136.162,178.065,73.353,84.537,92.264,84.581,6.021,23.169,171.032,176.225,136.162,178.065,73.353,84.537,171.032,176.225,6.021,23.169,10.025,18.517,6.021,136.162,73.353,10.025,1.647,1.647,1.835,2.065,5.508,77.028,-0.9996,0.0824,0.2922,1.0256
bhujangasana_zen_0034,159.101,172.784,37.937,82.432,21.255,18.779,179.378,175.903,144.106,155.532,159.101,172.784,37.937,82.432,144.106,155.532,175.903,179.378,62.871,65.15,179.378,159.101,37.937,62.871,93.935,-93.935,12.365,52.371,53.237,3.715,0.0686,0.0547,0.1498,0.5417
bhujangasana_zen_0035,158.942,162.719,32.134,46.094,29.672,10.393,178.311,174.948,148.847,165.372,158.942,162.719,32.134,46.094,148.847,165.372,174.948,178.311,40.589,48.288,178.311,158.942,32.134,40.589,67.866,-67.866,0.301,33.174,52.441,19.947,-0.3768,-0.0794,0.2073,0.5915
bhujangasana_zen_0036,177.281,175.046,113.757,48.502,0.934,12.573,174.609,160.109,147.505,148.854,175.046,177.281,48.502,113.757,147.505,148.854,160.109,174.609,5.206,42.188,160.109,177.281,113.757,5.206,24.719,-24.719,2.869,35.269,54.407,57.689,-0.9084,-0.7103,0.2314,0.4549
bhujangasana_zen_0037,177.514,166.277,75.207,6.243,15.048,41.992,165.792,178.19,167.46,176.406,166.277,177.514,6.243,75.207,167.46,176.406,165.792,178.19,19.655,46.505,178.19,166.277,6.243,46.505,42.171,42.171,9.471,23.515,35.817,41.711,-0.7411,-0.2904,0.2719,0.923
bhujangasana_zen_0038,174.325,164.099,42.529,32.446,5.849,27.892,169.129,176.481,148.563,152.852,164.099,174.325,32.446,42.529,148.563,152.852,169.129,176.481,44.976,58.895,176.481,164.099,32.446,58.895,81.494,81.494,0.244,74.174,88.9,0.438,-0.1479,0.0561,0.2156,0.5183
bhujangasana_zen_0039,175.988,159.492,82.753,36.358,22.659,34.202,170.363,179.108,150.624,158.777,159.492,175.988,36.358,82.753,150.624,158.777,170.363,179.108,64.182,85.396,179.108,159.492,36.358,85.396,99.712,99.712,6.998,54.056,54.608,13.195,0.1687,0.1736,0.2095,0.6209
bhujangasana_zen_0040,168.795,170.426,72.879,62.245,115.637,132.515,159.944,157.34,160.029,176.944,168.795,170.426,62.245,72.879,160.029,176.944,157.34,159.944,150.434,175.216,159.944,168.795,72.879,175.216,170.803,-170.803,9.2,4.906,3.02,80.038,0.9871,0.8447,0.3269,1.5316
bhujangasana_zen_0041,165.346,176.677,22.911,34.926,41.164,27.116,176.66,169.5,143.503,114.929,165.346,176.677,22.911,34.926,114.929,143.503,169.5,176.66,67.533,120.617,176.66,165.346,22.911,120.617,144.647,-144.647,5.153,23.218,16.533,53.103,0.8156,0.5105,0.2399,0.9138
bhujangasana_zen_0042,157.586,169.598,8.773,84.599,24.317,1.551,173.265,173.028,93.275,113.021,157.586,169.598,8.773,84.599,93.275,113.021,173.028,173.265,25.167,26.76,173.265,157.586,8.773,25.167,103.22,-103.22,6.184,80.028,68.304,10.711,0.2287,0.1312,0.1768,0.6725
bhujangasana_zen_0043,163.51,177.224,3.625,42.668,34.319,13.854,167.718,176.514,135.22,134.337,163.51,177.224,3.625,42.668,134.337,135.22,167.718,176.514,14.418,32.72,167.718,163.51,3.625,32.72,69.733,-69.733,17.614,47.702,59.672,24.782,-0.3464,-0.221,0.1428,0.788
bhujangasana_zen_0044,171.559,178.961,99.711,115.101,26.408,28.183,160.369,165.975,151.791,176.104,171.559,178.961,99.711,115.101,151.791,176.104,160.369,165.975,9.2,11.457,160.369,171.559,99.711,9.2,1.9,-1.9,4.413,4.634,9.411,88.672,-0.9994,-0.4681,0.218,1.0771
bhujangasana_zen_0045,177.554,169.55,88.079,10.947,8.017,34.375,169.989,173.522,154.872,155.327,169.55,177.554,10.947,88.079,154.872,155.327,169.989,173.522,19.923,37.936,173.522,169.55,10.947,37.936,54.622,54.622,11.214,38.921,53.951,33.869,-0.579,-0.2428,0.1776,0.6924
bhujangasana_zen_0046,174.867,163.823,60.668,11.767,3.711,28.958,173.512,173.298,152.467,142.311,163.823,174.867,11.767,60.668,142.311,152.467,173.298,173.512,32.474,36.861,173.298,163.823,11.767,36.861,67.799,67.799,9.671,55.168,67.664,22.152,-0.3779,-0.1476,0.1895,0.6655
bhujangasana_zen_0047,173.674,166.089,36.054,19.837,8.889,33.859,172.877,174.926,113.042,149.215,166.089,173.674,19.837,36.054,113.042,149.215,172.877,174.926,21.718,76.357,174.926,166.089,19.837,76.357,97.68,97.68,7.396,70.988,68.796,5.799,0.1336,0.1229,0.1777,0.6997
bhujangasana_zen_0048,170.2,170.15,14.015,25.566,44.661,59.708,163.258,166.396,158.543,162.334,170.15,170.2,14.015,25.566,158.543,162.334,163.258,166.396,103.847,178.778,166.396,170.15,25.566,178.778,141.701,141.701,5.721,20.717,18.071,52.046,0.7848,0.5598,0.2072,1.1514
bhujangasana_zen_0050,177.173,155.135,170.293,175.974,5.321,15.808,158.017,143.543,73.053,87.35,155.135,177.173,170.293,175.974,73.053,87.35,143.543,158.017,9.134,17.241,143.543,155.135,175.974,17.241,113.043,-113.043,14.079,84.95,78.324,48.064,0.3914,0.2236,0.1065,0.2697
bhujangasana_zen_0051,175.627,159.224,179.698,166.895,22.295,15.354,146.184,142.214,86.899,86.907,159.224,175.627,166.895,179.698,86.899,86.907,142.214,146.184,20.986,22.427,146.184,175.627,179.698,22.427,114.757,-114.757,7.525,3.546,25.288,8.288,0.4188,0.1081,0.1535,0.2239
bhujangasana_zen_0052,167.375,166.611,179.388,172.814,14.733,2.566,170.162,168.505,105.001,100.077,166.611,167.375,172.814,179.388,100.077,105.001,168.505,170.162,5.964,14.415,170.162,167.375,179.388,14.415,87.764,-87.764,27.225,60.224,85.245,10.424,-0.039,0.1596,0.1439,0.2975
bhujangasana_zen_0053,160.415,159.661,171.123,157.254,14.706,7.162,163.156,165.705,110.943,103.314,159.661,160.415,157.254,171.123,103.314,110.943,163.156,165.705,4.253,20.055,163.156,160.415,171.123,20.055,85.422,-85.422,93.065,35.722,39.067,17.733,-0.0798,0.2125,0.1286,0.5483
bhujangasana_zen_0056,167.691,164.045,151.803,176.994,3.688,35.188,169.884,161.748,117.066,131.807,164.045,167.691,151.803,176.994,117.066,131.807,161.748,169.884,10.071,33.415,161.748,164.045,176.994,33.415,77.712,77.712,60.32,21.479,18.297,26.643,-0.2128,0.2095,0.1347,0.5782
bhujangasana_zen_0057,164.857,159.112,173.735,178.927,6.711,13.537,170.126,168.338,98.392,96.308,159.112,164.857,173.735,178.927,96.308,98.392,168.338,170.126,9.409,14.043,168.338,159.112,178.927,14.043,94.438,94.438,14.008,87.79,86.312,3.926,0.0774,0.1265,0.1197,0.3421
bhujangasana_zen_0058,153.357,146.531,101.172,167.621,11.058,20.287,165.662,159.411,126.214,89.245,146.531,153.357,101.172,167.621,89.245,126.214,159.411,165.662,23.004,45.93,159.411,146.531,167.621,23.004,105.322,105.322,31.604,20.676,26.852,3.17,0.2642,0.6159,0.1109,0.9123
bhujangasana_zen_0059,106.828,148.637,30.791,8.473,54.59,50.829,120.668,161.454,174.17,136.653,106.828,148.637,8.473,30.791,136.653,174.17,120.668,161.454,109.601,169.231,120.668,106.828,30.791,169.231,174.189,-174.189,1.995,1.542,1.487,14.069,0.9949,0.6141,0.4036,1.4698
bhujangasana_zen_0060,152.188,177.308,171.158,156.058,15.436,2.121,146.689,170.766,80.174,84.08,152.188,177.308,156.058,171.158,80.174,84.08,146.689,170.766,11.869,19.199,146.689,152.188,171.158,19.199,113.576,-113.576,9.699,54.923,36.492,4.287,0.4,0.1605,0.2343,0.4766
bhujangasana_zen_0061,158.5,168.798,170.103,153.694,18.858,0.112,153.061,158.47,112.941,105.349,158.5,168.798,153.694,170.103,105.349,112.941,153.061,158.47,11.749,24.25,153.061,158.5,170.103,24.25,89.046,-89.046,29.646,44.827,52.638,25.13,-0.0167,0.212,0.2147,0.5501
bhujangasana_zen_0063,171.031,171.783,175.861,177.697,0.171,25.795,172.707,166.215,106.539,119.121,171.031,171.783,175.861,177.697,106.539,119.121,166.215,172.707,2.162,24.571,166.215,171.783,177.697,24.571,80.924,80.924,62.57,47.772,57.181,18.334,-0.1577,0.1661,0.13,0.4661
bhujangasana_zen_0064,165.854,166.108,83.939,179.772,22.531,16.087,170.994,169.954,158.313,96.776,165.854,166.108,83.939,179.772,96.776,158.313,169.954,170.994,15.978,67.088,169.954,166.108,179.772,15.978,94.058,94.058,11.899,88.625,85.086,0.844,0.0708,0.1414,0.1261,0.4841
bhujangasana_zen_0065,178.741,170.841,59.725,155.092,8.456,30.669,174.545,179.324,136.016,57.585,170.841,178.741,59.725,155.092,57.585,136.016,174.545,179.324,21.48,74.111,179.324,170.841,155.092,21.48,130.082,130.082,25.157,28.075,23.694,33.551,0.6439,0.4872,0.1773,0.9155
bhujangasana_zen_0066,151.286,171.528,161.685,24.877,17.064,19.825,164.445,179.06,5.716,31.055,151.286,171.528,24.877,161.685,5.716,31.055,164.445,179.06,10.582,14.198,179.06,171.528,161.685,10.582,179.128,-179.128,1.534,2.355,2.308,58.148,0.9999,0.5793,0.2654,1.1125
bhujangasana_zen_0067,172.083,176.273,177.748,112.605,18.03,11.009,174.977,179.157,83.25,112.692,172.083,176.273,112.605,177.748,83.25,112.692,174.977,179.157,17.066,29.46,174.977,172.083,177.748,17.066,105.439,-105.439,7.574,71.657,63.16,7.611,0.2662,0.1644,0.1509,0.6328
bhujangasana_zen_0068,162.608,169.879,178.318,151.62,24.089,2.262,162.79,168.036,116.675,119.372,162.608,169.879,151.62,178.318,116.675,119.372,162.79,168.036,17.192,23.242,162.79,162.608,178.318,23.242,82.503,-82.503,20.257,51.873,59.293,20.643,-0.1305,0.0144,0.1229,0.5455
bhujangasana_zen_0069,171.587,176.156,164.372,154.767,39.989,39.236,155.102,178.218,169.462,162.034,171.587,176.156,154.767,164.372,162.034,169.462,155.102,178.218,26.195,31.963,178.218,171.587,154.767,26.195,7.37,-7.37,11.042,5.943,15.184,83.553,-0.9917,-0.1398,0.2745,1.1188
bhujangasana_zen_0070,172.949,170.17,174.408,168.839,10.505,30.327,172.746,167.489,129.909,137.385,170.17,172.949,168.839,174.408,129.909,137.385,167.489,172.746,7.768,24.224,167.489,170.17,168.839,24.224,62.717,62.717,38.44,35.858,47.44,35.672,-0.4584,0.0657,0.1956,0.5857
bhujangasana_zen_0071,171.046,168.193,79.266,173.992,26.869,20.268,175.513,167.886,175.26,92.548,168.193,171.046,79.266,173.992,92.548,175.26,167.886,175.513,17.515,86.467,167.886,168.193,173.992,17.515,98.217,98.217,3.717,84.32,79.308,2.852,0.1429,0.0909,0.1778,0.556
bhujangasana_zen_0072,175.952,177.974,58.98,167.527,3.93,23.627,177.765,175.041,146.139,62.37,175.952,177.974,58.98,167.527,62.37,146.139,175.041,177.765,19.213,77.98,175.041,177.974,167.527,19.213,124.144,124.144,5.858,46.204,40.455,24.076,0.5613,0.3483,0.1879,0.8603
bhujangasana_zen_0073,170.169,168.293,172.718,162.316,20.326,3.479,160.393,179.154,100.818,101.089,168.293,170.169,162.316,172.718,100.818,101.089,160.393,179.154,11.482,16.671,160.393,170.169,172.718,16.671,93.26,-93.26,21.256,73.444,83.4,0.453,0.0569,0.129,0.7442,0.4767
bhujangasana_zen_0074,168.67,166.054,172.109,165.465,22.762,3.233,157.039,179.423,105.925,105.883,166.054,168.67,165.465,172.109,105.883,105.925,157.039,179.423,9.606,18.74,157.039,168.67,172.109,18.74,88.636,-88.636,2.016,64.214,76.075,6.854,-0.0238,0.0387,0.8321,0.602
bhujangasana_zen_0075,167.327,163.487,171.909,160.689,25.999,3.087,151.997,177.696,111.617,110.569,163.487,167.327,160.689,171.909,110.569,111.617,151.997,177.696,11.5,21.795,151.997,167.327,171.909,21.795,85.983,-85.983,2.623,56.106,67.203,11.373,-0.0701,-0.0034,0.9871,0.6478
bhujangasana_zen_0076,173.288,170.974,171.399,167.253,12.076,27.189,169.836,159.394,120.111,114.265,170.974,173.288,167.253,171.399,114.265,120.111,159.394,169.836,16.222,20.459,159.394,170.974,167.253,20.459,81.561,81.561,0.852,62.779,78.954,3.724,-0.1468,-0.0017,0.9291,0.5556
bhujangasana_zen_0077,177.161,166.151,98.396,165.405,60.958,23.457,165.446,155.706,150.914,98.06,166.151,177.161,98.396,165.405,98.06,150.914,155.706,165.446,17.122,115.281,155.706,166.151,165.405,17.122,92.881,92.881,5.222,88.571,81.368,10.749,0.0503,0.0101,0.9453,0.5798
bhujangasana_zen_0078,175.55,167.468,159.177,171.579,12.206,21.387,170.011,158.208,114.539,100.643,167.468,175.55,159.177,171.579,100.643,114.539,158.208,170.011,17.53,19.732,158.208,167.468,171.579,17.53,91.374,91.374,0.211,79.271,88.999,5.181,0.024,0.0416,0.8201,0.5601
bhujangasana_zen_0079,179.458,168.584,77.196,161.597,40.691,23.965,164.115,158.717,159.889,90.861,168.584,179.458,77.196,161.597,90.861,159.889,158.717,164.115,16.092,111.572,158.717,168.584,161.597,16.092,98.434,98.434,6.508,81.875,78.245,6.053,0.1467,0.0199,0.8858,0.6285
bhujangasana_zen_0080,166.127,165.474,50.742,157.953,2.564,27.316,164.012,148.783,159.319,58.779,165.474,166.127,50.742,157.953,58.779,159.319,148.783,164.012,18.934,96.932,148.783,165.474,157.953,18.934,128.798,128.798,2.668,47.156,45.473,18.937,0.6266,0.3423,0.938,0.8251
bhujangasana_zen_0081,176.48,169.178,47.532,155.663,11.596,26.325,162.68,156.36,176.056,76.082,169.178,176.48,47.532,155.663,76.082,176.056,156.36,162.68,15.955,106.303,156.36,169.178,155.663,15.955,111.053,111.053,2.957,67.214,67.923,6.232,0.3592,0.1667,0.8735,0.7274
bhujangasana_zen_0082,173.907,160.414,36.232,156.757,15.411,27.912,156.853,143.25,106.416,50.768,160.414,173.907,36.232,156.757,50.768,106.416,143.25,156.853,19.268,50.905,143.25,160.414,156.757,19.268,136.57,136.57,2.663,39.981,34.925,21.75,0.7262,0.4499,0.8929,0.8593
bhujangasana_zen_0083,171.896,138.965,166.047,154.913,18.416,25.49,141.646,124.825,15.005,16.143,138.965,171.896,154.913,166.047,15.005,16.143,124.825,141.646,13.4,16.273,141.646,171.896,154.913,16.273,165.881,165.881,2.798,12.58,10.778,34.955,0.9698,0.6081,0.9234,1.0264
bhujangasana_zen_0084,176.605,166.707,157.467,153.695,20.197,32.643,147.9,142.51,22.113,30.558,166.707,176.605,153.695,157.467,22.113,30.558,142.51,147.9,12.053,23.271,147.9,176.605,153.695,23.271,158.824,158.824,4.36,13.933,14.927,45.223,0.9325,0.6314,0.9272,0.9801
bhujangasana_zen_0085,54.86,19.548,9.47,6.793,59.687,70.952,45.885,8.965,156.014,157.356,19.548,54.86,6.793,9.47,156.014,157.356,8.965,45.885,138.755,174.488,45.885,54.86,6.793,174.488,174.865,-174.865,9.447,6.837,6.347,26.855,0.996,0.5839,0.8544,1.5217
bhujangasana_zen_0086,165.68,148.184,179.925,125.537,17.409,10.338,159.522,161.168,79.62,84.744,148.184,165.68,125.537,179.925,79.62,84.744,159.522,161.168,9.581,17.437,159.522,165.68,179.925,17.437,110.917,-110.917,20.847,40.424,40.896,3.995,0.357,0.4402,0.8302,0.6575
bhujangasana_zen_0087,162.256,157.511,177.022,179.131,15.649,7.073,162.512,165.992,101.37,98.558,157.511,162.256,177.022,179.131,98.558,101.37,162.512,165.992,7.459,14.103,162.512,162.256,177.022,14.103,90.929,-90.929,11.056,69.111,89.109,14.755,0.0162,0.1065,0.4966,0.3162
bhujangasana_zen_0088,168.95,167.027,177.147,145.697,20.408,3.245,150.213,169.517,117.73,111.692,167.027,168.95,145.697,177.147,111.692,117.73,150.213,169.517,11.794,21.813,150.213,168.95,177.147,21.813,82.138,-82.138,46.534,48.639,48.572,20.381,-0.1368,0.1158,1.0389,0.5387
bhujangasana_zen_0090,165.109,165.153,157.239,179.983,5.768,24.569,174.509,150.765,101.335,112.212,165.109,165.153,157.239,179.983,101.335,112.212,150.765,174.509,6.03,24.559,150.765,165.153,179.983,24.559,88.829,88.829,57.871,42.296,45.95,10.796,-0.0204,0.2243,0.6595,0.438
bhujangasana_zen_0091,161.015,165.721,41.847,171.792,37.009,6.627,178.84,169.964,99.234,94.738,161.015,165.721,41.847,171.792,94.738,99.234,169.964,178.84,3.487,10.523,169.964,165.721,171.792,10.523,90.297,90.297,0.872,82.713,82.772,4.251,0.0052,0.048,0.5512,0.481
bhujangasana_zen_0092,165.769,178.301,171.933,170.013,14.633,14.886,172.315,166.836,95.169,65.804,165.769,178.301,170.013,171.933,65.804,95.169,166.836,172.315,10.626,18.211,172.315,165.769,171.933,18.211,113.804,113.804,8.268,61.535,59.998,20.727,0.4036,0.2183,0.1666,0.6548
bhujangasana_zen_0093,167.632,168.207,172.204,158.5,23.101,29.553,135.334,145.466,1.287,15.778,167.632,168.207,158.5,172.204,1.287,15.778,135.334,145.466,21.138,22.904,135.334,167.632,158.5,22.904,172.344,172.344,3.386,4.677,1.912,62.592,0.9911,0.6777,1.085,1.0737
bhujangasana_zen_0094,162.996,171.885,176.969,68.745,19.086,14.458,150.326,168.309,65.363,125.208,162.996,171.885,68.745,176.969,65.363,125.208,150.326,168.309,17.794,59.088,150.326,162.996,176.969,17.794,122.957,-122.957,18.756,49.03,48.661,12.756,0.544,0.3507,0.8475,0.7118
bhujangasana_zen_0095,171.846,166.16,178.246,151.214,25.909,3.85,147.234,177.639,127.048,124.38,166.16,171.846,151.214,178.246,124.38,127.048,147.234,177.639,10.064,24.976,147.234,171.846,178.246,24.976,72.597,-72.597,6.789,41.151,52.791,21.956,-0.2991,-0.0293,1.5259,0.8609
bhujangasana_zen_0096,170.197,171.665,160.734,157.654,2.89,43.192,169.34,147.231,150.777,164.274,170.197,171.665,157.654,160.734,150.777,164.274,147.231,169.34,6.625,30.043,147.231,170.197,157.654,30.043,41.299,41.299,19.789,9.6,17.428,43.492,-0.7513,-0.0402,2.0183,0.8237
bhujangasana_zen_0097,164.699,146.002,79.638,81.733,80.927,100.286,60.137,57.145,179.632,176.322,146.002,164.699,79.638,81.733,176.322,179.632,57.145,60.137,40.529,54.355,57.145,146.002,79.638,40.529,20.25,-20.25,29.996,3.757,7.228,70.761,-0.9382,0.7367,1.5092,4.8337
bhujangasana_zen_0098,161.605,160.276,67.27,153.12,93.018,111.376,174.9,179.739,127.769,148.802,160.276,161.605,67.27,153.12,127.769,148.802,174.9,179.739,124.287,151.217,174.9,161.605,67.27,151.217,95.855,-95.855,19.726,37.392,39.293,3.35,0.102,0.0957,0.5632,0.4689
bhujangasana_zen_0099,159.124,168.779,36.27,154.704,70.162,37.295,167.829,159.856,178.857,173.358,159.124,168.779,36.27,154.704,173.358,178.857,159.856,167.829,48.267,49.484,167.829,159.124,36.27,48.267,46.604,-46.604,24.849,16.111,36.563,27.014,-0.687,-0.2552,1.4658,0.7659
bhujangasana_zen_0100,146.954,175.432,147.327,168.169,52.36,65.03,16.08,61.478,172.343,159.329,146.954,175.432,147.327,168.169,159.329,172.343,16.08,61.478,37.406,59.126,61.478,175.432,147.327,37.406,11.492,-11.492,0.095,3.655,3.716,66.977,-0.98,-0.4419,0.669,2.7448
bhujangasana_zen_0101,164.03,167.88,70.196,86.532,74.0,52.209,179.068,169.758,153.819,148.66,164.03,167.88,70.196,86.532,148.66,153.819,169.758,179.068,102.612,104.756,179.068,164.03,70.196,104.756,75.181,-75.181,0.083,56.905,78.156,8.486,-0.2558,0.0239,0.3816,0.4081
bhujangasana_zen_0102,161.989,171.651,58.388,68.15,76.166,69.176,166.407,146.874,174.951,176.72,161.989,171.651,58.388,68.15,174.951,176.72,146.874,166.407,20.54,21.227,146.874,161.989,58.388,21.227,2.963,2.963,4.031,3.309,6.624,80.693,-0.9987,-0.2879,1.4138,1.2338
bhujangasana_zen_0103,176.293,167.751,31.531,45.088,25.807,65.73,168.413,171.201,171.896,176.591,167.751,176.293,31.531,45.088,171.896,176.591,168.413,171.201,67.237,83.399,171.201,167.751,45.088,83.399,81.567,81.567,6.561,67.181,87.251,3.072,-0.1466,-0.0249,0.5666,0.5594
bhujangasana_zen_0104,164.745,161.799,46.887,45.888,111.505,108.112,150.302,141.598,159.475,168.51,161.799,164.745,45.888,46.887,159.475,168.51,141.598,150.302,167.955,175.374,150.302,164.745,46.887,175.374,179.365,179.365,0.901,1.193,0.607,75.132,0.9999,0.8532,0.7767,1.6134
bhujangasana_zen_0105,166.975,163.555,30.698,75.784,44.128,20.9,170.558,171.076,160.408,168.725,163.555,166.975,30.698,75.784,160.408,168.725,170.558,171.076,92.289,100.387,170.558,166.975,30.698,100.387,111.76,-111.76,2.596,61.613,56.943,20.537,0.3707,0.2304,0.5022,0.6602
bhujangasana_zen_0106,173.305,157.281,178.129,65.896,18.819,44.21,170.066,159.1,123.746,116.573,157.281,173.305,65.896,178.129,116.573,123.746,159.1,170.066,2.13,18.46,170.066,173.305,65.896,2.13,50.734,-50.734,27.789,33.269,45.846,42.272,-0.6329,-0.37,0.2924,0.7908
bhujangasana_zen_0107,172.433,162.836,76.933,4.946,13.427,41.635,162.708,164.873,164.555,174.509,162.836,172.433,4.946,76.933,164.555,174.509,162.708,164.873,16.554,46.843,164.873,162.836,4.946,46.843,42.895,42.895,4.046,30.739,38.556,40.71,-0.7326,-0.2558,0.4647,0.8751
bhujangasana_zen_0108,176.805,160.856,73.059,37.579,41.664,51.657,172.697,158.382,178.2,173.156,160.856,176.805,37.579,73.059,173.156,178.2,158.382,172.697,103.119,121.132,158.382,160.856,37.579,121.132,116.009,116.009,1.916,52.463,51.839,16.357,0.4385,0.3133,0.3772,0.8564
bhujangasana_zen_0109,167.825,149.392,153.357,19.178,39.906,78.823,168.754,171.106,174.701,166.774,149.392,167.825,19.178,153.357,166.774,174.701,168.754,171.106,28.407,60.579,171.106,149.392,19.178,60.579,41.496,41.496,37.226,16.042,29.382,45.047,-0.749,-0.4343,0.4698,0.9981
bhujangasana_zen_0110,169.21,158.443,163.618,65.348,10.911,44.115,156.918,173.524,160.176,149.412,158.443,169.21,65.348,163.618,149.412,160.176,156.918,173.524,3.861,13.166,173.524,158.443,163.618,3.861,34.927,34.927,34.207,17.992,27.77,43.233,-0.8199,-0.5087,0.5494,1.179
bhujangasana_zen_0111,173.738,161.607,150.249,30.284,77.664,98.335,170.194,179.534,159.227,174.553,161.607,173.738,30.284,150.249,159.227,174.553,170.194,179.534,80.298,85.375,179.534,161.607,30.284,80.298,70.317,70.317,24.645,44.326,64.54,15.593,-0.3368,-0.13,0.1921,0.6156
bhujangasana_zen_0112,177.616,162.382,126.38,3.786,73.842,96.459,169.69,177.449,162.462,164.27,162.382,177.616,3.786,126.38,162.462,164.27,169.69,177.449,90.096,95.231,177.449,162.382,3.786,95.231,76.411,76.411,30.062,49.182,75.029,7.132,-0.235,-0.1311,0.1436,0.4986
bhujangasana_zen_0113,178.612,163.69,114.095,10.022,71.279,97.613,167.845,177.059,163.085,171.449,163.69,178.612,10.022,114.095,163.085,171.449,167.845,177.059,91.743,92.6,177.059,163.69,10.022,91.743,79.777,79.777,24.899,56.91,80.973,2.16,-0.1775,-0.1206,0.1582,0.4502
bhujangasana_zen_0114,179.626,159.761,112.184,12.713,75.656,97.462,169.341,179.976,158.079,158.388,159.761,179.626,12.713,112.184,158.079,158.388,169.341,179.976,96.664,102.611,179.976,159.761,12.713,102.611,78.128,78.128,29.105,56.613,83.538,4.598,-0.2057,-0.1443,0.1487,0.3846
bhujangasana_zen_0115,177.667,163.628,123.399,72.045,91.089,94.918,167.232,174.505,147.342,132.948,163.628,177.667,72.045,123.399,132.948,147.342,167.232,174.505,111.691,132.292,174.505,163.628,72.045,132.292,82.24,82.24,28.436,85.886,77.563,0.735,-0.135,-0.1486,0.1785,0.3496
bhujangasana_zen_0116,177.44,160.671,100.25,66.477,84.931,98.888,172.238,179.456,142.771,138.823,160.671,177.44,66.477,100.25,138.823,142.771,172.238,179.456,114.873,123.93,179.456,160.671,66.477,123.93,80.364,80.364,36.098,64.138,89.797,4.594,-0.1674,-0.201,0.1488,0.3257
bhujangasana_zen_0117,174.39,160.584,148.186,75.778,104.241,87.877,168.379,174.476,140.502,129.186,160.584,174.39,75.778,148.186,129.186,140.502,168.379,174.476,118.697,135.435,174.476,160.584,75.778,135.435,81.735,81.735,38.18,52.494,57.412,0.145,-0.1438,-0.2838,0.1951,0.422
bhujangasana_zen_0118,170.518,152.127,161.606,79.693,108.347,87.061,170.365,178.013,142.772,133.788,152.127,170.518,79.693,161.606,133.788,142.772,170.365,178.013,118.662,138.767,178.013,152.127,79.693,138.767,86.273,86.273,49.156,38.95,38.036,1.068,-0.065,-0.3166,0.1894,0.6862
bhujangasana_zen_0119,175.301,148.226,147.471,80.459,104.066,88.522,168.329,178.905,136.021,127.281,148.226,175.301,80.459,147.471,127.281,136.021,168.329,178.905,122.138,139.153,178.905,148.226,80.459,139.153,81.889,81.889,46.595,46.125,47.826,0.17,-0.1411,-0.3724,0.2077,0.5385
bhujangasana_zen_0120,143.859,114.292,166.322,122.829,87.446,75.786,161.432,172.967,149.046,145.91,114.292,143.859,122.829,166.322,145.91,149.046,161.432,172.967,94.962,101.883,172.967,114.292,122.829,101.883,65.316,65.316,22.119,48.177,66.963,7.424,-0.4176,-0.2951,0.5381,1.1555
bhujangasana_zen_0121,54.015,76.285,20.774,32.343,28.665,34.714,0.735,65.97,107.733,60.245,54.015,76.285,20.774,32.343,60.245,107.733,0.735,65.97,36.571,90.975,0.735,54.015,20.774,90.975,176.479,-176.479,12.112,3.124,3.259,0.356,0.9981,0.6503,1.0274,1.4693
bhujangasana_zen_0122,171.763,166.368,169.471,150.635,24.757,32.907,137.914,142.295,1.414,11.495,166.368,171.763,150.635,169.471,1.414,11.495,137.914,142.295,21.754,22.002,142.295,166.368,150.635,22.002,174.896,174.896,3.824,5.488,8.608,62.801,0.996,0.6376,1.0413,1.0882
bhujangasana_zen_0123,168.228,178.462,165.877,138.305,29.934,29.778,139.67,152.821,19.216,9.214,168.228,178.462,138.305,165.877,9.214,19.216,139.67,152.821,13.883,25.225,139.67,168.228,165.877,25.225,171.081,-171.081,15.194,4.693,6.253,55.679,0.9879,0.578,1.1095,1.0851
bhujangasana_zen_0124,172.824,165.642,173.654,96.596,23.137,19.145,149.557,171.64,33.609,49.204,165.642,172.824,96.596,173.654,33.609,49.204,149.557,171.64,13.833,20.48,149.557,172.824,173.654,20.48,155.281,-155.281,15.552,17.734,21.818,46.428,0.9084,0.469,0.9793,0.9326
bhujangasana_zen_0125,164.456,159.717,179.222,75.194,18.045,15.845,149.248,176.054,56.744,101.638,159.717,164.456,75.194,179.222,56.744,101.638,149.248,176.054,18.351,44.794,149.248,164.456,179.222,18.351,132.059,-132.059,21.355,38.072,40.078,20.855,0.6699,0.4049,0.8565,0.7441
bhujangasana_zen_0126,163.677,166.636,178.672,108.317,17.235,3.393,152.279,172.638,70.707,98.574,163.677,166.636,108.317,178.672,70.707,98.574,152.279,172.638,17.795,28.296,152.279,163.677,178.672,17.795,118.311,-118.311,24.757,54.197,51.476,9.366,0.4743,0.3719,0.8202,0.684
bhujangasana_zen_0127,170.068,171.495,179.688,158.546,14.645,2.5,161.852,173.787,88.863,97.083,170.068,171.495,158.546,179.688,88.863,97.083,161.852,173.787,12.273,14.501,161.852,170.068,179.688,14.501,100.657,-100.657,19.714,83.972,71.412,2.51,0.1849,0.2026,0.7411,0.5413
bhujangasana_zen_0128,174.091,175.323,177.823,173.722,14.776,7.035,164.659,172.026,91.902,96.986,174.091,175.323,173.722,177.823,91.902,96.986,164.659,172.026,9.697,13.733,164.659,174.091,177.823,13.733,97.439,-97.439,18.607,88.506,78.998,3.51,0.1295,0.1748,0.6859,0.507
bhujangasana_zen_0129,169.207,171.947,179.219,175.91,16.882,6.774,159.461,178.336,96.601,95.689,169.207,171.947,175.91,179.219,95.689,96.601,159.461,178.336,8.61,16.503,159.461,169.207,179.219,16.503,96.604,-96.604,12.145,81.805,84.306,4.585,0.115,0.1376,0.7002,0.4536
bhujangasana_zen_0130,170.082,167.737,172.058,165.086,21.274,4.398,159.546,178.574,97.899,98.574,167.737,170.082,165.086,172.058,97.899,98.574,159.546,178.574,11.382,17.191,159.546,170.082,172.058,17.191,96.258,-96.258,18.211,77.271,88.559,1.382,0.109,0.1559,0.7202,0.4833
bhujangasana_zen_0131,168.29,165.809,177.378,152.293,22.361,4.823,146.137,179.254,120.786,116.556,165.809,168.29,152.293,177.378,116.556,120.786,146.137,179.254,8.983,23.864,146.137,168.29,177.378,23.864,78.412,-78.412,42.556,44.757,56.967,18.319,-0.2009,0.07,1.3411,0.7785
bhujangasana_zen_0132,173.21,166.265,177.772,137.678,29.498,12.625,142.367,178.277,134.344,125.371,166.265,173.21,137.678,177.772,125.371,134.344,142.367,178.277,6.98,28.265,142.367,173.21,177.772,28.265,68.417,-68.417,7.315,37.196,43.973,26.669,-0.3679,-0.0174,1.8642,0.899
bhujangasana_zen_0133,54.86,19.548,9.47,6.793,59.687,70.952,45.885,8.965,156.014,157.356,19.548,54.86,6.793,9.47,156.014,157.356,8.965,45.885,138.755,174.488,45.885,54.86,6.793,174.488,174.865,-174.865,9.447,6.837,6.347,26.855,0.996,0.5839,0.8544,1.5217
bhujangasana_zen_0135,162.866,151.086,175.751,176.596,14.835,4.636,162.321,164.675,94.775,93.273,151.086,162.866,175.751,176.596,93.273,94.775,162.321,164.675,6.172,12.734,162.321,162.866,175.751,12.734,95.488,-95.488,6.638,89.343,79.358,9.72,0.0956,0.1078,0.4844,0.2786
bhujangasana_zen_0136,165.678,165.984,171.029,145.024,14.701,0.472,147.482,169.088,109.972,113.574,165.678,165.984,145.024,171.029,109.972,113.574,147.482,169.088,15.419,19.584,147.482,165.678,171.029,19.584,85.986,-85.986,16.205,47.637,51.107,19.067,-0.07,0.072,0.7696,0.529
bhujangasana_zen_0137,144.051,171.342,147.162,153.07,59.034,38.712,107.693,122.434,155.661,162.388,144.051,171.342,147.162,153.07,155.661,162.388,107.693,122.434,23.395,41.158,122.434,171.342,147.162,41.158,5.639,-5.639,64.66,2.204,4.098,34.512,-0.9952,0.0487,4.0939,1.3915
bhujangasana_zen_0138,174.989,156.867,161.863,175.216,32.098,44.684,178.741,125.696,141.94,138.45,156.867,174.989,161.863,175.216,138.45,141.94,125.696,178.741,40.592,41.531,125.696,156.867,175.216,41.531,81.027,81.027,37.56,2.448,10.357,12.607,-0.156,0.1392,1.6833,0.5844
bhujangasana_zen_0139,167.703,168.868,160.861,175.332,4.387,12.734,176.929,162.4,94.552,97.819,167.703,168.868,160.861,175.332,94.552,97.819,162.4,176.929,4.965,15.218,162.4,168.868,175.332,15.218,94.037,94.037,31.76,72.977,79.499,2.658,0.0704,0.1644,0.5707,0.3756
bhujangasana_zen_0140,163.481,169.174,115.591,176.597,62.305,14.935,178.799,163.443,152.865,92.011,163.481,169.174,115.591,176.597,92.011,152.865,163.443,178.799,13.314,116.579,163.443,169.174,176.597,13.314,95.351,95.351,11.602,79.471,77.072,0.645,0.0933,0.1192,0.6985,0.4691
bhujangasana_zen_0141,153.133,125.028,4.636,136.364,47.938,49.239,124.489,102.278,179.541,50.394,125.028,153.133,4.636,136.364,50.394,179.541,102.278,124.489,43.492,138.309,102.278,125.028,136.364,43.492,155.484,155.484,4.703,11.479,2.779,5.376,0.9098,0.7231,1.2279,1.1701
bhujangasana_zen_0142,175.522,167.593,146.966,162.328,42.505,38.203,177.004,175.756,165.992,162.853,167.593,175.522,146.966,162.328,162.853,165.992,175.756,177.004,27.818,33.27,175.756,167.593,162.328,33.27,1.213,1.213,17.742,6.411,17.142,78.121,-0.9998,-0.1639,0.6418,0.8645
bhujangasana_zen_0143,172.304,165.273,173.767,152.425,36.78,44.309,171.323,149.368,158.892,148.25,165.273,172.304,152.425,173.767,148.25,158.892,149.368,171.323,29.371,33.641,149.368,165.273,152.425,29.371,58.213,58.213,12.297,23.485,35.805,26.574,-0.5268,-0.0212,1.3917,0.5606
bhujangasana_zen_0144,174.666,169.205,59.757,159.868,17.878,24.692,163.777,158.446,178.247,83.797,169.205,174.666,59.757,159.868,83.797,178.247,158.446,163.777,16.294,95.972,158.446,169.205,159.868,16.294,105.24,105.24,3.636,76.011,71.827,0.944,0.2629,0.0945,0.9379,0.6637
