image_id,pose,variant,source,split,quality,fault,licence,image,image_in_repo,width,height,usable,torso_visibility,min_visibility,left_knee_angle,right_knee_angle,left_elbow_angle,right_elbow_angle,left_shoulder_angle,right_shoulder_angle,left_hip_angle,right_hip_angle,left_arm_raise,right_arm_raise,knee_bent,knee_straight,elbow_bent,elbow_straight,arm_raise_high,arm_raise_low,hip_angle_min,hip_angle_max,arm_torso_min,arm_torso_max,hip_angle_vis,knee_angle_vis,elbow_angle_vis,arm_torso_vis,spine_tilt,spine_tilt_signed,neck_dev,shoulder_level,hip_level,thigh_level,hip_rise,head_drop,stance_width,frontality,NOSE_x,NOSE_y,NOSE_z,NOSE_vis,LEFT_EYE_INNER_x,LEFT_EYE_INNER_y,LEFT_EYE_INNER_z,LEFT_EYE_INNER_vis,LEFT_EYE_x,LEFT_EYE_y,LEFT_EYE_z,LEFT_EYE_vis,LEFT_EYE_OUTER_x,LEFT_EYE_OUTER_y,LEFT_EYE_OUTER_z,LEFT_EYE_OUTER_vis,RIGHT_EYE_INNER_x,RIGHT_EYE_INNER_y,RIGHT_EYE_INNER_z,RIGHT_EYE_INNER_vis,RIGHT_EYE_x,RIGHT_EYE_y,RIGHT_EYE_z,RIGHT_EYE_vis,RIGHT_EYE_OUTER_x,RIGHT_EYE_OUTER_y,RIGHT_EYE_OUTER_z,RIGHT_EYE_OUTER_vis,LEFT_EAR_x,LEFT_EAR_y,LEFT_EAR_z,LEFT_EAR_vis,RIGHT_EAR_x,RIGHT_EAR_y,RIGHT_EAR_z,RIGHT_EAR_vis,MOUTH_LEFT_x,MOUTH_LEFT_y,MOUTH_LEFT_z,MOUTH_LEFT_vis,MOUTH_RIGHT_x,MOUTH_RIGHT_y,MOUTH_RIGHT_z,MOUTH_RIGHT_vis,LEFT_SHOULDER_x,LEFT_SHOULDER_y,LEFT_SHOULDER_z,LEFT_SHOULDER_vis,RIGHT_SHOULDER_x,RIGHT_SHOULDER_y,RIGHT_SHOULDER_z,RIGHT_SHOULDER_vis,LEFT_ELBOW_x,LEFT_ELBOW_y,LEFT_ELBOW_z,LEFT_ELBOW_vis,RIGHT_ELBOW_x,RIGHT_ELBOW_y,RIGHT_ELBOW_z,RIGHT_ELBOW_vis,LEFT_WRIST_x,LEFT_WRIST_y,LEFT_WRIST_z,LEFT_WRIST_vis,RIGHT_WRIST_x,RIGHT_WRIST_y,RIGHT_WRIST_z,RIGHT_WRIST_vis,LEFT_PINKY_x,LEFT_PINKY_y,LEFT_PINKY_z,LEFT_PINKY_vis,RIGHT_PINKY_x,RIGHT_PINKY_y,RIGHT_PINKY_z,RIGHT_PINKY_vis,LEFT_INDEX_x,LEFT_INDEX_y,LEFT_INDEX_z,LEFT_INDEX_vis,RIGHT_INDEX_x,RIGHT_INDEX_y,RIGHT_INDEX_z,RIGHT_INDEX_vis,LEFT_THUMB_x,LEFT_THUMB_y,LEFT_THUMB_z,LEFT_THUMB_vis,RIGHT_THUMB_x,RIGHT_THUMB_y,RIGHT_THUMB_z,RIGHT_THUMB_vis,LEFT_HIP_x,LEFT_HIP_y,LEFT_HIP_z,LEFT_HIP_vis,RIGHT_HIP_x,RIGHT_HIP_y,RIGHT_HIP_z,RIGHT_HIP_vis,LEFT_KNEE_x,LEFT_KNEE_y,LEFT_KNEE_z,LEFT_KNEE_vis,RIGHT_KNEE_x,RIGHT_KNEE_y,RIGHT_KNEE_z,RIGHT_KNEE_vis,LEFT_ANKLE_x,LEFT_ANKLE_y,LEFT_ANKLE_z,LEFT_ANKLE_vis,RIGHT_ANKLE_x,RIGHT_ANKLE_y,RIGHT_ANKLE_z,RIGHT_ANKLE_vis,LEFT_HEEL_x,LEFT_HEEL_y,LEFT_HEEL_z,LEFT_HEEL_vis,RIGHT_HEEL_x,RIGHT_HEEL_y,RIGHT_HEEL_z,RIGHT_HEEL_vis,LEFT_FOOT_INDEX_x,LEFT_FOOT_INDEX_y,LEFT_FOOT_INDEX_z,LEFT_FOOT_INDEX_vis,RIGHT_FOOT_INDEX_x,RIGHT_FOOT_INDEX_y,RIGHT_FOOT_INDEX_z,RIGHT_FOOT_INDEX_vis
bhujangasana_tf_0001,bhujangasana,,TF,test,unlabelled,,Apache-2.0,data/datasets/yoga_poses/test/cobra/guy3_cobra025.jpg,True,300,300,True,0.9972,0.056,174.382,179.678,92.941,62.291,25.277,1.685,156.002,157.388,167.793,136.996,174.382,179.678,62.291,92.941,136.996,167.793,156.002,157.388,55.452,79.95,157.388,179.678,62.291,55.452,94.777,94.777,8.558,21.397,30.199,26.155,0.0833,0.1757,0.4275,0.6877,0.742238,0.455206,-0.49342,0.9999,0.744896,0.436916,-0.481264,0.9999,0.745427,0.434411,-0.479914,0.9999,0.74596,0.431667,-0.47968,0.9998,0.739968,0.439218,-0.505733,1.0,0.736086,0.438173,-0.505965,0.9999,0.732682,0.436957,-0.504819,0.9999,0.731524,0.419377,-0.359767,0.9997,0.709506,0.424782,-0.484298,0.9999,0.733326,0.459116,-0.446765,0.9998,0.727171,0.460759,-0.483216,0.9998,0.688429,0.407771,-0.22609,0.998,0.587563,0.447293,-0.451804,0.9992,0.650713,0.423874,-0.027348,0.0675,0.474374,0.433855,-0.360969,0.9737,0.672261,0.482509,0.073934,0.2299,0.510948,0.529442,-0.28635,0.9603,0.690663,0.499838,0.079927,0.3285,0.513057,0.554004,-0.316029,0.9461,0.687557,0.500908,0.057591,0.3283,0.530348,0.551561,-0.323094,0.9382,0.675218,0.495324,0.06743,0.3493,0.530962,0.544981,-0.29062,0.8739,0.504333,0.400837,0.075055,0.9972,0.457684,0.427986,-0.073311,0.9993,0.413443,0.356201,0.388161,0.056,0.370526,0.375477,0.193618,0.9064,0.350857,0.317437,0.711985,0.2123,0.283698,0.322498,0.461653,0.9769,0.336257,0.300492,0.745795,0.3381,0.272004,0.296265,0.489532,0.9119,0.344671,0.344664,0.748796,0.4266,0.269435,0.349417,0.449332,0.9321
bhujangasana_tf_0002,bhujangasana,,TF,test,unlabelled,,Apache-2.0,data/datasets/yoga_poses/test/cobra/guy3_cobra026.jpg,True,300,300,True,0.9972,0.0445,174.316,175.983,96.051,67.46,29.447,4.381,155.031,162.436,174.405,139.706,174.316,175.983,67.46,96.051,139.706,174.405,155.031,162.436,58.002,84.591,162.436,175.983,67.46,58.002,93.498,93.498,4.283,17.703,18.651,25.155,0.061,0.1978,0.329,0.7112,0.734991,0.450044,-0.529065,0.9999,0.735584,0.434069,-0.515868,0.9999,0.735898,0.432375,-0.514393,0.9999,0.738085,0.430441,-0.514132,0.9998,0.730511,0.434968,-0.53873,1.0,0.726482,0.434055,-0.538845,1.0,0.722812,0.43284,-0.537704,0.9999,0.721291,0.418088,-0.388081,0.9997,0.69884,0.42041,-0.507539,0.9999,0.72622,0.455628,-0.48008,0.9997,0.71901,0.45622,-0.515445,0.9998,0.683742,0.404049,-0.243568,0.9973,0.581875,0.436566,-0.469839,0.9991,0.64745,0.424382,-0.027683,0.0652,0.466551,0.428674,-0.397454,0.9793,0.67537,0.489497,0.092566,0.2327,0.501257,0.531648,-0.35985,0.9732,0.698662,0.507096,0.103408,0.3439,0.500308,0.558729,-0.396453,0.9603,0.694748,0.506161,0.080524,0.3428,0.517814,0.557456,-0.402734,0.9536,0.6822,0.499521,0.086792,0.3655,0.520951,0.548649,-0.365306,0.896,0.505452,0.403468,0.073833,0.9972,0.460028,0.4188,-0.071876,0.999,0.413754,0.360405,0.373262,0.0445,0.375951,0.378049,0.210807,0.859,0.338601,0.315536,0.690562,0.1591,0.291091,0.329298,0.496086,0.9689,0.33291,0.297636,0.723682,0.2627,0.280353,0.311267,0.525865,0.8913,0.32878,0.339655,0.725368,0.3763,0.275139,0.356096,0.491927,0.9237
bhujangasana_tf_0003,bhujangasana,,TF,test,unlabelled,,Apache-2.0,data/datasets/yoga_poses/test/cobra/guy3_cobra027.jpg,True,300,300,True,0.9979,0.0727,177.942,172.542,92.187,72.029,28.899,2.307,150.558,147.463,178.071,142.832,172.542,177.942,72.029,92.187,142.832,178.071,147.463,150.558,56.776,92.264,147.463,172.542,72.029,56.776,91.855,91.855,1.946,16.803,23.996,29.778,0.0324,0.2022,0.418,0.6586,0.72544,0.448838,-0.505478,0.9999,0.728304,0.432375,-0.493099,0.9999,0.728656,0.430031,-0.491618,0.9998,0.728866,0.427581,-0.491455,0.9997,0.722971,0.435076,-0.515728,0.9999,0.719968,0.434336,-0.515909,0.9999,0.716747,0.433541,-0.514946,0.9999,0.711191,0.413566,-0.375293,0.9996,0.695357,0.421447,-0.49559,0.9999,0.718271,0.452575,-0.460394,0.9997,0.712024,0.454401,-0.495886,0.9998,0.670403,0.402943,-0.235263,0.9981,0.573093,0.432328,-0.458191,0.9991,0.63759,0.420806,-0.027561,0.0727,0.466058,0.429268,-0.392994,0.9776,0.673439,0.493097,0.072514,0.3146,0.496545,0.533294,-0.375743,0.9767,0.690597,0.514905,0.076965,0.436,0.495993,0.558863,-0.417315,0.9657,0.68756,0.520648,0.053196,0.4423,0.513849,0.557805,-0.424759,0.9605,0.67961,0.502623,0.065053,0.4629,0.516258,0.549318,-0.382396,0.9116,0.491622,0.401896,0.071059,0.9979,0.443353,0.423383,-0.069244,0.9994,0.412284,0.3565,0.386888,0.0898,0.367613,0.367378,0.208259,0.9159,0.345087,0.314778,0.718954,0.2258,0.280714,0.319164,0.490477,0.9814,0.333695,0.301408,0.752645,0.3137,0.268948,0.296157,0.519303,0.9237,0.335386,0.329638,0.753273,0.5221,0.264418,0.340741,0.475205,0.9614
bhujangasana_tf_0004,bhujangasana,,TF,test,unlabelled,,Apache-2.0,data/datasets/yoga_poses/test/cobra/guy3_cobra028.jpg,True,300,300,True,0.9961,0.0405,159.364,178.451,94.283,79.036,30.221,3.331,160.282,146.532,172.306,144.23,159.364,178.451,79.036,94.283,144.23,172.306,146.532,160.282,55.154,83.072,146.532,178.451,79.036,55.154,90.83,90.83,4.734,5.176,11.482,20.484,0.0145,0.1796,0.3097,0.7335,0.719637,0.443416,-0.543613,0.9999,0.72071,0.42766,-0.52825,0.9998,0.720673,0.425766,-0.526948,0.9997,0.720292,0.423752,-0.526777,0.9996,0.714565,0.429176,-0.551153,0.9999,0.710804,0.428117,-0.551393,0.9999,0.706587,0.426894,-0.550457,0.9999,0.701679,0.410243,-0.40147,0.9993,0.679592,0.412715,-0.520483,0.9999,0.705752,0.448766,-0.495881,0.9993,0.699977,0.450166,-0.530632,0.9997,0.673972,0.411387,-0.261439,0.9961,0.563939,0.421354,-0.479846,0.9984,0.633623,0.434174,-0.058956,0.0745,0.458818,0.425772,-0.452675,0.986,0.662572,0.495773,0.032783,0.308,0.484107,0.532166,-0.470913,0.9773,0.685452,0.511327,0.039221,0.3851,0.481483,0.561069,-0.520154,0.9562,0.683632,0.514133,0.013159,0.4016,0.502574,0.562013,-0.52533,0.9507,0.671803,0.511138,0.025469,0.4262,0.505598,0.553838,-0.478408,0.8866,0.493993,0.408981,0.077996,0.997,0.442707,0.419399,-0.076099,0.9987,0.413783,0.379017,0.391891,0.0405,0.370292,0.369829,0.22874,0.8383,0.342714,0.316976,0.716236,0.0881,0.296344,0.322094,0.534564,0.9449,0.329809,0.301501,0.750066,0.1906,0.284773,0.306614,0.566381,0.8464,0.329524,0.343624,0.748866,0.3001,0.273299,0.342885,0.52768,0.906
bhujangasana_tf_0005,bhujangasana,,TF,test,unlabelled,,Apache-2.0,data/datasets/yoga_poses/test/cobra/guy3_cobra029.jpg,True,300,300,True,0.9959,0.058,153.472,179.903,98.415,77.614,31.758,4.638,160.569,146.08,176.178,145.963,153.472,179.903,77.614,98.415,145.963,176.178,146.08,160.569,56.969,86.089,146.08,179.903,77.614,56.969,90.358,90.358,10.502,6.463,9.871,19.341,0.0063,0.1371,0.3866,0.7876,0.712758,0.434101,-0.550717,0.9999,0.714383,0.415694,-0.534196,0.9998,0.714331,0.414245,-0.532854,0.9997,0.714086,0.412562,-0.532672,0.9996,0.707367,0.416931,-0.556188,0.9999,0.70284,0.416277,-0.556419,0.9999,0.698276,0.415216,-0.555445,0.9999,0.693143,0.402099,-0.405725,0.9994,0.670134,0.401026,-0.520402,0.9999,0.701672,0.441032,-0.502912,0.9995,0.694178,0.442577,-0.536534,0.9997,0.667844,0.407759,-0.265665,0.9959,0.554211,0.420632,-0.476699,0.9988,0.631306,0.430455,-0.065136,0.095,0.450228,0.427231,-0.437185,0.9911,0.66165,0.500466,0.031028,0.3931,0.479912,0.530632,-0.448599,0.9878,0.683214,0.516021,0.037525,0.4657,0.475441,0.559128,-0.49535,0.9747,0.679652,0.514225,0.014616,0.4833,0.496035,0.55971,-0.500882,0.9717,0.668578,0.509867,0.024846,0.5056,0.499938,0.550737,-0.455656,0.9343,0.496069,0.408028,0.073821,0.9969,0.435608,0.418548,-0.071934,0.9991,0.409984,0.377811,0.384346,0.058,0.365991,0.369935,0.226113,0.8793,0.351808,0.317843,0.713264,0.1071,0.295771,0.321077,0.527579,0.9595,0.335526,0.297986,0.747977,0.2098,0.284963,0.304558,0.55904,0.8762,0.336047,0.336295,0.752043,0.3751,0.27575,0.337267,0.523906,0.9373
bhujangasana_tf_0006,bhujangasana,,TF,test,unlabelled,,Apache-2.0,data/datasets/yoga_poses/test/cobra/guy3_cobra030.jpg,True,300,300,True,0.9963,0.096,155.106,177.328,99.157,82.989,38.409,7.223,159.925,145.287,175.953,148.047,155.106,177.328,82.989,99.157,148.047,175.953,145.287,159.925,57.903,95.709,145.287,177.328,82.989,57.903,90.913,90.913,13.654,2.048,7.872,21.737,0.0159,0.1114,0.451,0.8123,0.699546,0.431512,-0.562431,0.9999,0.700488,0.415253,-0.546195,0.9998,0.700567,0.414108,-0.54481,0.9998,0.700462,0.412742,-0.544563,0.9997,0.69481,0.415122,-0.569171,0.9999,0.691366,0.413941,-0.569386,0.9999,0.687241,0.412545,-0.568525,0.9999,0.682342,0.401398,-0.420172,0.9995,0.660628,0.398977,-0.539703,0.9999,0.688687,0.441157,-0.515481,0.9996,0.682682,0.440063,-0.550735,0.9998,0.656084,0.414258,-0.284556,0.9963,0.544833,0.418236,-0.501176,0.9989,0.627808,0.43537,-0.080192,0.1198,0.444495,0.43121,-0.472785,0.9939,0.662239,0.50126,0.021983,0.4709,0.471366,0.536025,-0.493954,0.992,0.685907,0.515629,0.027731,0.5376,0.469883,0.563359,-0.541026,0.9829,0.680529,0.514349,0.006799,0.5553,0.490326,0.562875,-0.545176,0.9808,0.668897,0.510636,0.016736,0.5724,0.493468,0.554369,-0.500842,0.9533,0.495681,0.409603,0.075182,0.9969,0.431168,0.418523,-0.073286,0.9991,0.41836,0.378775,0.389017,0.096,0.357336,0.367649,0.226289,0.9206,0.356738,0.313541,0.722176,0.1617,0.295316,0.320504,0.525219,0.9752,0.346445,0.293277,0.757461,0.2613,0.289677,0.302035,0.55805,0.9125,0.34127,0.326535,0.767143,0.432,0.271849,0.329463,0.529273,0.9561
bhujangasana_tf_0007,bhujangasana,,TF,test,unlabelled,,Apache-2.0,data/datasets/yoga_poses/test/cobra/guy3_cobra031.jpg,True,300,300,True,0.9975,0.124,170.599,143.407,103.949,85.138,39.355,3.161,133.71,152.227,170.315,149.394,143.407,170.599,85.138,103.949,149.394,170.315,133.71,152.227,54.636,99.313,152.227,143.407,85.138,54.636,87.883,87.883,8.057,0.064,7.444,23.015,-0.0369,0.1348,0.5286,0.8642,0.68194,0.432158,-0.575114,0.9998,0.685999,0.417949,-0.562456,0.9997,0.68645,0.417064,-0.561024,0.9995,0.6868,0.416056,-0.560845,0.9994,0.67991,0.417223,-0.584643,0.9998,0.676458,0.415524,-0.584792,0.9998,0.672774,0.413681,-0.58407,0.9998,0.672902,0.406827,-0.446419,0.9994,0.646974,0.400357,-0.561577,0.9998,0.672617,0.441791,-0.530425,0.9996,0.666663,0.439662,-0.564675,0.9997,0.644283,0.41575,-0.298559,0.9975,0.539435,0.415868,-0.518087,0.999,0.623784,0.432785,-0.07443,0.124,0.441786,0.42945,-0.511571,0.9918,0.659982,0.507743,0.031539,0.5952,0.466625,0.538953,-0.543061,0.988,0.68552,0.520757,0.0356,0.6656,0.462965,0.566012,-0.583446,0.9752,0.676681,0.518841,0.01415,0.6931,0.484025,0.564551,-0.588241,0.9722,0.663463,0.516216,0.026548,0.7047,0.486994,0.556741,-0.549999,0.937,0.498128,0.416697,0.071797,0.9982,0.443107,0.423886,-0.069903,0.9994,0.461332,0.378701,0.403001,0.2515,0.364299,0.39041,0.199271,0.9542,0.386689,0.323433,0.738946,0.3005,0.322679,0.319449,0.521555,0.9722,0.380033,0.298605,0.773445,0.3598,0.32421,0.304461,0.55945,0.9155,0.373966,0.328624,0.79171,0.5296,0.297183,0.326828,0.552407,0.9542
bhujangasana_tf_0008,bhujangasana,,TF,test,unlabelled,,Apache-2.0,data/datasets/yoga_poses/test/cobra/guy3_cobra032.jpg,True,300,300,True,0.9983,0.2811,176.086,163.124,127.91,85.795,61.163,2.501,139.904,142.865,169.667,151.728,163.124,176.086,85.795,127.91,151.728,169.667,139.904,142.865,56.641,99.813,142.865,163.124,85.795,56.641,87.743,87.743,13.824,1.742,9.89,32.048,-0.0394,0.0602,0.5958,0.9751,0.674893,0.422966,-0.597663,0.9999,0.676687,0.408332,-0.582416,0.9999,0.677773,0.407073,-0.581084,0.9998,0.678028,0.406025,-0.580913,0.9997,0.670266,0.40836,-0.604925,0.9999,0.666216,0.407333,-0.605099,0.9999,0.661416,0.406018,-0.60434,0.9999,0.662682,0.397996,-0.45614,0.9997,0.635046,0.395623,-0.571039,0.9999,0.666447,0.43197,-0.549857,0.9998,0.658782,0.432323,-0.583866,0.9999,0.641862,0.413943,-0.308795,0.9985,0.524635,0.417507,-0.52165,0.9991,0.627832,0.439982,-0.099426,0.289,0.435689,0.429356,-0.505142,0.9953,0.659871,0.512714,-0.008284,0.7381,0.458781,0.539954,-0.539737,0.9909,0.686208,0.523638,-0.007261,0.7562,0.454013,0.567223,-0.582426,0.9799,0.674383,0.524057,-0.02912,0.7795,0.47718,0.565539,-0.590091,0.9779,0.660929,0.521433,-0.013606,0.7881,0.483073,0.557241,-0.54743,0.9513,0.492679,0.415298,0.071007,0.9983,0.433453,0.425624,-0.069078,0.9995,0.428593,0.362327,0.396944,0.2811,0.361649,0.380673,0.195405,0.9612,0.382608,0.318705,0.721185,0.3182,0.31105,0.32262,0.514256,0.9761,0.366861,0.296288,0.755089,0.423,0.311462,0.306254,0.551521,0.9321,0.375925,0.323677,0.770359,0.5553,0.291047,0.330856,0.540379,0.9609
bhujangasana_tf_0009,bhujangasana,,TF,test,unlabelled,,Apache-2.0,data/datasets/yoga_poses/test/cobra/guy3_cobra033.jpg,True,300,300,True,0.9975,0.2501,179.414,166.669,115.498,86.298,50.438,3.877,127.18,141.705,168.717,152.135,166.669,179.414,86.298,115.498,152.135,168.717,127.18,141.705,57.59,99.666,141.705,166.669,86.298,57.59,87.212,87.212,17.019,1.366,6.252,33.75,-0.0486,0.0313,0.7424,0.8591,0.666067,0.421722,-0.595498,0.9999,0.667064,0.404712,-0.580618,0.9999,0.667645,0.403885,-0.579302,0.9998,0.668021,0.403,-0.579123,0.9997,0.659651,0.404962,-0.600075,0.9999,0.655108,0.404179,-0.600286,0.9999,0.649559,0.402704,-0.599631,0.9999,0.652216,0.39689,-0.453345,0.9996,0.620692,0.393667,-0.555238,0.9999,0.656292,0.433216,-0.547886,0.9998,0.647697,0.432314,-0.577896,0.9998,0.628884,0.41642,-0.292371,0.9975,0.519375,0.419031,-0.507112,0.9994,0.611923,0.438172,-0.088569,0.2501,0.432211,0.431937,-0.502119,0.9952,0.647374,0.509098,-0.014969,0.7905,0.455425,0.539991,-0.547945,0.994,0.674794,0.523859,-0.015699,0.8036,0.449805,0.566519,-0.58962,0.9853,0.667822,0.524568,-0.033787,0.8211,0.471538,0.56646,-0.595331,0.9834,0.654343,0.521948,-0.019567,0.8206,0.477318,0.558017,-0.553981,0.9614,0.475885,0.420739,0.064754,0.9982,0.417665,0.427116,-0.062746,0.9994,0.448237,0.386348,0.434108,0.3373,0.345217,0.378708,0.196189,0.964,0.398475,0.323135,0.772011,0.2634,0.304563,0.334989,0.53628,0.9457,0.388341,0.307955,0.806426,0.3427,0.300992,0.318474,0.576946,0.8637,0.393882,0.335145,0.834364,0.5034,0.277315,0.34564,0.574528,0.9305
bhujangasana_tf_0010,bhujangasana,,TF,test,unlabelled,,Apache-2.0,data/datasets/yoga_poses/test/cobra/guy3_cobra034.jpg,True,300,300,True,0.9977,0.1201,173.035,176.662,136.28,91.084,66.996,1.866,132.797,122.397,172.346,152.956,173.035,176.662,91.084,136.28,152.956,172.346,122.397,132.797,45.864,92.859,122.397,176.662,91.084,45.864,80.745,80.745,10.702,3.35,6.572,40.51,-0.1608,0.0846,0.5343,1.0042,0.652617,0.416746,-0.599996,0.9998,0.655815,0.400732,-0.585214,0.9996,0.65705,0.399163,-0.584097,0.9995,0.658294,0.397413,-0.583931,0.9993,0.645426,0.401588,-0.604787,0.9998,0.639903,0.400128,-0.605122,0.9998,0.634545,0.3979,-0.604352,0.9998,0.645519,0.388877,-0.459188,0.9981,0.606459,0.386215,-0.557243,0.9997,0.646942,0.424755,-0.552782,0.9992,0.636346,0.424379,-0.581743,0.9995,0.631412,0.410286,-0.304241,0.9979,0.514214,0.403426,-0.500698,0.9985,0.616007,0.457117,-0.122177,0.2837,0.417971,0.429623,-0.506733,0.993,0.646213,0.520413,-0.074136,0.7916,0.445358,0.53831,-0.560118,0.9878,0.669169,0.534773,-0.078203,0.7815,0.438288,0.566922,-0.60378,0.9678,0.664109,0.538307,-0.098162,0.8059,0.461403,0.567186,-0.604522,0.9633,0.651134,0.532988,-0.079983,0.7964,0.466821,0.559275,-0.564645,0.9197,0.482231,0.422801,0.064874,0.9977,0.432616,0.428517,-0.062928,0.999,0.433094,0.377919,0.412588,0.1201,0.372081,0.376797,0.235724,0.8048,0.381948,0.318303,0.737241,0.1535,0.320069,0.326834,0.553531,0.8969,0.373106,0.300607,0.771378,0.2602,0.316853,0.307056,0.58932,0.8241,0.377941,0.32994,0.770706,0.3001,0.299613,0.333053,0.556547,0.8621
bhujangasana_tf_0011,bhujangasana,,TF,test,unlabelled,,Apache-2.0,data/datasets/yoga_poses/test/cobra/guy3_cobra035.jpg,True,300,300,True,0.9985,0.1949,149.192,163.756,149.468,93.862,70.837,3.129,145.999,134.628,172.861,154.238,149.192,163.756,93.862,149.468,154.238,172.861,134.628,145.999,50.745,89.438,134.628,163.756,93.862,50.745,80.222,80.222,19.901,0.153,0.189,26.3,-0.1698,-0.0261,0.6713,1.0745,0.645823,0.405377,-0.64609,0.9998,0.644606,0.388148,-0.632594,0.9996,0.646565,0.386538,-0.631322,0.9995,0.647046,0.385291,-0.631268,0.9993,0.636027,0.389297,-0.645341,0.9998,0.630492,0.388632,-0.645586,0.9998,0.622793,0.38717,-0.644997,0.9998,0.633779,0.380572,-0.507386,0.9984,0.594091,0.379622,-0.573186,0.9998,0.639101,0.416835,-0.598653,0.9994,0.62922,0.417219,-0.618858,0.9997,0.624292,0.408124,-0.326387,0.9985,0.504657,0.408443,-0.518703,0.9993,0.614979,0.454057,-0.12698,0.2683,0.412933,0.435825,-0.530318,0.9864,0.638604,0.522395,-0.069427,0.7849,0.438007,0.546548,-0.59283,0.9872,0.662937,0.536619,-0.076043,0.7903,0.427336,0.573051,-0.636193,0.9686,0.654824,0.537388,-0.095471,0.8189,0.451889,0.574589,-0.642271,0.9645,0.641047,0.531961,-0.074647,0.8071,0.457402,0.566196,-0.599784,0.9225,0.482599,0.427285,0.062064,0.9986,0.426897,0.427101,-0.060221,0.9994,0.440478,0.406468,0.442514,0.1949,0.371085,0.392388,0.250016,0.8549,0.392672,0.332549,0.798107,0.2007,0.317934,0.333101,0.591238,0.901,0.385339,0.316264,0.835839,0.2677,0.313004,0.308605,0.631553,0.833,0.383793,0.343199,0.855809,0.3504,0.301961,0.341239,0.621019,0.8769
bhujangasana_tf_0012,bhujangasana,,TF,test,unlabelled,,Apache-2.0,data/datasets/yoga_poses/test/cobra/guy3_cobra036.jpg,True,300,300,True,0.9985,0.1318,174.795,173.464,152.091,96.365,71.177,8.677,118.363,109.794,171.898,154.884,173.464,174.795,96.365,152.091,154.884,171.898,109.794,118.363,37.756,87.236,109.794,173.464,96.365,37.756,73.167,73.167,19.917,6.319,2.371,43.078,-0.2896,-0.0971,0.6944,1.0652,0.631456,0.401908,-0.623357,0.9997,0.631849,0.383563,-0.607898,0.9996,0.632893,0.382142,-0.606568,0.9993,0.635923,0.379883,-0.606518,0.9991,0.622551,0.385191,-0.621487,0.9998,0.616163,0.384456,-0.621812,0.9998,0.609147,0.381802,-0.621134,0.9998,0.623678,0.378787,-0.4812,0.998,0.582761,0.376195,-0.55055,0.9998,0.625448,0.413492,-0.576337,0.9994,0.615102,0.41456,-0.597475,0.9995,0.614944,0.419237,-0.307036,0.9988,0.497151,0.406193,-0.502731,0.9994,0.608342,0.466464,-0.107576,0.1937,0.410321,0.435163,-0.524593,0.9916,0.630262,0.526846,-0.040795,0.7794,0.433288,0.542427,-0.598085,0.9903,0.65134,0.542357,-0.03918,0.8,0.422476,0.569756,-0.640102,0.974,0.646255,0.54238,-0.056452,0.8264,0.444582,0.569655,-0.638642,0.9691,0.634037,0.537617,-0.044279,0.8106,0.448786,0.562017,-0.602168,0.9286,0.47548,0.446007,0.061265,0.9985,0.423631,0.44386,-0.059478,0.9994,0.433483,0.394566,0.435999,0.1318,0.368419,0.392234,0.258423,0.8292,0.387022,0.325745,0.785112,0.1954,0.309803,0.323325,0.566316,0.9301,0.379013,0.306628,0.82225,0.3059,0.306011,0.306874,0.603441,0.8835,0.379528,0.336495,0.829751,0.3196,0.286058,0.330983,0.584051,0.8968
bhujangasana_tf_0013,bhujangasana,,TF,test,unlabelled,,Apache-2.0,data/datasets/yoga_poses/test/cobra/guy3_cobra037.jpg,True,300,300,True,0.9965,0.1545,170.935,162.612,152.792,102.368,70.909,5.909,106.729,109.111,170.114,157.994,162.612,170.935,102.368,152.792,157.994,170.114,106.729,109.111,36.673,86.658,109.111,162.612,102.368,36.673,70.407,70.407,13.886,3.251,0.576,39.568,-0.3353,-0.0237,0.6047,1.1729,0.617132,0.408952,-0.611993,0.9997,0.619065,0.393834,-0.597234,0.9995,0.622017,0.39156,-0.595971,0.9992,0.62326,0.389722,-0.595928,0.999,0.609593,0.395412,-0.612228,0.9998,0.604111,0.39434,-0.612525,0.9998,0.595208,0.391109,-0.611846,0.9997,0.611085,0.382546,-0.471425,0.9979,0.570445,0.38055,-0.547397,0.9997,0.61271,0.417898,-0.564911,0.9993,0.600012,0.419571,-0.588154,0.9994,0.607342,0.41496,-0.306909,0.9988,0.483764,0.40794,-0.50079,0.9987,0.602015,0.466834,-0.131914,0.3754,0.402376,0.446607,-0.523717,0.992,0.627946,0.533191,-0.090242,0.8795,0.426337,0.550032,-0.596977,0.9923,0.652547,0.546638,-0.096991,0.8785,0.419203,0.575983,-0.642437,0.9801,0.64475,0.546839,-0.117976,0.8974,0.440734,0.576622,-0.643957,0.9768,0.630164,0.542458,-0.095942,0.8827,0.444302,0.568723,-0.602938,0.9438,0.47287,0.446569,0.058225,0.9965,0.419399,0.447107,-0.056395,0.9983,0.4383,0.386588,0.403032,0.1545,0.37787,0.41279,0.255827,0.7388,0.386612,0.322808,0.740764,0.1965,0.323052,0.328523,0.56411,0.9073,0.377616,0.303416,0.776433,0.3222,0.318563,0.309511,0.60081,0.8667,0.380062,0.333481,0.7783,0.2645,0.303517,0.339992,0.578596,0.8504
bhujangasana_tf_0014,bhujangasana,,TF,test,unlabelled,,Apache-2.0,data/datasets/yoga_poses/test/cobra/guy3_cobra038.jpg,True,300,300,True,0.9963,0.0903,166.595,124.846,160.117,108.483,82.219,6.984,100.795,131.995,168.568,160.908,124.846,166.595,108.483,160.117,160.908,168.568,100.795,131.995,46.543,95.073,131.995,124.846,108.483,46.543,77.685,77.685,23.906,8.397,6.598,23.64,-0.2133,-0.0699,0.8241,1.3552,0.609586,0.405702,-0.65159,0.9976,0.611303,0.389451,-0.637749,0.9972,0.612627,0.38773,-0.636417,0.9961,0.614735,0.385848,-0.636503,0.9952,0.600327,0.390714,-0.65083,0.9986,0.586597,0.38859,-0.650987,0.9986,0.579779,0.386371,-0.650431,0.9985,0.603317,0.381764,-0.512263,0.9903,0.556835,0.37357,-0.577609,0.9983,0.603109,0.415554,-0.603828,0.9962,0.59091,0.416576,-0.624599,0.9972,0.594311,0.421123,-0.333679,0.9975,0.471862,0.403048,-0.523375,0.997,0.593271,0.463044,-0.148903,0.1829,0.394956,0.449898,-0.547989,0.9668,0.617411,0.535355,-0.099732,0.7368,0.419084,0.555533,-0.624463,0.9723,0.63924,0.551097,-0.106696,0.7645,0.411005,0.580951,-0.670813,0.9436,0.628356,0.550747,-0.128459,0.8068,0.433849,0.58141,-0.676439,0.9356,0.617028,0.544578,-0.106078,0.7942,0.437545,0.57445,-0.633128,0.8602,0.471704,0.434788,0.05511,0.9963,0.416005,0.428345,-0.053121,0.9981,0.456797,0.386497,0.469663,0.1264,0.364186,0.405662,0.265546,0.6916,0.423463,0.330042,0.840854,0.0903,0.348329,0.32562,0.647029,0.6217,0.415688,0.312917,0.879288,0.1826,0.348739,0.310983,0.692382,0.5836,0.423027,0.347127,0.905873,0.1765,0.334138,0.338517,0.700913,0.6102
bhujangasana_tf_0015,bhujangasana,,TF,test,unlabelled,,Apache-2.0,data/datasets/yoga_poses/test/cobra/guy3_cobra039.jpg,True,300,300,True,0.9979,0.2038,173.778,126.445,154.387,107.67,71.266,4.265,100.675,134.005,170.585,160.056,126.445,173.778,107.67,154.387,160.056,170.585,100.675,134.005,43.231,87.556,134.005,126.445,107.67,43.231,73.692,73.692,27.234,6.383,15.37,19.171,-0.2808,-0.116,1.0244,1.5569,0.59207,0.404262,-0.659455,0.9985,0.596323,0.385705,-0.647315,0.9982,0.598492,0.384001,-0.646148,0.9974,0.601467,0.381946,-0.646072,0.9968,0.58318,0.385731,-0.656142,0.9991,0.575463,0.382573,-0.655979,0.9991,0.564771,0.380122,-0.654851,0.999,0.596592,0.378486,-0.523169,0.9938,0.546648,0.371934,-0.567454,0.9989,0.58977,0.414284,-0.612161,0.9987,0.575354,0.41461,-0.627602,0.9983,0.594355,0.420831,-0.335182,0.9988,0.467775,0.406671,-0.512446,0.9989,0.589067,0.464687,-0.127216,0.2038,0.38759,0.455023,-0.548476,0.98,0.613637,0.537119,-0.070061,0.8663,0.412439,0.559166,-0.619334,0.986,0.635172,0.551724,-0.080742,0.9037,0.401651,0.583295,-0.658682,0.9669,0.628554,0.552402,-0.102409,0.932,0.423575,0.584409,-0.665751,0.9614,0.614841,0.546955,-0.075167,0.9255,0.427654,0.577394,-0.626863,0.914,0.481182,0.444595,0.042228,0.9979,0.423912,0.428852,-0.040132,0.999,0.465794,0.407505,0.46566,0.4022,0.362927,0.40765,0.267239,0.8705,0.426387,0.335692,0.826696,0.4032,0.342935,0.343365,0.668091,0.7941,0.416544,0.319568,0.863803,0.4611,0.346352,0.330055,0.714513,0.6855,0.426574,0.348419,0.877528,0.4779,0.325406,0.357662,0.718439,0.7378
bhujangasana_tf_0016,bhujangasana,,TF,test,unlabelled,,Apache-2.0,data/datasets/yoga_poses/test/cobra/guy3_cobra040.jpg,True,300,300,True,0.9936,0.1073,163.251,138.136,178.455,110.161,76.249,3.147,92.383,119.304,174.027,159.89,138.136,163.251,110.161,178.455,159.89,174.027,92.383,119.304,40.837,77.089,119.304,138.136,110.161,40.837,67.869,67.869,26.085,1.017,9.259,31.643,-0.3767,-0.0765,0.6341,1.38,0.583206,0.399501,-0.650652,0.9961,0.585517,0.382267,-0.641086,0.9944,0.589688,0.378806,-0.639815,0.992,0.591658,0.376296,-0.639754,0.9898,0.564888,0.380038,-0.647268,0.9975,0.557626,0.37863,-0.647448,0.9974,0.550402,0.377243,-0.646565,0.9972,0.585693,0.372897,-0.523195,0.9675,0.530195,0.374353,-0.55695,0.9973,0.583172,0.407899,-0.603848,0.992,0.564945,0.410885,-0.615722,0.9954,0.59315,0.405526,-0.332973,0.9979,0.463671,0.407825,-0.501875,0.998,0.598678,0.467071,-0.145322,0.1542,0.385164,0.457264,-0.532615,0.9756,0.607254,0.540317,-0.091742,0.8155,0.407399,0.561518,-0.61519,0.9863,0.626025,0.556931,-0.095006,0.8428,0.397371,0.586487,-0.656322,0.9655,0.618073,0.558011,-0.118508,0.8813,0.420998,0.586897,-0.659381,0.9609,0.604141,0.55088,-0.09735,0.8662,0.427112,0.578804,-0.621771,0.9133,0.471926,0.446992,0.050185,0.9936,0.411037,0.437065,-0.048111,0.9966,0.456582,0.407568,0.442144,0.1137,0.366776,0.409791,0.26564,0.6522,0.404985,0.341565,0.803272,0.1073,0.345572,0.338176,0.645884,0.6003,0.395643,0.32633,0.841337,0.19,0.351842,0.322965,0.691375,0.5772,0.396961,0.352024,0.861514,0.1485,0.322325,0.343315,0.703243,0.527
bhujangasana_tf_0017,bhujangasana,,TF,test,unlabelled,,Apache-2.0,data/datasets/yoga_poses/test/cobra/guy3_cobra041.jpg,True,300,300,True,0.9957,0.3214,164.493,144.775,177.152,118.026,78.975,3.791,89.288,111.28,170.176,162.841,144.775,164.493,118.026,177.152,162.841,170.176,89.288,111.28,36.957,80.574,111.28,144.775,118.026,36.957,65.958,65.958,24.017,2.076,14.46,32.836,-0.4074,-0.0284,0.7949,1.6158,0.566457,0.407391,-0.653085,0.998,0.57323,0.389156,-0.643304,0.9974,0.576473,0.386227,-0.64236,0.9965,0.57854,0.383442,-0.642254,0.9959,0.558998,0.389302,-0.650462,0.9986,0.546644,0.385168,-0.650483,0.9985,0.540079,0.383408,-0.64919,0.9984,0.573856,0.376403,-0.526964,0.9926,0.522475,0.373916,-0.562146,0.9985,0.566573,0.41493,-0.607136,0.9983,0.55011,0.415097,-0.620073,0.9978,0.582601,0.412065,-0.346086,0.9993,0.451672,0.407319,-0.497291,0.9986,0.590855,0.469159,-0.165978,0.3272,0.382069,0.465055,-0.5432,0.9839,0.605031,0.541591,-0.139047,0.925,0.4028,0.565601,-0.639663,0.9903,0.629537,0.560692,-0.157445,0.9414,0.391781,0.592412,-0.685227,0.9755,0.622191,0.562253,-0.183018,0.9624,0.412701,0.593358,-0.692814,0.9738,0.604992,0.556501,-0.146878,0.9555,0.418994,0.584906,-0.648935,0.9414,0.472835,0.450398,0.038477,0.9957,0.413334,0.435055,-0.036522,0.9974,0.456874,0.402803,0.423657,0.3214,0.372511,0.40871,0.270165,0.7709,0.406224,0.327838,0.784023,0.3225,0.341965,0.332873,0.679352,0.6821,0.39725,0.309623,0.821887,0.3972,0.346652,0.31687,0.72608,0.6348,0.397938,0.338756,0.823568,0.3271,0.314353,0.339737,0.727342,0.5829
bhujangasana_tf_0018,bhujangasana,,TF,test,unlabelled,,Apache-2.0,data/datasets/yoga_poses/test/cobra/guy3_cobra042.jpg,True,300,300,True,0.9939,0.6088,122.05,178.786,169.937,113.828,67.169,21.541,54.639,67.3,167.504,161.694,122.05,178.786,113.828,169.937,161.694,167.504,54.639,67.3,14.67,73.068,67.3,122.05,113.828,14.67,53.444,53.444,12.211,3.483,11.548,55.677,-0.5956,-0.1777,1.085,1.8941,0.560253,0.408552,-0.62491,0.9997,0.565886,0.393487,-0.609099,0.9996,0.568304,0.392228,-0.608211,0.9994,0.57107,0.390266,-0.607744,0.9994,0.554415,0.393634,-0.624534,0.9997,0.547568,0.391605,-0.624524,0.9996,0.538611,0.39012,-0.623615,0.9996,0.566057,0.383544,-0.489801,0.9975,0.515014,0.37939,-0.558106,0.9996,0.558476,0.420734,-0.580707,0.9998,0.543498,0.420205,-0.602313,0.9998,0.571362,0.416853,-0.342888,0.9998,0.440714,0.424804,-0.454987,0.9995,0.577756,0.472146,-0.159098,0.833,0.375737,0.471123,-0.486381,0.995,0.600346,0.547637,-0.103267,0.9847,0.394805,0.563569,-0.564522,0.9952,0.624399,0.560209,-0.108926,0.9868,0.382798,0.589066,-0.595665,0.9878,0.615522,0.564114,-0.135711,0.9922,0.403285,0.592149,-0.603883,0.987,0.598771,0.5587,-0.109698,0.992,0.409509,0.585588,-0.572482,0.9769,0.480496,0.468111,-0.000554,0.9939,0.420561,0.455865,0.002539,0.996,0.488057,0.395365,0.235593,0.699,0.392497,0.414761,0.202877,0.8822,0.422244,0.343977,0.504565,0.715,0.347281,0.345426,0.562839,0.6088,0.407005,0.337693,0.5293,0.389,0.343111,0.333783,0.596716,0.5115,0.428618,0.333515,0.521408,0.6547,0.339417,0.34745,0.604262,0.5827
bhujangasana_tf_0019,bhujangasana,,TF,test,unlabelled,,Apache-2.0,data/datasets/yoga_poses/test/cobra/guy3_cobra043.jpg,True,300,300,True,0.9979,0.5025,169.054,175.836,175.962,121.616,76.387,13.264,86.595,70.848,165.819,164.308,169.054,175.836,121.616,175.962,164.308,165.819,70.848,86.595,17.464,78.77,86.595,169.054,121.616,17.464,56.336,56.336,9.551,6.936,27.797,52.308,-0.5543,-0.0912,0.9531,1.8555,0.547642,0.41328,-0.650928,0.9993,0.555023,0.398579,-0.640432,0.999,0.557306,0.397849,-0.639585,0.9989,0.560538,0.399334,-0.639343,0.9988,0.541743,0.398037,-0.648857,0.9993,0.53489,0.394314,-0.648651,0.9993,0.529495,0.392407,-0.647407,0.9993,0.558757,0.392747,-0.529492,0.997,0.512642,0.38039,-0.567588,0.9992,0.544571,0.422435,-0.608026,0.9997,0.532333,0.420607,-0.621751,0.9995,0.564631,0.427431,-0.368822,0.9999,0.43639,0.41183,-0.475384,0.9995,0.57578,0.480811,-0.224012,0.9213,0.371111,0.473952,-0.501292,0.9942,0.59721,0.556367,-0.224151,0.9915,0.391675,0.570994,-0.601569,0.9954,0.619362,0.567461,-0.253098,0.9913,0.380588,0.592559,-0.646332,0.9863,0.608019,0.570943,-0.280768,0.9946,0.399722,0.597617,-0.651424,0.985,0.591294,0.567863,-0.233469,0.9929,0.40603,0.589793,-0.610274,0.9696,0.469699,0.472529,-0.000522,0.9979,0.415427,0.443918,0.003038,0.9984,0.448049,0.418957,0.339625,0.7804,0.380143,0.398252,0.291629,0.7476,0.405411,0.353179,0.672937,0.7569,0.340661,0.338664,0.716172,0.5025,0.397379,0.341911,0.708401,0.5569,0.339043,0.329392,0.756652,0.3397,0.399682,0.345047,0.68768,0.7503,0.324565,0.348592,0.750626,0.4861
bhujangasana_tf_0020,bhujangasana,,TF,test,unlabelled,,Apache-2.0,data/datasets/yoga_poses/test/cobra/guy3_cobra044.jpg,True,300,300,True,0.9985,0.344,116.112,169.737,162.625,127.564,43.866,47.128,28.902,25.154,166.828,167.629,116.112,169.737,127.564,162.625,166.828,167.629,25.154,28.902,16.17,54.074,25.154,169.737,127.564,16.17,24.049,24.049,19.841,4.887,1.173,61.047,-0.9132,-0.0809,1.8529,1.8971,0.538191,0.413216,-0.747202,1.0,0.546657,0.39453,-0.730931,1.0,0.552235,0.392929,-0.72959,1.0,0.556799,0.391227,-0.729205,1.0,0.526278,0.395065,-0.743471,1.0,0.519149,0.394106,-0.743468,1.0,0.512015,0.39253,-0.742268,1.0,0.556669,0.384713,-0.587658,1.0,0.491165,0.383124,-0.65574,1.0,0.54511,0.425054,-0.69379,1.0,0.525368,0.426069,-0.715242,1.0,0.558698,0.413221,-0.403986,1.0,0.42147,0.424954,-0.523018,1.0,0.561851,0.474105,-0.217131,0.9484,0.372654,0.476704,-0.483168,0.9991,0.591952,0.55531,-0.19082,0.9846,0.388474,0.575394,-0.528372,0.9983,0.612272,0.573345,-0.203932,0.9808,0.377708,0.59612,-0.564101,0.9946,0.604167,0.573619,-0.236936,0.9859,0.399155,0.596445,-0.581022,0.9947,0.590843,0.568199,-0.202937,0.9855,0.406351,0.591115,-0.539585,0.991,0.49556,0.486104,0.011626,0.9985,0.425436,0.484669,-0.009459,0.9995,0.510976,0.413578,0.308003,0.344,0.390676,0.421839,0.278797,0.5491,0.465939,0.378248,0.615221,0.4322,0.333938,0.352313,0.570019,0.5406,0.448071,0.372244,0.647134,0.4237,0.309818,0.351378,0.595893,0.3305,0.481432,0.38409,0.665639,0.4264,0.306801,0.35347,0.598068,0.4008
bhujangasana_tf_0021,bhujangasana,,TF,test,unlabelled,,Apache-2.0,data/datasets/yoga_poses/test/cobra/guy3_cobra045.jpg,True,300,300,True,0.9977,0.1757,148.622,159.306,179.339,128.234,62.151,33.117,56.219,26.175,166.893,166.982,148.622,159.306,128.234,179.339,166.893,166.982,26.175,56.219,2.297,62.524,26.175,159.306,128.234,2.297,35.403,35.403,3.979,0.083,7.702,74.545,-0.8151,-0.1072,0.9847,1.6506,0.531458,0.411117,-0.629797,1.0,0.537909,0.394888,-0.620226,1.0,0.541418,0.393022,-0.619049,1.0,0.545149,0.390661,-0.618693,1.0,0.523239,0.395127,-0.634546,1.0,0.516502,0.393137,-0.634652,1.0,0.510302,0.391468,-0.634146,1.0,0.54275,0.380965,-0.524219,0.9999,0.495234,0.380579,-0.595075,1.0,0.532992,0.420941,-0.593218,1.0,0.51771,0.421386,-0.616004,1.0,0.55485,0.419851,-0.410772,1.0,0.418815,0.420047,-0.514331,1.0,0.569267,0.483644,-0.290962,0.9812,0.368118,0.472844,-0.548325,0.9997,0.588851,0.565875,-0.325802,0.9974,0.382588,0.576743,-0.624799,0.9993,0.607017,0.578079,-0.36511,0.9962,0.368912,0.599525,-0.67444,0.9972,0.597507,0.581092,-0.398913,0.9974,0.389849,0.603015,-0.677313,0.9967,0.583854,0.579995,-0.339647,0.9963,0.396703,0.595647,-0.633697,0.9924,0.471236,0.491474,0.008301,0.9977,0.406938,0.482779,-0.006448,0.9988,0.464202,0.432504,0.358141,0.1762,0.387895,0.4139,0.343888,0.3038,0.423993,0.38137,0.704774,0.1757,0.346508,0.357244,0.679549,0.3898,0.420505,0.382815,0.742688,0.2181,0.342358,0.345667,0.711419,0.2714,0.438298,0.399336,0.742655,0.1817,0.339386,0.363896,0.700595,0.2533
bhujangasana_tf_0022,bhujangasana,,TF,test,unlabelled,,Apache-2.0,data/datasets/yoga_poses/test/cobra/guy3_cobra046.jpg,True,300,300,True,0.9994,0.1563,120.721,125.087,171.447,134.833,48.853,39.864,41.285,0.485,169.314,167.652,120.721,125.087,134.833,171.447,167.652,169.314,0.485,41.285,14.138,53.911,0.485,125.087,134.833,14.138,28.63,28.63,8.041,7.333,6.941,87.725,-0.8777,-0.0549,1.0175,1.8247,0.527024,0.414229,-0.657015,1.0,0.532897,0.39621,-0.644941,1.0,0.536899,0.394364,-0.64354,0.9999,0.540299,0.392369,-0.643362,0.9999,0.517236,0.397122,-0.655642,1.0,0.50928,0.396075,-0.655393,1.0,0.501317,0.394986,-0.654991,1.0,0.537954,0.383285,-0.521881,0.9997,0.48143,0.387589,-0.57729,1.0,0.53064,0.426546,-0.609655,1.0,0.512875,0.427873,-0.627095,1.0,0.554964,0.409476,-0.363838,1.0,0.415232,0.427458,-0.470528,1.0,0.561283,0.473599,-0.210593,0.9412,0.369974,0.485231,-0.482021,0.9968,0.584117,0.563969,-0.164791,0.9888,0.381792,0.580211,-0.526012,0.9976,0.601133,0.581738,-0.161104,0.9852,0.370678,0.603707,-0.547897,0.9928,0.593316,0.585071,-0.189781,0.9896,0.391839,0.604575,-0.561637,0.9926,0.58093,0.579912,-0.171796,0.9885,0.398052,0.598366,-0.533271,0.9866,0.479253,0.49003,0.024419,0.9994,0.41695,0.482445,-0.021941,0.9997,0.481092,0.435713,0.238926,0.2655,0.414226,0.413871,0.139397,0.51,0.425162,0.399861,0.528392,0.1563,0.351238,0.373258,0.399179,0.472,0.41223,0.394153,0.556941,0.1554,0.331139,0.375779,0.423397,0.2984,0.431281,0.398961,0.543637,0.2773,0.341033,0.376642,0.392503,0.5848
bhujangasana_tf_0023,bhujangasana,,TF,test,unlabelled,,Apache-2.0,data/datasets/yoga_poses/test/cobra/guy3_cobra047.jpg,True,300,300,True,0.9974,0.3158,133.207,179.457,174.574,130.006,45.697,51.376,35.505,17.597,167.89,168.874,133.207,179.457,130.006,174.574,167.89,168.874,17.597,35.505,21.993,48.867,35.505,133.207,130.006,21.993,18.207,18.207,17.855,2.765,5.954,61.535,-0.9499,-0.0194,1.1001,2.0154,0.517227,0.423666,-0.765833,1.0,0.529462,0.403159,-0.754241,1.0,0.533767,0.402089,-0.753241,1.0,0.537091,0.400833,-0.752658,1.0,0.508554,0.40314,-0.766799,1.0,0.500449,0.401843,-0.766762,1.0,0.493847,0.400028,-0.765075,1.0,0.53597,0.393336,-0.619598,1.0,0.473043,0.388579,-0.681182,1.0,0.520695,0.434562,-0.712468,0.9999,0.503416,0.43407,-0.733404,1.0,0.549321,0.421647,-0.440601,0.9999,0.410101,0.428371,-0.52922,1.0,0.559165,0.484222,-0.246613,0.9941,0.362288,0.484336,-0.484434,0.9993,0.581239,0.570408,-0.220716,0.9972,0.379195,0.585528,-0.575386,0.9992,0.601685,0.587086,-0.233583,0.9953,0.364111,0.604986,-0.620158,0.9981,0.590376,0.587515,-0.257477,0.9964,0.388789,0.607012,-0.635864,0.9981,0.577624,0.582244,-0.227609,0.9951,0.397002,0.600305,-0.586773,0.9952,0.494873,0.494541,0.000408,0.9974,0.421331,0.486871,0.001812,0.9988,0.49623,0.432532,0.335743,0.4176,0.396018,0.440181,0.339259,0.3476,0.438585,0.375963,0.668517,0.4491,0.362509,0.376951,0.671852,0.3158,0.427673,0.377622,0.704568,0.5309,0.341817,0.374312,0.702933,0.2434,0.464261,0.391196,0.6949,0.2912,0.349367,0.377915,0.685768,0.1533
bhujangasana_tf_0024,bhujangasana,,TF,test,unlabelled,,Apache-2.0,data/datasets/yoga_poses/test/cobra/guy3_cobra048.jpg,True,300,300,True,0.999,0.2509,146.706,139.923,172.787,141.962,58.217,46.082,54.899,4.677,166.865,170.063,139.923,146.706,141.962,172.787,166.865,170.063,4.677,54.899,24.361,62.363,4.677,146.706,141.962,24.361,28.93,28.93,4.624,4.145,3.022,80.253,-0.8752,-0.0531,1.2282,2.5787,0.51151,0.424062,-0.762621,1.0,0.519296,0.405323,-0.746649,1.0,0.524874,0.404118,-0.74567,1.0,0.529072,0.40255,-0.745229,1.0,0.500212,0.405319,-0.759691,1.0,0.492776,0.403976,-0.759732,1.0,0.484516,0.402128,-0.758864,1.0,0.529353,0.3926,-0.613103,1.0,0.465976,0.395395,-0.674645,1.0,0.51698,0.435922,-0.712606,1.0,0.498774,0.437267,-0.732603,1.0,0.546947,0.421844,-0.423681,1.0,0.404601,0.43216,-0.549042,1.0,0.557152,0.486354,-0.293828,0.9776,0.367257,0.492727,-0.563316,0.9986,0.581781,0.571116,-0.310642,0.993,0.377671,0.585873,-0.650095,0.9992,0.600989,0.588118,-0.325784,0.9911,0.364853,0.606141,-0.702988,0.998,0.589142,0.590702,-0.359554,0.994,0.38635,0.60816,-0.721027,0.9978,0.575755,0.58513,-0.323279,0.9929,0.392484,0.602585,-0.664275,0.9953,0.482729,0.477221,0.013293,0.999,0.415275,0.47366,-0.011254,0.9994,0.478096,0.430567,0.348123,0.264,0.406864,0.424692,0.307355,0.3983,0.44072,0.384354,0.662808,0.2973,0.373909,0.396867,0.647078,0.2509,0.434893,0.382306,0.696048,0.2982,0.368306,0.394916,0.677171,0.1718,0.46157,0.400185,0.691816,0.3994,0.377256,0.403826,0.665737,0.2769
bhujangasana_tf_0025,bhujangasana,,TF,test,unlabelled,,Apache-2.0,data/datasets/yoga_poses/test/cobra/guy3_cobra049.jpg,True,300,300,True,0.9982,0.1972,154.363,171.425,174.103,138.293,47.25,50.849,43.319,19.341,167.382,168.805,154.363,171.425,138.293,174.103,167.382,168.805,19.341,43.319,27.242,50.51,43.319,154.363,138.293,27.242,16.049,16.049,11.488,2.486,3.799,54.612,-0.961,-0.0289,1.2,2.0354,0.501779,0.427472,-0.755628,1.0,0.513327,0.408275,-0.745049,1.0,0.520028,0.40633,-0.743966,1.0,0.525074,0.404365,-0.743745,1.0,0.49312,0.408884,-0.755598,1.0,0.485612,0.407382,-0.755964,1.0,0.478325,0.40569,-0.754442,1.0,0.527718,0.396057,-0.612021,1.0,0.461113,0.395544,-0.665273,1.0,0.508494,0.437057,-0.703421,1.0,0.490476,0.436011,-0.721323,1.0,0.54634,0.426432,-0.431956,1.0,0.407404,0.432464,-0.531659,1.0,0.557595,0.494722,-0.310121,0.9896,0.365154,0.493247,-0.507259,0.9984,0.580098,0.577228,-0.327727,0.9942,0.376625,0.587977,-0.593596,0.9972,0.599609,0.593026,-0.351595,0.9893,0.361835,0.60883,-0.641145,0.9919,0.584862,0.594857,-0.383571,0.9915,0.387168,0.610238,-0.659639,0.9911,0.574231,0.589535,-0.33953,0.9882,0.393979,0.603021,-0.607535,0.9813,0.491179,0.497313,-0.004652,0.9982,0.424788,0.492904,0.006711,0.9989,0.486749,0.450688,0.354911,0.2192,0.397546,0.454553,0.359477,0.1972,0.450333,0.390237,0.686767,0.2698,0.368657,0.397394,0.704262,0.2215,0.439999,0.395363,0.720581,0.2882,0.355362,0.398027,0.735,0.1431,0.467805,0.40102,0.709234,0.281,0.357838,0.398335,0.727548,0.1586
bhujangasana_tf_0026,bhujangasana,,TF,test,unlabelled,,Apache-2.0,data/datasets/yoga_poses/test/cobra/guy3_cobra050.jpg,True,300,300,True,0.9971,0.2372,130.947,167.773,173.97,146.573,46.016,46.929,35.867,14.102,169.845,169.052,130.947,167.773,146.573,173.97,169.052,169.845,14.102,35.867,28.083,49.41,14.102,167.773,146.573,28.083,18.548,18.548,0.646,3.506,6.728,58.762,-0.9481,-0.0257,1.0842,2.2766,0.498543,0.428582,-0.767083,1.0,0.507317,0.409368,-0.760413,1.0,0.512883,0.407528,-0.7594,1.0,0.518404,0.405604,-0.75899,1.0,0.487401,0.410402,-0.765456,1.0,0.479206,0.409158,-0.765586,1.0,0.472593,0.407577,-0.763998,1.0,0.522332,0.397638,-0.633599,1.0,0.455779,0.398943,-0.661658,1.0,0.504962,0.440658,-0.716178,1.0,0.486417,0.439268,-0.727137,1.0,0.549484,0.425817,-0.431131,0.9999,0.406409,0.434584,-0.515028,1.0,0.557636,0.49458,-0.235015,0.985,0.36973,0.498646,-0.457853,0.9986,0.577363,0.581472,-0.214267,0.9928,0.375732,0.593177,-0.546087,0.9989,0.59789,0.595602,-0.221653,0.9882,0.362389,0.612117,-0.588576,0.9968,0.58494,0.597805,-0.253299,0.9915,0.384013,0.614865,-0.611233,0.9971,0.573138,0.592668,-0.224356,0.9903,0.389635,0.608402,-0.560653,0.9937,0.493674,0.494112,0.008247,0.9971,0.422162,0.485676,-0.006287,0.9985,0.496952,0.438752,0.347192,0.2372,0.397776,0.44547,0.3101,0.3321,0.44794,0.390865,0.6893,0.2916,0.379707,0.393027,0.656484,0.3045,0.437964,0.398772,0.722371,0.3609,0.362114,0.394207,0.687326,0.236,0.469356,0.41458,0.709807,0.2807,0.35486,0.411457,0.675915,0.2155
bhujangasana_tf_0027,bhujangasana,,TF,test,unlabelled,,Apache-2.0,data/datasets/yoga_poses/test/cobra/guy3_cobra051.jpg,True,300,300,True,0.9984,0.1915,144.922,175.986,173.577,150.044,43.606,48.898,47.272,2.482,170.284,170.286,144.922,175.986,150.044,173.577,170.284,170.286,2.482,47.272,31.467,47.248,2.482,175.986,150.044,31.467,13.15,13.15,6.081,3.398,1.665,65.765,-0.9738,-0.0075,0.9529,2.2368,0.500982,0.432829,-0.741222,1.0,0.507813,0.415286,-0.732357,1.0,0.512874,0.413026,-0.731522,1.0,0.517591,0.410405,-0.731292,1.0,0.489458,0.416592,-0.73948,1.0,0.480811,0.415193,-0.740043,1.0,0.472642,0.413288,-0.738209,1.0,0.519978,0.398643,-0.596892,1.0,0.455863,0.404314,-0.636853,1.0,0.505847,0.444584,-0.686056,1.0,0.489906,0.447097,-0.700589,1.0,0.550318,0.428957,-0.410631,1.0,0.403306,0.437686,-0.495583,1.0,0.557691,0.498247,-0.256457,0.9878,0.371183,0.500338,-0.432234,0.9987,0.577432,0.587316,-0.290152,0.9931,0.375952,0.597481,-0.519916,0.9988,0.595789,0.603369,-0.316582,0.9858,0.361384,0.614522,-0.566895,0.9964,0.584445,0.605421,-0.348909,0.9893,0.383739,0.616906,-0.590922,0.9965,0.57414,0.600376,-0.302985,0.9855,0.391498,0.609481,-0.535451,0.992,0.496928,0.498455,0.007893,0.9984,0.42674,0.496415,-0.006117,0.9989,0.486623,0.438418,0.381345,0.1915,0.409343,0.457769,0.34831,0.2215,0.440717,0.39222,0.714723,0.2292,0.378514,0.40039,0.686313,0.2576,0.431022,0.384095,0.748394,0.3178,0.373745,0.388544,0.719987,0.2154,0.461272,0.402432,0.720459,0.1713,0.37792,0.404507,0.696296,0.1468
bhujangasana_tf_0028,bhujangasana,,TF,test,unlabelled,,Apache-2.0,data/datasets/yoga_poses/test/cobra/guy3_cobra052.jpg,True,300,300,True,0.9991,0.1848,149.904,175.927,176.334,147.537,55.477,55.625,62.41,2.548,168.673,170.439,149.904,175.927,147.537,176.334,168.673,170.439,2.548,62.41,35.889,57.74,2.548,175.927,147.537,35.889,17.992,17.992,1.737,2.514,0.574,66.22,-0.9511,-0.0447,1.223,2.9649,0.496973,0.442571,-0.70554,1.0,0.505917,0.42376,-0.70034,1.0,0.511256,0.4218,-0.699406,1.0,0.516006,0.419638,-0.699155,1.0,0.48915,0.425356,-0.706683,1.0,0.481735,0.42419,-0.707386,1.0,0.473727,0.422363,-0.7052,1.0,0.519486,0.411158,-0.571533,1.0,0.453905,0.413167,-0.608549,1.0,0.502419,0.45315,-0.651376,1.0,0.486759,0.453338,-0.665423,1.0,0.548566,0.441563,-0.392217,1.0,0.401419,0.448024,-0.457776,1.0,0.557741,0.499081,-0.212408,0.979,0.370252,0.503569,-0.354925,0.9967,0.578458,0.590796,-0.216974,0.9892,0.375645,0.601042,-0.434752,0.9965,0.597736,0.60839,-0.232254,0.9771,0.359971,0.619324,-0.467169,0.9901,0.584386,0.610115,-0.269139,0.9825,0.380375,0.619973,-0.498161,0.9913,0.571516,0.605003,-0.229412,0.9774,0.390004,0.614369,-0.450408,0.9817,0.495915,0.491678,0.003732,0.9991,0.42338,0.492405,-0.00198,0.9995,0.479465,0.434292,0.355958,0.1848,0.406911,0.455029,0.342276,0.2508,0.441156,0.397416,0.69486,0.2266,0.381015,0.406023,0.676966,0.3263,0.425021,0.389348,0.730954,0.385,0.385405,0.384452,0.710954,0.3216,0.454843,0.404695,0.711499,0.1322,0.378654,0.421813,0.684722,0.1487
bhujangasana_tf_0029,bhujangasana,,TF,test,unlabelled,,Apache-2.0,data/datasets/yoga_poses/test/cobra/guy3_cobra053.jpg,True,300,300,True,0.9997,0.277,150.295,174.39,173.987,155.887,46.031,51.234,57.64,5.141,170.769,170.788,150.295,174.39,155.887,173.987,170.769,170.788,5.141,57.64,37.54,49.436,5.141,174.39,155.887,37.54,11.845,11.845,5.717,2.793,1.243,56.531,-0.9787,-0.1111,1.0802,2.701,0.496622,0.442768,-0.771843,1.0,0.503764,0.425178,-0.767285,1.0,0.509311,0.423258,-0.76611,1.0,0.514983,0.420822,-0.765845,1.0,0.487413,0.425988,-0.773415,1.0,0.480204,0.424853,-0.774092,1.0,0.472425,0.423335,-0.77192,1.0,0.521574,0.412212,-0.631221,1.0,0.453942,0.416176,-0.666761,1.0,0.50228,0.453882,-0.715327,1.0,0.487026,0.453166,-0.728393,1.0,0.552753,0.44532,-0.436717,1.0,0.400714,0.452737,-0.497764,1.0,0.559611,0.512533,-0.235825,0.9851,0.373728,0.516604,-0.389931,0.9985,0.577705,0.598852,-0.223487,0.9946,0.375641,0.607342,-0.47488,0.9984,0.595489,0.613536,-0.231611,0.9866,0.354852,0.624406,-0.499649,0.9946,0.581303,0.618054,-0.270466,0.9902,0.37906,0.626997,-0.529907,0.9954,0.570667,0.613093,-0.23554,0.988,0.389044,0.620137,-0.488672,0.9902,0.502317,0.504992,0.002835,0.9997,0.428015,0.50338,-0.001143,0.9998,0.487959,0.459275,0.338347,0.3227,0.40602,0.47011,0.337968,0.3537,0.436306,0.411342,0.695817,0.277,0.375436,0.412247,0.673636,0.3909,0.42299,0.393284,0.73063,0.4192,0.371828,0.401919,0.7049,0.3466,0.442224,0.414517,0.70457,0.2198,0.376626,0.415745,0.669792,0.2383
bhujangasana_tf_0030,bhujangasana,,TF,test,unlabelled,,Apache-2.0,data/datasets/yoga_poses/test/cobra/guy3_cobra054.jpg,True,300,300,True,0.9996,0.257,138.121,170.919,177.324,162.326,48.17,39.934,41.439,11.375,169.595,172.657,138.121,170.919,162.326,177.324,169.595,172.657,11.375,41.439,30.693,49.605,11.375,170.919,162.326,30.693,11.781,11.781,6.605,1.606,0.742,55.275,-0.9789,-0.1246,1.1505,2.4053,0.497555,0.446311,-0.768243,1.0,0.504378,0.427641,-0.760051,1.0,0.509455,0.425457,-0.758978,1.0,0.514452,0.42291,-0.758838,1.0,0.488521,0.429424,-0.766265,1.0,0.481303,0.428629,-0.766871,1.0,0.473269,0.427409,-0.764763,1.0,0.519274,0.414184,-0.621477,1.0,0.453048,0.421064,-0.656024,1.0,0.502381,0.458296,-0.712972,1.0,0.48761,0.458528,-0.725019,1.0,0.550542,0.452099,-0.438287,1.0,0.397436,0.456391,-0.49901,1.0,0.56186,0.523803,-0.291761,0.9842,0.376061,0.528163,-0.413741,0.9976,0.578809,0.606035,-0.33537,0.9915,0.37762,0.610155,-0.526528,0.9962,0.597206,0.621025,-0.363386,0.98,0.361564,0.628824,-0.561193,0.9879,0.585554,0.624787,-0.40345,0.9852,0.37987,0.626907,-0.590639,0.9895,0.575372,0.61767,-0.350031,0.9817,0.388105,0.623679,-0.54218,0.9801,0.498346,0.516099,0.007594,0.9996,0.42363,0.517067,-0.005622,0.9997,0.496599,0.471425,0.341159,0.2686,0.401319,0.484876,0.333686,0.3373,0.443474,0.416641,0.683991,0.257,0.3703,0.420262,0.658237,0.3936,0.430052,0.397646,0.7187,0.4369,0.366479,0.409279,0.688961,0.3413,0.447874,0.418166,0.698484,0.2134,0.37315,0.421809,0.654989,0.2478
bhujangasana_tf_0031,bhujangasana,,TF,test,unlabelled,,Apache-2.0,data/datasets/yoga_poses/test/cobra/guy3_cobra055.jpg,True,300,300,True,0.9999,0.1562,173.283,178.218,179.704,161.174,46.88,43.681,66.442,11.175,171.24,170.897,173.283,178.218,161.174,179.704,170.897,171.24,11.175,66.442,33.144,47.05,11.175,178.218,161.174,33.144,10.733,10.733,1.779,1.956,1.196,54.784,-0.9825,0.0084,1.1783,2.3538,0.48909,0.456147,-0.620864,1.0,0.497044,0.438212,-0.616075,1.0,0.502869,0.436375,-0.615229,1.0,0.508493,0.43416,-0.614887,1.0,0.478112,0.438416,-0.617966,1.0,0.47017,0.436865,-0.618904,1.0,0.463061,0.435002,-0.615154,1.0,0.517973,0.42347,-0.502792,1.0,0.44984,0.427146,-0.520341,1.0,0.496664,0.465801,-0.575055,1.0,0.478668,0.46485,-0.583691,1.0,0.553042,0.453016,-0.337456,1.0,0.401324,0.458198,-0.393285,1.0,0.563127,0.519787,-0.150518,0.9663,0.377684,0.524442,-0.198053,0.9789,0.577272,0.610264,-0.117301,0.9587,0.376416,0.613647,-0.223534,0.9598,0.596309,0.623202,-0.122352,0.905,0.357838,0.630913,-0.24119,0.8972,0.57954,0.627162,-0.159872,0.9223,0.377232,0.633579,-0.272041,0.9065,0.569595,0.621599,-0.127036,0.8844,0.389048,0.626356,-0.237684,0.8378,0.501569,0.518214,0.001858,0.9999,0.428774,0.519733,-0.000254,0.9999,0.482273,0.482154,0.390593,0.1562,0.406584,0.488295,0.370265,0.3,0.441219,0.423237,0.711455,0.3406,0.366063,0.434519,0.687482,0.53,0.428474,0.409183,0.745929,0.5629,0.361853,0.427543,0.720689,0.5241,0.44842,0.423385,0.731266,0.1666,0.366082,0.435796,0.696107,0.2034
bhujangasana_tf_0032,bhujangasana,,TF,test,unlabelled,,Apache-2.0,data/datasets/yoga_poses/test/cobra/guy3_cobra056.jpg,True,300,300,True,0.9978,0.144,169.1,146.288,174.97,160.57,48.816,42.336,57.989,46.587,169.676,171.248,146.288,169.1,160.57,174.97,169.676,171.248,46.587,57.989,31.694,46.155,46.587,146.288,160.57,31.694,10.889,10.889,2.265,2.217,3.698,20.471,-0.982,-0.0446,1.4202,2.1451,0.488884,0.45834,-0.754197,1.0,0.499061,0.438821,-0.743967,1.0,0.504953,0.436974,-0.743015,1.0,0.510235,0.435002,-0.742843,0.9999,0.478788,0.440528,-0.749406,1.0,0.470802,0.439631,-0.749836,1.0,0.464054,0.438328,-0.748056,1.0,0.516365,0.426899,-0.613271,0.9999,0.45046,0.431602,-0.640153,1.0,0.495109,0.468691,-0.703512,0.9999,0.478612,0.468593,-0.713318,1.0,0.549957,0.458555,-0.433536,1.0,0.40183,0.46429,-0.506476,1.0,0.566791,0.531563,-0.315135,0.9725,0.378064,0.531801,-0.465871,0.9958,0.578428,0.614851,-0.315208,0.9741,0.378121,0.618298,-0.57805,0.9949,0.597952,0.630947,-0.331809,0.9533,0.361703,0.636074,-0.623588,0.9876,0.579841,0.632399,-0.364216,0.9633,0.381379,0.637759,-0.645679,0.9876,0.570375,0.62747,-0.326997,0.9574,0.3898,0.63112,-0.593474,0.9766,0.497278,0.531511,-0.005134,0.9978,0.428399,0.527058,0.007095,0.9988,0.483815,0.49845,0.33203,0.3013,0.389695,0.51261,0.339777,0.3883,0.453019,0.451133,0.693417,0.144,0.355996,0.465915,0.700976,0.173,0.439018,0.446345,0.727426,0.1504,0.353872,0.460226,0.733592,0.127,0.46687,0.447197,0.71406,0.2133,0.349163,0.470226,0.726915,0.1731
bhujangasana_tf_0033,bhujangasana,,TF,test,unlabelled,,Apache-2.0,data/datasets/yoga_poses/test/cobra/guy3_cobra057.jpg,True,300,300,True,0.9946,0.1271,162.571,98.12,175.988,165.518,42.492,40.361,57.382,37.551,169.842,171.278,98.12,162.571,165.518,175.988,169.842,171.278,37.551,57.382,32.467,40.378,37.551,98.12,165.518,32.467,5.712,5.712,6.576,2.85,0.66,28.703,-0.995,-0.0162,0.7346,2.0201,0.49136,0.464573,-0.735432,1.0,0.499742,0.447227,-0.725713,1.0,0.50552,0.445598,-0.724564,1.0,0.510753,0.44363,-0.724012,1.0,0.480279,0.447167,-0.728855,1.0,0.471626,0.446006,-0.728365,1.0,0.46466,0.444945,-0.727248,1.0,0.517904,0.434919,-0.599793,1.0,0.451726,0.439065,-0.618288,1.0,0.497585,0.472895,-0.686484,1.0,0.480246,0.474654,-0.694197,0.9999,0.553643,0.462038,-0.421624,1.0,0.403449,0.469515,-0.476803,0.9998,0.569954,0.537021,-0.305337,0.995,0.382931,0.538271,-0.407659,0.9957,0.582231,0.621588,-0.221959,0.9973,0.379733,0.624107,-0.482227,0.9954,0.599768,0.637505,-0.219869,0.9954,0.362772,0.641421,-0.52027,0.9901,0.580704,0.639309,-0.245931,0.9965,0.382621,0.642845,-0.539355,0.9908,0.572028,0.635563,-0.226832,0.9951,0.393461,0.638187,-0.496729,0.9824,0.508072,0.540275,-0.004786,0.9961,0.434203,0.539424,0.007269,0.9946,0.491314,0.507615,0.263709,0.4336,0.386696,0.513412,0.165694,0.632,0.454326,0.470095,0.614922,0.1271,0.400155,0.477573,0.456578,0.2307,0.443367,0.467826,0.649755,0.1363,0.402533,0.476467,0.485976,0.1767,0.456143,0.463238,0.647049,0.1914,0.415249,0.470412,0.470933,0.3424
bhujangasana_tf_0034,bhujangasana,,TF,test,unlabelled,,Apache-2.0,data/datasets/yoga_poses/test/cobra/guy3_cobra058.jpg,True,300,300,True,0.9997,0.0857,132.118,156.99,171.224,165.004,41.943,40.513,29.379,34.531,172.606,169.604,132.118,156.99,165.004,171.224,169.604,172.606,29.379,34.531,32.778,37.171,34.531,156.99,171.224,37.171,5.46,5.46,3.192,3.308,2.968,77.851,-0.9955,-0.0422,0.4642,1.9018,0.49219,0.468393,-0.758859,1.0,0.499615,0.453644,-0.761411,1.0,0.504995,0.451868,-0.760441,1.0,0.51036,0.449193,-0.759991,1.0,0.482983,0.453971,-0.761152,1.0,0.476011,0.452827,-0.762056,1.0,0.468774,0.451164,-0.759943,1.0,0.519825,0.435184,-0.646621,1.0,0.452919,0.442324,-0.650589,1.0,0.498406,0.479116,-0.70848,1.0,0.482419,0.482005,-0.713132,1.0,0.561462,0.467373,-0.458545,1.0,0.408664,0.476206,-0.475593,1.0,0.577075,0.539791,-0.259819,0.9908,0.385181,0.547923,-0.280249,0.9817,0.582295,0.62791,-0.238698,0.9923,0.380788,0.628156,-0.255286,0.9834,0.599574,0.644348,-0.256708,0.981,0.36623,0.646661,-0.266781,0.9599,0.585725,0.64373,-0.285115,0.9857,0.381276,0.647941,-0.303449,0.9676,0.574389,0.637681,-0.247157,0.9768,0.38953,0.643415,-0.268637,0.9425,0.514189,0.549993,-0.004265,0.9997,0.440621,0.553808,0.005261,0.9997,0.514627,0.486861,0.36397,0.0857,0.450925,0.505947,0.377218,0.0859,0.478974,0.454172,0.725091,0.1847,0.441966,0.459253,0.739332,0.1021,0.466839,0.445993,0.763049,0.3034,0.444413,0.449591,0.776729,0.1379,0.482191,0.462481,0.749651,0.0848,0.441844,0.468186,0.769005,0.0473
bhujangasana_tf_0035,bhujangasana,,TF,test,unlabelled,,Apache-2.0,data/datasets/yoga_poses/test/cobra/guy3_cobra059.jpg,True,300,300,True,0.9994,0.0782,126.093,160.907,168.728,168.342,46.094,39.444,18.957,35.225,171.801,171.212,126.093,160.907,168.342,168.728,171.212,171.801,18.957,35.225,33.018,39.644,18.957,126.093,168.728,39.644,4.868,4.868,2.631,1.142,1.401,77.511,-0.9964,-0.0839,0.6626,2.0372,0.496333,0.472662,-0.760046,1.0,0.503445,0.455749,-0.761,1.0,0.508691,0.454483,-0.760194,1.0,0.513991,0.452696,-0.759941,1.0,0.485778,0.455537,-0.761677,1.0,0.477362,0.454112,-0.762737,1.0,0.469635,0.452457,-0.76033,1.0,0.522946,0.445159,-0.645116,1.0,0.456295,0.446186,-0.652824,1.0,0.501673,0.483987,-0.71041,1.0,0.485547,0.484728,-0.715674,1.0,0.562139,0.477467,-0.455465,1.0,0.408328,0.480533,-0.486713,1.0,0.579212,0.542786,-0.307282,0.9908,0.390223,0.547105,-0.318329,0.9705,0.584526,0.632848,-0.32961,0.993,0.384972,0.631605,-0.317671,0.975,0.600229,0.64953,-0.355248,0.9832,0.371326,0.650687,-0.335797,0.9468,0.583627,0.649847,-0.383671,0.9868,0.387234,0.652181,-0.36909,0.9525,0.575947,0.644334,-0.338815,0.9778,0.395021,0.647269,-0.331344,0.9164,0.515742,0.553342,-0.000702,0.9994,0.441908,0.555148,0.001683,0.9994,0.5284,0.49619,0.351283,0.0891,0.450036,0.513316,0.362227,0.0782,0.492254,0.455216,0.687842,0.1657,0.442427,0.459844,0.694669,0.0973,0.477281,0.446982,0.723273,0.3217,0.44298,0.453283,0.728625,0.1544,0.500358,0.461258,0.713398,0.0922,0.44532,0.459005,0.719139,0.0509
bhujangasana_tf_0036,bhujangasana,,TF,test,unlabelled,,Apache-2.0,data/datasets/yoga_poses/test/cobra/guy3_cobra060.jpg,True,300,300,True,0.9992,0.1001,158.221,176.679,174.251,170.351,40.7,40.998,40.233,39.506,172.633,170.803,158.221,176.679,170.351,174.251,170.803,172.633,39.506,40.233,35.746,37.412,39.506,176.679,174.251,37.412,3.811,3.811,4.418,2.285,1.203,77.044,-0.9978,0.019,0.4147,2.03,0.490622,0.481926,-0.731608,1.0,0.500615,0.46529,-0.742077,1.0,0.506107,0.463624,-0.740895,1.0,0.511452,0.461462,-0.740472,1.0,0.479679,0.465635,-0.739764,1.0,0.472065,0.464151,-0.74047,1.0,0.466475,0.462532,-0.738383,1.0,0.522387,0.450323,-0.65131,1.0,0.45567,0.454004,-0.645561,1.0,0.498506,0.491801,-0.688503,1.0,0.480792,0.493241,-0.690443,0.9999,0.566008,0.477433,-0.464374,1.0,0.41265,0.483551,-0.492564,1.0,0.578709,0.544948,-0.316923,0.9991,0.395095,0.551683,-0.287782,0.9974,0.586549,0.636309,-0.343472,0.9982,0.388065,0.635392,-0.277364,0.996,0.60394,0.654349,-0.378114,0.9943,0.37031,0.655249,-0.300976,0.9867,0.582824,0.65509,-0.403418,0.9953,0.39022,0.65701,-0.333703,0.9884,0.57589,0.648925,-0.352533,0.9916,0.399232,0.650176,-0.291654,0.9776,0.52017,0.556682,0.008452,0.9992,0.448438,0.555176,-0.007125,0.9993,0.51363,0.52029,0.408362,0.1001,0.454951,0.526866,0.365963,0.1887,0.493342,0.48778,0.779726,0.1729,0.462183,0.48427,0.752249,0.1367,0.483384,0.478328,0.818875,0.3103,0.466358,0.47173,0.79292,0.1663,0.495591,0.504771,0.820267,0.0811,0.465746,0.504282,0.803919,0.0541
bhujangasana_tf_0037,bhujangasana,,TF,test,unlabelled,,Apache-2.0,data/datasets/yoga_poses/test/cobra/guy3_cobra061.jpg,True,300,300,True,0.999,0.0813,172.618,167.042,175.925,167.9,41.465,45.2,50.538,51.872,171.605,170.925,167.042,172.618,167.9,175.925,170.925,171.605,50.538,51.872,38.679,39.245,51.872,167.042,175.925,39.245,2.104,2.104,0.424,1.549,0.906,67.732,-0.9993,-0.0125,0.515,2.2053,0.493707,0.485634,-0.738695,1.0,0.504174,0.468902,-0.744177,1.0,0.509397,0.467388,-0.743018,1.0,0.514888,0.465371,-0.742819,1.0,0.483156,0.469224,-0.743201,1.0,0.475675,0.467822,-0.743861,1.0,0.47047,0.465814,-0.742135,1.0,0.528266,0.455003,-0.6435,1.0,0.45957,0.456308,-0.643516,1.0,0.501351,0.496649,-0.693814,0.9999,0.481759,0.496671,-0.697105,0.9999,0.569602,0.484432,-0.464231,1.0,0.416424,0.488575,-0.487905,1.0,0.583231,0.557148,-0.344297,0.9989,0.396721,0.559165,-0.299437,0.9937,0.593324,0.645167,-0.353221,0.9972,0.3915,0.644616,-0.286311,0.9921,0.611238,0.661514,-0.388593,0.9912,0.37413,0.662295,-0.307084,0.9769,0.590259,0.66294,-0.409761,0.9925,0.393711,0.663371,-0.338337,0.9794,0.583043,0.657516,-0.361215,0.9881,0.402551,0.656933,-0.300085,0.9667,0.52655,0.55651,0.003957,0.999,0.454374,0.555369,-0.002249,0.999,0.518924,0.535198,0.389289,0.0813,0.461062,0.539037,0.362963,0.1074,0.503025,0.50409,0.751324,0.141,0.467514,0.499678,0.74162,0.0832,0.494178,0.495056,0.788422,0.2512,0.471171,0.488585,0.780598,0.0985,0.507104,0.521213,0.784098,0.106,0.471175,0.51808,0.790964,0.0517
bhujangasana_tf_0038,bhujangasana,,TF,test,unlabelled,,Apache-2.0,data/datasets/yoga_poses/test/cobra/guy3_cobra062.jpg,True,300,300,True,0.9907,0.0352,151.965,166.013,169.281,168.081,43.439,48.115,45.026,38.429,171.9,169.933,151.965,166.013,168.081,169.281,169.933,171.9,38.429,45.026,37.696,41.507,38.429,151.965,169.281,37.696,0.279,0.279,0.798,0.908,3.569,74.57,-1.0,0.022,0.4054,2.09,0.495472,0.492454,-0.730963,0.9996,0.505459,0.475941,-0.744207,0.9998,0.510594,0.474689,-0.743219,0.9998,0.51544,0.473001,-0.743475,0.9998,0.484033,0.47485,-0.745444,0.9997,0.478383,0.473256,-0.747084,0.9996,0.473754,0.471316,-0.745625,0.9995,0.528998,0.461896,-0.657611,0.9998,0.461515,0.460071,-0.6649,0.9994,0.503895,0.501452,-0.687623,0.998,0.48504,0.503044,-0.692252,0.997,0.569488,0.489723,-0.492323,0.9999,0.421567,0.492068,-0.511409,0.9994,0.587931,0.564569,-0.43822,0.9871,0.400683,0.561791,-0.387388,0.9399,0.592777,0.653359,-0.47072,0.9826,0.393183,0.651949,-0.361085,0.9076,0.606973,0.669372,-0.513893,0.9416,0.37671,0.666796,-0.377651,0.7895,0.586685,0.671394,-0.532617,0.951,0.394932,0.669925,-0.403938,0.8075,0.578554,0.665397,-0.479858,0.9245,0.403014,0.664438,-0.373279,0.7079,0.527473,0.563692,-0.00177,0.995,0.462893,0.559664,0.003389,0.9907,0.520222,0.537422,0.351724,0.0465,0.466562,0.529738,0.367315,0.0497,0.501776,0.517959,0.711565,0.056,0.475487,0.506457,0.722801,0.0352,0.493804,0.511917,0.750078,0.079,0.480221,0.503294,0.759438,0.0306,0.500586,0.53514,0.730291,0.0619,0.475609,0.517542,0.754732,0.0358
bhujangasana_tf_0039,bhujangasana,,TF,test,unlabelled,,Apache-2.0,data/datasets/yoga_poses/test/cobra/guy3_cobra063.jpg,True,300,300,True,0.9963,0.0371,132.355,156.806,164.08,170.625,46.752,50.092,25.76,75.249,171.351,169.933,132.355,156.806,164.08,170.625,169.933,171.351,25.76,75.249,38.248,44.867,75.249,132.355,164.08,38.248,2.837,-2.837,2.906,1.779,1.484,49.551,-0.9988,0.0265,0.5523,2.2211,0.500012,0.49819,-0.742157,0.9998,0.508946,0.480625,-0.752387,0.9999,0.51476,0.479483,-0.751314,0.9999,0.520246,0.477838,-0.751766,0.9999,0.487427,0.479153,-0.754098,0.9999,0.481114,0.478028,-0.755621,0.9998,0.476674,0.477082,-0.754145,0.9998,0.531362,0.46942,-0.654367,0.9999,0.463953,0.470026,-0.666717,0.9996,0.507894,0.508173,-0.69575,0.9991,0.489053,0.509403,-0.702001,0.9987,0.571039,0.494157,-0.495515,0.9999,0.424212,0.498717,-0.522312,0.9993,0.594595,0.570471,-0.458511,0.993,0.405369,0.567629,-0.408431,0.9688,0.596567,0.661972,-0.500815,0.9845,0.396099,0.657067,-0.395031,0.912,0.610002,0.678322,-0.545599,0.9252,0.376681,0.67266,-0.418355,0.7454,0.589768,0.680421,-0.565562,0.93,0.395673,0.673917,-0.444741,0.7678,0.582989,0.673915,-0.510234,0.8866,0.404044,0.668597,-0.407877,0.6393,0.532689,0.561671,0.002296,0.9984,0.46911,0.563319,-0.00036,0.9963,0.533046,0.556343,0.388893,0.0389,0.474069,0.557502,0.380075,0.0563,0.517519,0.540156,0.755435,0.0454,0.481731,0.532836,0.765665,0.0371,0.510122,0.535153,0.794259,0.0743,0.481663,0.527836,0.805137,0.0318,0.517687,0.560801,0.765381,0.0621,0.485117,0.545691,0.787509,0.041
bhujangasana_tf_0040,bhujangasana,,TF,test,unlabelled,,Apache-2.0,data/datasets/yoga_poses/test/cobra/guy3_cobra064.jpg,True,300,300,True,0.9982,0.0624,120.104,178.509,161.836,170.184,45.298,45.589,11.392,36.688,171.319,170.235,120.104,178.509,161.836,170.184,170.235,171.319,11.392,36.688,35.328,40.098,36.688,120.104,161.836,35.328,1.982,-1.982,0.086,0.734,0.05,74.745,-0.9994,0.0807,0.7379,2.1006,0.497227,0.509396,-0.746378,1.0,0.508016,0.491419,-0.754298,1.0,0.514697,0.490335,-0.753027,1.0,0.520018,0.48849,-0.753005,0.9999,0.484975,0.489642,-0.751875,0.9999,0.479538,0.488169,-0.752883,0.9999,0.474343,0.486235,-0.751484,0.9999,0.533444,0.478167,-0.660508,1.0,0.464093,0.476579,-0.656166,0.9999,0.508272,0.519687,-0.70213,0.9997,0.488124,0.52016,-0.703798,0.9995,0.57371,0.502756,-0.481155,1.0,0.425571,0.504654,-0.510348,0.9998,0.598607,0.576521,-0.403984,0.9986,0.406461,0.574721,-0.351234,0.9918,0.599411,0.671094,-0.41693,0.997,0.397726,0.666458,-0.329991,0.9854,0.614385,0.687015,-0.456488,0.9882,0.37455,0.681577,-0.351225,0.952,0.595626,0.689106,-0.471482,0.9889,0.389872,0.683662,-0.378931,0.9569,0.586537,0.682886,-0.424325,0.9816,0.405627,0.676721,-0.343424,0.933,0.53788,0.574158,0.002521,0.9992,0.466278,0.574221,-0.000777,0.9982,0.540547,0.56438,0.382915,0.078,0.467485,0.563378,0.374756,0.0883,0.521109,0.544697,0.746306,0.1027,0.469827,0.535856,0.747765,0.0624,0.511164,0.538226,0.785285,0.2025,0.46858,0.525384,0.786951,0.0762,0.526387,0.566727,0.785976,0.0987,0.473506,0.553367,0.800875,0.0509
bhujangasana_tf_0041,bhujangasana,,TF,test,unlabelled,,Apache-2.0,data/datasets/yoga_poses/test/cobra/guy3_cobra065.jpg,True,300,300,True,0.998,0.0621,148.972,174.129,161.763,175.485,42.812,46.415,23.266,52.106,171.371,170.107,148.972,174.129,161.763,175.485,170.107,171.371,23.266,52.106,32.695,43.835,52.106,174.129,161.763,32.695,6.885,-6.885,1.711,1.122,4.194,71.836,-0.9928,0.0137,0.4316,2.0184,0.495974,0.513713,-0.748818,1.0,0.507487,0.498076,-0.756043,1.0,0.514468,0.496247,-0.75484,1.0,0.519812,0.493667,-0.754809,1.0,0.484185,0.496991,-0.75411,1.0,0.478734,0.495315,-0.755055,1.0,0.473327,0.492999,-0.753218,1.0,0.533638,0.481293,-0.65003,1.0,0.462327,0.482026,-0.649626,1.0,0.508387,0.524558,-0.700209,0.9999,0.488204,0.525332,-0.702818,0.9999,0.578634,0.511191,-0.460876,1.0,0.426709,0.514165,-0.490449,1.0,0.602915,0.582732,-0.356896,0.9975,0.412143,0.580015,-0.292519,0.99,0.603751,0.676702,-0.370125,0.9946,0.399702,0.669015,-0.292658,0.986,0.620031,0.69334,-0.400674,0.9787,0.380347,0.683282,-0.312872,0.9578,0.597777,0.69397,-0.429403,0.9804,0.393806,0.684886,-0.343027,0.963,0.591257,0.68808,-0.379706,0.9684,0.405941,0.681022,-0.306526,0.9416,0.545703,0.584927,0.002104,0.9982,0.47769,0.589914,-0.000393,0.998,0.546209,0.548637,0.352793,0.0621,0.487965,0.558596,0.343829,0.0846,0.529181,0.519413,0.708402,0.0811,0.496698,0.518521,0.707475,0.0643,0.518717,0.513169,0.74591,0.1813,0.499572,0.51158,0.745088,0.0854,0.531373,0.524742,0.754048,0.0705,0.505775,0.526076,0.761106,0.0461
bhujangasana_tf_0042,bhujangasana,,TF,test,unlabelled,,Apache-2.0,data/datasets/yoga_poses/test/cobra/guy3_cobra066.jpg,True,300,300,True,0.9982,0.0554,130.956,176.017,157.225,175.486,51.662,45.791,13.41,50.555,171.342,170.274,130.956,176.017,157.225,175.486,170.274,171.342,13.41,50.555,38.527,43.297,50.555,176.017,157.225,38.527,4.653,-4.653,2.765,1.952,10.429,73.016,-0.9967,0.0255,0.7129,2.3104,0.49812,0.521716,-0.758161,1.0,0.509481,0.502779,-0.763505,1.0,0.515573,0.501298,-0.762454,1.0,0.520413,0.499584,-0.76244,1.0,0.486728,0.502963,-0.762419,1.0,0.481101,0.501537,-0.763498,1.0,0.476292,0.499783,-0.761213,1.0,0.533917,0.489829,-0.654427,1.0,0.46651,0.490182,-0.656554,1.0,0.50884,0.531583,-0.709208,0.9999,0.488889,0.532679,-0.712389,0.9999,0.57971,0.517468,-0.463273,1.0,0.428539,0.522621,-0.498632,1.0,0.606634,0.584803,-0.373599,0.9943,0.413559,0.591782,-0.297353,0.9873,0.604948,0.683205,-0.426632,0.9916,0.401839,0.678394,-0.303563,0.9867,0.620806,0.700788,-0.465988,0.9749,0.381994,0.689774,-0.323265,0.9671,0.599254,0.700898,-0.498691,0.9772,0.397422,0.6915,-0.355481,0.9722,0.591079,0.695216,-0.438834,0.9611,0.408523,0.688261,-0.316968,0.9509,0.544459,0.57885,0.004333,0.9982,0.474413,0.591743,-0.002638,0.9983,0.558706,0.530622,0.365666,0.0554,0.48678,0.551254,0.363899,0.0959,0.54115,0.503155,0.715445,0.0951,0.49557,0.513182,0.706409,0.0969,0.52978,0.496747,0.754135,0.2794,0.498316,0.506082,0.742774,0.1621,0.552663,0.520867,0.776521,0.051,0.506197,0.520948,0.763303,0.041
bhujangasana_tf_0043,bhujangasana,,TF,test,unlabelled,,Apache-2.0,data/datasets/yoga_poses/test/cobra/guy3_cobra067.jpg,True,300,300,True,0.998,0.0341,120.022,179.388,163.632,177.882,49.011,47.188,15.47,50.804,171.706,168.665,120.022,179.388,163.632,177.882,168.665,171.706,15.47,50.804,40.076,45.998,50.804,179.388,177.882,45.998,3.724,-3.724,7.716,0.816,6.674,73.688,-0.9979,-0.0496,0.6461,2.3567,0.498463,0.523683,-0.753471,1.0,0.510421,0.507504,-0.759132,1.0,0.517006,0.505864,-0.758114,1.0,0.522148,0.504114,-0.758185,1.0,0.487748,0.507818,-0.755779,1.0,0.482538,0.506458,-0.757031,1.0,0.477622,0.504526,-0.755164,0.9999,0.537123,0.493488,-0.652427,1.0,0.469389,0.494305,-0.645278,0.9999,0.511159,0.535938,-0.706073,0.9996,0.490622,0.535935,-0.706188,0.9996,0.586132,0.525808,-0.460408,0.9999,0.433735,0.52798,-0.503617,0.9999,0.608522,0.59801,-0.395593,0.9902,0.418699,0.595667,-0.337996,0.9852,0.609886,0.688757,-0.453252,0.9839,0.402649,0.683057,-0.366589,0.9851,0.624566,0.70917,-0.492986,0.9458,0.382103,0.697416,-0.397612,0.9608,0.605272,0.709481,-0.52188,0.9482,0.396883,0.698211,-0.425215,0.9664,0.59571,0.704915,-0.465748,0.9199,0.40882,0.693889,-0.380423,0.9406,0.547923,0.587476,0.005045,0.9981,0.480344,0.595383,-0.003435,0.998,0.559237,0.548812,0.37131,0.0341,0.489512,0.563703,0.353825,0.072,0.539177,0.527795,0.72115,0.0583,0.497823,0.533792,0.708026,0.0625,0.527819,0.522768,0.759138,0.1729,0.500624,0.527598,0.745287,0.0919,0.549584,0.546289,0.765402,0.0487,0.507462,0.544132,0.752412,0.0402
bhujangasana_tf_0044,bhujangasana,,TF,test,unlabelled,,Apache-2.0,data/datasets/yoga_poses/test/cobra/guy3_cobra068.jpg,True,300,300,True,0.9989,0.084,145.676,146.588,153.218,172.689,46.941,46.838,11.989,24.244,171.125,169.67,145.676,146.588,153.218,172.689,169.67,171.125,11.989,24.244,31.941,42.979,24.244,146.588,153.218,31.941,7.913,-7.913,8.976,1.138,9.27,78.922,-0.9905,-0.0426,0.8722,2.035,0.496595,0.531146,-0.749023,1.0,0.507331,0.513483,-0.752381,1.0,0.513932,0.51177,-0.751219,1.0,0.519317,0.509714,-0.751044,1.0,0.485625,0.51436,-0.7478,1.0,0.479956,0.513336,-0.748849,1.0,0.475031,0.511828,-0.747048,1.0,0.532862,0.500051,-0.646736,1.0,0.467361,0.502774,-0.634629,1.0,0.507359,0.541705,-0.703549,1.0,0.488656,0.543268,-0.702007,1.0,0.586545,0.53283,-0.450052,1.0,0.433678,0.535867,-0.489978,1.0,0.617023,0.60169,-0.354656,0.9948,0.415799,0.60658,-0.316743,0.9931,0.612182,0.69701,-0.397733,0.9933,0.406036,0.68752,-0.337029,0.9924,0.62485,0.7163,-0.429967,0.9792,0.384305,0.702125,-0.362415,0.9796,0.605107,0.717825,-0.459517,0.9812,0.39878,0.704004,-0.388562,0.9823,0.595704,0.71164,-0.408113,0.9693,0.412489,0.699821,-0.349206,0.9701,0.55673,0.602844,0.006484,0.9989,0.48418,0.614686,-0.005213,0.9991,0.569316,0.538565,0.362356,0.084,0.477896,0.572155,0.357142,0.1549,0.559372,0.515416,0.694697,0.1102,0.496212,0.532887,0.676344,0.1225,0.54949,0.511997,0.73027,0.2938,0.50071,0.524783,0.709203,0.1573,0.575038,0.529804,0.735247,0.0902,0.508188,0.542947,0.71173,0.0727
bhujangasana_tf_0045,bhujangasana,,TF,test,unlabelled,,Apache-2.0,data/datasets/yoga_poses/test/cobra/guy3_cobra069.jpg,True,300,300,True,0.9992,0.0467,131.094,156.451,155.176,177.813,45.885,43.693,9.072,36.233,170.17,170.578,131.094,156.451,155.176,177.813,170.17,170.578,9.072,36.233,32.232,42.557,36.233,156.451,177.813,42.557,9.961,-9.961,4.399,0.746,14.314,76.67,-0.9849,-0.0362,0.6429,1.9769,0.49727,0.537711,-0.702603,1.0,0.508663,0.520064,-0.705172,1.0,0.514818,0.518674,-0.704177,1.0,0.519914,0.516981,-0.704248,1.0,0.486691,0.519908,-0.702027,1.0,0.48066,0.518554,-0.703203,1.0,0.476017,0.51686,-0.701285,1.0,0.536727,0.506172,-0.599209,1.0,0.469578,0.508143,-0.592272,1.0,0.508887,0.548228,-0.65694,0.9999,0.489242,0.549862,-0.656763,0.9999,0.586575,0.539476,-0.418189,1.0,0.436778,0.541427,-0.453753,1.0,0.61749,0.61063,-0.36393,0.9776,0.422964,0.615539,-0.283365,0.9787,0.61528,0.705134,-0.441945,0.9856,0.411125,0.696007,-0.301081,0.9869,0.629933,0.724998,-0.47486,0.9603,0.390516,0.708522,-0.322225,0.9713,0.607309,0.724654,-0.505024,0.963,0.404892,0.710391,-0.352169,0.9747,0.598028,0.720216,-0.453788,0.936,0.416636,0.706973,-0.313845,0.9538,0.559007,0.606357,0.006559,0.9992,0.490561,0.623822,-0.005166,0.9993,0.574809,0.539664,0.342828,0.0467,0.493032,0.578187,0.343295,0.0983,0.559044,0.517624,0.651237,0.0571,0.514048,0.536305,0.639576,0.0711,0.547463,0.516891,0.684809,0.2171,0.518915,0.532154,0.67018,0.1123,0.575019,0.528034,0.69475,0.0539,0.53007,0.535048,0.668546,0.0502
bhujangasana_tf_0046,bhujangasana,,TF,test,unlabelled,,Apache-2.0,data/datasets/yoga_poses/test/cobra/guy3_cobra070.jpg,True,300,300,True,0.9997,0.0866,148.588,171.747,147.137,175.203,55.579,53.539,3.557,65.194,170.364,170.757,148.588,171.747,147.137,175.203,170.364,170.757,3.557,65.194,36.007,50.78,65.194,171.747,147.137,36.007,16.251,-16.251,1.968,1.575,10.492,66.343,-0.96,-0.1134,0.9278,2.4616,0.498167,0.542696,-0.702751,1.0,0.509303,0.526322,-0.703998,1.0,0.515436,0.524824,-0.703187,1.0,0.520374,0.522974,-0.703229,1.0,0.487264,0.526993,-0.698739,1.0,0.480938,0.52587,-0.699829,1.0,0.476006,0.524217,-0.697354,1.0,0.535832,0.514044,-0.599042,1.0,0.46992,0.516776,-0.581886,1.0,0.509622,0.552136,-0.658163,1.0,0.48961,0.553973,-0.655086,1.0,0.589304,0.551691,-0.423421,1.0,0.438971,0.547557,-0.433918,1.0,0.62308,0.612106,-0.336573,0.9979,0.425356,0.611602,-0.220296,0.9772,0.616651,0.712754,-0.38677,0.9987,0.414241,0.699529,-0.230831,0.9897,0.630352,0.732372,-0.429562,0.9956,0.391249,0.713972,-0.250586,0.978,0.608979,0.732129,-0.459036,0.9961,0.40604,0.717429,-0.282719,0.983,0.600699,0.727599,-0.39848,0.993,0.418382,0.712626,-0.244456,0.9757,0.564285,0.602157,-0.003792,0.9997,0.498184,0.614398,0.005423,0.9998,0.588124,0.545484,0.368849,0.0866,0.518839,0.56725,0.386055,0.0997,0.581786,0.503574,0.724411,0.1537,0.530021,0.526665,0.741699,0.1349,0.578571,0.493537,0.763865,0.4336,0.537941,0.510596,0.779279,0.2208,0.603186,0.529899,0.789644,0.0996,0.541812,0.537628,0.797737,0.0643
bhujangasana_tf_0047,bhujangasana,,TF,test,unlabelled,,Apache-2.0,data/datasets/yoga_poses/test/cobra/guy3_cobra071.jpg,True,300,300,True,0.9999,0.0942,137.298,168.578,150.118,178.587,47.545,52.04,3.417,69.464,172.747,170.922,137.298,168.578,150.118,178.587,170.922,172.747,3.417,69.464,30.554,51.151,69.464,168.578,150.118,30.554,18.189,-18.189,8.323,1.818,9.54,62.609,-0.95,-0.0777,0.8943,2.4395,0.496505,0.552214,-0.760195,1.0,0.507025,0.535152,-0.761412,1.0,0.513683,0.533437,-0.76031,1.0,0.51943,0.531387,-0.760214,1.0,0.485464,0.535643,-0.753797,1.0,0.478662,0.534212,-0.754905,1.0,0.473374,0.532305,-0.752803,1.0,0.534248,0.522141,-0.648175,1.0,0.467185,0.524231,-0.622609,1.0,0.508238,0.563367,-0.712541,1.0,0.488055,0.565295,-0.707242,1.0,0.596915,0.559774,-0.458269,1.0,0.438515,0.554746,-0.456909,1.0,0.627156,0.626926,-0.340556,0.9976,0.428613,0.611092,-0.227314,0.9799,0.61768,0.722926,-0.361154,0.9971,0.414204,0.706895,-0.232095,0.9923,0.631823,0.741093,-0.39373,0.989,0.393191,0.723361,-0.248317,0.9818,0.611906,0.741132,-0.42366,0.9905,0.407567,0.725899,-0.280793,0.9862,0.60109,0.736531,-0.370672,0.9831,0.423378,0.722004,-0.24495,0.978,0.574024,0.612923,-0.002425,0.9999,0.501964,0.625033,0.003567,0.9999,0.605909,0.549577,0.325455,0.0942,0.526562,0.577561,0.354907,0.1095,0.592282,0.502003,0.663039,0.1274,0.540594,0.528523,0.67905,0.1239,0.580338,0.493113,0.699154,0.3504,0.549584,0.505978,0.712165,0.2023,0.60633,0.527964,0.710384,0.0854,0.55351,0.532466,0.713982,0.0649
bhujangasana_tf_0048,bhujangasana,,TF,test,unlabelled,,Apache-2.0,data/datasets/yoga_poses/test/cobra/guy3_cobra072.jpg,True,300,300,True,0.9999,0.097,140.051,168.873,143.969,171.288,49.816,59.302,5.585,73.713,173.977,170.341,140.051,168.873,143.969,171.288,170.341,173.977,5.585,73.713,27.99,54.121,73.713,168.873,143.969,27.99,24.592,-24.592,1.428,4.393,11.973,60.748,-0.9093,-0.1478,0.8263,2.5591,0.494433,0.55872,-0.737505,1.0,0.504724,0.541079,-0.73625,1.0,0.512644,0.538519,-0.735207,1.0,0.519606,0.535567,-0.735184,1.0,0.483852,0.541972,-0.729136,1.0,0.478212,0.540225,-0.730303,1.0,0.472689,0.538122,-0.728655,1.0,0.534289,0.526614,-0.625025,1.0,0.468419,0.528232,-0.601662,1.0,0.506865,0.568434,-0.691042,1.0,0.488863,0.570534,-0.685958,1.0,0.600119,0.573948,-0.446534,1.0,0.442085,0.561806,-0.442029,1.0,0.630348,0.631163,-0.328209,0.9955,0.426104,0.62212,-0.233503,0.9721,0.616396,0.728208,-0.349212,0.9955,0.416335,0.713101,-0.251652,0.9918,0.63352,0.749187,-0.379386,0.9841,0.395319,0.729698,-0.272798,0.9826,0.609478,0.747624,-0.408757,0.9858,0.408958,0.732454,-0.303653,0.9863,0.600381,0.740413,-0.358771,0.9762,0.420143,0.728833,-0.264899,0.9795,0.582936,0.616548,-0.006475,0.9999,0.510818,0.631843,0.007688,0.9999,0.616321,0.552555,0.327449,0.097,0.536934,0.585212,0.364436,0.1014,0.605968,0.505456,0.670151,0.1367,0.557583,0.52213,0.702371,0.1059,0.599483,0.509425,0.706033,0.3157,0.556974,0.516225,0.736521,0.1528,0.616931,0.519785,0.708426,0.1352,0.564827,0.542828,0.732938,0.0846
bhujangasana_tf_0049,bhujangasana,,TF,test,unlabelled,,Apache-2.0,data/datasets/yoga_poses/test/cobra/guy3_cobra073.jpg,True,300,300,True,0.9999,0.1652,140.111,164.179,138.973,176.131,53.413,59.807,17.218,79.948,171.087,169.295,140.111,164.179,138.973,176.131,169.295,171.087,17.218,79.948,29.189,57.601,17.218,140.111,138.973,29.189,26.019,-26.019,1.565,1.351,14.036,52.507,-0.8986,-0.1621,1.0653,2.5588,0.49395,0.563853,-0.772969,1.0,0.50345,0.546317,-0.769875,1.0,0.511175,0.54464,-0.768868,1.0,0.517874,0.542555,-0.769083,1.0,0.483307,0.546553,-0.761486,1.0,0.47784,0.545402,-0.762744,1.0,0.472375,0.543755,-0.760603,1.0,0.532442,0.534954,-0.653196,1.0,0.468373,0.536143,-0.62339,1.0,0.506708,0.574398,-0.726123,1.0,0.488264,0.576376,-0.71901,1.0,0.595584,0.575187,-0.469721,1.0,0.44479,0.571631,-0.464078,1.0,0.634296,0.634487,-0.385021,0.9974,0.429875,0.636696,-0.2575,0.9719,0.620499,0.73405,-0.429798,0.9974,0.415951,0.724181,-0.284407,0.9923,0.636086,0.755806,-0.465187,0.9901,0.393085,0.739396,-0.30508,0.983,0.612901,0.754477,-0.491727,0.9912,0.407255,0.741889,-0.339237,0.9871,0.602596,0.745703,-0.439235,0.9844,0.420237,0.738429,-0.299495,0.9815,0.579787,0.617948,-0.006994,0.9999,0.512304,0.634818,0.008041,0.9999,0.617336,0.569001,0.336608,0.2024,0.534234,0.601116,0.386903,0.1802,0.615094,0.515415,0.663115,0.2312,0.555079,0.533904,0.736725,0.1652,0.60674,0.52788,0.696952,0.5051,0.561986,0.527192,0.771938,0.2191,0.636348,0.548626,0.69534,0.2369,0.573647,0.557706,0.763702,0.1246
bhujangasana_tf_0050,bhujangasana,,TF,test,unlabelled,,Apache-2.0,data/datasets/yoga_poses/test/cobra/guy3_cobra074.jpg,True,300,300,True,0.9999,0.084,169.532,171.647,143.371,169.761,50.401,66.192,7.127,71.904,173.969,168.32,169.532,171.647,143.371,169.761,168.32,173.969,7.127,71.904,28.115,60.262,71.904,171.647,143.371,28.115,29.784,-29.784,2.149,4.344,10.678,66.678,-0.8679,-0.2449,1.3395,2.8596,0.490633,0.568251,-0.738885,1.0,0.498165,0.552043,-0.740261,1.0,0.5057,0.55073,-0.739297,1.0,0.513438,0.548881,-0.739222,1.0,0.481144,0.5517,-0.730918,1.0,0.475586,0.550287,-0.732117,1.0,0.469983,0.548366,-0.730571,1.0,0.530751,0.541524,-0.640511,1.0,0.469059,0.540625,-0.60719,1.0,0.503254,0.579656,-0.696415,1.0,0.486328,0.581293,-0.688371,1.0,0.602853,0.587498,-0.462209,1.0,0.447467,0.575694,-0.450149,1.0,0.634391,0.646029,-0.345986,0.9983,0.427309,0.639201,-0.236257,0.9831,0.619676,0.746739,-0.374064,0.9981,0.415554,0.730069,-0.260238,0.9959,0.636462,0.767526,-0.410783,0.9929,0.394395,0.743854,-0.28531,0.9908,0.609584,0.766342,-0.438889,0.9937,0.406147,0.746796,-0.316256,0.9928,0.600033,0.759525,-0.384158,0.9895,0.41781,0.744003,-0.274379,0.9895,0.58886,0.621986,-0.007674,0.9999,0.515599,0.635799,0.008872,0.9999,0.607305,0.552939,0.340955,0.084,0.537155,0.585798,0.359772,0.1042,0.610041,0.518084,0.692694,0.1246,0.545929,0.552982,0.704373,0.1176,0.597895,0.521102,0.730405,0.2952,0.552148,0.535485,0.73965,0.1665,0.621636,0.5529,0.737101,0.1161,0.555945,0.568706,0.738697,0.0847
bhujangasana_tf_0051,bhujangasana,,TF,test,unlabelled,,Apache-2.0,data/datasets/yoga_poses/test/cobra/guy3_cobra075.jpg,True,300,300,True,0.9999,0.1049,153.879,173.66,143.284,178.198,52.132,58.051,4.744,75.938,174.388,169.266,153.879,173.66,143.284,178.198,169.266,174.388,4.744,75.938,29.764,59.16,75.938,153.879,143.284,29.764,28.41,-28.41,9.326,4.653,9.146,61.104,-0.8796,-0.1569,1.4742,2.8873,0.48876,0.578257,-0.717189,1.0,0.495891,0.560366,-0.719986,1.0,0.503243,0.558937,-0.719003,1.0,0.510921,0.557074,-0.719068,1.0,0.478823,0.560405,-0.710642,1.0,0.473353,0.558993,-0.711691,1.0,0.46805,0.557296,-0.710406,1.0,0.528706,0.550595,-0.625279,1.0,0.465901,0.548328,-0.590515,1.0,0.501827,0.591587,-0.675818,1.0,0.485203,0.592338,-0.667009,1.0,0.605555,0.593352,-0.448406,1.0,0.446998,0.580448,-0.438028,1.0,0.637323,0.653148,-0.352769,0.9984,0.436989,0.639465,-0.232731,0.9764,0.621529,0.755929,-0.395444,0.9978,0.418009,0.733366,-0.241918,0.9915,0.638266,0.773873,-0.439708,0.992,0.39498,0.747275,-0.268059,0.981,0.611434,0.773576,-0.464809,0.9929,0.408717,0.750905,-0.295868,0.9852,0.601923,0.768422,-0.405446,0.9885,0.421378,0.749219,-0.255411,0.9808,0.589381,0.629421,-0.005568,0.9999,0.5156,0.6413,0.006821,0.9999,0.624908,0.565054,0.342734,0.118,0.537329,0.599581,0.357319,0.1258,0.626359,0.53512,0.68834,0.1373,0.550776,0.564862,0.695606,0.1049,0.615658,0.532427,0.725508,0.2876,0.562461,0.539673,0.730117,0.1272,0.639992,0.566732,0.729024,0.1567,0.561261,0.583453,0.728182,0.0937
bhujangasana_tf_0052,bhujangasana,,TF,test,unlabelled,,Apache-2.0,data/datasets/yoga_poses/test/cobra/guy3_cobra076.jpg,True,300,300,True,0.9999,0.1455,160.433,167.327,142.458,174.432,46.626,62.824,18.505,75.773,170.939,167.177,160.433,167.327,142.458,174.432,167.177,170.939,18.505,75.773,26.087,65.917,18.505,160.433,142.458,26.087,32.162,-32.162,5.625,0.478,12.241,54.469,-0.8465,-0.1698,1.5113,2.721,0.488519,0.582493,-0.751085,1.0,0.496379,0.566274,-0.746731,1.0,0.504933,0.564801,-0.745641,1.0,0.51265,0.562865,-0.74595,1.0,0.479042,0.565858,-0.738646,1.0,0.474044,0.564587,-0.739679,1.0,0.469199,0.563006,-0.738224,1.0,0.527903,0.556663,-0.634989,1.0,0.466194,0.55593,-0.603654,1.0,0.502844,0.597724,-0.706364,1.0,0.485175,0.597429,-0.698457,0.9999,0.599767,0.591246,-0.451243,1.0,0.449495,0.592499,-0.456901,1.0,0.640146,0.662324,-0.411416,0.9985,0.437934,0.659924,-0.266362,0.9654,0.626595,0.759466,-0.470298,0.9988,0.415384,0.742364,-0.272966,0.9917,0.63969,0.781843,-0.505269,0.9949,0.390948,0.755854,-0.29459,0.9822,0.615853,0.780944,-0.529274,0.995,0.401864,0.759242,-0.324561,0.9856,0.607304,0.773109,-0.4805,0.9914,0.420058,0.756499,-0.286815,0.9822,0.58748,0.63137,-0.010771,0.9999,0.520582,0.645884,0.012155,0.9999,0.633143,0.567428,0.328589,0.2033,0.537184,0.606154,0.369296,0.1455,0.639204,0.54624,0.648356,0.225,0.560323,0.573536,0.691116,0.1481,0.631155,0.540029,0.681226,0.4926,0.572366,0.552607,0.722615,0.1775,0.667497,0.561931,0.68855,0.2707,0.574861,0.584591,0.720761,0.1329
bhujangasana_tf_0053,bhujangasana,,TF,test,unlabelled,,Apache-2.0,data/datasets/yoga_poses/test/cobra/guy3_cobra077.jpg,True,300,300,True,1.0,0.1326,133.309,141.813,142.057,175.178,50.084,63.317,17.163,58.674,171.723,167.266,133.309,141.813,142.057,175.178,167.266,171.723,17.163,58.674,29.142,65.972,17.163,133.309,142.057,29.142,30.321,-30.321,5.937,2.525,15.48,51.973,-0.8632,-0.2567,1.4151,2.8049,0.490352,0.589621,-0.749461,1.0,0.498267,0.571793,-0.742181,1.0,0.507129,0.569908,-0.741078,1.0,0.514844,0.567767,-0.741599,1.0,0.479765,0.572341,-0.734476,1.0,0.47462,0.571496,-0.73568,1.0,0.469673,0.570328,-0.734129,1.0,0.529873,0.56189,-0.624075,1.0,0.46666,0.564678,-0.596516,1.0,0.505655,0.604352,-0.704169,1.0,0.485741,0.605983,-0.697202,1.0,0.601133,0.599868,-0.440697,1.0,0.453827,0.606363,-0.457397,1.0,0.641064,0.671258,-0.41855,0.9956,0.442259,0.671439,-0.273176,0.9339,0.625898,0.770096,-0.471019,0.9969,0.421444,0.749657,-0.255168,0.9831,0.641677,0.791486,-0.498841,0.9877,0.398949,0.761702,-0.270104,0.9669,0.615748,0.791189,-0.524229,0.9875,0.411893,0.766028,-0.299154,0.9726,0.607765,0.784396,-0.480834,0.9801,0.4257,0.763331,-0.267661,0.9673,0.585972,0.639645,-0.007035,1.0,0.522066,0.657343,0.008022,1.0,0.634266,0.577892,0.292334,0.2373,0.526721,0.60844,0.32544,0.2017,0.629688,0.547843,0.580499,0.2037,0.559906,0.573621,0.635656,0.1326,0.621196,0.548043,0.609015,0.4355,0.568976,0.571401,0.664975,0.1349,0.64838,0.551696,0.609858,0.3787,0.57388,0.57197,0.653219,0.1885
bhujangasana_tf_0054,bhujangasana,,TF,test,unlabelled,,Apache-2.0,data/datasets/yoga_poses/test/cobra/guy3_cobra078.jpg,True,300,300,True,1.0,0.1796,131.396,120.859,142.561,179.496,35.635,54.34,24.906,41.193,171.219,168.019,120.859,131.396,142.561,179.496,168.019,171.219,24.906,41.193,15.347,54.622,41.193,120.859,142.561,15.347,28.167,-28.167,9.06,3.789,17.826,58.529,-0.8816,-0.1596,0.946,2.0761,0.48762,0.595688,-0.671943,1.0,0.496736,0.57675,-0.665828,1.0,0.504568,0.574131,-0.664702,1.0,0.511543,0.571473,-0.664751,1.0,0.477418,0.579643,-0.653971,1.0,0.472564,0.579007,-0.654974,1.0,0.467635,0.578084,-0.65393,1.0,0.528458,0.565041,-0.552875,1.0,0.46675,0.571155,-0.512467,1.0,0.502128,0.606344,-0.628918,1.0,0.483547,0.610462,-0.617188,1.0,0.602213,0.612184,-0.376984,1.0,0.45245,0.602266,-0.392536,1.0,0.640878,0.681738,-0.33998,0.9945,0.438567,0.669308,-0.241473,0.969,0.627258,0.774313,-0.370645,0.9964,0.420264,0.753939,-0.285924,0.9957,0.640952,0.798288,-0.388533,0.9869,0.395209,0.769402,-0.310399,0.9907,0.613912,0.797133,-0.411023,0.9862,0.411311,0.774372,-0.342355,0.9923,0.605323,0.789317,-0.376937,0.9785,0.425992,0.771189,-0.30125,0.9907,0.596755,0.659608,0.011151,1.0,0.526159,0.682309,-0.010543,1.0,0.648112,0.575708,0.258951,0.2584,0.524569,0.619388,0.148533,0.4136,0.638885,0.545778,0.489259,0.1796,0.581684,0.58327,0.386249,0.2181,0.635488,0.568139,0.513036,0.3826,0.593486,0.583837,0.412,0.2228,0.658792,0.562117,0.514358,0.4182,0.605371,0.565145,0.393156,0.4207
bhujangasana_tf_0055,bhujangasana,,TF,test,unlabelled,,Apache-2.0,data/datasets/yoga_poses/test/cobra/guy3_cobra079.jpg,True,300,300,True,1.0,0.1418,138.257,104.303,139.149,178.902,43.685,50.298,21.942,18.164,171.31,167.492,104.303,138.257,139.149,178.902,167.492,171.31,18.164,21.942,20.711,50.869,18.164,138.257,139.149,20.711,21.443,-21.443,16.182,2.56,16.393,56.037,-0.9308,-0.1943,1.4097,2.0419,0.482241,0.599461,-0.706535,1.0,0.490625,0.582093,-0.703702,1.0,0.499681,0.58026,-0.702611,1.0,0.508683,0.578105,-0.702638,1.0,0.473429,0.582935,-0.692572,1.0,0.468657,0.581856,-0.69362,1.0,0.463991,0.58051,-0.692326,1.0,0.527661,0.571768,-0.594429,1.0,0.465138,0.573658,-0.55111,1.0,0.498615,0.615337,-0.662998,1.0,0.478857,0.616102,-0.650696,1.0,0.603117,0.617122,-0.413071,1.0,0.452968,0.610409,-0.43331,1.0,0.643836,0.683142,-0.375908,0.9935,0.437528,0.683443,-0.288746,0.9698,0.62809,0.78051,-0.415267,0.9923,0.419301,0.762175,-0.3384,0.9933,0.638343,0.804271,-0.433192,0.9701,0.393629,0.776062,-0.369914,0.9853,0.614849,0.800719,-0.453058,0.9683,0.404545,0.779955,-0.402277,0.9879,0.609172,0.794657,-0.421926,0.9481,0.421519,0.777997,-0.355979,0.9846,0.591536,0.671513,-0.002117,1.0,0.518368,0.693039,0.002713,1.0,0.656593,0.574926,0.235421,0.2376,0.500257,0.643806,0.262812,0.2617,0.655273,0.565269,0.469224,0.1802,0.558828,0.603551,0.54213,0.1418,0.646508,0.569296,0.494697,0.3892,0.57231,0.602262,0.570628,0.1796,0.675658,0.558434,0.495417,0.3795,0.578579,0.591162,0.566348,0.2435
bhujangasana_tf_0056,bhujangasana,,TF,test,unlabelled,,Apache-2.0,data/datasets/yoga_poses/test/cobra/guy3_cobra080.jpg,True,300,300,True,1.0,0.2647,178.259,54.656,130.321,172.986,32.234,50.968,43.009,1.245,163.259,164.441,54.656,178.259,130.321,172.986,163.259,164.441,1.245,43.009,7.738,54.867,1.245,54.656,130.321,7.738,29.364,-29.364,0.79,5.523,13.317,49.446,-0.8715,-0.249,1.8892,1.7251,0.487652,0.607549,-0.694116,1.0,0.496734,0.588542,-0.691513,1.0,0.504663,0.587645,-0.689835,1.0,0.510613,0.586481,-0.690063,1.0,0.476645,0.587005,-0.685109,1.0,0.472022,0.585695,-0.686095,1.0,0.467536,0.584774,-0.684853,1.0,0.525179,0.581148,-0.581387,1.0,0.465754,0.580363,-0.560656,1.0,0.501032,0.622151,-0.651302,1.0,0.484137,0.625418,-0.645001,1.0,0.580806,0.630641,-0.420231,1.0,0.461379,0.619093,-0.430298,1.0,0.642385,0.700893,-0.447968,0.997,0.447444,0.686626,-0.24906,0.9026,0.629021,0.790936,-0.444665,0.998,0.41982,0.768361,-0.1795,0.979,0.640595,0.812648,-0.462857,0.9913,0.397395,0.782124,-0.179163,0.9623,0.616172,0.815113,-0.474262,0.9894,0.399048,0.785896,-0.212468,0.9697,0.61012,0.80966,-0.447443,0.974,0.416722,0.781408,-0.192163,0.9636,0.588255,0.677659,-0.004024,1.0,0.522142,0.693307,0.004664,1.0,0.638794,0.602749,0.057996,0.4106,0.468538,0.630666,-0.104885,0.6136,0.662135,0.570323,0.17902,0.2647,0.54218,0.623951,0.018854,0.4345,0.663718,0.57925,0.192563,0.4649,0.561127,0.632863,0.033402,0.3595,0.671888,0.544723,0.218225,0.5597,0.546422,0.599441,0.040968,0.6173
bhujangasana_tf_0057,bhujangasana,,TF,test,unlabelled,,Apache-2.0,data/datasets/yoga_poses/test/cobra/guy3_cobra081.jpg,True,300,300,True,1.0,0.2938,168.89,52.196,135.305,171.929,36.336,55.17,35.411,1.817,166.87,164.951,52.196,168.89,135.305,171.929,164.951,166.87,1.817,35.411,13.69,59.672,1.817,52.196,135.305,13.69,30.961,-30.961,5.587,0.116,18.218,47.194,-0.8575,-0.2621,2.5668,2.1928,0.484727,0.615434,-0.712792,1.0,0.49264,0.59383,-0.708982,1.0,0.501446,0.592282,-0.707323,1.0,0.509017,0.590243,-0.707243,1.0,0.473085,0.593953,-0.701247,1.0,0.467564,0.593226,-0.701811,1.0,0.463157,0.592384,-0.700832,1.0,0.52308,0.58464,-0.596837,1.0,0.460875,0.588325,-0.573906,1.0,0.498381,0.627971,-0.670019,1.0,0.480721,0.632566,-0.662838,1.0,0.591615,0.631445,-0.430361,1.0,0.458796,0.631175,-0.434213,1.0,0.644423,0.704732,-0.41322,0.995,0.446738,0.695934,-0.253344,0.8908,0.630058,0.796255,-0.388156,0.9964,0.420225,0.774629,-0.223982,0.978,0.640646,0.818126,-0.40408,0.9864,0.397303,0.787269,-0.233637,0.9609,0.61691,0.819842,-0.419517,0.9838,0.400434,0.791122,-0.266241,0.9688,0.611413,0.813861,-0.391394,0.972,0.41839,0.78682,-0.237715,0.9606,0.591221,0.671778,0.001829,1.0,0.521511,0.694722,-0.001076,1.0,0.639005,0.605939,0.111086,0.2938,0.467386,0.636284,-0.095973,0.6298,0.677023,0.570588,0.281412,0.3103,0.533557,0.630494,0.035331,0.5323,0.680369,0.577537,0.299082,0.4422,0.55257,0.637218,0.048262,0.3783,0.69147,0.551859,0.318236,0.5639,0.540702,0.61218,0.03885,0.6895
bhujangasana_tf_0058,bhujangasana,,TF,test,unlabelled,,Apache-2.0,data/datasets/yoga_poses/test/cobra/guy3_cobra082.jpg,True,300,300,True,1.0,0.4339,139.678,46.98,131.882,173.39,28.079,53.095,50.227,2.233,165.439,165.753,46.98,139.678,131.882,173.39,165.439,165.753,2.233,50.227,4.631,56.645,2.233,46.98,131.882,4.631,32.319,-32.319,6.745,3.4,18.043,45.369,-0.8451,-0.1811,2.1091,1.7708,0.480143,0.619985,-0.640365,1.0,0.489179,0.601891,-0.644742,1.0,0.497337,0.60005,-0.643042,1.0,0.504451,0.598629,-0.643071,1.0,0.472336,0.602392,-0.636175,1.0,0.46728,0.601531,-0.636922,1.0,0.461918,0.60102,-0.635798,1.0,0.52224,0.593409,-0.558999,1.0,0.462252,0.592604,-0.530855,1.0,0.494805,0.635669,-0.605085,1.0,0.477525,0.637433,-0.59633,1.0,0.588088,0.636744,-0.40686,1.0,0.461287,0.62921,-0.413327,1.0,0.647942,0.713329,-0.414657,0.9971,0.447864,0.700268,-0.227517,0.8755,0.631678,0.804556,-0.395521,0.9966,0.422918,0.78032,-0.169635,0.9762,0.639113,0.825528,-0.410855,0.9874,0.402854,0.793507,-0.171569,0.9614,0.618773,0.828144,-0.426456,0.9844,0.409596,0.796382,-0.207577,0.9688,0.614872,0.821941,-0.399349,0.9663,0.421464,0.791998,-0.183635,0.9594,0.596153,0.682812,-0.001959,1.0,0.529925,0.704385,0.00258,1.0,0.662329,0.604771,0.098376,0.5776,0.46429,0.637899,-0.082996,0.8123,0.66231,0.561384,0.275276,0.4339,0.530713,0.636031,0.075788,0.6574,0.660373,0.565902,0.296813,0.5093,0.551535,0.64445,0.092911,0.4749,0.666651,0.543937,0.341106,0.6205,0.530941,0.617858,0.099172,0.7401
bhujangasana_tf_0059,bhujangasana,,TF,test,unlabelled,,Apache-2.0,data/datasets/yoga_poses/test/cobra/guy3_cobra083.jpg,True,300,300,True,0.9999,0.4498,151.592,156.614,128.508,168.457,38.09,45.428,40.966,140.131,169.774,165.159,151.592,156.614,128.508,168.457,165.159,169.774,40.966,140.131,9.515,51.042,140.131,156.614,128.508,9.515,23.689,-23.689,14.588,3.958,23.328,13.93,-0.9157,-0.1807,1.7426,1.3571,0.470746,0.622186,-0.618034,1.0,0.478493,0.603228,-0.62759,1.0,0.485491,0.601711,-0.626587,1.0,0.493216,0.59974,-0.626578,1.0,0.462787,0.603545,-0.61099,1.0,0.458005,0.602803,-0.612009,1.0,0.45343,0.602044,-0.610595,1.0,0.517351,0.594542,-0.562128,1.0,0.463332,0.596205,-0.495736,1.0,0.486832,0.63548,-0.588015,1.0,0.468936,0.637628,-0.567163,1.0,0.594969,0.64536,-0.408176,1.0,0.457074,0.635819,-0.399275,1.0,0.647337,0.71049,-0.362627,0.9935,0.444183,0.715173,-0.283343,0.9651,0.624784,0.810634,-0.375333,0.9835,0.417181,0.786365,-0.349663,0.9804,0.632241,0.833973,-0.397369,0.9447,0.391557,0.800144,-0.382937,0.9617,0.613324,0.832285,-0.421017,0.9421,0.399819,0.801861,-0.417406,0.9691,0.606931,0.825572,-0.383056,0.9261,0.414581,0.798828,-0.368945,0.9691,0.595912,0.721367,0.00071,0.9999,0.537975,0.746352,-5e-06,1.0,0.660576,0.644996,0.195551,0.5553,0.581253,0.757087,0.221021,0.7705,0.675708,0.572855,0.376156,0.4498,0.641611,0.747034,0.522626,0.6646,0.672935,0.562877,0.391793,0.5322,0.650431,0.744025,0.553503,0.5466,0.686573,0.536464,0.403128,0.6732,0.664495,0.752078,0.558596,0.7481
bhujangasana_tf_0060,bhujangasana,,TF,test,unlabelled,,Apache-2.0,data/datasets/yoga_poses/test/cobra/guy3_cobra084.jpg,True,300,300,True,1.0,0.1598,167.3,155.513,127.412,164.905,27.937,46.413,56.931,46.27,166.108,165.938,155.513,167.3,127.412,164.905,165.938,166.108,46.27,56.931,0.665,53.81,56.931,167.3,127.412,0.665,30.39,-30.39,6.798,3.54,23.716,46.296,-0.8626,-0.1405,1.0468,1.2099,0.471389,0.628132,-0.632289,1.0,0.480621,0.609049,-0.635072,1.0,0.48995,0.607182,-0.633803,1.0,0.498069,0.605631,-0.633797,1.0,0.463629,0.610156,-0.621893,1.0,0.459306,0.609222,-0.622459,1.0,0.45525,0.608019,-0.621728,1.0,0.516604,0.599015,-0.558383,1.0,0.459,0.603402,-0.506985,1.0,0.488819,0.643606,-0.598708,1.0,0.469571,0.643341,-0.583564,1.0,0.583081,0.646873,-0.418242,1.0,0.455844,0.639002,-0.394143,1.0,0.644913,0.717591,-0.363217,0.995,0.446492,0.719028,-0.266418,0.989,0.624975,0.816262,-0.316275,0.9928,0.417781,0.790957,-0.334507,0.9968,0.631209,0.838374,-0.324273,0.9772,0.391728,0.802377,-0.367454,0.9926,0.610684,0.83878,-0.340463,0.9757,0.402788,0.80923,-0.402023,0.9941,0.605549,0.830848,-0.320416,0.9639,0.417863,0.806546,-0.354224,0.9936,0.60064,0.721577,-0.000946,1.0,0.544885,0.74607,0.002405,1.0,0.655671,0.663997,0.212291,0.4706,0.548793,0.711885,0.259501,0.2575,0.694042,0.600147,0.440451,0.5395,0.591514,0.640807,0.555716,0.1598,0.691888,0.595382,0.463266,0.6207,0.599052,0.62917,0.584988,0.1513,0.73421,0.590516,0.454492,0.7385,0.610537,0.631225,0.595645,0.3014
bhujangasana_tf_0061,bhujangasana,,TF,test,unlabelled,,Apache-2.0,data/datasets/yoga_poses/test/cobra/guy3_cobra085.jpg,True,300,300,True,1.0,0.1311,164.901,142.037,125.824,168.93,25.033,54.371,54.669,26.353,166.232,163.907,142.037,164.901,125.824,168.93,163.907,166.232,26.353,54.669,2.521,59.501,54.669,164.901,125.824,2.521,33.967,-33.967,5.046,6.861,15.134,51.62,-0.8294,-0.2551,1.5635,1.2118,0.467437,0.626414,-0.630301,1.0,0.478292,0.606945,-0.634048,1.0,0.486262,0.605956,-0.632868,1.0,0.494454,0.604607,-0.632966,1.0,0.460478,0.608043,-0.621296,1.0,0.456861,0.607113,-0.622,1.0,0.453179,0.605907,-0.621076,1.0,0.513363,0.602504,-0.559305,1.0,0.457542,0.604043,-0.509499,1.0,0.485313,0.645758,-0.597254,1.0,0.465442,0.645729,-0.5823,1.0,0.586442,0.659734,-0.423487,1.0,0.464015,0.645004,-0.399297,1.0,0.647794,0.729515,-0.379517,0.9976,0.447932,0.728031,-0.26312,0.9951,0.626455,0.823029,-0.326363,0.9963,0.420518,0.795772,-0.324157,0.9981,0.633967,0.84773,-0.346914,0.987,0.397079,0.809717,-0.361224,0.9954,0.611122,0.848445,-0.370701,0.9852,0.401631,0.813363,-0.394804,0.9964,0.606605,0.843034,-0.336476,0.9778,0.415209,0.809653,-0.344312,0.9962,0.606982,0.730025,-0.003218,1.0,0.55718,0.743495,0.004338,1.0,0.673088,0.646561,0.224066,0.3543,0.544997,0.703784,0.21937,0.1713,0.698147,0.588321,0.489027,0.3632,0.559381,0.666132,0.544017,0.1311,0.697064,0.580609,0.51505,0.5239,0.565031,0.663375,0.577988,0.1417,0.745031,0.56705,0.542418,0.6168,0.562765,0.654419,0.619599,0.3119
bhujangasana_tf_0062,bhujangasana,,TF,test,unlabelled,,Apache-2.0,data/datasets/yoga_poses/test/cobra/guy3_cobra086.jpg,True,300,300,True,1.0,0.2096,179.518,139.297,124.508,171.844,24.257,57.417,57.787,34.983,166.851,162.683,139.297,179.518,124.508,171.844,162.683,166.851,34.983,57.787,3.338,61.434,57.787,179.518,124.508,3.338,34.364,-34.364,5.7,3.051,17.862,48.701,-0.8255,-0.2733,1.6158,1.2799,0.464096,0.639212,-0.644337,1.0,0.47497,0.621259,-0.648155,1.0,0.483011,0.621,-0.64681,1.0,0.491115,0.620135,-0.646791,1.0,0.45871,0.617818,-0.634121,1.0,0.454689,0.615773,-0.634758,1.0,0.450847,0.613999,-0.633949,1.0,0.511517,0.618573,-0.575454,1.0,0.456661,0.612919,-0.520313,1.0,0.479067,0.656301,-0.612754,1.0,0.461127,0.654193,-0.596818,1.0,0.58678,0.668555,-0.432598,1.0,0.464755,0.662051,-0.413936,1.0,0.648043,0.739668,-0.381169,0.9968,0.447562,0.734783,-0.267558,0.9913,0.624387,0.829536,-0.294752,0.9944,0.421036,0.802274,-0.306236,0.997,0.629982,0.852516,-0.299455,0.9809,0.395351,0.816333,-0.334695,0.9931,0.608122,0.853438,-0.319182,0.9783,0.403888,0.819683,-0.363583,0.9945,0.603111,0.846133,-0.300331,0.9665,0.418678,0.816624,-0.323084,0.9937,0.606576,0.73544,-0.000537,1.0,0.55274,0.75279,0.001927,1.0,0.667797,0.665752,0.210174,0.3828,0.546718,0.715342,0.199182,0.2588,0.724294,0.60034,0.45879,0.4224,0.581505,0.658726,0.478112,0.2096,0.725274,0.596917,0.483643,0.5269,0.591155,0.65356,0.506568,0.1973,0.761903,0.588803,0.489746,0.6553,0.587706,0.643649,0.522689,0.4034
bhujangasana_tf_0063,bhujangasana,,TF,test,unlabelled,,Apache-2.0,data/datasets/yoga_poses/test/cobra/guy3_cobra087.jpg,True,300,300,True,1.0,0.1893,172.417,157.329,123.861,175.211,23.702,58.774,59.526,60.705,167.444,164.999,157.329,172.417,123.861,175.211,164.999,167.444,59.526,60.705,3.193,61.29,59.526,172.417,123.861,3.193,35.443,-35.443,5.307,2.386,15.275,46.223,-0.8147,-0.2371,1.2214,1.3058,0.464857,0.642665,-0.664565,1.0,0.473866,0.622498,-0.665034,1.0,0.482083,0.621348,-0.663674,1.0,0.489973,0.620003,-0.663778,1.0,0.456893,0.62224,-0.653913,1.0,0.452297,0.621135,-0.654524,1.0,0.448234,0.6202,-0.653829,1.0,0.509618,0.617113,-0.582079,1.0,0.454266,0.618198,-0.538176,1.0,0.481739,0.658192,-0.628491,1.0,0.463138,0.658764,-0.615876,1.0,0.584393,0.667626,-0.44778,1.0,0.461181,0.662492,-0.420515,1.0,0.649436,0.746665,-0.423237,0.9992,0.446022,0.730951,-0.26642,0.9934,0.622219,0.837453,-0.381436,0.9981,0.422983,0.805036,-0.305317,0.9971,0.628802,0.862822,-0.406217,0.9922,0.398543,0.822038,-0.339074,0.9933,0.604311,0.861724,-0.424104,0.9911,0.406287,0.823333,-0.372249,0.9949,0.602955,0.857566,-0.389974,0.9855,0.419011,0.819802,-0.324948,0.9945,0.603378,0.734944,-0.008235,1.0,0.551723,0.749051,0.009638,1.0,0.663469,0.672231,0.216393,0.4327,0.560727,0.714024,0.223884,0.2753,0.707742,0.611726,0.477835,0.4767,0.602453,0.658828,0.538906,0.1893,0.704104,0.604591,0.504029,0.6173,0.611326,0.652006,0.570709,0.1875,0.750601,0.600034,0.521809,0.7262,0.614168,0.649094,0.598574,0.3926
bhujangasana_tf_0064,bhujangasana,,TF,test,unlabelled,,Apache-2.0,data/datasets/yoga_poses/test/cobra/guy3_cobra088.jpg,True,300,300,True,1.0,0.2195,162.373,163.803,122.975,173.713,25.363,58.323,69.725,64.843,167.247,165.995,162.373,163.803,122.975,173.713,165.995,167.247,64.843,69.725,4.141,54.924,69.725,162.373,122.975,4.141,31.854,-31.854,13.145,7.587,9.114,37.169,-0.8494,-0.1442,0.8802,1.0817,0.454439,0.645861,-0.607707,1.0,0.463965,0.627324,-0.617058,1.0,0.471595,0.625595,-0.615926,1.0,0.479638,0.623817,-0.616177,1.0,0.449871,0.627805,-0.60135,1.0,0.446216,0.626483,-0.602345,1.0,0.442512,0.625002,-0.601095,1.0,0.503188,0.619936,-0.560467,1.0,0.452496,0.62018,-0.500983,1.0,0.472302,0.66179,-0.580449,1.0,0.455031,0.66095,-0.562489,1.0,0.584158,0.671381,-0.448147,1.0,0.457264,0.654478,-0.382811,1.0,0.648383,0.742069,-0.383352,0.9964,0.435052,0.725336,-0.246141,0.9531,0.622435,0.840498,-0.327271,0.9955,0.418197,0.811107,-0.295781,0.9877,0.627423,0.865566,-0.34199,0.9824,0.394013,0.825501,-0.323163,0.9763,0.605298,0.865223,-0.360021,0.9822,0.40135,0.831707,-0.35707,0.9815,0.600209,0.858899,-0.332609,0.973,0.416342,0.82781,-0.314975,0.9788,0.610777,0.759025,-0.022319,1.0,0.555563,0.767883,0.023538,1.0,0.68265,0.704532,0.216688,0.7535,0.578749,0.715621,0.358364,0.231,0.731973,0.634624,0.456442,0.746,0.629823,0.655015,0.676056,0.2195,0.733514,0.623438,0.48065,0.7851,0.640894,0.645393,0.707718,0.2603,0.75514,0.637827,0.470618,0.8617,0.637889,0.652362,0.729516,0.4093
bhujangasana_tf_0065,bhujangasana,,TF,test,unlabelled,,Apache-2.0,data/datasets/yoga_poses/test/cobra/guy3_cobra089.jpg,True,300,300,True,1.0,0.1554,151.554,178.894,123.792,156.75,26.555,42.304,61.951,80.96,172.35,166.284,151.554,178.894,123.792,156.75,166.284,172.35,61.951,80.96,2.775,54.923,61.951,151.554,123.792,2.775,28.709,-28.709,16.929,2.509,5.704,38.474,-0.8771,-0.1728,0.806,1.0868,0.454602,0.645523,-0.58878,1.0,0.462531,0.626606,-0.598285,1.0,0.469625,0.624329,-0.597159,1.0,0.477141,0.622003,-0.597604,1.0,0.448127,0.628333,-0.581941,1.0,0.444168,0.627392,-0.582942,1.0,0.439918,0.626119,-0.581699,1.0,0.499336,0.617808,-0.538752,1.0,0.447988,0.621368,-0.476291,1.0,0.471545,0.660482,-0.560263,1.0,0.455961,0.660825,-0.541353,1.0,0.593731,0.671083,-0.424541,1.0,0.452578,0.664897,-0.353595,1.0,0.6526,0.749259,-0.341347,0.9976,0.451194,0.737195,-0.201306,0.9367,0.61768,0.849382,-0.296858,0.9961,0.415893,0.815208,-0.249017,0.9823,0.622582,0.872943,-0.314637,0.983,0.389159,0.828173,-0.273235,0.9668,0.602792,0.872381,-0.3307,0.9835,0.396164,0.833514,-0.308416,0.9742,0.597749,0.86398,-0.301131,0.9756,0.410871,0.831322,-0.268658,0.9724,0.613626,0.779216,-0.02615,1.0,0.557584,0.784813,0.027377,1.0,0.690072,0.718464,0.24757,0.5365,0.599495,0.734425,0.363799,0.1623,0.729252,0.626518,0.526393,0.5229,0.640823,0.682743,0.71101,0.1554,0.733627,0.612522,0.552327,0.6671,0.649508,0.672896,0.746028,0.2182,0.758661,0.633125,0.535288,0.7244,0.647196,0.690203,0.760814,0.3073
bhujangasana_tf_0066,bhujangasana,,TF,test,unlabelled,,Apache-2.0,data/datasets/yoga_poses/test/cobra/guy3_cobra090.jpg,True,300,300,True,1.0,0.1688,157.383,160.024,125.101,152.53,23.53,39.306,71.127,75.03,171.115,168.314,157.383,160.024,125.101,152.53,168.314,171.115,71.127,75.03,5.226,53.986,71.127,157.383,125.101,5.226,31.155,-31.155,16.469,5.605,1.863,32.985,-0.8558,-0.1622,0.7282,1.1133,0.450359,0.649657,-0.593562,1.0,0.45831,0.630333,-0.605326,1.0,0.464724,0.628281,-0.604198,1.0,0.471553,0.626055,-0.604629,1.0,0.444843,0.631638,-0.588195,1.0,0.441189,0.630568,-0.589352,1.0,0.437349,0.629197,-0.588015,1.0,0.495067,0.622394,-0.551262,1.0,0.446885,0.626071,-0.485363,1.0,0.466435,0.664123,-0.56658,1.0,0.451858,0.664082,-0.546516,1.0,0.590544,0.6768,-0.44264,1.0,0.451705,0.663174,-0.353047,1.0,0.649642,0.753426,-0.373502,0.9975,0.455712,0.739783,-0.201718,0.9216,0.618297,0.85433,-0.336598,0.9954,0.419328,0.819713,-0.245607,0.981,0.620546,0.877293,-0.358096,0.9798,0.392606,0.83413,-0.266668,0.9645,0.600964,0.876025,-0.371918,0.9806,0.399277,0.839225,-0.301632,0.9723,0.59754,0.868963,-0.340949,0.971,0.413551,0.8363,-0.265,0.9691,0.615548,0.77626,-0.034384,1.0,0.556358,0.778186,0.035532,1.0,0.686353,0.730306,0.225018,0.6506,0.595114,0.717887,0.364584,0.1688,0.738413,0.65427,0.482371,0.6672,0.649844,0.676203,0.689908,0.1937,0.742538,0.640187,0.506134,0.786,0.660236,0.666579,0.722111,0.2906,0.76705,0.648226,0.479866,0.8139,0.656844,0.688868,0.73085,0.3862
bhujangasana_tf_0067,bhujangasana,,TF,test,unlabelled,,Apache-2.0,data/datasets/yoga_poses/test/cobra/guy3_cobra091.jpg,True,300,300,True,1.0,0.3081,152.631,169.136,124.051,160.933,28.776,39.562,65.111,71.546,171.571,166.481,152.631,169.136,124.051,160.933,166.481,171.571,65.111,71.546,0.312,50.157,65.111,152.631,124.051,0.312,24.67,-24.67,22.124,2.295,6.349,33.006,-0.9087,-0.1977,1.0212,1.0798,0.443472,0.653272,-0.571631,1.0,0.450635,0.634385,-0.586617,1.0,0.45721,0.632694,-0.585522,1.0,0.46447,0.630691,-0.585842,1.0,0.437411,0.635383,-0.567358,1.0,0.433878,0.634472,-0.568456,1.0,0.430533,0.633353,-0.56707,1.0,0.490852,0.62495,-0.541971,1.0,0.442129,0.628824,-0.462137,1.0,0.461165,0.667782,-0.547292,1.0,0.446595,0.668271,-0.522973,1.0,0.591161,0.681517,-0.414514,1.0,0.452218,0.67595,-0.346147,1.0,0.65067,0.760797,-0.350495,0.9962,0.448746,0.743918,-0.212013,0.9109,0.617247,0.857557,-0.329849,0.9898,0.41694,0.822681,-0.27407,0.9706,0.618681,0.882679,-0.350913,0.961,0.3928,0.837149,-0.297055,0.9434,0.59851,0.880504,-0.361791,0.9615,0.399635,0.842082,-0.334982,0.9547,0.594524,0.87226,-0.332135,0.9419,0.412853,0.839134,-0.295201,0.9493,0.606954,0.792249,-0.023731,1.0,0.543926,0.799262,0.02478,1.0,0.710054,0.725281,0.200448,0.8047,0.58095,0.746206,0.344361,0.3194,0.759409,0.638489,0.429304,0.7666,0.638495,0.690192,0.646541,0.3081,0.783578,0.630727,0.451209,0.8141,0.650406,0.682664,0.677738,0.3518,0.79254,0.643755,0.432518,0.8389,0.65027,0.689195,0.686951,0.4344
bhujangasana_tf_0068,bhujangasana,,TF,test,unlabelled,,Apache-2.0,data/datasets/yoga_poses/test/cobra/guy3_cobra092.jpg,True,300,300,True,1.0,0.3434,172.132,138.49,123.055,155.427,30.656,38.781,51.334,62.557,171.488,166.965,138.49,172.132,123.055,155.427,166.965,171.488,51.334,62.557,1.728,52.152,51.334,172.132,123.055,1.728,25.778,-25.778,19.504,3.367,2.231,45.45,-0.9005,-0.2588,1.2196,1.1622,0.437624,0.651209,-0.573202,1.0,0.445967,0.635014,-0.591582,1.0,0.451868,0.634452,-0.590442,1.0,0.458114,0.633581,-0.590859,1.0,0.432557,0.634245,-0.570754,1.0,0.42925,0.633338,-0.57194,1.0,0.426205,0.632368,-0.570609,1.0,0.485907,0.629491,-0.557039,1.0,0.444591,0.629637,-0.470433,1.0,0.454341,0.665853,-0.552492,1.0,0.440307,0.666185,-0.526027,1.0,0.586157,0.685694,-0.424649,1.0,0.449594,0.677659,-0.365483,1.0,0.647699,0.766072,-0.375652,0.9961,0.450019,0.750121,-0.227398,0.9181,0.612893,0.864336,-0.363537,0.9886,0.414612,0.82877,-0.268459,0.9685,0.617312,0.890023,-0.390414,0.9516,0.388205,0.843107,-0.286993,0.9325,0.594088,0.887305,-0.402245,0.9495,0.390749,0.847124,-0.326662,0.946,0.589868,0.878688,-0.36772,0.9221,0.409754,0.843873,-0.289526,0.9406,0.598153,0.786533,-0.026735,1.0,0.539972,0.7888,0.027875,1.0,0.679792,0.703601,0.174174,0.8749,0.565759,0.729324,0.323473,0.3434,0.758349,0.643143,0.395709,0.824,0.626866,0.700764,0.61633,0.3801,0.757857,0.631797,0.416147,0.8222,0.640537,0.697905,0.645874,0.3372,0.800464,0.636871,0.397036,0.8572,0.634202,0.703271,0.651481,0.5298
bhujangasana_tf_0069,bhujangasana,,TF,test,unlabelled,,Apache-2.0,data/datasets/yoga_poses/test/cobra/guy3_cobra093.jpg,True,300,300,True,1.0,0.2974,168.455,140.977,120.495,150.649,28.541,33.436,66.245,61.924,169.304,168.681,140.977,168.455,120.495,150.649,168.681,169.304,61.924,66.245,2.321,48.66,66.245,168.455,120.495,2.321,27.555,-27.555,18.884,9.285,0.379,36.772,-0.8866,-0.1885,1.1761,1.0417,0.430725,0.657037,-0.562342,1.0,0.438642,0.637744,-0.582526,1.0,0.444528,0.636433,-0.58145,1.0,0.450796,0.634661,-0.581876,1.0,0.427108,0.637797,-0.559177,1.0,0.424246,0.636748,-0.560383,1.0,0.421521,0.635439,-0.559047,1.0,0.476652,0.629855,-0.565654,1.0,0.441886,0.62979,-0.467145,1.0,0.447082,0.66976,-0.548761,1.0,0.43464,0.670316,-0.518595,1.0,0.579464,0.69208,-0.456586,1.0,0.447285,0.670471,-0.347526,1.0,0.646677,0.767894,-0.399995,0.9966,0.452915,0.752953,-0.215429,0.8746,0.613268,0.871049,-0.36848,0.9923,0.414697,0.83327,-0.271041,0.9637,0.613664,0.896703,-0.396853,0.9702,0.388127,0.846852,-0.292577,0.9343,0.594877,0.894702,-0.407714,0.9712,0.392063,0.852481,-0.329476,0.949,0.592192,0.885975,-0.372628,0.957,0.409254,0.849586,-0.29209,0.9451,0.603366,0.795468,-0.038168,1.0,0.542341,0.795065,0.039312,1.0,0.679762,0.738374,0.198365,0.7977,0.559254,0.758096,0.360153,0.2974,0.759107,0.649264,0.428018,0.8239,0.627721,0.724117,0.66496,0.3417,0.763116,0.635024,0.448804,0.8056,0.639946,0.713532,0.695285,0.4087,0.788614,0.657863,0.411742,0.8744,0.63772,0.7413,0.700202,0.5214
bhujangasana_tf_0070,bhujangasana,,TF,test,unlabelled,,Apache-2.0,data/datasets/yoga_poses/test/cobra/guy3_cobra094.jpg,True,300,300,True,1.0,0.3289,177.166,137.228,119.185,152.462,30.825,35.057,59.494,58.394,171.353,167.51,137.228,177.166,119.185,152.462,167.51,171.353,58.394,59.494,1.359,50.487,59.494,177.166,119.185,1.359,26.875,-26.875,19.477,7.525,1.575,40.512,-0.892,-0.2467,1.1129,1.15,0.428898,0.658008,-0.563187,1.0,0.43942,0.639534,-0.5812,1.0,0.446435,0.638885,-0.580097,1.0,0.454235,0.637856,-0.580549,1.0,0.424881,0.638732,-0.558656,1.0,0.421333,0.637608,-0.559798,1.0,0.41789,0.636469,-0.558501,1.0,0.481151,0.635159,-0.55603,1.0,0.436493,0.634553,-0.461751,1.0,0.446847,0.673988,-0.547812,1.0,0.431216,0.674987,-0.51904,1.0,0.583552,0.697044,-0.440394,1.0,0.44534,0.678788,-0.358897,1.0,0.646787,0.770223,-0.395953,0.9978,0.449046,0.750945,-0.228613,0.8902,0.610044,0.871257,-0.376652,0.9929,0.410895,0.834283,-0.285475,0.9683,0.612387,0.898835,-0.402736,0.9675,0.384924,0.84897,-0.310305,0.9387,0.593081,0.897625,-0.415793,0.9667,0.387324,0.852484,-0.347817,0.9514,0.58901,0.888834,-0.38099,0.9496,0.400817,0.848561,-0.307074,0.9453,0.600866,0.795181,-0.031724,1.0,0.537624,0.79692,0.03277,1.0,0.68494,0.723345,0.189896,0.8355,0.558416,0.741002,0.320216,0.3289,0.760337,0.652179,0.418915,0.8456,0.635051,0.702238,0.603305,0.3875,0.766506,0.639898,0.440587,0.8567,0.650018,0.69408,0.631099,0.4428,0.798217,0.66683,0.409931,0.8803,0.64707,0.712272,0.627702,0.5499
bhujangasana_tf_0071,bhujangasana,,TF,test,unlabelled,,Apache-2.0,data/datasets/yoga_poses/test/cobra/guy3_cobra095.jpg,True,300,300,True,1.0,0.3073,172.862,148.511,117.08,146.503,30.406,31.863,67.633,69.322,169.242,167.661,148.511,172.862,117.08,146.503,167.661,169.242,67.633,69.322,1.406,50.122,67.633,172.862,117.08,1.406,27.166,-27.166,18.001,6.232,0.477,34.531,-0.8897,-0.2136,0.9772,1.0089,0.425826,0.667051,-0.537685,1.0,0.433261,0.646525,-0.554739,1.0,0.438479,0.645383,-0.553562,1.0,0.444979,0.643864,-0.554055,1.0,0.421999,0.647285,-0.532667,1.0,0.419314,0.646603,-0.533769,1.0,0.416482,0.645707,-0.532584,1.0,0.472772,0.638455,-0.525176,1.0,0.434828,0.640516,-0.433982,1.0,0.443617,0.680256,-0.520025,1.0,0.430021,0.679852,-0.492239,1.0,0.573013,0.701326,-0.418065,1.0,0.444922,0.687339,-0.329973,1.0,0.643727,0.778308,-0.370197,0.9952,0.452439,0.759835,-0.216229,0.8477,0.606638,0.878305,-0.3251,0.9881,0.412217,0.836845,-0.275561,0.9562,0.606506,0.904753,-0.341307,0.9581,0.386763,0.851412,-0.297187,0.9248,0.587963,0.90229,-0.35191,0.9562,0.390886,0.855391,-0.334482,0.9387,0.584667,0.894043,-0.326909,0.935,0.404186,0.851917,-0.297119,0.9307,0.595947,0.807726,-0.034283,1.0,0.538617,0.808203,0.035376,1.0,0.690659,0.742557,0.171988,0.8459,0.578556,0.743127,0.335658,0.3073,0.779789,0.663234,0.377908,0.8407,0.660898,0.701223,0.607064,0.3865,0.784283,0.64703,0.397113,0.8792,0.677461,0.695048,0.634587,0.4673,0.814878,0.676822,0.371863,0.8823,0.669678,0.70697,0.637462,0.5284
bhujangasana_tf_0072,bhujangasana,,TF,test,unlabelled,,Apache-2.0,data/datasets/yoga_poses/test/cobra/guy3_cobra096.jpg,True,300,300,True,1.0,0.6879,155.295,93.105,108.229,148.408,27.562,36.82,58.554,24.005,164.25,168.629,93.105,155.295,108.229,148.408,164.25,168.629,24.005,58.554,5.919,54.067,58.554,155.295,108.229,5.919,34.086,-34.086,7.062,9.683,7.211,53.114,-0.8282,-0.3034,1.2982,0.9574,0.42036,0.667791,-0.531201,1.0,0.429807,0.648371,-0.542123,1.0,0.436151,0.648609,-0.541004,1.0,0.444224,0.648299,-0.541604,1.0,0.415175,0.646214,-0.52088,1.0,0.411324,0.645024,-0.522063,1.0,0.407806,0.64419,-0.52062,1.0,0.474573,0.645086,-0.510123,1.0,0.428526,0.646512,-0.42015,1.0,0.43825,0.683936,-0.516044,1.0,0.420804,0.684521,-0.488899,1.0,0.553051,0.710653,-0.429019,1.0,0.447678,0.692673,-0.311006,1.0,0.640483,0.786041,-0.444125,0.9985,0.455032,0.764145,-0.194399,0.918,0.601084,0.88097,-0.449731,0.9968,0.417725,0.841605,-0.249504,0.9644,0.600476,0.904308,-0.480561,0.9884,0.397366,0.857893,-0.272265,0.9457,0.578171,0.902788,-0.493612,0.9877,0.399577,0.861937,-0.311699,0.9549,0.576003,0.894588,-0.45482,0.9754,0.40957,0.857321,-0.271934,0.9479,0.587451,0.797234,-0.043233,1.0,0.538426,0.791031,0.043952,1.0,0.640368,0.726719,0.093622,0.9635,0.52231,0.743393,0.289885,0.7056,0.749744,0.667558,0.255452,0.932,0.610579,0.708096,0.48439,0.6879,0.756692,0.656128,0.270861,0.931,0.629942,0.705708,0.504631,0.6932,0.772455,0.668646,0.272306,0.9402,0.61464,0.699959,0.541038,0.7035
bhujangasana_tf_0073,bhujangasana,,TF,test,unlabelled,,Apache-2.0,data/datasets/yoga_poses/test/cobra/guy3_cobra097.jpg,True,300,300,True,1.0,0.5775,150.44,162.339,116.849,152.682,26.717,38.104,85.215,84.376,172.735,169.782,150.44,162.339,116.849,152.682,169.782,172.735,84.376,85.215,5.44,51.941,85.215,150.44,116.849,5.44,30.031,-30.031,17.363,5.828,1.564,17.491,-0.8658,-0.2622,0.9575,1.1299,0.416695,0.664944,-0.552283,1.0,0.426843,0.64369,-0.565077,1.0,0.433803,0.641858,-0.564,1.0,0.441228,0.640159,-0.564508,1.0,0.413824,0.644405,-0.54311,1.0,0.410712,0.643325,-0.544289,1.0,0.407383,0.642164,-0.542664,1.0,0.468702,0.638667,-0.537741,1.0,0.42509,0.641747,-0.446326,1.0,0.434747,0.680753,-0.538501,1.0,0.419633,0.680887,-0.510439,1.0,0.575457,0.703301,-0.45872,1.0,0.440565,0.689531,-0.33208,1.0,0.642956,0.785409,-0.438281,0.9987,0.445608,0.769256,-0.204638,0.8681,0.598747,0.885986,-0.444179,0.9966,0.412669,0.844296,-0.268668,0.9579,0.598161,0.911762,-0.481909,0.9868,0.386247,0.859704,-0.296284,0.9328,0.578303,0.910224,-0.492736,0.9871,0.390229,0.862995,-0.333349,0.9457,0.572531,0.902192,-0.44861,0.9797,0.404464,0.859622,-0.290567,0.9406,0.597511,0.801116,-0.043515,1.0,0.538633,0.799509,0.044227,1.0,0.682202,0.774429,0.169473,0.9206,0.566635,0.769113,0.292425,0.5852,0.77237,0.677563,0.386639,0.9081,0.663378,0.713963,0.560438,0.5775,0.777034,0.665934,0.406804,0.8951,0.678845,0.700563,0.587426,0.6942,0.805948,0.694063,0.379179,0.9338,0.680703,0.72389,0.600956,0.7106
bhujangasana_tf_0074,bhujangasana,,TF,test,unlabelled,,Apache-2.0,data/datasets/yoga_poses/test/cobra/guy3_cobra098.jpg,True,300,300,True,1.0,0.1945,167.307,160.502,108.766,145.319,24.54,40.507,85.63,90.496,162.471,168.156,160.502,167.307,108.766,145.319,162.471,168.156,85.63,90.496,6.955,58.191,85.63,167.307,108.766,6.955,37.368,-37.368,4.308,10.048,14.462,28.854,-0.7948,-0.3141,0.4071,0.8815,0.410082,0.66786,-0.515778,1.0,0.419605,0.646808,-0.524919,1.0,0.426347,0.646599,-0.523839,1.0,0.43269,0.646561,-0.524483,1.0,0.406592,0.643652,-0.503144,1.0,0.403202,0.642537,-0.504257,1.0,0.400212,0.641452,-0.503011,1.0,0.460624,0.644742,-0.502538,1.0,0.424695,0.645519,-0.409256,1.0,0.427826,0.6834,-0.506121,1.0,0.410307,0.684937,-0.478028,1.0,0.543572,0.712067,-0.451132,1.0,0.445444,0.69468,-0.312303,1.0,0.63764,0.79377,-0.47078,0.9988,0.453827,0.776637,-0.207542,0.8911,0.599153,0.888033,-0.467759,0.9967,0.412529,0.851631,-0.269143,0.9534,0.594154,0.914625,-0.504811,0.9879,0.393293,0.866807,-0.297935,0.9295,0.57428,0.912336,-0.516203,0.9874,0.395085,0.869685,-0.329685,0.9426,0.572145,0.903633,-0.473043,0.9755,0.404842,0.865773,-0.289841,0.9385,0.582847,0.798312,-0.054583,1.0,0.543406,0.78814,0.05555,1.0,0.655875,0.758076,0.135055,0.9095,0.598597,0.731283,0.315145,0.1945,0.732438,0.690226,0.348577,0.7949,0.686474,0.68775,0.567532,0.2623,0.741767,0.673331,0.367566,0.8025,0.699106,0.679449,0.591489,0.3902,0.75461,0.69865,0.351659,0.8413,0.70228,0.689233,0.611117,0.4485
bhujangasana_tf_0075,bhujangasana,,TF,test,unlabelled,,Apache-2.0,data/datasets/yoga_poses/test/cobra/guy3_cobra099.jpg,True,300,300,True,1.0,0.2788,165.557,171.574,111.183,151.262,21.613,46.791,94.656,99.558,168.098,170.19,165.557,171.574,111.183,151.262,168.098,170.19,94.656,99.558,10.887,61.411,94.656,165.557,111.183,10.887,40.872,-40.872,6.318,7.439,8.215,18.132,-0.7562,-0.2793,0.693,1.0779,0.407273,0.672342,-0.54413,1.0,0.416272,0.652484,-0.551749,1.0,0.421972,0.651662,-0.550829,1.0,0.428937,0.649556,-0.551391,1.0,0.404596,0.650365,-0.530822,1.0,0.402191,0.648714,-0.532087,1.0,0.399469,0.647188,-0.530666,1.0,0.45527,0.646484,-0.520413,1.0,0.419656,0.647629,-0.435244,0.9999,0.425021,0.686447,-0.531639,1.0,0.409521,0.688619,-0.505999,1.0,0.557058,0.710882,-0.465209,1.0,0.439032,0.695473,-0.327832,1.0,0.637018,0.79253,-0.484146,0.9983,0.445658,0.774209,-0.210178,0.7614,0.594164,0.886935,-0.504132,0.9961,0.412493,0.848953,-0.263471,0.9067,0.592389,0.914255,-0.546796,0.9843,0.38967,0.863993,-0.291083,0.8631,0.570798,0.908918,-0.557457,0.9838,0.389332,0.867843,-0.322004,0.883,0.570743,0.901673,-0.510679,0.9704,0.405592,0.862837,-0.282642,0.8735,0.590102,0.789534,-0.047951,1.0,0.5505,0.783817,0.048914,1.0,0.6848,0.758523,0.178623,0.9444,0.621692,0.71962,0.327765,0.2788,0.766917,0.706057,0.391249,0.947,0.701286,0.666705,0.617108,0.3325,0.785659,0.672114,0.407192,0.8998,0.712437,0.656171,0.643161,0.4705,0.798142,0.715882,0.350744,0.9512,0.718043,0.670173,0.646618,0.5476
bhujangasana_tf_0076,bhujangasana,,TF,test,unlabelled,,Apache-2.0,data/datasets/yoga_poses/test/cobra/guy3_cobra100.jpg,True,300,300,True,1.0,0.3005,161.4,168.079,107.246,152.685,18.781,46.831,102.818,94.526,164.895,169.081,161.4,168.079,107.246,152.685,164.895,169.081,94.526,102.818,15.461,61.293,102.818,161.4,107.246,15.461,42.404,-42.404,2.78,9.789,12.969,17.747,-0.7384,-0.3079,0.7145,0.9018,0.401796,0.671181,-0.536762,1.0,0.409469,0.651818,-0.544787,1.0,0.415242,0.651053,-0.543977,1.0,0.422593,0.649131,-0.54443,1.0,0.398576,0.650879,-0.521493,1.0,0.396367,0.649857,-0.522923,1.0,0.394079,0.648762,-0.521256,1.0,0.451512,0.645843,-0.516652,1.0,0.410203,0.652139,-0.421366,1.0,0.420977,0.685104,-0.525729,1.0,0.405516,0.686437,-0.4967,1.0,0.543534,0.717242,-0.460456,1.0,0.437079,0.698875,-0.310769,1.0,0.634494,0.795349,-0.469084,0.9992,0.441783,0.774861,-0.183622,0.8466,0.591453,0.894774,-0.504909,0.9979,0.407333,0.853069,-0.257976,0.9494,0.58873,0.9218,-0.556309,0.9902,0.380466,0.869365,-0.291771,0.9174,0.568677,0.915713,-0.568639,0.9903,0.382643,0.871275,-0.326455,0.9309,0.567519,0.907965,-0.512843,0.9817,0.398528,0.866262,-0.279257,0.9225,0.593382,0.801645,-0.058777,1.0,0.548786,0.791374,0.059447,1.0,0.685841,0.772053,0.173329,0.9679,0.609175,0.729172,0.331592,0.3005,0.76697,0.712353,0.393801,0.9583,0.690081,0.674751,0.624799,0.3381,0.784652,0.678396,0.412425,0.9229,0.702614,0.663414,0.651863,0.4875,0.78977,0.735747,0.368037,0.9597,0.704868,0.67754,0.661098,0.5921
bhujangasana_tf_0077,bhujangasana,,TF,test,unlabelled,,Apache-2.0,data/datasets/yoga_poses/test/cobra/guy3_cobra101.jpg,True,300,300,True,1.0,0.4236,159.144,177.585,114.878,146.823,20.093,41.946,92.233,97.951,172.608,169.66,159.144,177.585,114.878,146.823,169.66,172.608,92.233,97.951,12.206,58.238,92.233,159.144,114.878,12.206,36.499,-36.499,11.307,3.982,4.999,17.365,-0.8039,-0.306,0.851,1.0304,0.398969,0.672228,-0.533718,1.0,0.406687,0.650765,-0.542307,1.0,0.412376,0.649939,-0.541411,1.0,0.419057,0.648864,-0.541846,1.0,0.396313,0.650022,-0.520009,1.0,0.394216,0.649011,-0.521505,1.0,0.392105,0.647994,-0.519698,1.0,0.447587,0.646476,-0.511218,1.0,0.410389,0.648062,-0.419674,1.0,0.416903,0.684102,-0.520886,1.0,0.40152,0.687009,-0.492952,1.0,0.561392,0.714327,-0.454863,1.0,0.434802,0.705514,-0.300621,1.0,0.632391,0.799872,-0.455804,0.9993,0.443041,0.784542,-0.158646,0.8088,0.585331,0.898843,-0.495726,0.9985,0.407934,0.852778,-0.214766,0.9555,0.582866,0.927125,-0.545057,0.9934,0.379467,0.868382,-0.241721,0.9335,0.562847,0.922488,-0.555338,0.9936,0.38101,0.870501,-0.277318,0.9446,0.559466,0.914244,-0.50212,0.9884,0.396573,0.866847,-0.235331,0.9384,0.595835,0.811065,-0.053337,1.0,0.54687,0.806782,0.053754,1.0,0.693882,0.780405,0.159766,0.9577,0.607167,0.756281,0.321332,0.4236,0.794826,0.70091,0.372944,0.9544,0.690362,0.692369,0.60296,0.4527,0.796279,0.682868,0.390501,0.9118,0.702219,0.67933,0.629528,0.6116,0.810936,0.731334,0.345125,0.9585,0.708671,0.695699,0.642739,0.6636
bhujangasana_tf_0078,bhujangasana,,TF,test,unlabelled,,Apache-2.0,data/datasets/yoga_poses/test/cobra/guy3_cobra102.jpg,True,300,300,True,1.0,0.32,163.058,179.487,109.011,138.192,13.691,42.975,105.264,112.215,168.148,170.546,163.058,179.487,109.011,138.192,168.148,170.546,105.264,112.215,20.372,63.256,105.264,163.058,109.011,20.372,44.952,-44.952,0.095,5.695,16.235,16.959,-0.7077,-0.2629,0.5359,0.7966,0.391787,0.667498,-0.46782,1.0,0.399367,0.648007,-0.479147,1.0,0.404518,0.646464,-0.478317,1.0,0.410125,0.644932,-0.478757,1.0,0.389998,0.648466,-0.451419,0.9999,0.388229,0.647659,-0.453007,0.9999,0.386478,0.646687,-0.451331,0.9999,0.440764,0.643762,-0.473408,1.0,0.412474,0.64528,-0.358052,1.0,0.407846,0.683818,-0.465427,1.0,0.396777,0.682763,-0.430617,1.0,0.543877,0.710891,-0.442679,1.0,0.430156,0.699551,-0.259574,1.0,0.632888,0.797105,-0.462493,0.9987,0.446669,0.7859,-0.123036,0.742,0.583928,0.901744,-0.514343,0.9977,0.403921,0.857095,-0.137242,0.9515,0.580422,0.928344,-0.570839,0.9911,0.375636,0.872872,-0.154868,0.926,0.56165,0.922341,-0.577274,0.9912,0.375942,0.874151,-0.185431,0.9346,0.559985,0.914163,-0.520829,0.982,0.390104,0.870716,-0.153938,0.9253,0.607878,0.812431,-0.063007,1.0,0.56888,0.801076,0.063388,1.0,0.721686,0.777725,0.17098,0.9781,0.659814,0.745162,0.338499,0.32,0.819925,0.711707,0.381051,0.9621,0.745818,0.691214,0.626842,0.4303,0.818212,0.694241,0.398018,0.9315,0.758556,0.683061,0.655087,0.5906,0.835706,0.735341,0.345427,0.9457,0.758924,0.694232,0.665453,0.6088
bhujangasana_tf_0079,bhujangasana,,TF,test,unlabelled,,Apache-2.0,data/datasets/yoga_poses/test/cobra/guy3_cobra103.jpg,True,300,300,True,0.9999,0.3017,158.708,171.724,107.759,142.628,10.875,49.35,106.789,109.493,168.541,169.221,158.708,171.724,107.759,142.628,168.541,169.221,106.789,109.493,22.926,67.641,106.789,158.708,107.759,22.926,47.179,-47.179,0.163,3.968,31.746,17.596,-0.6797,-0.2537,0.4716,0.7036,0.386313,0.666398,-0.405228,1.0,0.393828,0.648261,-0.419084,0.9999,0.398693,0.647328,-0.418196,0.9999,0.404146,0.646307,-0.418651,0.9999,0.384923,0.649254,-0.390198,0.9999,0.383325,0.648757,-0.3918,0.9999,0.38168,0.648098,-0.390209,0.9999,0.432825,0.645592,-0.423007,1.0,0.409594,0.645054,-0.303578,1.0,0.401396,0.683254,-0.405824,1.0,0.391989,0.681741,-0.369943,1.0,0.541871,0.709813,-0.411475,1.0,0.432277,0.702211,-0.206762,1.0,0.631769,0.798899,-0.427528,0.9985,0.443263,0.785511,-0.054012,0.6958,0.580389,0.899823,-0.477352,0.9981,0.403101,0.855469,-0.027777,0.9455,0.575943,0.926128,-0.532678,0.9937,0.369959,0.873943,-0.035518,0.9255,0.555957,0.919546,-0.539858,0.994,0.373619,0.875389,-0.063494,0.9329,0.55623,0.911752,-0.483405,0.9869,0.390837,0.87023,-0.041193,0.9208,0.61946,0.823192,-0.064621,1.0,0.583748,0.801096,0.06509,0.9999,0.726514,0.78924,0.186634,0.9606,0.668214,0.73659,0.355849,0.3017,0.822613,0.711731,0.416687,0.9334,0.752319,0.689792,0.633037,0.3661,0.831833,0.692438,0.436199,0.9136,0.774731,0.677744,0.661365,0.5517,0.837361,0.73562,0.385439,0.8989,0.756938,0.691348,0.679842,0.474
bhujangasana_tf_0080,bhujangasana,,TF,test,unlabelled,,Apache-2.0,data/datasets/yoga_poses/test/cobra/guy3_cobra104.jpg,True,300,300,True,1.0,0.4297,158.459,173.353,105.617,143.958,11.153,47.194,111.318,107.77,167.1,171.53,158.459,173.353,105.617,143.958,167.1,171.53,107.77,111.318,23.124,63.61,111.318,158.459,105.617,23.124,47.102,-47.102,0.325,5.666,20.297,14.706,-0.6807,-0.2545,0.6139,0.7067,0.380506,0.671825,-0.419427,1.0,0.387668,0.651696,-0.431213,1.0,0.392555,0.650248,-0.430297,1.0,0.398088,0.648688,-0.430789,1.0,0.377851,0.652936,-0.403631,1.0,0.375935,0.652367,-0.405184,1.0,0.374061,0.651663,-0.403607,1.0,0.429893,0.647628,-0.425513,1.0,0.399483,0.650234,-0.312633,1.0,0.397829,0.688375,-0.416539,1.0,0.386205,0.686827,-0.382537,1.0,0.533305,0.715647,-0.414665,1.0,0.426806,0.705082,-0.202257,1.0,0.626938,0.802421,-0.429052,0.9987,0.439003,0.792464,-0.058791,0.6669,0.575912,0.901684,-0.467174,0.998,0.404042,0.857951,-0.064545,0.9412,0.571947,0.928372,-0.52,0.993,0.371162,0.874927,-0.07823,0.9156,0.552333,0.921183,-0.524611,0.9934,0.374026,0.876741,-0.107618,0.9259,0.552263,0.913103,-0.471371,0.9865,0.392072,0.872248,-0.079561,0.9104,0.609363,0.820241,-0.06771,1.0,0.572621,0.806651,0.068161,1.0,0.725568,0.789741,0.178191,0.9852,0.64952,0.74792,0.354735,0.4297,0.825055,0.716803,0.388907,0.9767,0.734087,0.69766,0.628487,0.5048,0.832606,0.693165,0.406949,0.9589,0.746407,0.686641,0.655003,0.642,0.846467,0.745397,0.355316,0.9639,0.74507,0.706068,0.669736,0.6621
bhujangasana_tf_0081,bhujangasana,,TF,test,unlabelled,,Apache-2.0,data/datasets/yoga_poses/test/cobra/guy3_cobra105.jpg,True,300,300,True,0.9998,0.3629,179.252,173.223,110.769,145.386,0.059,53.115,111.602,121.425,167.451,170.496,173.223,179.252,110.769,145.386,167.451,170.496,111.602,121.425,33.382,70.524,111.602,179.252,110.769,33.382,54.686,-54.686,4.667,7.68,25.71,24.329,-0.5781,-0.1813,0.3817,0.6472,0.375543,0.675208,-0.417776,1.0,0.384422,0.65536,-0.429481,0.9999,0.389501,0.653629,-0.428773,0.9999,0.395071,0.651586,-0.429032,0.9999,0.37472,0.656716,-0.403004,0.9999,0.373051,0.65658,-0.404479,0.9999,0.371397,0.656244,-0.402934,0.9999,0.42345,0.649459,-0.418375,0.9999,0.399873,0.649934,-0.30921,1.0,0.393638,0.691785,-0.412514,1.0,0.382579,0.690255,-0.379724,1.0,0.529764,0.711882,-0.410096,1.0,0.425032,0.697758,-0.201865,1.0,0.617886,0.797009,-0.422536,0.9972,0.436458,0.780051,-0.055198,0.7124,0.572328,0.903096,-0.468137,0.9968,0.398688,0.855122,-0.058822,0.9599,0.566017,0.92824,-0.522085,0.9908,0.367773,0.871488,-0.076277,0.9461,0.546483,0.922771,-0.533097,0.9915,0.372866,0.875427,-0.107718,0.9527,0.546245,0.91339,-0.474916,0.9833,0.389856,0.870688,-0.074057,0.9423,0.629225,0.808161,-0.066865,1.0,0.59207,0.790272,0.067436,0.9998,0.737721,0.759107,0.207712,0.9624,0.683328,0.73844,0.365474,0.3629,0.834618,0.716811,0.449667,0.9539,0.774579,0.700047,0.645963,0.4505,0.845086,0.698761,0.470727,0.9099,0.790163,0.68455,0.674757,0.5557,0.854513,0.739317,0.417817,0.9121,0.778617,0.692423,0.695535,0.5492
bhujangasana_tf_0082,bhujangasana,,TF,test,unlabelled,,Apache-2.0,data/datasets/yoga_poses/test/cobra/guy3_cobra106.jpg,True,300,300,True,0.9999,0.2348,174.092,169.66,98.52,146.24,11.251,45.747,107.872,112.136,167.43,172.92,169.66,174.092,98.52,146.24,167.43,172.92,107.872,112.136,27.3,62.944,107.872,174.092,98.52,27.3,49.025,-49.025,1.202,8.646,25.067,21.999,-0.6557,-0.2025,0.4447,0.6513,0.370591,0.67513,-0.393607,1.0,0.376619,0.656906,-0.40916,1.0,0.381274,0.65546,-0.408435,1.0,0.38623,0.654056,-0.408781,1.0,0.368474,0.65732,-0.380784,1.0,0.367018,0.656373,-0.382178,1.0,0.365722,0.655372,-0.380678,0.9999,0.417665,0.651615,-0.412277,1.0,0.395539,0.652664,-0.294892,1.0,0.386587,0.691739,-0.392541,1.0,0.377579,0.690844,-0.357122,1.0,0.527349,0.716562,-0.394882,1.0,0.421267,0.700432,-0.187815,1.0,0.628179,0.79786,-0.394477,0.9976,0.435374,0.779497,-0.043644,0.5761,0.56828,0.900125,-0.440396,0.9969,0.40197,0.855796,-0.060676,0.9029,0.561657,0.927964,-0.491675,0.9915,0.36785,0.871694,-0.082261,0.8763,0.542602,0.920103,-0.497375,0.9923,0.370375,0.874813,-0.115047,0.8923,0.542602,0.909128,-0.443846,0.9846,0.387136,0.871287,-0.077435,0.8695,0.61864,0.825859,-0.073109,1.0,0.578742,0.807197,0.073744,0.9999,0.734635,0.778996,0.186994,0.9577,0.672835,0.744381,0.374925,0.2348,0.831304,0.727797,0.408436,0.9581,0.761316,0.706114,0.661464,0.3325,0.846581,0.709738,0.428155,0.9385,0.774516,0.695921,0.688497,0.5148,0.847041,0.756839,0.373435,0.9322,0.770763,0.722053,0.696991,0.539
bhujangasana_tf_0083,bhujangasana,,TF,test,unlabelled,,Apache-2.0,data/datasets/yoga_poses/test/cobra/guy3_cobra107.jpg,True,300,300,True,0.9997,0.4283,166.787,165.887,103.333,146.246,3.784,50.138,119.127,121.307,165.221,173.154,165.887,166.787,103.333,146.246,165.221,173.154,119.127,121.307,31.558,66.917,119.127,166.787,103.333,31.558,54.136,-54.136,4.704,7.626,25.265,17.211,-0.5859,-0.2045,0.2539,0.6005,0.365817,0.675319,-0.39092,0.9999,0.374241,0.657149,-0.403901,0.9998,0.379193,0.6555,-0.403187,0.9998,0.384811,0.653853,-0.403489,0.9997,0.365754,0.659106,-0.375956,0.9998,0.364178,0.658978,-0.377288,0.9998,0.362594,0.658694,-0.375748,0.9998,0.412402,0.65251,-0.404303,0.9997,0.392191,0.653752,-0.287037,0.9999,0.381953,0.693351,-0.38983,0.9999,0.372164,0.691817,-0.354512,0.9999,0.518376,0.716383,-0.400389,0.9998,0.418329,0.702988,-0.188349,1.0,0.618173,0.799763,-0.406587,0.9962,0.432618,0.78458,-0.081563,0.6761,0.567259,0.901675,-0.441495,0.9945,0.399538,0.85951,-0.134879,0.9173,0.557934,0.928843,-0.492168,0.9867,0.367972,0.872083,-0.16014,0.9001,0.541669,0.921308,-0.494647,0.9872,0.371528,0.877584,-0.194653,0.9114,0.541152,0.911001,-0.443828,0.9745,0.38622,0.873832,-0.154073,0.8913,0.624294,0.817469,-0.070933,0.9999,0.584838,0.798848,0.071634,0.9997,0.735456,0.783036,0.180283,0.9224,0.687757,0.742351,0.340479,0.4283,0.837666,0.723014,0.413057,0.9178,0.795931,0.714071,0.600979,0.4769,0.850293,0.701928,0.432995,0.9026,0.809901,0.702781,0.627254,0.6341,0.855229,0.739394,0.380598,0.8747,0.809363,0.727472,0.636651,0.5779
bhujangasana_tf_0084,bhujangasana,,TF,test,unlabelled,,Apache-2.0,data/datasets/yoga_poses/test/cobra/guy3_cobra108.jpg,True,300,300,True,0.9998,0.5829,176.009,173.495,105.233,142.434,1.828,46.845,122.777,126.849,167.07,175.128,173.495,176.009,105.233,142.434,167.07,175.128,122.777,126.849,37.527,66.312,122.777,176.009,105.233,37.527,56.601,-56.601,3.134,3.841,11.843,17.681,-0.5505,-0.177,0.3562,0.6351,0.358386,0.682335,-0.398466,0.9999,0.364827,0.663639,-0.412282,0.9998,0.369289,0.661999,-0.411557,0.9998,0.37397,0.660063,-0.411749,0.9998,0.356776,0.665027,-0.384622,0.9998,0.355605,0.664677,-0.385909,0.9998,0.354637,0.664244,-0.384479,0.9998,0.404994,0.65762,-0.411789,0.9998,0.381806,0.658857,-0.296665,0.9999,0.375698,0.698117,-0.396884,0.9999,0.365791,0.696588,-0.362612,1.0,0.517067,0.714847,-0.403238,0.9999,0.413134,0.707869,-0.205289,0.9999,0.61161,0.798111,-0.413084,0.9959,0.432727,0.783115,-0.072921,0.6895,0.560225,0.902825,-0.465687,0.995,0.400173,0.859917,-0.078158,0.9368,0.553319,0.929174,-0.519761,0.989,0.369151,0.872948,-0.09506,0.9278,0.532388,0.921524,-0.526108,0.9891,0.376881,0.877301,-0.127772,0.9343,0.532185,0.90943,-0.470829,0.9773,0.393099,0.873339,-0.094429,0.9188,0.629066,0.807312,-0.066422,0.9999,0.574997,0.795974,0.067049,0.9998,0.750715,0.768534,0.1812,0.9816,0.68494,0.74566,0.331397,0.5829,0.847484,0.73008,0.400628,0.9817,0.792421,0.710558,0.596375,0.6824,0.863469,0.710647,0.419726,0.9497,0.808776,0.697821,0.622915,0.7012,0.869091,0.766577,0.365702,0.9469,0.808551,0.722103,0.641356,0.6841
bhujangasana_tf_0085,bhujangasana,,TF,test,unlabelled,,Apache-2.0,data/datasets/yoga_poses/test/cobra/guy3_cobra109.jpg,True,300,300,True,0.9996,0.5902,176.298,172.67,101.837,134.74,0.269,45.031,122.394,132.869,165.689,178.353,172.67,176.298,101.837,134.74,165.689,178.353,122.394,132.869,35.992,66.37,122.394,176.298,101.837,35.992,58.337,-58.337,2.608,2.286,23.276,17.909,-0.5249,-0.1292,0.2887,0.5957,0.349678,0.689757,-0.398802,0.9997,0.35604,0.671913,-0.414408,0.9996,0.359785,0.670628,-0.413695,0.9996,0.363826,0.668985,-0.4139,0.9996,0.349547,0.67202,-0.384803,0.9996,0.348833,0.671002,-0.38606,0.9996,0.348311,0.669989,-0.384562,0.9996,0.394584,0.663253,-0.422214,0.9996,0.377073,0.662746,-0.297887,0.9998,0.365603,0.703301,-0.40004,0.9998,0.356736,0.703301,-0.363267,0.9999,0.508783,0.713986,-0.409906,0.9998,0.406531,0.709904,-0.211006,0.9999,0.612223,0.800674,-0.423363,0.996,0.435175,0.789933,-0.082509,0.5902,0.55717,0.903658,-0.479339,0.9948,0.402252,0.858752,-0.092172,0.8876,0.548351,0.930547,-0.533572,0.9897,0.369548,0.870386,-0.111368,0.887,0.528569,0.921893,-0.539091,0.9896,0.377989,0.875197,-0.142442,0.8946,0.528761,0.91116,-0.48405,0.9772,0.395579,0.872025,-0.10845,0.872,0.626876,0.812015,-0.071161,0.9999,0.580864,0.792222,0.07169,0.9996,0.742985,0.774492,0.183482,0.9817,0.683052,0.751236,0.329945,0.6049,0.848872,0.732543,0.395177,0.9846,0.800697,0.720755,0.593209,0.6975,0.865151,0.717315,0.413386,0.954,0.814265,0.7032,0.619721,0.7272,0.872509,0.768357,0.36273,0.9447,0.812078,0.72896,0.639454,0.6848
bhujangasana_tf_0086,bhujangasana,,TF,test,unlabelled,,Apache-2.0,data/datasets/yoga_poses/test/cobra/guy3_cobra110.jpg,True,300,300,True,0.9994,0.4559,171.837,177.839,99.801,122.084,2.237,32.603,130.638,138.631,166.136,177.818,171.837,177.839,99.801,122.084,166.136,177.818,130.638,138.631,40.828,63.848,130.638,171.837,99.801,40.828,61.081,-61.081,3.903,5.409,20.708,14.054,-0.4836,-0.1387,0.2988,0.5945,0.344448,0.689268,-0.384718,0.9998,0.349589,0.670324,-0.397808,0.9997,0.353008,0.669391,-0.397089,0.9997,0.35679,0.668105,-0.397106,0.9997,0.344206,0.669979,-0.36795,0.9998,0.344002,0.669012,-0.369047,0.9998,0.344067,0.667896,-0.367958,0.9998,0.387566,0.662919,-0.402275,0.9997,0.371512,0.66181,-0.277938,0.9998,0.36067,0.704457,-0.384959,0.9998,0.353352,0.702489,-0.348183,0.9999,0.510185,0.718285,-0.396148,0.9997,0.407166,0.708531,-0.194226,0.9999,0.611143,0.795879,-0.426319,0.9967,0.450142,0.773641,-0.076033,0.7299,0.555462,0.901737,-0.490243,0.9962,0.412773,0.855683,-0.091525,0.9472,0.545477,0.928922,-0.543427,0.9925,0.384427,0.871357,-0.11031,0.9444,0.525863,0.92117,-0.54782,0.9924,0.391869,0.875621,-0.142604,0.9488,0.526489,0.910486,-0.495499,0.9838,0.402078,0.87223,-0.108148,0.942,0.634866,0.80659,-0.074183,0.9998,0.587188,0.788566,0.075098,0.9994,0.743367,0.779429,0.164518,0.9223,0.692276,0.755634,0.335931,0.4559,0.85127,0.735357,0.391309,0.9502,0.802858,0.716341,0.602171,0.5501,0.865431,0.715553,0.410271,0.9022,0.813564,0.705878,0.629171,0.6598,0.882428,0.766755,0.351935,0.8992,0.821143,0.736767,0.639277,0.5996
bhujangasana_tf_0087,bhujangasana,,TF,test,unlabelled,,Apache-2.0,data/datasets/yoga_poses/test/cobra/guy3_cobra111.jpg,True,300,300,True,0.9995,0.5232,179.565,176.48,99.483,120.733,1.739,34.41,128.682,144.517,164.229,175.843,176.48,179.565,99.483,120.733,164.229,175.843,128.682,144.517,40.121,64.188,128.682,179.565,99.483,40.121,62.841,-62.841,7.265,3.98,23.422,13.828,-0.4565,-0.1338,0.2804,0.5996,0.339566,0.69196,-0.380497,0.9998,0.347276,0.67185,-0.392661,0.9998,0.35125,0.670224,-0.392012,0.9998,0.355671,0.668342,-0.39204,0.9997,0.340832,0.673179,-0.363231,0.9998,0.340185,0.672584,-0.364483,0.9998,0.339908,0.671781,-0.3631,0.9998,0.383877,0.664187,-0.394088,0.9997,0.366594,0.66572,-0.270741,0.9999,0.354751,0.706829,-0.380532,0.9998,0.345983,0.705972,-0.344077,0.9999,0.501834,0.719232,-0.391877,0.9996,0.396328,0.711891,-0.18225,0.9999,0.604314,0.793269,-0.416857,0.995,0.443332,0.781748,-0.076878,0.6663,0.552354,0.898109,-0.481046,0.994,0.406985,0.858528,-0.096944,0.9178,0.542828,0.926622,-0.534717,0.9883,0.375963,0.871575,-0.114986,0.907,0.522174,0.91885,-0.534982,0.9882,0.381815,0.874693,-0.148894,0.9145,0.523499,0.908323,-0.484203,0.9748,0.395626,0.873137,-0.114563,0.8984,0.631778,0.807235,-0.078207,0.9998,0.580277,0.784926,0.078829,0.9995,0.740841,0.773452,0.150451,0.9574,0.695405,0.756588,0.332215,0.5232,0.852085,0.739916,0.369684,0.971,0.805959,0.722052,0.594887,0.6835,0.867221,0.718842,0.388798,0.9411,0.820374,0.70384,0.621806,0.7547,0.886643,0.763559,0.332903,0.9334,0.829299,0.729082,0.629166,0.6973
bhujangasana_tf_0088,bhujangasana,,TF,test,unlabelled,,Apache-2.0,data/datasets/yoga_poses/test/cobra/guy3_cobra112.jpg,True,300,300,True,0.999,0.4551,176.698,179.148,93.842,122.253,0.629,31.563,134.669,145.268,161.628,169.229,176.698,179.148,93.842,122.253,161.628,169.229,134.669,145.268,41.337,59.126,134.669,176.698,93.842,41.337,65.495,-65.495,8.925,6.891,24.35,14.629,-0.4148,-0.1035,0.2367,0.5808,0.328431,0.701821,-0.352031,0.9998,0.336639,0.680829,-0.368716,0.9997,0.34081,0.679453,-0.368205,0.9997,0.345223,0.677804,-0.368089,0.9996,0.330448,0.681059,-0.337457,0.9997,0.330599,0.679939,-0.338655,0.9998,0.331185,0.678506,-0.337067,0.9998,0.375338,0.67135,-0.379718,0.9995,0.359549,0.669959,-0.249986,0.9997,0.346256,0.716355,-0.354069,0.9997,0.337531,0.715183,-0.315519,0.9998,0.496759,0.727335,-0.376516,0.999,0.390381,0.714478,-0.152526,0.9999,0.605652,0.792559,-0.379933,0.9905,0.443511,0.781669,-0.043336,0.5407,0.552772,0.895993,-0.412488,0.9864,0.417309,0.856025,-0.070594,0.8276,0.541049,0.924192,-0.462313,0.9753,0.385542,0.870114,-0.09031,0.8121,0.521584,0.915203,-0.459872,0.9751,0.388136,0.872992,-0.123953,0.8257,0.522829,0.905902,-0.413233,0.952,0.402704,0.871027,-0.087169,0.7937,0.635006,0.808091,-0.079819,0.9996,0.587878,0.786762,0.080457,0.9991,0.751062,0.776907,0.150346,0.9186,0.712838,0.754144,0.329279,0.4551,0.859509,0.740953,0.366722,0.9447,0.818964,0.72475,0.577547,0.6363,0.874284,0.721332,0.386544,0.9074,0.833966,0.70727,0.602622,0.6995,0.883127,0.775128,0.341001,0.8861,0.846751,0.760718,0.607909,0.6704
bhujangasana_tf_0089,bhujangasana,,TF,test,unlabelled,,Apache-2.0,data/datasets/yoga_poses/test/cobra/guy3_cobra113.jpg,True,300,300,True,0.9989,0.4485,176.874,178.171,91.316,119.77,2.914,29.687,137.022,144.084,163.833,168.037,176.874,178.171,91.316,119.77,163.833,168.037,137.022,144.084,45.612,57.853,137.022,176.874,91.316,45.612,66.334,-66.334,7.395,9.288,23.669,14.757,-0.4014,-0.1076,0.2607,0.5556,0.324335,0.700888,-0.322337,0.9999,0.332888,0.681507,-0.339903,0.9998,0.336769,0.680088,-0.339422,0.9998,0.340728,0.678327,-0.339217,0.9998,0.327558,0.681815,-0.307319,0.9998,0.327991,0.680643,-0.308446,0.9999,0.328777,0.6791,-0.306885,0.9999,0.368932,0.672452,-0.351984,0.9997,0.355539,0.670312,-0.217525,0.9998,0.342583,0.7162,-0.324727,0.9998,0.334582,0.714657,-0.284689,0.9999,0.497815,0.730037,-0.351836,0.9994,0.392953,0.712888,-0.120456,0.9999,0.605896,0.795325,-0.339467,0.9899,0.448442,0.778716,-0.009233,0.4485,0.546689,0.898627,-0.355097,0.986,0.422132,0.850605,-0.037981,0.7544,0.5309,0.924179,-0.403861,0.9755,0.390732,0.863059,-0.057188,0.7459,0.513251,0.915269,-0.399387,0.9752,0.392832,0.86745,-0.091612,0.7611,0.515427,0.907349,-0.35409,0.9528,0.407942,0.866745,-0.054691,0.726,0.64419,0.808591,-0.081808,0.9996,0.596923,0.787873,0.082678,0.9989,0.768454,0.775858,0.148884,0.9571,0.722828,0.752408,0.33255,0.5141,0.869747,0.743174,0.360848,0.9702,0.822328,0.727779,0.575217,0.6889,0.886262,0.723934,0.380512,0.9218,0.840283,0.709988,0.599013,0.703,0.89366,0.779166,0.333279,0.9193,0.850513,0.758123,0.604835,0.7101
bhujangasana_tf_0090,bhujangasana,,TF,test,unlabelled,,Apache-2.0,data/datasets/yoga_poses/test/cobra/guy3_cobra114.jpg,True,300,300,True,0.9989,0.4619,179.143,177.852,93.432,114.309,3.559,26.95,138.811,145.812,161.66,167.131,177.852,179.143,93.432,114.309,161.66,167.131,138.811,145.812,44.943,56.414,138.811,179.143,93.432,44.943,66.668,-66.668,6.189,8.122,15.167,13.471,-0.3961,-0.0911,0.1976,0.5347,0.320141,0.703433,-0.305594,0.9999,0.327409,0.683331,-0.324001,0.9999,0.331426,0.681825,-0.323514,0.9999,0.335923,0.679993,-0.323253,0.9999,0.321547,0.683853,-0.290821,0.9999,0.321514,0.682991,-0.291986,0.9999,0.321857,0.681796,-0.290378,0.9999,0.365773,0.675083,-0.338425,0.9998,0.349321,0.674558,-0.201293,0.9999,0.338697,0.719201,-0.308785,0.9999,0.330625,0.718246,-0.268045,0.9999,0.492267,0.728932,-0.341841,0.9998,0.387554,0.713988,-0.100837,0.9999,0.60313,0.793652,-0.322316,0.9943,0.449872,0.782394,0.018263,0.4619,0.549107,0.900395,-0.336494,0.9921,0.419337,0.853101,-0.006376,0.7804,0.536404,0.928191,-0.384774,0.9853,0.388503,0.864026,-0.023652,0.7667,0.516475,0.918832,-0.38188,0.9852,0.393796,0.86997,-0.057778,0.7809,0.518975,0.910507,-0.335263,0.9716,0.404241,0.869482,-0.023182,0.7482,0.646554,0.806586,-0.083323,0.9997,0.596578,0.793039,0.084205,0.9989,0.769999,0.774725,0.135949,0.9705,0.721436,0.763129,0.322687,0.5863,0.875267,0.74587,0.341971,0.9804,0.836613,0.740066,0.553782,0.7547,0.891573,0.724031,0.36101,0.9433,0.851429,0.714844,0.575867,0.7449,0.904023,0.787248,0.310505,0.9466,0.859501,0.763317,0.57896,0.7783
bhujangasana_tf_0091,bhujangasana,,TF,test,unlabelled,,Apache-2.0,data/datasets/yoga_poses/test/cobra/guy3_cobra115.jpg,True,300,300,True,0.9983,0.3927,179.847,176.088,87.325,116.62,1.814,25.812,141.847,145.167,158.677,164.146,176.088,179.847,87.325,116.62,158.677,164.146,141.847,145.167,44.72,54.605,141.847,179.847,87.325,44.72,68.486,-68.486,8.565,8.034,13.31,14.196,-0.3667,-0.0872,0.2413,0.4901,0.311425,0.70917,-0.298082,0.9999,0.320436,0.68942,-0.316878,0.9999,0.324874,0.687936,-0.316464,0.9999,0.329819,0.686154,-0.316054,0.9999,0.31525,0.688977,-0.283404,0.9999,0.315764,0.687442,-0.284518,0.9999,0.316687,0.685489,-0.282962,0.9999,0.358167,0.680224,-0.329875,0.9998,0.342336,0.677836,-0.192104,0.9999,0.330259,0.724298,-0.300362,0.9999,0.322347,0.722449,-0.259288,0.9999,0.480855,0.733438,-0.330061,0.9996,0.383887,0.719751,-0.091546,0.9999,0.601594,0.79173,-0.2913,0.9927,0.445459,0.782088,0.032275,0.3927,0.544645,0.896856,-0.277743,0.9857,0.421583,0.852492,0.009567,0.7048,0.529124,0.922791,-0.320178,0.9748,0.392335,0.861568,-0.007996,0.7072,0.510417,0.91435,-0.315096,0.9754,0.39699,0.866052,-0.04256,0.7313,0.512964,0.907243,-0.274742,0.9583,0.410236,0.865872,-0.007554,0.7028,0.644161,0.805998,-0.083544,0.9994,0.592338,0.793738,0.084609,0.9983,0.773682,0.773234,0.126888,0.9694,0.728107,0.756619,0.311075,0.5831,0.879881,0.74667,0.314808,0.9786,0.832979,0.735514,0.518473,0.7508,0.894327,0.725371,0.333097,0.9443,0.858701,0.716348,0.538446,0.7379,0.902754,0.788148,0.287092,0.9443,0.866737,0.758801,0.541401,0.7711
bhujangasana_tf_0092,bhujangasana,,TF,test,unlabelled,,Apache-2.0,data/datasets/yoga_poses/test/cobra/guy3_cobra116.jpg,True,300,300,True,0.9982,0.4105,177.585,178.882,85.281,112.717,1.278,21.689,140.944,148.008,159.009,161.988,177.585,178.882,85.281,112.717,159.009,161.988,140.944,148.008,43.47,52.832,140.944,177.585,85.281,43.47,67.994,-67.994,5.986,7.955,20.167,12.837,-0.3747,-0.0731,0.2201,0.4885,0.30827,0.712953,-0.312598,0.9999,0.316879,0.693311,-0.332757,0.9998,0.320733,0.691911,-0.33235,0.9998,0.325308,0.690241,-0.331976,0.9998,0.311687,0.692775,-0.299663,0.9999,0.312074,0.691195,-0.300822,0.9999,0.312862,0.689275,-0.299168,0.9999,0.353143,0.684247,-0.347733,0.9997,0.338402,0.681706,-0.210764,0.9999,0.325893,0.72672,-0.314856,0.9999,0.317082,0.725376,-0.274287,0.9999,0.477089,0.734059,-0.341175,0.9995,0.381549,0.720708,-0.109031,0.9999,0.598178,0.788632,-0.295364,0.9925,0.446905,0.77721,0.037529,0.4105,0.539014,0.895456,-0.270626,0.9862,0.423333,0.849214,0.037223,0.7475,0.522882,0.919425,-0.309191,0.9772,0.394044,0.857098,0.023379,0.7737,0.505379,0.911577,-0.304285,0.9781,0.397421,0.860989,-0.010706,0.7939,0.508516,0.904378,-0.267031,0.9628,0.411028,0.860568,0.021519,0.7643,0.636514,0.810234,-0.084824,0.9994,0.588316,0.792531,0.085753,0.9982,0.762982,0.779832,0.12177,0.9691,0.725195,0.76134,0.308336,0.6291,0.878877,0.746748,0.306903,0.9816,0.836235,0.738306,0.513252,0.7743,0.896419,0.721225,0.325556,0.9596,0.86529,0.71332,0.533768,0.7656,0.904611,0.785712,0.288999,0.9503,0.86772,0.759825,0.545439,0.7827
bhujangasana_tf_0093,bhujangasana,,TF,test,unlabelled,,Apache-2.0,data/datasets/yoga_poses/test/cobra/guy3_cobra117.jpg,True,300,300,True,0.9982,0.3682,172.563,179.403,83.329,108.265,0.097,24.033,146.758,148.356,156.734,166.209,172.563,179.403,83.329,108.265,156.734,166.209,146.758,148.356,44.614,56.909,146.758,172.563,83.329,44.614,69.403,-69.403,6.522,12.598,18.577,11.122,-0.3518,-0.0746,0.1941,0.415,0.305951,0.71395,-0.293679,1.0,0.313433,0.694724,-0.313416,0.9999,0.317215,0.693553,-0.312995,0.9999,0.321187,0.691922,-0.31257,0.9999,0.308753,0.694133,-0.278916,0.9999,0.309288,0.692679,-0.280036,0.9999,0.310231,0.690835,-0.278474,0.9999,0.350299,0.686938,-0.329339,0.9999,0.337373,0.683292,-0.187697,1.0,0.322624,0.729059,-0.297033,1.0,0.315523,0.72688,-0.255017,1.0,0.471076,0.738372,-0.329221,0.9998,0.38857,0.719933,-0.08524,0.9999,0.594401,0.788743,-0.278001,0.9942,0.449623,0.777533,0.060925,0.3682,0.537261,0.892302,-0.239852,0.988,0.418855,0.843312,0.065812,0.6798,0.522545,0.916371,-0.2769,0.9787,0.388765,0.852824,0.05276,0.7084,0.506282,0.908597,-0.272888,0.9797,0.389733,0.857419,0.020241,0.7348,0.508414,0.900525,-0.236152,0.9665,0.401978,0.854981,0.050267,0.7059,0.644708,0.808949,-0.085203,0.9994,0.596356,0.792698,0.086184,0.9982,0.76638,0.785029,0.120479,0.9713,0.731498,0.763124,0.306719,0.655,0.877495,0.747724,0.303983,0.9814,0.83856,0.740862,0.508951,0.7963,0.896149,0.723787,0.322189,0.9611,0.861974,0.720181,0.528401,0.7795,0.905599,0.791686,0.283642,0.9577,0.870751,0.767552,0.53557,0.8235
bhujangasana_tf_0094,bhujangasana,,TF,test,unlabelled,,Apache-2.0,data/datasets/yoga_poses/test/cobra/guy3_cobra118.jpg,True,300,300,True,0.9957,0.3317,176.057,179.481,79.101,105.865,1.489,25.406,147.948,149.966,152.691,168.591,176.057,179.481,79.101,105.865,152.691,168.591,147.948,149.966,42.898,60.885,147.948,176.057,79.101,42.898,71.326,-71.326,7.916,19.297,29.533,12.26,-0.3202,-0.0608,0.1812,0.3523,0.30366,0.719189,-0.283966,0.9999,0.30935,0.701309,-0.304291,0.9998,0.312648,0.699779,-0.303917,0.9998,0.316317,0.697816,-0.303489,0.9998,0.305795,0.70053,-0.269294,0.9998,0.306615,0.698704,-0.270467,0.9999,0.307867,0.696362,-0.268873,0.9998,0.343963,0.69005,-0.323182,0.9997,0.334984,0.686517,-0.180598,0.9999,0.320977,0.73271,-0.288135,0.9999,0.314611,0.730388,-0.245925,0.9999,0.461708,0.744213,-0.320268,0.9994,0.391819,0.719742,-0.078502,0.9998,0.593777,0.787898,-0.27931,0.9938,0.450781,0.774939,0.076778,0.3317,0.536852,0.889743,-0.244499,0.9858,0.416423,0.841662,0.101968,0.6455,0.521126,0.912566,-0.27952,0.9736,0.386958,0.84862,0.091837,0.6867,0.50652,0.905026,-0.27713,0.9753,0.386088,0.853565,0.06235,0.7151,0.510061,0.897468,-0.241517,0.9606,0.399584,0.851401,0.088854,0.6875,0.645344,0.810298,-0.086437,0.9983,0.606448,0.788262,0.087364,0.9957,0.771625,0.782856,0.115316,0.9718,0.739042,0.759283,0.291356,0.687,0.891348,0.748066,0.293168,0.9823,0.856611,0.73247,0.485343,0.8151,0.911154,0.724746,0.309718,0.9677,0.87693,0.712077,0.50403,0.8024,0.910653,0.788656,0.272194,0.9634,0.883324,0.761966,0.509378,0.8653
bhujangasana_tf_0095,bhujangasana,,TF,test,unlabelled,,Apache-2.0,data/datasets/yoga_poses/test/cobra/guy3_cobra119.jpg,True,300,300,True,0.9941,0.3047,177.225,179.555,76.886,107.406,0.739,26.563,147.498,152.988,152.545,169.953,177.225,179.555,76.886,107.406,152.545,169.953,147.498,152.988,45.28,63.914,147.498,177.225,76.886,45.28,73.386,-73.386,5.611,24.505,34.083,10.974,-0.2859,-0.032,0.1817,0.3438,0.295869,0.720876,-0.275647,0.9999,0.300936,0.703293,-0.296714,0.9999,0.304647,0.702334,-0.29647,0.9999,0.308816,0.70091,-0.296025,0.9999,0.297066,0.701444,-0.262406,0.9999,0.297931,0.699534,-0.263665,0.9999,0.299311,0.697152,-0.262031,0.9999,0.339289,0.693348,-0.31582,0.9998,0.326435,0.687517,-0.176475,0.9999,0.314633,0.734887,-0.27912,0.9999,0.309232,0.731532,-0.237697,0.9999,0.460317,0.744175,-0.309608,0.9997,0.389786,0.712025,-0.078668,0.9997,0.591904,0.783217,-0.279635,0.9931,0.446537,0.764213,0.091172,0.3047,0.533726,0.885466,-0.269573,0.9877,0.412029,0.837564,0.143442,0.6044,0.519081,0.907987,-0.305456,0.9764,0.383801,0.844828,0.136276,0.6419,0.503781,0.90023,-0.306414,0.9779,0.385096,0.848139,0.107472,0.6692,0.506053,0.891662,-0.268838,0.9634,0.398637,0.846231,0.132049,0.646,0.662436,0.806993,-0.083378,0.9982,0.619805,0.778148,0.084373,0.9941,0.78542,0.773494,0.14095,0.9424,0.745134,0.753847,0.30706,0.4919,0.893291,0.749654,0.324661,0.9664,0.856639,0.731326,0.525645,0.663,0.912646,0.727324,0.342224,0.9584,0.877116,0.709818,0.546798,0.7083,0.917961,0.791641,0.30516,0.938,0.878695,0.758818,0.546907,0.7792
bhujangasana_tf_0096,bhujangasana,,TF,test,unlabelled,,Apache-2.0,data/datasets/yoga_poses/test/cobra/guy3_cobra120.jpg,True,300,300,True,0.9948,0.3474,176.011,175.564,81.569,103.139,3.061,18.181,146.582,153.168,151.054,164.305,175.564,176.011,81.569,103.139,151.054,164.305,146.582,153.168,40.067,58.082,146.582,176.011,81.569,40.067,71.526,-71.526,2.628,5.906,20.404,10.608,-0.3169,-0.0178,0.207,0.3459,0.298,0.721082,-0.279489,0.9999,0.301965,0.703502,-0.303022,0.9999,0.30563,0.702393,-0.302759,0.9999,0.309502,0.700688,-0.302274,0.9998,0.297533,0.702126,-0.26804,0.9999,0.297994,0.700359,-0.269242,0.9999,0.298898,0.698101,-0.267668,0.9999,0.338475,0.693227,-0.325424,0.9998,0.325517,0.688829,-0.182088,0.9999,0.317151,0.734521,-0.283841,0.9999,0.31157,0.732339,-0.241124,0.9999,0.458333,0.728989,-0.315296,0.9997,0.381916,0.721084,-0.084223,0.9997,0.59272,0.772462,-0.280408,0.9944,0.4441,0.76367,0.089113,0.3474,0.540581,0.877696,-0.266388,0.9881,0.414937,0.838602,0.136252,0.6774,0.522918,0.901247,-0.300821,0.9771,0.386485,0.846457,0.125108,0.7081,0.505756,0.895303,-0.301549,0.9787,0.389368,0.848946,0.095625,0.7337,0.507505,0.887427,-0.26473,0.9653,0.40313,0.8468,0.123753,0.7075,0.654449,0.804219,-0.084507,0.9986,0.607106,0.786608,0.085509,0.9948,0.782891,0.775906,0.135194,0.9654,0.742119,0.761321,0.30875,0.5656,0.892408,0.743632,0.314356,0.9802,0.847688,0.732948,0.517552,0.7249,0.911997,0.719222,0.331654,0.9593,0.872496,0.709074,0.537154,0.7294,0.924667,0.790725,0.289786,0.9533,0.878635,0.758177,0.537025,0.8029
bhujangasana_tf_0097,bhujangasana,,TF,test,unlabelled,,Apache-2.0,data/datasets/yoga_poses/test/cobra/guy3_cobra121.jpg,True,300,300,True,0.9881,0.3456,176.249,179.178,75.442,96.609,2.422,16.358,148.384,154.521,150.441,162.799,176.249,179.178,75.442,96.609,150.441,162.799,148.384,154.521,42.739,58.247,148.384,176.249,75.442,42.739,73.985,-73.985,5.505,11.557,23.809,10.926,-0.2759,-0.0234,0.1789,0.346,0.293727,0.721059,-0.288607,0.9999,0.296568,0.704317,-0.311981,0.9998,0.300266,0.70318,-0.311782,0.9998,0.304267,0.701494,-0.311245,0.9998,0.292188,0.702823,-0.276804,0.9999,0.29267,0.700995,-0.277996,0.9999,0.293623,0.698597,-0.276379,0.9999,0.334,0.692694,-0.332465,0.9997,0.322227,0.688291,-0.188632,0.9999,0.312479,0.733553,-0.292034,0.9999,0.30885,0.732523,-0.249083,0.9999,0.457682,0.734267,-0.317752,0.9993,0.380595,0.718504,-0.093082,0.9996,0.596197,0.772107,-0.275864,0.9932,0.451251,0.760809,0.084031,0.3456,0.53734,0.874723,-0.251368,0.9854,0.417102,0.836434,0.135878,0.6773,0.517862,0.897853,-0.281828,0.9723,0.386983,0.843856,0.126288,0.7199,0.499958,0.891221,-0.281793,0.9741,0.38953,0.846187,0.096365,0.7459,0.502052,0.883963,-0.248907,0.9584,0.402093,0.843543,0.123989,0.7177,0.659006,0.798524,-0.083779,0.9964,0.616367,0.779709,0.084767,0.9881,0.790751,0.765886,0.139347,0.9654,0.756435,0.75267,0.303762,0.5746,0.905685,0.745283,0.31608,0.9798,0.866902,0.732984,0.505932,0.735,0.926241,0.723004,0.333003,0.9586,0.889661,0.712528,0.525071,0.7287,0.931142,0.789504,0.294662,0.9469,0.889468,0.757714,0.527298,0.8
bhujangasana_tf_0098,bhujangasana,,TF,test,unlabelled,,Apache-2.0,data/datasets/yoga_poses/test/cobra/guy3_cobra122.jpg,True,300,300,True,0.9901,0.3077,173.365,179.835,71.073,96.697,4.305,12.414,149.611,155.674,148.282,163.449,173.365,179.835,71.073,96.697,148.282,163.449,149.611,155.674,42.223,59.323,149.611,173.365,71.073,42.223,74.958,-74.958,8.243,18.389,28.475,10.2,-0.2595,-0.055,0.2359,0.3243,0.288969,0.716273,-0.282377,0.9999,0.293186,0.7006,-0.304794,0.9999,0.297022,0.699891,-0.304581,0.9999,0.301096,0.698659,-0.304075,0.9999,0.289037,0.698337,-0.271376,0.9999,0.289844,0.696414,-0.272603,0.9999,0.291164,0.693964,-0.270917,0.9999,0.330246,0.691245,-0.325602,0.9998,0.318612,0.685487,-0.18913,0.9999,0.307898,0.729674,-0.286073,0.9999,0.304001,0.727229,-0.245361,1.0,0.451907,0.739879,-0.312701,0.9996,0.38347,0.717127,-0.09218,0.9996,0.594378,0.769523,-0.267584,0.9915,0.445669,0.748193,0.083199,0.3077,0.533572,0.87201,-0.242827,0.9829,0.416623,0.828682,0.138222,0.6277,0.513902,0.89413,-0.273836,0.9681,0.386487,0.837468,0.129477,0.6708,0.498476,0.887101,-0.27192,0.9702,0.388698,0.839335,0.098945,0.6984,0.501843,0.880063,-0.240113,0.9526,0.400146,0.836678,0.126099,0.6702,0.654599,0.798225,-0.08411,0.9973,0.610351,0.774225,0.085127,0.9901,0.789916,0.763658,0.138693,0.96,0.753412,0.748485,0.307117,0.5186,0.908829,0.747591,0.312017,0.973,0.859505,0.729711,0.511393,0.6918,0.926293,0.726493,0.329092,0.9506,0.882459,0.712789,0.530831,0.7061,0.925625,0.787016,0.293308,0.9366,0.884438,0.75696,0.534086,0.7762
bhujangasana_tf_0099,bhujangasana,,TF,test,unlabelled,,Apache-2.0,data/datasets/yoga_poses/test/cobra/guy3_cobra123.jpg,True,300,300,True,0.9932,0.2633,177.773,174.983,70.906,95.255,4.356,17.049,152.835,156.865,146.803,162.223,174.983,177.773,70.906,95.255,146.803,162.223,152.835,156.865,41.982,59.044,152.835,177.773,70.906,41.982,76.044,-76.044,7.989,18.265,27.719,9.956,-0.2412,-0.0366,0.2619,0.3247,0.28738,0.717793,-0.271178,0.9999,0.290306,0.701722,-0.293934,0.9999,0.293771,0.700579,-0.293693,0.9999,0.29757,0.698873,-0.293252,0.9999,0.286589,0.700223,-0.260648,0.9999,0.287241,0.698464,-0.26187,0.9999,0.288361,0.696136,-0.26025,0.9999,0.325427,0.69056,-0.315152,0.9999,0.314078,0.685995,-0.179192,0.9999,0.306959,0.730256,-0.274938,1.0,0.302894,0.728099,-0.234497,1.0,0.447864,0.737379,-0.306163,0.9998,0.378816,0.714591,-0.079864,0.9997,0.58783,0.763235,-0.265386,0.9915,0.447022,0.754333,0.092577,0.2633,0.530695,0.863975,-0.246484,0.9844,0.414173,0.824867,0.153078,0.5518,0.511697,0.884355,-0.280538,0.9718,0.38371,0.833972,0.145146,0.5997,0.49871,0.878189,-0.279785,0.9739,0.386277,0.83479,0.115505,0.6296,0.501147,0.871137,-0.244712,0.958,0.401392,0.832375,0.141082,0.6042,0.652713,0.791586,-0.082575,0.9984,0.60856,0.768387,0.083606,0.9932,0.786725,0.76226,0.13818,0.9433,0.741274,0.74509,0.311672,0.4686,0.898259,0.742361,0.313797,0.9663,0.845263,0.717278,0.53173,0.6401,0.916299,0.723774,0.331419,0.9447,0.867403,0.700322,0.552728,0.6848,0.923843,0.776109,0.293129,0.9347,0.850786,0.748474,0.554077,0.7613
bhujangasana_tf_0100,bhujangasana,,TF,test,unlabelled,,Apache-2.0,data/datasets/yoga_poses/test/cobra/guy3_cobra124.jpg,True,300,300,True,0.9955,0.2097,176.018,173.348,70.787,101.901,5.06,11.901,153.31,157.214,142.762,161.225,173.348,176.018,70.787,101.901,142.762,161.225,153.31,157.214,39.716,57.469,153.31,176.018,70.787,39.716,76.587,-76.587,6.004,31.075,33.432,9.031,-0.232,-0.0256,0.2446,0.2811,0.280693,0.713768,-0.249795,0.9999,0.283654,0.69926,-0.270936,0.9999,0.287131,0.698383,-0.270629,0.9999,0.290875,0.697006,-0.270378,0.9999,0.280479,0.697237,-0.238306,0.9998,0.28147,0.695281,-0.239598,0.9998,0.282895,0.692886,-0.237995,0.9999,0.318015,0.689279,-0.296664,0.9998,0.309444,0.682777,-0.163023,0.9999,0.300912,0.726903,-0.256021,0.9999,0.297625,0.724655,-0.216432,0.9999,0.436689,0.736274,-0.3005,0.9998,0.381489,0.703008,-0.063657,0.9996,0.579469,0.756306,-0.277579,0.9879,0.440388,0.7313,0.104961,0.2097,0.528015,0.856427,-0.279535,0.9797,0.419756,0.81558,0.177288,0.474,0.509896,0.877418,-0.317718,0.9633,0.387085,0.824826,0.175735,0.5144,0.495697,0.870653,-0.314804,0.9652,0.387133,0.826436,0.145574,0.5435,0.497891,0.864102,-0.278396,0.9422,0.401978,0.824475,0.165362,0.5262,0.652461,0.786271,-0.08313,0.9987,0.611709,0.759367,0.083962,0.9955,0.788217,0.753317,0.141695,0.9144,0.746384,0.737963,0.313619,0.4139,0.903624,0.733668,0.325485,0.9409,0.853896,0.707779,0.546222,0.5622,0.922649,0.712261,0.342302,0.9239,0.87298,0.689752,0.568149,0.6593,0.927338,0.772429,0.29571,0.9245,0.88324,0.741859,0.561231,0.7562
bhujangasana_tf_0101,bhujangasana,,TF,test,unlabelled,,Apache-2.0,data/datasets/yoga_poses/test/cobra/guy3_cobra125.jpg,True,300,300,True,0.9959,0.2008,178.865,172.617,67.308,91.153,4.502,8.648,156.997,160.076,144.794,162.373,172.617,178.865,67.308,91.153,144.794,162.373,156.997,160.076,42.366,59.129,156.997,178.865,67.308,42.366,77.142,-77.142,5.679,27.971,31.924,6.679,-0.2225,-0.0218,0.2368,0.3276,0.277206,0.710449,-0.292954,1.0,0.281609,0.696266,-0.312548,0.9999,0.285012,0.695405,-0.312248,0.9999,0.288628,0.694107,-0.311965,0.9999,0.278354,0.694001,-0.279951,0.9999,0.279345,0.691946,-0.281263,0.9999,0.280653,0.689531,-0.279612,0.9999,0.316246,0.685602,-0.330629,0.9999,0.305695,0.679153,-0.197479,1.0,0.296334,0.723484,-0.29611,1.0,0.292037,0.720315,-0.257196,1.0,0.439879,0.731706,-0.323574,0.9998,0.377531,0.698596,-0.089384,0.9997,0.578311,0.750978,-0.274721,0.9873,0.441892,0.72446,0.089756,0.2008,0.521367,0.847196,-0.233999,0.9759,0.411365,0.80508,0.167137,0.4653,0.503831,0.867372,-0.267605,0.9557,0.380071,0.814438,0.163381,0.5293,0.490905,0.861684,-0.263593,0.9586,0.381021,0.816447,0.132539,0.5631,0.493105,0.854351,-0.231394,0.9367,0.395313,0.814276,0.154635,0.5435,0.638694,0.775517,-0.084161,0.9987,0.598836,0.750685,0.085033,0.9959,0.783333,0.748511,0.120531,0.9174,0.751969,0.732752,0.294185,0.4737,0.905924,0.728127,0.289782,0.9341,0.860123,0.705662,0.506826,0.5986,0.924793,0.70487,0.305839,0.9224,0.883877,0.689476,0.527286,0.6536,0.924853,0.770704,0.264072,0.9192,0.884644,0.740787,0.521677,0.7697
bhujangasana_tf_0102,bhujangasana,,TF,test,unlabelled,,Apache-2.0,data/datasets/yoga_poses/test/cobra/guy3_cobra126.jpg,True,300,300,True,0.9937,0.203,179.789,171.48,66.585,81.579,4.563,4.727,158.563,162.05,143.825,159.893,171.48,179.789,66.585,81.579,143.825,159.893,158.563,162.05,41.727,58.453,158.563,179.789,66.585,41.727,78.248,-78.248,6.261,19.412,26.69,6.51,-0.2037,-0.0159,0.2468,0.2946,0.275068,0.705565,-0.269025,0.9999,0.277689,0.69018,-0.28957,0.9999,0.280879,0.689088,-0.289284,0.9999,0.284473,0.687446,-0.289017,0.9999,0.274916,0.688939,-0.255885,0.9999,0.275759,0.687316,-0.257184,0.9999,0.276879,0.685115,-0.255659,0.9999,0.310381,0.679166,-0.31107,0.9999,0.30005,0.675159,-0.173445,0.9999,0.294595,0.718023,-0.273533,1.0,0.291016,0.715752,-0.232906,1.0,0.435237,0.7203,-0.305121,0.9998,0.372142,0.698065,-0.070001,0.9996,0.575883,0.738902,-0.263207,0.988,0.445004,0.719188,0.092725,0.203,0.51864,0.834359,-0.234086,0.9783,0.408822,0.798261,0.158431,0.4708,0.499194,0.851573,-0.269109,0.9577,0.378993,0.808541,0.153422,0.5235,0.485481,0.8466,-0.264445,0.9614,0.379831,0.810963,0.123378,0.5584,0.488871,0.840988,-0.231221,0.9418,0.388965,0.808547,0.145841,0.5378,0.64599,0.765472,-0.084004,0.9979,0.606071,0.745404,0.084958,0.9937,0.788751,0.741993,0.117997,0.9389,0.753363,0.728596,0.290361,0.4862,0.910567,0.72242,0.28435,0.9443,0.859118,0.7002,0.502221,0.6156,0.928936,0.69743,0.299872,0.9398,0.884083,0.680845,0.521873,0.6857,0.928872,0.76708,0.254667,0.93,0.885309,0.732587,0.510617,0.7937
bhujangasana_tf_0103,bhujangasana,,TF,test,unlabelled,,Apache-2.0,data/datasets/yoga_poses/test/cobra/guy3_cobra127.jpg,True,300,300,True,0.9926,0.1857,177.825,176.719,63.305,84.958,6.389,7.449,158.842,162.589,143.234,160.459,176.719,177.825,63.305,84.958,143.234,160.459,158.842,162.589,40.863,59.786,158.842,177.825,63.305,40.863,78.525,-78.525,6.228,16.437,27.731,6.738,-0.1989,-0.0042,0.2041,0.3046,0.272278,0.700763,-0.284275,0.9999,0.274413,0.684659,-0.304791,0.9999,0.277796,0.683383,-0.304559,0.9999,0.28145,0.681558,-0.304219,0.9999,0.270606,0.683257,-0.271427,0.9999,0.271165,0.681259,-0.27269,0.9999,0.27213,0.678694,-0.271135,0.9999,0.308198,0.672988,-0.325638,0.9998,0.295808,0.669403,-0.189805,0.9999,0.291703,0.712423,-0.288041,0.9999,0.287574,0.71028,-0.248005,0.9999,0.430357,0.711373,-0.313438,0.9996,0.364831,0.692042,-0.084885,0.9996,0.575821,0.726616,-0.263303,0.9862,0.431015,0.713702,0.079718,0.1857,0.513888,0.823171,-0.223485,0.9764,0.399042,0.78843,0.135008,0.4662,0.494898,0.840871,-0.257434,0.9555,0.369484,0.798162,0.128161,0.5337,0.479536,0.835158,-0.251428,0.959,0.371127,0.800052,0.09496,0.5699,0.483238,0.829771,-0.220174,0.9393,0.381525,0.797323,0.121191,0.5512,0.637221,0.756747,-0.083443,0.9975,0.597573,0.735904,0.084468,0.9926,0.784475,0.733987,0.115507,0.9368,0.752559,0.717592,0.281704,0.4538,0.905585,0.710531,0.277359,0.9416,0.861446,0.698355,0.484672,0.5909,0.924506,0.689792,0.293198,0.9393,0.887001,0.680643,0.503891,0.6521,0.930128,0.757287,0.253613,0.9175,0.883453,0.730739,0.494162,0.7551
bhujangasana_tf_0104,bhujangasana,,TF,test,unlabelled,,Apache-2.0,data/datasets/yoga_poses/test/cobra/guy3_cobra128.jpg,True,300,300,True,0.9918,0.1784,179.573,176.992,64.868,82.228,7.514,3.777,157.751,161.418,141.696,158.916,176.992,179.573,64.868,82.228,141.696,158.916,157.751,161.418,39.166,58.16,157.751,179.573,64.868,39.166,78.391,-78.391,4.429,15.484,25.353,7.826,-0.2012,0.0071,0.2441,0.281,0.263015,0.693341,-0.281901,0.9999,0.265666,0.676953,-0.303231,0.9999,0.268932,0.675727,-0.302952,0.9999,0.272537,0.673948,-0.302664,0.9999,0.262498,0.675492,-0.268973,0.9999,0.263251,0.673582,-0.270246,0.9999,0.264346,0.671108,-0.26873,0.9999,0.299576,0.664608,-0.326336,0.9999,0.288552,0.660954,-0.185828,0.9999,0.282656,0.705668,-0.28661,0.9999,0.27893,0.703144,-0.245268,0.9999,0.425342,0.700199,-0.314265,0.9997,0.364199,0.683261,-0.083059,0.9995,0.569141,0.712821,-0.259997,0.9868,0.432228,0.700896,0.080537,0.1784,0.512432,0.810458,-0.211307,0.9762,0.400664,0.777839,0.139648,0.4464,0.491689,0.827455,-0.243972,0.9551,0.369618,0.787788,0.133912,0.5223,0.476928,0.822366,-0.237633,0.9583,0.370735,0.790407,0.102017,0.5565,0.481005,0.817479,-0.207361,0.9379,0.383431,0.786943,0.126112,0.5362,0.63736,0.747319,-0.084562,0.9975,0.594496,0.727009,0.085519,0.9918,0.78714,0.721666,0.117883,0.9372,0.751772,0.705392,0.289953,0.4838,0.906651,0.702112,0.287089,0.9405,0.854003,0.685828,0.49853,0.5833,0.925492,0.682382,0.30264,0.9284,0.881683,0.665251,0.518342,0.6441,0.93061,0.743502,0.258354,0.9117,0.881465,0.715085,0.510958,0.7469
bhujangasana_tf_0105,bhujangasana,,TF,test,unlabelled,,Apache-2.0,data/datasets/yoga_poses/test/cobra/guy3_cobra129.jpg,True,300,300,True,0.9925,0.1594,179.793,175.089,59.693,76.846,8.362,3.907,159.8,163.462,143.903,160.832,175.089,179.793,59.693,76.846,143.903,160.832,159.8,163.462,41.973,60.091,159.8,179.793,59.693,41.973,78.698,-78.698,2.625,15.236,23.018,5.797,-0.196,0.0276,0.2713,0.3212,0.260186,0.689088,-0.294694,0.9998,0.262353,0.67202,-0.314784,0.9998,0.265491,0.67055,-0.314504,0.9998,0.268907,0.668752,-0.31422,0.9998,0.259592,0.670856,-0.281444,0.9998,0.260648,0.668869,-0.282721,0.9998,0.262028,0.666478,-0.281259,0.9998,0.29605,0.65986,-0.33409,0.9998,0.284285,0.656806,-0.19837,0.9999,0.277613,0.699515,-0.298256,0.9999,0.274206,0.697701,-0.25849,0.9999,0.424043,0.692382,-0.322638,0.9995,0.354189,0.673356,-0.091507,0.9995,0.56701,0.701296,-0.265591,0.9817,0.425738,0.692058,0.075744,0.1594,0.501592,0.79874,-0.213589,0.9607,0.386534,0.766407,0.140493,0.3629,0.482488,0.814952,-0.248351,0.9299,0.36424,0.775829,0.133873,0.4354,0.468238,0.809113,-0.242838,0.9341,0.365263,0.778767,0.101632,0.4701,0.472145,0.804483,-0.210724,0.9048,0.372892,0.776515,0.126694,0.4583,0.631949,0.73631,-0.083378,0.9975,0.588305,0.717767,0.084376,0.9925,0.78128,0.714605,0.116213,0.9291,0.735598,0.702813,0.284475,0.4411,0.906636,0.695922,0.282666,0.9262,0.847172,0.681715,0.493738,0.5198,0.929829,0.674427,0.298269,0.898,0.874394,0.664775,0.513529,0.5772,0.935981,0.74261,0.251356,0.9013,0.880491,0.716402,0.502612,0.7157
bhujangasana_tf_0106,bhujangasana,,TF,test,unlabelled,,Apache-2.0,data/datasets/yoga_poses/test/cobra/guy3_cobra130.jpg,True,300,300,True,0.9935,0.1594,175.555,178.692,60.06,72.323,8.836,2.704,161.38,166.078,140.02,157.364,175.555,178.692,60.06,72.323,140.02,157.364,161.38,166.078,39.517,58.083,161.38,175.555,60.06,39.517,80.142,-80.142,4.571,17.669,28.132,4.641,-0.1712,0.0189,0.2008,0.3028,0.253514,0.67907,-0.296747,0.9997,0.255536,0.662597,-0.31661,0.9996,0.258377,0.661562,-0.316247,0.9996,0.2615,0.660131,-0.316105,0.9996,0.252795,0.661138,-0.283173,0.9996,0.253772,0.659249,-0.284501,0.9996,0.255106,0.656904,-0.282986,0.9996,0.287772,0.651741,-0.340141,0.9996,0.277267,0.647374,-0.20312,0.9997,0.27048,0.690395,-0.30212,0.9998,0.267039,0.688154,-0.262321,0.9998,0.412951,0.685077,-0.330182,0.9993,0.34896,0.664693,-0.090939,0.9994,0.554828,0.689206,-0.2753,0.9843,0.427552,0.681378,0.0861,0.1594,0.496242,0.784411,-0.223015,0.968,0.386197,0.753992,0.162437,0.3956,0.477721,0.800555,-0.256978,0.941,0.362002,0.762141,0.160354,0.4637,0.464891,0.796097,-0.252382,0.9449,0.359839,0.766155,0.12925,0.5006,0.466846,0.791064,-0.220335,0.9193,0.36992,0.764655,0.149403,0.4851,0.618919,0.723261,-0.083914,0.9972,0.579995,0.702449,0.084869,0.9935,0.775047,0.700992,0.103959,0.9234,0.744837,0.689068,0.271211,0.4512,0.910846,0.692275,0.271161,0.9053,0.869365,0.67609,0.47184,0.5395,0.934569,0.673651,0.286298,0.8953,0.891387,0.657663,0.490571,0.5795,0.939552,0.735545,0.238876,0.8994,0.894433,0.715477,0.471708,0.7362
bhujangasana_tf_0107,bhujangasana,,TF,test,unlabelled,,Apache-2.0,data/datasets/yoga_poses/test/cobra/guy3_cobra131.jpg,True,300,300,True,0.993,0.1237,177.946,175.309,59.401,77.775,8.9,2.222,165.349,167.582,139.499,156.537,175.309,177.946,59.401,77.775,139.499,156.537,165.349,167.582,40.477,57.088,165.349,177.946,59.401,40.477,80.755,-80.755,2.497,24.044,28.029,2.969,-0.1606,0.0559,0.2064,0.2942,0.248384,0.674833,-0.296402,0.9995,0.248245,0.658599,-0.316422,0.9995,0.251193,0.657337,-0.316122,0.9995,0.254437,0.655538,-0.315956,0.9994,0.245322,0.656942,-0.283475,0.9994,0.245926,0.654878,-0.284788,0.9994,0.24681,0.652232,-0.283298,0.9994,0.279905,0.643434,-0.339812,0.9995,0.269965,0.639592,-0.203916,0.9996,0.267639,0.684935,-0.301305,0.9996,0.264332,0.682706,-0.261939,0.9997,0.405888,0.675719,-0.329743,0.9991,0.34724,0.649553,-0.094651,0.9992,0.546448,0.676019,-0.273117,0.9818,0.418463,0.664265,0.078515,0.1237,0.488883,0.77289,-0.21625,0.9552,0.385711,0.738188,0.155606,0.272,0.469276,0.788463,-0.250988,0.9188,0.359049,0.748098,0.153407,0.3514,0.456557,0.783726,-0.247194,0.9236,0.358578,0.75122,0.121492,0.3823,0.458707,0.778815,-0.214016,0.8911,0.366693,0.748828,0.142583,0.3697,0.612265,0.708486,-0.083566,0.9971,0.571752,0.686918,0.084621,0.993,0.763719,0.693558,0.101775,0.9351,0.73541,0.67843,0.269486,0.4941,0.902062,0.674895,0.269112,0.9324,0.858949,0.661815,0.472944,0.6074,0.922278,0.655065,0.284648,0.9146,0.886245,0.642809,0.491771,0.6146,0.927825,0.72177,0.236346,0.9253,0.885946,0.699557,0.471949,0.7877
bhujangasana_tf_0108,bhujangasana,,TF,test,unlabelled,,Apache-2.0,data/datasets/yoga_poses/test/cobra/guy3_cobra132.jpg,True,300,300,True,0.9954,0.1165,179.719,178.35,57.686,66.486,11.666,0.113,162.286,165.301,139.369,157.836,178.35,179.719,57.686,66.486,139.369,157.836,162.286,165.301,38.605,57.81,162.286,179.719,57.686,38.605,79.622,-79.622,0.655,17.024,24.13,4.672,-0.1801,0.0459,0.2241,0.2789,0.244643,0.664134,-0.274542,0.9997,0.246881,0.648643,-0.293772,0.9997,0.250037,0.64739,-0.293389,0.9997,0.253303,0.645724,-0.293235,0.9996,0.243402,0.647514,-0.262057,0.9997,0.24403,0.645765,-0.263283,0.9998,0.245013,0.643648,-0.261829,0.9997,0.277692,0.635854,-0.318411,0.9996,0.26802,0.632786,-0.189131,0.9998,0.262333,0.673552,-0.280599,0.9998,0.25777,0.671664,-0.243095,0.9998,0.403076,0.663,-0.314551,0.9989,0.34392,0.644887,-0.078478,0.9995,0.545359,0.660761,-0.252847,0.9603,0.420153,0.658211,0.090983,0.1165,0.485399,0.758945,-0.189062,0.8866,0.376369,0.724544,0.168156,0.2643,0.466219,0.775558,-0.21813,0.8276,0.358948,0.734553,0.167107,0.341,0.452035,0.768488,-0.212634,0.8375,0.354039,0.735961,0.136814,0.3707,0.456743,0.763949,-0.186094,0.7905,0.36336,0.735176,0.155907,0.359,0.610928,0.702517,-0.087431,0.9978,0.572491,0.685299,0.08848,0.9954,0.767796,0.683398,0.100351,0.9585,0.738011,0.671771,0.273075,0.58,0.901297,0.667791,0.25759,0.9528,0.852352,0.659103,0.46707,0.6863,0.920097,0.647343,0.272437,0.9384,0.878901,0.641178,0.484566,0.6803,0.93267,0.722481,0.235322,0.9465,0.883872,0.701775,0.472938,0.8341
bhujangasana_tf_0109,bhujangasana,,TF,test,unlabelled,,Apache-2.0,data/datasets/yoga_poses/test/cobra/guy3_cobra133.jpg,True,300,300,True,0.9936,0.1068,177.375,174.351,53.472,52.698,12.497,13.584,164.858,168.628,135.768,156.318,174.351,177.375,52.698,53.472,135.768,156.318,164.858,168.628,38.341,58.059,164.858,177.375,53.472,38.341,82.146,-82.146,5.252,24.733,24.952,3.112,-0.1366,0.0383,0.2952,0.2543,0.234684,0.656349,-0.253308,0.9999,0.235639,0.638899,-0.27368,0.9999,0.238691,0.637241,-0.273416,0.9999,0.242141,0.635251,-0.273233,0.9999,0.23297,0.638253,-0.242429,0.9999,0.23382,0.636412,-0.243643,0.9999,0.234877,0.634222,-0.242235,0.9999,0.268705,0.624098,-0.296469,0.9999,0.258431,0.621609,-0.168475,0.9999,0.255059,0.666323,-0.258225,0.9999,0.251683,0.665128,-0.220776,0.9999,0.396211,0.659749,-0.295546,0.9998,0.343403,0.635424,-0.059724,0.9993,0.53712,0.647248,-0.236167,0.9845,0.41683,0.62858,0.095964,0.1068,0.478044,0.743807,-0.177894,0.9615,0.371939,0.700486,0.156855,0.2598,0.456172,0.759197,-0.210504,0.9292,0.353545,0.712727,0.149347,0.3309,0.443113,0.753687,-0.201657,0.9336,0.352342,0.716899,0.118456,0.3616,0.448707,0.748525,-0.172652,0.9092,0.356903,0.714278,0.143042,0.3466,0.617246,0.688564,-0.081932,0.9983,0.575419,0.669103,0.083019,0.9936,0.769466,0.667944,0.116331,0.968,0.723057,0.661076,0.288543,0.6075,0.895095,0.656755,0.28013,0.967,0.828651,0.644802,0.500063,0.7145,0.915085,0.63623,0.295978,0.9462,0.860397,0.627099,0.519224,0.7387,0.925807,0.70907,0.244921,0.9596,0.86792,0.684685,0.504223,0.8615
bhujangasana_tf_0110,bhujangasana,,TF,test,unlabelled,,Apache-2.0,data/datasets/yoga_poses/test/cobra/guy3_cobra134.jpg,True,300,300,True,0.9921,0.1019,175.984,177.617,54.073,53.386,13.654,12.936,164.092,167.306,136.736,155.701,175.984,177.617,53.386,54.073,136.736,155.701,164.092,167.306,38.463,57.532,164.092,175.984,54.073,38.463,81.781,-81.781,1.973,18.15,22.541,4.525,-0.143,0.0576,0.274,0.2687,0.230748,0.647401,-0.278863,0.9998,0.23159,0.630729,-0.298959,0.9998,0.234433,0.629496,-0.29865,0.9998,0.237582,0.627992,-0.29845,0.9998,0.229034,0.629273,-0.267028,0.9998,0.229914,0.627338,-0.268232,0.9998,0.231065,0.625006,-0.266821,0.9998,0.263286,0.617682,-0.321618,0.9998,0.254157,0.6133,-0.190504,0.9999,0.248007,0.657187,-0.283959,0.9999,0.244418,0.655753,-0.245709,0.9999,0.392446,0.643823,-0.314949,0.9996,0.334494,0.624825,-0.079719,0.9991,0.53245,0.630635,-0.25002,0.9781,0.417202,0.617928,0.087268,0.1019,0.473713,0.73017,-0.184035,0.9376,0.367503,0.697936,0.15151,0.2433,0.453292,0.745149,-0.216103,0.8956,0.342976,0.705257,0.14491,0.3284,0.43853,0.740965,-0.209096,0.9024,0.343021,0.709908,0.111952,0.3614,0.443571,0.736187,-0.180132,0.8677,0.352988,0.709154,0.136815,0.3454,0.608495,0.675237,-0.085592,0.998,0.567683,0.658298,0.086686,0.9921,0.765794,0.65415,0.111957,0.9468,0.720801,0.646181,0.290654,0.5111,0.893599,0.646066,0.274776,0.9429,0.832901,0.632599,0.495871,0.6167,0.913717,0.627167,0.290494,0.9121,0.859676,0.614779,0.514557,0.6358,0.922519,0.702383,0.245707,0.93,0.86669,0.670927,0.504911,0.7903
bhujangasana_tf_0111,bhujangasana,,TF,test,unlabelled,,Apache-2.0,data/datasets/yoga_poses/test/cobra/guy3_cobra135.jpg,True,300,300,True,0.9911,0.0866,175.19,179.404,54.294,54.228,15.3,8.825,162.663,168.384,138.404,154.614,175.19,179.404,54.228,54.294,138.404,154.614,162.663,168.384,39.057,57.207,162.663,175.19,54.294,39.057,81.648,-81.648,1.065,16.263,27.724,4.209,-0.1453,0.0673,0.2279,0.2453,0.226568,0.636298,-0.271633,0.9997,0.227393,0.619595,-0.292147,0.9997,0.230157,0.618116,-0.291808,0.9997,0.233085,0.616378,-0.291673,0.9997,0.224971,0.618899,-0.25902,0.9997,0.22606,0.617087,-0.260246,0.9997,0.22744,0.614883,-0.258833,0.9997,0.258957,0.604798,-0.317827,0.9997,0.250046,0.602273,-0.181248,0.9998,0.244214,0.645036,-0.278074,0.9998,0.241069,0.643736,-0.23832,0.9998,0.386017,0.628748,-0.315733,0.9994,0.332005,0.612992,-0.069824,0.999,0.524932,0.614261,-0.2531,0.977,0.409035,0.611085,0.093575,0.0866,0.465483,0.718266,-0.181765,0.9291,0.363035,0.678382,0.162389,0.1926,0.444703,0.733607,-0.212641,0.8825,0.346705,0.690634,0.157749,0.2677,0.430891,0.727344,-0.204786,0.8893,0.339752,0.692709,0.126392,0.2957,0.437492,0.723267,-0.177394,0.8514,0.348357,0.691598,0.148349,0.2823,0.606677,0.665068,-0.086164,0.997,0.5653,0.643322,0.087222,0.9911,0.762219,0.643236,0.103528,0.9294,0.723687,0.631666,0.283478,0.5014,0.892448,0.636,0.268256,0.9149,0.842167,0.621707,0.484528,0.5952,0.910476,0.617608,0.283902,0.9004,0.867649,0.605215,0.502973,0.629,0.920487,0.683975,0.240892,0.9094,0.870195,0.660632,0.490892,0.7667
bhujangasana_tf_0112,bhujangasana,,TF,test,unlabelled,,Apache-2.0,data/datasets/yoga_poses/test/cobra/guy3_cobra136.jpg,True,300,300,True,0.9923,0.0728,179.04,177.613,50.913,60.073,16.292,8.129,168.506,170.229,135.205,150.41,177.613,179.04,50.913,60.073,135.205,150.41,168.506,170.229,38.619,53.544,168.506,179.04,50.913,38.619,83.266,-83.266,6.5,16.361,20.217,2.904,-0.1173,0.0384,0.2282,0.2815,0.2176,0.622377,-0.264826,0.9998,0.219383,0.605018,-0.284199,0.9998,0.222211,0.603544,-0.283776,0.9998,0.225424,0.601704,-0.283652,0.9998,0.216894,0.604164,-0.253083,0.9998,0.217855,0.602269,-0.254318,0.9998,0.219048,0.600005,-0.25292,0.9997,0.251601,0.591188,-0.308773,0.9998,0.241013,0.589079,-0.180737,0.9998,0.235766,0.632263,-0.27084,0.9998,0.232137,0.63043,-0.233783,0.9998,0.377119,0.622666,-0.310904,0.9997,0.316539,0.60488,-0.062953,0.999,0.515119,0.599063,-0.251207,0.9767,0.390092,0.603259,0.110768,0.0728,0.456699,0.702818,-0.186057,0.9381,0.353563,0.67008,0.192681,0.2139,0.437251,0.718016,-0.21853,0.8965,0.335513,0.679487,0.192002,0.2887,0.422988,0.71424,-0.208441,0.9027,0.33148,0.683494,0.160708,0.3218,0.427396,0.709664,-0.181008,0.868,0.340524,0.682223,0.179453,0.3118,0.588656,0.647091,-0.085228,0.9976,0.550553,0.633059,0.086179,0.9923,0.750149,0.633227,0.088741,0.9323,0.713358,0.6248,0.264378,0.4275,0.885306,0.623903,0.232547,0.907,0.83519,0.613516,0.458953,0.5341,0.905037,0.603595,0.245894,0.8898,0.857723,0.595157,0.47692,0.5984,0.911944,0.680857,0.196528,0.8998,0.864475,0.648871,0.456955,0.7396
bhujangasana_tf_0113,bhujangasana,,TF,test,unlabelled,,Apache-2.0,data/datasets/yoga_poses/test/cobra/guy3_cobra137.jpg,True,300,300,True,0.9928,0.0748,179.724,179.926,52.841,44.96,16.78,10.659,167.85,169.069,136.364,153.428,179.724,179.926,44.96,52.841,136.364,153.428,167.85,169.069,38.322,55.952,167.85,179.724,52.841,38.322,82.256,-82.256,1.285,10.603,15.937,3.455,-0.1348,0.0747,0.2004,0.2602,0.212201,0.616703,-0.272424,0.9998,0.214774,0.598649,-0.292552,0.9998,0.217935,0.596809,-0.292149,0.9998,0.221333,0.594759,-0.292022,0.9998,0.211681,0.598219,-0.260192,0.9998,0.212622,0.596337,-0.261362,0.9998,0.213863,0.594182,-0.260043,0.9998,0.24618,0.584191,-0.316533,0.9999,0.23608,0.582877,-0.18338,0.9999,0.229608,0.625196,-0.278047,0.9999,0.225101,0.624278,-0.239563,0.9999,0.372513,0.60523,-0.316649,0.9997,0.314756,0.594418,-0.066069,0.999,0.510383,0.584039,-0.24997,0.9756,0.39718,0.589833,0.103154,0.0748,0.453148,0.689799,-0.169831,0.9239,0.342814,0.650517,0.187897,0.1927,0.433132,0.705792,-0.200246,0.8769,0.324012,0.660005,0.185717,0.273,0.416929,0.699872,-0.192092,0.8858,0.31894,0.664028,0.156093,0.3031,0.424238,0.695885,-0.165245,0.8498,0.329457,0.663547,0.174915,0.289,0.584847,0.63523,-0.086819,0.9976,0.55004,0.625291,0.087841,0.9928,0.740089,0.624079,0.085995,0.9441,0.709249,0.615677,0.265519,0.5314,0.878195,0.613491,0.228495,0.9272,0.833227,0.608352,0.45454,0.6152,0.89817,0.590381,0.241642,0.9116,0.855674,0.585246,0.471821,0.6432,0.911769,0.659475,0.194802,0.9244,0.859166,0.644726,0.456788,0.7941
bhujangasana_tf_0114,bhujangasana,,TF,test,unlabelled,,Apache-2.0,data/datasets/yoga_poses/test/cobra/guy3_cobra138.jpg,True,300,300,True,0.9947,0.0333,174.616,179.943,52.033,41.382,16.949,0.066,165.191,169.106,138.225,146.795,174.616,179.943,41.382,52.033,138.225,146.795,165.191,169.106,39.22,50.581,165.191,174.616,52.033,39.22,82.468,-82.468,0.589,0.749,12.591,4.68,-0.1311,0.076,0.2128,0.2835,0.210291,0.607991,-0.27436,0.9994,0.211164,0.592236,-0.293865,0.9996,0.214627,0.590288,-0.293311,0.9996,0.218165,0.588062,-0.29339,0.9996,0.207272,0.592499,-0.260352,0.9995,0.207736,0.591091,-0.26144,0.9995,0.20851,0.589307,-0.260047,0.9995,0.243018,0.57608,-0.317259,0.9997,0.232203,0.576583,-0.180794,0.9997,0.230033,0.616304,-0.28033,0.9997,0.224037,0.615726,-0.241313,0.9996,0.372789,0.591548,-0.317922,0.9995,0.309958,0.590727,-0.058036,0.999,0.508635,0.572592,-0.246767,0.9638,0.403544,0.601025,0.128826,0.0333,0.448623,0.676439,-0.139559,0.8969,0.344062,0.642834,0.229621,0.0927,0.429241,0.691508,-0.16212,0.8456,0.326003,0.654911,0.23161,0.1565,0.414462,0.686403,-0.159577,0.8504,0.317329,0.654904,0.208444,0.1735,0.421149,0.682474,-0.136135,0.8003,0.328717,0.654624,0.219313,0.1693,0.579638,0.624327,-0.088083,0.9979,0.542621,0.616059,0.089063,0.9947,0.741086,0.607915,0.095283,0.9263,0.706357,0.602654,0.269918,0.5484,0.877177,0.606917,0.248154,0.9241,0.83228,0.592471,0.46614,0.6758,0.892547,0.586478,0.261914,0.8918,0.853794,0.574286,0.484919,0.6529,0.908725,0.651133,0.218848,0.9223,0.859178,0.630224,0.473548,0.817
bhujangasana_tf_0115,bhujangasana,,TF,test,unlabelled,,Apache-2.0,data/datasets/yoga_poses/test/cobra/guy3_cobra139.jpg,True,300,300,True,0.9918,0.0291,176.564,179.072,52.608,43.9,15.115,1.293,166.786,168.787,137.692,139.481,176.564,179.072,43.9,52.608,137.692,139.481,166.786,168.787,39.01,43.181,166.786,176.564,52.608,39.01,82.543,-82.543,0.076,6.833,1.273,4.532,-0.1298,0.0864,0.2463,0.2493,0.202608,0.600582,-0.258602,0.9991,0.202609,0.583604,-0.280097,0.9994,0.205183,0.581893,-0.279559,0.9994,0.20806,0.579792,-0.279598,0.9994,0.200283,0.583813,-0.245513,0.9993,0.201143,0.582418,-0.246639,0.9993,0.202172,0.58064,-0.245345,0.9992,0.233653,0.567866,-0.312064,0.9996,0.22345,0.568683,-0.167985,0.9996,0.220275,0.608375,-0.26753,0.9995,0.217202,0.608213,-0.226282,0.9994,0.359785,0.578564,-0.315866,0.9994,0.305967,0.585013,-0.050366,0.998,0.499744,0.562781,-0.240455,0.9521,0.402387,0.597865,0.117524,0.0291,0.43844,0.66498,-0.127827,0.8504,0.349908,0.636425,0.206704,0.0711,0.41862,0.680522,-0.151569,0.7784,0.322149,0.643917,0.207684,0.1171,0.405042,0.676415,-0.144299,0.788,0.321707,0.644856,0.183517,0.1298,0.408405,0.67086,-0.122324,0.7338,0.32586,0.64357,0.195623,0.1265,0.568633,0.610453,-0.089588,0.9971,0.528282,0.609556,0.090697,0.9918,0.73748,0.597069,0.072515,0.9364,0.706407,0.594245,0.264109,0.4879,0.878101,0.594377,0.220532,0.9195,0.825992,0.582011,0.455884,0.5786,0.891174,0.574878,0.23409,0.8697,0.8465,0.563173,0.474113,0.5627,0.918659,0.635539,0.186489,0.9094,0.854116,0.612993,0.459479,0.76
bhujangasana_tf_0116,bhujangasana,,TF,test,unlabelled,,Apache-2.0,data/datasets/yoga_poses/test/cobra/guy3_cobra140.jpg,True,300,300,True,0.9923,0.0441,178.87,179.709,51.567,36.027,15.463,2.065,169.507,170.451,137.077,142.235,178.87,179.709,36.027,51.567,137.077,142.235,169.507,170.451,38.889,47.215,169.507,178.87,51.567,38.889,83.462,-83.462,0.342,12.84,4.284,2.305,-0.1139,0.0848,0.2047,0.2593,0.195899,0.593529,-0.255388,0.9996,0.196058,0.576525,-0.275975,0.9997,0.198739,0.574404,-0.275451,0.9997,0.201614,0.571999,-0.275469,0.9997,0.192965,0.577137,-0.241591,0.9996,0.193552,0.575826,-0.242702,0.9996,0.194335,0.574255,-0.241421,0.9996,0.226081,0.560289,-0.30528,0.9998,0.214522,0.562729,-0.162643,0.9998,0.214589,0.601581,-0.263382,0.9997,0.210625,0.601718,-0.222501,0.9997,0.355353,0.56784,-0.311004,0.9995,0.29818,0.580871,-0.044758,0.9987,0.493798,0.550164,-0.242121,0.9627,0.398136,0.586029,0.127171,0.0441,0.432777,0.651091,-0.146199,0.8975,0.334355,0.627565,0.221133,0.1181,0.413869,0.668072,-0.172548,0.84,0.316532,0.634352,0.222746,0.1761,0.397233,0.662125,-0.166189,0.847,0.305564,0.636048,0.197913,0.1937,0.402844,0.657246,-0.14178,0.8014,0.317915,0.636045,0.21014,0.1895,0.569949,0.598716,-0.088685,0.997,0.532923,0.601489,0.089721,0.9923,0.733832,0.592118,0.074405,0.9324,0.701686,0.588121,0.254575,0.4865,0.877692,0.589166,0.214804,0.898,0.833016,0.577046,0.440475,0.5437,0.895092,0.572458,0.226963,0.8677,0.854128,0.560162,0.458026,0.5617,0.919456,0.628512,0.178041,0.8855,0.875495,0.615117,0.439022,0.7293
bhujangasana_tf_0117,bhujangasana,,TF,train,unlabelled,,Apache-2.0,data/datasets/yoga_poses/train/cobra/girl1_cobra026.jpg,True,300,300,True,0.999,0.0604,136.048,160.197,166.965,172.452,85.769,68.948,38.456,26.78,124.734,126.038,136.048,160.197,166.965,172.452,124.734,126.038,26.78,38.456,73.34,78.102,38.456,160.197,166.965,78.102,2.091,2.091,8.045,1.389,2.005,74.38,-0.9993,-0.2194,0.5532,1.6407,0.475912,0.424221,-0.700668,1.0,0.498348,0.388966,-0.698573,1.0,0.510157,0.386917,-0.697422,1.0,0.522026,0.384413,-0.697142,1.0,0.454545,0.386381,-0.700541,1.0,0.439331,0.382817,-0.701669,1.0,0.427329,0.379086,-0.70071,1.0,0.550744,0.3702,-0.580663,1.0,0.402868,0.365805,-0.597496,1.0,0.494687,0.447074,-0.650733,0.9997,0.452219,0.446186,-0.65659,0.9997,0.598991,0.458016,-0.4182,0.9999,0.321232,0.464749,-0.427064,0.9999,0.694055,0.506595,-0.281796,0.9655,0.239947,0.534001,-0.23698,0.8763,0.810504,0.604663,-0.25349,0.9509,0.115194,0.614653,-0.193678,0.8739,0.860998,0.604361,-0.250738,0.8897,0.068694,0.61618,-0.18227,0.7869,0.859811,0.606772,-0.287744,0.9203,0.066546,0.617318,-0.230791,0.8266,0.837127,0.612326,-0.265245,0.9227,0.086268,0.621659,-0.212872,0.8261,0.52739,0.628045,-0.009062,0.9994,0.380475,0.633188,0.010174,0.999,0.503114,0.541215,0.264608,0.1235,0.390475,0.556213,0.332361,0.0783,0.473868,0.524037,0.602088,0.0604,0.380887,0.512607,0.611837,0.0709,0.460964,0.529836,0.637671,0.1309,0.388307,0.512681,0.638535,0.0961,0.477355,0.522017,0.631849,0.0904,0.380943,0.513822,0.6266,0.1183
bhujangasana_tf_0118,bhujangasana,,TF,train,unlabelled,,Apache-2.0,data/datasets/yoga_poses/train/cobra/girl1_cobra029.jpg,True,300,300,True,0.9985,0.0219,135.445,144.596,177.493,173.589,99.341,100.002,31.264,25.71,103.901,101.982,135.445,144.596,173.589,177.493,101.982,103.901,25.71,31.264,96.537,98.022,31.264,135.445,177.493,98.022,1.686,1.686,1.395,0.076,1.383,80.659,-0.9996,-0.3482,0.9106,1.6161,0.47207,0.402686,-0.734692,1.0,0.494044,0.365692,-0.731729,1.0,0.506262,0.363438,-0.730594,1.0,0.518873,0.36142,-0.730538,1.0,0.449934,0.364944,-0.730946,1.0,0.436327,0.36245,-0.732824,1.0,0.425933,0.360211,-0.731487,1.0,0.549251,0.354311,-0.616797,1.0,0.402393,0.352283,-0.619867,1.0,0.490714,0.425948,-0.689551,0.9998,0.450527,0.425552,-0.691782,0.9996,0.606397,0.461634,-0.445706,1.0,0.333602,0.461271,-0.464915,0.9998,0.722081,0.487454,-0.367057,0.9163,0.214881,0.479051,-0.292414,0.8389,0.849233,0.521735,-0.425992,0.9512,0.07843,0.515428,-0.274005,0.7954,0.892586,0.505651,-0.438653,0.9137,0.03793,0.494267,-0.278969,0.7404,0.891075,0.50845,-0.475604,0.9338,0.03596,0.488151,-0.317602,0.7574,0.871992,0.514021,-0.441656,0.9303,0.051783,0.498921,-0.29411,0.7435,0.539286,0.628383,-0.010651,0.999,0.390779,0.631967,0.010678,0.9985,0.520707,0.515433,0.341342,0.028,0.404421,0.523846,0.379401,0.0219,0.535946,0.493841,0.688775,0.0561,0.382612,0.483194,0.723646,0.0484,0.522325,0.491077,0.725301,0.1499,0.387707,0.475182,0.757142,0.07,0.55505,0.517439,0.72333,0.0616,0.376413,0.508488,0.761703,0.0544
bhujangasana_tf_0119,bhujangasana,,TF,train,unlabelled,,Apache-2.0,data/datasets/yoga_poses/train/cobra/girl1_cobra030.jpg,True,300,300,True,0.9995,0.028,111.039,140.897,160.47,152.527,85.946,77.238,22.984,10.959,100.184,101.85,111.039,140.897,152.527,160.47,100.184,101.85,10.959,22.984,93.593,99.678,22.984,111.039,160.47,99.678,2.313,2.313,1.142,0.032,0.886,85.515,-0.9992,-0.3558,1.1774,1.4307,0.472672,0.38646,-0.743739,1.0,0.495806,0.3484,-0.740299,1.0,0.506909,0.346923,-0.738803,1.0,0.518434,0.345539,-0.73837,1.0,0.451138,0.348718,-0.73724,1.0,0.435352,0.34621,-0.738986,1.0,0.423476,0.343935,-0.737258,1.0,0.545187,0.342224,-0.622656,1.0,0.402247,0.340983,-0.618895,1.0,0.491831,0.411307,-0.696602,0.9999,0.448719,0.410704,-0.697097,0.9999,0.609427,0.455198,-0.45957,0.9999,0.333361,0.455046,-0.458732,0.9999,0.677117,0.485217,-0.292994,0.9112,0.247402,0.501148,-0.228759,0.7283,0.85061,0.498523,-0.264761,0.9685,0.104963,0.50297,-0.185859,0.8212,0.894003,0.475687,-0.270463,0.9452,0.067838,0.501176,-0.191055,0.7733,0.893776,0.466157,-0.303481,0.9597,0.121541,0.553505,-0.23049,0.7893,0.876476,0.48101,-0.2769,0.9556,0.144265,0.558694,-0.203857,0.768,0.540235,0.646745,-0.021637,0.9996,0.386975,0.649115,0.022654,0.9995,0.534248,0.537,0.304972,0.0389,0.377708,0.530962,0.376285,0.028,0.570914,0.520552,0.625562,0.0893,0.344981,0.49658,0.669088,0.0854,0.565472,0.524245,0.664292,0.2278,0.35521,0.498369,0.701504,0.1206,0.580712,0.538427,0.687021,0.1064,0.322776,0.508888,0.730835,0.1174
bhujangasana_tf_0120,bhujangasana,,TF,train,unlabelled,,Apache-2.0,data/datasets/yoga_poses/train/cobra/girl1_cobra038.jpg,True,300,300,True,0.9957,0.0404,177.288,118.281,113.373,83.61,39.127,42.269,24.555,5.201,111.979,97.887,118.281,177.288,83.61,113.373,97.887,111.979,5.201,24.555,78.857,97.539,24.555,177.288,113.373,78.857,2.607,-2.607,1.473,0.822,4.197,76.281,-0.999,-0.4866,0.894,1.0542,0.457355,0.29848,-0.390739,1.0,0.479999,0.265873,-0.376852,1.0,0.491948,0.265875,-0.375479,1.0,0.50233,0.265995,-0.375444,1.0,0.435345,0.263606,-0.373416,1.0,0.421855,0.262402,-0.375329,1.0,0.41244,0.261605,-0.372994,0.9999,0.528497,0.273277,-0.264271,1.0,0.402707,0.269881,-0.256354,0.9999,0.481171,0.329174,-0.349982,0.9999,0.435397,0.328248,-0.345522,0.9998,0.613468,0.422927,-0.227851,1.0,0.339604,0.426856,-0.194482,0.9998,0.675921,0.538961,-0.245001,0.7895,0.28338,0.537955,-0.239062,0.7407,0.861418,0.523,-0.413166,0.8775,0.153223,0.452677,-0.47749,0.7855,0.913383,0.521505,-0.450624,0.8573,0.131391,0.426671,-0.532441,0.7233,0.915009,0.506096,-0.487316,0.8942,0.120995,0.406189,-0.551359,0.7389,0.893,0.507453,-0.433084,0.8909,0.135846,0.418146,-0.500908,0.7453,0.564482,0.678843,-0.018093,0.9963,0.412222,0.690017,0.019305,0.9957,0.523723,0.51188,0.318243,0.0684,0.382762,0.526709,0.355083,0.0404,0.514714,0.465558,0.650372,0.1152,0.284279,0.494605,0.668059,0.0975,0.503232,0.468815,0.687706,0.1455,0.276891,0.490248,0.700532,0.0541,0.513481,0.452792,0.699462,0.1197,0.254925,0.494608,0.719775,0.1056
bhujangasana_tf_0121,bhujangasana,,TF,train,unlabelled,,Apache-2.0,data/datasets/yoga_poses/train/cobra/girl1_cobra040.jpg,True,300,300,True,0.9975,0.0478,161.356,125.776,114.027,83.542,34.926,40.356,17.067,5.164,114.195,99.238,125.776,161.356,83.542,114.027,99.238,114.195,5.164,17.067,73.255,96.352,17.067,161.356,114.027,73.255,4.409,-4.409,1.489,1.142,4.995,79.574,-0.997,-0.482,0.7974,0.9608,0.453661,0.278783,-0.357709,1.0,0.478671,0.245206,-0.340981,0.9999,0.491544,0.244782,-0.339602,1.0,0.50283,0.244684,-0.339813,0.9999,0.432177,0.244402,-0.339877,0.9999,0.419079,0.243767,-0.341516,0.9999,0.409947,0.243242,-0.33942,0.9998,0.530355,0.255302,-0.224967,0.9999,0.403185,0.252088,-0.226328,0.9998,0.479652,0.312756,-0.315725,0.9998,0.43165,0.31102,-0.314011,0.9997,0.613485,0.414862,-0.198985,0.9999,0.336775,0.420378,-0.167978,0.9997,0.67943,0.541671,-0.22346,0.7485,0.285516,0.531483,-0.228859,0.5979,0.870132,0.530177,-0.382869,0.864,0.151848,0.450455,-0.489914,0.7688,0.92713,0.535168,-0.419764,0.8383,0.125504,0.423509,-0.542597,0.7329,0.926348,0.516118,-0.453831,0.8747,0.122215,0.402228,-0.56266,0.7518,0.906328,0.517476,-0.401918,0.8782,0.136349,0.415696,-0.512999,0.7717,0.576475,0.697898,-0.020161,0.9977,0.418071,0.711742,0.021646,0.9975,0.546493,0.520953,0.267221,0.1574,0.390634,0.562639,0.343042,0.0478,0.551139,0.491711,0.586613,0.1465,0.324924,0.531508,0.660443,0.0942,0.541078,0.501974,0.622414,0.1905,0.326257,0.531418,0.692154,0.0565,0.567566,0.479267,0.646548,0.1557,0.291679,0.532282,0.720261,0.114
bhujangasana_tf_0122,bhujangasana,,TF,train,unlabelled,,Apache-2.0,data/datasets/yoga_poses/train/cobra/girl1_cobra041.jpg,True,300,300,True,0.9973,0.0269,144.807,128.197,109.755,80.555,34.03,36.551,18.563,11.493,115.193,102.112,128.197,144.807,80.555,109.755,102.112,115.193,11.493,18.563,72.871,93.231,18.563,144.807,109.755,72.871,4.092,-4.092,0.79,0.151,4.867,79.502,-0.9975,-0.4931,0.7185,0.9732,0.444584,0.273397,-0.363575,1.0,0.470334,0.238974,-0.346936,1.0,0.483792,0.238868,-0.345267,1.0,0.495512,0.239241,-0.345406,1.0,0.423367,0.238127,-0.34471,1.0,0.411514,0.237238,-0.34662,0.9999,0.40255,0.236333,-0.344071,0.9999,0.526121,0.251045,-0.230839,1.0,0.39935,0.246366,-0.225791,0.9999,0.47414,0.309223,-0.321937,1.0,0.423747,0.307215,-0.318498,0.9999,0.614244,0.4131,-0.211816,0.9999,0.339249,0.412378,-0.18057,0.9999,0.682791,0.553857,-0.22766,0.7355,0.29064,0.537646,-0.205463,0.7005,0.870121,0.533471,-0.407458,0.8777,0.148384,0.453337,-0.452739,0.8409,0.925052,0.538464,-0.450617,0.8657,0.116898,0.431064,-0.510794,0.8061,0.92696,0.522352,-0.487507,0.9008,0.114193,0.410379,-0.537711,0.8212,0.906304,0.5195,-0.428172,0.8953,0.128571,0.420084,-0.478822,0.8306,0.575303,0.687927,-0.021058,0.9978,0.418516,0.701278,0.022861,0.9973,0.541372,0.504816,0.302987,0.0913,0.406798,0.527141,0.356535,0.0269,0.559676,0.465012,0.615923,0.1314,0.358778,0.494325,0.65795,0.0717,0.55528,0.468227,0.654109,0.1762,0.36027,0.488774,0.69176,0.0385,0.562424,0.465777,0.695428,0.1288,0.33942,0.5037,0.744506,0.0892
bhujangasana_tf_0123,bhujangasana,,TF,train,unlabelled,,Apache-2.0,data/datasets/yoga_poses/train/cobra/girl1_cobra048.jpg,True,300,300,True,0.9969,0.0485,157.668,126.409,114.109,71.093,30.594,33.294,28.226,3.062,118.085,108.043,126.409,157.668,71.093,114.109,108.043,118.085,3.062,28.226,65.249,91.398,28.226,157.668,114.109,65.249,8.504,-8.504,0.848,2.672,7.232,65.109,-0.989,-0.4894,0.6161,0.9109,0.420343,0.243666,-0.392645,1.0,0.447443,0.210836,-0.376268,1.0,0.463158,0.210557,-0.375109,1.0,0.475669,0.210733,-0.375325,1.0,0.401337,0.210062,-0.373139,0.9999,0.389748,0.209632,-0.37483,0.9999,0.380572,0.209351,-0.372895,0.9999,0.503609,0.221353,-0.265483,1.0,0.377787,0.219136,-0.26242,0.9999,0.45215,0.282102,-0.354166,0.9999,0.401641,0.279159,-0.351554,0.9999,0.604073,0.387722,-0.243039,0.9999,0.324107,0.400785,-0.204305,0.9997,0.687885,0.550392,-0.255598,0.6942,0.29183,0.531663,-0.262033,0.4545,0.888251,0.539365,-0.403402,0.7895,0.167644,0.451753,-0.523565,0.6572,0.947234,0.552654,-0.445042,0.7688,0.144461,0.433457,-0.579844,0.6569,0.949941,0.536781,-0.47928,0.821,0.143231,0.414403,-0.601369,0.6769,0.927571,0.530064,-0.423265,0.8218,0.159304,0.422327,-0.547276,0.6645,0.586531,0.688776,-0.02596,0.9976,0.432646,0.708302,0.02729,0.9969,0.515608,0.535924,0.231588,0.1789,0.386067,0.549823,0.367209,0.0485,0.47225,0.495806,0.516217,0.2008,0.283412,0.512399,0.678613,0.1012,0.458195,0.501611,0.548918,0.2669,0.280129,0.511673,0.708815,0.0786,0.460619,0.486074,0.564517,0.1551,0.241472,0.511281,0.742237,0.0846
bhujangasana_tf_0124,bhujangasana,,TF,train,unlabelled,,Apache-2.0,data/datasets/yoga_poses/train/cobra/girl1_cobra050.jpg,True,300,300,True,0.9936,0.013,152.273,167.654,112.647,63.939,30.313,23.88,10.944,33.904,115.664,112.564,152.273,167.654,63.939,112.647,112.564,115.664,10.944,33.904,65.892,87.842,10.944,152.273,112.647,65.892,9.874,-9.874,0.635,1.361,4.373,76.502,-0.9852,-0.4787,0.2356,0.8812,0.404884,0.244609,-0.411582,0.9999,0.433255,0.209289,-0.403016,0.9998,0.450584,0.208971,-0.401681,0.9998,0.463445,0.209324,-0.4019,0.9998,0.387892,0.20845,-0.39747,0.9998,0.376917,0.207432,-0.399134,0.9997,0.36768,0.206499,-0.397756,0.9997,0.493393,0.221487,-0.307468,0.9997,0.368881,0.218221,-0.28896,0.9993,0.438291,0.28301,-0.375917,0.9995,0.386349,0.281,-0.369362,0.9989,0.600759,0.394185,-0.261444,0.9996,0.31932,0.400871,-0.218561,0.999,0.691006,0.558639,-0.294001,0.7896,0.310942,0.538912,-0.135787,0.3735,0.897109,0.536577,-0.505643,0.8736,0.173928,0.461286,-0.203629,0.8256,0.954222,0.549945,-0.557626,0.8502,0.140442,0.43468,-0.245495,0.7953,0.95687,0.527467,-0.597969,0.8932,0.141314,0.422718,-0.2606,0.8171,0.936071,0.523536,-0.529832,0.9039,0.154274,0.428432,-0.217777,0.8129,0.59228,0.706351,-0.020527,0.9972,0.437372,0.718198,0.021916,0.9936,0.580025,0.63223,0.29972,0.0302,0.455775,0.641535,0.369948,0.013,0.553196,0.596774,0.645348,0.0752,0.477919,0.595816,0.723329,0.0312,0.546262,0.589243,0.684807,0.121,0.496209,0.583093,0.757819,0.0455,0.560555,0.636182,0.68816,0.0791,0.460904,0.642163,0.776218,0.0584
bhujangasana_tf_0125,bhujangasana,,TF,train,unlabelled,,Apache-2.0,data/datasets/yoga_poses/train/cobra/girl1_cobra051.jpg,True,300,300,True,0.9953,0.021,111.84,167.08,112.941,60.936,29.675,22.574,9.602,26.877,116.771,113.688,111.84,167.08,60.936,112.941,113.688,116.771,9.602,26.877,64.724,87.484,9.602,111.84,112.941,64.724,10.402,-10.402,0.425,0.427,4.289,81.893,-0.9836,-0.4676,0.2492,0.8746,0.401768,0.243071,-0.411923,0.9999,0.429069,0.209284,-0.404076,0.9998,0.446353,0.208707,-0.402796,0.9998,0.45933,0.208891,-0.40306,0.9998,0.384657,0.208398,-0.397896,0.9997,0.373579,0.207629,-0.399504,0.9997,0.364434,0.206939,-0.398361,0.9996,0.489607,0.219872,-0.311617,0.9997,0.365085,0.217305,-0.291358,0.9992,0.435632,0.281718,-0.377148,0.9994,0.384009,0.279862,-0.370139,0.9986,0.597914,0.391664,-0.267643,0.9996,0.318036,0.393747,-0.212332,0.9983,0.68758,0.559025,-0.292845,0.818,0.314408,0.541977,-0.133595,0.2579,0.892421,0.54024,-0.478138,0.8718,0.171621,0.457984,-0.214966,0.7221,0.953988,0.553001,-0.527121,0.8367,0.149228,0.434705,-0.253336,0.6974,0.955475,0.531136,-0.563818,0.8798,0.148699,0.424037,-0.272183,0.7291,0.933854,0.527098,-0.500347,0.8921,0.160405,0.429249,-0.23068,0.7232,0.589819,0.701922,-0.025557,0.9982,0.441698,0.71303,0.026971,0.9953,0.580877,0.63915,0.271527,0.0542,0.44876,0.642331,0.361796,0.021,0.537304,0.628501,0.606809,0.1027,0.459907,0.609255,0.699102,0.0463,0.530584,0.626359,0.644354,0.1536,0.479835,0.60241,0.731215,0.0741,0.532956,0.666487,0.643848,0.0981,0.42635,0.65188,0.748251,0.0754
bhujangasana_tf_0126,bhujangasana,,TF,train,unlabelled,,Apache-2.0,data/datasets/yoga_poses/train/cobra/girl1_cobra055.jpg,True,300,300,True,0.9992,0.0384,167.316,119.867,112.507,116.499,33.725,17.695,24.923,11.853,116.712,171.983,119.867,167.316,112.507,116.499,116.712,171.983,11.853,24.923,29.908,67.847,24.923,167.316,112.507,67.847,9.164,-9.164,5.733,0.213,0.143,69.636,-0.9872,-0.5244,0.6241,0.961,0.373402,0.239417,-0.460678,1.0,0.398204,0.205299,-0.453883,1.0,0.414951,0.205004,-0.45251,1.0,0.429574,0.205588,-0.452742,1.0,0.358539,0.204937,-0.440156,1.0,0.348923,0.204121,-0.442225,1.0,0.340114,0.203617,-0.441021,1.0,0.463762,0.217787,-0.362838,1.0,0.342721,0.218367,-0.329486,1.0,0.406302,0.279058,-0.429542,1.0,0.359314,0.277256,-0.417956,1.0,0.590529,0.393542,-0.299405,0.9999,0.309034,0.392498,-0.223515,0.9999,0.688592,0.569252,-0.32012,0.6782,0.320093,0.543234,0.026988,0.1171,0.89242,0.545455,-0.461554,0.3861,0.284859,0.564151,0.107632,0.4799,0.948508,0.547089,-0.511837,0.4107,0.267643,0.568357,0.106282,0.5168,0.951753,0.529761,-0.555343,0.5144,0.264471,0.55651,0.095908,0.5506,0.928637,0.530501,-0.490714,0.5611,0.278705,0.554075,0.103273,0.5477,0.567495,0.682392,-0.03135,0.9996,0.425377,0.682038,0.03276,0.9992,0.542418,0.614831,0.31989,0.0927,0.402932,0.555232,0.398498,0.0384,0.514923,0.572569,0.664982,0.2657,0.33681,0.531389,0.75865,0.1133,0.511335,0.562732,0.702627,0.3163,0.341471,0.523628,0.791528,0.1311,0.510055,0.59688,0.677491,0.2346,0.298851,0.56571,0.787363,0.1609
bhujangasana_tf_0127,bhujangasana,,TF,train,unlabelled,,Apache-2.0,data/datasets/yoga_poses/train/cobra/girl1_cobra059.jpg,True,300,300,True,0.9997,0.0371,31.759,116.421,119.413,165.841,37.785,10.429,76.551,0.91,114.527,162.671,31.759,116.421,119.413,165.841,114.527,162.671,0.91,76.551,5.037,69.443,76.551,31.759,119.413,69.443,9.843,-9.843,10.009,2.612,2.807,9.479,-0.9853,-0.503,1.103,0.9361,0.337807,0.246251,-0.463263,1.0,0.361911,0.208869,-0.464968,0.9999,0.381319,0.207064,-0.463698,0.9999,0.3984,0.20627,-0.463954,0.9999,0.324143,0.210878,-0.446927,0.9999,0.314824,0.210742,-0.448903,0.9999,0.30495,0.211216,-0.447907,0.9999,0.436692,0.215872,-0.401293,0.9999,0.313533,0.221175,-0.344395,0.9999,0.37222,0.283058,-0.439766,0.9999,0.328509,0.282899,-0.422452,0.9999,0.575926,0.400362,-0.333119,0.9998,0.301076,0.387823,-0.232144,0.9997,0.684893,0.563048,-0.323344,0.762,0.330246,0.525793,-0.017297,0.0371,0.896726,0.546743,-0.430945,0.5212,0.368484,0.603856,0.064629,0.1713,0.947092,0.538624,-0.476123,0.5149,0.369028,0.623152,0.070715,0.2108,0.954067,0.525702,-0.511958,0.5924,0.37184,0.610036,0.058973,0.2206,0.931129,0.531244,-0.454196,0.6171,0.37853,0.602278,0.060363,0.2274,0.556033,0.686978,-0.037128,0.9999,0.421458,0.680379,0.038244,0.9997,0.56726,0.685103,0.187412,0.5136,0.348305,0.510323,0.412731,0.0891,0.539277,0.673638,0.497983,0.5352,0.262037,0.505583,0.735625,0.1858,0.529922,0.667462,0.530777,0.5539,0.276041,0.509427,0.762918,0.2147,0.544915,0.713255,0.498423,0.4295,0.180033,0.539462,0.755719,0.2174
bhujangasana_tf_0128,bhujangasana,,TF,train,unlabelled,,Apache-2.0,data/datasets/yoga_poses/train/cobra/girl1_cobra061.jpg,True,300,300,True,0.9994,0.0364,40.189,114.011,123.546,160.44,41.267,5.969,18.056,0.454,112.935,155.112,40.189,114.011,123.546,160.44,112.935,155.112,0.454,18.056,2.47,72.171,18.056,40.189,123.546,72.171,9.29,-9.29,12.574,3.076,4.471,66.838,-0.9869,-0.5253,1.1801,0.9554,0.320195,0.242828,-0.473252,1.0,0.344449,0.205271,-0.473579,0.9999,0.363568,0.203436,-0.472381,0.9999,0.380342,0.202553,-0.47262,0.9999,0.30824,0.207192,-0.453171,0.9999,0.300113,0.20696,-0.455249,0.9999,0.29088,0.207081,-0.454396,0.9999,0.418686,0.213753,-0.413685,0.9999,0.295777,0.219486,-0.351829,0.9999,0.353101,0.279074,-0.453307,0.9999,0.312918,0.278677,-0.434135,0.9999,0.563869,0.399918,-0.335202,0.9998,0.291831,0.385297,-0.246049,0.9994,0.676162,0.553567,-0.341624,0.8192,0.330203,0.515264,-0.031841,0.0364,0.902547,0.543228,-0.441217,0.453,0.390813,0.598657,0.033397,0.141,0.953886,0.544527,-0.488336,0.4426,0.39872,0.618112,0.047744,0.181,0.960267,0.532623,-0.519934,0.5069,0.402396,0.607886,0.035222,0.1896,0.937669,0.533448,-0.464114,0.5108,0.407752,0.600296,0.029694,0.194,0.538921,0.67911,-0.037891,0.9999,0.408842,0.668938,0.038812,0.9998,0.553086,0.646,0.166521,0.6816,0.334903,0.493654,0.382707,0.1786,0.521803,0.661699,0.475246,0.6904,0.231448,0.491595,0.678714,0.336,0.513201,0.66072,0.506608,0.7024,0.275783,0.542148,0.703294,0.3617,0.514402,0.699071,0.451059,0.569,0.174056,0.563182,0.681697,0.333
bhujangasana_tf_0129,bhujangasana,,TF,train,unlabelled,,Apache-2.0,data/datasets/yoga_poses/train/cobra/girl1_cobra068.jpg,True,300,300,True,0.9995,0.3087,58.655,89.931,120.07,60.748,37.054,31.897,170.403,42.415,113.444,131.744,58.655,89.931,60.748,120.07,113.444,131.744,42.415,170.403,67.762,75.775,170.403,89.931,120.07,67.762,13.344,-13.344,14.902,1.651,15.763,75.103,-0.973,-0.4783,0.7915,0.924,0.254521,0.242045,-0.480269,1.0,0.280109,0.203077,-0.490058,0.9999,0.297904,0.200251,-0.488727,0.9999,0.316089,0.197806,-0.488899,0.9999,0.24676,0.206043,-0.465486,0.9999,0.238938,0.205814,-0.467334,0.9999,0.230482,0.205651,-0.46635,0.9999,0.358717,0.206703,-0.446841,1.0,0.249992,0.214637,-0.365974,0.9999,0.286707,0.278363,-0.464045,1.0,0.251959,0.277322,-0.438711,0.9999,0.523125,0.380154,-0.373482,0.9999,0.263667,0.372677,-0.229404,0.9995,0.65021,0.556049,-0.399407,0.9871,0.253889,0.500392,0.030794,0.3087,0.876045,0.533198,-0.467566,0.8712,0.17749,0.449576,0.212693,0.8339,0.929592,0.529403,-0.496645,0.7776,0.163848,0.426159,0.248141,0.8127,0.936619,0.521719,-0.550898,0.8346,0.151385,0.412663,0.256878,0.8361,0.917933,0.526333,-0.498076,0.8802,0.167903,0.422558,0.220753,0.842,0.517102,0.666372,-0.041797,1.0,0.399361,0.633136,0.042257,0.9999,0.531873,0.766502,0.02721,0.7868,0.425407,0.535227,0.273767,0.5082,0.405135,0.712825,0.404684,0.3819,0.581046,0.57683,0.510523,0.6047,0.395106,0.689758,0.444053,0.5622,0.613397,0.5748,0.533985,0.6614,0.318273,0.751814,0.431462,0.3773,0.582986,0.639391,0.517635,0.6504
bhujangasana_tf_0130,bhujangasana,,TF,train,unlabelled,,Apache-2.0,data/datasets/yoga_poses/train/cobra/girl1_cobra070.jpg,True,300,300,True,0.9994,0.0952,49.295,94.724,121.036,48.118,38.872,21.325,167.233,50.997,112.158,151.731,49.295,94.724,48.118,121.036,112.158,151.731,50.997,167.233,59.605,67.565,167.233,94.724,121.036,67.565,15.846,-15.846,13.178,2.072,24.658,70.339,-0.962,-0.5106,0.9705,0.9292,0.235737,0.237653,-0.492217,1.0,0.259643,0.195553,-0.494838,1.0,0.276454,0.193778,-0.493483,1.0,0.292824,0.192613,-0.493685,1.0,0.228576,0.197298,-0.470873,1.0,0.221044,0.197128,-0.472823,1.0,0.213611,0.196773,-0.471796,0.9999,0.336849,0.203896,-0.435621,1.0,0.230924,0.210895,-0.36381,0.9999,0.264108,0.273118,-0.472951,1.0,0.232178,0.272619,-0.449621,1.0,0.506519,0.38287,-0.381059,0.9999,0.25085,0.373619,-0.220167,0.9994,0.649263,0.558211,-0.420258,0.9875,0.271506,0.490635,0.039194,0.0952,0.862451,0.52782,-0.476941,0.8195,0.208868,0.45169,0.219552,0.5765,0.921778,0.522347,-0.505513,0.6884,0.182198,0.430836,0.262791,0.5934,0.927782,0.519031,-0.556322,0.7529,0.180323,0.418919,0.271375,0.619,0.909872,0.520211,-0.506461,0.8157,0.189846,0.425544,0.228683,0.6367,0.507898,0.667915,-0.045745,1.0,0.399833,0.618306,0.046328,1.0,0.535379,0.786528,0.029857,0.8076,0.446953,0.486423,0.270705,0.4829,0.412268,0.722001,0.400324,0.4306,0.593326,0.525471,0.51034,0.6403,0.399165,0.695462,0.438609,0.5904,0.624677,0.526178,0.533499,0.7022,0.335882,0.76268,0.42657,0.4035,0.590481,0.579458,0.519817,0.6667
bhujangasana_tf_0131,bhujangasana,,TF,train,unlabelled,,Apache-2.0,data/datasets/yoga_poses/train/cobra/girl1_cobra073.jpg,True,300,300,True,0.9986,0.0716,40.663,107.83,124.419,36.612,38.71,16.823,169.686,55.909,113.53,159.111,40.663,107.83,36.612,124.419,113.53,159.111,55.909,169.686,52.397,66.031,169.686,107.83,124.419,66.031,16.265,-16.265,15.614,1.2,18.76,65.598,-0.96,-0.4821,0.8866,0.95,0.207663,0.243918,-0.485028,0.9999,0.230578,0.200784,-0.493908,0.9999,0.24751,0.197734,-0.492688,0.9999,0.26541,0.194997,-0.492975,0.9999,0.200961,0.204183,-0.470713,0.9998,0.193506,0.204529,-0.472624,0.9998,0.185985,0.204603,-0.471502,0.9997,0.312263,0.205775,-0.450455,0.9999,0.205501,0.218052,-0.366872,0.9998,0.236858,0.279161,-0.468567,0.9999,0.206033,0.279389,-0.442964,0.9998,0.491892,0.37927,-0.391091,0.9999,0.230637,0.373798,-0.231781,0.9986,0.632716,0.552258,-0.421711,0.9879,0.259671,0.484589,0.001767,0.0716,0.848225,0.534432,-0.501772,0.8942,0.205056,0.440828,0.184171,0.3884,0.910134,0.530851,-0.529277,0.7782,0.178965,0.418547,0.220745,0.3933,0.91454,0.52369,-0.574469,0.83,0.170482,0.406636,0.225183,0.4194,0.894433,0.526261,-0.527028,0.8763,0.186142,0.412405,0.190729,0.4464,0.494036,0.659529,-0.046239,0.9999,0.38258,0.621672,0.046865,0.9999,0.519102,0.791519,0.051482,0.637,0.429853,0.517469,0.268208,0.365,0.411551,0.705712,0.422086,0.2462,0.586182,0.535479,0.511558,0.461,0.400885,0.678071,0.460576,0.3987,0.618051,0.529699,0.535494,0.5654,0.340327,0.744617,0.470799,0.2395,0.596793,0.59837,0.532522,0.5248
bhujangasana_tf_0132,bhujangasana,,TF,train,unlabelled,,Apache-2.0,data/datasets/yoga_poses/train/cobra/girl1_cobra078.jpg,True,300,300,True,0.9997,0.0216,75.962,74.789,132.077,161.311,41.287,23.181,134.345,49.725,113.475,139.676,74.789,75.962,132.077,161.311,113.475,139.676,49.725,134.345,15.335,64.434,134.345,75.962,132.077,64.434,14.091,-14.091,16.942,2.526,4.617,42.255,-0.9699,-0.4612,1.1517,0.984,0.164213,0.251591,-0.443093,0.9999,0.185519,0.214636,-0.455748,0.9999,0.200632,0.212073,-0.45465,0.9999,0.218302,0.209328,-0.454851,0.9999,0.158619,0.215606,-0.429767,0.9999,0.151684,0.214511,-0.431167,0.9999,0.144655,0.213293,-0.430285,0.9998,0.274071,0.214928,-0.436976,0.9999,0.171555,0.217668,-0.346712,0.9999,0.198016,0.28911,-0.434687,0.9999,0.168727,0.28477,-0.405886,0.9999,0.457959,0.38592,-0.372183,0.9999,0.184512,0.373854,-0.24077,0.9997,0.614989,0.552101,-0.367966,0.9695,0.291688,0.469781,-0.06298,0.0216,0.829395,0.547232,-0.410146,0.7851,0.343063,0.560655,0.010277,0.05,0.891153,0.545813,-0.44166,0.7144,0.35203,0.578124,0.030895,0.068,0.895735,0.541452,-0.471055,0.7434,0.353193,0.583249,0.008722,0.077,0.869523,0.54541,-0.427063,0.7455,0.358703,0.579423,0.003582,0.0916,0.46782,0.656047,-0.033394,1.0,0.310097,0.643309,0.034869,1.0,0.620197,0.79448,0.049888,0.9726,0.350146,0.556378,0.148135,0.8123,0.720169,0.608165,0.294659,0.8097,0.399961,0.598098,0.355058,0.5821,0.722905,0.575739,0.321553,0.7585,0.423346,0.606898,0.37219,0.5626,0.77149,0.619433,0.320613,0.7369,0.384263,0.639754,0.373794,0.572
bhujangasana_tf_0133,bhujangasana,,TF,train,unlabelled,,Apache-2.0,data/datasets/yoga_poses/train/cobra/girl1_cobra081.jpg,True,300,300,True,0.9993,0.013,69.096,137.996,134.274,168.301,37.651,5.925,140.482,85.685,115.443,150.953,69.096,137.996,134.274,168.301,115.443,150.953,85.685,140.482,0.924,59.284,140.482,69.096,134.274,59.284,17.496,-17.496,19.335,6.95,11.359,32.439,-0.9537,-0.383,0.7621,0.8912,0.136368,0.256087,-0.422329,0.9997,0.156377,0.218159,-0.442597,0.9996,0.16942,0.215519,-0.441487,0.9996,0.185087,0.212476,-0.441838,0.9996,0.133954,0.219093,-0.415628,0.9994,0.129128,0.217852,-0.416867,0.9993,0.124488,0.216411,-0.416025,0.9991,0.246113,0.215506,-0.441994,0.9996,0.15955,0.219894,-0.33502,0.9994,0.171327,0.288882,-0.417559,0.9995,0.14625,0.285481,-0.384953,0.9994,0.442657,0.382559,-0.384165,0.9998,0.186561,0.351341,-0.229522,0.9993,0.601477,0.553326,-0.362114,0.9683,0.275006,0.482229,-0.07364,0.013,0.812027,0.558289,-0.38324,0.8579,0.319893,0.59141,0.007774,0.0221,0.860406,0.55843,-0.40613,0.801,0.326742,0.612217,0.025042,0.033,0.867728,0.555461,-0.429222,0.829,0.32619,0.616659,-0.000679,0.0386,0.840681,0.564615,-0.39337,0.8251,0.333149,0.611372,-0.001124,0.0449,0.467928,0.656349,-0.039267,0.9999,0.335344,0.629714,0.040641,0.9998,0.625157,0.814725,0.019326,0.9496,0.39127,0.594168,0.161505,0.718,0.710942,0.62477,0.278255,0.6859,0.490756,0.610933,0.367047,0.4363,0.718241,0.582559,0.306523,0.6021,0.512834,0.60777,0.386038,0.3886,0.740137,0.639112,0.315214,0.6139,0.510164,0.663203,0.389469,0.4516
bhujangasana_tf_0134,bhujangasana,,TF,train,unlabelled,,Apache-2.0,data/datasets/yoga_poses/train/cobra/girl1_cobra087.jpg,True,300,300,True,0.9996,0.0091,85.148,27.625,139.077,172.341,31.78,12.1,150.21,38.722,116.012,142.803,27.625,85.148,139.077,172.341,116.012,142.803,38.722,150.21,8.411,50.676,150.21,85.148,139.077,50.676,21.668,-21.668,19.139,7.498,6.284,22.493,-0.9293,-0.3816,1.5045,0.7782,0.098735,0.257882,-0.406576,0.9999,0.115259,0.225234,-0.428612,0.9999,0.125655,0.222899,-0.427597,0.9999,0.137079,0.220484,-0.42796,0.9999,0.098152,0.225975,-0.398469,0.9999,0.094827,0.224848,-0.399895,0.9999,0.091754,0.223686,-0.399024,0.9998,0.202831,0.22174,-0.438833,0.9999,0.134907,0.227888,-0.317661,0.9999,0.133404,0.292287,-0.406354,0.9999,0.113744,0.289567,-0.370213,0.9999,0.412023,0.387617,-0.390089,0.9998,0.180535,0.357149,-0.225633,0.9996,0.580368,0.555423,-0.366883,0.897,0.293336,0.487435,-0.091065,0.0091,0.785131,0.56969,-0.394701,0.6705,0.381102,0.621416,-0.034548,0.0113,0.840996,0.566829,-0.420387,0.5896,0.39512,0.646471,-0.033294,0.018,0.847837,0.561042,-0.447331,0.6379,0.404435,0.649601,-0.057361,0.0207,0.820211,0.567159,-0.4067,0.6326,0.408552,0.640884,-0.044527,0.0242,0.476194,0.658821,-0.057773,0.9999,0.337917,0.643595,0.058932,0.9998,0.608989,0.800717,0.080154,0.9303,0.279083,0.619234,0.352345,0.5645,0.756631,0.637008,0.382085,0.7362,0.305466,0.650807,0.55529,0.5178,0.780012,0.586358,0.414111,0.6427,0.335076,0.652984,0.571138,0.4491,0.821493,0.647386,0.420788,0.6718,0.258287,0.720331,0.576131,0.5107
bhujangasana_tf_0135,bhujangasana,,TF,train,unlabelled,,Apache-2.0,data/datasets/yoga_poses/train/cobra/girl1_cobra088.jpg,True,300,300,True,0.9996,0.0111,85.367,60.366,141.282,174.353,34.025,16.623,147.812,72.018,116.409,141.735,60.366,85.367,141.282,174.353,116.409,141.735,72.018,147.812,14.062,51.49,147.812,85.367,141.282,51.49,18.673,-18.673,23.289,8.119,0.931,6.221,-0.9474,-0.3444,1.667,0.7415,0.09389,0.258716,-0.405388,0.9999,0.109939,0.225846,-0.427638,0.9999,0.120009,0.223643,-0.426682,0.9999,0.131307,0.221123,-0.426916,0.9999,0.093733,0.226449,-0.397783,0.9999,0.090855,0.225135,-0.399293,0.9998,0.088233,0.223713,-0.398319,0.9998,0.196856,0.222389,-0.440829,0.9999,0.130192,0.227187,-0.319645,0.9999,0.128526,0.292151,-0.405924,0.9999,0.109718,0.289699,-0.369744,0.9998,0.401884,0.380586,-0.38752,0.9998,0.176432,0.348422,-0.233606,0.9996,0.579222,0.55109,-0.370846,0.9257,0.29697,0.48794,-0.105277,0.0111,0.78209,0.569397,-0.397206,0.7478,0.38512,0.612998,-0.061692,0.0135,0.841676,0.568197,-0.419414,0.6666,0.402927,0.637537,-0.061261,0.0206,0.845125,0.564126,-0.447361,0.709,0.409129,0.63808,-0.085972,0.0234,0.819676,0.568471,-0.408911,0.6946,0.4109,0.629623,-0.072348,0.0277,0.461073,0.656664,-0.056649,0.9999,0.313905,0.654273,0.057882,0.9998,0.595037,0.793995,0.062152,0.9395,0.252044,0.661016,0.355916,0.5984,0.770987,0.59214,0.345566,0.7358,0.266843,0.681494,0.600533,0.4441,0.790075,0.591651,0.376153,0.6317,0.296326,0.684658,0.621539,0.428,0.832478,0.654333,0.384705,0.6728,0.205934,0.745009,0.644908,0.4501
bhujangasana_tf_0136,bhujangasana,,TF,train,unlabelled,,Apache-2.0,data/datasets/yoga_poses/train/cobra/girl1_cobra089.jpg,True,300,300,True,0.9996,0.0095,96.951,103.537,142.878,177.894,30.925,13.768,139.098,78.273,118.805,139.526,96.951,103.537,142.878,177.894,118.805,139.526,78.273,139.098,12.804,47.499,139.098,96.951,142.878,47.499,21.08,-21.08,19.746,2.619,1.786,15.943,-0.9331,-0.3918,1.7093,0.7429,0.090417,0.259321,-0.412731,0.9999,0.106816,0.226164,-0.434019,0.9998,0.117043,0.223723,-0.433037,0.9999,0.128757,0.221248,-0.433231,0.9998,0.090747,0.227035,-0.405129,0.9999,0.088014,0.225829,-0.406747,0.9999,0.085527,0.224463,-0.405769,0.9998,0.193262,0.224062,-0.443626,0.9999,0.128972,0.227526,-0.326071,0.9999,0.124218,0.293167,-0.411707,0.9999,0.105827,0.291183,-0.376854,0.9998,0.399015,0.379679,-0.381048,0.9998,0.180492,0.369685,-0.235511,0.9996,0.571449,0.554405,-0.353395,0.8767,0.291721,0.495681,-0.071011,0.0095,0.76887,0.58305,-0.375348,0.5958,0.381696,0.605482,0.021931,0.0147,0.834219,0.57216,-0.392049,0.5072,0.401423,0.628392,0.023906,0.0217,0.838115,0.566131,-0.425211,0.5765,0.406927,0.625821,0.008193,0.025,0.807218,0.575069,-0.388347,0.5787,0.407133,0.616178,0.01607,0.0278,0.465285,0.651602,-0.056768,0.9999,0.326035,0.647259,0.057905,0.9998,0.609787,0.754298,0.108859,0.837,0.265938,0.664427,0.432711,0.3691,0.761552,0.587816,0.404292,0.66,0.266547,0.678919,0.72948,0.4086,0.782212,0.576951,0.435635,0.5879,0.294625,0.681704,0.753945,0.4006,0.829757,0.617625,0.424757,0.6256,0.199876,0.743179,0.758873,0.4435
bhujangasana_tf_0137,bhujangasana,,TF,train,unlabelled,,Apache-2.0,data/datasets/yoga_poses/train/cobra/girl1_cobra090.jpg,True,300,300,True,0.9996,0.0181,103.562,119.735,138.353,176.286,31.34,1.014,132.341,72.121,116.26,154.457,103.562,119.735,138.353,176.286,116.26,154.457,72.121,132.341,2.743,49.889,132.341,103.562,138.353,49.889,21.443,-21.443,17.842,3.291,4.355,10.407,-0.9308,-0.4186,1.7499,0.836,0.083734,0.263208,-0.465165,0.9999,0.102121,0.228847,-0.485832,0.9999,0.11176,0.227064,-0.484755,0.9999,0.123109,0.224929,-0.484808,0.9998,0.086036,0.228618,-0.458097,0.9999,0.083782,0.226858,-0.459727,0.9999,0.081941,0.225011,-0.458791,0.9998,0.189387,0.227496,-0.488329,0.9998,0.127774,0.227296,-0.377132,0.9999,0.119978,0.296563,-0.461221,0.9999,0.100674,0.293697,-0.427932,0.9999,0.401853,0.387854,-0.399111,0.9997,0.166776,0.374336,-0.275266,0.9996,0.576503,0.56134,-0.348549,0.8876,0.230767,0.498464,-0.074621,0.0181,0.775811,0.572349,-0.35832,0.5589,0.279364,0.609923,0.053179,0.0308,0.838301,0.569801,-0.374381,0.4687,0.266962,0.617479,0.051289,0.0415,0.838391,0.564155,-0.413457,0.5552,0.294877,0.628897,0.04146,0.0492,0.814761,0.566376,-0.374846,0.5833,0.302033,0.621235,0.049308,0.0534,0.466309,0.64926,-0.047054,0.9999,0.308245,0.637222,0.048201,0.9998,0.628185,0.737113,0.175054,0.8243,0.283635,0.641742,0.401884,0.4749,0.765538,0.584845,0.455595,0.8142,0.278084,0.657568,0.733677,0.4805,0.785341,0.609011,0.484699,0.7196,0.303088,0.656187,0.760781,0.4396,0.829502,0.621224,0.442399,0.7941,0.219388,0.722224,0.739122,0.554
bhujangasana_tf_0138,bhujangasana,,TF,train,unlabelled,,Apache-2.0,data/datasets/yoga_poses/train/cobra/girl1_cobra091.jpg,True,300,300,True,0.9986,0.0285,124.432,70.549,134.809,179.278,29.115,0.413,132.242,144.079,116.786,156.775,70.549,124.432,134.809,179.278,116.786,156.775,132.242,144.079,0.726,49.655,132.242,124.432,134.809,49.655,19.396,-19.396,24.608,12.009,0.127,28.683,-0.9432,-0.3376,1.158,0.8323,0.078268,0.266062,-0.475418,0.9993,0.096108,0.228805,-0.495775,0.9991,0.105937,0.227161,-0.494848,0.9992,0.117295,0.225266,-0.495064,0.9991,0.079573,0.228395,-0.467031,0.9991,0.077603,0.226668,-0.468591,0.9991,0.076008,0.224554,-0.46764,0.999,0.182503,0.22931,-0.501748,0.9992,0.122482,0.228968,-0.387552,0.9995,0.115074,0.298602,-0.473327,0.999,0.095388,0.29537,-0.438944,0.9989,0.39847,0.387749,-0.409528,0.9989,0.164911,0.338066,-0.295669,0.9986,0.560783,0.563808,-0.341947,0.892,0.229703,0.486807,-0.125248,0.0285,0.762087,0.571316,-0.307518,0.639,0.277862,0.601279,-0.040995,0.0373,0.833509,0.56876,-0.31736,0.5757,0.282962,0.613532,-0.046468,0.0523,0.833657,0.562807,-0.350266,0.6422,0.293149,0.615904,-0.060619,0.0624,0.806971,0.564479,-0.320543,0.6599,0.301414,0.612592,-0.04812,0.066,0.457701,0.633351,-0.040155,0.9995,0.296239,0.633708,0.041432,0.9986,0.56002,0.68933,0.152286,0.8579,0.290017,0.663056,0.357469,0.5783,0.667968,0.634603,0.433927,0.7363,0.336486,0.656953,0.68006,0.4566,0.678522,0.614364,0.463966,0.6049,0.360564,0.648162,0.70909,0.3634,0.688321,0.644386,0.430848,0.7449,0.308691,0.710736,0.689476,0.5585
bhujangasana_tf_0139,bhujangasana,,TF,train,unlabelled,,Apache-2.0,data/datasets/yoga_poses/train/cobra/girl1_cobra092.jpg,True,300,300,True,0.9993,0.0191,93.842,21.714,141.287,171.975,30.334,0.229,142.301,109.411,117.094,154.53,21.714,93.842,141.287,171.975,117.094,154.53,109.411,142.301,3.57,47.669,142.301,93.842,141.287,47.669,22.7,-22.7,18.787,4.679,0.598,37.064,-0.9225,-0.3784,1.443,0.7852,0.074899,0.266445,-0.417027,0.9998,0.092208,0.230074,-0.437607,0.9997,0.102634,0.228378,-0.436661,0.9997,0.114522,0.226473,-0.436859,0.9996,0.075367,0.229682,-0.408503,0.9997,0.073312,0.228191,-0.410094,0.9997,0.07164,0.226311,-0.409148,0.9997,0.180448,0.228505,-0.446635,0.9997,0.119063,0.230613,-0.330011,0.9999,0.113144,0.298709,-0.416196,0.9997,0.093028,0.297027,-0.381249,0.9997,0.394463,0.386359,-0.377083,0.9995,0.165825,0.367645,-0.236153,0.9994,0.566569,0.555068,-0.333249,0.8601,0.235187,0.491404,-0.065685,0.0191,0.76259,0.57469,-0.343636,0.5425,0.281413,0.61031,0.033064,0.0322,0.829948,0.568913,-0.358705,0.4734,0.271452,0.636075,0.029038,0.045,0.830228,0.565498,-0.394325,0.5589,0.295961,0.629531,0.016048,0.0543,0.808244,0.564351,-0.35812,0.5966,0.303142,0.623287,0.027183,0.0587,0.465531,0.647271,-0.054565,0.9997,0.320237,0.645756,0.055722,0.9993,0.606517,0.753761,0.1379,0.8128,0.294349,0.674966,0.401664,0.4379,0.74908,0.589218,0.408062,0.7764,0.332779,0.655607,0.724051,0.4249,0.7856,0.60126,0.436861,0.7209,0.36296,0.645043,0.751498,0.4058,0.824523,0.618609,0.398891,0.7756,0.29432,0.719056,0.738634,0.5352
bhujangasana_tf_0140,bhujangasana,,TF,train,unlabelled,,Apache-2.0,data/datasets/yoga_poses/train/cobra/girl1_cobra093.jpg,True,300,300,True,0.9995,0.0131,128.376,18.608,144.712,172.766,30.885,6.56,127.987,100.077,116.876,146.238,18.608,128.376,144.712,172.766,116.876,146.238,100.077,127.987,3.136,46.955,127.987,128.376,144.712,46.955,23.991,-23.991,17.04,5.934,3.943,21.818,-0.9136,-0.3978,1.462,0.8248,0.068674,0.262765,-0.448139,0.9999,0.086543,0.228697,-0.46869,0.9998,0.097511,0.227695,-0.467681,0.9998,0.109683,0.226154,-0.467836,0.9998,0.068494,0.227124,-0.440479,0.9998,0.065615,0.225203,-0.442026,0.9998,0.063229,0.223085,-0.441107,0.9998,0.176473,0.230274,-0.471961,0.9998,0.109175,0.228454,-0.359574,0.9999,0.106126,0.297888,-0.444389,0.9998,0.084458,0.294544,-0.410819,0.9998,0.387339,0.388212,-0.397634,0.9995,0.153652,0.363925,-0.258967,0.9995,0.561792,0.550584,-0.349181,0.8163,0.241603,0.479854,-0.076086,0.0131,0.760415,0.57729,-0.362996,0.4845,0.306898,0.593166,0.031611,0.0245,0.832942,0.569296,-0.379865,0.4173,0.290181,0.62753,0.026555,0.0364,0.836623,0.56576,-0.415701,0.4977,0.325301,0.612261,0.013848,0.0435,0.811481,0.569045,-0.378043,0.5333,0.331549,0.605916,0.02617,0.0458,0.460758,0.641431,-0.052962,0.9998,0.311863,0.631169,0.054167,0.9996,0.557298,0.680079,0.170942,0.7285,0.282491,0.656436,0.425902,0.3634,0.718514,0.587728,0.455009,0.7461,0.306287,0.646776,0.767797,0.3747,0.740835,0.587809,0.484903,0.7037,0.336894,0.636849,0.796157,0.3773,0.802374,0.630614,0.443909,0.7425,0.261324,0.722041,0.784504,0.4679
bhujangasana_tf_0141,bhujangasana,,TF,train,unlabelled,,Apache-2.0,data/datasets/yoga_poses/train/cobra/girl1_cobra094.jpg,True,300,300,True,0.9988,0.0084,100.59,49.692,140.888,164.685,30.143,18.721,145.454,90.222,115.239,138.275,49.692,100.59,140.888,164.685,115.239,138.275,90.222,145.454,11.438,47.158,145.454,100.59,140.888,47.158,24.426,-24.426,17.843,6.694,4.836,30.509,-0.9105,-0.3709,1.5096,0.7818,0.068143,0.274057,-0.421993,0.9998,0.081552,0.239571,-0.443747,0.9997,0.091609,0.237902,-0.442718,0.9997,0.102712,0.235479,-0.442888,0.9997,0.066205,0.238205,-0.414893,0.9997,0.064289,0.236303,-0.416327,0.9997,0.062301,0.234282,-0.415493,0.9997,0.171251,0.234163,-0.45137,0.9997,0.108541,0.237468,-0.336683,0.9998,0.104756,0.306707,-0.419153,0.9996,0.085416,0.304179,-0.384977,0.9996,0.387965,0.396533,-0.397154,0.9994,0.15964,0.369736,-0.23179,0.9988,0.56757,0.5597,-0.336024,0.7985,0.287824,0.481133,-0.062464,0.0084,0.756046,0.570046,-0.337743,0.54,0.373285,0.609312,0.026088,0.0165,0.825627,0.5669,-0.35901,0.4811,0.381844,0.630051,0.023387,0.0266,0.827219,0.564243,-0.389928,0.5608,0.393175,0.635163,0.006678,0.0321,0.804119,0.565933,-0.350482,0.5723,0.400285,0.626326,0.019172,0.0338,0.470683,0.657244,-0.062264,0.9998,0.320121,0.644506,0.063778,0.9993,0.594801,0.753696,0.153077,0.758,0.269215,0.674503,0.434995,0.2671,0.716205,0.646063,0.443216,0.6697,0.273286,0.675919,0.754891,0.2769,0.73303,0.619012,0.474757,0.6513,0.302201,0.669188,0.78147,0.3445,0.772528,0.681363,0.452222,0.6669,0.219425,0.757912,0.787928,0.3786
bhujangasana_tf_0142,bhujangasana,,TF,train,unlabelled,,Apache-2.0,data/datasets/yoga_poses/train/cobra/girl1_cobra096.jpg,True,300,300,True,0.9986,0.0128,54.63,93.236,145.115,162.503,29.47,10.121,157.385,39.444,115.281,143.679,54.63,93.236,145.115,162.503,115.281,143.679,39.444,157.385,2.847,44.986,157.385,54.63,145.115,44.986,27.248,-27.248,17.079,12.312,13.012,47.652,-0.889,-0.3502,1.1437,0.8107,0.063047,0.275707,-0.39029,0.9989,0.078771,0.24339,-0.410964,0.999,0.089727,0.241791,-0.409869,0.9991,0.102495,0.239562,-0.410088,0.9992,0.061751,0.241818,-0.379926,0.9986,0.059203,0.239673,-0.381308,0.9985,0.056823,0.237608,-0.380422,0.9984,0.170597,0.239278,-0.415335,0.9992,0.100712,0.240393,-0.295348,0.9992,0.101126,0.310402,-0.38833,0.9983,0.078733,0.306398,-0.351426,0.9982,0.386034,0.403099,-0.35785,0.9992,0.154956,0.352667,-0.204565,0.9986,0.556858,0.550536,-0.33157,0.9264,0.270947,0.474489,-0.02653,0.0128,0.737901,0.569283,-0.31611,0.6253,0.323746,0.582273,0.092294,0.0197,0.802248,0.564541,-0.338798,0.5163,0.331298,0.602227,0.108073,0.0331,0.804717,0.555126,-0.36391,0.5496,0.337897,0.614084,0.091822,0.0392,0.776604,0.563472,-0.327812,0.5906,0.343337,0.612418,0.088344,0.0526,0.47598,0.65386,-0.045379,0.9995,0.332135,0.620618,0.046622,0.9992,0.51689,0.698745,-0.010511,0.9457,0.339957,0.545822,0.137683,0.6198,0.274111,0.728457,0.221259,0.7949,0.559937,0.556325,0.282425,0.6513,0.281686,0.735495,0.248697,0.6769,0.600987,0.557764,0.30039,0.6115,0.214918,0.809909,0.255909,0.621,0.578056,0.58278,0.297245,0.6589
bhujangasana_tf_0143,bhujangasana,,TF,train,unlabelled,,Apache-2.0,data/datasets/yoga_poses/train/cobra/girl1_cobra099.jpg,True,300,300,True,0.9993,0.0155,80.005,127.633,143.545,169.644,27.661,5.172,159.669,71.436,115.825,144.233,80.005,127.633,143.545,169.644,115.825,144.233,71.436,159.669,0.785,43.032,159.669,127.633,143.545,43.032,28.724,-28.724,17.021,12.458,14.095,53.546,-0.8769,-0.3147,1.4256,0.7623,0.063532,0.282962,-0.351216,0.9981,0.078021,0.249489,-0.373994,0.9985,0.087668,0.247708,-0.372792,0.9988,0.099521,0.245577,-0.373134,0.9989,0.061772,0.249351,-0.341119,0.9981,0.059198,0.24754,-0.342349,0.9981,0.05656,0.245653,-0.341641,0.9981,0.163579,0.246081,-0.385945,0.9992,0.093426,0.248731,-0.257656,0.9993,0.099371,0.316632,-0.352067,0.9987,0.078345,0.31247,-0.313187,0.9987,0.372914,0.40167,-0.335188,0.9993,0.150271,0.35248,-0.169862,0.9996,0.544082,0.551497,-0.315194,0.8944,0.259379,0.481801,0.025311,0.0155,0.711128,0.565351,-0.306314,0.5384,0.321225,0.589799,0.167114,0.0187,0.773964,0.561834,-0.324939,0.4868,0.334187,0.611591,0.190868,0.0345,0.776455,0.560447,-0.34532,0.5224,0.34088,0.621651,0.176233,0.0426,0.748117,0.556326,-0.315188,0.5545,0.343701,0.617579,0.165422,0.0541,0.471233,0.655908,-0.041445,0.9995,0.339437,0.622815,0.042716,0.9997,0.473323,0.803446,-0.008556,0.9007,0.391119,0.552853,0.026296,0.7567,0.328523,0.780035,0.239796,0.6112,0.685457,0.546795,0.123274,0.6593,0.311815,0.752065,0.267817,0.5604,0.727287,0.540568,0.138316,0.6521,0.262297,0.841245,0.278892,0.4156,0.743372,0.562712,0.128293,0.6761
bhujangasana_tf_0144,bhujangasana,,TF,train,unlabelled,,Apache-2.0,data/datasets/yoga_poses/train/cobra/girl1_cobra102.jpg,True,300,300,True,0.9995,0.0315,115.541,176.909,151.451,148.683,22.398,0.477,134.11,58.015,117.201,157.651,115.541,176.909,148.683,151.451,117.201,157.651,58.015,134.11,13.671,34.722,134.11,115.541,151.451,34.722,32.553,-32.553,10.416,13.497,3.502,4.035,-0.8429,-0.3251,1.8617,0.7245,0.05445,0.286898,-0.392161,0.9999,0.071137,0.251436,-0.414304,0.9999,0.081552,0.249909,-0.413218,0.9999,0.093357,0.248519,-0.413212,0.9999,0.055002,0.249534,-0.384991,0.9999,0.053395,0.24752,-0.386308,0.9999,0.051743,0.245597,-0.38541,0.9999,0.158191,0.25231,-0.424714,0.9998,0.104021,0.249722,-0.309278,1.0,0.09141,0.321421,-0.391722,0.9999,0.070001,0.316451,-0.356967,0.9999,0.375343,0.418727,-0.358405,0.9995,0.148627,0.364311,-0.202995,0.9999,0.539479,0.554151,-0.24101,0.7561,0.247005,0.502015,0.006794,0.0315,0.699058,0.5851,-0.162299,0.3471,0.256156,0.625852,0.117488,0.0543,0.752827,0.565649,-0.175014,0.3119,0.236196,0.648796,0.115417,0.0814,0.745795,0.567827,-0.205533,0.3582,0.257806,0.651947,0.091015,0.0974,0.715331,0.581492,-0.173363,0.393,0.274262,0.641271,0.105882,0.1097,0.507909,0.667242,-0.039689,0.9999,0.362407,0.658338,0.041023,0.9998,0.729535,0.730932,0.131733,0.9845,0.26866,0.664952,0.327983,0.8385,0.851272,0.593693,0.401985,0.9699,0.256375,0.665154,0.585813,0.7578,0.857145,0.584551,0.431155,0.9343,0.279412,0.662893,0.605461,0.6742,0.907893,0.583995,0.395555,0.9615,0.209828,0.71931,0.587518,0.7906
bhujangasana_tf_0145,bhujangasana,,TF,train,unlabelled,,Apache-2.0,data/datasets/yoga_poses/train/cobra/girl1_cobra110.jpg,True,300,300,True,0.9998,0.0204,123.675,38.354,150.219,156.238,23.763,3.825,132.776,33.704,116.699,158.164,38.354,123.675,150.219,156.238,116.699,158.164,33.704,132.776,13.841,36.625,132.776,123.675,150.219,36.625,31.685,-31.685,9.894,13.046,6.062,16.1,-0.851,-0.3724,1.8081,0.6912,0.059682,0.300805,-0.373616,1.0,0.07664,0.267905,-0.398429,0.9999,0.085757,0.266569,-0.397477,0.9999,0.096357,0.265153,-0.397584,0.9999,0.062895,0.266576,-0.366659,0.9999,0.061562,0.265165,-0.368032,0.9999,0.060368,0.263555,-0.367173,0.9999,0.160275,0.272843,-0.415347,0.9999,0.10826,0.270213,-0.287773,1.0,0.092337,0.337195,-0.376583,0.9999,0.073004,0.331981,-0.337972,0.9999,0.372126,0.443873,-0.356625,0.9998,0.158235,0.394313,-0.189291,0.9999,0.545332,0.58696,-0.289629,0.8479,0.242941,0.530651,0.007402,0.0204,0.714675,0.616148,-0.273638,0.5495,0.259475,0.646964,0.133663,0.0475,0.768096,0.603623,-0.292199,0.4678,0.244311,0.668694,0.134413,0.0666,0.775756,0.596055,-0.330116,0.5336,0.26551,0.671682,0.114935,0.0798,0.733078,0.600288,-0.289129,0.5747,0.278483,0.665049,0.125544,0.0937,0.499051,0.696497,-0.046819,0.9999,0.364971,0.682258,0.048047,0.9998,0.696386,0.753456,0.096852,0.9736,0.261001,0.643139,0.280469,0.7235,0.866618,0.609472,0.344774,0.9434,0.301183,0.70994,0.492219,0.7199,0.878965,0.596619,0.371627,0.8847,0.333307,0.718416,0.507713,0.6444,0.931243,0.626143,0.346767,0.9172,0.273245,0.774265,0.494057,0.746
bhujangasana_tf_0146,bhujangasana,,TF,train,unlabelled,,Apache-2.0,data/datasets/yoga_poses/train/cobra/girl1_cobra112.jpg,True,300,300,True,0.9997,0.0152,126.834,48.693,157.724,156.871,26.351,5.758,131.238,34.219,117.964,148.879,48.693,126.834,156.871,157.724,117.964,148.879,34.219,131.238,3.533,35.545,131.238,126.834,157.724,35.545,31.034,-31.034,8.011,13.977,4.904,14.748,-0.8569,-0.3682,1.7859,0.6398,0.067842,0.296339,-0.31319,0.9999,0.086843,0.260883,-0.334902,0.9999,0.096602,0.259434,-0.333883,0.9999,0.10784,0.258399,-0.333993,0.9999,0.070334,0.260991,-0.303296,0.9999,0.068428,0.259649,-0.304515,0.9999,0.066695,0.258226,-0.303862,0.9999,0.170306,0.268712,-0.346477,0.9999,0.114886,0.264977,-0.221138,1.0,0.099292,0.333588,-0.314834,0.9999,0.079342,0.328841,-0.276769,0.9999,0.367464,0.443312,-0.303045,0.9997,0.162638,0.392332,-0.124026,0.9999,0.552419,0.58349,-0.236333,0.793,0.284843,0.535858,0.035399,0.0152,0.710755,0.625568,-0.213646,0.4426,0.322653,0.657373,0.113068,0.0321,0.765854,0.609737,-0.230444,0.3858,0.317035,0.685834,0.114468,0.0494,0.772178,0.606723,-0.26194,0.4307,0.335209,0.68612,0.090072,0.0589,0.741136,0.620083,-0.226033,0.4785,0.344678,0.676459,0.102192,0.0705,0.498347,0.705932,-0.049363,0.9999,0.371917,0.695084,0.05085,0.9999,0.684331,0.75489,0.016852,0.988,0.237778,0.643253,0.225665,0.8302,0.851167,0.622572,0.236963,0.9476,0.274427,0.742969,0.347635,0.8224,0.858764,0.611799,0.262492,0.9024,0.309115,0.761438,0.354447,0.7713,0.924022,0.623109,0.249703,0.9084,0.236037,0.810677,0.345836,0.7929
bhujangasana_tf_0147,bhujangasana,,TF,train,unlabelled,,Apache-2.0,data/datasets/yoga_poses/train/cobra/girl1_cobra115.jpg,True,300,300,True,0.9999,0.0306,100.245,41.429,158.027,171.304,27.246,0.264,145.437,4.115,118.496,146.478,41.429,100.245,158.027,171.304,118.496,146.478,4.115,145.437,3.843,36.836,145.437,100.245,158.027,36.836,31.658,-31.658,6.443,9.57,8.205,30.768,-0.8512,-0.3776,0.9118,0.6371,0.079776,0.299397,-0.313246,0.9999,0.098815,0.266036,-0.334643,0.9999,0.108907,0.2655,-0.333486,0.9999,0.119071,0.264791,-0.333952,0.9999,0.083998,0.263289,-0.302505,0.9999,0.08228,0.261451,-0.303764,0.9999,0.080607,0.259503,-0.303154,0.9999,0.175778,0.27468,-0.348515,0.9999,0.123135,0.26892,-0.224685,1.0,0.10686,0.335862,-0.316503,0.9999,0.087414,0.330326,-0.278734,0.9999,0.377498,0.445036,-0.33119,0.9999,0.165002,0.409209,-0.124971,0.9999,0.56685,0.593428,-0.315208,0.8809,0.274331,0.551023,0.011139,0.0306,0.746382,0.645288,-0.333751,0.5189,0.351895,0.691334,0.08786,0.0436,0.810484,0.638149,-0.360617,0.4597,0.359413,0.720716,0.107263,0.0589,0.817156,0.637788,-0.383049,0.4967,0.37372,0.728688,0.082855,0.0686,0.775708,0.649641,-0.343827,0.5149,0.380153,0.718928,0.079984,0.0778,0.505247,0.72318,-0.062898,1.0,0.392315,0.706895,0.064421,0.9999,0.620427,0.791754,-0.013737,0.9896,0.346156,0.636492,0.256744,0.7806,0.781705,0.606313,0.192173,0.8982,0.480657,0.67334,0.370374,0.7574,0.794946,0.563456,0.216426,0.8537,0.509493,0.674599,0.37924,0.7039,0.884552,0.628567,0.233694,0.8234,0.501348,0.730878,0.386165,0.7454
bhujangasana_tf_0148,bhujangasana,,TF,train,unlabelled,,Apache-2.0,data/datasets/yoga_poses/train/cobra/girl1_cobra119.jpg,True,300,300,True,0.9999,0.0339,106.136,2.183,156.77,166.726,32.228,6.466,150.097,20.255,117.601,147.984,2.183,106.136,156.77,166.726,117.601,147.984,20.255,150.097,0.027,41.946,150.097,106.136,156.77,41.946,26.665,-26.665,9.624,11.267,12.581,37.701,-0.8936,-0.3933,1.2852,0.6756,0.089607,0.300025,-0.37937,1.0,0.10913,0.268459,-0.395622,1.0,0.118108,0.268052,-0.394552,1.0,0.129118,0.267567,-0.394631,1.0,0.095521,0.265588,-0.362362,1.0,0.094429,0.263634,-0.363961,1.0,0.093344,0.261361,-0.363455,1.0,0.191021,0.280089,-0.397498,1.0,0.13389,0.269864,-0.289928,1.0,0.117303,0.336309,-0.380594,1.0,0.098063,0.329416,-0.345963,1.0,0.384346,0.450754,-0.365547,0.9999,0.166895,0.407433,-0.174888,0.9999,0.582148,0.601543,-0.366178,0.8158,0.252659,0.515215,0.04206,0.0339,0.756429,0.645285,-0.378166,0.2585,0.308908,0.634557,0.134634,0.1064,0.822941,0.647207,-0.414038,0.2493,0.312513,0.659512,0.158197,0.1533,0.822336,0.644199,-0.448032,0.2791,0.329759,0.664519,0.141707,0.1725,0.794022,0.642001,-0.39952,0.2999,0.337907,0.657673,0.132126,0.1883,0.491342,0.737653,-0.060425,1.0,0.354468,0.707107,0.061839,1.0,0.552132,0.788022,0.046566,0.9746,0.263761,0.636997,0.310554,0.7002,0.769017,0.640517,0.316574,0.8753,0.353281,0.711805,0.487117,0.7202,0.773314,0.619376,0.346466,0.8738,0.390014,0.718595,0.498803,0.7335,0.871949,0.654764,0.33459,0.8148,0.339641,0.783695,0.493037,0.7153
bhujangasana_tf_0149,bhujangasana,,TF,train,unlabelled,,Apache-2.0,data/datasets/yoga_poses/train/cobra/girl1_cobra122.jpg,True,300,300,True,0.9999,0.022,129.813,30.034,158.732,177.677,31.623,0.686,122.421,28.687,118.846,149.1,30.034,129.813,158.732,177.677,118.846,149.1,28.687,122.421,0.436,40.831,122.421,129.813,158.732,40.831,26.227,-26.227,8.457,9.523,8.699,12.098,-0.897,-0.401,1.7495,0.6576,0.100653,0.294936,-0.353629,1.0,0.120265,0.264317,-0.376694,1.0,0.128666,0.263918,-0.375561,1.0,0.138939,0.263227,-0.375854,1.0,0.107372,0.261588,-0.346898,1.0,0.10647,0.259498,-0.348257,1.0,0.105607,0.256995,-0.347382,1.0,0.200405,0.275162,-0.394206,1.0,0.146135,0.265321,-0.275761,1.0,0.126256,0.330967,-0.357168,1.0,0.108757,0.324556,-0.320923,1.0,0.389605,0.445721,-0.362766,0.9999,0.174876,0.409698,-0.17592,0.9999,0.579967,0.594736,-0.339893,0.8986,0.25151,0.532235,-0.037647,0.022,0.75723,0.648206,-0.373708,0.6928,0.31841,0.649527,0.049494,0.0372,0.828321,0.645435,-0.397754,0.6158,0.323849,0.675895,0.066219,0.0548,0.823365,0.645688,-0.431303,0.6491,0.340731,0.676806,0.039976,0.062,0.792929,0.644242,-0.388137,0.6596,0.34669,0.670684,0.04102,0.0764,0.496798,0.735143,-0.061412,1.0,0.360312,0.71426,0.062808,1.0,0.63596,0.764972,-0.03109,0.9867,0.239741,0.644712,0.26248,0.7404,0.849202,0.597837,0.185102,0.8977,0.282888,0.719478,0.379165,0.7463,0.855158,0.567755,0.210903,0.8692,0.317069,0.735357,0.386755,0.7402,0.927216,0.583391,0.233829,0.8203,0.232186,0.780048,0.399367,0.7069
bhujangasana_tf_0150,bhujangasana,,TF,train,unlabelled,,Apache-2.0,data/datasets/yoga_poses/train/cobra/girl1_cobra128.jpg,True,300,300,True,0.9999,0.0229,108.715,135.032,170.466,165.196,26.602,8.774,135.895,48.595,110.669,147.84,108.715,135.032,165.196,170.466,110.669,147.84,48.595,135.895,14.933,30.727,135.895,108.715,170.466,30.727,43.231,-43.231,1.918,1.978,1.319,5.688,-0.7286,-0.2914,1.7884,0.6309,0.102286,0.369135,-0.326838,1.0,0.118831,0.334587,-0.344529,1.0,0.129147,0.332983,-0.343327,1.0,0.140693,0.330299,-0.343406,1.0,0.099767,0.335325,-0.314888,1.0,0.096922,0.334966,-0.316167,1.0,0.094288,0.334465,-0.315288,1.0,0.195083,0.331976,-0.346198,1.0,0.133417,0.337364,-0.23122,1.0,0.13348,0.400916,-0.325465,1.0,0.113354,0.399277,-0.290504,1.0,0.394081,0.466155,-0.300803,0.9999,0.191735,0.459167,-0.128731,0.9999,0.590971,0.557104,-0.231258,0.9233,0.297102,0.592494,0.047841,0.0229,0.750634,0.600662,-0.206734,0.7368,0.345493,0.703706,0.137286,0.0713,0.805027,0.595321,-0.227742,0.6521,0.343721,0.730495,0.15047,0.0942,0.796182,0.596808,-0.256376,0.6846,0.358116,0.734984,0.122932,0.1123,0.774885,0.605704,-0.217959,0.6948,0.366894,0.723407,0.126517,0.1304,0.576798,0.695006,-0.048517,1.0,0.44864,0.697956,0.050001,0.9999,0.781899,0.721246,0.064018,0.9856,0.323006,0.71047,0.300532,0.6931,0.843256,0.59548,0.303939,0.9395,0.290541,0.750073,0.471207,0.7249,0.842119,0.585369,0.328886,0.8731,0.314328,0.7545,0.482024,0.7232,0.903988,0.558397,0.294835,0.8897,0.198789,0.792726,0.464845,0.7193
bhujangasana_tf_0151,bhujangasana,,TF,train,unlabelled,,Apache-2.0,data/datasets/yoga_poses/train/cobra/girl1_cobra129.jpg,True,300,300,True,0.9999,0.262,152.554,159.456,173.734,164.107,29.293,27.161,136.273,111.014,105.906,158.677,152.554,159.456,164.107,173.734,105.906,158.677,111.014,136.273,31.9,33.248,136.273,152.554,173.734,31.9,49.122,-49.122,1.97,1.952,5.163,4.079,-0.6545,-0.2555,0.4801,0.5891,0.095075,0.40447,-0.330271,1.0,0.105408,0.374931,-0.348251,0.9999,0.112531,0.374787,-0.347168,0.9999,0.120866,0.373862,-0.347816,0.9999,0.094366,0.372563,-0.317317,0.9999,0.094088,0.371202,-0.318684,0.9999,0.09381,0.369946,-0.317465,0.9999,0.173184,0.36801,-0.357096,0.9999,0.131719,0.368356,-0.231266,1.0,0.120647,0.432708,-0.332379,1.0,0.108177,0.431602,-0.294756,1.0,0.381474,0.48448,-0.330536,0.9999,0.204106,0.478434,-0.136235,1.0,0.588244,0.553716,-0.313063,0.9416,0.277491,0.619951,0.015801,0.262,0.740142,0.586688,-0.357921,0.7838,0.297304,0.717194,0.11176,0.5239,0.785988,0.576943,-0.389105,0.7174,0.281457,0.738647,0.124657,0.4946,0.782694,0.585325,-0.412938,0.7606,0.279763,0.741682,0.106422,0.5344,0.765027,0.58569,-0.368308,0.7744,0.295926,0.728974,0.105664,0.5289,0.560777,0.682262,-0.073539,1.0,0.480403,0.675,0.074524,0.9999,0.732033,0.694474,0.155801,0.9585,0.627742,0.577267,0.345335,0.5224,0.878667,0.631121,0.385514,0.9592,0.761466,0.546361,0.606354,0.635,0.891383,0.605366,0.406806,0.9657,0.782891,0.529239,0.629225,0.7234,0.922953,0.648731,0.353702,0.9451,0.795887,0.582192,0.613296,0.7709
bhujangasana_tf_0152,bhujangasana,,TF,train,unlabelled,,Apache-2.0,data/datasets/yoga_poses/train/cobra/girl1_cobra136.jpg,True,300,300,True,0.9986,0.1016,163.17,166.321,124.262,56.466,30.681,33.937,166.414,161.541,90.326,91.557,163.17,166.321,56.466,124.262,90.326,91.557,161.541,166.414,9.972,12.483,166.414,163.17,124.262,12.483,77.925,-77.925,4.613,8.414,8.977,0.777,-0.2092,0.1443,0.4798,0.6008,0.063446,0.604673,-0.395139,0.9999,0.066172,0.575578,-0.418317,0.9999,0.074163,0.571616,-0.417795,0.9999,0.082227,0.566248,-0.417729,0.9999,0.051991,0.577764,-0.390068,0.9999,0.050148,0.575831,-0.391287,0.9999,0.048297,0.573544,-0.389647,0.9998,0.125351,0.538235,-0.430196,0.9999,0.083324,0.547166,-0.317535,0.9999,0.097193,0.615767,-0.395419,0.9999,0.080821,0.6171,-0.362168,0.9999,0.33927,0.574961,-0.378084,0.9999,0.163371,0.548942,-0.216839,0.9992,0.533639,0.512287,-0.289866,0.9734,0.259259,0.509404,0.008819,0.1016,0.616276,0.576538,-0.212115,0.9113,0.251015,0.551324,0.125064,0.2429,0.657679,0.561687,-0.241438,0.8743,0.236362,0.551723,0.120203,0.3477,0.62449,0.584909,-0.257833,0.8843,0.238823,0.563378,0.08697,0.38,0.609649,0.584984,-0.217414,0.8705,0.255175,0.566492,0.113491,0.3761,0.585396,0.63092,-0.072711,0.9999,0.496098,0.616814,0.074153,0.9986,0.769445,0.628426,0.170202,0.981,0.63996,0.599328,0.336988,0.6603,0.896566,0.588085,0.378153,0.9871,0.75854,0.554736,0.581281,0.7676,0.921708,0.555479,0.399861,0.9474,0.780613,0.537241,0.604166,0.7009,0.928479,0.635737,0.386151,0.9659,0.794258,0.587113,0.638661,0.8282
bhujangasana_tf_0153,bhujangasana,,TF,train,unlabelled,,Apache-2.0,data/datasets/yoga_poses/train/cobra/girl1_cobra137.jpg,True,300,300,True,0.9991,0.1192,165.853,166.304,120.655,76.914,35.164,30.002,163.754,164.937,89.135,94.693,165.853,166.304,76.914,120.655,89.135,94.693,163.754,164.937,6.464,16.002,163.754,165.853,120.655,16.002,77.163,-77.163,8.701,1.577,2.65,1.109,-0.2222,0.1716,0.4272,0.6126,0.074558,0.608126,-0.420517,0.9999,0.074725,0.580215,-0.442725,0.9999,0.081073,0.577007,-0.442247,0.9999,0.088506,0.57204,-0.442226,0.9999,0.063333,0.582282,-0.414636,0.9999,0.062049,0.580532,-0.415964,0.9999,0.061293,0.578985,-0.414216,0.9998,0.1266,0.543345,-0.453192,0.9999,0.088661,0.55627,-0.340443,0.9999,0.104857,0.617225,-0.420729,0.9999,0.089718,0.61966,-0.387621,0.9999,0.342109,0.562968,-0.393454,0.9999,0.172596,0.5583,-0.234836,0.9993,0.534646,0.492789,-0.316957,0.9821,0.257959,0.529165,-0.001796,0.1192,0.615298,0.558845,-0.243168,0.8894,0.261635,0.565609,0.117997,0.2107,0.645577,0.549005,-0.271964,0.813,0.248752,0.566653,0.113509,0.291,0.630085,0.56327,-0.286733,0.8272,0.251588,0.577268,0.080593,0.3208,0.615621,0.563826,-0.248461,0.8211,0.267265,0.579003,0.106607,0.3259,0.567761,0.624013,-0.074855,0.9999,0.48678,0.620265,0.076148,0.9991,0.766368,0.62017,0.16058,0.9674,0.649899,0.609128,0.325872,0.6153,0.905925,0.582107,0.357378,0.9812,0.788888,0.565034,0.560743,0.7372,0.931772,0.552283,0.377781,0.9405,0.811457,0.545531,0.582039,0.6669,0.931215,0.630278,0.364348,0.9648,0.838105,0.602813,0.606093,0.8412
bhujangasana_tf_0154,bhujangasana,,TF,train,unlabelled,,Apache-2.0,data/datasets/yoga_poses/train/cobra/girl1_cobra140.jpg,True,300,300,True,0.9979,0.1238,164.846,163.959,130.887,63.938,30.582,69.378,172.332,173.589,85.965,9.048,163.959,164.846,63.938,130.887,9.048,85.965,172.332,173.589,13.737,104.57,172.332,164.846,130.887,13.737,82.66,-82.66,5.723,2.39,12.709,0.889,-0.1278,0.1845,0.3944,0.5349,0.088599,0.601596,-0.39602,0.9999,0.086146,0.57731,-0.417172,0.9998,0.091165,0.57472,-0.416658,0.9999,0.096629,0.571158,-0.416775,0.9999,0.077774,0.577439,-0.387453,0.9997,0.077114,0.575682,-0.388772,0.9997,0.076643,0.57357,-0.3872,0.9996,0.134893,0.539372,-0.428596,0.9999,0.102422,0.549663,-0.311431,0.9997,0.116378,0.610201,-0.397262,0.9998,0.10334,0.612794,-0.362735,0.9997,0.34257,0.551874,-0.376779,0.9998,0.189308,0.545477,-0.217378,0.9979,0.524873,0.482337,-0.324771,0.9688,0.218057,0.486907,-0.020303,0.1238,0.618171,0.532435,-0.251118,0.8469,0.179973,0.486852,0.083153,0.2252,0.651763,0.518085,-0.282433,0.7649,0.155942,0.480828,0.071701,0.2876,0.652279,0.532136,-0.300495,0.7832,0.161474,0.485825,0.047736,0.3028,0.625063,0.525643,-0.258593,0.7625,0.179403,0.490336,0.073876,0.2983,0.588666,0.593952,-0.072339,0.9999,0.512093,0.576683,0.07386,0.9991,0.776401,0.600621,0.164443,0.9502,0.677676,0.574114,0.320312,0.455,0.915426,0.56822,0.356552,0.9712,0.807429,0.53462,0.553116,0.5771,0.939892,0.540557,0.375894,0.9344,0.830671,0.516629,0.574558,0.5741,0.944659,0.626787,0.356653,0.9533,0.844429,0.577499,0.596451,0.7591
bhujangasana_tf_0155,bhujangasana,,TF,train,unlabelled,,Apache-2.0,data/datasets/yoga_poses/train/cobra/girl2_cobra029.jpg,True,300,300,True,0.9997,0.2177,176.484,179.014,35.917,172.539,8.08,17.286,154.984,155.311,153.744,101.916,176.484,179.014,35.917,172.539,101.916,153.744,154.984,155.311,20.547,85.259,154.984,176.484,35.917,85.259,58.327,-58.327,8.124,5.892,32.602,5.982,-0.5251,-0.204,0.0234,0.2906,0.129332,0.575354,0.247025,0.9999,0.136955,0.561187,0.234528,0.9999,0.139211,0.561029,0.235539,0.9999,0.141491,0.560913,0.23528,0.9999,0.136064,0.560345,0.265314,0.9999,0.137785,0.559485,0.264384,0.9998,0.139716,0.55863,0.265725,0.9999,0.159876,0.56368,0.198224,0.9999,0.159213,0.561141,0.317231,0.9999,0.14063,0.589852,0.233964,0.9997,0.13954,0.590037,0.267408,0.9997,0.194997,0.618801,0.086705,1.0,0.252366,0.612881,0.354999,0.9999,0.262275,0.647245,-0.107412,0.9818,0.345726,0.638205,0.422512,0.2177,0.170517,0.668429,-0.313459,0.9916,0.420191,0.648295,0.459089,0.3913,0.148147,0.661007,-0.350923,0.991,0.445118,0.645688,0.493434,0.4632,0.143623,0.654548,-0.320901,0.9887,0.439843,0.644241,0.483126,0.4435,0.152187,0.658231,-0.302527,0.9757,0.429346,0.645233,0.459282,0.4146,0.378502,0.729051,-0.096027,0.9999,0.406665,0.711039,0.096577,0.9997,0.586111,0.750805,-0.199184,0.9717,0.612111,0.739087,0.021588,0.551,0.811706,0.760519,-0.289727,0.9647,0.815423,0.763286,-0.059084,0.7248,0.841456,0.751702,-0.302697,0.9677,0.843828,0.747837,-0.070963,0.7983,0.860083,0.791201,-0.360699,0.9805,0.858863,0.80189,-0.127517,0.8718
bhujangasana_tf_0156,bhujangasana,,TF,train,unlabelled,,Apache-2.0,data/datasets/yoga_poses/train/cobra/girl2_cobra030.jpg,True,300,300,True,0.9997,0.4215,178.221,179.74,26.89,164.588,9.425,19.005,152.591,153.175,137.979,98.62,178.221,179.74,26.89,164.588,98.62,137.979,152.591,153.175,25.851,99.56,152.591,178.221,26.89,99.56,56.629,-56.629,8.624,7.19,39.163,5.051,-0.5501,-0.2271,0.0438,0.3211,0.133907,0.569493,0.247014,0.9999,0.142092,0.556876,0.232588,0.9999,0.143932,0.556776,0.233613,0.9999,0.145686,0.556744,0.233457,0.9999,0.142241,0.556181,0.265311,0.9999,0.144333,0.555494,0.264358,0.9998,0.146358,0.554882,0.265729,0.9999,0.16338,0.558932,0.187467,0.9999,0.164671,0.55598,0.315563,0.9999,0.144793,0.583128,0.231109,0.9997,0.144899,0.582627,0.267017,0.9997,0.195773,0.61836,0.075279,1.0,0.258757,0.610414,0.345525,0.9999,0.26004,0.645686,-0.10922,0.9788,0.347228,0.634895,0.426898,0.4215,0.165405,0.652063,-0.324509,0.9941,0.420696,0.634965,0.469487,0.5795,0.145784,0.64248,-0.362875,0.9943,0.444675,0.626038,0.502805,0.6278,0.145171,0.634953,-0.337999,0.993,0.438905,0.619811,0.492928,0.6136,0.15234,0.638806,-0.315909,0.9848,0.428542,0.626653,0.469922,0.5858,0.378387,0.734521,-0.098671,0.9999,0.406351,0.711745,0.099271,0.9997,0.582527,0.752565,-0.189968,0.9626,0.611186,0.739246,0.033461,0.5006,0.804122,0.765236,-0.278993,0.9614,0.812787,0.765383,-0.041422,0.6847,0.831479,0.755924,-0.290799,0.9735,0.839117,0.752738,-0.052583,0.7936,0.859058,0.791957,-0.344118,0.9795,0.855869,0.798953,-0.105847,0.8492
bhujangasana_tf_0157,bhujangasana,,TF,train,unlabelled,,Apache-2.0,data/datasets/yoga_poses/train/cobra/girl2_cobra033.jpg,True,300,300,True,0.9995,0.4034,175.378,177.681,39.736,126.303,2.852,16.473,149.508,148.129,138.845,93.142,175.378,177.681,39.736,126.303,93.142,138.845,148.129,149.508,37.18,93.366,149.508,175.378,39.736,93.366,51.079,-51.079,1.98,3.862,41.186,7.296,-0.6283,-0.2532,0.0648,0.3321,0.149835,0.557282,0.24074,0.9996,0.156132,0.547583,0.226395,0.9997,0.158694,0.546727,0.227174,0.9997,0.159983,0.54723,0.227034,0.9998,0.156399,0.54639,0.259672,0.9995,0.1579,0.546162,0.258853,0.9994,0.161638,0.543792,0.260195,0.9996,0.176601,0.550803,0.180203,0.9996,0.178218,0.548525,0.310437,0.9996,0.158183,0.573001,0.222724,0.9993,0.158878,0.570981,0.259892,0.9992,0.210314,0.607633,0.076261,1.0,0.273421,0.603373,0.341312,0.9997,0.268349,0.657447,-0.075192,0.9255,0.377957,0.649586,0.41973,0.4034,0.168157,0.655865,-0.278322,0.9746,0.442331,0.612647,0.446627,0.5281,0.146167,0.646906,-0.324381,0.9783,0.468508,0.594787,0.468994,0.6009,0.146508,0.639962,-0.293693,0.9749,0.459242,0.589179,0.457091,0.5816,0.152495,0.642345,-0.268785,0.9491,0.448435,0.59691,0.445096,0.5641,0.376796,0.736717,-0.10427,0.9999,0.403253,0.713567,0.104902,0.9995,0.571479,0.761644,-0.203858,0.9795,0.593627,0.741854,0.036228,0.4166,0.800438,0.77234,-0.315559,0.9859,0.79217,0.763188,-0.022883,0.7542,0.82939,0.753879,-0.330102,0.9785,0.825628,0.743816,-0.030697,0.8185,0.846258,0.810067,-0.401444,0.9868,0.84148,0.798567,-0.086349,0.8728
bhujangasana_tf_0158,bhujangasana,,TF,train,unlabelled,,Apache-2.0,data/datasets/yoga_poses/train/cobra/girl2_cobra035.jpg,True,300,300,True,0.9997,0.5898,178.788,178.324,41.941,118.857,3.522,16.244,144.808,142.002,146.884,97.806,178.324,178.788,41.941,118.857,97.806,146.884,142.002,144.808,39.014,80.948,144.808,178.788,41.941,80.948,45.68,-45.68,3.822,7.941,24.772,6.976,-0.6987,-0.21,0.0215,0.3822,0.167414,0.553515,0.327911,0.9999,0.172663,0.541691,0.312254,1.0,0.17359,0.542431,0.312851,1.0,0.174204,0.543289,0.312626,1.0,0.173475,0.539821,0.342671,0.9999,0.175239,0.539401,0.341949,0.9999,0.176797,0.53919,0.343149,0.9999,0.187852,0.545351,0.254591,1.0,0.194666,0.54136,0.37484,1.0,0.175907,0.567868,0.306008,0.9999,0.176872,0.564693,0.339962,0.9999,0.213913,0.598445,0.13897,1.0,0.285861,0.588409,0.389155,1.0,0.280133,0.666279,0.006953,0.9529,0.390939,0.650491,0.44052,0.5898,0.174194,0.659337,-0.151272,0.9804,0.456456,0.611795,0.453799,0.6547,0.149501,0.649301,-0.18921,0.9749,0.48107,0.597095,0.476331,0.6637,0.148039,0.641886,-0.155603,0.9712,0.473273,0.587343,0.46335,0.6414,0.156078,0.642566,-0.138842,0.9484,0.462622,0.593859,0.452358,0.6132,0.365396,0.735649,-0.090875,0.9999,0.406314,0.716766,0.091943,0.9997,0.574376,0.76122,-0.214036,0.9628,0.598603,0.746608,0.007632,0.6276,0.794314,0.783423,-0.324089,0.966,0.798401,0.783629,-0.07559,0.8101,0.819787,0.793823,-0.336895,0.9768,0.835219,0.797626,-0.086193,0.8694,0.862687,0.811372,-0.386274,0.9778,0.852297,0.833806,-0.13979,0.8812
bhujangasana_tf_0159,bhujangasana,,TF,train,unlabelled,,Apache-2.0,data/datasets/yoga_poses/train/cobra/girl2_cobra040.jpg,True,300,300,True,0.9994,0.6261,177.211,175.838,60.585,121.278,13.444,23.967,140.82,132.326,144.87,100.395,175.838,177.211,60.585,121.278,100.395,144.87,132.326,140.82,48.572,77.702,140.82,177.211,60.585,77.702,37.431,-37.431,1.219,6.898,29.529,8.248,-0.7941,-0.3583,0.0667,0.4936,0.192573,0.523766,0.174451,1.0,0.19928,0.514661,0.156346,0.9999,0.199251,0.515919,0.156667,0.9999,0.19888,0.517222,0.156558,0.9999,0.202902,0.512151,0.185777,0.9999,0.205738,0.511815,0.18518,0.9999,0.208287,0.511634,0.186346,0.9999,0.210496,0.526866,0.103085,0.9999,0.226613,0.518948,0.220634,0.9999,0.198959,0.540461,0.154144,0.9999,0.202605,0.536478,0.18849,0.9999,0.22229,0.593375,0.004564,0.9999,0.310226,0.582737,0.259907,1.0,0.267942,0.6753,-0.079126,0.9846,0.4045,0.648749,0.270918,0.8508,0.165011,0.674784,-0.179499,0.9778,0.482716,0.614379,0.219282,0.7934,0.144231,0.670118,-0.216434,0.964,0.509068,0.60002,0.220499,0.7763,0.142738,0.657244,-0.185213,0.9614,0.503764,0.59095,0.204345,0.7643,0.149842,0.659153,-0.165184,0.939,0.494452,0.595144,0.21183,0.71,0.357554,0.740617,-0.094232,0.9998,0.393099,0.720483,0.095516,0.9994,0.550118,0.768531,-0.189928,0.9829,0.557698,0.753352,0.042127,0.6261,0.761088,0.788691,-0.256885,0.9885,0.755515,0.778099,0.012473,0.8171,0.783071,0.767631,-0.262392,0.9823,0.773985,0.756225,0.007192,0.8156,0.827129,0.832949,-0.309791,0.9909,0.819721,0.822296,-0.033415,0.9026
bhujangasana_tf_0160,bhujangasana,,TF,train,unlabelled,,Apache-2.0,data/datasets/yoga_poses/train/cobra/girl2_cobra041.jpg,True,300,300,True,0.9995,0.6179,177.988,172.697,64.054,118.508,15.156,23.127,138.664,133.609,144.196,101.041,172.697,177.988,64.054,118.508,101.041,144.196,133.609,138.664,49.333,76.375,138.664,177.988,64.054,76.375,35.711,-35.711,1.519,5.633,29.326,8.093,-0.812,-0.3394,0.0321,0.5042,0.199268,0.526402,0.17293,0.9999,0.204404,0.515453,0.152609,0.9998,0.204189,0.516688,0.152974,0.9998,0.203576,0.517924,0.15282,0.9998,0.208259,0.513148,0.180878,0.9999,0.211081,0.512885,0.180294,0.9999,0.214202,0.513425,0.181392,0.9999,0.214639,0.526969,0.094843,0.9998,0.232349,0.519184,0.207094,0.9999,0.206048,0.543017,0.151424,0.9998,0.209749,0.538622,0.184437,0.9999,0.227263,0.590918,-0.001206,0.9999,0.316165,0.58215,0.247907,1.0,0.267995,0.676638,-0.08812,0.9729,0.407734,0.651773,0.260028,0.8915,0.166111,0.675695,-0.198121,0.975,0.487913,0.615662,0.215061,0.8236,0.144714,0.671963,-0.235963,0.9627,0.514594,0.60164,0.217411,0.8014,0.143289,0.659387,-0.204779,0.9606,0.509193,0.592457,0.202428,0.7892,0.149952,0.660659,-0.183908,0.9358,0.500138,0.596637,0.208356,0.7389,0.355932,0.741191,-0.089967,0.9998,0.394339,0.719615,0.091329,0.9995,0.551634,0.769018,-0.189229,0.9697,0.575624,0.764756,0.042322,0.6179,0.758595,0.791067,-0.249156,0.9817,0.756214,0.785907,0.017752,0.7889,0.783363,0.773404,-0.254378,0.9776,0.774472,0.760369,0.013486,0.7905,0.823249,0.838231,-0.304345,0.986,0.820182,0.828969,-0.029294,0.8719
bhujangasana_tf_0161,bhujangasana,,TF,train,unlabelled,,Apache-2.0,data/datasets/yoga_poses/train/cobra/girl2_cobra042.jpg,True,300,300,True,0.9995,0.6967,177.874,177.721,67.436,119.107,17.188,23.599,137.885,129.473,142.707,102.835,177.721,177.874,67.436,119.107,102.835,142.707,129.473,137.885,49.166,76.402,137.885,177.874,67.436,76.402,34.161,-34.161,1.548,5.851,30.047,8.777,-0.8275,-0.3521,0.0735,0.5017,0.203936,0.522506,0.179289,0.9999,0.207966,0.512577,0.158852,0.9999,0.207966,0.513708,0.15925,0.9998,0.207559,0.514941,0.159076,0.9998,0.210968,0.510915,0.186242,0.9999,0.213315,0.510955,0.185712,0.9999,0.219507,0.509203,0.186632,0.9999,0.219987,0.523627,0.097695,0.9998,0.238295,0.515926,0.206201,0.9999,0.211099,0.5392,0.156127,0.9999,0.21511,0.535467,0.188018,0.9999,0.23174,0.589125,-0.002494,0.9999,0.319758,0.580105,0.242409,1.0,0.266961,0.67665,-0.085061,0.9711,0.410311,0.651878,0.243093,0.919,0.165946,0.675515,-0.191001,0.9694,0.489985,0.618887,0.193805,0.8461,0.1449,0.674232,-0.229693,0.9516,0.516545,0.60642,0.195355,0.8204,0.142704,0.660341,-0.19593,0.9484,0.511935,0.597227,0.178296,0.8095,0.149787,0.661144,-0.176093,0.9194,0.502346,0.600544,0.186142,0.7613,0.355692,0.7416,-0.088491,0.9998,0.39388,0.719509,0.089907,0.9995,0.544205,0.770704,-0.186366,0.9801,0.553507,0.751909,0.054656,0.6967,0.74684,0.79433,-0.24252,0.987,0.741812,0.78239,0.029503,0.827,0.764536,0.802305,-0.246696,0.9858,0.757985,0.76236,0.026082,0.8166,0.806566,0.839066,-0.292314,0.9884,0.804775,0.828609,-0.009846,0.8847
bhujangasana_tf_0162,bhujangasana,,TF,train,unlabelled,,Apache-2.0,data/datasets/yoga_poses/train/cobra/girl2_cobra044.jpg,True,300,300,True,0.9996,0.7448,179.047,178.495,71.171,120.383,17.611,23.752,134.212,125.937,140.786,103.785,178.495,179.047,71.171,120.383,103.785,140.786,125.937,134.212,50.594,75.751,134.212,179.047,71.171,75.751,31.578,-31.578,6.215,6.373,24.945,7.674,-0.8519,-0.3284,0.0748,0.5047,0.213146,0.522866,0.160032,1.0,0.216223,0.512124,0.138612,0.9999,0.215963,0.513125,0.13896,0.9999,0.215353,0.514317,0.138734,0.9999,0.219254,0.510502,0.165323,0.9999,0.224188,0.509255,0.164681,0.9999,0.226652,0.509146,0.165532,0.9999,0.225885,0.521986,0.073087,0.9999,0.245492,0.515881,0.180702,1.0,0.219106,0.537543,0.134943,0.9999,0.222987,0.535128,0.166923,1.0,0.239449,0.587334,-0.020818,0.9999,0.330158,0.577202,0.213003,1.0,0.271865,0.681869,-0.087877,0.9821,0.413578,0.64877,0.216794,0.947,0.162156,0.682057,-0.184004,0.9857,0.500264,0.618938,0.178497,0.8504,0.140559,0.684984,-0.219998,0.9746,0.527005,0.607846,0.179157,0.8096,0.138315,0.673206,-0.191011,0.9726,0.522973,0.59739,0.162318,0.8008,0.145946,0.67149,-0.170311,0.9531,0.51465,0.600237,0.170878,0.7516,0.357465,0.746605,-0.079849,0.9998,0.401562,0.726094,0.081348,0.9996,0.5451,0.771888,-0.166252,0.9723,0.55696,0.754381,0.048485,0.7448,0.730487,0.793736,-0.208686,0.985,0.737894,0.782426,0.030943,0.8172,0.748061,0.799116,-0.21087,0.9881,0.759586,0.767452,0.028946,0.8033,0.791174,0.839264,-0.254823,0.9868,0.791739,0.820003,-0.004541,0.8603
bhujangasana_tf_0163,bhujangasana,,TF,train,unlabelled,,Apache-2.0,data/datasets/yoga_poses/train/cobra/girl2_cobra045.jpg,True,300,300,True,0.9996,0.7347,178.974,179.961,71.761,123.947,16.062,26.348,132.98,127.476,142.094,103.256,178.974,179.961,71.761,123.947,103.256,142.094,127.476,132.98,50.893,72.793,132.98,178.974,71.761,72.793,30.805,-30.805,0.299,4.16,26.686,8.092,-0.8589,-0.3699,0.019,0.4748,0.213114,0.516373,0.14047,1.0,0.221816,0.505498,0.117621,0.9999,0.221558,0.506507,0.118047,0.9999,0.221046,0.507657,0.117787,0.9999,0.226229,0.503656,0.142529,0.9999,0.229192,0.503366,0.141964,0.9999,0.23202,0.503429,0.142778,0.9999,0.232744,0.517578,0.05143,0.9999,0.250831,0.510846,0.150351,0.9999,0.218089,0.530997,0.116136,0.9999,0.222755,0.529096,0.145947,1.0,0.240649,0.585781,-0.03866,0.9999,0.325561,0.579605,0.19162,1.0,0.273362,0.681736,-0.105561,0.9894,0.416287,0.649983,0.182665,0.9586,0.165071,0.682845,-0.211424,0.9886,0.502967,0.621398,0.140679,0.8578,0.1413,0.685326,-0.253179,0.9781,0.529254,0.610047,0.141703,0.8087,0.13952,0.671042,-0.222211,0.9761,0.525268,0.599742,0.124877,0.7962,0.148056,0.669993,-0.198202,0.9567,0.516381,0.603019,0.132924,0.7427,0.353423,0.747514,-0.07704,0.9999,0.396439,0.725892,0.078588,0.9996,0.533912,0.773176,-0.166668,0.9773,0.550733,0.757634,0.042275,0.7347,0.725838,0.796967,-0.19955,0.9865,0.727032,0.793778,0.039216,0.829,0.734828,0.803224,-0.201827,0.9886,0.747015,0.777309,0.038456,0.8017,0.780479,0.836994,-0.250624,0.9883,0.784878,0.830812,-0.000772,0.8723
bhujangasana_tf_0164,bhujangasana,,TF,train,unlabelled,,Apache-2.0,data/datasets/yoga_poses/train/cobra/girl2_cobra046.jpg,True,300,300,True,0.9996,0.7655,179.213,172.531,71.997,117.113,17.468,25.427,132.937,128.385,140.902,101.592,172.531,179.213,71.997,117.113,101.592,140.902,128.385,132.937,53.832,74.931,132.937,179.213,71.997,74.931,30.781,-30.781,0.777,3.866,24.932,7.104,-0.8591,-0.3929,0.0614,0.5159,0.223292,0.515118,0.130809,1.0,0.227884,0.505798,0.106496,0.9999,0.227248,0.506982,0.106914,0.9999,0.226258,0.508297,0.106664,0.9999,0.232133,0.504377,0.129596,0.9999,0.234623,0.504653,0.129025,0.9999,0.240309,0.503888,0.12984,0.9999,0.236133,0.519233,0.034748,0.9999,0.254438,0.513988,0.125893,0.9999,0.226865,0.530385,0.104791,0.9999,0.233943,0.529022,0.132411,0.9999,0.241468,0.589354,-0.049185,0.9999,0.334595,0.58306,0.166277,1.0,0.272673,0.683353,-0.111007,0.9883,0.420674,0.655282,0.159201,0.9619,0.164528,0.684035,-0.217851,0.9887,0.507654,0.61856,0.119639,0.8597,0.140797,0.685753,-0.256283,0.9781,0.536019,0.609391,0.121851,0.8072,0.139373,0.672313,-0.226089,0.9766,0.532398,0.599714,0.105799,0.7931,0.147387,0.670976,-0.204816,0.9571,0.522853,0.60223,0.112537,0.7397,0.358777,0.751809,-0.068167,0.9998,0.402478,0.731495,0.069758,0.9996,0.536095,0.773907,-0.148939,0.9659,0.565003,0.771442,0.048452,0.7655,0.716468,0.798908,-0.167517,0.9805,0.721011,0.788778,0.056329,0.8278,0.730194,0.81055,-0.168462,0.9811,0.738246,0.768974,0.056471,0.7953,0.77515,0.837783,-0.217868,0.9832,0.780789,0.831594,0.018346,0.8686
bhujangasana_tf_0165,bhujangasana,,TF,train,unlabelled,,Apache-2.0,data/datasets/yoga_poses/train/cobra/girl2_cobra050.jpg,True,300,300,True,0.9999,0.7114,173.768,171.197,78.247,115.277,23.093,26.525,131.766,127.632,139.558,102.157,171.197,173.768,78.247,115.277,102.157,139.558,127.632,131.766,56.202,76.016,131.766,173.768,78.247,76.016,29.203,-29.203,1.422,2.81,13.858,6.192,-0.8729,-0.3626,0.0338,0.5343,0.235668,0.523017,0.132769,1.0,0.2393,0.511591,0.106706,1.0,0.239248,0.512351,0.107273,1.0,0.238915,0.51324,0.106948,1.0,0.24224,0.510596,0.129897,1.0,0.246933,0.509932,0.129357,1.0,0.24956,0.510055,0.130066,1.0,0.250618,0.521207,0.026825,1.0,0.267609,0.517396,0.116508,1.0,0.240831,0.537498,0.10517,1.0,0.244674,0.535885,0.132124,1.0,0.251944,0.590509,-0.028227,1.0,0.347807,0.585804,0.146793,1.0,0.272916,0.685256,-0.089959,0.9825,0.431656,0.660862,0.129544,0.98,0.170074,0.686563,-0.207568,0.9874,0.521042,0.623123,0.083814,0.8645,0.145341,0.685852,-0.240147,0.9757,0.546752,0.609992,0.086222,0.8005,0.144738,0.673776,-0.214377,0.9731,0.540808,0.599835,0.077164,0.7835,0.152948,0.672989,-0.19426,0.9452,0.532119,0.604196,0.079252,0.7195,0.366186,0.750235,-0.037591,1.0,0.408868,0.739706,0.039137,0.9999,0.531235,0.768142,-0.104724,0.9206,0.555785,0.781808,0.015051,0.7114,0.690932,0.803325,-0.258116,0.9766,0.695607,0.799444,-0.150193,0.8225,0.697495,0.818512,-0.275017,0.969,0.710764,0.799665,-0.167225,0.7686,0.755926,0.815653,-0.346147,0.9859,0.754658,0.808402,-0.223934,0.8944
bhujangasana_tf_0166,bhujangasana,,TF,train,unlabelled,,Apache-2.0,data/datasets/yoga_poses/train/cobra/girl2_cobra051.jpg,True,300,300,True,1.0,0.8458,174.561,174.972,80.137,111.365,25.411,26.893,134.827,125.035,136.321,101.564,174.561,174.972,80.137,111.365,101.564,136.321,125.035,134.827,58.258,78.63,125.035,174.972,80.137,78.63,28.07,-28.07,1.044,4.116,8.949,9.877,-0.8824,-0.3496,0.0985,0.5487,0.244354,0.527638,0.159435,0.9999,0.247209,0.515003,0.133356,1.0,0.247158,0.515631,0.133973,1.0,0.246867,0.516433,0.133607,1.0,0.250133,0.513751,0.156231,0.9999,0.255176,0.512728,0.15569,0.9999,0.257844,0.512628,0.156426,1.0,0.259591,0.523063,0.051761,0.9999,0.276624,0.519346,0.139614,0.9999,0.250944,0.541918,0.130462,0.9999,0.255141,0.540021,0.157093,0.9999,0.257604,0.593538,-0.00264,1.0,0.355263,0.58651,0.154601,1.0,0.273146,0.686027,-0.070087,0.9816,0.437095,0.662632,0.139455,0.9808,0.169842,0.685442,-0.18416,0.9854,0.523651,0.620965,0.092294,0.8458,0.144714,0.685962,-0.212703,0.9724,0.552192,0.607741,0.096057,0.7685,0.142511,0.674387,-0.186648,0.9695,0.546506,0.598452,0.087811,0.7514,0.151718,0.673059,-0.170531,0.9382,0.536879,0.601674,0.088869,0.6835,0.367686,0.751042,-0.017651,1.0,0.413098,0.743891,0.019236,1.0,0.551469,0.78304,-0.082286,0.8833,0.554765,0.781472,-0.037605,0.8888,0.686675,0.820069,-0.209761,0.9651,0.697483,0.806199,-0.215525,0.9145,0.699678,0.830416,-0.2247,0.9537,0.715109,0.812256,-0.233738,0.8642,0.749438,0.810161,-0.289592,0.9784,0.753363,0.803029,-0.291371,0.9381
bhujangasana_tf_0167,bhujangasana,,TF,train,unlabelled,,Apache-2.0,data/datasets/yoga_poses/train/cobra/girl2_cobra052.jpg,True,300,300,True,0.9999,0.8257,169.873,174.261,78.994,108.553,24.775,26.157,131.085,119.861,137.123,102.981,169.873,174.261,78.994,108.553,102.981,137.123,119.861,131.085,58.599,77.778,119.861,174.261,78.994,77.778,27.26,-27.26,1.788,4.329,9.81,6.184,-0.8889,-0.338,0.0446,0.568,0.250713,0.528536,0.180751,0.9999,0.252329,0.516675,0.155171,1.0,0.251983,0.517266,0.155797,1.0,0.251371,0.518072,0.155275,1.0,0.257868,0.51475,0.176614,0.9999,0.260518,0.51454,0.175861,0.9999,0.262927,0.51457,0.176651,0.9999,0.262098,0.523957,0.074337,0.9999,0.280169,0.5205,0.156138,0.9999,0.256201,0.542073,0.151496,0.9999,0.26324,0.540094,0.17645,0.9999,0.257601,0.592684,0.027006,1.0,0.358678,0.585032,0.158053,1.0,0.274491,0.687248,-0.044478,0.9794,0.437447,0.664975,0.141567,0.9859,0.171269,0.685663,-0.159283,0.9819,0.523407,0.623006,0.08813,0.8525,0.145279,0.687795,-0.185753,0.9662,0.552666,0.609113,0.092573,0.7755,0.142828,0.675903,-0.160103,0.9637,0.547361,0.599681,0.084211,0.7607,0.152257,0.674151,-0.145245,0.9307,0.53778,0.603308,0.085629,0.6945,0.368216,0.751239,-0.000747,0.9999,0.411536,0.743748,0.002,0.9999,0.511788,0.766795,-0.134607,0.8257,0.51704,0.765101,-0.102161,0.9384,0.677747,0.815359,-0.291369,0.913,0.68549,0.817181,-0.298303,0.913,0.697408,0.834601,-0.309426,0.9084,0.704369,0.831543,-0.318926,0.884,0.734582,0.779133,-0.369835,0.9508,0.740988,0.792578,-0.379684,0.9286
bhujangasana_tf_0168,bhujangasana,,TF,train,unlabelled,,Apache-2.0,data/datasets/yoga_poses/train/cobra/girl2_cobra053.jpg,True,300,300,True,0.9999,0.7627,174.181,172.247,78.07,110.667,24.801,26.782,134.333,120.133,136.908,102.375,172.247,174.181,78.07,110.667,102.375,136.908,120.133,134.333,59.193,78.291,120.133,172.247,78.07,78.291,27.586,-27.586,0.235,4.612,17.774,9.134,-0.8863,-0.3618,0.0657,0.5874,0.255504,0.525791,0.193272,0.9999,0.259355,0.513767,0.168979,0.9999,0.25858,0.514595,0.169627,0.9999,0.257586,0.515569,0.169066,1.0,0.264043,0.512637,0.189034,0.9999,0.266618,0.51276,0.188303,0.9999,0.268853,0.513013,0.189076,0.9999,0.266134,0.524151,0.089899,0.9999,0.28537,0.519807,0.164891,0.9999,0.259035,0.539747,0.164358,0.9999,0.265802,0.538328,0.187258,0.9999,0.259705,0.59417,0.040273,1.0,0.363568,0.585792,0.165151,1.0,0.277078,0.688848,-0.027012,0.9758,0.440223,0.661876,0.154749,0.9821,0.173719,0.686083,-0.13645,0.98,0.527877,0.621843,0.106928,0.8371,0.147488,0.688232,-0.162265,0.9636,0.555124,0.608425,0.114052,0.7625,0.145324,0.676196,-0.135285,0.961,0.549617,0.59986,0.104483,0.7488,0.154589,0.674424,-0.121928,0.9279,0.540466,0.6035,0.104731,0.68,0.372477,0.754039,0.00652,0.9999,0.415089,0.740379,-0.00535,0.9999,0.540031,0.780979,-0.113418,0.7627,0.530624,0.764306,-0.122546,0.941,0.675447,0.817145,-0.259011,0.8667,0.686864,0.81949,-0.33531,0.9252,0.694961,0.83686,-0.276533,0.8744,0.705918,0.837466,-0.358355,0.9036,0.720192,0.776266,-0.332304,0.9293,0.723232,0.781966,-0.425954,0.9415
bhujangasana_tf_0169,bhujangasana,,TF,train,unlabelled,,Apache-2.0,data/datasets/yoga_poses/train/cobra/girl2_cobra055.jpg,True,300,300,True,1.0,0.6724,171.334,175.111,81.346,107.429,27.089,26.528,132.765,121.949,135.615,101.345,171.334,175.111,81.346,107.429,101.345,135.615,121.949,132.765,60.966,78.067,121.949,175.111,81.346,78.067,26.188,-26.188,1.71,4.287,7.189,9.084,-0.8974,-0.3266,0.1016,0.5812,0.268551,0.5309,0.246008,1.0,0.269096,0.518755,0.220212,1.0,0.267865,0.519442,0.220895,1.0,0.266459,0.520328,0.220338,1.0,0.274896,0.517722,0.239784,1.0,0.277719,0.51781,0.239124,1.0,0.28023,0.518108,0.239765,1.0,0.273995,0.527025,0.129987,1.0,0.296242,0.522391,0.201911,1.0,0.27091,0.544233,0.212653,1.0,0.278884,0.543145,0.234718,1.0,0.267102,0.59437,0.07596,1.0,0.372706,0.586453,0.183833,1.0,0.278181,0.690243,-0.002625,0.9864,0.449493,0.665369,0.159103,0.9817,0.176835,0.686594,-0.124772,0.9916,0.539513,0.61992,0.096622,0.8775,0.150849,0.687225,-0.147395,0.9841,0.563767,0.609251,0.10174,0.8188,0.149263,0.675248,-0.120543,0.9832,0.557879,0.6007,0.092345,0.8109,0.157647,0.674123,-0.110064,0.9668,0.549644,0.604152,0.09467,0.753,0.375526,0.757059,0.021696,1.0,0.425121,0.750804,-0.020529,1.0,0.539377,0.783257,-0.073899,0.6724,0.542277,0.78058,-0.144055,0.9668,0.663635,0.823033,-0.247076,0.791,0.681216,0.828827,-0.427663,0.9538,0.683715,0.844908,-0.267659,0.8631,0.699563,0.85299,-0.458099,0.9536,0.712023,0.779856,-0.313334,0.9057,0.737628,0.791317,-0.523883,0.9632
bhujangasana_tf_0170,bhujangasana,,TF,train,unlabelled,,Apache-2.0,data/datasets/yoga_poses/train/cobra/girl2_cobra056.jpg,True,300,300,True,0.999,0.6141,170.019,157.744,80.497,105.017,28.113,31.046,130.103,105.33,135.409,103.036,157.744,170.019,80.497,105.017,103.036,135.409,105.33,130.103,65.749,80.085,105.33,157.744,80.497,80.085,24.281,-24.281,1.015,4.761,7.875,4.115,-0.9115,-0.3749,0.1537,0.5537,0.297989,0.521006,0.286288,0.9997,0.28297,0.51442,0.26801,0.9999,0.279494,0.516284,0.268536,0.9999,0.277274,0.517749,0.267919,0.9999,0.290846,0.512719,0.270869,0.9999,0.293799,0.512955,0.269765,0.9999,0.296306,0.513387,0.270424,0.9999,0.28232,0.525807,0.193803,0.9999,0.305391,0.519929,0.19613,0.9999,0.290194,0.541558,0.256357,0.9998,0.300008,0.538279,0.2587,0.9998,0.271764,0.594879,0.134127,1.0,0.374201,0.586348,0.155225,1.0,0.284047,0.689687,0.04275,0.9908,0.45134,0.671239,0.086676,0.994,0.182026,0.685908,-0.068697,0.9857,0.541142,0.624999,0.008016,0.9483,0.154945,0.689115,-0.093977,0.9697,0.568981,0.617793,0.010561,0.9033,0.153731,0.676205,-0.060825,0.968,0.564582,0.605523,0.009042,0.8954,0.162505,0.674679,-0.054146,0.9424,0.554067,0.607827,0.010138,0.8492,0.390298,0.761092,0.038995,0.9993,0.408354,0.758595,-0.038034,0.999,0.543397,0.773435,-0.136116,0.7149,0.547096,0.768576,-0.243285,0.9726,0.693151,0.812417,-0.311298,0.6141,0.693077,0.840949,-0.471448,0.9361,0.720146,0.841531,-0.333542,0.7935,0.713054,0.876114,-0.495761,0.9658,0.717939,0.764184,-0.376965,0.8092,0.720519,0.778109,-0.556866,0.9475
bhujangasana_tf_0171,bhujangasana,,TF,train,unlabelled,,Apache-2.0,data/datasets/yoga_poses/train/cobra/girl2_cobra060.jpg,True,300,300,True,0.9992,0.6222,168.513,169.558,86.818,101.63,27.328,29.91,125.918,116.438,133.278,101.185,168.513,169.558,86.818,101.63,101.185,133.278,116.438,125.918,68.032,75.18,116.438,169.558,86.818,75.18,20.182,-20.182,1.343,2.404,8.612,7.46,-0.9386,-0.3509,0.1369,0.5949,0.301988,0.534371,0.265168,0.9997,0.295736,0.521124,0.241923,0.9999,0.293297,0.521904,0.24252,0.9999,0.290708,0.52284,0.242043,0.9999,0.30511,0.519646,0.24754,0.9999,0.308281,0.519774,0.24658,0.9999,0.311123,0.520023,0.247135,0.9999,0.294732,0.529805,0.151983,0.9999,0.321275,0.52587,0.16586,0.9998,0.302331,0.548072,0.231396,0.9998,0.3136,0.545271,0.23651,0.9998,0.28256,0.598493,0.081651,1.0,0.387447,0.59409,0.136732,1.0,0.284396,0.691561,-0.002778,0.9935,0.457358,0.675387,0.078611,0.9931,0.187413,0.688086,-0.100605,0.9916,0.546906,0.625619,0.00339,0.9265,0.161416,0.693845,-0.119714,0.98,0.574406,0.618334,0.009253,0.8685,0.159596,0.68121,-0.085991,0.9786,0.568915,0.607252,0.006488,0.8607,0.167723,0.679346,-0.083754,0.9584,0.559368,0.609917,0.005099,0.7979,0.373017,0.765383,0.026002,0.9995,0.418752,0.758457,-0.024906,0.9992,0.526704,0.785508,-0.102852,0.6222,0.524287,0.78803,-0.175735,0.9395,0.648868,0.827446,-0.306438,0.6501,0.653256,0.8512,-0.449496,0.8841,0.6682,0.852616,-0.330456,0.8329,0.668841,0.87973,-0.478217,0.9382,0.697048,0.779555,-0.378425,0.8192,0.709606,0.812974,-0.54031,0.9069
bhujangasana_tf_0172,bhujangasana,,TF,train,unlabelled,,Apache-2.0,data/datasets/yoga_poses/train/cobra/girl2_cobra064.jpg,True,300,300,True,0.9999,0.5123,157.015,145.758,84.918,93.91,20.68,29.332,116.96,99.349,131.166,101.717,145.758,157.015,84.918,93.91,101.717,131.166,99.349,116.96,71.133,72.132,99.349,145.758,84.918,71.133,14.657,-14.657,7.628,3.232,10.657,3.198,-0.9675,-0.3471,0.243,0.6846,0.315067,0.539517,0.253574,0.9992,0.309123,0.526302,0.230191,0.9996,0.306427,0.527473,0.230828,0.9997,0.303674,0.52914,0.230292,0.9997,0.318652,0.524307,0.236984,0.9996,0.322025,0.524279,0.236295,0.9995,0.32519,0.524619,0.237023,0.9994,0.305097,0.535788,0.134499,0.9997,0.334926,0.530719,0.152426,0.9995,0.312007,0.553735,0.219052,0.9995,0.32616,0.549728,0.224736,0.9994,0.288826,0.601512,0.069268,1.0,0.404467,0.594982,0.118668,1.0,0.291361,0.691239,-0.006617,0.994,0.464343,0.67898,0.080529,0.9837,0.193014,0.685287,-0.074243,0.9949,0.55143,0.625462,0.046555,0.8431,0.166785,0.692703,-0.080015,0.9866,0.576635,0.61525,0.062249,0.7183,0.164982,0.677194,-0.049301,0.9851,0.570262,0.603657,0.064132,0.701,0.172796,0.677369,-0.055406,0.9668,0.560558,0.606267,0.050662,0.6208,0.357106,0.768008,0.030139,0.9999,0.421801,0.755834,-0.028711,0.9999,0.471662,0.777349,0.031112,0.5123,0.515974,0.761096,-0.101376,0.9108,0.585577,0.83702,-0.197086,0.7486,0.625861,0.845233,-0.40304,0.9165,0.597766,0.858022,-0.223447,0.8856,0.636816,0.870815,-0.432769,0.9391,0.638682,0.808023,-0.262665,0.8583,0.677681,0.834942,-0.483717,0.9172
bhujangasana_tf_0173,bhujangasana,,TF,train,unlabelled,,Apache-2.0,data/datasets/yoga_poses/train/cobra/girl2_cobra069.jpg,True,300,300,True,0.9994,0.7962,150.444,134.82,95.695,97.467,30.343,41.641,123.724,89.032,129.436,103.6,134.82,150.444,95.695,97.467,103.6,129.436,89.032,123.724,72.393,83.484,89.032,150.444,95.695,72.393,7.994,-7.994,4.437,2.498,13.411,6.116,-0.9903,-0.4392,0.01,0.7291,0.355266,0.530063,0.31233,0.9993,0.339473,0.515777,0.289564,0.9996,0.336825,0.516307,0.290264,0.9998,0.334925,0.516977,0.289612,0.9998,0.347889,0.515849,0.290145,0.9996,0.350801,0.516443,0.289054,0.9996,0.353778,0.517091,0.289664,0.9995,0.337692,0.526476,0.195458,0.9998,0.358563,0.525044,0.187026,0.9993,0.343098,0.543416,0.274965,0.9995,0.355783,0.541962,0.272844,0.9991,0.308382,0.599324,0.103536,1.0,0.419241,0.594487,0.126732,0.9999,0.294909,0.689309,0.025719,0.9907,0.471974,0.671051,0.026884,0.9889,0.204392,0.684851,-0.031739,0.9819,0.556662,0.627732,-0.05033,0.7962,0.177505,0.691053,-0.037318,0.958,0.58415,0.619166,-0.040843,0.6739,0.177108,0.675869,-0.012973,0.9565,0.578837,0.607287,-0.036231,0.6601,0.185908,0.674206,-0.016062,0.9171,0.568867,0.608744,-0.044847,0.5965,0.369284,0.751371,0.023025,0.9996,0.400674,0.743886,-0.021759,0.9994,0.47315,0.77325,-0.214898,0.9291,0.484557,0.752874,-0.23909,0.9624,0.562599,0.852254,-0.487386,0.8934,0.564114,0.852163,-0.496566,0.8717,0.576658,0.883734,-0.517545,0.9472,0.573211,0.882329,-0.522957,0.9551,0.595001,0.823786,-0.569516,0.9343,0.607021,0.841982,-0.563636,0.9077
bhujangasana_tf_0174,bhujangasana,,TF,train,unlabelled,,Apache-2.0,data/datasets/yoga_poses/train/cobra/girl2_cobra075.jpg,True,300,300,True,0.9992,0.6155,151.324,138.643,102.422,98.323,40.602,41.025,149.487,107.861,129.165,107.39,138.643,151.324,98.323,102.422,107.39,129.165,107.861,149.487,76.821,80.852,149.487,151.324,102.422,76.821,9.802,-9.802,4.593,4.412,31.654,26.102,-0.9854,-0.4518,0.0121,0.7332,0.394888,0.522021,0.335217,0.9984,0.385392,0.512025,0.316029,0.9991,0.383271,0.512234,0.316961,0.9993,0.378814,0.512487,0.316132,0.9993,0.394733,0.511113,0.313229,0.999,0.396768,0.510872,0.311905,0.999,0.398402,0.510728,0.312219,0.9987,0.376404,0.519005,0.232355,0.9995,0.396471,0.517375,0.202069,0.9981,0.388623,0.533561,0.302842,0.9993,0.398646,0.531952,0.29331,0.9987,0.340905,0.589918,0.119875,0.9999,0.444321,0.581938,0.153898,0.9999,0.317485,0.679724,0.013352,0.9911,0.496819,0.663451,0.042228,0.9729,0.234556,0.676547,-0.045944,0.9652,0.581538,0.624913,-0.066634,0.6155,0.206022,0.684747,-0.052322,0.9316,0.604835,0.614972,-0.060372,0.4929,0.205456,0.672431,-0.031031,0.9287,0.598845,0.602044,-0.05178,0.4846,0.214568,0.670057,-0.029596,0.8696,0.592307,0.605542,-0.058262,0.4189,0.409169,0.729968,0.013095,0.9994,0.424225,0.720686,-0.012093,0.9992,0.473599,0.772615,-0.172585,0.8,0.470301,0.743261,-0.234562,0.7554,0.517792,0.856353,-0.555839,0.7266,0.516695,0.855042,-0.663013,0.6953,0.524103,0.884168,-0.601017,0.9429,0.521791,0.88944,-0.708922,0.9701,0.544011,0.847199,-0.645551,0.905,0.543615,0.853974,-0.763896,0.8892
bhujangasana_tf_0175,bhujangasana,,TF,train,unlabelled,,Apache-2.0,data/datasets/yoga_poses/train/cobra/girl2_cobra078.jpg,True,300,300,True,0.9999,0.432,163.393,168.129,102.706,98.82,28.859,32.636,152.526,146.045,128.274,108.469,163.393,168.129,98.82,102.706,108.469,128.274,146.045,152.526,66.851,74.738,152.526,163.393,102.706,66.851,6.528,-6.528,2.985,2.209,14.455,47.4,-0.9935,-0.5125,0.236,0.7981,0.415713,0.51217,0.41442,0.9993,0.409988,0.50396,0.396413,0.9996,0.405247,0.504003,0.397296,0.9997,0.402017,0.504096,0.396696,0.9997,0.419569,0.503925,0.397374,0.9995,0.42505,0.503939,0.396277,0.9995,0.42828,0.503911,0.396474,0.9994,0.399009,0.512997,0.295289,0.9998,0.428993,0.511437,0.27424,0.9994,0.411362,0.523519,0.37634,0.9995,0.421433,0.522725,0.368472,0.9991,0.363895,0.584242,0.174532,1.0,0.472766,0.580041,0.211253,0.9999,0.342588,0.671425,0.049828,0.9956,0.514831,0.654606,0.112317,0.9628,0.255381,0.669861,-0.026455,0.9928,0.600056,0.622556,0.052403,0.7855,0.229384,0.680596,-0.020396,0.9801,0.622494,0.614845,0.074913,0.6415,0.228453,0.668244,0.009263,0.9779,0.619594,0.602396,0.091805,0.6326,0.237456,0.665595,-0.004489,0.9477,0.612986,0.605383,0.067176,0.5458,0.402194,0.725934,0.000509,0.9999,0.465506,0.709614,0.000366,0.9999,0.461207,0.790111,-0.034316,0.598,0.495028,0.759241,-0.012461,0.432,0.496438,0.862367,-0.463472,0.7553,0.527874,0.855307,-0.475384,0.6461,0.499393,0.877325,-0.514305,0.945,0.530022,0.874059,-0.520775,0.8994,0.518517,0.877328,-0.573401,0.9154,0.546555,0.884462,-0.580043,0.826
bhujangasana_tf_0176,bhujangasana,,TF,train,unlabelled,,Apache-2.0,data/datasets/yoga_poses/train/cobra/girl2_cobra081.jpg,True,300,300,True,0.9999,0.3568,168.949,163.626,111.224,95.079,30.066,29.7,176.536,149.129,127.221,109.462,163.626,168.949,95.079,111.224,109.462,127.221,149.129,176.536,64.325,74.469,176.536,168.949,111.224,64.325,4.112,-4.112,1.887,0.583,7.403,63.06,-0.9974,-0.5131,0.4916,0.8011,0.452271,0.510472,0.443771,0.9998,0.442121,0.501688,0.42418,0.9999,0.437632,0.502024,0.425017,0.9999,0.432868,0.502462,0.424562,0.9999,0.45418,0.502129,0.425607,0.9998,0.458278,0.50256,0.424541,0.9998,0.461211,0.502914,0.424658,0.9998,0.426237,0.510682,0.311973,0.9999,0.462402,0.508678,0.29291,0.9998,0.446662,0.520901,0.402753,0.9997,0.459687,0.519286,0.394768,0.9995,0.393524,0.579537,0.187027,1.0,0.500502,0.578449,0.222388,1.0,0.366603,0.659899,0.076661,0.9974,0.536755,0.653544,0.127903,0.9827,0.282502,0.66387,0.0219,0.9957,0.621955,0.621367,0.08228,0.9223,0.255919,0.671025,0.033279,0.9854,0.643465,0.610451,0.107932,0.8407,0.255652,0.659406,0.065743,0.9837,0.639813,0.600216,0.134758,0.8273,0.262592,0.65744,0.045285,0.9589,0.633835,0.604364,0.102117,0.7623,0.421553,0.716743,-0.002554,1.0,0.491625,0.707639,0.003298,0.9999,0.440707,0.788182,0.022488,0.6227,0.524393,0.772116,0.066221,0.3568,0.474905,0.85811,-0.385855,0.8271,0.540558,0.858778,-0.395668,0.6827,0.478796,0.866833,-0.434985,0.9631,0.540423,0.869215,-0.438161,0.9228,0.49177,0.896852,-0.477307,0.9367,0.534776,0.898535,-0.484798,0.8723
bhujangasana_tf_0177,bhujangasana,,TF,train,unlabelled,,Apache-2.0,data/datasets/yoga_poses/train/cobra/girl2_cobra082.jpg,True,300,300,True,0.9999,0.2962,179.429,158.939,109.392,93.696,26.809,28.491,178.881,145.846,127.428,109.919,158.939,179.429,93.696,109.392,109.919,127.428,145.846,178.881,64.105,73.206,178.881,179.429,109.392,64.105,4.521,-4.521,1.94,0.118,7.279,58.971,-0.9969,-0.4951,0.6098,0.7747,0.457696,0.507411,0.393168,0.9996,0.449618,0.496938,0.374008,0.9997,0.443945,0.497054,0.374806,0.9998,0.439786,0.497002,0.374447,0.9998,0.463453,0.496765,0.374995,0.9997,0.46725,0.496751,0.373985,0.9997,0.470684,0.49667,0.374127,0.9996,0.43562,0.505077,0.264089,0.9998,0.470117,0.503836,0.244326,0.9995,0.451679,0.518604,0.353349,0.9996,0.467479,0.517435,0.34564,0.9994,0.402151,0.576277,0.146692,1.0,0.51007,0.576499,0.190329,0.9999,0.380723,0.654735,0.046431,0.9974,0.546096,0.652487,0.101417,0.9757,0.29122,0.661176,-0.014448,0.9962,0.628935,0.619571,0.054639,0.9218,0.266613,0.669508,-0.009597,0.9879,0.65103,0.613346,0.077991,0.8516,0.265004,0.658339,0.019025,0.9866,0.648715,0.601751,0.100964,0.8415,0.272297,0.656541,0.006337,0.9654,0.642183,0.603601,0.072181,0.7757,0.431441,0.719821,-0.008661,1.0,0.502742,0.710713,0.009504,1.0,0.445785,0.783718,0.007656,0.6691,0.530813,0.757378,0.052975,0.2962,0.462489,0.85481,-0.379408,0.8424,0.54738,0.851648,-0.395553,0.6494,0.463385,0.862149,-0.424923,0.9621,0.547213,0.865944,-0.437234,0.9163,0.475724,0.887263,-0.471058,0.9476,0.538733,0.893412,-0.487005,0.8718
bhujangasana_tf_0178,bhujangasana,,TF,train,unlabelled,,Apache-2.0,data/datasets/yoga_poses/train/cobra/girl2_cobra084.jpg,True,300,300,True,1.0,0.4148,170.078,169.006,111.674,93.504,29.241,27.131,170.134,160.008,127.797,110.997,169.006,170.078,93.504,111.674,110.997,127.797,160.008,170.134,63.331,72.771,170.134,170.078,111.674,63.331,3.951,-3.951,2.225,0.953,4.548,73.776,-0.9976,-0.5239,0.6059,0.7947,0.476866,0.503886,0.401746,0.9999,0.468989,0.494647,0.380904,0.9999,0.464385,0.494692,0.38157,0.9999,0.459778,0.494788,0.3813,0.9999,0.482235,0.495414,0.383052,0.9999,0.487169,0.495819,0.38203,0.9999,0.49098,0.496118,0.381956,0.9999,0.454546,0.503901,0.269763,1.0,0.494045,0.503184,0.255017,0.9998,0.467846,0.514309,0.361556,0.9999,0.485269,0.513475,0.354716,0.9999,0.42324,0.573121,0.145939,1.0,0.529599,0.57489,0.197172,1.0,0.397372,0.652209,0.04742,0.9976,0.561787,0.649402,0.056952,0.984,0.314631,0.657359,-0.016358,0.9962,0.645222,0.619266,-0.060803,0.968,0.287909,0.665904,-0.015524,0.9877,0.666581,0.610739,-0.052076,0.9405,0.286744,0.656156,0.011661,0.9865,0.664702,0.600905,-0.023392,0.9332,0.293622,0.653212,0.002676,0.9671,0.65843,0.603655,-0.042957,0.8916,0.450235,0.710348,-0.017295,1.0,0.521049,0.704715,0.018202,1.0,0.45184,0.783231,-0.043837,0.8356,0.540595,0.771886,0.102211,0.4148,0.46744,0.862125,-0.3823,0.9331,0.548016,0.852955,-0.307246,0.8511,0.47125,0.869362,-0.423519,0.9829,0.54875,0.862424,-0.344537,0.9642,0.485286,0.901181,-0.468468,0.9769,0.543222,0.902067,-0.401041,0.9516
bhujangasana_tf_0179,bhujangasana,,TF,train,unlabelled,,Apache-2.0,data/datasets/yoga_poses/train/cobra/girl2_cobra085.jpg,True,300,300,True,0.9998,0.5825,170.572,164.389,114.175,92.014,30.252,27.005,166.737,159.361,127.849,111.838,164.389,170.572,92.014,114.175,111.838,127.849,159.361,166.737,62.647,73.488,166.737,170.572,114.175,62.647,2.762,-2.762,0.157,1.029,1.766,74.687,-0.9988,-0.5406,0.6353,0.8296,0.486936,0.501698,0.473158,0.9995,0.479182,0.49379,0.450006,0.9997,0.474763,0.493932,0.450948,0.9997,0.470398,0.494027,0.450662,0.9997,0.49264,0.493521,0.452799,0.9995,0.496759,0.49354,0.451893,0.9996,0.500669,0.493563,0.451643,0.9996,0.463792,0.50243,0.325877,0.9997,0.504776,0.500744,0.311898,0.9995,0.480871,0.511735,0.427957,0.9992,0.495235,0.510444,0.422001,0.999,0.433274,0.571409,0.199227,0.9999,0.541736,0.573357,0.222354,0.9999,0.405168,0.649659,0.100302,0.9964,0.571717,0.648774,0.123979,0.9841,0.324555,0.655888,0.049281,0.9936,0.655347,0.618886,0.068632,0.9449,0.296259,0.664214,0.058555,0.9825,0.676783,0.609692,0.084043,0.8871,0.295441,0.65356,0.081266,0.9811,0.674047,0.600316,0.115547,0.8758,0.302536,0.650882,0.065846,0.9522,0.667755,0.603257,0.089822,0.8197,0.457855,0.704094,-0.002112,0.9998,0.529755,0.701877,0.003093,0.9998,0.454608,0.771262,0.100397,0.7028,0.549326,0.77335,0.077746,0.5825,0.465806,0.86715,-0.187311,0.8516,0.548849,0.865069,-0.278122,0.7799,0.468906,0.880415,-0.224422,0.9567,0.54646,0.88222,-0.311284,0.9519,0.470597,0.901086,-0.254559,0.894,0.553478,0.892543,-0.348404,0.8585
bhujangasana_tf_0180,bhujangasana,,TF,train,unlabelled,,Apache-2.0,data/datasets/yoga_poses/train/cobra/girl2_cobra089.jpg,True,300,300,True,0.9998,0.3772,155.578,174.166,113.468,89.859,28.743,25.494,157.628,174.92,128.028,114.059,155.578,174.166,89.859,113.468,114.059,128.028,157.628,174.92,60.841,71.812,157.628,155.578,113.468,60.841,1.622,-1.622,4.126,2.211,0.598,76.498,-0.9996,-0.5137,0.5081,0.8384,0.540318,0.50125,0.472261,0.9995,0.532667,0.490334,0.452435,0.9997,0.52735,0.489589,0.452916,0.9997,0.522764,0.488821,0.452593,0.9997,0.544314,0.491319,0.451775,0.9996,0.547673,0.491497,0.450654,0.9996,0.5508,0.491531,0.450495,0.9996,0.514804,0.495436,0.349261,0.9998,0.551828,0.498345,0.323371,0.9994,0.532538,0.510126,0.434729,0.9995,0.54511,0.510438,0.423624,0.9992,0.476573,0.565004,0.220473,1.0,0.58392,0.569149,0.258625,0.9999,0.446787,0.647406,0.131764,0.9941,0.612001,0.647913,0.133916,0.9756,0.364609,0.652568,0.072929,0.9926,0.694191,0.618382,0.04233,0.9448,0.338517,0.659613,0.072775,0.9777,0.714878,0.611322,0.058814,0.9071,0.337538,0.648317,0.102989,0.9757,0.712551,0.601225,0.086207,0.8955,0.344991,0.646496,0.091705,0.9459,0.705871,0.603378,0.062515,0.8423,0.496823,0.69477,-0.023241,0.9999,0.570921,0.695543,0.024411,0.9998,0.477863,0.773734,-0.065654,0.9011,0.56976,0.779537,0.119395,0.3772,0.495345,0.864348,-0.393272,0.9124,0.560342,0.860613,-0.256106,0.714,0.50299,0.8732,-0.433635,0.9757,0.559169,0.876977,-0.289983,0.9231,0.492623,0.906394,-0.470815,0.9581,0.543173,0.905129,-0.348483,0.8739
bhujangasana_tf_0181,bhujangasana,,TF,train,unlabelled,,Apache-2.0,data/datasets/yoga_poses/train/cobra/girl2_cobra091.jpg,True,300,300,True,0.9998,0.4255,160.429,178.036,115.579,87.812,30.62,23.634,152.507,176.637,127.883,114.33,160.429,178.036,87.812,115.579,114.33,127.883,152.507,176.637,61.207,71.154,152.507,160.429,115.579,61.207,1.895,-1.895,4.909,2.521,1.956,71.597,-0.9995,-0.5075,0.5106,0.8136,0.561753,0.499918,0.450037,0.9996,0.554841,0.489249,0.429135,0.9998,0.550838,0.488972,0.429792,0.9998,0.545994,0.488629,0.429595,0.9998,0.566022,0.490004,0.429267,0.9997,0.569672,0.490308,0.428223,0.9997,0.572916,0.49046,0.428012,0.9997,0.537906,0.495792,0.319804,0.9999,0.57405,0.497096,0.296993,0.9995,0.555026,0.509669,0.410756,0.9996,0.566603,0.509861,0.401345,0.9993,0.499512,0.563544,0.193384,1.0,0.605133,0.568194,0.239226,0.9998,0.466741,0.646615,0.101545,0.9953,0.631714,0.649278,0.102012,0.9698,0.385332,0.652378,0.037294,0.993,0.715653,0.618165,-0.012384,0.9384,0.359475,0.659049,0.037371,0.9796,0.736594,0.61323,0.000623,0.9007,0.359219,0.648918,0.0647,0.9779,0.734337,0.602175,0.028922,0.8887,0.366729,0.645961,0.055334,0.9471,0.727784,0.603229,0.007237,0.8287,0.520467,0.694504,-0.026845,0.9999,0.592771,0.696974,0.027974,0.9998,0.494439,0.772735,-0.073031,0.9246,0.57977,0.780505,0.114287,0.4255,0.496349,0.866423,-0.440368,0.948,0.562557,0.870653,-0.294191,0.7279,0.508967,0.88483,-0.484103,0.9822,0.563642,0.884995,-0.33249,0.9267,0.496481,0.912409,-0.534377,0.9769,0.545173,0.91187,-0.393535,0.8898
bhujangasana_tf_0182,bhujangasana,,TF,train,unlabelled,,Apache-2.0,data/datasets/yoga_poses/train/cobra/girl2_cobra092.jpg,True,300,300,True,0.9996,0.3881,164.144,178.565,113.235,89.116,27.955,28.401,157.964,176.664,127.561,114.549,164.144,178.565,89.116,113.235,114.549,127.561,157.964,176.664,59.2,73.471,157.964,164.144,113.235,59.2,0.53,0.53,3.51,3.859,2.59,74.724,-1.0,-0.516,0.4607,0.815,0.576512,0.496246,0.44826,0.9998,0.568179,0.485757,0.429025,0.9999,0.56312,0.485195,0.429709,0.9999,0.558879,0.484751,0.429372,0.9999,0.579917,0.487176,0.428305,0.9998,0.583262,0.487573,0.427117,0.9998,0.586376,0.488101,0.426995,0.9998,0.5511,0.492086,0.324246,0.9999,0.586171,0.495481,0.296405,0.9996,0.568493,0.505787,0.409518,0.9998,0.58139,0.506588,0.398794,0.9995,0.509622,0.56113,0.195796,1.0,0.617622,0.568416,0.236862,0.9998,0.475693,0.648628,0.096789,0.9938,0.648133,0.650537,0.097747,0.9702,0.391965,0.65161,0.03798,0.9922,0.728735,0.619168,-0.011802,0.9383,0.368515,0.659071,0.040317,0.9762,0.748809,0.612164,0.003954,0.894,0.367685,0.649574,0.06691,0.9736,0.745962,0.600945,0.030574,0.8805,0.375981,0.647862,0.056728,0.9388,0.738821,0.603049,0.007458,0.8161,0.525599,0.695914,-0.030658,0.9999,0.599189,0.699243,0.031665,0.9996,0.504201,0.77426,-0.087141,0.9084,0.582066,0.784504,0.104412,0.3881,0.505243,0.87729,-0.492065,0.9263,0.566353,0.874333,-0.335586,0.6015,0.510371,0.89434,-0.54094,0.9748,0.567853,0.891499,-0.378586,0.8814,0.494619,0.904694,-0.59589,0.9717,0.554716,0.902727,-0.442456,0.8298
bhujangasana_tf_0183,bhujangasana,,TF,train,unlabelled,,Apache-2.0,data/datasets/yoga_poses/train/cobra/girl2_cobra095.jpg,True,300,300,True,0.9996,0.6487,158.418,167.63,115.755,86.271,29.325,25.473,143.681,163.264,125.239,115.434,158.418,167.63,86.271,115.755,115.434,125.239,143.681,163.264,59.807,73.435,143.681,158.418,115.755,59.807,1.971,1.971,3.339,3.636,6.34,58.726,-0.9994,-0.4996,0.525,0.7613,0.610466,0.494812,0.435974,0.9995,0.603113,0.483665,0.410537,0.9996,0.597411,0.48304,0.411399,0.9997,0.592804,0.482568,0.41128,0.9996,0.615386,0.485231,0.410582,0.9996,0.618698,0.485777,0.409823,0.9996,0.622353,0.486404,0.409561,0.9996,0.584395,0.490373,0.289192,0.9997,0.62206,0.493152,0.266545,0.9994,0.600705,0.504307,0.393869,0.9994,0.614605,0.505683,0.385415,0.9992,0.542618,0.562098,0.163761,0.9999,0.650126,0.568929,0.20608,0.9996,0.504565,0.646459,0.082474,0.9973,0.674989,0.652309,0.10447,0.9766,0.420122,0.648635,0.047671,0.9938,0.75956,0.620971,0.016161,0.9574,0.394269,0.657978,0.050094,0.9824,0.779981,0.612288,0.028927,0.9229,0.392689,0.647125,0.075426,0.9807,0.776686,0.600909,0.052054,0.9144,0.400229,0.64435,0.063297,0.9548,0.769797,0.604226,0.033738,0.865,0.555049,0.702885,-0.020901,0.9996,0.627959,0.710986,0.022272,0.9996,0.515407,0.768154,0.081109,0.9292,0.593568,0.782749,0.098361,0.6487,0.496761,0.877332,-0.190524,0.9624,0.571038,0.878544,-0.223566,0.8684,0.501374,0.893054,-0.225,0.9833,0.570763,0.903391,-0.254582,0.9619,0.489095,0.913463,-0.266573,0.9644,0.551413,0.919625,-0.307832,0.9154
bhujangasana_tf_0184,bhujangasana,,TF,train,unlabelled,,Apache-2.0,data/datasets/yoga_poses/train/cobra/girl2_cobra103.jpg,True,300,300,True,0.9997,0.69,154.618,159.733,117.331,81.468,25.863,22.984,130.807,145.542,123.298,119.901,154.618,159.733,81.468,117.331,119.901,123.298,130.807,145.542,53.921,73.996,130.807,154.618,117.331,53.921,8.516,8.516,0.882,5.569,11.641,38.026,-0.989,-0.4541,0.4707,0.705,0.695339,0.484783,0.440057,0.9998,0.685835,0.471943,0.415862,0.9999,0.679112,0.471169,0.4167,0.9999,0.675054,0.470795,0.416618,0.9999,0.698105,0.474155,0.413916,0.9999,0.700576,0.474824,0.413048,0.9999,0.704211,0.475619,0.412937,0.9999,0.665665,0.480303,0.298664,0.9999,0.700438,0.482876,0.268625,0.9999,0.684037,0.495762,0.399076,0.9999,0.697274,0.497472,0.388252,0.9998,0.613302,0.553012,0.181649,0.9999,0.727317,0.564129,0.209263,0.9999,0.562747,0.645571,0.121727,0.9921,0.741504,0.652824,0.092458,0.9875,0.475431,0.64357,0.093935,0.9866,0.831727,0.62417,-0.020398,0.9858,0.450874,0.649866,0.097322,0.9693,0.855185,0.615544,-0.011724,0.9736,0.450707,0.64126,0.118653,0.9667,0.850146,0.60471,0.012954,0.9694,0.459105,0.639159,0.108144,0.9335,0.842779,0.607976,-0.002816,0.9484,0.605634,0.710891,-0.040208,0.9998,0.686865,0.727625,0.041467,0.9997,0.531249,0.769062,0.007346,0.9765,0.603112,0.8021,0.152909,0.69,0.483999,0.86345,-0.317686,0.9855,0.554278,0.893603,-0.18495,0.8602,0.483461,0.89575,-0.356022,0.9926,0.55608,0.925468,-0.21756,0.9585,0.45148,0.906775,-0.392849,0.9877,0.521187,0.937674,-0.262954,0.922
bhujangasana_tf_0185,bhujangasana,,TF,train,unlabelled,,Apache-2.0,data/datasets/yoga_poses/train/cobra/girl2_cobra107.jpg,True,300,300,True,1.0,0.8584,162.207,169.655,120.665,80.386,27.456,27.84,130.279,149.198,120.263,122.92,162.207,169.655,80.386,120.665,120.263,122.92,130.279,149.198,54.19,77.164,130.279,162.207,120.665,54.19,13.34,13.34,1.277,3.129,15.768,34.731,-0.973,-0.4409,0.4737,0.7151,0.72895,0.479291,0.426912,1.0,0.720598,0.46611,0.406255,1.0,0.7162,0.465899,0.407114,1.0,0.709875,0.465432,0.406987,1.0,0.73145,0.467358,0.406864,1.0,0.733945,0.468041,0.406102,1.0,0.737114,0.468646,0.406017,1.0,0.697633,0.474065,0.301953,1.0,0.732612,0.476212,0.280086,1.0,0.717942,0.493192,0.390736,1.0,0.72969,0.49326,0.382572,0.9999,0.63975,0.548844,0.1932,1.0,0.757614,0.555287,0.221077,1.0,0.58188,0.637945,0.123725,0.9921,0.770568,0.650395,0.095096,0.9925,0.49325,0.634325,0.076126,0.9923,0.860882,0.622144,-0.021249,0.9889,0.466362,0.639623,0.081422,0.9813,0.885267,0.615513,-0.012937,0.9777,0.465808,0.632057,0.102938,0.9798,0.882093,0.604161,0.011647,0.9745,0.474136,0.631198,0.091779,0.9569,0.874629,0.606294,-0.004918,0.9567,0.624821,0.702568,-0.019414,1.0,0.696376,0.722773,0.020727,1.0,0.535856,0.764243,-0.042311,0.9873,0.621433,0.783709,0.142646,0.8584,0.465152,0.856466,-0.447733,0.9955,0.540083,0.87882,-0.238833,0.9538,0.462349,0.862074,-0.495538,0.9971,0.533608,0.892586,-0.276828,0.9864,0.427287,0.899246,-0.562057,0.9975,0.499662,0.93246,-0.326566,0.9814
bhujangasana_tf_0186,bhujangasana,,TF,train,unlabelled,,Apache-2.0,data/datasets/yoga_poses/train/cobra/girl2_cobra108.jpg,True,300,300,True,0.9999,0.827,156.718,146.764,120.776,77.974,25.931,26.626,127.63,135.708,121.113,122.823,146.764,156.718,77.974,120.776,121.113,122.823,127.63,135.708,51.628,76.971,127.63,156.718,120.776,51.628,13.963,13.963,2.643,5.216,18.476,25.914,-0.9705,-0.4259,0.4587,0.6867,0.731662,0.475404,0.396467,1.0,0.725349,0.461051,0.370841,1.0,0.719809,0.460027,0.371834,1.0,0.715161,0.459314,0.371833,1.0,0.736128,0.463239,0.372623,1.0,0.738942,0.463938,0.37192,1.0,0.74177,0.464562,0.371853,1.0,0.703931,0.467786,0.25159,1.0,0.738361,0.472203,0.235258,1.0,0.722039,0.487308,0.356297,1.0,0.732918,0.48993,0.349927,1.0,0.645274,0.544512,0.143198,1.0,0.764994,0.555442,0.191842,0.9999,0.58508,0.636536,0.08068,0.994,0.776599,0.65229,0.099457,0.9917,0.498827,0.632901,0.048448,0.9928,0.867178,0.621352,0.017207,0.9881,0.469876,0.637931,0.054078,0.9836,0.890373,0.609979,0.028989,0.9777,0.471268,0.63091,0.072884,0.9826,0.887117,0.598211,0.051428,0.9752,0.480898,0.630229,0.063359,0.9627,0.880432,0.602272,0.033485,0.9593,0.624569,0.70708,-0.031242,1.0,0.701206,0.732686,0.032406,0.9999,0.527181,0.764152,-0.001309,0.9918,0.594781,0.784396,0.15598,0.827,0.460517,0.854753,-0.394281,0.9972,0.535361,0.883879,-0.228697,0.9555,0.452179,0.880176,-0.439354,0.9981,0.530506,0.900961,-0.267045,0.9875,0.413824,0.902101,-0.496621,0.9983,0.492858,0.930591,-0.307424,0.9817
bhujangasana_tf_0187,bhujangasana,,TF,train,unlabelled,,Apache-2.0,data/datasets/yoga_poses/train/cobra/girl2_cobra109.jpg,True,300,300,True,0.9999,0.8478,171.608,150.448,123.163,76.938,29.543,26.194,131.186,138.841,119.425,125.764,150.448,171.608,76.938,123.163,119.425,125.764,131.186,138.841,53.43,75.32,131.186,171.608,123.163,53.43,14.662,14.662,2.509,2.33,16.966,27.758,-0.9674,-0.3994,0.5177,0.6664,0.744447,0.473258,0.394277,1.0,0.736678,0.459084,0.372106,1.0,0.730356,0.458414,0.373065,1.0,0.724804,0.45807,0.373014,1.0,0.748575,0.460631,0.374082,1.0,0.751041,0.461114,0.373375,1.0,0.753505,0.461621,0.373292,1.0,0.712094,0.465975,0.266304,1.0,0.748756,0.468664,0.249748,1.0,0.734383,0.487237,0.358592,1.0,0.74719,0.487345,0.352787,0.9999,0.653923,0.542542,0.16306,1.0,0.773482,0.547406,0.20085,0.9999,0.586162,0.633487,0.096784,0.9905,0.782716,0.650669,0.079616,0.9902,0.50189,0.628295,0.054811,0.9897,0.874858,0.620423,-0.035352,0.9857,0.470913,0.632322,0.058856,0.9774,0.898019,0.606901,-0.025363,0.9727,0.471174,0.623257,0.074871,0.9762,0.896172,0.595599,-0.001106,0.9695,0.482766,0.62406,0.068351,0.9506,0.88865,0.6005,-0.019554,0.9489,0.633183,0.70798,-0.022168,1.0,0.703325,0.729379,0.023425,1.0,0.544791,0.767692,-0.055988,0.9925,0.60559,0.780816,0.139194,0.8478,0.454834,0.849927,-0.461167,0.9975,0.543654,0.877327,-0.214158,0.9563,0.450531,0.853805,-0.50752,0.9984,0.540798,0.893692,-0.249888,0.9873,0.410316,0.893173,-0.579108,0.9986,0.485388,0.931843,-0.29763,0.9815
bhujangasana_tf_0188,bhujangasana,,TF,train,unlabelled,,Apache-2.0,data/datasets/yoga_poses/train/cobra/girl2_cobra117.jpg,True,300,300,True,0.9998,0.9759,170.948,172.785,126.558,79.843,29.982,30.703,121.855,133.898,120.061,124.15,170.948,172.785,79.843,126.558,120.061,124.15,121.855,133.898,51.71,79.236,121.855,170.948,79.843,79.236,16.201,16.201,0.366,6.584,16.751,20.511,-0.9603,-0.3678,0.1755,0.6103,0.783465,0.438448,0.336072,0.9999,0.773547,0.423719,0.312712,0.9999,0.769011,0.423478,0.313612,0.9999,0.764006,0.423131,0.313587,0.9999,0.785889,0.426186,0.30971,0.9999,0.789065,0.427315,0.309186,1.0,0.791915,0.428459,0.309202,0.9999,0.748846,0.432182,0.215613,1.0,0.783393,0.437095,0.18401,1.0,0.768599,0.454527,0.305097,0.9999,0.782813,0.454002,0.295642,0.9999,0.677954,0.508661,0.143676,1.0,0.805851,0.523424,0.134996,0.9999,0.603652,0.603046,0.123951,0.9859,0.819753,0.631694,0.040337,0.9959,0.51909,0.600608,0.119324,0.9848,0.919277,0.600364,-0.066118,0.9931,0.492262,0.602722,0.122403,0.9714,0.943668,0.585732,-0.067549,0.9872,0.492682,0.596346,0.127813,0.97,0.939502,0.574333,-0.044903,0.9868,0.501992,0.596607,0.125761,0.9442,0.930903,0.579472,-0.053183,0.9785,0.649072,0.708381,0.005678,0.9999,0.717021,0.728833,-0.00404,0.9998,0.504111,0.771794,0.001339,0.9919,0.557692,0.788438,0.017078,0.9759,0.383651,0.849064,-0.192379,0.993,0.418489,0.861604,-0.202073,0.989,0.37095,0.850194,-0.217466,0.9941,0.40643,0.866115,-0.221889,0.9953,0.324323,0.916688,-0.26464,0.993,0.342969,0.898065,-0.242984,0.9932
bhujangasana_tf_0189,bhujangasana,,TF,train,unlabelled,,Apache-2.0,data/datasets/yoga_poses/train/cobra/girl2_cobra120.jpg,True,300,300,True,0.9999,0.8391,155.646,172.379,127.727,84.945,37.107,38.213,135.28,132.275,117.47,122.703,155.646,172.379,84.945,127.727,117.47,122.703,132.275,135.28,54.919,82.67,132.275,172.379,84.945,82.67,16.988,16.988,0.727,2.258,10.544,16.902,-0.9564,-0.3838,0.0726,0.5406,0.776672,0.424536,0.393227,1.0,0.77021,0.411332,0.372276,1.0,0.767123,0.411525,0.373135,1.0,0.76382,0.411638,0.37288,1.0,0.779468,0.412657,0.371176,1.0,0.781289,0.413384,0.370464,1.0,0.784481,0.414367,0.370552,1.0,0.751235,0.418879,0.271755,1.0,0.777125,0.422933,0.249029,1.0,0.76533,0.441862,0.35713,1.0,0.77535,0.44093,0.349302,1.0,0.679767,0.50364,0.173162,1.0,0.794297,0.508155,0.194021,1.0,0.586388,0.597944,0.14203,0.8892,0.82073,0.624119,0.120802,0.9882,0.515174,0.589212,0.125887,0.8391,0.923317,0.590993,0.034115,0.9761,0.49135,0.594092,0.130369,0.7775,0.94699,0.574601,0.03226,0.9581,0.496039,0.588387,0.127745,0.7678,0.940778,0.560097,0.05514,0.9571,0.50698,0.588456,0.128948,0.6721,0.931601,0.565137,0.047833,0.9279,0.652925,0.704529,-0.005668,0.9999,0.697255,0.712781,0.007306,0.9999,0.516376,0.809948,-0.135608,0.9769,0.530472,0.763461,-0.169429,0.9785,0.354109,0.848351,-0.367201,0.9269,0.36595,0.838519,-0.495643,0.947,0.330552,0.87477,-0.396182,0.9355,0.345809,0.855309,-0.529089,0.9761,0.256434,0.867326,-0.461998,0.9648,0.303166,0.856932,-0.593531,0.9843
bhujangasana_tf_0190,bhujangasana,,TF,train,unlabelled,,Apache-2.0,data/datasets/yoga_poses/train/cobra/girl2_cobra122.jpg,True,300,300,True,0.9998,0.5853,169.817,162.074,130.37,83.729,36.567,43.126,114.846,130.951,115.955,120.024,162.074,169.817,83.729,130.37,115.955,120.024,114.846,130.951,56.485,88.887,114.846,169.817,83.729,88.887,18.892,18.892,0.783,2.508,18.44,12.04,-0.9461,-0.4121,0.0442,0.4476,0.781804,0.415291,0.323491,0.9996,0.776002,0.403676,0.305526,0.9997,0.772034,0.403751,0.306385,0.9997,0.766591,0.403344,0.306239,0.9998,0.785942,0.405692,0.303953,0.9998,0.787719,0.40684,0.303286,0.9998,0.789862,0.407948,0.303487,0.9998,0.756044,0.413511,0.221695,0.9998,0.780247,0.417698,0.197693,0.9997,0.770911,0.432568,0.293709,0.9996,0.779626,0.431979,0.286307,0.9994,0.690793,0.502239,0.132531,0.9998,0.787453,0.506472,0.168304,0.9998,0.604318,0.59139,0.10369,0.7691,0.816223,0.620039,0.100812,0.9632,0.519132,0.585796,0.067426,0.5853,0.918103,0.581975,-0.017894,0.9339,0.490873,0.58824,0.064276,0.4995,0.941031,0.564892,-0.033443,0.8963,0.491592,0.580369,0.058971,0.49,0.933506,0.548661,-0.01522,0.8927,0.502607,0.580562,0.06789,0.3883,0.92457,0.554933,-0.009705,0.824,0.663616,0.707006,-0.017431,0.9998,0.674669,0.710691,0.019027,0.9998,0.481665,0.763626,-0.173035,0.9568,0.48695,0.75073,-0.168343,0.9185,0.314143,0.850715,-0.374055,0.828,0.322271,0.845676,-0.431293,0.8223,0.274103,0.882623,-0.398967,0.866,0.29929,0.877037,-0.461211,0.8994,0.199068,0.842837,-0.467033,0.9084,0.264098,0.834083,-0.53872,0.9339
bhujangasana_tf_0191,bhujangasana,,TF,train,unlabelled,,Apache-2.0,data/datasets/yoga_poses/train/cobra/girl2_cobra127.jpg,True,300,300,True,0.9988,0.8765,178.59,178.521,142.156,61.118,27.81,30.308,123.183,131.227,121.829,121.227,178.521,178.59,61.118,142.156,121.227,121.829,123.183,131.227,41.919,87.339,131.227,178.521,61.118,87.339,22.735,22.735,13.485,10.152,26.219,12.661,-0.9223,-0.2307,0.0479,0.432,0.812941,0.444282,0.264129,0.9983,0.804989,0.429084,0.265647,0.9988,0.802109,0.427867,0.266458,0.999,0.798053,0.426734,0.266365,0.9992,0.810217,0.430145,0.243035,0.9991,0.810558,0.430288,0.24268,0.999,0.811125,0.430582,0.242655,0.9989,0.778128,0.427444,0.252497,0.9995,0.796457,0.432193,0.140501,0.9991,0.797874,0.455596,0.26205,0.9986,0.803932,0.455023,0.230344,0.9978,0.691294,0.487391,0.228977,0.9998,0.786473,0.504435,0.067125,0.9993,0.60539,0.576155,0.221065,0.8856,0.789943,0.618522,-0.0079,0.9893,0.53133,0.586687,0.224066,0.8765,0.8834,0.563199,-0.077034,0.9771,0.50725,0.586674,0.221379,0.8261,0.909026,0.546673,-0.083286,0.9623,0.509537,0.581096,0.220965,0.8141,0.902392,0.531482,-0.064187,0.9614,0.518621,0.582547,0.222307,0.7347,0.891189,0.538019,-0.068552,0.9399,0.631613,0.692121,0.074809,0.9993,0.67315,0.712577,-0.0729,0.9988,0.448188,0.747958,0.016413,0.9256,0.473575,0.75741,-0.124902,0.9737,0.256703,0.801136,-0.014543,0.8822,0.257597,0.811818,-0.190663,0.9791,0.22791,0.783574,-0.023682,0.9214,0.233964,0.792231,-0.19463,0.9882,0.189963,0.859803,-0.082932,0.8867,0.200454,0.877324,-0.242785,0.9807
bhujangasana_tf_0192,bhujangasana,,TF,train,unlabelled,,Apache-2.0,data/datasets/yoga_poses/train/cobra/girl2_cobra129.jpg,True,300,300,True,0.9994,0.6582,178.28,178.827,163.169,62.687,30.351,27.458,133.175,140.129,114.513,119.019,178.28,178.827,62.687,163.169,114.513,119.019,133.175,140.129,37.44,98.015,140.129,178.827,62.687,98.015,32.987,32.987,10.671,3.099,32.134,13.095,-0.8388,-0.2339,0.0658,0.4062,0.844688,0.46941,0.214723,0.9997,0.832695,0.455731,0.233577,0.9998,0.829893,0.455642,0.234449,0.9997,0.827434,0.45521,0.234487,0.9998,0.834928,0.454872,0.202779,0.9997,0.833612,0.454279,0.20219,0.9996,0.832493,0.453449,0.202268,0.9996,0.805183,0.455594,0.288847,0.9998,0.813098,0.456224,0.135967,0.9996,0.833545,0.480033,0.235605,0.9996,0.836084,0.478445,0.192117,0.9993,0.707012,0.516108,0.300495,0.9998,0.791993,0.520709,0.031668,0.9995,0.618477,0.57058,0.32351,0.7703,0.77905,0.597428,-0.126079,0.9904,0.54517,0.589909,0.356901,0.6582,0.87498,0.566745,-0.256377,0.9794,0.517177,0.58907,0.358686,0.6005,0.895731,0.553286,-0.266571,0.9675,0.520458,0.582457,0.351347,0.5882,0.891249,0.543652,-0.238961,0.9661,0.530674,0.585923,0.352579,0.5053,0.88518,0.547462,-0.244103,0.9465,0.618004,0.683176,0.093734,0.9996,0.652885,0.705085,-0.092295,0.9994,0.426781,0.734872,0.01479,0.8857,0.459581,0.750052,-0.158331,0.9643,0.223995,0.796284,-0.021649,0.7917,0.230926,0.8082,-0.249437,0.9724,0.198461,0.776469,-0.032551,0.8525,0.208239,0.787199,-0.254233,0.9824,0.155516,0.862738,-0.095442,0.8164,0.157349,0.867282,-0.316215,0.9787
bhujangasana_tf_0193,bhujangasana,,TF,train,unlabelled,,Apache-2.0,data/datasets/yoga_poses/train/cobra/girl2_cobra130.jpg,True,300,300,True,0.9997,0.5017,179.454,179.249,174.296,111.877,34.458,141.397,134.899,149.793,111.855,37.275,179.249,179.454,111.877,174.296,37.275,111.855,134.899,149.793,36.511,169.433,149.793,179.249,111.877,169.433,40.711,40.711,5.302,6.444,19.872,11.95,-0.758,-0.2337,0.0337,0.5488,0.859331,0.497798,0.228831,1.0,0.849176,0.484095,0.23795,1.0,0.845791,0.483535,0.238796,1.0,0.842184,0.482639,0.238913,1.0,0.856395,0.486811,0.207713,0.9999,0.856501,0.486864,0.207244,0.9999,0.856833,0.486516,0.207572,0.9999,0.814761,0.482779,0.263398,1.0,0.836265,0.486839,0.116393,0.9999,0.849559,0.509007,0.241162,0.9999,0.854814,0.509766,0.199834,0.9999,0.707518,0.539003,0.27019,0.9999,0.81826,0.551512,0.007614,0.9997,0.615786,0.579668,0.324425,0.847,0.847174,0.549716,-0.17486,0.9512,0.56218,0.597297,0.454008,0.5017,0.868391,0.485645,-0.305233,0.9139,0.531263,0.592329,0.470977,0.3951,0.869081,0.472177,-0.315163,0.8919,0.533354,0.587746,0.462046,0.3855,0.86296,0.472373,-0.298134,0.886,0.543666,0.589801,0.449381,0.33,0.861964,0.476759,-0.299227,0.8595,0.612782,0.69279,0.096039,1.0,0.648116,0.705562,-0.094489,0.9999,0.421444,0.737897,0.00644,0.7786,0.446436,0.748248,-0.167027,0.9517,0.21458,0.788751,-0.0467,0.6922,0.219851,0.793109,-0.254778,0.9617,0.182578,0.766524,-0.058163,0.7782,0.188827,0.771964,-0.257529,0.9724,0.142577,0.850067,-0.110996,0.7212,0.145428,0.852303,-0.308833,0.9654
bhujangasana_tf_0194,bhujangasana,,TF,train,unlabelled,,Apache-2.0,data/datasets/yoga_poses/train/cobra/girl2_cobra133.jpg,True,300,300,True,0.9998,0.3195,178.486,176.362,177.771,76.688,34.015,81.366,154.474,156.073,92.898,37.31,176.362,178.486,76.688,177.771,37.31,92.898,154.474,156.073,33.279,157.392,156.073,176.362,76.688,157.392,57.195,57.195,7.598,14.275,41.371,6.155,-0.5418,-0.06,0.0236,0.3879,0.864692,0.577387,0.240194,0.9999,0.863366,0.56057,0.257527,0.9999,0.86108,0.558764,0.258136,0.9999,0.858962,0.556766,0.258174,0.9999,0.866239,0.561978,0.22668,0.9999,0.865951,0.56116,0.226142,0.9999,0.8657,0.560019,0.226665,0.9998,0.840758,0.549245,0.301987,0.9999,0.849175,0.554218,0.15151,0.9998,0.851544,0.582823,0.257267,0.9998,0.856263,0.584404,0.214915,0.9996,0.725914,0.579881,0.305491,0.9998,0.802837,0.599453,0.016455,0.9998,0.617035,0.583992,0.327539,0.7668,0.785971,0.578412,-0.234388,0.8856,0.56351,0.588103,0.42824,0.3195,0.837535,0.553923,-0.471243,0.8843,0.545184,0.583681,0.443765,0.2485,0.841851,0.528301,-0.483833,0.8491,0.548617,0.57955,0.432667,0.2433,0.817449,0.551791,-0.46382,0.8299,0.554468,0.58373,0.422345,0.2076,0.814591,0.559636,-0.463159,0.8019,0.578108,0.68797,0.104009,0.9999,0.606641,0.713101,-0.102671,0.9999,0.390481,0.723257,0.038739,0.5874,0.401054,0.735272,-0.186473,0.9433,0.176354,0.769416,0.009674,0.6406,0.175609,0.774186,-0.274908,0.978,0.149238,0.75034,-0.003622,0.5422,0.151367,0.754308,-0.280146,0.9699,0.111242,0.832802,-0.071418,0.6847,0.112045,0.833693,-0.348578,0.9765
bhujangasana_tf_0195,bhujangasana,,TF,train,unlabelled,,Apache-2.0,data/datasets/yoga_poses/train/cobra/girl2_cobra136.jpg,True,300,300,True,0.9995,0.0457,178.507,179.263,174.116,131.285,26.252,136.697,162.225,161.305,88.674,59.124,178.507,179.263,131.285,174.116,59.124,88.674,161.305,162.225,29.133,175.541,161.305,179.263,131.285,175.541,62.924,62.924,6.091,10.093,26.271,7.721,-0.4552,-0.0348,0.0237,0.2463,0.859524,0.591473,0.148294,0.9999,0.859407,0.575153,0.166301,0.9999,0.857579,0.574387,0.166791,0.9999,0.855893,0.573322,0.167228,0.9999,0.861052,0.574214,0.138639,0.9999,0.860137,0.572839,0.138193,0.9999,0.859225,0.571105,0.138912,0.9999,0.838445,0.568114,0.238705,1.0,0.841642,0.566913,0.101396,0.9999,0.846415,0.598843,0.175311,0.9999,0.84827,0.59885,0.137356,0.9998,0.733082,0.594256,0.277982,0.9995,0.783952,0.603311,-0.005814,0.9998,0.651683,0.596466,0.374638,0.2435,0.791122,0.583906,-0.200318,0.9852,0.573785,0.590569,0.51121,0.0457,0.861775,0.556779,-0.352773,0.9767,0.55278,0.579594,0.531949,0.0519,0.870828,0.543917,-0.355967,0.9574,0.558632,0.577814,0.518894,0.0551,0.866893,0.540857,-0.341833,0.9496,0.565584,0.581582,0.506884,0.0514,0.860653,0.545846,-0.346746,0.9441,0.557096,0.687071,0.098415,0.9997,0.586309,0.701491,-0.097402,0.9998,0.372821,0.719669,-0.023988,0.3919,0.389585,0.728164,-0.19729,0.9324,0.154658,0.752424,-0.080163,0.4069,0.157347,0.756614,-0.29694,0.9451,0.124687,0.730698,-0.093906,0.4137,0.125401,0.73843,-0.302174,0.9358,0.110727,0.802713,-0.164626,0.5987,0.108331,0.807295,-0.376222,0.9462
bhujangasana_tf_0196,bhujangasana,,TF,train,unlabelled,,Apache-2.0,data/datasets/yoga_poses/train/cobra/girl2_cobra140.jpg,True,300,300,True,0.9977,0.096,170.559,172.939,179.144,165.788,25.248,149.314,169.102,166.934,86.664,50.039,170.559,172.939,165.788,179.144,50.039,86.664,166.934,169.102,25.638,162.0,166.934,172.939,165.788,162.0,67.877,67.877,15.384,14.296,52.215,8.895,-0.3766,0.1053,0.067,0.1625,0.837957,0.62335,0.008375,0.9981,0.845065,0.606688,0.023373,0.9983,0.843827,0.605027,0.023978,0.9985,0.842403,0.603142,0.024288,0.9986,0.846326,0.607202,-0.006783,0.9978,0.845904,0.605991,-0.007422,0.9976,0.845189,0.604362,-0.006992,0.9974,0.825526,0.594957,0.097333,0.9995,0.82627,0.59092,-0.049501,0.9986,0.822046,0.624155,0.037732,0.9988,0.822484,0.623063,-0.001858,0.9979,0.731773,0.598156,0.16455,0.999,0.763432,0.606224,-0.127543,0.9992,0.644691,0.593676,0.239192,0.4643,0.769383,0.598427,-0.272134,0.9899,0.571659,0.588824,0.304227,0.1542,0.832764,0.548127,-0.358261,0.9819,0.554748,0.581085,0.312537,0.1419,0.839858,0.526075,-0.381664,0.9634,0.558516,0.580094,0.297374,0.1495,0.822935,0.526041,-0.370707,0.9602,0.564072,0.583686,0.296249,0.1369,0.817198,0.535033,-0.357357,0.9525,0.55562,0.670411,0.111144,0.9977,0.567202,0.68535,-0.110303,0.998,0.386172,0.704593,0.083422,0.096,0.388933,0.713251,-0.120241,0.8697,0.264448,0.708765,0.124698,0.1207,0.254262,0.717564,-0.105117,0.8674,0.248121,0.694445,0.119986,0.1993,0.238597,0.703263,-0.10303,0.8777,0.234676,0.726812,0.038409,0.1867,0.21582,0.739486,-0.191615,0.8487
bhujangasana_tf_0197,bhujangasana,,TF,train,unlabelled,,Apache-2.0,data/datasets/yoga_poses/train/cobra/girl3_cobra028.jpg,True,300,300,True,0.9983,0.0397,175.899,173.385,68.746,9.423,19.058,13.719,161.052,165.651,96.434,59.186,173.385,175.899,9.423,68.746,59.186,96.434,161.052,165.651,10.777,18.619,165.651,173.385,9.423,10.777,106.247,106.247,2.84,71.852,59.211,31.132,0.2798,0.2376,0.124,0.4665,0.826727,0.60768,0.1084,0.9995,0.839114,0.594389,0.084028,0.9995,0.839737,0.590319,0.084589,0.9996,0.840766,0.584879,0.084636,0.9996,0.835858,0.604014,0.07693,0.9995,0.834786,0.60546,0.076597,0.9995,0.833774,0.607103,0.077007,0.9995,0.829253,0.572855,0.013454,0.9995,0.823144,0.598378,-0.030217,0.9994,0.814657,0.59744,0.092588,0.9994,0.812783,0.607536,0.080091,0.9993,0.76461,0.513934,0.030978,0.9994,0.734952,0.604413,-0.093495,0.9983,0.674894,0.459509,0.090201,0.3363,0.648229,0.546455,-0.161329,0.7263,0.663297,0.525359,0.17368,0.0397,0.666457,0.56356,-0.222793,0.2167,0.660228,0.53822,0.177471,0.0435,0.665426,0.56969,-0.219111,0.2369,0.664586,0.556041,0.17241,0.0459,0.677716,0.568256,-0.212561,0.2374,0.665289,0.555505,0.170957,0.0493,0.680028,0.564975,-0.219226,0.2112,0.57157,0.472252,0.062818,0.9997,0.536045,0.531873,-0.060448,0.9992,0.44688,0.396937,0.122634,0.8903,0.418276,0.451278,0.070692,0.9288,0.307695,0.325924,0.039347,0.9384,0.302592,0.350712,0.027131,0.9738,0.278606,0.308018,0.026194,0.9536,0.298304,0.340485,0.023954,0.9725,0.265063,0.32913,-0.00482,0.8282,0.266068,0.348995,0.002451,0.932
bhujangasana_tf_0198,bhujangasana,,TF,train,unlabelled,,Apache-2.0,data/datasets/yoga_poses/train/cobra/girl3_cobra030.jpg,True,300,300,True,0.995,0.0421,174.531,168.453,63.39,38.163,18.052,6.7,161.537,167.633,92.814,82.445,168.453,174.531,38.163,63.39,82.445,92.814,161.537,167.633,10.947,16.857,167.633,168.453,38.163,10.947,106.299,106.299,10.853,61.099,52.783,30.869,0.2807,0.2983,0.1179,0.3482,0.838826,0.616305,-0.070158,0.9982,0.8481,0.608265,-0.072729,0.998,0.849077,0.604404,-0.072033,0.9981,0.849792,0.602376,-0.071556,0.998,0.845444,0.611768,-0.091841,0.9976,0.844152,0.611654,-0.092425,0.9972,0.843011,0.611812,-0.091733,0.9967,0.839511,0.584042,-0.048131,0.9973,0.829082,0.598056,-0.147492,0.9966,0.825693,0.609239,-0.055987,0.9974,0.823078,0.613081,-0.08383,0.9969,0.781869,0.524189,0.035901,0.9973,0.747475,0.58649,-0.193487,0.995,0.693747,0.468923,0.183922,0.1383,0.645249,0.538383,-0.153486,0.8614,0.687997,0.528804,0.343686,0.0421,0.663812,0.575394,-0.050054,0.4471,0.687123,0.536387,0.353691,0.0537,0.665401,0.592134,-0.033276,0.4209,0.695249,0.547345,0.343114,0.0555,0.678576,0.594257,-0.033499,0.4178,0.694592,0.54754,0.340686,0.0621,0.68055,0.584812,-0.045623,0.3775,0.585864,0.475165,0.081653,0.9986,0.551196,0.52081,-0.079871,0.9982,0.46248,0.396544,0.192812,0.4473,0.433609,0.450522,0.03862,0.8317,0.329632,0.32875,0.288589,0.7368,0.326482,0.352646,0.201147,0.8605,0.311348,0.305697,0.294176,0.7311,0.326828,0.348828,0.220721,0.8161,0.293797,0.341125,0.266176,0.7721,0.288892,0.355481,0.199189,0.8533
bhujangasana_tf_0199,bhujangasana,,TF,train,unlabelled,,Apache-2.0,data/datasets/yoga_poses/train/cobra/girl3_cobra032.jpg,True,300,300,True,0.9986,0.0746,175.95,169.825,65.441,57.051,20.512,16.349,159.038,164.695,93.984,81.398,169.825,175.95,57.051,65.441,81.398,93.984,159.038,164.695,9.005,17.506,164.695,169.825,57.051,9.005,105.595,105.595,3.779,63.138,54.163,32.912,0.2688,0.2378,0.1261,0.3377,0.849401,0.609673,-0.072541,0.999,0.858864,0.59808,-0.075704,0.9987,0.85933,0.59576,-0.075012,0.9987,0.859899,0.594092,-0.074799,0.999,0.855769,0.601962,-0.092047,0.9987,0.854192,0.602067,-0.092597,0.9985,0.852836,0.602604,-0.092067,0.9983,0.848535,0.579952,-0.058939,0.9986,0.83995,0.595217,-0.144255,0.9985,0.835712,0.604313,-0.061631,0.998,0.833508,0.6073,-0.085347,0.998,0.788164,0.532696,0.02452,0.9992,0.757925,0.592399,-0.189103,0.9987,0.703833,0.475741,0.151786,0.2981,0.667733,0.531665,-0.222771,0.9092,0.693224,0.539308,0.284984,0.0746,0.666907,0.578631,-0.246985,0.5751,0.691909,0.548823,0.291007,0.0791,0.669586,0.595,-0.238563,0.5292,0.698961,0.560572,0.278568,0.0819,0.686731,0.593336,-0.233612,0.5271,0.698858,0.559855,0.280706,0.0844,0.686299,0.589385,-0.242142,0.486,0.59823,0.48702,0.086018,0.9986,0.566091,0.531521,-0.084142,0.9989,0.471238,0.399795,0.179573,0.4708,0.445547,0.453502,-0.055868,0.9187,0.340596,0.323045,0.247989,0.774,0.330523,0.345913,-0.026082,0.9491,0.325787,0.302162,0.247051,0.7206,0.32363,0.333459,-0.020307,0.9127,0.297738,0.334198,0.198215,0.7779,0.28783,0.344467,-0.067308,0.9499
bhujangasana_tf_0200,bhujangasana,,TF,train,unlabelled,,Apache-2.0,data/datasets/yoga_poses/train/cobra/girl3_cobra039.jpg,True,300,300,True,0.9973,0.016,172.191,169.136,88.455,54.582,13.095,27.6,147.227,158.181,94.763,70.921,169.136,172.191,54.582,88.455,70.921,94.763,147.227,158.181,5.324,14.176,158.181,169.136,54.582,5.324,101.636,101.636,4.109,63.375,48.274,35.574,0.2017,0.2241,0.1763,0.3044,0.91819,0.614979,-0.08144,0.9983,0.919998,0.607354,-0.081738,0.9981,0.919595,0.600958,-0.081073,0.9981,0.919137,0.599244,-0.080529,0.998,0.917311,0.609994,-0.102711,0.9981,0.914598,0.609457,-0.103184,0.9979,0.909579,0.608552,-0.102889,0.9977,0.892152,0.587168,-0.059471,0.9988,0.884515,0.598058,-0.164887,0.9984,0.901258,0.613842,-0.068724,0.9984,0.899388,0.619698,-0.098041,0.9983,0.827125,0.54532,0.030117,0.9983,0.800739,0.597954,-0.194545,0.9991,0.739356,0.508949,0.161548,0.0458,0.721347,0.52807,-0.159723,0.7862,0.722068,0.554073,0.292503,0.016,0.717088,0.569022,-0.100274,0.3367,0.720634,0.55727,0.300711,0.0209,0.71823,0.579887,-0.086267,0.3513,0.727497,0.567235,0.291352,0.0217,0.727321,0.573484,-0.085374,0.3602,0.728218,0.568489,0.288357,0.0228,0.727645,0.571496,-0.094871,0.3368,0.640732,0.514417,0.083209,0.9973,0.608255,0.550835,-0.081236,0.9983,0.520323,0.40529,0.112308,0.545,0.486649,0.463857,-0.091335,0.9055,0.382784,0.311195,0.156748,0.7858,0.372335,0.343656,-0.090415,0.9439,0.365861,0.280455,0.156267,0.77,0.351105,0.335144,-0.088097,0.9374,0.333161,0.3031,0.109196,0.7781,0.333804,0.340562,-0.132214,0.9423
bhujangasana_tf_0201,bhujangasana,,TF,train,unlabelled,,Apache-2.0,data/datasets/yoga_poses/train/cobra/girl3_cobra040.jpg,True,300,300,True,0.9988,0.0264,168.951,151.615,100.105,75.898,16.874,40.197,146.476,164.839,85.197,77.228,151.615,168.951,75.898,100.105,77.228,85.197,146.476,164.839,1.919,8.675,164.839,151.615,75.898,1.919,102.099,102.099,6.941,66.884,46.864,26.014,0.2096,0.2014,0.2957,0.1855,0.916111,0.61965,-0.024642,0.9978,0.921273,0.610642,-0.016893,0.9981,0.918587,0.604142,-0.016315,0.998,0.917465,0.602444,-0.016088,0.9983,0.916183,0.611478,-0.039987,0.9977,0.913414,0.60979,-0.040318,0.9975,0.910156,0.608164,-0.040111,0.9974,0.886073,0.581828,0.016107,0.9987,0.885263,0.592493,-0.09892,0.9984,0.902064,0.619894,-0.008719,0.997,0.899275,0.623949,-0.040529,0.9969,0.82035,0.564097,0.097105,0.9993,0.806237,0.597159,-0.162239,0.9995,0.74857,0.522065,0.210896,0.0668,0.738971,0.513944,-0.223768,0.9118,0.719922,0.555658,0.341383,0.0264,0.695298,0.57201,-0.292703,0.7304,0.713855,0.560354,0.349767,0.0354,0.68741,0.583892,-0.296626,0.7254,0.71899,0.565966,0.339308,0.0373,0.705586,0.594253,-0.289586,0.7371,0.720445,0.567114,0.336208,0.039,0.710748,0.583202,-0.289473,0.6819,0.641445,0.521218,0.093183,0.9991,0.60622,0.558812,-0.091417,0.9988,0.529788,0.401475,0.126995,0.6349,0.495447,0.504749,-0.02778,0.7727,0.392001,0.301541,0.080018,0.7607,0.390972,0.358824,-0.035276,0.8676,0.370819,0.263987,0.069412,0.8024,0.386176,0.365988,-0.031562,0.9059,0.331831,0.278368,0.028672,0.7355,0.343187,0.349076,-0.043596,0.892
bhujangasana_tf_0202,bhujangasana,,TF,train,unlabelled,,Apache-2.0,data/datasets/yoga_poses/train/cobra/girl3_cobra051.jpg,True,300,300,True,0.968,0.1145,158.263,177.494,111.797,51.577,76.38,75.33,129.393,145.164,149.202,101.684,158.263,177.494,51.577,111.797,101.684,149.202,129.393,145.164,132.19,170.525,145.164,177.494,51.577,170.525,105.962,105.962,25.036,49.487,59.764,55.995,0.275,-0.0033,0.1557,0.4641,0.914108,0.618349,-0.380895,0.9836,0.921981,0.609447,-0.39477,0.9836,0.924488,0.608079,-0.394311,0.9814,0.926827,0.606698,-0.393795,0.986,0.912557,0.612902,-0.393644,0.9878,0.908102,0.613531,-0.394464,0.9857,0.90367,0.614277,-0.393606,0.9854,0.911869,0.600325,-0.387677,0.9709,0.879563,0.61496,-0.390027,0.9788,0.904172,0.620356,-0.369761,0.9574,0.893034,0.621208,-0.371724,0.9546,0.853676,0.585003,-0.299649,0.9852,0.795586,0.652986,-0.290589,0.968,0.84518,0.603214,-0.190166,0.1145,0.777754,0.677685,-0.077247,0.2,0.898189,0.659678,-0.104346,0.2133,0.890348,0.672583,0.065288,0.283,0.916736,0.673632,-0.109843,0.2437,0.930939,0.677153,0.060811,0.3548,0.91294,0.683376,-0.126882,0.2603,0.926386,0.662531,0.049829,0.3612,0.903387,0.681062,-0.113532,0.2696,0.917698,0.658917,0.063226,0.3307,0.652007,0.54437,-0.00336,0.9977,0.626781,0.587651,0.004825,0.9981,0.568414,0.387168,0.074279,0.739,0.539459,0.458216,0.033079,0.7563,0.446128,0.283606,0.193161,0.6853,0.427738,0.307293,0.063077,0.9357,0.438473,0.270593,0.204974,0.6413,0.40545,0.293799,0.066915,0.8795,0.386054,0.249095,0.198198,0.7047,0.406796,0.264802,0.029672,0.9238
bhujangasana_tf_0203,bhujangasana,,TF,train,unlabelled,,Apache-2.0,data/datasets/yoga_poses/train/cobra/girl3_cobra052.jpg,True,300,300,True,0.9951,0.1191,158.355,179.191,104.186,53.881,56.831,72.719,131.592,143.716,178.952,101.886,158.355,179.191,53.881,104.186,101.886,178.952,131.592,143.716,105.346,173.655,143.716,179.191,53.881,173.655,106.172,106.172,22.71,42.127,50.888,54.515,0.2785,0.0133,0.2516,0.3928,0.909892,0.626405,-0.372782,0.994,0.92038,0.618958,-0.3859,0.9925,0.922881,0.618327,-0.385362,0.9915,0.92521,0.617698,-0.384894,0.9916,0.911385,0.620585,-0.385953,0.9954,0.907259,0.620624,-0.386808,0.995,0.903159,0.620759,-0.386041,0.9945,0.913409,0.612535,-0.371115,0.9891,0.88299,0.620289,-0.379571,0.9946,0.900621,0.629405,-0.357938,0.986,0.890036,0.628568,-0.361188,0.9865,0.863936,0.597034,-0.269116,0.996,0.804922,0.650408,-0.293527,0.9951,0.839412,0.619532,-0.160399,0.1191,0.79136,0.669413,-0.100604,0.4899,0.865223,0.667375,-0.083273,0.2245,0.890241,0.668365,0.04404,0.4764,0.88052,0.682575,-0.08232,0.2577,0.918075,0.676783,0.042942,0.5199,0.875443,0.689756,-0.099705,0.2689,0.924998,0.660612,0.034383,0.5216,0.866234,0.685569,-0.090553,0.2799,0.915589,0.657043,0.043212,0.4849,0.658321,0.54463,0.026556,0.9987,0.621452,0.589976,-0.025212,0.9991,0.574436,0.382064,0.14353,0.634,0.537915,0.472799,0.017475,0.8972,0.454519,0.277597,0.253381,0.7114,0.43561,0.32492,0.058371,0.9667,0.449585,0.255079,0.26618,0.7326,0.421915,0.312685,0.064376,0.9526,0.388053,0.255698,0.267693,0.7493,0.385317,0.306056,0.052071,0.9542
bhujangasana_tf_0204,bhujangasana,,TF,train,unlabelled,,Apache-2.0,data/datasets/yoga_poses/train/cobra/girl3_cobra058.jpg,True,300,300,True,0.9633,0.0543,172.843,172.272,65.614,26.915,17.45,68.773,125.477,157.973,160.848,93.734,172.272,172.843,26.915,65.614,93.734,160.848,125.477,157.973,82.02,146.304,157.973,172.272,26.915,146.304,114.859,114.859,23.387,64.089,49.916,59.457,0.4204,0.0693,0.3306,0.8466,0.92097,0.665143,-0.30974,0.9968,0.935058,0.647095,-0.340156,0.9927,0.93609,0.642899,-0.339689,0.9895,0.938676,0.633207,-0.339178,0.9841,0.910899,0.667754,-0.339766,0.9968,0.905105,0.672672,-0.340138,0.997,0.899293,0.67772,-0.339972,0.997,0.906943,0.624284,-0.378929,0.979,0.882063,0.681475,-0.385577,0.9975,0.90882,0.649224,-0.313128,0.996,0.90005,0.669949,-0.316375,0.9977,0.851766,0.571983,-0.2952,0.9633,0.775188,0.729611,-0.319876,0.9975,0.798636,0.577829,-0.125869,0.0543,0.743427,0.748955,-0.115764,0.6512,0.830861,0.632178,-0.011639,0.1235,0.893497,0.737332,0.001576,0.7588,0.838106,0.634812,-0.008983,0.2263,0.929071,0.74401,-0.003564,0.8341,0.838221,0.650834,-0.028261,0.2294,0.931196,0.732797,-0.019378,0.8304,0.833365,0.655273,-0.017683,0.2421,0.924838,0.731155,-0.002537,0.7757,0.651975,0.532525,0.021561,0.9941,0.599364,0.595038,-0.019952,0.9989,0.594439,0.405127,0.195796,0.6816,0.513658,0.44979,0.034285,0.9583,0.507745,0.263445,0.423424,0.8578,0.440409,0.275672,0.134417,0.9908,0.493898,0.24042,0.448017,0.8255,0.41932,0.239042,0.145586,0.9798,0.481153,0.237502,0.445245,0.7591,0.404203,0.250629,0.105635,0.956
bhujangasana_tf_0205,bhujangasana,,TF,train,unlabelled,,Apache-2.0,data/datasets/yoga_poses/train/cobra/girl3_cobra060.jpg,True,300,300,True,0.922,0.1547,176.173,174.137,37.265,81.665,51.615,120.009,126.487,154.369,93.701,109.289,174.137,176.173,37.265,81.665,93.701,109.289,126.487,154.369,159.765,173.803,154.369,174.137,81.665,159.765,113.91,113.91,22.234,60.295,70.554,63.411,0.4053,0.0676,0.2389,0.8635,0.908203,0.650867,-0.481246,0.9929,0.909501,0.637663,-0.504029,0.9905,0.911798,0.633026,-0.503391,0.9882,0.913985,0.628339,-0.503062,0.9837,0.898607,0.651433,-0.503894,0.9939,0.893459,0.655169,-0.50446,0.9939,0.888322,0.659044,-0.503629,0.9933,0.892676,0.614306,-0.488578,0.9762,0.855065,0.66603,-0.49302,0.9915,0.896726,0.64542,-0.462701,0.9888,0.884753,0.656175,-0.465822,0.991,0.831986,0.564792,-0.377807,0.922,0.748771,0.710659,-0.37308,0.9817,0.816974,0.537128,-0.231496,0.1547,0.741084,0.756516,-0.141836,0.5165,0.886175,0.568297,-0.124948,0.1826,0.888479,0.759553,-0.055128,0.776,0.904323,0.559115,-0.138126,0.3254,0.919478,0.771721,-0.079215,0.8702,0.901037,0.573516,-0.155199,0.3247,0.926446,0.754865,-0.098183,0.8622,0.891401,0.582383,-0.131353,0.3097,0.911375,0.749082,-0.063692,0.7995,0.623356,0.528389,-0.009398,0.9978,0.601811,0.589412,0.010716,0.9981,0.558936,0.399684,0.173542,0.7101,0.534766,0.444615,0.201077,0.7473,0.47738,0.260765,0.396166,0.832,0.445809,0.294844,0.410393,0.9461,0.46013,0.236878,0.421209,0.7876,0.435066,0.264753,0.43332,0.8966,0.468556,0.234891,0.415661,0.7278,0.440911,0.262736,0.417552,0.7929
bhujangasana_tf_0206,bhujangasana,,TF,train,unlabelled,,Apache-2.0,data/datasets/yoga_poses/train/cobra/girl3_cobra062.jpg,True,300,300,True,0.9286,0.5308,166.728,174.325,64.016,0.232,69.499,48.99,121.128,158.039,39.821,87.614,166.728,174.325,0.232,64.016,39.821,87.614,121.128,158.039,119.815,131.639,158.039,174.325,0.232,131.639,119.446,119.446,22.777,67.534,55.708,67.937,0.4916,0.048,0.31,1.1064,0.912192,0.667581,-0.323582,0.9914,0.912296,0.653193,-0.362028,0.9835,0.914797,0.64661,-0.361326,0.9762,0.917213,0.639953,-0.360897,0.9638,0.899477,0.675801,-0.356492,0.9916,0.893644,0.683082,-0.356821,0.9918,0.887826,0.690464,-0.356515,0.9911,0.911146,0.626618,-0.405825,0.9426,0.851338,0.705852,-0.388562,0.9898,0.902759,0.658368,-0.324311,0.9899,0.889296,0.678496,-0.321733,0.9945,0.849146,0.545305,-0.335618,0.9286,0.756708,0.768851,-0.309741,0.9927,0.828178,0.432122,-0.20505,0.6843,0.669092,0.773465,-0.089782,0.7702,0.92187,0.458085,-0.066873,0.5308,0.80791,0.766717,0.020806,0.6206,0.946051,0.454469,-0.065649,0.6735,0.85543,0.770599,0.015946,0.7422,0.944893,0.478909,-0.079027,0.6592,0.861863,0.757737,0.014441,0.7159,0.938259,0.482426,-0.068713,0.5991,0.863964,0.751338,0.021075,0.6493,0.640557,0.508503,0.004296,0.9934,0.584511,0.590687,-0.002898,0.997,0.591794,0.38228,0.194733,0.8001,0.517376,0.425047,0.153331,0.8906,0.495634,0.241814,0.428315,0.9088,0.430098,0.259075,0.332969,0.9738,0.472944,0.213603,0.456338,0.8931,0.437695,0.24182,0.354106,0.9533,0.484227,0.215075,0.47698,0.7246,0.433541,0.245542,0.3457,0.7843
bhujangasana_tf_0207,bhujangasana,,TF,train,unlabelled,,Apache-2.0,data/datasets/yoga_poses/train/cobra/girl3_cobra064.jpg,True,300,300,True,0.9944,0.1903,179.273,178.096,99.75,14.636,29.94,27.012,167.795,171.21,125.256,75.477,178.096,179.273,14.636,99.75,75.477,125.256,167.795,171.21,37.275,78.011,171.21,178.096,14.636,37.275,136.966,136.966,38.978,22.516,31.3,54.96,0.7309,0.0998,0.3707,0.6748,0.856284,0.726011,-0.399976,0.9975,0.869772,0.718798,-0.428579,0.9948,0.873681,0.719563,-0.427632,0.993,0.877424,0.72027,-0.427297,0.9895,0.85541,0.718169,-0.42444,0.9972,0.84997,0.716979,-0.424909,0.9971,0.844538,0.715944,-0.423912,0.9968,0.87084,0.713566,-0.447768,0.9879,0.822328,0.710788,-0.435926,0.9972,0.848042,0.726082,-0.394013,0.9946,0.832977,0.723162,-0.3928,0.9953,0.86206,0.678366,-0.321874,0.9944,0.73236,0.732131,-0.341361,0.9967,0.800582,0.664382,-0.159293,0.1903,0.616476,0.678619,-0.106288,0.6428,0.766786,0.745712,-0.002241,0.3668,0.658201,0.712919,0.059027,0.4288,0.770727,0.766721,0.02072,0.5067,0.649268,0.713886,0.070605,0.5571,0.762474,0.772633,0.003271,0.5022,0.675036,0.719864,0.0701,0.5301,0.75505,0.763516,-0.003161,0.4436,0.677831,0.718641,0.06257,0.4983,0.698297,0.526958,0.013908,0.9989,0.612126,0.579351,-0.01279,0.9991,0.604914,0.393792,0.118259,0.8561,0.538696,0.449095,0.104676,0.9371,0.515565,0.262874,0.250581,0.9351,0.447689,0.299503,0.17463,0.986,0.502145,0.240253,0.263457,0.9328,0.43665,0.274018,0.185418,0.9626,0.483512,0.221503,0.244554,0.9073,0.431367,0.256444,0.178541,0.9519
bhujangasana_tf_0208,bhujangasana,,TF,train,unlabelled,,Apache-2.0,data/datasets/yoga_poses/train/cobra/girl3_cobra068.jpg,True,300,300,True,0.984,0.1335,177.47,172.853,150.962,5.682,111.224,55.306,160.177,177.42,177.488,90.952,172.853,177.47,5.682,150.962,90.952,177.488,160.177,177.42,59.176,127.817,177.42,172.853,5.682,59.176,138.567,138.567,12.278,14.057,13.95,60.152,0.7497,0.3203,0.3416,0.8034,0.804887,0.757589,-0.420412,0.992,0.817738,0.747358,-0.436433,0.9903,0.822695,0.745753,-0.435778,0.9848,0.827566,0.744097,-0.435496,0.9742,0.802426,0.74996,-0.446632,0.9965,0.797003,0.749394,-0.447017,0.9968,0.791543,0.748904,-0.446606,0.9968,0.828145,0.722489,-0.401137,0.9602,0.773247,0.732391,-0.459839,0.9972,0.802352,0.749736,-0.395874,0.987,0.787067,0.750986,-0.414803,0.9935,0.832629,0.675633,-0.248273,0.984,0.679775,0.713905,-0.381619,0.9954,0.813971,0.7295,-0.128558,0.1335,0.597281,0.7097,-0.237964,0.8582,0.827,0.803903,-0.054042,0.4443,0.630498,0.714723,-0.142245,0.7929,0.843505,0.820495,-0.055491,0.4875,0.629557,0.714729,-0.144237,0.7699,0.850089,0.814356,-0.07028,0.477,0.653033,0.70829,-0.148884,0.7628,0.839107,0.810004,-0.061382,0.4544,0.655463,0.707282,-0.140551,0.741,0.669376,0.537041,0.05066,0.9969,0.583441,0.558388,-0.049111,0.9985,0.587038,0.393553,0.079437,0.6219,0.516096,0.437871,-0.07546,0.8545,0.507912,0.240368,0.220349,0.5947,0.443328,0.258209,-0.009788,0.966,0.500864,0.216652,0.227804,0.6402,0.442399,0.222622,-0.003359,0.9236,0.457264,0.198699,0.19459,0.6392,0.420306,0.236546,-0.065868,0.9347
bhujangasana_tf_0210,bhujangasana,,TF,train,unlabelled,,Apache-2.0,data/datasets/yoga_poses/train/cobra/girl3_cobra076.jpg,True,300,300,True,0.9956,0.1308,178.94,176.258,87.012,81.005,6.762,24.175,170.955,168.079,23.94,57.316,176.258,178.94,81.005,87.012,23.94,57.316,168.079,170.955,26.755,41.752,170.955,178.94,87.012,41.752,156.031,156.031,65.0,26.856,20.289,71.36,0.9138,-0.2018,0.198,0.7242,0.672125,0.711841,-0.533199,0.9794,0.671062,0.733187,-0.56831,0.9748,0.665381,0.7394,-0.56723,0.9752,0.659627,0.745476,-0.566982,0.9709,0.686639,0.722563,-0.554729,0.9756,0.692148,0.720986,-0.555552,0.9735,0.697669,0.719425,-0.554436,0.972,0.651623,0.775659,-0.56164,0.9837,0.708149,0.737334,-0.510809,0.9831,0.657029,0.722945,-0.515392,0.9858,0.674817,0.710801,-0.50215,0.9815,0.589191,0.792048,-0.423964,0.9959,0.731015,0.720233,-0.405962,0.9962,0.561112,0.730643,-0.345504,0.6963,0.721609,0.636185,-0.394362,0.4612,0.628247,0.704081,-0.206883,0.2124,0.636507,0.659596,-0.404505,0.1308,0.64432,0.692801,-0.196993,0.1281,0.612527,0.657739,-0.402396,0.0891,0.647436,0.695168,-0.184076,0.1288,0.609252,0.668239,-0.391214,0.083,0.644181,0.698876,-0.197336,0.111,0.614464,0.670228,-0.399592,0.0729,0.519337,0.574633,-0.003074,0.9972,0.622519,0.536488,0.004712,0.9956,0.491967,0.397167,0.182555,0.8683,0.564758,0.365248,0.211799,0.6474,0.463645,0.233659,0.357796,0.9047,0.50278,0.214747,0.408681,0.585,0.456275,0.214051,0.372131,0.5154,0.49454,0.192474,0.425,0.1993,0.474264,0.159009,0.289657,0.8999,0.466051,0.137092,0.340233,0.642
bhujangasana_tf_0217,bhujangasana,,TF,train,unlabelled,,Apache-2.0,data/datasets/yoga_poses/train/cobra/girl3_cobra096.jpg,True,300,300,True,0.9048,0.0526,175.24,165.151,124.833,95.083,48.92,112.432,160.58,108.655,90.282,100.902,165.151,175.24,95.083,124.833,90.282,100.902,108.655,160.58,69.675,164.455,108.655,165.151,95.083,164.455,137.45,-137.45,55.405,42.094,48.839,82.209,0.7367,0.455,0.526,1.1405,0.367047,0.693124,-0.512442,0.8205,0.377902,0.701095,-0.532839,0.8093,0.379989,0.703895,-0.531712,0.7796,0.382106,0.706581,-0.531807,0.7348,0.37088,0.688166,-0.532588,0.8887,0.369698,0.683304,-0.533046,0.8926,0.368417,0.678446,-0.532185,0.8926,0.395375,0.698991,-0.475829,0.6925,0.368381,0.653474,-0.478219,0.9093,0.366819,0.686915,-0.476009,0.7922,0.362068,0.674739,-0.478946,0.8435,0.434995,0.681907,-0.347225,0.9048,0.304434,0.563961,-0.343837,0.9767,0.544263,0.641112,-0.224895,0.0526,0.216526,0.487216,-0.205272,0.9011,0.604395,0.68274,-0.121401,0.1048,0.094267,0.604439,-0.161481,0.9631,0.645419,0.695889,-0.121706,0.1741,0.053333,0.605036,-0.178625,0.978,0.623292,0.69438,-0.124906,0.1599,0.057844,0.624168,-0.204506,0.9759,0.60476,0.685689,-0.119436,0.1305,0.07818,0.624195,-0.169959,0.9515,0.492122,0.529979,0.001847,0.9992,0.455945,0.488598,0.000125,0.9997,0.496276,0.329489,0.061887,0.3614,0.427883,0.283509,0.090322,0.5859,0.487635,0.191084,0.246725,0.456,0.4481,0.120216,0.254678,0.8108,0.492494,0.177883,0.266214,0.5843,0.459569,0.099992,0.274125,0.6628,0.464181,0.131926,0.253289,0.3067,0.431069,0.056956,0.233379,0.4917
bhujangasana_tf_0218,bhujangasana,,TF,train,unlabelled,,Apache-2.0,data/datasets/yoga_poses/train/cobra/girl3_cobra097.jpg,True,300,300,True,0.9729,0.3344,172.531,171.645,174.085,87.566,66.353,104.459,176.12,118.114,79.545,95.672,171.645,172.531,87.566,174.085,79.545,95.672,118.114,176.12,69.054,158.38,118.114,171.645,87.566,158.38,139.639,-139.639,46.449,31.523,58.855,83.389,0.762,0.4713,0.6385,1.3465,0.379207,0.664059,-0.478438,0.9048,0.385758,0.678739,-0.499209,0.9153,0.387656,0.681616,-0.498074,0.9183,0.389578,0.684354,-0.498533,0.9091,0.378609,0.666236,-0.502405,0.9128,0.377633,0.662417,-0.503058,0.9079,0.376498,0.658539,-0.502417,0.9131,0.403125,0.680695,-0.455887,0.9006,0.37681,0.638563,-0.476443,0.8919,0.381057,0.657383,-0.448367,0.8863,0.377568,0.64665,-0.455501,0.9008,0.461155,0.647954,-0.340245,0.9848,0.30615,0.552881,-0.357261,0.9729,0.628523,0.608835,-0.348175,0.6409,0.215133,0.450911,-0.243741,0.9386,0.771846,0.590625,-0.307501,0.8272,0.087923,0.574554,-0.15035,0.9613,0.818937,0.583565,-0.318583,0.8521,0.041459,0.572913,-0.146574,0.9688,0.811982,0.59418,-0.310455,0.8305,0.044104,0.590005,-0.159021,0.9645,0.767265,0.621032,-0.305906,0.7603,0.062251,0.591199,-0.151913,0.9467,0.484813,0.520193,0.028032,0.9997,0.457404,0.474838,-0.025774,0.9993,0.507543,0.324057,0.104464,0.3344,0.460472,0.260866,0.05165,0.7086,0.505242,0.170451,0.314584,0.3768,0.488748,0.085819,0.265316,0.7215,0.509146,0.14959,0.333874,0.4386,0.50144,0.064801,0.287208,0.6496,0.49608,0.123656,0.313943,0.3119,0.450866,0.041543,0.236404,0.4836
bhujangasana_tf_0219,bhujangasana,,TF,train,unlabelled,,Apache-2.0,data/datasets/yoga_poses/train/cobra/girl3_cobra098.jpg,True,300,300,True,0.9311,0.1912,162.85,177.031,155.342,106.845,54.708,96.845,172.149,134.27,78.827,84.196,162.85,177.031,106.845,155.342,78.827,84.196,134.27,172.149,64.563,134.68,134.27,177.031,106.845,134.68,144.922,-144.922,39.035,19.862,42.789,83.588,0.8184,0.5368,0.3973,1.0317,0.39991,0.677873,-0.527307,0.9819,0.398563,0.690871,-0.548351,0.9682,0.398632,0.691123,-0.547465,0.9598,0.398732,0.691218,-0.547915,0.9447,0.393754,0.686118,-0.545205,0.9827,0.392618,0.685153,-0.5462,0.9822,0.391327,0.684116,-0.545462,0.9791,0.402266,0.692751,-0.517808,0.9314,0.38427,0.666273,-0.511662,0.9794,0.399329,0.663316,-0.504757,0.9451,0.398617,0.661066,-0.503601,0.957,0.458119,0.625444,-0.400584,0.9311,0.317423,0.574618,-0.404387,0.9763,0.630106,0.559327,-0.42881,0.6747,0.214767,0.476728,-0.296709,0.9195,0.753292,0.567142,-0.395001,0.8338,0.083808,0.550871,-0.217328,0.9318,0.814212,0.557649,-0.403323,0.8407,0.03596,0.542258,-0.22012,0.9346,0.814621,0.558562,-0.400394,0.8281,0.040272,0.563175,-0.224145,0.9272,0.797323,0.567895,-0.394005,0.749,0.055486,0.561819,-0.217138,0.8986,0.490243,0.499085,0.017249,0.9969,0.451962,0.46365,-0.015375,0.9969,0.511077,0.313704,0.13015,0.1912,0.468101,0.269605,0.087245,0.4747,0.479961,0.149612,0.315466,0.2652,0.492015,0.093276,0.264425,0.452,0.480193,0.127046,0.331845,0.4114,0.499352,0.073337,0.283132,0.5237,0.456919,0.105702,0.302968,0.3079,0.471502,0.040154,0.237537,0.3172
bhujangasana_tf_0220,bhujangasana,,TF,train,unlabelled,,Apache-2.0,data/datasets/yoga_poses/train/cobra/girl3_cobra099.jpg,True,300,300,True,0.9681,0.4096,173.504,177.029,153.164,120.63,51.078,89.334,172.772,131.796,72.369,75.854,173.504,177.029,120.63,153.164,72.369,75.854,131.796,172.772,63.148,126.101,131.796,177.029,120.63,126.101,147.916,-147.916,28.275,20.014,28.953,87.957,0.8473,0.6947,0.316,1.345,0.346288,0.70786,-0.332529,0.9899,0.36232,0.713357,-0.363926,0.9839,0.367307,0.711851,-0.363582,0.9829,0.372242,0.711527,-0.364085,0.9813,0.342002,0.706835,-0.357768,0.9848,0.339971,0.706096,-0.358915,0.9859,0.33884,0.706409,-0.358023,0.984,0.393461,0.68921,-0.40552,0.9814,0.343189,0.656445,-0.386631,0.9843,0.363077,0.690563,-0.337893,0.9835,0.353375,0.690344,-0.332986,0.9845,0.467597,0.638262,-0.351885,0.9681,0.278247,0.569292,-0.301653,0.9789,0.613402,0.555093,-0.349618,0.8263,0.221624,0.499586,-0.240073,0.9525,0.750944,0.54821,-0.329425,0.9309,0.083286,0.520154,-0.192076,0.9433,0.80959,0.533138,-0.329698,0.9371,0.036685,0.512583,-0.195985,0.9494,0.807351,0.53628,-0.335128,0.9411,0.039329,0.528067,-0.19976,0.9498,0.784818,0.541498,-0.326471,0.913,0.054425,0.52928,-0.192362,0.9346,0.4904,0.497793,-0.009453,0.9987,0.414613,0.455865,0.011112,0.9985,0.497875,0.283008,0.100445,0.4096,0.421157,0.272402,0.122725,0.6381,0.483576,0.101438,0.257674,0.5399,0.436792,0.094179,0.283738,0.518,0.474007,0.073089,0.273984,0.7344,0.445718,0.063413,0.303235,0.6766,0.464718,0.05241,0.25066,0.5413,0.433406,0.04658,0.298637,0.3767
bhujangasana_tf_0221,bhujangasana,,TF,train,unlabelled,,Apache-2.0,data/datasets/yoga_poses/train/cobra/girl3_cobra101.jpg,True,300,300,True,0.94,0.4605,171.487,171.185,169.262,117.148,37.628,83.714,167.115,120.275,59.683,65.445,171.185,171.487,117.148,169.262,59.683,65.445,120.275,167.115,42.581,125.251,120.275,171.185,117.148,125.251,141.274,-141.274,42.403,38.716,43.146,85.783,0.7801,0.2438,0.2226,1.1417,0.339633,0.663763,-0.541038,0.9516,0.34497,0.677394,-0.562769,0.9099,0.345716,0.680417,-0.561754,0.895,0.346524,0.683283,-0.562207,0.8668,0.340525,0.665987,-0.566101,0.947,0.340432,0.663062,-0.566893,0.9451,0.340106,0.660147,-0.566091,0.9384,0.356616,0.682378,-0.518363,0.8561,0.340021,0.645018,-0.541581,0.9465,0.340371,0.658737,-0.50938,0.9051,0.340062,0.648953,-0.517359,0.9248,0.431173,0.685592,-0.399489,0.94,0.25943,0.547923,-0.391963,0.9825,0.582406,0.578631,-0.367317,0.522,0.224703,0.469588,-0.300271,0.9707,0.726755,0.512748,-0.288272,0.6919,0.06864,0.460754,-0.235651,0.9626,0.775745,0.496129,-0.28371,0.7194,0.032237,0.434127,-0.23419,0.9617,0.766322,0.50648,-0.273923,0.7097,0.028299,0.455802,-0.229081,0.9577,0.755293,0.507088,-0.281478,0.6242,0.044077,0.466913,-0.232538,0.9263,0.491303,0.490151,0.000538,0.9958,0.440519,0.442552,0.001379,0.9958,0.505827,0.293167,0.098801,0.4605,0.440778,0.258902,0.123535,0.5284,0.493085,0.123543,0.304652,0.4691,0.467338,0.089213,0.321339,0.5084,0.49258,0.09919,0.324584,0.6376,0.466643,0.068598,0.343517,0.5365,0.480546,0.073847,0.306343,0.5107,0.470197,0.045095,0.321501,0.3954
bhujangasana_tf_0223,bhujangasana,,TF,train,unlabelled,,Apache-2.0,data/datasets/yoga_poses/train/cobra/girl3_cobra116.jpg,True,300,300,True,0.996,0.1609,168.38,177.14,157.49,31.116,142.442,28.471,105.738,120.325,65.499,145.178,168.38,177.14,31.116,157.49,65.499,145.178,105.738,120.325,66.74,153.991,105.738,168.38,157.49,153.991,95.108,-95.108,67.039,16.163,20.726,71.237,0.089,-0.5926,0.591,1.2953,0.314248,0.388532,-0.634031,0.9994,0.306234,0.39236,-0.641455,0.9994,0.301061,0.390897,-0.639457,0.9992,0.29597,0.389269,-0.639217,0.9991,0.319592,0.399393,-0.645435,0.9994,0.323418,0.402133,-0.645318,0.9992,0.327236,0.404833,-0.644023,0.9989,0.283608,0.402107,-0.550723,0.9996,0.328151,0.425798,-0.582214,0.9993,0.309801,0.391046,-0.592435,0.9993,0.321876,0.397017,-0.605965,0.9989,0.260375,0.431582,-0.374395,0.9996,0.390261,0.469227,-0.39982,0.996,0.226614,0.407007,-0.151797,0.4474,0.441191,0.48471,-0.124289,0.2007,0.183867,0.396713,0.080042,0.6685,0.407044,0.493354,0.165404,0.1609,0.172136,0.398767,0.098776,0.6874,0.408654,0.490558,0.227101,0.2203,0.182343,0.402425,0.103697,0.7131,0.397591,0.498397,0.198315,0.2552,0.188594,0.40214,0.088666,0.6968,0.392306,0.498892,0.166432,0.3262,0.394775,0.428044,0.028222,1.0,0.463836,0.454175,-0.026017,0.9999,0.429668,0.290453,-0.04626,0.9358,0.527031,0.268151,-0.075377,0.8336,0.518985,0.106108,0.01787,0.8935,0.578168,0.088672,-0.022808,0.8801,0.536418,0.082125,0.016575,0.7241,0.583667,0.054531,-0.015114,0.5853,0.524157,0.04251,-0.040355,0.8706,0.573818,0.013999,-0.072045,0.8893
bhujangasana_tf_0224,bhujangasana,,TF,train,unlabelled,,Apache-2.0,data/datasets/yoga_poses/train/cobra/girl3_cobra117.jpg,True,300,300,True,0.9992,0.0782,168.156,162.888,150.82,6.471,24.378,33.206,149.089,110.429,93.303,42.824,162.888,168.156,6.471,150.82,42.824,93.303,110.429,149.089,35.938,40.71,110.429,162.888,150.82,35.938,109.457,-109.457,21.583,75.296,84.451,63.546,0.3331,-0.084,1.0798,0.793,0.255173,0.449831,-0.460421,0.9574,0.255521,0.456837,-0.479779,0.9495,0.257104,0.461111,-0.479141,0.957,0.258742,0.465372,-0.479053,0.9578,0.252527,0.444581,-0.487931,0.9414,0.251938,0.44115,-0.488423,0.9355,0.251341,0.43764,-0.48745,0.9336,0.272543,0.480564,-0.441784,0.9307,0.261987,0.437764,-0.490748,0.9062,0.268122,0.458893,-0.436164,0.9748,0.263596,0.446556,-0.451512,0.9792,0.33985,0.513948,-0.34505,0.9996,0.312243,0.408744,-0.391439,0.9992,0.50265,0.490321,-0.300511,0.749,0.392625,0.342076,-0.291461,0.4635,0.604384,0.529215,-0.248495,0.876,0.345371,0.373,-0.19585,0.3376,0.644571,0.541139,-0.257137,0.8734,0.335767,0.364801,-0.181137,0.4124,0.63906,0.543531,-0.258989,0.8582,0.33187,0.392462,-0.187226,0.3905,0.620025,0.535522,-0.249129,0.8006,0.334841,0.39896,-0.193565,0.3491,0.457587,0.438549,0.049068,0.9999,0.45314,0.392775,-0.0468,1.0,0.513386,0.326407,0.252362,0.0782,0.497271,0.215278,-0.040798,0.8023,0.59914,0.217812,0.54318,0.411,0.584554,0.070445,0.092624,0.9619,0.618408,0.201834,0.568323,0.389,0.590416,0.039619,0.104204,0.8938,0.598861,0.181252,0.54498,0.229,0.556362,0.025227,0.020823,0.8259
bhujangasana_tf_0225,bhujangasana,,TF,train,unlabelled,,Apache-2.0,data/datasets/yoga_poses/train/cobra/girl3_cobra118.jpg,True,300,300,True,0.9982,0.0578,167.412,167.357,125.137,86.079,8.899,6.53,121.649,110.013,103.236,97.617,167.357,167.412,86.079,125.137,97.617,103.236,110.013,121.649,17.819,27.132,110.013,167.357,86.079,17.819,102.186,-102.186,64.742,3.263,18.338,72.248,0.2111,-0.409,0.1467,0.5028,0.291114,0.392252,-0.559501,0.9903,0.284127,0.390861,-0.577249,0.9897,0.281269,0.389684,-0.575555,0.9882,0.278489,0.388476,-0.575239,0.9854,0.291752,0.396117,-0.584471,0.9928,0.294125,0.39869,-0.585133,0.993,0.296492,0.401182,-0.583813,0.9925,0.272885,0.401737,-0.515622,0.9909,0.298965,0.420488,-0.559078,0.996,0.292639,0.398277,-0.523893,0.9956,0.29912,0.404353,-0.538472,0.9963,0.280793,0.45132,-0.35403,0.9982,0.355916,0.455603,-0.430267,0.9988,0.350735,0.445204,-0.180084,0.0663,0.455374,0.449221,-0.235352,0.2683,0.374468,0.473353,0.002884,0.0578,0.455288,0.468893,-0.035631,0.1323,0.390165,0.486742,0.024911,0.0636,0.46556,0.467431,0.001665,0.1567,0.390593,0.486611,0.034094,0.0611,0.457169,0.476249,-0.021714,0.1632,0.38421,0.482824,0.011767,0.0562,0.449395,0.47682,-0.035842,0.1885,0.436923,0.412692,0.040552,0.9998,0.492326,0.431055,-0.038844,0.9999,0.487538,0.254593,0.111804,0.5333,0.523197,0.25253,0.020751,0.7895,0.577568,0.100771,0.254482,0.6686,0.59255,0.084721,0.139869,0.8699,0.590895,0.058131,0.264055,0.3705,0.607317,0.042977,0.150385,0.5725,0.568907,0.044863,0.222147,0.617,0.558945,0.008617,0.095653,0.8299
bhujangasana_tf_0226,bhujangasana,,TF,train,unlabelled,,Apache-2.0,data/datasets/yoga_poses/train/cobra/girl3_cobra120.jpg,True,300,300,True,0.9991,0.1768,170.27,155.765,162.262,14.147,19.276,22.788,127.824,99.859,91.547,69.727,155.765,170.27,14.147,162.262,69.727,91.547,99.859,127.824,14.155,25.368,99.859,155.765,14.147,14.155,104.822,-104.822,43.268,77.358,34.218,75.997,0.2558,-0.294,0.2587,0.446,0.262161,0.40405,-0.488486,0.9794,0.261431,0.403212,-0.503897,0.9855,0.262083,0.404319,-0.502636,0.985,0.262779,0.405406,-0.502628,0.9838,0.261481,0.400604,-0.509019,0.986,0.26207,0.400539,-0.50963,0.9843,0.26267,0.40033,-0.508146,0.9847,0.275609,0.422264,-0.449869,0.9767,0.275902,0.411225,-0.485395,0.9771,0.27496,0.414498,-0.458216,0.9821,0.27309,0.413241,-0.469503,0.9883,0.332263,0.486854,-0.323041,0.9991,0.348062,0.416418,-0.370374,0.9994,0.509151,0.472794,-0.199939,0.1768,0.458677,0.355342,-0.195699,0.2828,0.599981,0.494086,-0.073499,0.4497,0.422882,0.388782,-0.029353,0.4492,0.637223,0.500896,-0.065127,0.5247,0.420252,0.380521,-0.002933,0.5452,0.635323,0.503139,-0.063609,0.5099,0.410314,0.407221,-0.021383,0.5346,0.61864,0.500041,-0.068053,0.4296,0.410689,0.413811,-0.029079,0.4973,0.479653,0.421783,0.036698,0.9999,0.513635,0.398673,-0.034838,1.0,0.51959,0.261641,0.146596,0.2922,0.526087,0.208265,0.044617,0.5767,0.590454,0.100461,0.336201,0.5716,0.60434,0.060953,0.217476,0.8479,0.605322,0.056927,0.35219,0.4553,0.63127,0.037306,0.232564,0.6566,0.562717,0.033114,0.321599,0.4552,0.565803,0.020894,0.181797,0.6896
bhujangasana_tf_0227,bhujangasana,,TF,train,unlabelled,,Apache-2.0,data/datasets/yoga_poses/train/cobra/girl3_cobra123.jpg,True,300,300,True,0.9987,0.0657,154.758,158.522,176.509,10.561,17.107,5.045,107.675,99.264,98.611,93.361,154.758,158.522,10.561,176.509,93.361,98.611,99.264,107.675,7.249,18.427,99.264,158.522,10.561,7.249,96.873,-96.873,51.547,6.204,9.012,82.141,0.1197,-0.5146,0.2989,0.3945,0.286775,0.35741,-0.497949,0.9952,0.28043,0.356221,-0.507486,0.9961,0.278648,0.355165,-0.506116,0.9956,0.276968,0.3541,-0.505826,0.9947,0.286068,0.361301,-0.51853,0.9967,0.288207,0.364334,-0.519433,0.9963,0.290347,0.367258,-0.518163,0.9955,0.281055,0.372531,-0.442208,0.9954,0.30026,0.389489,-0.503687,0.9964,0.294754,0.36682,-0.465113,0.9963,0.299164,0.374092,-0.483428,0.997,0.316219,0.439079,-0.297531,0.9991,0.375993,0.432581,-0.394493,0.9987,0.457319,0.457132,-0.151351,0.0657,0.503795,0.435162,-0.223934,0.2625,0.542209,0.473299,-0.019473,0.1127,0.481843,0.438797,-0.039501,0.26,0.575457,0.480683,-0.005376,0.1494,0.487763,0.435255,-0.010793,0.3355,0.573799,0.483169,-0.010944,0.1478,0.476318,0.448598,-0.028147,0.3475,0.560687,0.481727,-0.015853,0.1288,0.471479,0.450448,-0.038188,0.3515,0.467675,0.412874,0.04143,0.9997,0.527151,0.422307,-0.039606,0.9999,0.488509,0.26195,0.030468,0.4559,0.544492,0.238029,-0.050231,0.6357,0.589742,0.106665,0.137473,0.5783,0.625372,0.078285,0.079744,0.6313,0.615695,0.091516,0.144202,0.319,0.646146,0.056921,0.092608,0.3451,0.588359,0.045165,0.09312,0.4799,0.610864,0.001083,0.049277,0.5503
bhujangasana_tf_0228,bhujangasana,,TF,train,unlabelled,,Apache-2.0,data/datasets/yoga_poses/train/cobra/girl3_cobra125.jpg,True,300,300,True,0.9993,0.2536,164.559,162.138,172.151,160.966,25.304,10.287,113.792,102.356,100.207,97.524,162.138,164.559,160.966,172.151,97.524,100.207,102.356,113.792,16.673,21.864,102.356,162.138,160.966,16.673,100.456,-100.456,61.871,4.359,13.7,77.866,0.1815,-0.4643,0.1352,0.459,0.310905,0.360128,-0.427053,0.9947,0.298066,0.35508,-0.436121,0.995,0.295154,0.352746,-0.435071,0.9948,0.292322,0.350474,-0.434844,0.9954,0.305117,0.364065,-0.447209,0.9939,0.306831,0.36832,-0.448287,0.9925,0.308526,0.372402,-0.446979,0.9948,0.287769,0.363976,-0.394595,0.9941,0.310422,0.396713,-0.453657,0.9945,0.317613,0.368895,-0.402434,0.997,0.323195,0.379022,-0.419033,0.9978,0.307397,0.437238,-0.280894,0.9997,0.386383,0.443258,-0.361045,0.9993,0.475673,0.478094,-0.189811,0.2536,0.554844,0.446603,-0.270389,0.82,0.610131,0.491747,-0.111808,0.4523,0.635197,0.476121,-0.201494,0.8169,0.650767,0.492723,-0.111919,0.4529,0.644354,0.451995,-0.205172,0.7734,0.64865,0.499033,-0.113256,0.4562,0.633568,0.454094,-0.220882,0.7878,0.63429,0.501173,-0.107618,0.3895,0.622535,0.451144,-0.205385,0.7731,0.483593,0.400886,0.035799,0.9999,0.549586,0.416973,-0.034374,0.9999,0.520868,0.227518,-0.00316,0.8258,0.558753,0.253346,-0.074601,0.8924,0.608022,0.06063,0.101737,0.8523,0.630216,0.067845,0.053871,0.8618,0.629671,0.045675,0.108151,0.6897,0.65026,0.046651,0.064864,0.7172,0.601917,0.021727,0.054056,0.8589,0.620514,0.022194,0.019284,0.8742
bhujangasana_tf_0229,bhujangasana,,TF,train,unlabelled,,Apache-2.0,data/datasets/yoga_poses/train/cobra/girl3_cobra126.jpg,True,300,300,True,0.9983,0.2625,176.338,143.58,159.864,50.866,13.951,48.42,128.947,96.805,93.092,15.492,143.58,176.338,50.866,159.864,15.492,93.092,96.805,128.947,23.496,99.072,96.805,143.58,159.864,23.496,102.705,-102.705,32.186,67.761,57.667,71.458,0.2199,-0.1318,0.1179,0.388,0.28545,0.419403,-0.456523,0.9539,0.28049,0.416025,-0.473047,0.9669,0.282149,0.415678,-0.472259,0.9685,0.271631,0.433273,-0.472301,0.9667,0.276239,0.415529,-0.475978,0.9526,0.274844,0.41619,-0.477017,0.9464,0.273473,0.416744,-0.475506,0.9469,0.294957,0.424727,-0.41832,0.9646,0.280219,0.422476,-0.446775,0.9306,0.300312,0.425499,-0.42559,0.946,0.294043,0.426757,-0.433018,0.959,0.359788,0.4781,-0.297974,0.9993,0.332102,0.410391,-0.321154,0.9983,0.534642,0.458321,-0.267134,0.5241,0.391981,0.325382,-0.234015,0.2625,0.688891,0.495874,-0.226566,0.7279,0.310117,0.331069,-0.163177,0.3786,0.725706,0.494435,-0.233213,0.7036,0.285483,0.314238,-0.154124,0.4112,0.727835,0.49605,-0.230069,0.6921,0.280586,0.352085,-0.165629,0.4072,0.714644,0.496747,-0.222567,0.6243,0.292521,0.361081,-0.164642,0.3582,0.519864,0.418553,0.046712,0.9999,0.539824,0.38702,-0.044653,0.9999,0.570401,0.267883,0.135323,0.3862,0.540908,0.225978,-0.072486,0.8017,0.643196,0.089539,0.280913,0.5141,0.656381,0.071655,0.064172,0.8897,0.666928,0.072839,0.291512,0.498,0.687253,0.05225,0.075158,0.7705,0.619108,0.031149,0.243971,0.5798,0.635171,0.031843,0.000861,0.8457
bhujangasana_tf_0230,bhujangasana,,TF,train,unlabelled,,Apache-2.0,data/datasets/yoga_poses/train/cobra/girl3_cobra129.jpg,True,300,300,True,0.9924,0.3287,167.204,165.005,154.008,107.295,29.822,78.09,172.961,129.673,75.932,58.649,165.005,167.204,107.295,154.008,58.649,75.932,129.673,172.961,42.45,121.869,129.673,165.005,107.295,121.869,132.249,-132.249,28.192,64.675,81.956,63.557,0.6724,0.0852,0.1975,0.7679,0.251259,0.527319,-0.415745,0.9781,0.25655,0.538033,-0.423653,0.96,0.257183,0.540142,-0.422937,0.9564,0.262719,0.531035,-0.422912,0.9471,0.253052,0.523965,-0.438269,0.9717,0.25375,0.522973,-0.439435,0.9711,0.269075,0.514139,-0.438396,0.968,0.285193,0.546575,-0.36637,0.9523,0.291813,0.517773,-0.441389,0.9664,0.278602,0.505022,-0.386845,0.9768,0.283288,0.499933,-0.40951,0.978,0.402993,0.576706,-0.298353,0.9935,0.341053,0.445816,-0.35057,0.9924,0.536895,0.509371,-0.265794,0.8278,0.315684,0.350272,-0.281973,0.9648,0.67866,0.507629,-0.19293,0.7877,0.174407,0.344291,-0.205934,0.9547,0.719973,0.507381,-0.192405,0.7205,0.140329,0.306088,-0.2094,0.9481,0.723296,0.509166,-0.188631,0.692,0.136889,0.331988,-0.220646,0.9406,0.695883,0.514287,-0.189072,0.6032,0.148192,0.342381,-0.207073,0.9021,0.514865,0.407571,0.028014,0.998,0.508338,0.361388,-0.02678,0.9984,0.590089,0.256315,0.197358,0.3287,0.543069,0.209659,0.033937,0.7905,0.630709,0.089009,0.428501,0.4513,0.626504,0.052,0.196339,0.8716,0.638313,0.062385,0.447281,0.3277,0.667761,0.023237,0.211402,0.7648,0.632927,0.042975,0.386153,0.5111,0.644548,-0.005878,0.124341,0.8214
bhujangasana_tf_0231,bhujangasana,,TF,train,unlabelled,,Apache-2.0,data/datasets/yoga_poses/train/cobra/girl3_cobra130.jpg,True,300,300,True,0.9969,0.6785,174.993,171.5,134.233,87.499,20.048,51.237,170.602,145.705,73.366,47.397,171.5,174.993,87.499,134.233,47.397,73.366,145.705,170.602,41.887,103.963,145.705,171.5,87.499,103.963,136.564,-136.564,19.131,47.644,38.253,67.73,0.7261,0.1481,0.19,0.8349,0.247738,0.558246,-0.296272,0.9975,0.252575,0.569837,-0.309779,0.9944,0.258982,0.581243,-0.309075,0.9938,0.260141,0.57616,-0.309108,0.9926,0.250178,0.564568,-0.323627,0.9958,0.250293,0.563382,-0.324903,0.9954,0.254269,0.551209,-0.324058,0.9947,0.285175,0.587707,-0.295395,0.993,0.27432,0.548211,-0.366866,0.9938,0.270588,0.544918,-0.284424,0.9963,0.270103,0.535823,-0.305232,0.9965,0.418376,0.592197,-0.269864,0.9976,0.299314,0.461605,-0.31338,0.9969,0.539783,0.495718,-0.277446,0.9166,0.309153,0.356125,-0.301696,0.9754,0.680862,0.513776,-0.275117,0.8708,0.177549,0.349624,-0.279733,0.9718,0.729684,0.509065,-0.291695,0.7995,0.14608,0.318368,-0.291117,0.9647,0.733997,0.513473,-0.283475,0.7771,0.135255,0.340165,-0.304891,0.96,0.710156,0.516237,-0.272598,0.6886,0.148026,0.353218,-0.283454,0.9308,0.536807,0.398773,0.004086,0.9971,0.47194,0.347631,-0.003151,0.9974,0.603563,0.234209,0.174378,0.6785,0.533387,0.197587,0.130802,0.707,0.651736,0.077358,0.402407,0.7342,0.61804,0.055412,0.309421,0.7985,0.651166,0.048146,0.420418,0.5874,0.634943,0.03316,0.327388,0.7448,0.666945,0.039909,0.369022,0.7013,0.637369,0.028122,0.27497,0.7184
bhujangasana_tf_0232,bhujangasana,,TF,train,unlabelled,,Apache-2.0,data/datasets/yoga_poses/train/cobra/girl3_cobra132.jpg,True,300,300,True,0.998,0.8196,171.271,173.752,101.62,66.016,12.462,24.382,176.922,169.275,70.099,32.844,171.271,173.752,66.016,101.62,32.844,70.099,169.275,176.922,44.433,78.47,176.922,171.271,101.62,44.433,144.32,-144.32,4.914,31.546,29.116,55.099,0.8123,0.3343,0.2708,0.7829,0.263435,0.63594,-0.111729,0.9995,0.264129,0.666966,-0.153121,0.9991,0.269638,0.670372,-0.152592,0.9991,0.275425,0.674239,-0.152772,0.999,0.245453,0.648932,-0.157861,0.9992,0.243074,0.644497,-0.158668,0.9991,0.240506,0.640792,-0.158145,0.9989,0.300937,0.667059,-0.249907,0.9992,0.253757,0.619877,-0.278315,0.9991,0.282952,0.644852,-0.136697,0.9992,0.266632,0.62638,-0.146283,0.9992,0.433877,0.604587,-0.271196,0.9987,0.2724,0.505456,-0.230652,0.9984,0.53988,0.469529,-0.210908,0.951,0.326411,0.366525,-0.15044,0.9577,0.6522,0.525549,-0.104448,0.94,0.187019,0.373195,-0.081064,0.9171,0.701286,0.528358,-0.101781,0.9225,0.151172,0.346604,-0.077354,0.9215,0.692599,0.542975,-0.102123,0.9191,0.144612,0.37462,-0.077258,0.9137,0.669825,0.539621,-0.099766,0.8711,0.157491,0.387171,-0.078884,0.8724,0.539944,0.383852,-0.019768,0.9982,0.448657,0.333008,0.020819,0.998,0.622671,0.23302,0.167838,0.9569,0.534417,0.210078,0.229801,0.8312,0.675794,0.087176,0.35807,0.9504,0.61514,0.062345,0.420643,0.8196,0.679049,0.057775,0.3761,0.9542,0.623801,0.043687,0.440072,0.8002,0.678353,0.072591,0.394024,0.8855,0.626445,0.060037,0.464339,0.6638
bhujangasana_tf_0233,bhujangasana,,TF,train,unlabelled,,Apache-2.0,data/datasets/yoga_poses/train/cobra/girl3_cobra134.jpg,True,300,300,True,0.9969,0.7285,174.518,171.974,85.679,61.574,7.387,24.528,175.394,171.601,64.266,29.049,171.974,174.518,61.574,85.679,29.049,64.266,171.601,175.394,39.668,72.147,175.394,174.518,61.574,72.147,146.231,-146.231,5.1,31.869,27.812,55.301,0.8313,0.4213,0.3134,0.7213,0.270804,0.692744,-0.09113,0.9997,0.272769,0.707839,-0.131139,0.9994,0.278198,0.710887,-0.130599,0.9994,0.283505,0.713988,-0.130779,0.9993,0.256774,0.694058,-0.135747,0.9994,0.25001,0.686535,-0.136406,0.9994,0.246362,0.681881,-0.135817,0.9992,0.305807,0.70304,-0.225637,0.9995,0.250077,0.660262,-0.253782,0.9993,0.293042,0.681116,-0.115248,0.9995,0.278584,0.66833,-0.124968,0.9994,0.438281,0.632232,-0.242204,0.9988,0.277724,0.532414,-0.199512,0.9986,0.535131,0.477148,-0.152736,0.9495,0.332143,0.370426,-0.085134,0.9616,0.624224,0.542608,-0.021584,0.8849,0.200459,0.393305,0.015187,0.9045,0.662996,0.553557,-0.014831,0.8599,0.162389,0.377229,0.022305,0.9074,0.638526,0.563748,-0.016285,0.8554,0.154012,0.401523,0.020215,0.8998,0.614205,0.558859,-0.016722,0.7937,0.164325,0.40786,0.016744,0.8503,0.549748,0.388746,-0.025097,0.9969,0.457626,0.340151,0.026279,0.997,0.637728,0.23135,0.152505,0.9727,0.55118,0.205037,0.223442,0.806,0.703964,0.08062,0.327148,0.947,0.624918,0.058255,0.405676,0.7285,0.712103,0.049447,0.343154,0.9478,0.637274,0.03558,0.423287,0.7103,0.7271,0.087648,0.361964,0.8708,0.638333,0.072473,0.45235,0.6212
bhujangasana_tf_0234,bhujangasana,,TF,train,unlabelled,,Apache-2.0,data/datasets/yoga_poses/train/cobra/girl3_cobra138.jpg,True,300,300,True,0.9963,0.7557,179.295,177.348,76.149,62.341,2.622,25.445,178.325,170.184,62.858,23.017,177.348,179.295,62.341,76.149,23.017,62.858,170.184,178.325,36.571,66.82,178.325,179.295,62.341,66.82,145.002,-145.002,1.082,32.289,28.372,56.012,0.8192,0.4314,0.2722,0.6801,0.285948,0.710275,-0.059744,0.9997,0.290668,0.723293,-0.10205,0.9995,0.297259,0.726159,-0.10147,0.9994,0.306302,0.730319,-0.101732,0.9993,0.272157,0.709121,-0.105237,0.9995,0.267425,0.703521,-0.105914,0.9995,0.26096,0.696863,-0.105446,0.9994,0.327264,0.716357,-0.209098,0.9994,0.263454,0.673601,-0.229673,0.9995,0.312126,0.697671,-0.088551,0.9995,0.293433,0.680951,-0.095739,0.9995,0.447637,0.642459,-0.222225,0.9981,0.291511,0.543803,-0.186156,0.9988,0.541546,0.472406,-0.135102,0.8915,0.34753,0.374993,-0.084134,0.9563,0.626363,0.550836,-0.018271,0.7557,0.228105,0.394551,-0.001752,0.8771,0.664042,0.559273,-0.010961,0.744,0.180979,0.387551,0.002229,0.8833,0.641719,0.569212,-0.008998,0.7349,0.177256,0.411958,-0.003428,0.8763,0.619954,0.564208,-0.011984,0.6598,0.193236,0.415705,-0.002517,0.8255,0.56997,0.3948,-0.020633,0.9963,0.48067,0.346572,0.021854,0.9975,0.649477,0.245033,0.154627,0.9657,0.571672,0.211594,0.230543,0.8352,0.723961,0.100459,0.335766,0.9487,0.6542,0.076049,0.40647,0.7805,0.722761,0.069189,0.35277,0.9514,0.66919,0.046425,0.42374,0.7949,0.749174,0.120438,0.373039,0.8813,0.657763,0.094962,0.452776,0.6649
bhujangasana_tf_0235,bhujangasana,,TF,train,unlabelled,,Apache-2.0,data/datasets/yoga_poses/train/cobra/guy1_cobra025.jpg,True,300,300,True,0.9941,0.0537,175.263,179.039,56.347,63.748,0.957,8.106,163.817,158.691,154.673,149.527,175.263,179.039,56.347,63.748,149.527,154.673,158.691,163.817,42.27,48.882,158.691,179.039,63.748,42.27,73.464,73.464,1.853,54.114,53.45,0.393,-0.2846,-0.068,0.0808,0.0413,0.695436,0.365056,-0.10223,0.9979,0.693718,0.350813,-0.087873,0.9977,0.692379,0.350137,-0.087522,0.9979,0.690841,0.349349,-0.086939,0.9979,0.69253,0.350717,-0.120444,0.9973,0.690472,0.350087,-0.121096,0.997,0.688232,0.349351,-0.120795,0.9966,0.670581,0.346922,-0.002942,0.9983,0.668566,0.348771,-0.161804,0.9972,0.682873,0.372944,-0.070318,0.9985,0.682166,0.372457,-0.114558,0.9985,0.579383,0.375291,0.097625,0.9973,0.574545,0.381979,-0.201035,0.9985,0.467757,0.404854,0.103218,0.0537,0.449573,0.40211,-0.196823,0.9597,0.536566,0.46576,-0.015969,0.2162,0.511462,0.489188,-0.14897,0.8875,0.559597,0.468123,-0.039733,0.2835,0.540558,0.498232,-0.163778,0.8546,0.565789,0.470199,-0.046712,0.2953,0.550312,0.489155,-0.163037,0.8432,0.557152,0.468272,-0.025994,0.2727,0.543708,0.485929,-0.14752,0.7775,0.390577,0.428684,0.100934,0.9953,0.380519,0.442251,-0.099356,0.9941,0.226654,0.42756,0.16973,0.31,0.214509,0.430491,-0.028717,0.9297,0.090875,0.415371,0.251659,0.6233,0.075003,0.418252,0.067471,0.9197,0.071386,0.39786,0.25386,0.6369,0.056103,0.400099,0.075378,0.8352,0.038749,0.453834,0.201674,0.7286,0.028372,0.463067,0.007285,0.9047
bhujangasana_tf_0236,bhujangasana,,TF,train,unlabelled,,Apache-2.0,data/datasets/yoga_poses/train/cobra/guy1_cobra026.jpg,True,300,300,True,0.9925,0.0649,173.162,177.559,60.54,64.156,0.1,6.721,165.655,159.706,152.649,151.563,173.162,177.559,60.54,64.156,151.563,152.649,159.706,165.655,44.274,47.216,159.706,177.559,64.156,44.274,73.635,73.635,2.487,29.804,52.051,1.088,-0.2818,-0.0722,0.0679,0.0537,0.688697,0.361144,-0.119731,0.9979,0.687026,0.347533,-0.105411,0.9979,0.685752,0.346998,-0.105065,0.998,0.684354,0.346288,-0.104483,0.9981,0.685727,0.34731,-0.138552,0.9975,0.683678,0.346753,-0.139146,0.9972,0.681463,0.346111,-0.138663,0.9968,0.664806,0.34388,-0.020074,0.9971,0.66285,0.345851,-0.181033,0.997,0.676523,0.369088,-0.087664,0.9972,0.675734,0.368243,-0.132295,0.9978,0.57808,0.373052,0.084286,0.9961,0.568651,0.378453,-0.221702,0.998,0.467855,0.403688,0.145982,0.0649,0.44719,0.401113,-0.24261,0.9645,0.530052,0.465901,0.103677,0.1889,0.510152,0.486476,-0.238779,0.9123,0.553344,0.469052,0.092244,0.2366,0.536584,0.497946,-0.256072,0.8839,0.561206,0.470264,0.083748,0.2485,0.545652,0.4893,-0.256303,0.8741,0.554375,0.469066,0.095194,0.2352,0.537465,0.485414,-0.238151,0.8066,0.384129,0.426595,0.099441,0.9945,0.374563,0.438861,-0.097818,0.9925,0.231438,0.429495,0.184742,0.2986,0.216446,0.430559,-0.014902,0.9005,0.091496,0.415403,0.268938,0.6008,0.077901,0.417348,0.094052,0.9122,0.071369,0.397765,0.271547,0.6259,0.056834,0.397619,0.103235,0.8388,0.047657,0.454946,0.22295,0.7166,0.03433,0.46482,0.033904,0.8975
bhujangasana_tf_0237,bhujangasana,,TF,train,unlabelled,,Apache-2.0,data/datasets/yoga_poses/train/cobra/guy1_cobra027.jpg,True,300,300,True,0.9927,0.0687,174.428,178.5,59.645,63.778,0.322,7.895,164.047,158.611,156.288,151.064,174.428,178.5,59.645,63.778,151.064,156.288,158.611,164.047,43.46,50.177,158.611,178.5,63.778,43.46,73.142,73.142,5.463,36.686,55.257,0.158,-0.29,-0.0958,0.0667,0.0637,0.68977,0.355465,-0.159274,0.9984,0.686486,0.340569,-0.143925,0.9985,0.685278,0.340021,-0.14349,0.9986,0.683863,0.339378,-0.142941,0.9986,0.684529,0.340106,-0.176802,0.9982,0.681986,0.33945,-0.177396,0.998,0.679176,0.338755,-0.176772,0.9977,0.661819,0.337845,-0.053525,0.9988,0.657881,0.339502,-0.213083,0.9978,0.678266,0.366335,-0.125685,0.9983,0.67621,0.364751,-0.170142,0.9981,0.577141,0.370914,0.054742,0.9964,0.566876,0.378561,-0.248513,0.9977,0.470235,0.401142,0.154398,0.0687,0.442728,0.399804,-0.258712,0.9676,0.536077,0.464406,0.17217,0.1649,0.506491,0.487788,-0.24727,0.9108,0.55741,0.466281,0.170049,0.198,0.534636,0.498926,-0.262424,0.8761,0.564996,0.467887,0.158196,0.2098,0.543801,0.489829,-0.259824,0.8659,0.558778,0.465927,0.16451,0.201,0.537355,0.485729,-0.245448,0.7921,0.383958,0.426713,0.099118,0.9937,0.375164,0.439394,-0.097456,0.9927,0.229966,0.427138,0.197086,0.3018,0.214445,0.428765,0.002381,0.9174,0.095348,0.414381,0.29433,0.6173,0.082117,0.416526,0.130726,0.9322,0.077186,0.397801,0.29817,0.6158,0.062752,0.399169,0.141825,0.8589,0.047641,0.45334,0.247627,0.7348,0.035774,0.46281,0.073536,0.9156
bhujangasana_tf_0238,bhujangasana,,TF,train,unlabelled,,Apache-2.0,data/datasets/yoga_poses/train/cobra/guy1_cobra028.jpg,True,300,300,True,0.9959,0.138,173.619,178.861,63.458,65.989,1.012,10.321,163.65,156.108,162.908,147.989,173.619,178.861,63.458,65.989,147.989,162.908,156.108,163.65,38.702,55.477,156.108,178.861,65.989,38.702,71.639,71.639,5.106,52.959,66.155,1.081,-0.315,-0.0999,0.0669,0.0793,0.687278,0.34996,-0.165852,0.9994,0.683687,0.335268,-0.150116,0.9994,0.682338,0.334703,-0.149631,0.9994,0.680827,0.334035,-0.149097,0.9994,0.681699,0.335303,-0.183428,0.9992,0.679138,0.334894,-0.183998,0.9991,0.676451,0.334443,-0.183157,0.999,0.659523,0.333962,-0.059428,0.9995,0.655968,0.33667,-0.221223,0.9989,0.676266,0.361067,-0.131958,0.9994,0.67435,0.360151,-0.176829,0.9991,0.582752,0.363611,0.048463,0.9982,0.573187,0.376286,-0.259618,0.9986,0.48432,0.396437,0.197314,0.138,0.446205,0.396319,-0.319743,0.9816,0.551876,0.464027,0.280928,0.3203,0.504498,0.486164,-0.386688,0.9597,0.571006,0.469854,0.291038,0.3615,0.528757,0.501084,-0.408994,0.9414,0.577125,0.4693,0.275139,0.3837,0.540058,0.493213,-0.405831,0.9362,0.571023,0.466143,0.274124,0.3698,0.535189,0.487686,-0.385744,0.8891,0.392227,0.42343,0.099474,0.9966,0.383767,0.442571,-0.097882,0.9959,0.237694,0.426346,0.188913,0.3378,0.223895,0.429692,-0.006186,0.9163,0.104546,0.413993,0.282951,0.6175,0.091358,0.416358,0.112789,0.9468,0.084557,0.398499,0.286475,0.607,0.071065,0.400164,0.123464,0.8827,0.054694,0.45121,0.235698,0.723,0.042611,0.46081,0.058574,0.9274
bhujangasana_tf_0239,bhujangasana,,TF,train,unlabelled,,Apache-2.0,data/datasets/yoga_poses/train/cobra/guy1_cobra029.jpg,True,300,300,True,0.9967,0.1827,173.604,177.01,74.186,69.458,9.102,7.187,163.256,158.112,164.506,149.231,173.604,177.01,69.458,74.186,149.231,164.506,158.112,163.256,40.753,57.238,158.112,177.01,69.458,40.753,72.131,72.131,5.782,38.262,55.424,0.524,-0.3068,-0.1049,0.0659,0.0893,0.689936,0.347753,-0.166203,0.9996,0.686701,0.334246,-0.150212,0.9996,0.685295,0.333675,-0.149716,0.9996,0.683722,0.332965,-0.149169,0.9996,0.685056,0.33445,-0.183928,0.9995,0.682709,0.334146,-0.184435,0.9995,0.680247,0.333777,-0.183567,0.9994,0.662981,0.332482,-0.05913,0.9997,0.660148,0.335459,-0.222916,0.9993,0.677813,0.357408,-0.132432,0.9996,0.67619,0.356864,-0.177815,0.9995,0.589012,0.363276,0.044758,0.9989,0.574929,0.374383,-0.263514,0.999,0.505842,0.404508,0.19493,0.1827,0.452796,0.398767,-0.309879,0.9855,0.560778,0.465128,0.2695,0.4739,0.507728,0.487251,-0.364042,0.972,0.581078,0.470243,0.275262,0.5189,0.531211,0.502811,-0.390744,0.9586,0.58465,0.469896,0.257231,0.5463,0.541933,0.495873,-0.391764,0.955,0.574253,0.46975,0.261513,0.5297,0.53556,0.490657,-0.365246,0.9176,0.395654,0.423383,0.100536,0.9973,0.385885,0.437556,-0.098927,0.9967,0.24614,0.424751,0.221138,0.299,0.229862,0.42826,0.012309,0.917,0.111369,0.410891,0.332278,0.5857,0.098399,0.413513,0.148578,0.9505,0.092578,0.39299,0.33851,0.6144,0.078386,0.394789,0.160433,0.8862,0.084063,0.447167,0.298069,0.7234,0.058417,0.458356,0.094006,0.9292
bhujangasana_tf_0240,bhujangasana,,TF,train,unlabelled,,Apache-2.0,data/datasets/yoga_poses/train/cobra/guy1_cobra032.jpg,True,300,300,True,0.9967,0.1991,174.538,178.951,75.609,68.805,9.886,5.869,159.004,152.734,168.685,156.446,174.538,178.951,68.805,75.609,156.446,168.685,152.734,159.004,44.634,59.484,152.734,178.951,68.805,44.634,69.531,69.531,4.535,17.05,37.64,1.794,-0.3497,-0.1036,0.1046,0.172,0.70672,0.343235,-0.211731,0.9998,0.704466,0.327846,-0.193705,0.9998,0.703477,0.32714,-0.193015,0.9998,0.702289,0.32637,-0.192611,0.9998,0.702185,0.328009,-0.227967,0.9997,0.699784,0.327422,-0.228431,0.9997,0.697027,0.326864,-0.227403,0.9996,0.679901,0.325179,-0.092572,0.9998,0.674679,0.327754,-0.261031,0.9996,0.696061,0.353611,-0.174917,0.9997,0.693366,0.352795,-0.221731,0.9996,0.613603,0.358771,0.007889,0.9994,0.581015,0.368766,-0.288406,0.999,0.53627,0.401793,0.162576,0.1991,0.464363,0.402089,-0.315995,0.9857,0.59302,0.461639,0.243921,0.5489,0.529179,0.487672,-0.363472,0.9761,0.616012,0.467858,0.25322,0.5945,0.549997,0.503723,-0.399581,0.9629,0.616866,0.467305,0.22988,0.6211,0.560308,0.497841,-0.397952,0.9586,0.606852,0.465554,0.235908,0.6047,0.554862,0.492323,-0.365541,0.9152,0.421065,0.425826,0.102392,0.9967,0.402323,0.44028,-0.100739,0.9974,0.27407,0.42122,0.277714,0.3073,0.258803,0.426577,0.058083,0.9571,0.149832,0.405401,0.4367,0.6077,0.130148,0.411912,0.239554,0.9833,0.133144,0.391134,0.450009,0.6497,0.109923,0.397576,0.254388,0.9339,0.125792,0.444388,0.424482,0.7985,0.100767,0.457534,0.18595,0.9679
bhujangasana_tf_0241,bhujangasana,,TF,train,unlabelled,,Apache-2.0,data/datasets/yoga_poses/train/cobra/guy1_cobra037.jpg,True,300,300,True,0.9969,0.2774,174.191,175.647,102.397,80.265,29.281,3.414,153.144,147.631,177.482,161.114,174.191,175.647,80.265,102.397,161.114,177.482,147.631,153.144,44.871,66.258,147.631,175.647,80.265,44.871,66.37,66.37,7.179,3.418,27.514,5.632,-0.4008,-0.1466,0.1932,0.2276,0.746931,0.331395,-0.22095,0.9996,0.745437,0.315748,-0.201866,0.9996,0.744507,0.315095,-0.201108,0.9996,0.743303,0.314409,-0.200935,0.9996,0.742424,0.315849,-0.23677,0.9996,0.739656,0.315181,-0.237247,0.9995,0.736562,0.314437,-0.236204,0.9994,0.719385,0.313777,-0.098583,0.9997,0.712139,0.314077,-0.270847,0.9994,0.736431,0.340995,-0.184254,0.9996,0.733354,0.340311,-0.231954,0.9994,0.66077,0.358561,0.002583,0.9996,0.616638,0.361197,-0.29845,0.9991,0.613712,0.415658,0.149132,0.2774,0.513006,0.404822,-0.294027,0.9926,0.655894,0.46944,0.204807,0.7362,0.570772,0.495272,-0.316969,0.986,0.681672,0.474457,0.211981,0.766,0.589376,0.510447,-0.359415,0.9756,0.683638,0.474152,0.188236,0.7849,0.596981,0.50667,-0.358299,0.9731,0.672743,0.473724,0.197472,0.7694,0.594325,0.502619,-0.320069,0.941,0.47204,0.431855,0.107184,0.9969,0.449443,0.443625,-0.105656,0.9983,0.341309,0.418963,0.32019,0.3191,0.313897,0.429079,0.077747,0.98,0.237471,0.397948,0.518456,0.658,0.201387,0.40827,0.28512,0.9939,0.21917,0.379057,0.537661,0.7374,0.182783,0.388323,0.302375,0.9732,0.210014,0.421058,0.525314,0.8506,0.175538,0.443708,0.237821,0.9852
bhujangasana_tf_0242,bhujangasana,,TF,train,unlabelled,,Apache-2.0,data/datasets/yoga_poses/train/cobra/guy1_cobra039.jpg,True,300,300,True,0.9969,0.2549,179.3,177.34,105.068,84.148,30.418,3.01,145.305,141.21,179.595,163.552,177.34,179.3,84.148,105.068,163.552,179.595,141.21,145.305,43.344,65.768,141.21,177.34,84.148,43.344,63.124,63.124,7.324,7.388,9.681,8.582,-0.4521,-0.1749,0.1858,0.2731,0.759125,0.325653,-0.226139,0.9995,0.756968,0.309331,-0.208656,0.9996,0.756267,0.30874,-0.207923,0.9996,0.755309,0.308126,-0.207601,0.9996,0.753048,0.3093,-0.242881,0.9995,0.749994,0.308739,-0.243433,0.9994,0.746699,0.30806,-0.242455,0.9993,0.732592,0.307183,-0.109395,0.9997,0.721308,0.307261,-0.278555,0.9993,0.749612,0.336646,-0.190661,0.9995,0.745819,0.335845,-0.237675,0.9993,0.676536,0.362411,-0.017175,0.9995,0.624819,0.355705,-0.302746,0.9992,0.633554,0.422106,0.117199,0.317,0.525059,0.406971,-0.29322,0.9918,0.675748,0.473883,0.153183,0.7791,0.58327,0.496438,-0.319348,0.9835,0.700888,0.478405,0.155516,0.8005,0.602136,0.513941,-0.361244,0.9717,0.703208,0.478537,0.13265,0.82,0.610846,0.508891,-0.35994,0.9699,0.693091,0.478115,0.145348,0.7941,0.608574,0.503926,-0.322522,0.9298,0.493846,0.443088,0.104454,0.9969,0.466802,0.447702,-0.103056,0.9982,0.365823,0.418508,0.324427,0.2549,0.337037,0.428118,0.093451,0.9775,0.261357,0.397125,0.528829,0.6492,0.22707,0.40626,0.300679,0.9933,0.245197,0.378042,0.550003,0.7272,0.212926,0.386589,0.318427,0.9759,0.241124,0.420428,0.534965,0.7994,0.204611,0.442596,0.256658,0.9805
bhujangasana_tf_0243,bhujangasana,,TF,train,unlabelled,,Apache-2.0,data/datasets/yoga_poses/train/cobra/guy1_cobra041.jpg,True,300,300,True,0.9977,0.2128,178.867,177.097,109.827,89.555,29.031,1.754,144.939,139.193,179.441,164.462,177.097,178.867,89.555,109.827,164.462,179.441,139.193,144.939,41.934,66.332,139.193,177.097,89.555,41.934,61.911,61.911,8.984,10.176,2.165,8.279,-0.4708,-0.2064,0.163,0.3229,0.76708,0.319438,-0.218505,0.9996,0.765065,0.303277,-0.201298,0.9996,0.764395,0.302746,-0.200546,0.9997,0.763585,0.302024,-0.200349,0.9997,0.761574,0.303219,-0.236655,0.9996,0.7584,0.302756,-0.237213,0.9996,0.754933,0.302085,-0.23624,0.9995,0.741221,0.302707,-0.107153,0.9997,0.730981,0.302502,-0.279782,0.9995,0.756705,0.333471,-0.185292,0.9997,0.753671,0.331542,-0.233608,0.9996,0.692037,0.364228,-0.018674,0.9997,0.631438,0.353351,-0.307441,0.9995,0.652299,0.417457,0.121111,0.2674,0.537099,0.40953,-0.293931,0.9929,0.693159,0.479352,0.151813,0.7868,0.591061,0.498565,-0.321217,0.9888,0.717044,0.485006,0.154501,0.818,0.605875,0.518353,-0.365486,0.9806,0.717526,0.484493,0.126539,0.8382,0.616673,0.51311,-0.366003,0.979,0.706515,0.483384,0.141252,0.8151,0.616886,0.506698,-0.32533,0.9473,0.505604,0.448118,0.09837,0.9977,0.481409,0.449032,-0.096937,0.9984,0.376514,0.423412,0.308622,0.2128,0.349111,0.429781,0.097879,0.9641,0.27366,0.401611,0.507746,0.5731,0.243441,0.408892,0.308781,0.9869,0.259902,0.384097,0.527216,0.6568,0.229165,0.392334,0.326096,0.9641,0.252639,0.432123,0.501676,0.748,0.222945,0.44502,0.258399,0.9682
bhujangasana_tf_0244,bhujangasana,,TF,train,unlabelled,,Apache-2.0,data/datasets/yoga_poses/train/cobra/guy1_cobra045.jpg,True,300,300,True,0.9978,0.1181,171.057,177.616,119.311,94.144,34.248,1.597,145.631,135.336,173.807,167.225,171.057,177.616,94.144,119.311,167.225,173.807,135.336,145.631,40.631,69.386,135.336,177.616,94.144,40.631,58.696,58.696,8.124,12.459,9.869,7.562,-0.5196,-0.2309,0.1822,0.4635,0.768942,0.317492,-0.280671,0.9981,0.768451,0.300777,-0.264257,0.998,0.768245,0.299879,-0.263417,0.9979,0.76791,0.298808,-0.26342,0.9978,0.764176,0.300651,-0.295697,0.9985,0.760775,0.299785,-0.296371,0.9984,0.756851,0.298709,-0.295501,0.9985,0.74586,0.297334,-0.172783,0.9984,0.731273,0.297136,-0.327502,0.9989,0.760091,0.330379,-0.248512,0.9987,0.756171,0.327914,-0.292554,0.9988,0.704302,0.367133,-0.075416,0.9995,0.624308,0.349459,-0.350702,0.9997,0.674094,0.421752,0.066701,0.1503,0.529315,0.424187,-0.341222,0.9961,0.717915,0.492584,0.061042,0.7254,0.587754,0.510676,-0.386638,0.9955,0.742605,0.498647,0.056951,0.8057,0.602291,0.534812,-0.440325,0.9921,0.742145,0.498059,0.02715,0.8284,0.615989,0.526918,-0.438429,0.9911,0.732574,0.496253,0.049093,0.8016,0.61372,0.520717,-0.390629,0.9727,0.533199,0.453589,0.091823,0.9978,0.493391,0.446664,-0.090742,0.9986,0.413255,0.437666,0.352354,0.1181,0.375132,0.429896,0.152843,0.9434,0.307428,0.406308,0.604652,0.4261,0.275657,0.411542,0.401659,0.9836,0.29662,0.386337,0.632363,0.6053,0.264045,0.391971,0.425767,0.9711,0.277932,0.423159,0.615615,0.5614,0.246211,0.437655,0.375579,0.9526
bhujangasana_tf_0245,bhujangasana,,TF,train,unlabelled,,Apache-2.0,data/datasets/yoga_poses/train/cobra/guy1_cobra047.jpg,True,300,300,True,0.9988,0.1203,178.769,175.442,114.846,101.229,35.152,1.784,139.587,132.623,172.355,169.711,175.442,178.769,101.229,114.846,169.711,172.355,132.623,139.587,39.706,70.072,132.623,175.442,101.229,39.706,56.893,56.893,9.409,14.689,19.147,7.372,-0.5462,-0.2854,0.2129,0.5521,0.76193,0.315953,-0.291663,0.9943,0.761364,0.299688,-0.276553,0.9941,0.761442,0.299353,-0.275796,0.9936,0.761405,0.298886,-0.275857,0.9938,0.756281,0.298453,-0.307354,0.9957,0.752435,0.297577,-0.307966,0.9958,0.74777,0.2966,-0.307361,0.9961,0.738945,0.297744,-0.190168,0.9959,0.719165,0.295846,-0.339967,0.9974,0.754601,0.330444,-0.261657,0.9977,0.748699,0.328014,-0.304674,0.9979,0.700865,0.374547,-0.09058,0.9995,0.612816,0.351466,-0.363692,0.9997,0.669259,0.435847,0.059718,0.1536,0.528741,0.426609,-0.373291,0.993,0.7174,0.497735,0.069571,0.7368,0.582613,0.517847,-0.423761,0.9923,0.740081,0.504281,0.067908,0.8055,0.592911,0.54262,-0.47196,0.9871,0.741575,0.503511,0.041534,0.8312,0.608863,0.53484,-0.470629,0.9853,0.731492,0.501615,0.058896,0.8083,0.607148,0.529125,-0.427569,0.9588,0.537822,0.459684,0.084558,0.9988,0.499657,0.446434,-0.0836,0.9989,0.427813,0.43461,0.371614,0.1203,0.38511,0.431613,0.183797,0.9001,0.326858,0.409307,0.639865,0.4187,0.291854,0.411909,0.438828,0.9544,0.310687,0.401144,0.668474,0.6049,0.281623,0.392002,0.465208,0.9477,0.294768,0.432795,0.646922,0.5374,0.25368,0.442657,0.419924,0.9109
bhujangasana_tf_0246,bhujangasana,,TF,train,unlabelled,,Apache-2.0,data/datasets/yoga_poses/train/cobra/guy1_cobra048.jpg,True,300,300,True,0.9987,0.1181,179.61,178.979,109.031,103.629,33.168,2.02,138.235,131.383,172.708,168.944,178.979,179.61,103.629,109.031,168.944,172.708,131.383,138.235,38.371,69.083,131.383,178.979,103.629,38.371,56.283,56.283,8.683,17.027,25.323,8.044,-0.5551,-0.2637,0.1886,0.5436,0.757443,0.3165,-0.280407,0.9903,0.755929,0.30074,-0.266203,0.9902,0.756044,0.3005,-0.265538,0.9902,0.756065,0.300157,-0.265639,0.9909,0.751117,0.299231,-0.298692,0.9918,0.747604,0.298224,-0.299248,0.9918,0.743402,0.297298,-0.298757,0.9922,0.73313,0.298822,-0.182813,0.9947,0.714545,0.297158,-0.339081,0.9947,0.750842,0.329686,-0.251091,0.9971,0.744751,0.327728,-0.296024,0.9968,0.698735,0.373767,-0.084939,0.9996,0.61204,0.347217,-0.357548,0.9995,0.661679,0.441668,0.066845,0.215,0.526023,0.426295,-0.368402,0.9893,0.714894,0.500055,0.078775,0.7994,0.578178,0.520524,-0.416324,0.9884,0.737744,0.507097,0.07903,0.8442,0.585111,0.545457,-0.4604,0.9813,0.738533,0.505541,0.05292,0.8686,0.603573,0.53719,-0.460799,0.9789,0.727581,0.503038,0.068078,0.8517,0.602219,0.531183,-0.420162,0.9438,0.534826,0.461688,0.079828,0.9989,0.498457,0.444478,-0.078823,0.9987,0.42467,0.435127,0.364317,0.1181,0.378035,0.42746,0.180264,0.8496,0.32207,0.411127,0.629076,0.3939,0.290694,0.413525,0.427509,0.9047,0.306833,0.401865,0.65648,0.5928,0.283676,0.395003,0.452208,0.9099,0.292148,0.426444,0.629912,0.5115,0.257156,0.440635,0.402232,0.8513
bhujangasana_tf_0247,bhujangasana,,TF,train,unlabelled,,Apache-2.0,data/datasets/yoga_poses/train/cobra/guy1_cobra050.jpg,True,300,300,True,0.9991,0.1712,179.653,170.592,112.433,108.611,36.741,1.984,133.802,131.796,171.182,169.57,170.592,179.653,108.611,112.433,169.57,171.182,131.796,133.802,36.314,70.611,131.796,170.592,108.611,36.314,55.146,55.146,11.259,19.441,27.358,4.948,-0.5715,-0.323,0.3216,0.6332,0.743528,0.313362,-0.330103,0.9931,0.742534,0.298568,-0.311833,0.9906,0.743438,0.298587,-0.311088,0.9894,0.744233,0.298571,-0.31124,0.9893,0.735832,0.296648,-0.33975,0.9937,0.731682,0.295431,-0.340162,0.9938,0.726459,0.294286,-0.339836,0.9941,0.724125,0.297895,-0.211972,0.9928,0.695658,0.295729,-0.348583,0.9954,0.738514,0.329144,-0.296131,0.9975,0.729901,0.326355,-0.335291,0.9979,0.692019,0.3825,-0.095953,0.9991,0.595641,0.348481,-0.363103,0.9994,0.660896,0.449085,0.057452,0.1712,0.515257,0.429541,-0.386813,0.9838,0.710791,0.503508,0.06367,0.774,0.56314,0.52504,-0.447626,0.9816,0.73294,0.513101,0.061114,0.8298,0.571291,0.547677,-0.487585,0.9714,0.734182,0.511557,0.037942,0.8579,0.588004,0.541075,-0.487915,0.9678,0.724908,0.508832,0.05383,0.8495,0.586806,0.535167,-0.451215,0.9274,0.531922,0.468368,0.074458,0.9991,0.490824,0.447103,-0.073181,0.9994,0.4414,0.438971,0.401876,0.2021,0.38068,0.437567,0.181287,0.911,0.348292,0.40811,0.69611,0.4906,0.297015,0.416153,0.437115,0.9219,0.332748,0.390618,0.725318,0.6282,0.287353,0.401473,0.46344,0.9086,0.321202,0.415133,0.702405,0.6364,0.258754,0.4475,0.414282,0.9015
bhujangasana_tf_0248,bhujangasana,,TF,train,unlabelled,,Apache-2.0,data/datasets/yoga_poses/train/cobra/guy1_cobra053.jpg,True,300,300,True,0.9991,0.16,167.076,157.221,124.255,114.086,40.674,3.726,135.68,125.988,170.584,168.864,157.221,167.076,114.086,124.255,168.864,170.584,125.988,135.68,28.304,67.649,125.988,157.221,114.086,28.304,49.992,49.992,9.797,14.375,16.686,3.452,-0.6429,-0.3727,0.3413,0.7538,0.713622,0.312959,-0.410922,0.9971,0.714401,0.296643,-0.390886,0.9963,0.71613,0.296567,-0.390031,0.9954,0.717969,0.296315,-0.390576,0.9953,0.706227,0.294672,-0.41624,0.9978,0.701452,0.293512,-0.416645,0.9976,0.695744,0.292456,-0.416157,0.9977,0.701891,0.296348,-0.280243,0.9971,0.663942,0.294627,-0.406567,0.998,0.710838,0.329778,-0.374691,0.9992,0.699905,0.326835,-0.411548,0.9993,0.675442,0.380635,-0.153655,0.9996,0.569454,0.353472,-0.41421,0.9996,0.653355,0.450437,0.003253,0.1722,0.49499,0.432862,-0.46383,0.9836,0.696013,0.504671,-0.002774,0.8182,0.53503,0.528356,-0.547701,0.9822,0.716147,0.516876,-0.009745,0.8671,0.537393,0.554546,-0.590071,0.9668,0.719004,0.516601,-0.037967,0.8919,0.554978,0.549531,-0.594765,0.9612,0.71008,0.513251,-0.015745,0.8791,0.557355,0.541856,-0.555523,0.9111,0.535123,0.467526,0.066703,0.9993,0.487403,0.453222,-0.06536,0.9991,0.443528,0.447132,0.433076,0.16,0.389709,0.447329,0.233251,0.7789,0.363433,0.408969,0.746293,0.3099,0.313896,0.409973,0.53971,0.8115,0.350153,0.396181,0.775831,0.4787,0.312562,0.393449,0.571465,0.7633,0.344471,0.425847,0.748668,0.4991,0.291054,0.438615,0.536881,0.8101
bhujangasana_tf_0249,bhujangasana,,TF,train,unlabelled,,Apache-2.0,data/datasets/yoga_poses/train/cobra/guy1_cobra057.jpg,True,300,300,True,0.9983,0.1929,156.908,151.283,131.875,122.191,32.895,14.275,125.299,110.454,171.826,168.339,151.283,156.908,122.191,131.875,168.339,171.826,110.454,125.299,13.783,56.584,110.454,151.283,122.191,13.783,38.728,38.728,1.327,9.212,20.481,4.991,-0.7801,-0.3923,0.44,0.9302,0.662405,0.309875,-0.523782,0.9992,0.664976,0.2945,-0.506763,0.9982,0.667452,0.294389,-0.505909,0.9974,0.669864,0.294269,-0.506074,0.9968,0.654312,0.293605,-0.524628,0.9992,0.647644,0.292679,-0.525328,0.9992,0.639081,0.29165,-0.524664,0.9992,0.661299,0.295635,-0.395775,0.998,0.612071,0.291226,-0.487632,0.9994,0.661929,0.32635,-0.484876,0.9994,0.648654,0.322628,-0.51175,0.9996,0.645206,0.371745,-0.235818,0.9996,0.523497,0.352007,-0.471348,0.9998,0.624208,0.44739,-0.069888,0.2617,0.456142,0.433081,-0.517215,0.9954,0.665297,0.511612,-0.091411,0.8577,0.487164,0.528053,-0.596629,0.9923,0.682084,0.524615,-0.101352,0.889,0.484665,0.552504,-0.641646,0.9823,0.686872,0.525039,-0.130844,0.9133,0.506753,0.549977,-0.641414,0.9792,0.677002,0.521803,-0.104959,0.9049,0.508381,0.542944,-0.602491,0.9571,0.528446,0.475376,0.055289,0.9983,0.474403,0.45519,-0.054331,0.999,0.459793,0.459387,0.425758,0.1929,0.393374,0.448113,0.240634,0.7576,0.385168,0.404766,0.760481,0.3556,0.326856,0.403738,0.590983,0.7715,0.368117,0.394126,0.792725,0.5207,0.315315,0.385159,0.626309,0.6832,0.381688,0.425122,0.769642,0.5059,0.307962,0.426255,0.591153,0.7406
bhujangasana_tf_0250,bhujangasana,,TF,train,unlabelled,,Apache-2.0,data/datasets/yoga_poses/train/cobra/guy1_cobra058.jpg,True,300,300,True,0.9992,0.1335,164.419,159.874,133.327,123.646,29.347,18.754,114.869,94.298,171.551,167.196,159.874,164.419,123.646,133.327,167.196,171.551,94.298,114.869,8.486,53.289,94.298,159.874,123.646,8.486,34.42,34.42,2.4,6.211,8.007,16.992,-0.8249,-0.3762,0.41,0.9295,0.650707,0.30951,-0.528903,0.9997,0.651703,0.293653,-0.515554,0.9993,0.654058,0.293373,-0.514449,0.999,0.656258,0.293071,-0.514763,0.9988,0.641222,0.293227,-0.535644,0.9997,0.635784,0.292848,-0.536278,0.9997,0.629351,0.29211,-0.535661,0.9997,0.644214,0.293583,-0.420387,0.9993,0.603161,0.292047,-0.523473,0.9999,0.650055,0.324165,-0.494085,0.9998,0.637678,0.322062,-0.525269,0.9999,0.634759,0.36524,-0.287683,0.9998,0.514012,0.352099,-0.498032,1.0,0.614479,0.438405,-0.130432,0.2424,0.445423,0.433714,-0.531244,0.9971,0.65576,0.506618,-0.11859,0.7491,0.473589,0.529969,-0.584967,0.9944,0.67051,0.522439,-0.123119,0.7909,0.464911,0.551992,-0.622773,0.9872,0.671903,0.524585,-0.150852,0.826,0.490309,0.55061,-0.621318,0.9846,0.664499,0.520311,-0.129978,0.8141,0.494237,0.544957,-0.589566,0.963,0.529977,0.470611,0.044924,0.9992,0.47106,0.462323,-0.043759,0.9995,0.46501,0.447003,0.416584,0.1335,0.40907,0.44338,0.279319,0.5046,0.388829,0.39256,0.759154,0.2164,0.335473,0.387682,0.626068,0.6347,0.37131,0.378487,0.792519,0.3806,0.325513,0.371303,0.66144,0.6085,0.387608,0.406201,0.760933,0.2665,0.323162,0.40749,0.623257,0.5753
bhujangasana_tf_0251,bhujangasana,,TF,train,unlabelled,,Apache-2.0,data/datasets/yoga_poses/train/cobra/guy1_cobra060.jpg,True,300,300,True,0.9984,0.1144,176.543,164.85,150.888,127.543,38.686,21.495,103.546,88.616,169.231,165.189,164.85,176.543,127.543,150.888,165.189,169.231,88.616,103.546,4.314,53.064,88.616,164.85,127.543,4.314,32.304,32.304,0.034,6.917,17.065,20.509,-0.8452,-0.3774,0.5197,0.9477,0.619903,0.306708,-0.555219,0.9995,0.623451,0.289166,-0.54078,0.999,0.626246,0.288368,-0.539901,0.9986,0.628759,0.287522,-0.539995,0.9983,0.611747,0.28985,-0.559763,0.9994,0.604725,0.289195,-0.560538,0.9994,0.596711,0.288086,-0.559791,0.9994,0.620942,0.287674,-0.440126,0.9989,0.572931,0.287361,-0.537118,0.9996,0.620913,0.32203,-0.519122,0.9995,0.606646,0.3197,-0.548219,0.9996,0.614372,0.362041,-0.303302,0.9998,0.494566,0.347507,-0.505369,0.9999,0.609388,0.441047,-0.155361,0.3778,0.427753,0.425404,-0.544885,0.9932,0.642668,0.510809,-0.170464,0.834,0.448188,0.522906,-0.617615,0.9874,0.659423,0.526347,-0.180484,0.8354,0.441429,0.547126,-0.664867,0.9711,0.659374,0.527464,-0.214805,0.8688,0.462946,0.546582,-0.666314,0.9662,0.647748,0.524313,-0.184492,0.8562,0.467709,0.540214,-0.624883,0.9303,0.515055,0.471207,0.038746,0.9984,0.457769,0.453622,-0.037833,0.9991,0.464043,0.443221,0.41851,0.1144,0.396668,0.430766,0.299064,0.4143,0.401044,0.403539,0.780798,0.1995,0.33676,0.387784,0.664771,0.5332,0.385391,0.392475,0.816973,0.2861,0.329291,0.377102,0.700169,0.4592,0.39769,0.417523,0.786124,0.2403,0.328549,0.406149,0.65365,0.466
bhujangasana_tf_0252,bhujangasana,,TF,train,unlabelled,,Apache-2.0,data/datasets/yoga_poses/train/cobra/guy1_cobra066.jpg,True,300,300,True,0.9991,0.0766,155.927,147.589,164.268,142.149,35.34,35.488,69.676,74.466,169.97,167.292,147.589,155.927,142.149,164.268,167.292,169.97,69.676,74.466,16.269,43.088,74.466,147.589,142.149,16.269,17.203,17.203,4.415,1.957,11.591,11.974,-0.9553,-0.3635,0.7814,1.3269,0.543984,0.301565,-0.654644,0.9999,0.55083,0.282556,-0.642488,0.9997,0.555823,0.282181,-0.641684,0.9996,0.559908,0.281832,-0.641964,0.9995,0.534326,0.282145,-0.651284,0.9999,0.527068,0.281313,-0.652431,0.9999,0.519465,0.280261,-0.651444,0.9999,0.560009,0.281428,-0.518328,0.9991,0.501581,0.279847,-0.566533,0.9999,0.549843,0.315104,-0.607571,0.9997,0.531766,0.314184,-0.62322,0.9999,0.576153,0.34148,-0.368582,0.9999,0.43907,0.336797,-0.496957,1.0,0.579488,0.425174,-0.313619,0.8932,0.390878,0.414137,-0.51992,0.9947,0.604632,0.502495,-0.391371,0.8986,0.400567,0.507533,-0.603325,0.9854,0.623279,0.516245,-0.420616,0.8455,0.388713,0.527455,-0.653588,0.9594,0.615681,0.517036,-0.453733,0.8671,0.4092,0.529701,-0.669635,0.954,0.603898,0.513893,-0.406979,0.8469,0.415986,0.525979,-0.617869,0.9193,0.509126,0.444466,0.022172,0.9991,0.44495,0.431303,-0.020792,0.9994,0.494569,0.424878,0.427057,0.0766,0.419362,0.425876,0.353683,0.2019,0.462898,0.4071,0.822839,0.089,0.38374,0.391011,0.747142,0.2572,0.450127,0.402846,0.861773,0.0963,0.381622,0.385161,0.785824,0.1722,0.466866,0.425602,0.822581,0.1271,0.368971,0.405345,0.750818,0.2436
bhujangasana_tf_0253,bhujangasana,,TF,train,unlabelled,,Apache-2.0,data/datasets/yoga_poses/train/cobra/guy1_cobra069.jpg,True,300,300,True,0.9969,0.0901,128.665,166.111,168.371,157.749,32.46,32.221,37.088,32.497,169.145,168.224,128.665,166.111,157.749,168.371,168.224,169.145,32.497,37.088,20.597,38.299,32.497,166.111,157.749,20.597,10.411,10.411,5.896,0.896,2.701,48.681,-0.9835,-0.3524,0.5131,1.3044,0.521858,0.294117,-0.660247,0.9999,0.528498,0.276464,-0.649008,0.9998,0.533684,0.275914,-0.647974,0.9996,0.538157,0.275431,-0.648032,0.9995,0.512764,0.277207,-0.654567,0.9999,0.505674,0.276618,-0.655336,0.9999,0.498479,0.275715,-0.654765,0.9999,0.539373,0.27524,-0.53117,0.9995,0.48075,0.275448,-0.566576,0.9999,0.529603,0.308847,-0.61652,0.9997,0.50994,0.308851,-0.628388,0.9998,0.565201,0.334156,-0.383492,0.9999,0.421171,0.331904,-0.483221,1.0,0.572404,0.416236,-0.285677,0.9869,0.38776,0.409116,-0.443009,0.9941,0.596204,0.495844,-0.31817,0.9731,0.385919,0.501001,-0.513176,0.9867,0.613258,0.509713,-0.341261,0.9613,0.370881,0.520155,-0.559808,0.9732,0.604522,0.510852,-0.375073,0.9644,0.390901,0.522514,-0.586096,0.9716,0.593625,0.507813,-0.331445,0.9608,0.398621,0.518092,-0.530883,0.9566,0.508516,0.443306,0.020294,0.9969,0.437943,0.439976,-0.018957,0.9982,0.504298,0.418484,0.420786,0.0939,0.432426,0.433701,0.322188,0.2892,0.476388,0.403,0.800249,0.0901,0.420178,0.410101,0.710822,0.1667,0.46492,0.398089,0.838196,0.123,0.422815,0.403545,0.750632,0.1297,0.481507,0.425206,0.827029,0.1325,0.409216,0.433872,0.740946,0.1811
bhujangasana_tf_0254,bhujangasana,,TF,train,unlabelled,,Apache-2.0,data/datasets/yoga_poses/train/cobra/guy1_cobra075.jpg,True,300,300,True,0.9982,0.0298,167.718,163.987,175.503,170.731,35.394,40.828,52.044,22.929,168.12,168.355,163.987,167.718,170.731,175.503,168.12,168.355,22.929,52.044,33.223,36.212,52.044,167.718,175.503,33.223,1.798,-1.798,5.106,0.115,0.968,59.298,-0.9995,-0.3763,0.3674,1.5352,0.502445,0.286999,-0.672678,0.9998,0.512015,0.270968,-0.670814,0.9998,0.517583,0.26979,-0.669751,0.9998,0.522786,0.268545,-0.670506,0.9998,0.49264,0.271092,-0.671373,0.9998,0.485427,0.270344,-0.672851,0.9998,0.480426,0.269777,-0.671709,0.9997,0.530155,0.266998,-0.566943,0.9995,0.467956,0.269055,-0.575464,0.9996,0.510949,0.301101,-0.631223,0.9991,0.490993,0.301523,-0.635935,0.9992,0.564604,0.320761,-0.439029,0.9999,0.427427,0.320485,-0.467096,0.9995,0.586004,0.406264,-0.443131,0.9872,0.403197,0.403552,-0.402621,0.9416,0.599667,0.487432,-0.490927,0.9774,0.392744,0.488775,-0.428547,0.9048,0.616482,0.502591,-0.531712,0.9312,0.374521,0.503942,-0.455835,0.808,0.599897,0.504236,-0.553966,0.9325,0.390724,0.50649,-0.483945,0.8134,0.589849,0.498084,-0.502404,0.9004,0.400298,0.502059,-0.444053,0.7135,0.529558,0.410452,-0.005069,0.9995,0.468079,0.409413,0.006997,0.9982,0.524475,0.401891,0.389975,0.0546,0.467769,0.398553,0.409258,0.0351,0.505907,0.381968,0.769182,0.0742,0.474179,0.373544,0.806672,0.0298,0.497248,0.377653,0.80942,0.1013,0.478707,0.370434,0.847753,0.0224,0.507182,0.396823,0.777324,0.0796,0.475408,0.383543,0.833589,0.0324
bhujangasana_tf_0255,bhujangasana,,TF,train,unlabelled,,Apache-2.0,data/datasets/yoga_poses/train/cobra/guy1_cobra077.jpg,True,300,300,True,0.998,0.0248,168.841,159.012,173.178,178.286,36.864,39.174,38.867,30.308,168.486,167.854,159.012,168.841,173.178,178.286,167.854,168.486,30.308,38.867,33.656,38.343,38.867,168.841,173.178,33.656,2.319,-2.319,0.361,0.582,2.155,73.275,-0.9992,-0.3761,0.3748,1.5605,0.504398,0.286621,-0.676683,0.9997,0.516003,0.270181,-0.677326,0.9997,0.521813,0.26916,-0.676223,0.9996,0.526936,0.268152,-0.676594,0.9996,0.493969,0.271494,-0.675436,0.9997,0.488299,0.271163,-0.676637,0.9997,0.483762,0.270613,-0.675902,0.9996,0.535514,0.266599,-0.583129,0.9986,0.471717,0.268785,-0.579963,0.999,0.514632,0.300824,-0.637303,0.9986,0.494318,0.302029,-0.638353,0.9989,0.573878,0.320011,-0.444329,0.9996,0.438187,0.318632,-0.486244,0.9994,0.596629,0.406598,-0.449203,0.9899,0.418038,0.406066,-0.448378,0.9804,0.607551,0.485313,-0.489214,0.9853,0.401531,0.488956,-0.491181,0.9625,0.620448,0.500351,-0.524425,0.9574,0.382856,0.500821,-0.524866,0.9062,0.604527,0.500415,-0.54436,0.9573,0.398501,0.502441,-0.550356,0.9096,0.597485,0.495662,-0.49925,0.937,0.409057,0.499271,-0.507494,0.8567,0.538362,0.40729,0.004335,0.9994,0.48074,0.405122,-0.002156,0.998,0.536808,0.40212,0.36273,0.0398,0.481982,0.387842,0.396923,0.0394,0.523163,0.376329,0.73726,0.028,0.492366,0.365673,0.745074,0.0248,0.51456,0.370432,0.778584,0.0547,0.49693,0.362869,0.781579,0.0227,0.527637,0.392583,0.764032,0.0333,0.494407,0.376712,0.776562,0.0262
bhujangasana_tf_0256,bhujangasana,,TF,train,unlabelled,,Apache-2.0,data/datasets/yoga_poses/train/cobra/guy1_cobra078.jpg,True,300,300,True,0.9954,0.0211,153.443,159.815,167.214,178.966,38.426,38.968,30.175,30.549,167.865,169.101,153.443,159.815,167.214,178.966,167.865,169.101,30.175,30.549,32.256,39.492,30.175,153.443,167.214,32.256,4.524,-4.524,2.6,1.041,1.318,79.946,-0.9969,-0.3974,0.3595,1.5915,0.508105,0.284354,-0.689822,0.9997,0.519238,0.268313,-0.689944,0.9997,0.524852,0.267235,-0.688949,0.9996,0.530031,0.266119,-0.689458,0.9996,0.498715,0.269691,-0.688641,0.9997,0.492557,0.269295,-0.690168,0.9995,0.487718,0.268629,-0.688923,0.9993,0.53898,0.264288,-0.593606,0.9983,0.475565,0.267054,-0.594178,0.9975,0.518703,0.297711,-0.650498,0.9968,0.498226,0.298578,-0.652412,0.997,0.578003,0.317537,-0.455461,0.9993,0.440111,0.320043,-0.48342,0.9979,0.606227,0.402855,-0.438976,0.9753,0.424827,0.40352,-0.423382,0.9124,0.614289,0.486299,-0.460703,0.9748,0.407633,0.488719,-0.456776,0.919,0.629419,0.500364,-0.493872,0.9226,0.388292,0.502224,-0.486879,0.8363,0.612919,0.501689,-0.512471,0.9233,0.402262,0.502733,-0.515504,0.8444,0.604901,0.496875,-0.470123,0.8955,0.415107,0.497994,-0.473269,0.7601,0.545644,0.405861,-0.006838,0.9987,0.486141,0.404493,0.00873,0.9954,0.542606,0.388723,0.358106,0.0262,0.487027,0.378554,0.400819,0.0224,0.525746,0.36603,0.727521,0.0393,0.496657,0.354888,0.761011,0.0211,0.517013,0.36195,0.76836,0.0659,0.502738,0.352955,0.798205,0.0186,0.52794,0.379251,0.759726,0.0426,0.496028,0.36233,0.800209,0.0219
bhujangasana_tf_0257,bhujangasana,,TF,train,unlabelled,,Apache-2.0,data/datasets/yoga_poses/train/cobra/guy1_cobra079.jpg,True,300,300,True,0.9962,0.0223,140.652,159.007,164.631,177.116,36.867,36.88,16.654,24.36,167.489,168.514,140.652,159.007,164.631,177.116,167.489,168.514,16.654,24.36,29.428,38.377,16.654,140.652,164.631,29.428,5.509,-5.509,2.281,0.966,0.005,87.469,-0.9954,-0.3907,0.3711,1.4651,0.509948,0.283715,-0.690645,0.9996,0.521782,0.267139,-0.690713,0.9997,0.527967,0.266236,-0.689794,0.9996,0.533289,0.265367,-0.690149,0.9996,0.500473,0.268954,-0.689375,0.9996,0.495236,0.268657,-0.69094,0.9996,0.490267,0.268093,-0.68889,0.9995,0.54357,0.264253,-0.595431,0.9994,0.477799,0.267064,-0.596323,0.9993,0.522724,0.298973,-0.653514,0.9964,0.500777,0.299946,-0.656058,0.9962,0.583355,0.319649,-0.455841,0.9996,0.444236,0.321994,-0.476277,0.9993,0.613504,0.402711,-0.404743,0.9734,0.429989,0.402884,-0.350136,0.9051,0.620125,0.485364,-0.389677,0.9609,0.410238,0.489308,-0.331334,0.9214,0.63531,0.500335,-0.413587,0.9024,0.388828,0.500225,-0.345732,0.8604,0.617062,0.501916,-0.43125,0.9067,0.401369,0.502697,-0.374157,0.8672,0.608439,0.496458,-0.397623,0.8753,0.412486,0.498398,-0.344738,0.799,0.554246,0.415353,-0.015317,0.9988,0.491578,0.415347,0.016712,0.9962,0.554348,0.393292,0.363334,0.0325,0.490198,0.384139,0.40737,0.0223,0.53305,0.367071,0.710888,0.0801,0.499481,0.356335,0.752607,0.033,0.52365,0.364215,0.749097,0.1845,0.50565,0.35569,0.788517,0.0486,0.532584,0.377201,0.754236,0.065,0.497227,0.359627,0.802873,0.0249
bhujangasana_tf_0258,bhujangasana,,TF,train,unlabelled,,Apache-2.0,data/datasets/yoga_poses/train/cobra/guy1_cobra080.jpg,True,300,300,True,0.9949,0.0207,135.413,175.437,163.124,173.891,37.748,37.633,8.899,39.293,167.251,168.286,135.413,175.437,163.124,173.891,167.251,168.286,8.899,39.293,29.628,40.668,8.899,135.413,163.124,29.628,6.817,-6.817,2.119,1.426,1.09,79.66,-0.9929,-0.382,0.3433,1.4872,0.51522,0.285265,-0.694981,0.9999,0.527862,0.268478,-0.690191,0.9999,0.533954,0.267506,-0.688918,0.9999,0.539293,0.266564,-0.689124,0.9999,0.505831,0.270424,-0.690069,0.9999,0.500482,0.26994,-0.691045,0.9999,0.495598,0.269174,-0.689708,0.9999,0.548399,0.264811,-0.58027,0.9999,0.483198,0.267739,-0.587932,0.9998,0.527823,0.30125,-0.651831,0.9994,0.506133,0.3015,-0.656593,0.9993,0.588627,0.318705,-0.439333,0.9997,0.451868,0.322109,-0.471348,0.9993,0.621085,0.403843,-0.3924,0.9926,0.438826,0.407546,-0.350345,0.9806,0.626972,0.488186,-0.361813,0.9873,0.417043,0.490062,-0.335167,0.9754,0.643754,0.503278,-0.389556,0.9664,0.399367,0.501291,-0.352034,0.9395,0.62615,0.505056,-0.407501,0.968,0.410125,0.50313,-0.376405,0.9444,0.616909,0.499896,-0.369948,0.9561,0.4237,0.499215,-0.348542,0.9188,0.560566,0.411186,-0.006559,0.9981,0.501768,0.412305,0.008708,0.9949,0.563098,0.393122,0.366317,0.0284,0.50602,0.388999,0.401177,0.0207,0.544319,0.367841,0.731559,0.0519,0.514013,0.358966,0.761019,0.0256,0.535211,0.36212,0.770988,0.1186,0.517604,0.354867,0.799735,0.0358,0.547474,0.384041,0.778123,0.0426,0.515717,0.368361,0.825444,0.0196
bhujangasana_tf_0259,bhujangasana,,TF,train,unlabelled,,Apache-2.0,data/datasets/yoga_poses/train/cobra/guy1_cobra087.jpg,True,300,300,True,0.9976,0.0438,25.428,74.709,153.793,167.519,32.027,41.261,49.556,0.474,167.086,164.865,25.428,74.709,153.793,167.519,164.865,167.086,0.474,49.556,19.646,47.331,49.556,25.428,153.793,19.646,13.653,-13.653,9.191,4.489,3.486,33.712,-0.9717,-0.4573,0.6401,1.3567,0.53339,0.287646,-0.643043,0.9992,0.546418,0.270149,-0.635659,0.9995,0.553902,0.269553,-0.634448,0.9991,0.559619,0.269241,-0.634749,0.9995,0.52622,0.27017,-0.632123,0.9994,0.520548,0.269417,-0.633315,0.9985,0.514771,0.268946,-0.63201,0.9986,0.573268,0.268166,-0.535033,0.9974,0.510082,0.269423,-0.524666,0.9882,0.547006,0.303584,-0.605143,0.9953,0.525405,0.303687,-0.603275,0.9951,0.629577,0.324839,-0.422135,0.9993,0.50511,0.334612,-0.414547,0.9976,0.671213,0.412937,-0.422533,0.9717,0.491456,0.420185,-0.313296,0.8539,0.669822,0.500357,-0.45332,0.9461,0.461318,0.496515,-0.333139,0.8898,0.687331,0.517529,-0.489697,0.8696,0.44393,0.508115,-0.353494,0.8266,0.666801,0.520193,-0.507433,0.8667,0.450781,0.509931,-0.382328,0.8445,0.657552,0.515765,-0.465117,0.8444,0.462359,0.507428,-0.351149,0.818,0.618658,0.417345,-0.02134,0.9999,0.559472,0.420951,0.02294,0.9994,0.653977,0.393779,0.200798,0.1441,0.542886,0.395086,0.413957,0.0438,0.618885,0.398889,0.502537,0.1751,0.560733,0.3895,0.74638,0.0474,0.604874,0.399979,0.534586,0.249,0.570676,0.393779,0.778457,0.0589,0.627464,0.418444,0.528838,0.28,0.556931,0.396846,0.788954,0.0817
bhujangasana_tf_0260,bhujangasana,,TF,train,unlabelled,,Apache-2.0,data/datasets/yoga_poses/train/cobra/guy1_cobra088.jpg,True,300,300,True,0.9999,0.0363,174.936,155.923,149.492,171.489,29.27,44.956,63.627,55.969,165.504,161.812,155.923,174.936,149.492,171.489,161.812,165.504,55.969,63.627,15.664,48.983,63.627,174.936,149.492,15.664,16.182,-16.182,10.487,2.162,5.717,25.205,-0.9604,-0.4217,0.9348,1.1968,0.531925,0.29148,-0.65121,1.0,0.546699,0.272631,-0.641015,1.0,0.552619,0.27287,-0.639815,1.0,0.559889,0.272257,-0.64053,1.0,0.526672,0.271766,-0.635776,1.0,0.52138,0.271064,-0.636729,0.9999,0.516183,0.270941,-0.636298,0.9999,0.574067,0.272731,-0.546367,1.0,0.516125,0.272064,-0.525764,0.9998,0.546068,0.308153,-0.615908,0.9999,0.524063,0.307856,-0.610261,0.9999,0.629701,0.328457,-0.404521,1.0,0.518908,0.33264,-0.420194,0.9999,0.678141,0.419169,-0.454514,0.9994,0.496785,0.420322,-0.320759,0.9899,0.674649,0.502304,-0.547654,0.9983,0.465471,0.495283,-0.389302,0.9807,0.692856,0.520471,-0.599799,0.9936,0.447001,0.508022,-0.425548,0.9603,0.670958,0.523611,-0.624241,0.9931,0.450482,0.509246,-0.461006,0.9682,0.662839,0.518139,-0.562419,0.9904,0.465758,0.506305,-0.412995,0.9725,0.627901,0.416737,-0.002241,1.0,0.572346,0.4223,0.004473,0.9999,0.681379,0.391567,0.284182,0.1179,0.580655,0.40462,0.25943,0.0456,0.68733,0.389385,0.639957,0.1923,0.600754,0.387303,0.683835,0.0363,0.678867,0.39002,0.67316,0.2734,0.607133,0.384584,0.724934,0.0427,0.711304,0.406206,0.652112,0.4804,0.60655,0.398011,0.736354,0.1548
bhujangasana_tf_0261,bhujangasana,,TF,train,unlabelled,,Apache-2.0,data/datasets/yoga_poses/train/cobra/guy1_cobra089.jpg,True,300,300,True,0.9999,0.0723,162.899,177.294,140.085,168.115,27.899,43.93,75.924,74.407,162.472,163.578,162.899,177.294,140.085,168.115,162.472,163.578,74.407,75.924,10.065,49.365,75.924,162.899,140.085,10.065,21.802,-21.802,1.235,0.46,7.758,21.54,-0.9285,-0.4715,1.0339,1.1311,0.53446,0.289648,-0.650132,1.0,0.547081,0.271455,-0.638822,1.0,0.555969,0.271668,-0.637539,1.0,0.560984,0.272287,-0.638364,1.0,0.527339,0.268532,-0.632169,1.0,0.522182,0.267808,-0.633184,1.0,0.518345,0.26725,-0.632676,1.0,0.576098,0.271812,-0.542863,1.0,0.516673,0.269772,-0.517397,0.9999,0.54804,0.30548,-0.615314,1.0,0.527221,0.305779,-0.608191,1.0,0.625019,0.332694,-0.402017,1.0,0.520754,0.33353,-0.414208,0.9999,0.684972,0.417173,-0.463175,0.9996,0.502826,0.425873,-0.299103,0.9889,0.678272,0.501306,-0.556566,0.9983,0.471999,0.498947,-0.362601,0.9749,0.691331,0.522911,-0.605093,0.9939,0.456056,0.510143,-0.397269,0.952,0.670371,0.524332,-0.632539,0.9935,0.461499,0.511864,-0.435175,0.9634,0.663181,0.519347,-0.570993,0.9905,0.472888,0.509531,-0.386862,0.9696,0.635775,0.414795,-0.003155,1.0,0.578471,0.422602,0.005288,0.9999,0.691789,0.392686,0.299328,0.2062,0.593043,0.406112,0.277252,0.0772,0.70635,0.391555,0.663523,0.2966,0.611408,0.383237,0.70832,0.0723,0.699816,0.391836,0.697045,0.3382,0.616768,0.378992,0.749867,0.0712,0.729626,0.411066,0.671679,0.6227,0.619436,0.394849,0.759337,0.2812
bhujangasana_tf_0262,bhujangasana,,TF,train,unlabelled,,Apache-2.0,data/datasets/yoga_poses/train/cobra/guy1_cobra090.jpg,True,300,300,True,0.9999,0.0404,177.79,172.932,138.33,160.522,29.442,45.704,60.996,93.865,166.662,166.983,172.932,177.79,138.33,160.522,166.662,166.983,60.996,93.865,10.17,55.653,60.996,177.79,138.33,10.17,26.01,-26.01,4.344,4.638,10.978,32.172,-0.8987,-0.5096,0.7207,1.3385,0.535222,0.291608,-0.636379,1.0,0.546654,0.270175,-0.625248,1.0,0.555739,0.270381,-0.623991,1.0,0.561677,0.271573,-0.62474,1.0,0.527179,0.268418,-0.618726,1.0,0.521575,0.268204,-0.619746,1.0,0.517289,0.268119,-0.619475,0.9999,0.580071,0.27154,-0.529506,1.0,0.516101,0.270283,-0.502576,0.9999,0.551209,0.307095,-0.601999,1.0,0.528588,0.30931,-0.594185,1.0,0.641398,0.336184,-0.405518,1.0,0.510843,0.346774,-0.406429,1.0,0.695554,0.420833,-0.477423,0.9998,0.50663,0.425385,-0.28526,0.9931,0.681847,0.506793,-0.573836,0.999,0.475127,0.501267,-0.335759,0.987,0.696387,0.527062,-0.628259,0.9966,0.455322,0.514107,-0.368719,0.9756,0.674394,0.52885,-0.648829,0.9959,0.458683,0.515408,-0.403392,0.981,0.667255,0.522019,-0.58871,0.9934,0.472304,0.513032,-0.359005,0.9839,0.646267,0.424145,-0.00389,1.0,0.591805,0.43471,0.005675,0.9999,0.698408,0.391345,0.296406,0.2168,0.617305,0.414228,0.237924,0.0777,0.717439,0.380375,0.659654,0.2076,0.646987,0.383665,0.676232,0.0404,0.71213,0.382099,0.691643,0.298,0.653528,0.378354,0.717176,0.0419,0.742911,0.386965,0.677734,0.5706,0.663928,0.389645,0.723328,0.1938
bhujangasana_tf_0263,bhujangasana,,TF,train,unlabelled,,Apache-2.0,data/datasets/yoga_poses/train/cobra/guy1_cobra091.jpg,True,300,300,True,0.9997,0.0499,169.834,175.524,143.035,162.239,26.39,43.044,57.821,92.549,167.741,165.315,169.834,175.524,143.035,162.239,165.315,167.741,57.821,92.549,9.621,51.581,57.821,169.834,143.035,9.621,22.221,-22.221,5.803,4.632,15.135,34.346,-0.9257,-0.4619,0.5445,1.2471,0.534269,0.290071,-0.651711,0.9998,0.546245,0.26981,-0.643414,0.9998,0.554997,0.270005,-0.642194,0.9998,0.562612,0.271116,-0.642795,0.9998,0.527908,0.268604,-0.636223,0.9996,0.522533,0.268273,-0.637317,0.9994,0.51661,0.26858,-0.636448,0.9993,0.579811,0.273014,-0.557899,0.9995,0.51862,0.271076,-0.525021,0.9982,0.549247,0.30742,-0.621623,0.9995,0.528558,0.308037,-0.612485,0.9995,0.644369,0.33067,-0.449819,0.9999,0.521756,0.340605,-0.427722,0.9997,0.695972,0.423659,-0.519862,0.998,0.512432,0.427151,-0.294534,0.9597,0.683699,0.511681,-0.597169,0.9954,0.479763,0.500838,-0.334892,0.9671,0.698014,0.530831,-0.643977,0.9832,0.462962,0.514824,-0.363314,0.944,0.678639,0.533099,-0.657302,0.98,0.465838,0.516606,-0.395864,0.9491,0.671628,0.528582,-0.608585,0.9617,0.477874,0.513123,-0.356763,0.9409,0.648455,0.419359,-0.006068,0.9999,0.592282,0.434552,0.00805,0.9998,0.699159,0.384096,0.240075,0.2214,0.625207,0.412053,0.221306,0.0499,0.719682,0.374678,0.545344,0.2017,0.66758,0.387717,0.586874,0.0894,0.713549,0.378739,0.570958,0.2896,0.677471,0.386299,0.618081,0.0716,0.75072,0.376685,0.542928,0.4653,0.686958,0.389722,0.603422,0.2475
bhujangasana_tf_0264,bhujangasana,,TF,train,unlabelled,,Apache-2.0,data/datasets/yoga_poses/train/cobra/guy1_cobra101.jpg,True,300,300,True,0.9999,0.2159,139.759,173.678,118.471,139.097,20.125,42.965,109.229,117.802,168.678,167.056,139.759,173.678,118.471,139.097,167.056,168.678,109.229,117.802,5.985,61.723,109.229,139.759,118.471,5.985,35.745,-35.745,3.143,6.038,13.442,1.922,-0.8116,-0.4935,0.2214,0.981,0.48913,0.295856,-0.600645,0.9999,0.504597,0.273884,-0.592704,0.9998,0.512047,0.274841,-0.591498,0.9998,0.52231,0.276618,-0.592219,0.9998,0.485882,0.274658,-0.577293,0.9997,0.482269,0.274185,-0.57917,0.9997,0.477177,0.27287,-0.577792,0.9997,0.540514,0.280543,-0.523657,0.9999,0.493588,0.292508,-0.456165,0.9999,0.508319,0.314778,-0.580055,1.0,0.488162,0.315781,-0.560081,1.0,0.634294,0.35059,-0.461657,1.0,0.513461,0.363371,-0.36191,0.9999,0.711775,0.451814,-0.53591,0.9994,0.522326,0.450425,-0.198394,0.8203,0.672252,0.540178,-0.575467,0.9964,0.479413,0.511509,-0.140828,0.938,0.671165,0.565094,-0.613593,0.9792,0.46456,0.527003,-0.134107,0.9057,0.650325,0.563398,-0.625837,0.9769,0.459589,0.529216,-0.160262,0.9165,0.658446,0.55617,-0.585393,0.9619,0.468075,0.525978,-0.152764,0.9221,0.66613,0.452758,-0.022519,1.0,0.626346,0.462267,0.023717,1.0,0.760475,0.455924,0.190717,0.6284,0.732181,0.42169,0.175145,0.2791,0.827743,0.402762,0.419265,0.4818,0.800341,0.403866,0.496645,0.2159,0.834913,0.393334,0.433147,0.447,0.809207,0.40338,0.52706,0.2393,0.84673,0.409425,0.420639,0.604,0.815398,0.401046,0.539429,0.358
bhujangasana_tf_0265,bhujangasana,,TF,train,unlabelled,,Apache-2.0,data/datasets/yoga_poses/train/cobra/guy1_cobra110.jpg,True,300,300,True,0.9991,0.4482,175.807,162.079,97.3,117.53,4.638,41.323,137.035,149.089,169.395,176.629,162.079,175.807,97.3,117.53,169.395,176.629,137.035,149.089,43.586,70.054,137.035,175.807,97.3,43.586,61.139,-61.139,9.954,11.16,7.044,7.156,-0.4827,-0.2541,0.3538,0.5868,0.359875,0.317252,-0.338643,0.9981,0.369009,0.297298,-0.35152,0.9977,0.374162,0.296226,-0.350614,0.9977,0.379674,0.295262,-0.35072,0.9977,0.362053,0.297383,-0.317932,0.998,0.362116,0.29688,-0.319475,0.9983,0.362424,0.296247,-0.318153,0.9984,0.410549,0.297932,-0.364656,0.998,0.385659,0.298195,-0.229845,0.9992,0.377492,0.334169,-0.344051,0.9995,0.369765,0.333723,-0.304324,0.9996,0.546533,0.357967,-0.359073,0.9996,0.427741,0.381403,-0.134923,0.9997,0.652498,0.4483,-0.403785,0.9932,0.466895,0.464009,0.038819,0.4486,0.583287,0.554277,-0.495311,0.9952,0.419158,0.527105,0.122036,0.8965,0.572173,0.577819,-0.549392,0.99,0.386483,0.538925,0.127612,0.8771,0.550839,0.571026,-0.551983,0.991,0.387872,0.537966,0.10552,0.8927,0.554839,0.564,-0.499877,0.9799,0.403534,0.535214,0.113704,0.8829,0.696006,0.465806,-0.071008,0.9997,0.639705,0.472763,0.07135,0.9991,0.824011,0.449734,0.107897,0.9692,0.764988,0.456058,0.347263,0.4482,0.925955,0.429271,0.313199,0.96,0.854744,0.413216,0.637152,0.5725,0.941105,0.407919,0.329524,0.9,0.866137,0.395705,0.665228,0.6348,0.952095,0.469091,0.257211,0.9423,0.878311,0.433507,0.665679,0.7539
bhujangasana_tf_0266,bhujangasana,,TF,train,unlabelled,,Apache-2.0,data/datasets/yoga_poses/train/cobra/guy1_cobra112.jpg,True,300,300,True,0.9987,0.4201,170.579,162.876,95.707,111.382,5.334,33.704,141.456,150.979,169.542,177.573,162.876,170.579,95.707,111.382,169.542,177.573,141.456,150.979,45.287,63.862,141.456,170.579,95.707,45.287,61.615,-61.615,5.957,7.787,5.252,4.289,-0.4754,-0.2049,0.3168,0.5679,0.322253,0.324458,-0.330632,0.9976,0.332167,0.304106,-0.344389,0.9975,0.336958,0.303528,-0.343604,0.9976,0.342511,0.302308,-0.343639,0.9976,0.326387,0.303731,-0.309835,0.9978,0.327104,0.303056,-0.311196,0.998,0.32817,0.302352,-0.309894,0.9982,0.373273,0.302896,-0.361586,0.9977,0.354049,0.302863,-0.22082,0.999,0.339303,0.340971,-0.337517,0.9989,0.332868,0.340305,-0.296206,0.9992,0.519677,0.360083,-0.362461,0.9991,0.399209,0.376557,-0.130896,0.9996,0.62782,0.449513,-0.381094,0.9916,0.453014,0.460741,0.019352,0.4201,0.555943,0.556551,-0.415885,0.9928,0.405542,0.526,0.067913,0.8411,0.539306,0.58092,-0.461271,0.986,0.372355,0.538029,0.070512,0.8306,0.520727,0.57204,-0.457997,0.9866,0.37409,0.537442,0.044619,0.8499,0.525875,0.564359,-0.416253,0.9702,0.390535,0.534259,0.055864,0.8404,0.677257,0.467395,-0.075139,0.9995,0.618355,0.47281,0.075586,0.9987,0.807957,0.457594,0.11962,0.9699,0.755808,0.460036,0.344954,0.5453,0.925229,0.428986,0.313826,0.9696,0.858345,0.417703,0.622107,0.6296,0.941638,0.410766,0.328815,0.9135,0.871754,0.401186,0.649711,0.6379,0.958983,0.472695,0.263267,0.9553,0.873855,0.442772,0.656382,0.7701
bhujangasana_tf_0267,bhujangasana,,TF,train,unlabelled,,Apache-2.0,data/datasets/yoga_poses/train/cobra/guy1_cobra115.jpg,True,300,300,True,0.9986,0.3329,174.512,172.363,86.965,109.232,3.453,28.54,145.058,150.238,164.67,170.354,172.363,174.512,86.965,109.232,164.67,170.354,145.058,150.238,46.637,58.158,145.058,174.512,86.965,46.637,65.181,-65.181,5.997,1.202,0.832,6.909,-0.4198,-0.1599,0.2721,0.4898,0.273355,0.338533,-0.317558,0.9991,0.284237,0.318284,-0.332074,0.9992,0.288919,0.316971,-0.33133,0.9992,0.293583,0.316262,-0.331264,0.9992,0.279332,0.317945,-0.299414,0.9992,0.280305,0.317303,-0.300592,0.9993,0.281439,0.316766,-0.299111,0.9993,0.325313,0.316983,-0.343426,0.9992,0.306978,0.316896,-0.20983,0.9996,0.290061,0.354754,-0.321335,0.9995,0.284257,0.35481,-0.282183,0.9997,0.470058,0.37405,-0.354844,0.9993,0.357675,0.376409,-0.106022,0.9996,0.593453,0.449626,-0.342322,0.9877,0.419697,0.452282,0.053247,0.3329,0.520035,0.556366,-0.344153,0.9824,0.381236,0.515033,0.104757,0.6316,0.502797,0.579646,-0.386016,0.9724,0.349769,0.527323,0.100307,0.646,0.486019,0.571737,-0.387281,0.9739,0.349842,0.527067,0.075587,0.6803,0.489591,0.564335,-0.344539,0.9508,0.362252,0.524755,0.092876,0.6612,0.652377,0.471127,-0.080384,0.9994,0.59197,0.472004,0.08099,0.9986,0.801197,0.453095,0.127119,0.9755,0.744351,0.451764,0.324794,0.7456,0.913339,0.428447,0.318246,0.9773,0.851152,0.422741,0.5823,0.8001,0.936555,0.402596,0.334398,0.9158,0.868485,0.401852,0.607952,0.725,0.955207,0.476752,0.267196,0.9653,0.896176,0.447961,0.606106,0.8628
bhujangasana_tf_0268,bhujangasana,,TF,train,unlabelled,,Apache-2.0,data/datasets/yoga_poses/train/cobra/guy1_cobra123.jpg,True,300,300,True,0.9932,0.1742,172.219,173.12,72.446,81.668,2.314,18.716,155.933,164.317,153.126,161.518,172.219,173.12,72.446,81.668,153.126,161.518,155.933,164.317,42.694,57.428,155.933,172.219,72.446,42.694,72.861,-72.861,2.014,2.396,40.493,1.593,-0.2947,-0.0282,0.109,0.1939,0.172395,0.374287,-0.209946,0.9997,0.177514,0.354617,-0.232117,0.9996,0.181128,0.353382,-0.231717,0.9995,0.184976,0.351958,-0.231543,0.9995,0.174645,0.354081,-0.194705,0.9996,0.176112,0.352609,-0.19579,0.9996,0.17775,0.350905,-0.194438,0.9996,0.21472,0.347261,-0.265197,0.9994,0.204921,0.345355,-0.110858,0.9997,0.189612,0.385405,-0.220085,0.9997,0.186022,0.385802,-0.17466,0.9998,0.338131,0.380769,-0.28656,0.9991,0.28621,0.382942,-0.009207,0.9991,0.496504,0.432585,-0.262957,0.9819,0.376641,0.441235,0.140721,0.1742,0.419063,0.540472,-0.231359,0.9555,0.325329,0.499976,0.214774,0.3857,0.393936,0.559666,-0.25717,0.9251,0.294735,0.507583,0.214263,0.4189,0.382072,0.551123,-0.256736,0.9322,0.290386,0.508336,0.192929,0.4462,0.389368,0.545653,-0.228158,0.9061,0.302306,0.507609,0.205217,0.4284,0.580037,0.470883,-0.088865,0.9961,0.556496,0.450782,0.089732,0.9932,0.751593,0.459984,0.070983,0.9756,0.731422,0.445917,0.249328,0.7943,0.904915,0.429022,0.208516,0.9808,0.876078,0.424367,0.420731,0.8302,0.925939,0.410106,0.21899,0.9713,0.901381,0.406297,0.434856,0.8093,0.960694,0.488423,0.165724,0.9747,0.925291,0.466959,0.412824,0.9061
bhujangasana_tf_0269,bhujangasana,,TF,train,unlabelled,,Apache-2.0,data/datasets/yoga_poses/train/cobra/guy1_cobra124.jpg,True,300,300,True,0.9913,0.1347,173.967,173.04,68.066,75.86,3.726,16.422,157.887,165.939,150.867,157.032,173.04,173.967,68.066,75.86,150.867,157.032,157.887,165.939,42.479,53.729,157.887,173.967,68.066,42.479,74.268,-74.268,1.495,8.119,50.652,0.758,-0.2711,-0.0294,0.1093,0.1832,0.159764,0.378051,-0.205418,0.9998,0.166182,0.359708,-0.228548,0.9997,0.169673,0.359011,-0.228194,0.9997,0.173215,0.358119,-0.228066,0.9996,0.163569,0.358223,-0.191322,0.9997,0.165185,0.35667,-0.192341,0.9997,0.166995,0.354956,-0.190998,0.9997,0.201661,0.35441,-0.264509,0.9996,0.192659,0.350677,-0.109814,0.9998,0.176001,0.389124,-0.216364,0.9997,0.17328,0.389125,-0.170795,0.9998,0.328517,0.389256,-0.28655,0.999,0.280505,0.382406,-0.007461,0.9988,0.488451,0.4311,-0.256063,0.9805,0.382683,0.440745,0.134735,0.1347,0.410414,0.536194,-0.209052,0.9393,0.328932,0.49667,0.205496,0.2731,0.385307,0.555002,-0.229376,0.8981,0.296091,0.503483,0.204247,0.3082,0.372255,0.546744,-0.228699,0.9086,0.293614,0.505981,0.184204,0.3311,0.379989,0.54113,-0.204375,0.8851,0.306923,0.505527,0.196237,0.3161,0.56878,0.469125,-0.088809,0.9953,0.549904,0.446103,0.089911,0.9913,0.751844,0.457208,0.058125,0.9727,0.733059,0.44368,0.240923,0.7631,0.907948,0.430363,0.189693,0.974,0.879773,0.423796,0.39999,0.7945,0.930062,0.411353,0.200223,0.9669,0.90752,0.404681,0.41234,0.7762,0.958874,0.484656,0.154266,0.9645,0.92178,0.469417,0.391886,0.8779
bhujangasana_tf_0270,bhujangasana,,TF,train,unlabelled,,Apache-2.0,data/datasets/yoga_poses/train/cobra/guy1_cobra126.jpg,True,300,300,True,0.9935,0.0926,175.431,174.242,64.548,60.162,4.005,3.445,161.244,167.431,147.521,158.104,174.242,175.431,60.162,64.548,147.521,158.104,161.244,167.431,42.927,55.714,161.244,175.431,64.548,42.927,76.537,-76.537,1.856,38.227,66.259,0.179,-0.2328,-0.0255,0.1052,0.1388,0.144891,0.384777,-0.20283,0.9997,0.151059,0.365892,-0.225423,0.9996,0.154322,0.365571,-0.225006,0.9996,0.157947,0.365342,-0.22497,0.9996,0.148915,0.363658,-0.189509,0.9997,0.150788,0.361946,-0.190571,0.9997,0.152789,0.360181,-0.189294,0.9997,0.184763,0.364377,-0.261719,0.9996,0.179108,0.357885,-0.112568,0.9998,0.162537,0.39682,-0.213977,0.9997,0.160034,0.396487,-0.170528,0.9998,0.306713,0.402615,-0.286319,0.9991,0.278278,0.380217,-0.005142,0.9989,0.465387,0.432277,-0.242034,0.9729,0.393712,0.412957,0.148556,0.0926,0.390825,0.534751,-0.18038,0.9033,0.320269,0.484696,0.23837,0.1963,0.361594,0.554623,-0.201573,0.8491,0.290037,0.492536,0.240722,0.2458,0.346486,0.543765,-0.201728,0.8628,0.282581,0.494629,0.222243,0.2634,0.354948,0.537013,-0.176742,0.8301,0.296167,0.493739,0.230268,0.2485,0.55254,0.46662,-0.092337,0.9965,0.539807,0.437669,0.093409,0.9935,0.744582,0.452644,0.065943,0.9701,0.724661,0.437091,0.25339,0.7085,0.896229,0.429356,0.201986,0.9735,0.869789,0.421998,0.424988,0.7861,0.919519,0.410424,0.213501,0.9697,0.892088,0.400001,0.438409,0.7815,0.946889,0.48626,0.171096,0.9681,0.905114,0.470956,0.418919,0.881
bhujangasana_tf_0271,bhujangasana,,TF,train,unlabelled,,Apache-2.0,data/datasets/yoga_poses/train/cobra/guy1_cobra127.jpg,True,300,300,True,0.9926,0.0801,175.467,174.053,61.435,63.666,5.518,4.263,161.786,168.037,147.249,152.365,174.053,175.467,61.435,63.666,147.249,152.365,161.786,168.037,43.141,50.612,161.786,175.467,61.435,43.141,77.092,-77.092,0.78,37.841,63.142,0.211,-0.2234,0.0025,0.1228,0.1303,0.138335,0.394909,-0.192231,0.9995,0.143845,0.374382,-0.214418,0.9995,0.147399,0.37347,-0.21398,0.9994,0.150933,0.372468,-0.214026,0.9994,0.141318,0.373564,-0.178002,0.9995,0.143072,0.372067,-0.179003,0.9996,0.14514,0.369758,-0.17776,0.9995,0.179644,0.369387,-0.250877,0.9994,0.172864,0.364322,-0.098779,0.9997,0.157494,0.404554,-0.203609,0.9995,0.154044,0.404539,-0.159305,0.9996,0.301992,0.404525,-0.27845,0.9987,0.275559,0.383992,0.008298,0.9987,0.460983,0.428541,-0.23028,0.9688,0.391585,0.417297,0.143465,0.0801,0.383343,0.530996,-0.152497,0.8898,0.328965,0.485996,0.207841,0.1521,0.351716,0.549901,-0.172284,0.8319,0.301479,0.494909,0.208822,0.194,0.33742,0.539435,-0.16851,0.8432,0.293283,0.496404,0.18949,0.207,0.343696,0.532834,-0.146733,0.8068,0.307088,0.496369,0.198177,0.1979,0.546499,0.465977,-0.091578,0.9957,0.531999,0.437344,0.092662,0.9926,0.741275,0.451992,0.055437,0.9755,0.719734,0.436653,0.241991,0.7512,0.895053,0.428627,0.189664,0.9764,0.864426,0.421043,0.409413,0.8099,0.918339,0.41237,0.200228,0.9705,0.888353,0.400049,0.42253,0.7918,0.945383,0.486567,0.154035,0.9713,0.901105,0.471414,0.400965,0.8895
bhujangasana_tf_0272,bhujangasana,,TF,train,unlabelled,,Apache-2.0,data/datasets/yoga_poses/train/cobra/guy1_cobra130.jpg,True,300,300,True,0.9897,0.0627,176.873,175.209,60.17,62.151,8.946,0.809,163.4,169.431,142.448,142.765,175.209,176.873,60.17,62.151,142.448,142.765,163.4,169.431,39.539,42.294,163.4,176.873,60.17,39.539,78.312,-78.312,0.756,58.601,79.992,0.098,-0.2026,0.0103,0.0881,0.0535,0.123591,0.400672,-0.123156,0.9982,0.125129,0.384161,-0.145235,0.998,0.127576,0.383103,-0.144833,0.9979,0.12997,0.381889,-0.144902,0.9976,0.124031,0.383874,-0.109422,0.9984,0.12575,0.382635,-0.110373,0.9985,0.127522,0.381166,-0.109255,0.9985,0.156161,0.377275,-0.188306,0.9975,0.152458,0.374264,-0.0373,0.9989,0.139677,0.407492,-0.137479,0.9981,0.139256,0.408299,-0.093409,0.9986,0.273131,0.403903,-0.235587,0.9967,0.265958,0.39215,0.065425,0.9971,0.430772,0.414823,-0.194373,0.9622,0.402225,0.415351,0.15339,0.0627,0.361313,0.518608,-0.108182,0.8302,0.342611,0.49301,0.160314,0.0827,0.331151,0.535803,-0.125289,0.7496,0.316306,0.50126,0.16148,0.1051,0.317554,0.528371,-0.116024,0.7552,0.308685,0.503386,0.140767,0.1089,0.323659,0.523565,-0.099882,0.7139,0.315159,0.501628,0.148487,0.1038,0.523507,0.461288,-0.094775,0.9926,0.519578,0.439024,0.096024,0.9897,0.722724,0.448437,-0.004112,0.9717,0.713485,0.438691,0.190159,0.5758,0.895196,0.427816,0.097848,0.9699,0.872698,0.425071,0.314048,0.7281,0.91502,0.407086,0.106276,0.9728,0.897133,0.40422,0.321654,0.7427,0.961747,0.487546,0.061802,0.9657,0.932149,0.47898,0.283918,0.8292
bhujangasana_tf_0273,bhujangasana,,TF,train,unlabelled,,Apache-2.0,data/datasets/yoga_poses/train/cobra/guy1_cobra139.jpg,True,300,300,True,0.989,0.0443,178.443,174.591,52.479,57.922,14.985,7.767,167.36,172.77,137.869,138.987,174.591,178.443,52.479,57.922,137.869,138.987,167.36,172.77,38.532,40.627,167.36,178.443,52.479,38.532,81.14,-81.14,10.59,59.966,88.079,1.131,-0.154,0.1393,0.0925,0.0776,0.117384,0.432528,-0.050101,0.9955,0.110704,0.415701,-0.072126,0.9952,0.112177,0.41452,-0.071825,0.9948,0.113518,0.413294,-0.071879,0.9941,0.110869,0.414577,-0.037614,0.9963,0.112507,0.41266,-0.038557,0.9966,0.113948,0.410598,-0.037542,0.9966,0.134271,0.403257,-0.119058,0.9938,0.134897,0.398477,0.025617,0.997,0.136664,0.435906,-0.066086,0.9952,0.136919,0.434796,-0.023779,0.9956,0.239423,0.405981,-0.180306,0.996,0.249168,0.389125,0.123848,0.9943,0.386063,0.39148,-0.190041,0.9735,0.374838,0.390426,0.204761,0.0443,0.320982,0.496145,-0.136558,0.881,0.321982,0.47285,0.208792,0.055,0.290745,0.51251,-0.151196,0.8068,0.290242,0.483476,0.215391,0.0693,0.278224,0.507033,-0.133008,0.8014,0.285284,0.485858,0.194593,0.0694,0.285842,0.500857,-0.125096,0.7595,0.293207,0.483752,0.197428,0.0689,0.492697,0.447625,-0.09926,0.994,0.491932,0.424802,0.100579,0.989,0.699421,0.435693,-0.057024,0.9496,0.686985,0.428653,0.145915,0.3264,0.876373,0.420648,0.005913,0.9486,0.853581,0.416192,0.224324,0.4933,0.894049,0.401382,0.012032,0.9624,0.879882,0.398066,0.227031,0.5711,0.944363,0.479033,-0.024332,0.9479,0.918473,0.475312,0.183346,0.646
bhujangasana_tf_0274,bhujangasana,,TF,train,unlabelled,,Apache-2.0,data/datasets/yoga_poses/train/cobra/guy2_cobra027.jpg,True,300,300,True,0.9737,0.0265,177.652,175.943,57.128,60.429,13.621,0.778,161.921,162.511,142.271,150.611,175.943,177.652,57.128,60.429,142.271,150.611,161.921,162.511,38.067,49.989,162.511,175.943,60.429,49.989,77.528,77.528,10.369,66.7,71.261,3.875,-0.216,0.1292,0.1444,0.3046,0.818295,0.521061,-0.227851,0.9988,0.823551,0.501074,-0.214808,0.9987,0.822946,0.499202,-0.213828,0.9987,0.821856,0.497163,-0.213441,0.9986,0.82007,0.501356,-0.242145,0.9986,0.817401,0.499797,-0.242675,0.9985,0.814407,0.498204,-0.241708,0.9983,0.793745,0.48184,-0.12468,0.9989,0.787302,0.488113,-0.262161,0.9982,0.802729,0.527699,-0.192328,0.998,0.799314,0.526985,-0.231038,0.9973,0.683237,0.455251,-0.010623,0.9972,0.653774,0.523667,-0.28409,0.9945,0.54805,0.456626,0.142799,0.0265,0.481195,0.558464,-0.255596,0.9772,0.609832,0.550128,0.251054,0.0674,0.57399,0.665321,-0.206743,0.9569,0.637727,0.565881,0.256304,0.1191,0.604632,0.689786,-0.232554,0.9422,0.650997,0.574746,0.234315,0.125,0.620183,0.679968,-0.224067,0.94,0.643109,0.568304,0.243918,0.1293,0.614038,0.669641,-0.205773,0.9002,0.438175,0.51728,0.094578,0.9737,0.421212,0.567281,-0.093004,0.9882,0.238306,0.503743,0.173624,0.3536,0.21932,0.542968,-0.001429,0.9379,0.060392,0.484343,0.305901,0.6021,0.033359,0.507076,0.117684,0.9805,0.040116,0.467468,0.313827,0.6235,0.022346,0.484067,0.128893,0.9379,0.024007,0.498192,0.284832,0.7092,-0.001292,0.533147,0.086428,0.9539
bhujangasana_tf_0275,bhujangasana,,TF,train,unlabelled,,Apache-2.0,data/datasets/yoga_poses/train/cobra/guy2_cobra030.jpg,True,300,300,True,0.9838,0.0335,175.634,171.171,55.292,61.441,12.464,3.447,161.22,163.985,141.071,154.622,171.171,175.634,55.292,61.441,141.071,154.622,161.22,163.985,36.634,54.861,163.985,171.171,61.441,54.861,77.826,77.826,8.098,67.452,68.964,4.343,-0.2109,0.0836,0.1476,0.352,0.80838,0.524626,-0.267478,0.9993,0.813886,0.505795,-0.252809,0.9991,0.813416,0.504224,-0.251814,0.999,0.812572,0.502711,-0.251354,0.9988,0.809451,0.507065,-0.276293,0.9993,0.806484,0.506336,-0.276841,0.9992,0.802903,0.505666,-0.275909,0.9991,0.784227,0.492363,-0.154173,0.999,0.775251,0.499596,-0.274415,0.9991,0.793282,0.534114,-0.229587,0.9985,0.789173,0.534203,-0.263598,0.9983,0.673212,0.465993,-0.032754,0.9974,0.641056,0.543442,-0.293334,0.9969,0.54183,0.470517,0.126283,0.0335,0.479046,0.581466,-0.263737,0.9785,0.603106,0.552784,0.242003,0.0577,0.573075,0.686752,-0.211581,0.9526,0.627128,0.566944,0.24624,0.0988,0.605244,0.711945,-0.231928,0.9342,0.64549,0.57101,0.227725,0.1012,0.617497,0.698696,-0.225105,0.9305,0.633352,0.572251,0.235797,0.1072,0.610603,0.69054,-0.210379,0.885,0.434842,0.527359,0.087821,0.9838,0.413608,0.582572,-0.086284,0.9922,0.233638,0.512079,0.177664,0.3807,0.2173,0.56106,0.007664,0.9315,0.057284,0.485065,0.325828,0.6426,0.034392,0.511769,0.127257,0.9768,0.029676,0.465021,0.335896,0.6365,0.01805,0.490562,0.139326,0.9226,0.027092,0.51153,0.308408,0.73,-0.002245,0.538332,0.095926,0.9507
bhujangasana_tf_0276,bhujangasana,,TF,train,unlabelled,,Apache-2.0,data/datasets/yoga_poses/train/cobra/guy2_cobra034.jpg,True,300,300,True,0.9894,0.037,176.0,174.665,55.36,60.141,11.096,6.448,155.001,160.843,144.257,159.912,174.665,176.0,55.36,60.141,144.257,159.912,155.001,160.843,36.17,60.599,160.843,174.665,60.141,60.599,76.17,76.17,5.384,75.565,71.742,6.912,-0.239,0.0353,0.1947,0.4667,0.799691,0.537247,-0.26988,0.9994,0.802752,0.517454,-0.256832,0.9991,0.801674,0.515125,-0.255708,0.999,0.800226,0.512802,-0.255366,0.9987,0.799839,0.521077,-0.280683,0.9994,0.797125,0.52129,-0.281115,0.9993,0.794121,0.521521,-0.280358,0.9992,0.772154,0.503668,-0.169082,0.9988,0.768727,0.517632,-0.290674,0.9993,0.784371,0.545983,-0.235594,0.9987,0.781803,0.548487,-0.27045,0.9987,0.657338,0.47895,-0.049955,0.9976,0.63138,0.579794,-0.30721,0.9982,0.538552,0.493515,0.111054,0.037,0.482798,0.621729,-0.269086,0.9827,0.598396,0.560846,0.245858,0.0502,0.580925,0.717757,-0.219469,0.9492,0.618879,0.569894,0.254577,0.0874,0.611168,0.742175,-0.235864,0.9331,0.62686,0.581064,0.238001,0.0874,0.62161,0.728712,-0.22634,0.9268,0.625221,0.580011,0.240744,0.0898,0.615885,0.715258,-0.217036,0.8775,0.438348,0.550471,0.088981,0.9894,0.417081,0.614936,-0.087396,0.995,0.231427,0.525389,0.17594,0.4403,0.216635,0.580156,-0.013942,0.9237,0.049489,0.490314,0.340556,0.6819,0.031922,0.530046,0.089706,0.9779,0.02643,0.474131,0.351917,0.6651,0.014321,0.502832,0.09996,0.9242,0.020555,0.522553,0.317376,0.7455,-0.008138,0.546302,0.046489,0.9541
bhujangasana_tf_0277,bhujangasana,,TF,train,unlabelled,,Apache-2.0,data/datasets/yoga_poses/train/cobra/guy2_cobra036.jpg,True,300,300,True,0.989,0.0431,175.143,174.615,66.856,58.747,9.163,12.011,155.784,166.752,149.361,160.742,174.615,175.143,58.747,66.856,149.361,160.742,155.784,166.752,42.234,66.509,166.752,174.615,58.747,66.509,79.151,79.151,1.383,79.182,72.15,7.089,-0.1882,0.0118,0.2228,0.5074,0.80067,0.545189,-0.251453,0.9992,0.80088,0.526431,-0.242489,0.9988,0.799343,0.523448,-0.241473,0.9986,0.797836,0.520527,-0.241203,0.9983,0.799448,0.532073,-0.26723,0.9992,0.797379,0.532787,-0.267692,0.9991,0.795207,0.533405,-0.266947,0.9991,0.771936,0.512924,-0.165854,0.9985,0.771751,0.530158,-0.290164,0.9992,0.782278,0.551115,-0.22078,0.9986,0.7819,0.555619,-0.256536,0.9987,0.657625,0.484231,-0.048052,0.9971,0.635379,0.600648,-0.307269,0.9989,0.551082,0.499136,0.122012,0.0431,0.487087,0.643855,-0.269042,0.9864,0.600393,0.580854,0.254313,0.0598,0.58798,0.736314,-0.219571,0.9624,0.626883,0.590114,0.262029,0.0993,0.618121,0.760704,-0.235034,0.9501,0.64276,0.591508,0.246451,0.0999,0.629665,0.747141,-0.228064,0.9455,0.627496,0.593036,0.249722,0.1021,0.622294,0.73709,-0.217405,0.9051,0.427115,0.555264,0.088799,0.989,0.407059,0.617547,-0.087156,0.9964,0.230157,0.530771,0.199989,0.4763,0.211584,0.586536,-0.023326,0.9405,0.05231,0.493144,0.37704,0.7035,0.028876,0.539626,0.077476,0.9769,0.028391,0.476058,0.389617,0.6556,0.013168,0.515285,0.08729,0.92,0.025505,0.528595,0.361523,0.749,-0.009512,0.556843,0.033001,0.9505
bhujangasana_tf_0278,bhujangasana,,TF,train,unlabelled,,Apache-2.0,data/datasets/yoga_poses/train/cobra/guy2_cobra038.jpg,True,300,300,True,0.9918,0.0476,176.409,175.512,61.778,61.85,9.805,15.449,153.217,167.344,146.779,166.092,175.512,176.409,61.778,61.85,146.779,166.092,153.217,167.344,37.905,71.674,167.344,175.512,61.85,71.674,78.058,78.058,3.867,78.285,73.094,7.909,-0.2069,0.011,0.2645,0.5485,0.793696,0.547338,-0.262596,0.9994,0.794055,0.529368,-0.257371,0.9988,0.79247,0.526698,-0.25633,0.9985,0.790855,0.524068,-0.256069,0.998,0.792032,0.535246,-0.280618,0.9992,0.789661,0.536521,-0.280996,0.9992,0.786322,0.537813,-0.280315,0.9992,0.764241,0.518372,-0.192494,0.998,0.762418,0.536743,-0.309597,0.9992,0.775321,0.555801,-0.23478,0.9987,0.77358,0.560601,-0.268844,0.9989,0.653504,0.485313,-0.07587,0.9969,0.628796,0.604471,-0.321921,0.9991,0.547829,0.50218,0.101648,0.0476,0.49533,0.6527,-0.28689,0.99,0.598705,0.568986,0.244946,0.067,0.59471,0.742127,-0.251621,0.9712,0.620152,0.567653,0.253999,0.1153,0.626262,0.76434,-0.26303,0.9638,0.633004,0.578372,0.239792,0.1143,0.637502,0.754465,-0.256164,0.9599,0.63016,0.57804,0.241165,0.1142,0.630049,0.74507,-0.248698,0.9285,0.433274,0.560602,0.084468,0.9918,0.414918,0.620997,-0.082819,0.9973,0.234312,0.532962,0.190154,0.5548,0.218938,0.592623,-0.010582,0.9307,0.055393,0.496562,0.372097,0.7292,0.032164,0.550441,0.087402,0.9745,0.032524,0.486736,0.386512,0.6963,0.018771,0.528719,0.097226,0.9176,0.024668,0.531165,0.359958,0.7533,-0.001487,0.576119,0.04356,0.9431
bhujangasana_tf_0279,bhujangasana,,TF,train,unlabelled,,Apache-2.0,data/datasets/yoga_poses/train/cobra/guy2_cobra040.jpg,True,300,300,True,0.9927,0.0762,178.085,177.672,59.069,57.034,6.801,13.666,152.848,166.999,153.172,163.041,177.672,178.085,57.034,59.069,153.172,163.041,152.848,166.999,44.771,69.685,166.999,177.672,57.034,69.685,78.969,78.969,1.897,83.553,76.125,8.751,-0.1913,-0.0177,0.2861,0.5716,0.782509,0.549247,-0.208368,0.9993,0.78606,0.533198,-0.21103,0.9986,0.784435,0.53005,-0.210084,0.9983,0.782764,0.526782,-0.209928,0.9977,0.785094,0.540829,-0.231235,0.9991,0.782424,0.543109,-0.231669,0.999,0.780245,0.545187,-0.231136,0.999,0.758034,0.520575,-0.175466,0.9979,0.759527,0.548716,-0.278907,0.9992,0.764464,0.555826,-0.18992,0.9987,0.765106,0.562916,-0.219945,0.9989,0.650325,0.489176,-0.061248,0.9969,0.635844,0.617321,-0.306183,0.9993,0.550631,0.509639,0.102072,0.0762,0.497059,0.65981,-0.301398,0.9913,0.608223,0.572422,0.247535,0.0879,0.597241,0.74391,-0.297666,0.9698,0.627799,0.572702,0.261664,0.1317,0.625997,0.767943,-0.305895,0.9614,0.647316,0.579205,0.250517,0.1281,0.637601,0.757412,-0.295172,0.958,0.633462,0.589158,0.245723,0.1224,0.629907,0.746919,-0.29332,0.9286,0.430008,0.562469,0.089732,0.9927,0.413234,0.630376,-0.088007,0.9978,0.233776,0.532263,0.177063,0.683,0.216495,0.59694,-0.048445,0.9497,0.058931,0.499334,0.345659,0.8111,0.031302,0.557665,0.01502,0.9823,0.034497,0.488843,0.357518,0.7617,0.018287,0.53863,0.02184,0.9493,0.028488,0.534704,0.323211,0.7925,-0.011814,0.576855,-0.034719,0.9603
bhujangasana_tf_0280,bhujangasana,,TF,train,unlabelled,,Apache-2.0,data/datasets/yoga_poses/train/cobra/guy2_cobra042.jpg,True,300,300,True,0.993,0.0685,177.596,178.071,58.548,60.423,7.198,15.649,152.948,164.44,155.95,166.662,177.596,178.071,58.548,60.423,155.95,166.662,152.948,164.44,47.501,72.029,164.44,178.071,60.423,72.029,78.314,78.314,2.978,83.782,77.796,8.603,-0.2026,-0.0141,0.2697,0.5674,0.782865,0.551328,-0.202182,0.9992,0.786633,0.535154,-0.204233,0.9985,0.785174,0.531592,-0.20327,0.9981,0.783638,0.527813,-0.203075,0.9975,0.785361,0.544508,-0.225442,0.999,0.783839,0.547238,-0.225845,0.999,0.782101,0.54996,-0.225363,0.9989,0.757162,0.521094,-0.1673,0.9977,0.760784,0.552722,-0.276124,0.9991,0.765718,0.557099,-0.183021,0.9986,0.766556,0.565187,-0.214403,0.9989,0.651261,0.492206,-0.050753,0.9974,0.637698,0.616686,-0.305963,0.9994,0.557739,0.51081,0.116155,0.0685,0.508867,0.664295,-0.308569,0.9931,0.615182,0.573053,0.263475,0.0902,0.606824,0.746903,-0.310515,0.9805,0.637677,0.576188,0.277559,0.1317,0.634058,0.769868,-0.318754,0.9731,0.652264,0.589615,0.266032,0.1283,0.646004,0.760551,-0.30816,0.9713,0.649446,0.587108,0.261006,0.124,0.638103,0.750184,-0.305747,0.9496,0.435982,0.564025,0.092231,0.993,0.420791,0.634262,-0.090517,0.9977,0.243662,0.534928,0.157922,0.6386,0.230124,0.59745,-0.073605,0.933,0.067716,0.500704,0.309595,0.77,0.04261,0.554653,-0.029759,0.9796,0.042543,0.480139,0.318796,0.7316,0.025093,0.537181,-0.024922,0.949,0.026273,0.536264,0.278831,0.7591,0.002697,0.559737,-0.086793,0.9623
bhujangasana_tf_0281,bhujangasana,,TF,train,unlabelled,,Apache-2.0,data/datasets/yoga_poses/train/cobra/guy2_cobra043.jpg,True,300,300,True,0.9944,0.0547,179.249,175.539,50.182,59.822,8.455,17.942,152.497,166.99,150.371,168.599,175.539,179.249,50.182,59.822,150.371,168.599,152.497,166.99,42.393,75.466,166.99,175.539,59.822,75.466,79.187,79.187,2.446,80.096,75.15,9.525,-0.1876,-0.0016,0.2462,0.5745,0.781611,0.555836,-0.269832,0.9995,0.785158,0.539463,-0.264621,0.9988,0.784113,0.536502,-0.263621,0.9984,0.782777,0.533452,-0.263343,0.9978,0.783209,0.546371,-0.286645,0.9994,0.780716,0.548254,-0.286952,0.9993,0.778372,0.549997,-0.286468,0.9993,0.758926,0.527407,-0.198252,0.9978,0.756351,0.551503,-0.310618,0.9994,0.764573,0.561813,-0.240939,0.9988,0.761911,0.567967,-0.273591,0.9991,0.654647,0.494775,-0.070716,0.9973,0.633204,0.617584,-0.326714,0.9994,0.561008,0.510483,0.115202,0.0547,0.507562,0.666002,-0.336338,0.9928,0.617915,0.55936,0.277455,0.091,0.6073,0.74604,-0.349507,0.9819,0.633881,0.566401,0.292133,0.1399,0.636122,0.768956,-0.356175,0.9759,0.654635,0.573422,0.279701,0.1371,0.647124,0.759936,-0.348376,0.9742,0.640864,0.577961,0.27454,0.1321,0.639315,0.750435,-0.345508,0.954,0.439312,0.564651,0.089349,0.9944,0.422215,0.629133,-0.087617,0.9979,0.247943,0.53254,0.16296,0.6448,0.230975,0.595835,-0.0559,0.9356,0.070662,0.500397,0.328419,0.7569,0.04941,0.549427,0.010897,0.9784,0.047438,0.482048,0.338998,0.7053,0.031675,0.53386,0.018854,0.9386,0.032723,0.537791,0.295514,0.7603,0.010509,0.559298,-0.043941,0.9635
bhujangasana_tf_0282,bhujangasana,,TF,train,unlabelled,,Apache-2.0,data/datasets/yoga_poses/train/cobra/guy2_cobra047.jpg,True,300,300,True,0.9939,0.0774,179.87,177.933,55.793,55.975,7.637,17.128,152.795,167.966,151.965,166.191,177.933,179.87,55.793,55.975,151.965,166.191,152.795,167.966,45.293,75.389,167.966,177.933,55.975,75.389,80.959,80.959,0.042,81.397,79.653,10.532,-0.1571,-0.0024,0.2999,0.6289,0.778199,0.556148,-0.187317,0.9988,0.78317,0.540453,-0.19423,0.9977,0.782166,0.536668,-0.193407,0.9972,0.780949,0.532892,-0.193097,0.9964,0.78087,0.549642,-0.212217,0.9985,0.778887,0.55201,-0.21257,0.9984,0.776539,0.554392,-0.212161,0.9982,0.757929,0.524894,-0.172928,0.9968,0.753943,0.555384,-0.264363,0.9985,0.761041,0.558973,-0.17278,0.9981,0.759205,0.56669,-0.19932,0.9982,0.661718,0.489875,-0.060751,0.997,0.64151,0.623445,-0.284843,0.9989,0.566816,0.504967,0.11285,0.1024,0.521864,0.662157,-0.283082,0.9891,0.622279,0.563941,0.284058,0.0774,0.614228,0.734439,-0.27443,0.9563,0.632271,0.564155,0.305292,0.1076,0.641243,0.758332,-0.267875,0.9445,0.644316,0.574067,0.294934,0.1058,0.652081,0.746944,-0.256817,0.9411,0.643148,0.574018,0.283246,0.1019,0.645323,0.73753,-0.267133,0.911,0.446056,0.554464,0.082203,0.9939,0.432929,0.626362,-0.080447,0.9968,0.267592,0.521283,0.12948,0.6302,0.244943,0.589028,-0.049752,0.9018,0.09601,0.489784,0.24984,0.7263,0.065794,0.54668,-0.008026,0.959,0.073218,0.478275,0.256856,0.6808,0.047077,0.528036,-0.00203,0.9268,0.062244,0.520906,0.221487,0.6922,0.029929,0.557787,-0.049128,0.9315
bhujangasana_tf_0283,bhujangasana,,TF,train,unlabelled,,Apache-2.0,data/datasets/yoga_poses/train/cobra/guy2_cobra048.jpg,True,300,300,True,0.993,0.079,179.386,178.624,51.4,56.321,5.534,16.02,154.366,168.267,153.03,162.925,178.624,179.386,51.4,56.321,153.03,162.925,154.366,168.267,47.538,72.493,168.267,178.624,56.321,72.493,81.937,81.937,2.285,85.733,80.623,10.142,-0.1403,-0.0206,0.3029,0.6008,0.776334,0.55334,-0.169201,0.9988,0.780919,0.537966,-0.174842,0.9978,0.779711,0.53441,-0.174075,0.9974,0.778324,0.530908,-0.173731,0.9966,0.780001,0.546971,-0.192861,0.9985,0.778442,0.549473,-0.193223,0.9983,0.776566,0.551948,-0.192759,0.9982,0.756991,0.525448,-0.14757,0.9969,0.754935,0.553224,-0.238706,0.9983,0.758185,0.556673,-0.152581,0.9978,0.757664,0.564522,-0.17886,0.9979,0.660049,0.494181,-0.025773,0.9969,0.650568,0.621247,-0.262013,0.9987,0.568876,0.51019,0.151346,0.0928,0.526957,0.65775,-0.251315,0.9887,0.626164,0.56077,0.323415,0.079,0.616407,0.732459,-0.234631,0.9561,0.633731,0.559965,0.34407,0.1031,0.644675,0.755785,-0.224317,0.9403,0.646186,0.569539,0.333265,0.1024,0.655496,0.746526,-0.216375,0.9373,0.645317,0.569569,0.322129,0.097,0.648219,0.736724,-0.227065,0.9055,0.451162,0.552082,0.082777,0.993,0.439477,0.622839,-0.08099,0.9953,0.271445,0.519935,0.102313,0.6638,0.251445,0.585262,-0.059465,0.9001,0.099235,0.487223,0.20665,0.6968,0.070108,0.544472,-0.022916,0.9467,0.0758,0.476052,0.211422,0.6771,0.052325,0.523173,-0.017324,0.9205,0.0574,0.519174,0.17165,0.6273,0.031578,0.554283,-0.066909,0.9083
bhujangasana_tf_0284,bhujangasana,,TF,train,unlabelled,,Apache-2.0,data/datasets/yoga_poses/train/cobra/guy2_cobra050.jpg,True,300,300,True,0.9904,0.0933,179.551,179.145,57.172,56.915,2.239,19.08,153.304,168.358,150.338,163.292,179.145,179.551,56.915,57.172,150.338,163.292,153.304,168.358,44.464,73.785,168.358,179.145,56.915,73.785,82.152,82.152,0.012,86.046,82.301,10.822,-0.1365,0.0014,0.3032,0.6058,0.775767,0.549435,-0.119434,0.9989,0.78082,0.535283,-0.130772,0.9981,0.779635,0.531411,-0.130077,0.9978,0.77827,0.527442,-0.129828,0.9972,0.780347,0.544764,-0.148124,0.9986,0.779056,0.547331,-0.148534,0.9984,0.777543,0.549885,-0.148202,0.9983,0.757949,0.519308,-0.131384,0.9975,0.75807,0.551199,-0.218076,0.9984,0.757566,0.55112,-0.112452,0.9981,0.757239,0.55961,-0.137154,0.998,0.661985,0.484165,-0.017558,0.9969,0.653003,0.614093,-0.248953,0.9985,0.563479,0.508059,0.147879,0.0942,0.534102,0.654078,-0.252582,0.9884,0.618567,0.560403,0.303567,0.0933,0.6205,0.722378,-0.258271,0.9689,0.637407,0.555984,0.321473,0.1101,0.647133,0.744061,-0.253471,0.9571,0.648759,0.565409,0.310302,0.1099,0.658189,0.735185,-0.243683,0.9551,0.63564,0.577188,0.301272,0.1027,0.651009,0.725401,-0.251301,0.9284,0.449092,0.544705,0.078609,0.9904,0.439958,0.612261,-0.076868,0.992,0.275471,0.511516,0.081869,0.6125,0.259197,0.573396,-0.048109,0.7947,0.10541,0.477624,0.170299,0.6601,0.080015,0.537659,-0.014193,0.8878,0.084095,0.468829,0.172408,0.656,0.059294,0.522569,-0.010529,0.8627,0.074229,0.513841,0.125639,0.6435,0.048328,0.544427,-0.067823,0.8519
bhujangasana_tf_0285,bhujangasana,,TF,train,unlabelled,,Apache-2.0,data/datasets/yoga_poses/train/cobra/guy2_cobra053.jpg,True,300,300,True,0.9896,0.0997,179.488,177.805,57.421,56.301,5.467,19.638,150.375,167.502,145.349,162.713,177.805,179.488,56.301,57.421,145.349,162.713,150.375,167.502,38.149,73.098,167.502,177.805,56.301,73.098,81.332,81.332,3.445,86.268,84.943,12.425,-0.1507,0.021,0.3419,0.6405,0.774628,0.542493,-0.036156,0.9992,0.781666,0.528858,-0.055835,0.9987,0.780912,0.52408,-0.055101,0.9985,0.779951,0.519496,-0.054957,0.9981,0.780326,0.540075,-0.069317,0.999,0.779047,0.543506,-0.069704,0.9989,0.777766,0.54684,-0.069428,0.9988,0.761454,0.510405,-0.090481,0.9983,0.761177,0.548016,-0.159727,0.999,0.757531,0.541701,-0.040786,0.9985,0.757956,0.551288,-0.06043,0.9985,0.669252,0.47018,0.01028,0.997,0.660401,0.605881,-0.201373,0.9991,0.576148,0.489516,0.166315,0.1021,0.543076,0.646857,-0.186658,0.9917,0.622834,0.537337,0.308233,0.0997,0.627754,0.71078,-0.169074,0.975,0.638876,0.545022,0.325084,0.1107,0.6519,0.731555,-0.159998,0.9616,0.651293,0.55139,0.31608,0.1102,0.664021,0.722785,-0.150785,0.9597,0.639912,0.554479,0.307259,0.1014,0.657996,0.714494,-0.161093,0.9359,0.457989,0.535576,0.074708,0.9896,0.451892,0.604477,-0.073011,0.9923,0.291037,0.498793,0.076677,0.7304,0.273743,0.563729,-0.0619,0.8569,0.125011,0.463767,0.150249,0.7593,0.095513,0.530088,-0.059147,0.9236,0.101605,0.457277,0.150207,0.7718,0.074805,0.511567,-0.058729,0.912,0.088065,0.498033,0.106191,0.6969,0.064346,0.529217,-0.117271,0.8787
bhujangasana_tf_0286,bhujangasana,,TF,train,unlabelled,,Apache-2.0,data/datasets/yoga_poses/train/cobra/guy2_cobra055.jpg,True,300,300,True,0.9928,0.1323,177.096,177.616,39.832,53.271,6.186,18.911,149.597,167.746,138.297,161.209,177.096,177.616,39.832,53.271,138.297,161.209,149.597,167.746,31.175,72.782,167.746,177.616,53.271,72.782,82.005,82.005,0.834,87.665,85.686,13.281,-0.1391,-0.0263,0.3117,0.6676,0.77729,0.528748,0.02338,0.9993,0.783718,0.516318,-0.003627,0.9988,0.782549,0.511784,-0.002845,0.9986,0.781123,0.506962,-0.002852,0.9983,0.783251,0.52916,-0.012271,0.9991,0.782138,0.533412,-0.012635,0.9991,0.780948,0.537567,-0.012396,0.999,0.761038,0.501899,-0.070108,0.9985,0.764499,0.543207,-0.117583,0.9992,0.758616,0.528747,0.007579,0.9985,0.760288,0.539443,-0.006028,0.9986,0.672245,0.463917,0.008825,0.9966,0.666506,0.604656,-0.164833,0.9992,0.575117,0.482683,0.152829,0.1656,0.549152,0.641293,-0.141367,0.9935,0.629015,0.512432,0.294535,0.1323,0.633291,0.702273,-0.107221,0.9697,0.647398,0.521223,0.311738,0.1357,0.656257,0.722611,-0.095666,0.9497,0.659998,0.534518,0.304734,0.1338,0.66712,0.713809,-0.082496,0.9465,0.653946,0.537026,0.294833,0.1191,0.66109,0.704135,-0.097869,0.9199,0.463086,0.528348,0.065943,0.9928,0.457762,0.598924,-0.064336,0.9949,0.29447,0.488547,0.073637,0.7914,0.280682,0.55534,-0.053354,0.8678,0.130088,0.458445,0.141068,0.8024,0.107967,0.520379,-0.054023,0.9352,0.108003,0.453956,0.140762,0.8151,0.084102,0.502892,-0.053379,0.9212,0.093647,0.479832,0.101339,0.7238,0.072062,0.513611,-0.106926,0.887
bhujangasana_tf_0287,bhujangasana,,TF,train,unlabelled,,Apache-2.0,data/datasets/yoga_poses/train/cobra/guy2_cobra065.jpg,True,300,300,True,0.9959,0.1784,177.139,178.942,28.646,48.443,9.398,21.318,151.762,171.996,129.449,157.094,177.139,178.942,28.646,48.443,129.449,157.094,151.762,171.996,27.619,75.022,171.996,178.942,48.443,75.022,87.829,87.829,0.883,84.157,83.551,15.932,-0.0379,0.0155,0.3206,0.6862,0.783111,0.542797,0.094079,0.9997,0.789088,0.53304,0.063716,0.9996,0.787942,0.52818,0.064539,0.9995,0.786776,0.522249,0.064518,0.9994,0.788933,0.546211,0.057642,0.9997,0.787876,0.550677,0.057257,0.9996,0.786625,0.555161,0.057506,0.9996,0.769665,0.515262,-0.015384,0.9995,0.77163,0.559669,-0.05181,0.9997,0.763904,0.538858,0.07411,0.9994,0.765676,0.552256,0.06313,0.9994,0.684816,0.468276,0.026775,0.9985,0.670226,0.610843,-0.095026,0.9995,0.586638,0.472446,0.162266,0.432,0.552018,0.638983,-0.054749,0.9957,0.644892,0.501128,0.311742,0.1784,0.634026,0.696518,0.023042,0.9564,0.66307,0.506794,0.327153,0.1503,0.6547,0.718587,0.041432,0.9187,0.67273,0.523558,0.32619,0.147,0.666543,0.709202,0.055391,0.9129,0.665826,0.525991,0.31423,0.1337,0.661578,0.698447,0.034403,0.8705,0.472757,0.512694,0.044332,0.9959,0.464895,0.582249,-0.042644,0.9963,0.310201,0.464826,0.041058,0.898,0.28959,0.532205,-0.015135,0.9025,0.144127,0.424811,0.074886,0.8538,0.119091,0.48692,-0.026282,0.9311,0.121893,0.421683,0.073271,0.8887,0.094432,0.469511,-0.026268,0.9381,0.11911,0.43968,0.044754,0.6903,0.090087,0.480388,-0.066162,0.8194
bhujangasana_tf_0288,bhujangasana,,TF,train,unlabelled,,Apache-2.0,data/datasets/yoga_poses/train/cobra/guy2_cobra075.jpg,True,300,300,True,0.9916,0.0794,177.924,176.854,51.154,52.426,6.032,20.295,154.326,168.696,133.928,154.745,176.854,177.924,51.154,52.426,133.928,154.745,154.326,168.696,40.894,78.723,168.696,176.854,52.426,78.723,95.292,95.292,0.686,73.414,70.687,22.641,0.0922,0.1151,0.2882,0.6451,0.80618,0.60815,-0.113562,0.9976,0.813132,0.594561,-0.129588,0.9959,0.812528,0.591012,-0.128853,0.9953,0.81173,0.587252,-0.128535,0.994,0.809215,0.604596,-0.144329,0.9969,0.806918,0.607246,-0.144715,0.9966,0.804226,0.609735,-0.144354,0.9963,0.786765,0.570676,-0.146403,0.9945,0.778912,0.608667,-0.221433,0.9965,0.788829,0.607737,-0.111686,0.9965,0.786891,0.61603,-0.133191,0.9963,0.699664,0.508967,-0.046067,0.9938,0.656613,0.653506,-0.250279,0.9976,0.595481,0.50351,0.117459,0.0869,0.513116,0.669392,-0.248187,0.9911,0.640558,0.565901,0.27577,0.0794,0.604372,0.76425,-0.253948,0.9743,0.660272,0.57801,0.294495,0.1031,0.627813,0.793998,-0.252323,0.9653,0.673476,0.590737,0.2811,0.1034,0.642688,0.787579,-0.24179,0.9638,0.659715,0.593714,0.273349,0.0985,0.637571,0.776099,-0.246877,0.9416,0.458632,0.521739,0.071477,0.9916,0.432045,0.597607,-0.069789,0.9937,0.286101,0.449777,0.090557,0.5924,0.256555,0.51472,-0.023612,0.7579,0.114334,0.385332,0.18237,0.6614,0.078062,0.44211,0.018949,0.8742,0.091311,0.375238,0.186332,0.6635,0.059603,0.419363,0.023768,0.8465,0.08349,0.411432,0.148697,0.6193,0.047988,0.445435,-0.026134,0.812
bhujangasana_tf_0289,bhujangasana,,TF,train,unlabelled,,Apache-2.0,data/datasets/yoga_poses/train/cobra/guy2_cobra077.jpg,True,300,300,True,0.9937,0.0569,179.754,179.976,63.453,56.304,3.99,23.634,156.432,170.121,138.36,158.292,179.754,179.976,56.304,63.453,138.36,158.292,156.432,170.121,47.881,83.992,170.121,179.976,56.304,83.992,97.367,97.367,0.432,66.806,63.561,23.089,0.1282,0.169,0.2742,0.6226,0.815401,0.619527,-0.244774,0.9984,0.821473,0.602338,-0.247315,0.9969,0.821344,0.598337,-0.246496,0.9962,0.820923,0.594535,-0.246045,0.9948,0.818037,0.610055,-0.267338,0.998,0.815425,0.611404,-0.267686,0.9979,0.812727,0.61254,-0.267094,0.9978,0.796043,0.581986,-0.206179,0.9945,0.785466,0.606721,-0.306778,0.9977,0.799118,0.619312,-0.223205,0.9972,0.79467,0.625719,-0.252341,0.9975,0.707342,0.510062,-0.090221,0.9953,0.648362,0.647715,-0.318227,0.9982,0.613724,0.504318,0.099583,0.0569,0.506403,0.667499,-0.320484,0.9875,0.645665,0.579433,0.271147,0.0797,0.599006,0.77169,-0.335408,0.9814,0.663671,0.582969,0.284793,0.1224,0.623317,0.802005,-0.343932,0.9775,0.666674,0.599245,0.270786,0.1222,0.638598,0.793264,-0.339246,0.9764,0.6595,0.601869,0.26798,0.1242,0.633366,0.784234,-0.332373,0.9588,0.45715,0.512154,0.079144,0.9937,0.421457,0.583934,-0.07753,0.9968,0.287073,0.43965,0.181523,0.5517,0.248659,0.50122,0.009326,0.8425,0.117818,0.368354,0.345899,0.648,0.074127,0.417764,0.11886,0.9391,0.094322,0.354712,0.358185,0.6122,0.062782,0.394634,0.131056,0.8832,0.079173,0.39781,0.331068,0.6622,0.033469,0.425021,0.08187,0.9062
bhujangasana_tf_0290,bhujangasana,,TF,train,unlabelled,,Apache-2.0,data/datasets/yoga_poses/train/cobra/guy2_cobra078.jpg,True,300,300,True,0.9907,0.0347,179.053,178.352,53.784,58.39,11.516,27.656,156.5,170.095,127.794,165.402,178.352,179.053,53.784,58.39,127.794,165.402,156.5,170.095,38.828,91.032,170.095,178.352,58.39,91.032,97.824,97.824,1.394,55.83,58.145,24.533,0.1361,0.2076,0.2617,0.6097,0.803808,0.626444,-0.319719,0.9974,0.812997,0.608673,-0.314896,0.9942,0.813837,0.605117,-0.313927,0.9924,0.815547,0.602374,-0.313419,0.989,0.807789,0.611854,-0.336577,0.9969,0.805225,0.6116,-0.336915,0.9969,0.801424,0.611188,-0.336239,0.9967,0.790217,0.587512,-0.240034,0.9873,0.773848,0.600309,-0.34835,0.9964,0.789876,0.627664,-0.28658,0.9946,0.785043,0.630535,-0.318432,0.9958,0.717128,0.516323,-0.113741,0.9907,0.635126,0.637122,-0.336786,0.9966,0.631885,0.497348,0.082973,0.0347,0.500444,0.665813,-0.319019,0.9863,0.659716,0.560847,0.24399,0.0779,0.600361,0.770603,-0.302992,0.9804,0.666653,0.566053,0.256097,0.1308,0.621159,0.800552,-0.311856,0.9772,0.675375,0.581791,0.242074,0.1285,0.636193,0.795715,-0.307271,0.9755,0.667387,0.584965,0.240816,0.1324,0.633715,0.782245,-0.29967,0.956,0.459074,0.511667,0.075331,0.9926,0.418738,0.576582,-0.073751,0.9964,0.282931,0.431271,0.180255,0.5233,0.246762,0.494422,0.019165,0.8446,0.115712,0.358264,0.361553,0.6107,0.075975,0.406712,0.139841,0.9461,0.092272,0.345894,0.375789,0.5748,0.063353,0.384368,0.153349,0.87,0.085719,0.386107,0.346476,0.6679,0.028118,0.414319,0.104572,0.9145
bhujangasana_tf_0291,bhujangasana,,TF,train,unlabelled,,Apache-2.0,data/datasets/yoga_poses/train/cobra/guy2_cobra080.jpg,True,300,300,True,0.9917,0.0259,178.774,177.632,51.972,59.272,14.397,28.938,157.545,171.233,128.525,167.063,177.632,178.774,51.972,59.272,128.525,167.063,157.545,171.233,40.84,94.716,171.233,177.632,59.272,94.716,99.242,99.242,0.548,48.834,53.247,24.77,0.1606,0.2336,0.2766,0.6547,0.811829,0.622104,-0.357113,0.9991,0.827032,0.600193,-0.349549,0.998,0.829278,0.597317,-0.348475,0.9972,0.831143,0.594603,-0.347935,0.9959,0.81568,0.604475,-0.371226,0.999,0.811862,0.603615,-0.371564,0.9991,0.807814,0.602949,-0.370839,0.999,0.806654,0.579488,-0.260139,0.9949,0.775705,0.587922,-0.370606,0.999,0.798142,0.625482,-0.319779,0.9977,0.790103,0.628337,-0.352394,0.9986,0.728103,0.507175,-0.126529,0.9941,0.624931,0.625167,-0.353228,0.9987,0.640496,0.480872,0.077814,0.0259,0.489991,0.652093,-0.310191,0.991,0.669092,0.554157,0.222536,0.0703,0.592584,0.765984,-0.250178,0.983,0.667602,0.5588,0.228865,0.1231,0.613647,0.800891,-0.259955,0.9769,0.676912,0.571849,0.215828,0.1212,0.629836,0.791957,-0.257886,0.9744,0.66815,0.575139,0.219384,0.1251,0.627809,0.777288,-0.24748,0.9508,0.463566,0.496483,0.077835,0.9917,0.416904,0.558965,-0.076323,0.9975,0.289204,0.416027,0.216201,0.4348,0.24135,0.471743,0.019365,0.8974,0.121225,0.334112,0.424521,0.5892,0.072563,0.379,0.143262,0.9682,0.097126,0.312077,0.441819,0.5562,0.062154,0.352062,0.156264,0.8932,0.081251,0.371256,0.423152,0.7011,0.027664,0.392494,0.105128,0.9443
bhujangasana_tf_0292,bhujangasana,,TF,train,unlabelled,,Apache-2.0,data/datasets/yoga_poses/train/cobra/guy2_cobra081.jpg,True,300,300,True,0.9889,0.0217,179.628,174.354,50.197,62.448,18.716,31.576,157.297,174.13,141.374,167.827,174.354,179.628,50.197,62.448,141.374,167.827,157.297,174.13,54.258,96.09,174.13,174.354,62.448,96.09,99.665,99.665,1.274,43.129,48.423,24.134,0.1679,0.2502,0.298,0.6749,0.821876,0.616829,-0.384141,0.9991,0.834514,0.594334,-0.375249,0.998,0.836523,0.591749,-0.374145,0.9972,0.838106,0.589237,-0.373638,0.9958,0.82384,0.596798,-0.396806,0.9991,0.819807,0.595647,-0.39715,0.9991,0.815727,0.594326,-0.396318,0.9991,0.815025,0.572306,-0.276634,0.9946,0.782861,0.577607,-0.386574,0.999,0.805922,0.621744,-0.34364,0.9975,0.796977,0.624252,-0.37623,0.9984,0.740123,0.503185,-0.140087,0.9925,0.623737,0.612208,-0.362699,0.9983,0.662246,0.472351,0.066166,0.0217,0.48798,0.64433,-0.317587,0.9921,0.692134,0.563243,0.215373,0.0661,0.591096,0.763521,-0.253412,0.9857,0.699167,0.563368,0.219679,0.1132,0.612499,0.797993,-0.266091,0.9787,0.705085,0.574753,0.206891,0.1102,0.62894,0.789609,-0.266713,0.9762,0.71151,0.584391,0.211993,0.1189,0.6269,0.777515,-0.251964,0.9534,0.474039,0.48978,0.077645,0.9889,0.423926,0.546268,-0.076137,0.9974,0.293722,0.403436,0.221235,0.3393,0.243821,0.465575,0.025918,0.9087,0.12373,0.320676,0.438677,0.5026,0.069892,0.366048,0.141816,0.9768,0.097731,0.29497,0.456841,0.4914,0.060773,0.335958,0.154496,0.9148,0.087853,0.354068,0.44182,0.6593,0.023608,0.386325,0.105389,0.9549
bhujangasana_tf_0293,bhujangasana,,TF,train,unlabelled,,Apache-2.0,data/datasets/yoga_poses/train/cobra/guy2_cobra084.jpg,True,300,300,True,0.9909,0.0318,177.579,173.323,48.915,69.653,12.689,30.929,157.014,169.965,166.718,166.203,173.323,177.579,48.915,69.653,166.203,166.718,157.014,169.965,79.804,91.231,169.965,173.323,69.653,91.231,98.203,98.203,4.596,33.894,41.008,25.062,0.1427,0.2112,0.2915,0.6802,0.841754,0.572618,-0.423892,0.9992,0.846451,0.54497,-0.414985,0.9983,0.847429,0.541742,-0.413904,0.9977,0.848237,0.539131,-0.41339,0.9967,0.837641,0.547478,-0.436552,0.9991,0.832286,0.546507,-0.436764,0.9991,0.825083,0.545265,-0.435886,0.9989,0.822366,0.525203,-0.311096,0.9948,0.784655,0.529632,-0.423211,0.9984,0.826666,0.582345,-0.380882,0.9976,0.81658,0.584808,-0.414123,0.9981,0.762756,0.473607,-0.174794,0.9909,0.623297,0.567299,-0.388032,0.9954,0.680862,0.450473,0.022804,0.0318,0.478645,0.608508,-0.349734,0.9901,0.739133,0.573684,0.144578,0.2902,0.579425,0.74596,-0.33875,0.9908,0.778659,0.600942,0.146445,0.4136,0.601387,0.793218,-0.369422,0.9864,0.777914,0.608698,0.127936,0.4178,0.620162,0.781197,-0.373861,0.9857,0.761482,0.601321,0.138734,0.4266,0.617049,0.766428,-0.34233,0.97,0.479464,0.458335,0.080874,0.9924,0.417645,0.51209,-0.079147,0.9984,0.29904,0.370058,0.251764,0.3307,0.247699,0.432617,0.039771,0.9492,0.131535,0.279139,0.493753,0.5104,0.078737,0.328105,0.175305,0.9878,0.106069,0.254536,0.514787,0.5444,0.064615,0.295153,0.190657,0.949,0.103429,0.314264,0.501581,0.6799,0.031225,0.337607,0.141787,0.9755
bhujangasana_tf_0294,bhujangasana,,TF,train,unlabelled,,Apache-2.0,data/datasets/yoga_poses/train/cobra/guy2_cobra088.jpg,True,300,300,True,0.9952,0.0917,175.928,153.846,70.781,82.847,10.473,44.491,154.831,178.136,172.895,173.957,153.846,175.928,70.781,82.847,172.895,173.957,154.831,178.136,99.16,101.715,178.136,153.846,82.847,101.715,98.728,98.728,16.425,27.256,21.254,15.893,0.1517,0.1146,0.3341,0.7816,0.848565,0.500945,-0.445359,0.9998,0.854581,0.47609,-0.434887,0.9994,0.856129,0.473961,-0.433829,0.9991,0.860269,0.471817,-0.433457,0.9987,0.838658,0.478466,-0.456889,0.9997,0.830474,0.477583,-0.45722,0.9996,0.819052,0.4758,-0.456242,0.9996,0.826128,0.456178,-0.320619,0.9979,0.779521,0.458888,-0.433318,0.9994,0.834733,0.514166,-0.398212,0.9994,0.814131,0.51438,-0.431589,0.9994,0.763285,0.431769,-0.170903,0.9973,0.599573,0.516109,-0.401448,0.9981,0.714945,0.438923,0.02626,0.0917,0.482537,0.575058,-0.353775,0.9963,0.779559,0.562321,0.135623,0.566,0.578249,0.717563,-0.329364,0.9952,0.817243,0.582645,0.135458,0.6649,0.597468,0.766109,-0.367651,0.9914,0.813875,0.587259,0.11341,0.6702,0.618633,0.750753,-0.369523,0.9911,0.799438,0.582921,0.128169,0.6774,0.618045,0.732492,-0.333485,0.9835,0.490233,0.421974,0.089355,0.9952,0.406874,0.454398,-0.087604,0.9991,0.303662,0.325993,0.258002,0.5136,0.227612,0.403356,0.034086,0.9848,0.154488,0.23531,0.494262,0.7411,0.087968,0.27741,0.175098,0.997,0.133642,0.206575,0.515614,0.7666,0.078916,0.243269,0.191438,0.9874,0.106127,0.256846,0.516175,0.8294,0.037407,0.285747,0.15528,0.9929
bhujangasana_tf_0295,bhujangasana,,TF,train,unlabelled,,Apache-2.0,data/datasets/yoga_poses/train/cobra/guy2_cobra089.jpg,True,300,300,True,0.9957,0.1317,174.038,155.587,79.163,85.124,17.42,44.066,156.167,179.283,173.843,171.074,155.587,174.038,79.163,85.124,171.074,173.843,156.167,179.283,97.297,99.035,179.283,155.587,85.124,97.297,98.671,98.671,19.484,27.483,23.207,16.94,0.1508,0.0994,0.3571,0.7335,0.846852,0.488913,-0.458825,0.9999,0.854274,0.466451,-0.446559,0.9997,0.855512,0.464446,-0.445515,0.9995,0.856772,0.462333,-0.445191,0.9993,0.838604,0.467757,-0.469109,0.9998,0.828171,0.465771,-0.469447,0.9998,0.819162,0.463055,-0.46853,0.9998,0.824871,0.445569,-0.326155,0.999,0.775086,0.440771,-0.440263,0.9997,0.826242,0.499955,-0.409542,0.9997,0.810664,0.501071,-0.443245,0.9997,0.761058,0.425202,-0.173935,0.9981,0.606727,0.505484,-0.409366,0.9988,0.717464,0.43651,0.024642,0.1317,0.481213,0.571779,-0.367182,0.9979,0.77547,0.558783,0.143788,0.5382,0.573702,0.715743,-0.349352,0.9963,0.820826,0.576133,0.142143,0.6185,0.595187,0.762658,-0.389151,0.9928,0.813457,0.579436,0.121013,0.625,0.617343,0.747731,-0.390979,0.9927,0.797013,0.57373,0.136668,0.6404,0.614974,0.73053,-0.353873,0.9863,0.49129,0.41164,0.09126,0.9957,0.407569,0.447535,-0.089477,0.9992,0.305501,0.318154,0.257851,0.5426,0.22746,0.392675,0.03995,0.9832,0.157738,0.223392,0.490618,0.7536,0.085681,0.267883,0.182976,0.9968,0.135712,0.196188,0.511875,0.7874,0.074128,0.2348,0.199474,0.9883,0.111799,0.250207,0.514488,0.8421,0.042246,0.2816,0.161108,0.9933
bhujangasana_tf_0296,bhujangasana,,TF,train,unlabelled,,Apache-2.0,data/datasets/yoga_poses/train/cobra/guy2_cobra090.jpg,True,300,300,True,0.9963,0.1491,177.249,166.671,98.114,87.817,38.481,43.398,153.304,169.77,166.947,172.694,166.671,177.249,87.817,98.114,166.947,172.694,153.304,169.77,96.148,105.121,169.77,166.671,87.817,96.148,97.156,97.156,17.976,28.806,24.072,23.684,0.1246,0.0951,0.3339,0.6983,0.850174,0.478717,-0.440406,0.9998,0.856038,0.457121,-0.426976,0.9995,0.856619,0.455121,-0.426007,0.9993,0.857161,0.453043,-0.425716,0.9991,0.841561,0.458282,-0.451253,0.9997,0.831607,0.456294,-0.451623,0.9997,0.822583,0.453789,-0.450754,0.9997,0.816495,0.435057,-0.307405,0.9986,0.774646,0.430982,-0.429676,0.9995,0.826982,0.489019,-0.392111,0.9996,0.812583,0.489819,-0.427987,0.9997,0.746997,0.416284,-0.166097,0.9978,0.601949,0.496045,-0.405843,0.9983,0.715966,0.439173,0.021421,0.1491,0.480416,0.566055,-0.366079,0.9982,0.779784,0.557701,0.120837,0.5547,0.57389,0.714911,-0.350444,0.9965,0.820718,0.576975,0.116347,0.6289,0.593801,0.762641,-0.395505,0.9931,0.819386,0.578704,0.092758,0.6386,0.616484,0.747179,-0.396217,0.9932,0.803308,0.573182,0.112754,0.6547,0.6143,0.72908,-0.35546,0.9879,0.483716,0.406777,0.093991,0.9963,0.394814,0.446493,-0.092253,0.9993,0.303304,0.307742,0.269911,0.6414,0.245212,0.380873,0.055282,0.9881,0.158885,0.219191,0.503364,0.8408,0.09823,0.270063,0.218143,0.9979,0.136157,0.190564,0.52536,0.8611,0.082069,0.237385,0.236002,0.9924,0.109144,0.236519,0.530824,0.8955,0.053191,0.266972,0.204059,0.9952
bhujangasana_tf_0297,bhujangasana,,TF,train,unlabelled,,Apache-2.0,data/datasets/yoga_poses/train/cobra/guy2_cobra091.jpg,True,300,300,True,0.9964,0.1879,173.971,162.515,102.327,86.001,42.521,42.511,154.795,172.75,171.08,171.188,162.515,173.971,86.001,102.327,171.08,171.188,154.795,172.75,95.368,100.97,172.75,162.515,86.001,95.368,97.324,97.324,20.194,25.195,20.28,21.43,0.1275,0.1017,0.3197,0.7397,0.839178,0.476658,-0.466651,0.9999,0.847009,0.452321,-0.452774,0.9997,0.848633,0.450288,-0.451781,0.9996,0.849998,0.448236,-0.451546,0.9994,0.831457,0.452839,-0.476871,0.9998,0.82303,0.450285,-0.477235,0.9998,0.812384,0.44627,-0.476325,0.9998,0.818011,0.430737,-0.327965,0.999,0.772784,0.421576,-0.448963,0.9997,0.821303,0.487547,-0.416286,0.9997,0.806475,0.487364,-0.451836,0.9998,0.758177,0.415567,-0.184424,0.9983,0.600365,0.489811,-0.423422,0.9991,0.720796,0.447461,-0.002384,0.1879,0.470717,0.55971,-0.386107,0.9987,0.780785,0.559601,0.096848,0.5444,0.566152,0.710495,-0.376253,0.997,0.824088,0.57533,0.092893,0.6116,0.583987,0.75983,-0.425081,0.9937,0.817259,0.579215,0.068687,0.6213,0.608941,0.744676,-0.425407,0.9937,0.798118,0.573904,0.088822,0.6398,0.605919,0.72752,-0.381676,0.9884,0.490465,0.405988,0.095907,0.9964,0.400372,0.439278,-0.094101,0.9994,0.299209,0.307467,0.264952,0.6005,0.248966,0.379853,0.048487,0.9877,0.162799,0.21792,0.498754,0.7898,0.09998,0.259573,0.209242,0.9979,0.142134,0.188133,0.521352,0.8304,0.085303,0.225026,0.22715,0.9922,0.121309,0.230488,0.528014,0.8691,0.05543,0.260815,0.193403,0.995
bhujangasana_tf_0298,bhujangasana,,TF,train,unlabelled,,Apache-2.0,data/datasets/yoga_poses/train/cobra/guy2_cobra092.jpg,True,300,300,True,0.9957,0.1738,175.843,161.023,114.389,87.318,52.308,42.754,154.304,173.527,171.96,169.601,161.023,175.843,87.318,114.389,169.601,171.96,154.304,173.527,94.018,100.509,173.527,161.023,87.318,94.018,97.585,97.585,22.772,25.042,22.548,20.89,0.132,0.058,0.3079,0.7364,0.855531,0.4624,-0.456264,0.9998,0.859252,0.435423,-0.441799,0.9995,0.86045,0.432431,-0.440847,0.9993,0.861434,0.430226,-0.440624,0.999,0.843827,0.438261,-0.467222,0.9998,0.833345,0.437256,-0.467607,0.9998,0.823882,0.43564,-0.466731,0.9997,0.82206,0.418629,-0.317934,0.9983,0.777149,0.41503,-0.443756,0.9996,0.832033,0.477192,-0.406602,0.9996,0.817013,0.47866,-0.443615,0.9997,0.762622,0.411255,-0.178326,0.9978,0.603076,0.485793,-0.41897,0.9989,0.730382,0.449458,-0.000299,0.1738,0.470312,0.55739,-0.378108,0.9988,0.783903,0.561916,0.091155,0.536,0.561965,0.709809,-0.363219,0.9974,0.825257,0.577602,0.087267,0.6031,0.581114,0.759462,-0.411831,0.9945,0.822458,0.580183,0.063351,0.6141,0.605002,0.743855,-0.412267,0.9946,0.804468,0.573825,0.08296,0.6344,0.601724,0.726258,-0.368371,0.9902,0.488061,0.399418,0.094291,0.9957,0.403559,0.434503,-0.09248,0.9993,0.306796,0.302369,0.257462,0.6452,0.253043,0.377057,0.046915,0.9885,0.16652,0.213616,0.482972,0.8119,0.104085,0.252655,0.208783,0.9979,0.15028,0.183491,0.504907,0.842,0.091275,0.217547,0.226669,0.9922,0.124555,0.224181,0.514357,0.8797,0.060106,0.254354,0.194911,0.9949
bhujangasana_tf_0299,bhujangasana,,TF,train,unlabelled,,Apache-2.0,data/datasets/yoga_poses/train/cobra/guy2_cobra094.jpg,True,300,300,True,0.9952,0.1806,173.366,167.225,108.295,87.087,48.31,34.634,152.047,158.604,174.275,169.963,167.225,173.366,87.087,108.295,169.963,174.275,152.047,158.604,86.045,97.055,158.604,167.225,87.087,86.045,93.316,93.316,20.456,21.857,31.518,27.478,0.0578,0.0573,0.342,0.725,0.845937,0.451025,-0.447193,0.9997,0.851442,0.426095,-0.43476,0.9994,0.852146,0.424332,-0.433857,0.9992,0.852568,0.422522,-0.433667,0.9989,0.836563,0.426401,-0.460455,0.9997,0.826225,0.422976,-0.460943,0.9997,0.809212,0.417226,-0.460081,0.9996,0.82162,0.407795,-0.316112,0.9983,0.766199,0.396785,-0.442949,0.9995,0.825624,0.463209,-0.398419,0.9995,0.808012,0.462957,-0.435386,0.9996,0.762614,0.404373,-0.1799,0.9983,0.599365,0.469858,-0.415268,0.9986,0.716164,0.454149,-0.023646,0.1806,0.45894,0.546269,-0.378484,0.9983,0.779143,0.569253,0.037468,0.6009,0.557371,0.707114,-0.38295,0.9968,0.823758,0.591668,0.031738,0.6645,0.5712,0.755536,-0.439084,0.9932,0.818305,0.589835,0.003585,0.6796,0.597344,0.739686,-0.436338,0.9932,0.797384,0.581599,0.02701,0.6909,0.596653,0.721489,-0.388359,0.9875,0.480001,0.397808,0.09803,0.9952,0.397568,0.448357,-0.096296,0.9991,0.307124,0.300857,0.268941,0.5652,0.246595,0.369839,0.055114,0.9911,0.175859,0.205771,0.500412,0.786,0.106363,0.251111,0.226158,0.9982,0.153073,0.177133,0.523074,0.8303,0.0894,0.215608,0.244598,0.9938,0.125431,0.224056,0.532902,0.8751,0.064843,0.245357,0.216306,0.9956
bhujangasana_tf_0300,bhujangasana,,TF,train,unlabelled,,Apache-2.0,data/datasets/yoga_poses/train/cobra/guy2_cobra096.jpg,True,300,300,True,0.9962,0.1765,172.436,167.115,136.1,91.194,65.989,36.186,149.629,158.12,172.818,169.302,167.115,172.436,91.194,136.1,169.302,172.818,149.629,158.12,83.882,96.058,158.12,167.115,91.194,83.882,91.203,91.203,17.1,21.799,30.063,26.46,0.021,0.0599,0.3842,0.7597,0.854491,0.435628,-0.457907,0.9997,0.858671,0.410062,-0.444054,0.9994,0.859213,0.408225,-0.443179,0.9992,0.860528,0.406299,-0.442988,0.9989,0.846234,0.410599,-0.471284,0.9997,0.838068,0.407693,-0.471747,0.9997,0.826105,0.403556,-0.470963,0.9997,0.82668,0.390087,-0.327315,0.9982,0.775844,0.381592,-0.458049,0.9995,0.836457,0.448539,-0.41063,0.9995,0.823724,0.447125,-0.448915,0.9996,0.760696,0.387708,-0.202815,0.9977,0.592463,0.454992,-0.423221,0.9983,0.735046,0.448469,-0.04451,0.1765,0.448637,0.543496,-0.377131,0.9979,0.784614,0.577511,0.017894,0.5407,0.544795,0.707318,-0.374024,0.9967,0.830662,0.595013,0.009819,0.5913,0.555203,0.759551,-0.431742,0.9934,0.821564,0.595501,-0.017959,0.6164,0.585104,0.744175,-0.431923,0.9937,0.799918,0.589151,0.007514,0.6431,0.587781,0.723331,-0.380793,0.9885,0.478026,0.393253,0.091056,0.9962,0.398242,0.439434,-0.089324,0.9994,0.303198,0.295356,0.285078,0.5341,0.233248,0.357315,0.099586,0.9855,0.180901,0.203827,0.532234,0.764,0.101231,0.249086,0.299678,0.9975,0.159345,0.175408,0.558008,0.8165,0.087411,0.214047,0.319971,0.9931,0.141781,0.223422,0.574451,0.8697,0.06215,0.253025,0.292796,0.9942
bhujangasana_tf_0301,bhujangasana,,TF,train,unlabelled,,Apache-2.0,data/datasets/yoga_poses/train/cobra/guy2_cobra098.jpg,True,300,300,True,0.9948,0.1789,171.857,156.726,136.43,93.57,66.042,34.707,147.47,157.846,172.026,170.158,156.726,171.857,93.57,136.43,170.158,172.026,147.47,157.846,81.18,95.905,157.846,156.726,93.57,81.18,89.176,89.176,16.257,18.958,30.174,23.176,-0.0144,0.0575,0.4007,0.7472,0.843241,0.428325,-0.465526,0.9996,0.846735,0.399756,-0.450604,0.9992,0.847593,0.397495,-0.449703,0.999,0.848362,0.395244,-0.449519,0.9987,0.834219,0.400927,-0.480396,0.9996,0.825037,0.398684,-0.480947,0.9997,0.814724,0.395553,-0.480225,0.9997,0.819442,0.377724,-0.332446,0.9979,0.757678,0.373349,-0.475166,0.9996,0.823416,0.44383,-0.417902,0.9995,0.810258,0.443635,-0.459489,0.9997,0.74913,0.384517,-0.210902,0.9976,0.576024,0.443979,-0.438962,0.999,0.724097,0.446821,-0.058832,0.1789,0.430874,0.540727,-0.394163,0.9986,0.776223,0.57794,-0.017378,0.5541,0.529685,0.711084,-0.397632,0.9982,0.82224,0.599223,-0.030793,0.606,0.54306,0.762492,-0.458313,0.9963,0.812181,0.596542,-0.059071,0.6349,0.573522,0.748739,-0.459115,0.9965,0.790552,0.588902,-0.029203,0.6675,0.575335,0.728186,-0.404972,0.9934,0.45668,0.395078,0.089583,0.9948,0.378628,0.440459,-0.087932,0.9994,0.308135,0.307713,0.298969,0.3398,0.213621,0.369818,0.118966,0.9747,0.191306,0.214433,0.564277,0.5074,0.099888,0.250177,0.335898,0.9959,0.173948,0.180202,0.592616,0.6636,0.083017,0.217696,0.356901,0.9916,0.158276,0.231999,0.612322,0.7573,0.058001,0.256577,0.324044,0.9916
bhujangasana_tf_0302,bhujangasana,,TF,train,unlabelled,,Apache-2.0,data/datasets/yoga_poses/train/cobra/guy2_cobra102.jpg,True,300,300,True,0.9954,0.1457,175.362,157.116,151.44,101.795,79.552,39.998,143.997,154.365,171.452,172.054,157.116,175.362,101.795,151.44,171.452,172.054,143.997,154.365,83.531,97.449,154.365,157.116,101.795,83.531,89.881,89.881,21.162,11.965,20.725,27.112,-0.0021,0.0668,0.3301,0.8459,0.790186,0.430658,-0.487126,0.9997,0.800537,0.403661,-0.476353,0.9994,0.802392,0.401686,-0.475614,0.9992,0.804036,0.399761,-0.475496,0.999,0.78452,0.403024,-0.503557,0.9997,0.77099,0.398534,-0.504244,0.9997,0.755926,0.392707,-0.503533,0.9997,0.782046,0.378803,-0.366172,0.9986,0.703187,0.364918,-0.495741,0.9996,0.772304,0.444366,-0.441254,0.9996,0.75487,0.442444,-0.478663,0.9997,0.737522,0.392157,-0.245511,0.9982,0.531266,0.435866,-0.446661,0.9989,0.723885,0.474987,-0.109314,0.2947,0.398228,0.541766,-0.420898,0.9982,0.769758,0.606634,-0.088869,0.7088,0.490815,0.725651,-0.453432,0.9974,0.816327,0.628349,-0.110636,0.7066,0.499535,0.776114,-0.51702,0.9943,0.805512,0.624404,-0.141788,0.7308,0.53695,0.76295,-0.517288,0.9945,0.780202,0.614317,-0.102342,0.7475,0.539596,0.746952,-0.461397,0.9895,0.428601,0.398083,0.079512,0.9954,0.341669,0.430976,-0.07791,0.9992,0.293442,0.303781,0.308857,0.1457,0.210131,0.363628,0.172545,0.8919,0.192214,0.220211,0.583939,0.2562,0.116207,0.251707,0.425243,0.9723,0.178683,0.186736,0.613447,0.3989,0.085015,0.205657,0.448924,0.9629,0.164307,0.233282,0.61258,0.5746,0.091251,0.249993,0.410868,0.9625
bhujangasana_tf_0303,bhujangasana,,TF,train,unlabelled,,Apache-2.0,data/datasets/yoga_poses/train/cobra/guy2_cobra105.jpg,True,300,300,True,0.9917,0.049,173.585,172.077,144.731,100.053,69.492,35.683,141.07,143.18,174.894,172.364,172.077,173.585,100.053,144.731,172.364,174.894,141.07,143.18,81.687,92.599,143.18,172.077,100.053,81.687,88.115,88.115,23.813,4.214,3.806,36.144,-0.0329,0.0592,0.2729,1.0093,0.763489,0.441292,-0.533799,0.9982,0.772621,0.406419,-0.523677,0.9973,0.776456,0.403447,-0.522891,0.9965,0.778649,0.400857,-0.522764,0.9957,0.754937,0.406451,-0.549085,0.9985,0.729237,0.414542,-0.549874,0.9985,0.715951,0.413173,-0.549146,0.9985,0.758886,0.381792,-0.410424,0.9949,0.675124,0.370442,-0.529725,0.9982,0.749991,0.456003,-0.486586,0.9984,0.734324,0.453425,-0.521105,0.9986,0.727234,0.418892,-0.283131,0.9969,0.493156,0.43614,-0.461723,0.9969,0.703436,0.492129,-0.152698,0.1775,0.360008,0.534158,-0.435687,0.9952,0.746019,0.62912,-0.160959,0.5626,0.454411,0.725119,-0.483488,0.9932,0.791188,0.657554,-0.186665,0.595,0.457372,0.777896,-0.549674,0.9864,0.785284,0.653128,-0.218919,0.6365,0.492249,0.767736,-0.551068,0.9865,0.757987,0.643764,-0.175441,0.6602,0.494718,0.751735,-0.492946,0.9737,0.420465,0.432325,0.073822,0.9917,0.335064,0.438006,-0.072253,0.9984,0.28943,0.335637,0.313106,0.049,0.226916,0.359015,0.197862,0.7757,0.186745,0.240423,0.607139,0.1336,0.127249,0.262542,0.467365,0.9221,0.165553,0.207061,0.639492,0.2429,0.118088,0.237293,0.492986,0.892,0.159265,0.253114,0.624171,0.3708,0.106562,0.263575,0.446907,0.8975
bhujangasana_tf_0304,bhujangasana,,TF,train,unlabelled,,Apache-2.0,data/datasets/yoga_poses/train/cobra/guy2_cobra108.jpg,True,300,300,True,0.9983,0.1439,176.011,177.259,141.079,101.771,67.251,34.848,138.454,141.357,175.62,166.883,176.011,177.259,101.771,141.079,166.883,175.62,138.454,141.357,78.039,93.711,141.357,177.259,101.771,78.039,89.938,89.938,43.687,4.725,9.681,39.799,-0.0011,-0.0667,0.1964,0.9742,0.694849,0.423219,-0.54685,0.9997,0.707595,0.390307,-0.544666,0.9993,0.728905,0.385408,-0.543675,0.9991,0.738538,0.383572,-0.54366,0.9991,0.672602,0.373561,-0.555183,0.9997,0.655036,0.367082,-0.555911,0.9997,0.642996,0.361987,-0.555049,0.9996,0.731788,0.377358,-0.445525,0.999,0.626703,0.353823,-0.498269,0.9994,0.701986,0.450291,-0.50319,0.9993,0.671636,0.445338,-0.518379,0.9991,0.719501,0.429653,-0.304941,0.9994,0.484892,0.449043,-0.431056,0.9993,0.692059,0.497304,-0.196714,0.2033,0.342167,0.544202,-0.393617,0.9886,0.735734,0.64159,-0.183017,0.6307,0.418512,0.733915,-0.465841,0.9904,0.786952,0.667948,-0.196575,0.6705,0.417355,0.779676,-0.528861,0.9795,0.771087,0.663149,-0.226506,0.713,0.457632,0.77311,-0.53169,0.9792,0.74388,0.650921,-0.193371,0.7053,0.456749,0.761352,-0.475837,0.9621,0.396848,0.433421,0.043681,0.9983,0.324269,0.445802,-0.042297,0.9994,0.279742,0.332063,0.298638,0.1439,0.235852,0.372138,0.252821,0.735,0.181408,0.258266,0.605542,0.2561,0.145284,0.289031,0.526297,0.8912,0.17028,0.233667,0.64064,0.3781,0.122169,0.272903,0.555138,0.8576,0.149367,0.243674,0.630413,0.4285,0.113127,0.279596,0.539304,0.8637
bhujangasana_tf_0305,bhujangasana,,TF,train,unlabelled,,Apache-2.0,data/datasets/yoga_poses/train/cobra/guy2_cobra110.jpg,True,300,300,True,0.9897,0.0433,175.483,171.583,152.483,101.066,76.754,32.543,142.606,142.215,174.517,166.762,171.583,175.483,101.066,152.483,166.762,174.517,142.215,142.606,76.145,94.672,142.215,171.583,101.066,76.145,89.252,89.252,34.265,8.493,21.259,36.583,-0.0131,0.0495,0.3473,1.0857,0.7107,0.448049,-0.568675,0.9988,0.723398,0.408606,-0.560995,0.9978,0.7275,0.405433,-0.560161,0.9973,0.732708,0.402102,-0.560104,0.9966,0.682047,0.405311,-0.580317,0.9987,0.668398,0.403689,-0.581035,0.9986,0.654909,0.402169,-0.580319,0.9985,0.721545,0.385705,-0.449836,0.9961,0.610693,0.3669,-0.540846,0.9982,0.703681,0.463284,-0.521158,0.999,0.67876,0.461466,-0.54749,0.9988,0.697497,0.41949,-0.303271,0.998,0.461038,0.4548,-0.476901,0.9974,0.679469,0.501246,-0.17822,0.1955,0.32329,0.544803,-0.444798,0.9922,0.719664,0.650407,-0.175163,0.5756,0.397095,0.726617,-0.498843,0.9906,0.772476,0.673932,-0.19523,0.6148,0.396289,0.775578,-0.565737,0.9813,0.753775,0.670033,-0.228818,0.6666,0.438543,0.769585,-0.569199,0.9819,0.727153,0.660043,-0.188497,0.686,0.440723,0.756729,-0.509811,0.9681,0.401047,0.423688,0.073841,0.9897,0.317097,0.45635,-0.072277,0.9981,0.29601,0.34573,0.328205,0.0433,0.220037,0.382763,0.215136,0.8114,0.203392,0.264935,0.645806,0.0939,0.132345,0.29326,0.494877,0.9177,0.182772,0.236379,0.681344,0.1845,0.119263,0.268136,0.523599,0.8985,0.179311,0.279775,0.678346,0.2532,0.116124,0.311262,0.49708,0.8813
bhujangasana_tf_0306,bhujangasana,,TF,train,unlabelled,,Apache-2.0,data/datasets/yoga_poses/train/cobra/guy2_cobra114.jpg,True,300,300,True,0.9892,0.0562,175.854,161.069,160.206,105.281,82.99,31.687,142.684,148.163,174.973,160.03,161.069,175.854,105.281,160.206,160.03,174.973,142.684,148.163,70.971,96.728,148.163,161.069,105.281,70.971,91.454,91.454,34.544,8.312,25.901,32.777,0.0254,0.0239,0.3235,1.0956,0.686735,0.455752,-0.576288,0.9987,0.696822,0.414728,-0.572111,0.9977,0.701028,0.411322,-0.571208,0.9972,0.706964,0.407804,-0.571205,0.9965,0.665373,0.420767,-0.588886,0.9985,0.651896,0.419069,-0.589472,0.9985,0.638561,0.417465,-0.588848,0.9983,0.696083,0.399925,-0.474473,0.9962,0.593046,0.387312,-0.553539,0.9981,0.680016,0.474656,-0.533617,0.999,0.656815,0.479826,-0.556986,0.9988,0.676622,0.433061,-0.330868,0.9976,0.437945,0.467931,-0.481156,0.9975,0.666019,0.502267,-0.188538,0.1835,0.296689,0.551957,-0.434095,0.9845,0.696312,0.656913,-0.161421,0.5708,0.344552,0.724951,-0.477297,0.9856,0.7454,0.684518,-0.181398,0.6202,0.339908,0.775728,-0.537998,0.9753,0.729936,0.681086,-0.21414,0.6782,0.386685,0.770615,-0.543994,0.9762,0.701117,0.670207,-0.174067,0.6886,0.388758,0.758457,-0.488848,0.9589,0.379753,0.424245,0.065859,0.9892,0.294634,0.465578,-0.064214,0.9981,0.300116,0.359716,0.33906,0.0562,0.212486,0.412683,0.248464,0.7386,0.204952,0.293399,0.680404,0.0894,0.138451,0.318912,0.551372,0.8712,0.184661,0.25433,0.719176,0.1545,0.12726,0.278684,0.583013,0.8198,0.174345,0.304194,0.720983,0.2196,0.127587,0.332031,0.563759,0.8164
bhujangasana_tf_0307,bhujangasana,,TF,train,unlabelled,,Apache-2.0,data/datasets/yoga_poses/train/cobra/guy2_cobra115.jpg,True,300,300,True,0.989,0.0409,172.289,168.57,178.234,115.19,96.991,41.527,140.919,147.098,173.917,158.712,168.57,172.289,115.19,178.234,158.712,173.917,140.919,147.098,74.348,98.253,147.098,168.57,115.19,74.348,93.364,93.364,31.68,11.592,24.814,38.538,0.0587,0.0678,0.3985,1.0759,0.677386,0.469624,-0.558764,0.9992,0.686162,0.430847,-0.554073,0.9986,0.691428,0.427053,-0.553216,0.9982,0.695438,0.42393,-0.553133,0.9978,0.666783,0.434935,-0.573704,0.9991,0.6444,0.434069,-0.574288,0.999,0.63149,0.432813,-0.573691,0.9989,0.685081,0.408587,-0.458358,0.9975,0.592383,0.402923,-0.551545,0.9987,0.670842,0.483477,-0.517046,0.9992,0.649667,0.48763,-0.54432,0.9991,0.660042,0.431941,-0.316255,0.9971,0.434279,0.478249,-0.478667,0.998,0.665449,0.49605,-0.164167,0.2642,0.313162,0.565893,-0.437189,0.9891,0.683926,0.656066,-0.127238,0.753,0.341563,0.716201,-0.468181,0.9884,0.740327,0.685724,-0.149504,0.7516,0.340238,0.764276,-0.524895,0.9799,0.720552,0.684187,-0.182806,0.7872,0.37707,0.760748,-0.531493,0.9808,0.683323,0.671873,-0.141078,0.8007,0.380266,0.745238,-0.47911,0.9691,0.379228,0.421298,0.073849,0.989,0.287403,0.463754,-0.072133,0.9986,0.304532,0.35579,0.345262,0.0409,0.207553,0.400152,0.237373,0.7688,0.221164,0.300527,0.679176,0.0682,0.137311,0.316533,0.528439,0.8896,0.203821,0.271197,0.716613,0.1158,0.120831,0.291671,0.557587,0.8464,0.206185,0.322948,0.721755,0.2425,0.13876,0.348784,0.533229,0.8516
bhujangasana_tf_0308,bhujangasana,,TF,train,unlabelled,,Apache-2.0,data/datasets/yoga_poses/train/cobra/guy2_cobra119.jpg,True,300,300,True,0.9978,0.2806,169.873,177.108,167.15,126.984,78.095,27.709,119.895,128.292,174.228,150.487,169.873,177.108,126.984,167.15,150.487,174.228,119.895,128.292,53.45,88.198,128.292,177.108,126.984,53.45,82.602,82.602,28.645,4.496,0.596,44.671,-0.1288,0.0388,0.4446,1.1734,0.651747,0.475481,-0.598859,0.9985,0.658255,0.444574,-0.594595,0.997,0.659499,0.450639,-0.593591,0.9965,0.666757,0.446152,-0.593449,0.9976,0.639346,0.450415,-0.609081,0.9986,0.620376,0.442695,-0.608948,0.9985,0.610328,0.440689,-0.607908,0.9982,0.656446,0.430038,-0.491398,0.9907,0.565617,0.409533,-0.561914,0.9974,0.642545,0.491846,-0.554504,0.997,0.615228,0.491728,-0.576598,0.9975,0.650589,0.460053,-0.335594,0.9995,0.43781,0.476783,-0.469778,0.9978,0.647491,0.500949,-0.150358,0.2806,0.313549,0.562972,-0.437989,0.9635,0.669733,0.649447,-0.095888,0.7549,0.307953,0.706187,-0.501366,0.9887,0.715048,0.675808,-0.108967,0.7936,0.289293,0.745061,-0.539564,0.9762,0.703045,0.674244,-0.137852,0.8433,0.327752,0.743773,-0.559446,0.9746,0.672747,0.664788,-0.105261,0.8434,0.337572,0.734782,-0.514805,0.9421,0.408073,0.492299,0.027168,0.9991,0.319573,0.491378,-0.02565,0.999,0.344508,0.409366,0.368913,0.4839,0.253815,0.42637,0.319714,0.7581,0.252941,0.325741,0.751079,0.6333,0.173016,0.337998,0.674915,0.9073,0.235678,0.308104,0.791545,0.6103,0.166986,0.322262,0.713109,0.8334,0.226496,0.312614,0.781971,0.724,0.147252,0.332039,0.688931,0.8772
bhujangasana_tf_0309,bhujangasana,,TF,train,unlabelled,,Apache-2.0,data/datasets/yoga_poses/train/cobra/guy2_cobra122.jpg,True,300,300,True,0.9931,0.0564,176.785,160.328,157.097,95.055,90.848,10.036,118.776,114.133,179.341,152.236,160.328,176.785,95.055,157.097,152.236,179.341,114.133,118.776,38.231,76.843,114.133,160.328,95.055,38.231,73.234,73.234,7.126,6.304,21.851,41.862,-0.2885,0.3765,0.4904,1.5414,0.622812,0.509705,-0.599649,0.9889,0.638187,0.477429,-0.601229,0.9867,0.644584,0.477749,-0.600088,0.9843,0.64848,0.474798,-0.59985,0.9824,0.618354,0.474282,-0.614741,0.9911,0.601313,0.473323,-0.615365,0.9909,0.580685,0.462793,-0.614632,0.9905,0.653904,0.446721,-0.513188,0.9905,0.541833,0.429643,-0.576693,0.9945,0.618716,0.521345,-0.558487,0.9966,0.594801,0.514115,-0.578646,0.9947,0.660116,0.462408,-0.375984,0.9993,0.411837,0.434982,-0.488357,0.9982,0.67896,0.534419,-0.218827,0.1941,0.251957,0.474752,-0.462303,0.9832,0.66227,0.649695,-0.184363,0.7281,0.283852,0.6781,-0.494224,0.9818,0.708708,0.673664,-0.20645,0.7615,0.268912,0.716531,-0.538684,0.9619,0.693676,0.669542,-0.222735,0.8241,0.305282,0.725027,-0.546508,0.9599,0.665378,0.661087,-0.190348,0.8114,0.313336,0.709205,-0.50419,0.922,0.43592,0.517542,0.049944,0.9931,0.325697,0.473343,-0.048522,0.9974,0.342631,0.416062,0.405265,0.0564,0.244636,0.400709,0.319131,0.3674,0.276074,0.334968,0.782492,0.0882,0.198839,0.316242,0.667759,0.5858,0.265541,0.310605,0.825657,0.1071,0.20511,0.290581,0.70745,0.4879,0.234981,0.35528,0.811976,0.1405,0.161921,0.355138,0.684972,0.5832
bhujangasana_tf_0310,bhujangasana,,TF,train,unlabelled,,Apache-2.0,data/datasets/yoga_poses/train/cobra/guy2_cobra123.jpg,True,300,300,True,0.9968,0.1211,170.079,170.042,155.411,92.582,94.048,12.182,110.742,100.269,178.516,149.686,170.042,170.079,92.582,155.411,149.686,178.516,100.269,110.742,37.223,77.366,100.269,170.042,92.582,37.223,73.532,73.532,1.641,4.703,21.461,55.14,-0.2835,0.3078,0.3857,1.5442,0.620535,0.501454,-0.597083,0.9916,0.635628,0.472366,-0.598468,0.989,0.643321,0.466646,-0.597432,0.9873,0.647263,0.463437,-0.597196,0.9858,0.610258,0.47104,-0.607322,0.9917,0.587567,0.463607,-0.607693,0.9912,0.576026,0.460217,-0.606791,0.9902,0.652265,0.444106,-0.512317,0.9869,0.537078,0.433249,-0.552196,0.9939,0.619469,0.516476,-0.557379,0.9966,0.59557,0.510363,-0.571227,0.9956,0.659667,0.463225,-0.369233,0.9996,0.419011,0.443425,-0.451299,0.9984,0.677455,0.517436,-0.213205,0.3291,0.257297,0.472759,-0.430628,0.9744,0.664135,0.635731,-0.182861,0.8143,0.284446,0.673578,-0.485383,0.9752,0.711807,0.665376,-0.210595,0.8172,0.268547,0.718213,-0.52157,0.9467,0.696583,0.660923,-0.226658,0.8742,0.301104,0.721798,-0.534089,0.9449,0.667054,0.648782,-0.189292,0.863,0.30902,0.705426,-0.495694,0.8958,0.441431,0.518113,0.031875,0.9968,0.337342,0.477192,-0.030235,0.9982,0.370855,0.416793,0.391574,0.1211,0.275285,0.38065,0.340368,0.3551,0.289851,0.335165,0.791185,0.1645,0.229665,0.331195,0.704369,0.4944,0.278871,0.314652,0.836346,0.179,0.231153,0.300791,0.745272,0.4239,0.253944,0.338996,0.82803,0.2273,0.177501,0.347587,0.728068,0.5185
bhujangasana_tf_0311,bhujangasana,,TF,train,unlabelled,,Apache-2.0,data/datasets/yoga_poses/train/cobra/guy2_cobra124.jpg,True,300,300,True,0.9986,0.1515,151.426,156.913,120.1,91.854,123.375,16.566,95.724,86.41,176.463,149.706,151.426,156.913,91.854,120.1,149.706,176.463,86.41,95.724,35.541,81.844,86.41,156.913,91.854,35.541,74.982,74.982,7.826,12.204,33.829,69.425,-0.2591,0.3032,0.4378,1.614,0.607071,0.511199,-0.618588,0.9952,0.623999,0.48397,-0.621488,0.9948,0.6283,0.481821,-0.620506,0.9942,0.636485,0.482312,-0.620265,0.9936,0.596305,0.479651,-0.626954,0.9957,0.569753,0.466629,-0.627214,0.9953,0.557527,0.461505,-0.625495,0.9945,0.645699,0.456816,-0.537023,0.9888,0.531341,0.428534,-0.557439,0.9963,0.601625,0.527741,-0.580635,0.9974,0.565517,0.520416,-0.5896,0.9956,0.653051,0.491231,-0.38208,0.9999,0.415454,0.439843,-0.440576,0.999,0.691225,0.529314,-0.190076,0.5405,0.261264,0.460413,-0.387722,0.9745,0.662183,0.638987,-0.121443,0.8743,0.28215,0.668021,-0.454378,0.9782,0.704529,0.663507,-0.139464,0.8738,0.267839,0.71229,-0.483544,0.9487,0.688442,0.659388,-0.153677,0.9147,0.300907,0.714998,-0.500019,0.944,0.662706,0.64864,-0.124841,0.9007,0.308263,0.70242,-0.464514,0.8792,0.435929,0.536165,0.012496,0.9986,0.341629,0.472967,-0.010756,0.9988,0.401719,0.427113,0.374675,0.1515,0.312221,0.394624,0.372306,0.308,0.319737,0.347917,0.79774,0.285,0.255122,0.334793,0.766686,0.4709,0.307109,0.329257,0.844954,0.2529,0.255975,0.31001,0.808377,0.3891,0.286824,0.33573,0.83568,0.2957,0.215972,0.331491,0.796237,0.4187
bhujangasana_tf_0312,bhujangasana,,TF,train,unlabelled,,Apache-2.0,data/datasets/yoga_poses/train/cobra/guy2_cobra125.jpg,True,300,300,True,0.999,0.3609,172.599,171.586,146.426,101.48,101.876,18.29,110.307,95.237,175.541,148.383,171.586,172.599,101.48,146.426,148.383,175.541,95.237,110.307,29.065,78.889,95.237,171.586,101.48,29.065,70.934,70.934,13.969,8.891,31.537,54.123,-0.3267,0.2823,0.4171,1.686,0.593577,0.494409,-0.622681,0.9935,0.615038,0.467312,-0.626599,0.9941,0.623834,0.462692,-0.625674,0.9936,0.632821,0.456468,-0.625508,0.9935,0.571345,0.448453,-0.630455,0.9942,0.559433,0.444953,-0.630716,0.9932,0.54764,0.441458,-0.628779,0.9918,0.63482,0.440027,-0.5428,0.988,0.518709,0.416512,-0.559147,0.9938,0.602514,0.508473,-0.583671,0.9973,0.554657,0.491306,-0.591744,0.9947,0.651864,0.473201,-0.394214,0.9999,0.419401,0.436834,-0.44594,0.999,0.677047,0.521688,-0.217438,0.5744,0.281371,0.463737,-0.403965,0.9398,0.664649,0.637158,-0.161414,0.9002,0.279796,0.663612,-0.480828,0.9365,0.706645,0.65683,-0.184127,0.8946,0.257462,0.703365,-0.515699,0.8645,0.690895,0.653261,-0.204313,0.9291,0.293142,0.708129,-0.534886,0.8561,0.658672,0.645494,-0.167162,0.9078,0.304706,0.69535,-0.49381,0.7273,0.450507,0.529307,0.015194,0.9992,0.356963,0.4719,-0.013414,0.9991,0.393917,0.451066,0.368419,0.3609,0.305109,0.396607,0.364747,0.5603,0.30446,0.356065,0.7699,0.5608,0.249493,0.336903,0.743894,0.7538,0.297701,0.349577,0.816117,0.4435,0.239693,0.304903,0.783248,0.6384,0.266422,0.352404,0.804183,0.4759,0.19166,0.331526,0.763747,0.6239
bhujangasana_tf_0313,bhujangasana,,TF,train,unlabelled,,Apache-2.0,data/datasets/yoga_poses/train/cobra/guy2_cobra131.jpg,True,300,300,True,0.9998,0.4483,169.486,176.257,141.05,116.065,114.845,32.175,112.033,86.966,156.619,134.769,169.486,176.257,116.065,141.05,134.769,156.619,86.966,112.033,8.551,96.395,112.033,169.486,116.065,8.551,61.273,61.273,1.953,27.035,47.944,39.713,-0.4806,0.1957,0.5654,1.6781,0.526237,0.502418,-0.647638,0.9993,0.554777,0.488221,-0.65796,0.998,0.565611,0.491942,-0.657775,0.9976,0.576692,0.495877,-0.657309,0.9968,0.525682,0.473182,-0.658267,0.999,0.516739,0.467088,-0.658534,0.9989,0.507888,0.461038,-0.655923,0.9979,0.601674,0.494634,-0.582943,0.9912,0.504755,0.439524,-0.575588,0.999,0.536901,0.517554,-0.61159,0.9991,0.506198,0.503286,-0.611351,0.9982,0.630711,0.526545,-0.369464,1.0,0.436464,0.427419,-0.435497,0.9998,0.675624,0.576721,-0.177915,0.7945,0.331489,0.468021,-0.367986,0.9687,0.678682,0.637499,-0.050611,0.9737,0.325511,0.537482,-0.425217,0.9834,0.715744,0.64724,-0.048428,0.9773,0.3125,0.555959,-0.433122,0.9507,0.700152,0.646761,-0.062806,0.9867,0.340285,0.559925,-0.452036,0.9486,0.675014,0.645552,-0.056726,0.9829,0.350787,0.554737,-0.433774,0.9256,0.456112,0.579881,-0.013664,0.9999,0.383146,0.499004,0.015606,0.9999,0.400611,0.511391,0.281625,0.6265,0.316554,0.443693,0.233142,0.4483,0.329222,0.379936,0.555271,0.8836,0.259142,0.402026,0.594223,0.714,0.312538,0.35536,0.578833,0.7863,0.255656,0.403536,0.624196,0.5054,0.305484,0.361744,0.549743,0.8812,0.229462,0.420246,0.5875,0.7572
bhujangasana_tf_0314,bhujangasana,,TF,train,unlabelled,,Apache-2.0,data/datasets/yoga_poses/train/cobra/guy2_cobra133.jpg,True,300,300,True,0.9998,0.5394,166.878,173.777,110.262,107.31,144.214,26.592,109.832,80.744,160.251,146.628,166.878,173.777,107.31,110.262,146.628,160.251,80.744,109.832,14.494,107.622,80.744,173.777,107.31,14.494,80.122,80.122,3.332,22.714,42.997,57.123,-0.1715,0.2966,0.7171,2.1881,0.547112,0.533101,-0.668263,0.9993,0.574331,0.518115,-0.687746,0.9994,0.588146,0.523015,-0.6871,0.9993,0.589179,0.526264,-0.686703,0.9993,0.548034,0.510289,-0.687322,0.9994,0.530949,0.499375,-0.687264,0.9994,0.521443,0.490209,-0.684884,0.9993,0.609891,0.520623,-0.625645,0.9993,0.51469,0.464017,-0.625553,0.9996,0.556818,0.555346,-0.632151,0.9995,0.524172,0.538485,-0.63424,0.9987,0.654842,0.547846,-0.419364,1.0,0.418357,0.448855,-0.495548,0.9998,0.696634,0.575675,-0.175354,0.8298,0.299576,0.481888,-0.466482,0.9922,0.683951,0.628928,-0.059016,0.9723,0.294806,0.636428,-0.592234,0.9885,0.719789,0.648215,-0.058548,0.9645,0.27116,0.671135,-0.623965,0.9556,0.702794,0.646848,-0.059997,0.9787,0.301318,0.677354,-0.642533,0.9519,0.675978,0.638533,-0.055183,0.9725,0.314004,0.663556,-0.604004,0.8974,0.460444,0.555066,0.020809,0.9999,0.381902,0.481833,-0.019009,0.9998,0.429668,0.478736,0.406335,0.5394,0.338721,0.415028,0.321293,0.7354,0.369003,0.392358,0.804119,0.8242,0.301936,0.341744,0.728107,0.7356,0.356227,0.370783,0.845634,0.758,0.29402,0.311985,0.770004,0.6387,0.347408,0.397224,0.833161,0.7581,0.27116,0.350621,0.735542,0.6748
bhujangasana_tf_0315,bhujangasana,,TF,train,unlabelled,,Apache-2.0,data/datasets/yoga_poses/train/cobra/guy2_cobra137.jpg,True,300,300,True,0.9992,0.0623,147.819,160.175,169.665,128.717,66.732,43.664,96.47,24.204,165.606,141.28,147.819,160.175,128.717,169.665,141.28,165.606,24.204,96.47,17.962,72.471,96.47,147.819,128.717,17.962,45.903,45.903,17.943,12.938,32.964,51.607,-0.6959,0.0999,1.392,1.7209,0.553341,0.490207,-0.679766,0.9995,0.573255,0.473539,-0.692559,0.999,0.582158,0.475254,-0.691164,0.9989,0.590966,0.477122,-0.690524,0.9987,0.547723,0.465348,-0.691664,0.9991,0.539269,0.461359,-0.692067,0.9989,0.5308,0.4575,-0.691878,0.9988,0.60462,0.472631,-0.633562,0.9994,0.518333,0.443091,-0.626399,0.9995,0.561059,0.504313,-0.644644,0.9999,0.534066,0.495328,-0.646438,0.9998,0.64832,0.501027,-0.483488,1.0,0.452666,0.456081,-0.483857,0.9999,0.655992,0.55143,-0.434945,0.9209,0.345829,0.507219,-0.456595,0.9959,0.676698,0.611601,-0.545475,0.9877,0.318789,0.623067,-0.562072,0.9964,0.685284,0.641763,-0.592805,0.9906,0.299848,0.644597,-0.605606,0.9934,0.671936,0.636108,-0.613642,0.9922,0.336855,0.653678,-0.61604,0.9927,0.655072,0.623383,-0.558923,0.9863,0.34663,0.646873,-0.57615,0.9845,0.509527,0.587495,-0.014533,0.9997,0.423903,0.531966,0.015953,0.9992,0.473733,0.542322,0.307403,0.3334,0.415859,0.398383,0.464146,0.1012,0.433816,0.528245,0.726899,0.2283,0.403132,0.36879,0.79353,0.0623,0.423837,0.521654,0.774663,0.3466,0.407118,0.361547,0.823562,0.0905,0.426036,0.55377,0.79984,0.1621,0.380254,0.363629,0.857938,0.0595
bhujangasana_tf_0316,bhujangasana,,TF,train,unlabelled,,Apache-2.0,data/datasets/yoga_poses/train/cobra/guy2_cobra139.jpg,True,300,300,True,0.9997,0.1914,36.161,47.02,114.047,169.932,72.433,13.198,126.673,107.403,161.526,105.948,36.161,47.02,114.047,169.932,105.948,161.526,107.403,126.673,15.38,94.996,126.673,47.02,114.047,94.996,69.26,69.26,24.256,35.658,55.905,39.848,-0.3541,0.0092,0.4672,0.8619,0.598687,0.480361,-0.462471,0.9996,0.610241,0.476872,-0.475237,0.9994,0.615484,0.4796,-0.47344,0.9994,0.620607,0.482437,-0.473182,0.9994,0.596777,0.468015,-0.475918,0.9992,0.592401,0.464762,-0.476224,0.9989,0.588114,0.461544,-0.474624,0.9985,0.635715,0.485328,-0.419242,0.9996,0.589653,0.452401,-0.433304,0.9986,0.606931,0.489992,-0.430459,0.9997,0.591891,0.48057,-0.436726,0.9993,0.65609,0.517335,-0.30205,1.0,0.549098,0.440571,-0.266412,0.9997,0.651051,0.587822,-0.193125,0.8351,0.450455,0.472871,-0.062913,0.2107,0.685858,0.606436,-0.091762,0.8163,0.421923,0.476913,0.048262,0.1914,0.681989,0.603959,-0.076995,0.7963,0.40449,0.477942,0.089599,0.2329,0.677202,0.60183,-0.078218,0.8338,0.4121,0.475069,0.060788,0.2487,0.671034,0.597997,-0.084389,0.8309,0.423745,0.478801,0.045095,0.3027,0.477977,0.560025,-0.037225,1.0,0.441464,0.506086,0.038451,1.0,0.383499,0.481174,-0.105887,0.9492,0.346863,0.423069,-0.019797,0.8734,0.401571,0.553707,0.007577,0.8147,0.35231,0.605365,-0.09759,0.821,0.421934,0.561185,0.017346,0.8133,0.365272,0.629751,-0.100448,0.6935,0.357994,0.57315,0.050327,0.8858,0.329676,0.667245,-0.105047,0.8914
bhujangasana_y107_0001,bhujangasana,,Y107,train,unlabelled,,not stated by the host (web photographs); included for research and education,data/datasets/yoga107/bhujangasana/001.jpg,True,550,161,True,0.9959,0.1007,174.05,173.842,62.891,52.324,1.884,5.583,161.224,162.713,155.701,155.944,173.842,174.05,52.324,62.891,155.701,155.944,161.224,162.713,41.554,46.402,162.713,173.842,52.324,46.402,68.181,68.181,5.484,71.085,87.228,2.255,-0.3717,-0.1476,0.0347,0.1689,0.990276,0.313972,-0.074293,0.9985,0.980362,0.266116,-0.060094,0.9987,0.978029,0.263605,-0.059598,0.999,0.975216,0.261688,-0.059597,0.9991,0.980016,0.273066,-0.093212,0.9976,0.977601,0.274798,-0.094027,0.997,0.974766,0.277072,-0.093149,0.9963,0.948055,0.274393,0.013095,0.9996,0.949209,0.296079,-0.146246,0.9971,0.981546,0.347275,-0.04562,0.9994,0.981004,0.353172,-0.090914,0.9987,0.851693,0.373508,0.108664,0.9999,0.865786,0.514001,-0.189341,0.9992,0.716695,0.562299,0.168847,0.1007,0.710494,0.645863,-0.172144,0.9597,0.796015,0.794779,0.218666,0.2369,0.812507,0.921734,-0.100026,0.8978,0.839425,0.781086,0.222391,0.2791,0.849608,0.934914,-0.115441,0.879,0.842364,0.850252,0.205734,0.2806,0.851716,0.8978,-0.096746,0.8677,0.83982,0.802242,0.208992,0.2661,0.839737,0.888288,-0.094096,0.8347,0.619246,0.729495,0.100204,0.9975,0.620409,0.811533,-0.099364,0.9959,0.414067,0.79539,0.132517,0.2714,0.400728,0.841085,-0.07308,0.8732,0.220628,0.788713,0.174177,0.4116,0.212037,0.797105,-0.034521,0.8662,0.199296,0.734884,0.170223,0.5233,0.194934,0.739892,-0.03312,0.8403,0.198523,0.883879,0.126863,0.586,0.179151,0.920556,-0.086292,0.8595
bhujangasana_y107_0002,bhujangasana,,Y107,train,unlabelled,,not stated by the host (web photographs); included for research and education,data/datasets/yoga107/bhujangasana/002.jpg,True,661,346,True,0.9992,0.0994,157.606,166.53,157.154,157.689,17.169,20.426,120.283,118.356,169.339,165.673,157.606,166.53,157.154,157.689,165.673,169.339,118.356,120.283,27.168,31.508,118.356,166.53,157.689,31.508,16.848,16.848,20.903,45.515,59.202,11.175,-0.9571,-0.5375,0.1973,0.0997,0.803544,0.059431,-0.088777,0.989,0.784532,0.049277,-0.068412,0.9933,0.783012,0.050867,-0.067603,0.9949,0.781119,0.052936,-0.068188,0.9963,0.782112,0.054027,-0.099324,0.9892,0.779292,0.058059,-0.09998,0.9879,0.776071,0.062844,-0.100116,0.9874,0.764811,0.095322,0.00243,0.9979,0.760787,0.105792,-0.150977,0.9902,0.809478,0.094742,-0.063828,0.995,0.807071,0.099178,-0.106078,0.991,0.762066,0.299261,0.088368,0.9998,0.77954,0.33325,-0.23093,0.9992,0.763989,0.617302,0.072148,0.1477,0.788987,0.651549,-0.268993,0.9915,0.815849,0.845073,0.030152,0.0994,0.860047,0.935448,-0.309028,0.9684,0.827492,0.874954,0.035794,0.1074,0.883042,0.976609,-0.362474,0.9554,0.841973,0.8806,0.002939,0.113,0.895684,0.966858,-0.335142,0.954,0.831332,0.87252,0.011499,0.1391,0.883659,0.953308,-0.306284,0.9258,0.691753,0.752534,0.087321,0.9998,0.704875,0.794588,-0.085787,0.9994,0.46585,0.858348,0.136677,0.3029,0.446149,0.892233,-0.046965,0.894,0.274286,0.802882,0.196737,0.373,0.243621,0.876728,-0.00518,0.866,0.246362,0.766423,0.198601,0.6149,0.220914,0.844417,-0.00524,0.938,0.181662,0.886755,0.146821,0.5137,0.19675,0.936244,-0.09426,0.8567
bhujangasana_y107_0003,bhujangasana,,Y107,train,unlabelled,,not stated by the host (web photographs); included for research and education,data/datasets/yoga107/bhujangasana/003.jpg,True,522,280,True,0.9995,0.0792,173.546,170.416,178.755,171.443,35.618,36.017,112.037,115.129,160.014,156.98,170.416,173.546,171.443,178.755,156.98,160.014,112.037,115.129,36.22,39.428,112.037,173.546,178.755,36.22,16.321,-16.321,51.229,29.763,38.926,5.802,-0.9597,-0.5784,0.1025,0.0785,0.295946,0.025782,-0.088975,0.9995,0.313697,0.048929,-0.093918,0.9994,0.314226,0.055394,-0.092765,0.9994,0.31471,0.062733,-0.093736,0.9994,0.314168,0.046494,-0.066273,0.9995,0.315014,0.050531,-0.067655,0.9996,0.315907,0.055221,-0.066635,0.9996,0.308104,0.124553,-0.116972,0.9996,0.309717,0.112795,0.00091,0.9999,0.275884,0.047889,-0.104386,0.9997,0.276235,0.043675,-0.067643,0.9999,0.233485,0.306409,-0.199424,0.9999,0.250634,0.288126,0.067121,1.0,0.173158,0.626066,-0.248891,0.9878,0.191703,0.596507,0.065773,0.1476,0.113196,0.92301,-0.302544,0.9907,0.13673,0.787914,0.039049,0.6335,0.08081,0.961413,-0.356781,0.9802,0.114313,0.808438,0.056811,0.5767,0.069714,0.946015,-0.330353,0.9784,0.113376,0.805827,0.02325,0.5818,0.084391,0.934889,-0.294224,0.9545,0.120136,0.806497,0.024371,0.5503,0.304394,0.760405,-0.083321,0.9997,0.321228,0.735057,0.08442,0.9995,0.58479,0.813525,-0.070135,0.9334,0.553265,0.80141,0.135594,0.0792,0.711143,0.810847,0.002133,0.8615,0.735749,0.796282,0.225721,0.1064,0.722033,0.787875,0.00409,0.9388,0.754508,0.774144,0.233556,0.2957,0.793198,0.81823,-0.054806,0.812,0.809823,0.785342,0.192255,0.1497
bhujangasana_y107_0004,bhujangasana,,Y107,holdout,unlabelled,,not stated by the host (web photographs); included for research and education,data/datasets/yoga107/bhujangasana/004.jpg,True,439,286,True,0.9989,0.3313,169.687,171.495,164.397,171.417,31.369,34.426,115.52,113.712,156.559,155.603,169.687,171.495,164.397,171.417,155.603,156.559,113.712,115.52,38.003,38.322,113.712,171.495,171.417,38.322,14.245,14.245,15.915,57.583,64.426,9.787,-0.9693,-0.5888,0.1056,0.0766,0.763826,0.103763,-0.068521,0.9968,0.740318,0.084599,-0.049336,0.9979,0.73847,0.085382,-0.048491,0.9985,0.736456,0.086198,-0.049132,0.999,0.737419,0.089161,-0.080956,0.9952,0.733328,0.093429,-0.081491,0.9938,0.728891,0.097804,-0.08158,0.9929,0.712592,0.127279,0.023302,0.9995,0.706021,0.138428,-0.136898,0.9937,0.77044,0.141578,-0.04212,0.9989,0.766229,0.143838,-0.086616,0.997,0.719662,0.35087,0.102241,1.0,0.707779,0.379594,-0.212903,0.9992,0.777334,0.643957,0.07522,0.5748,0.78023,0.677017,-0.23843,0.9891,0.856569,0.835536,0.017656,0.6317,0.863848,0.90777,-0.269141,0.983,0.889921,0.854193,0.026042,0.5875,0.894437,0.937256,-0.328262,0.9789,0.899105,0.85562,-0.011687,0.6131,0.908312,0.919939,-0.304556,0.9783,0.8866,0.852413,-0.001269,0.6507,0.896795,0.909736,-0.26851,0.9599,0.64659,0.782643,0.08922,0.9998,0.638471,0.808682,-0.087292,0.9989,0.390036,0.858888,0.174947,0.3313,0.368031,0.880291,-0.032009,0.9377,0.151842,0.863004,0.243379,0.3843,0.126258,0.888599,0.023894,0.9406,0.120401,0.829428,0.243319,0.6218,0.112234,0.850558,0.024393,0.9687,0.071676,0.93392,0.191063,0.5228,0.085156,0.938522,-0.062213,0.9412
bhujangasana_y107_0005,bhujangasana,,Y107,train,unlabelled,,not stated by the host (web photographs); included for research and education,data/datasets/yoga107/bhujangasana/005.jpg,True,462,269,True,0.9845,0.0333,176.629,155.3,138.582,135.946,0.946,2.559,110.096,115.084,179.514,179.796,155.3,176.629,135.946,138.582,179.514,179.796,110.096,115.084,17.864,19.223,115.084,155.3,135.946,17.864,18.197,18.197,44.486,35.201,45.155,1.359,-0.95,-0.5151,0.3124,0.1165,0.852771,0.025519,-0.097081,0.9967,0.830691,0.047694,-0.071911,0.998,0.830679,0.051547,-0.070564,0.9983,0.830599,0.055655,-0.070807,0.9987,0.828792,0.051354,-0.104403,0.997,0.82737,0.057779,-0.106092,0.9964,0.825768,0.064368,-0.105436,0.9962,0.834052,0.108396,0.012945,0.9992,0.827853,0.124632,-0.156247,0.9974,0.875275,0.047105,-0.069116,0.998,0.874995,0.050528,-0.116821,0.9966,0.897527,0.279431,0.072032,0.9999,0.868288,0.314855,-0.235652,0.9997,0.837231,0.602141,0.065027,0.0333,0.796116,0.651418,-0.265464,0.9554,0.900345,0.849933,0.025403,0.2927,0.869577,0.937002,-0.27862,0.954,0.93258,0.866256,0.025667,0.3666,0.902871,0.978046,-0.324584,0.9638,0.94235,0.869244,0.004493,0.3951,0.919279,0.952273,-0.306648,0.9643,0.928186,0.867843,0.011399,0.3969,0.907412,0.941424,-0.278264,0.9524,0.799269,0.776931,0.095158,0.9924,0.7748,0.819184,-0.093606,0.9845,0.562111,0.786593,0.198384,0.0622,0.463196,0.88892,-0.012895,0.7828,0.406626,0.808688,0.348089,0.1166,0.310717,0.807476,0.084681,0.7339,0.384278,0.767814,0.35621,0.2245,0.283063,0.747885,0.095339,0.892,0.344412,0.904027,0.301178,0.198,0.2566,0.887841,0.023191,0.7861
bhujangasana_y107_0006,bhujangasana,,Y107,train,unlabelled,,not stated by the host (web photographs); included for research and education,data/datasets/yoga107/bhujangasana/006.jpg,True,553,368,True,0.9988,0.133,172.138,173.198,166.969,167.104,26.941,23.542,129.602,128.295,175.349,178.904,172.138,173.198,166.969,167.104,175.349,178.904,128.295,129.602,29.215,33.163,129.602,172.138,166.969,33.163,28.319,-28.319,14.2,68.738,86.3,10.176,-0.8803,-0.501,0.1191,0.0503,0.031188,0.116249,-0.018194,0.9968,0.049661,0.097845,-0.032697,0.996,0.052993,0.100564,-0.032109,0.9956,0.05672,0.103384,-0.032485,0.9955,0.048668,0.094171,0.002942,0.9973,0.051111,0.094091,0.002025,0.9977,0.054276,0.094094,0.002905,0.998,0.082465,0.130876,-0.084933,0.9964,0.083302,0.122622,0.067907,0.999,0.036169,0.154097,-0.040062,0.9971,0.033904,0.148461,0.005348,0.9986,0.117973,0.36463,-0.17045,0.9995,0.123719,0.342441,0.140738,0.9998,0.123171,0.649495,-0.209368,0.9695,0.138644,0.622588,0.145444,0.133,0.08873,0.90477,-0.22432,0.9351,0.117369,0.841259,0.085337,0.3719,0.059771,0.920905,-0.264272,0.8963,0.085271,0.854455,0.08089,0.3722,0.051004,0.912355,-0.248539,0.8914,0.079467,0.862634,0.054403,0.3744,0.062333,0.909926,-0.218884,0.8409,0.092267,0.863225,0.069467,0.3559,0.271132,0.788315,-0.109367,0.9995,0.269597,0.752656,0.110881,0.9988,0.532853,0.865409,-0.106289,0.9402,0.536325,0.8246,0.135096,0.138,0.813748,0.889217,-0.064023,0.9624,0.788879,0.846975,0.247459,0.3127,0.834115,0.861385,-0.061705,0.973,0.812229,0.822559,0.255522,0.5715,0.92733,0.937282,-0.129565,0.9534,0.869179,0.913169,0.202552,0.5433
bhujangasana_y107_0007,bhujangasana,,Y107,train,unlabelled,,not stated by the host (web photographs); included for research and education,data/datasets/yoga107/bhujangasana/007.jpg,True,781,502,True,0.9985,0.0598,173.212,174.598,121.118,126.05,14.891,18.213,134.688,134.215,176.98,176.657,173.212,174.598,121.118,126.05,176.657,176.98,134.215,134.688,40.861,41.56,134.688,173.212,121.118,41.56,38.053,-38.053,14.935,26.713,63.343,6.148,-0.7874,-0.4262,0.1414,0.1584,0.067586,0.190385,-0.040331,0.9963,0.084155,0.168019,-0.052829,0.9953,0.087121,0.16974,-0.052279,0.9947,0.090624,0.171634,-0.052647,0.9943,0.083455,0.165135,-0.019558,0.9971,0.085693,0.164992,-0.020654,0.9975,0.088397,0.164738,-0.019701,0.9978,0.117611,0.198325,-0.095644,0.9951,0.116432,0.1895,0.045121,0.999,0.075407,0.230112,-0.059745,0.9968,0.073946,0.22582,-0.017506,0.9985,0.148568,0.400476,-0.18403,0.9985,0.189949,0.368078,0.128968,0.9997,0.229694,0.688705,-0.216271,0.9482,0.248469,0.627975,0.126049,0.0598,0.131453,0.905101,-0.224616,0.9134,0.173889,0.79589,0.051383,0.1509,0.090384,0.929236,-0.262248,0.8721,0.144863,0.783806,0.044891,0.1761,0.075398,0.908252,-0.239166,0.8635,0.139224,0.784316,0.015758,0.1746,0.089386,0.901271,-0.215588,0.7984,0.145613,0.79298,0.0337,0.1686,0.339533,0.773454,-0.106205,0.9991,0.359492,0.7116,0.107523,0.9987,0.612219,0.819154,-0.100061,0.9326,0.623397,0.759808,0.135046,0.1502,0.878083,0.814532,-0.050701,0.9698,0.849695,0.767763,0.238847,0.3772,0.895631,0.774584,-0.046681,0.9662,0.870091,0.748506,0.244987,0.6029,0.964802,0.884386,-0.115606,0.9552,0.935586,0.854371,0.190512,0.5832
bhujangasana_y107_0008,bhujangasana,,Y107,holdout,unlabelled,,not stated by the host (web photographs); included for research and education,data/datasets/yoga107/bhujangasana/008.jpg,True,502,296,True,0.9972,0.0865,174.577,163.247,154.522,160.007,10.353,15.325,112.841,119.255,170.872,165.547,163.247,174.577,154.522,160.007,165.547,170.872,112.841,119.255,22.107,24.639,119.255,163.247,160.007,24.639,11.569,11.569,5.713,54.248,89.651,9.862,-0.9797,-0.5799,0.1642,0.0741,0.880641,0.106024,-0.121342,0.9801,0.863141,0.088349,-0.105245,0.9897,0.861026,0.088724,-0.104272,0.9923,0.858875,0.089079,-0.104952,0.9947,0.861517,0.091271,-0.137842,0.982,0.85894,0.09386,-0.138658,0.9785,0.855795,0.096404,-0.138456,0.9775,0.836497,0.123535,-0.042142,0.9973,0.832408,0.130355,-0.207415,0.9838,0.885408,0.14427,-0.098701,0.9925,0.880919,0.14383,-0.144468,0.9849,0.82652,0.332742,0.044425,0.9999,0.815996,0.357533,-0.297172,0.9985,0.81824,0.638897,-0.004117,0.1547,0.832701,0.672561,-0.328301,0.9946,0.878504,0.881417,-0.066026,0.168,0.901879,0.922649,-0.340798,0.9758,0.900405,0.924733,-0.058938,0.1506,0.910869,0.969906,-0.403705,0.962,0.909429,0.905633,-0.089739,0.1605,0.937738,0.949803,-0.382182,0.9628,0.897,0.900568,-0.084664,0.1966,0.931397,0.940848,-0.3414,0.9358,0.772434,0.730721,0.106304,0.9995,0.772566,0.767455,-0.104478,0.9972,0.615443,0.777007,0.207844,0.0941,0.598776,0.86934,-0.041576,0.9679,0.445617,0.85572,0.249578,0.0865,0.40892,0.882364,-0.004881,0.9341,0.419597,0.858142,0.242855,0.2441,0.399091,0.837498,-0.005017,0.9684,0.35249,0.953789,0.218493,0.1092,0.328206,0.932873,-0.067,0.9127
bhujangasana_y107_0009,bhujangasana,,Y107,train,unlabelled,,not stated by the host (web photographs); included for research and education,data/datasets/yoga107/bhujangasana/009.jpg,True,916,473,True,0.9985,0.591,106.184,169.4,160.865,163.298,53.805,63.292,29.0,126.931,144.214,140.61,106.184,169.4,160.865,163.298,140.61,144.214,29.0,126.931,63.149,71.407,126.931,169.4,160.865,63.149,29.76,-29.76,16.661,26.781,77.045,4.914,-0.8681,-0.4266,2.2106,0.1237,0.262557,0.182454,-0.160353,0.9999,0.273572,0.146497,-0.174047,0.9999,0.277316,0.145803,-0.173154,0.9999,0.2813,0.145369,-0.173727,0.9999,0.269551,0.145203,-0.139882,0.9999,0.270439,0.143425,-0.140748,0.9999,0.271547,0.141197,-0.140088,0.9999,0.312117,0.155202,-0.202367,0.9999,0.303705,0.149214,-0.062257,1.0,0.274365,0.219568,-0.174294,0.9999,0.270577,0.218195,-0.131418,1.0,0.348693,0.39406,-0.261736,0.9998,0.322131,0.368097,0.036503,1.0,0.274036,0.684776,-0.298504,0.9803,0.242346,0.622476,0.045789,0.5935,0.159713,0.901756,-0.290844,0.9811,0.134396,0.810868,-0.02155,0.591,0.124547,0.938933,-0.34442,0.9687,0.099439,0.83457,-0.029199,0.5612,0.113731,0.923466,-0.319598,0.9666,0.092668,0.841143,-0.070146,0.5736,0.123246,0.911631,-0.28355,0.9478,0.107159,0.846672,-0.044802,0.5946,0.455975,0.795512,-0.076214,0.9985,0.453551,0.77511,0.077251,0.9997,0.400838,0.724469,-0.001699,0.8815,0.682422,0.813213,0.11284,0.9546,0.352446,0.803606,0.177763,0.8866,0.883773,0.774382,0.154688,0.9655,0.341452,0.830067,0.185941,0.8496,0.911483,0.767022,0.161865,0.9635,0.32893,0.773251,0.135162,0.8538,0.968096,0.82295,0.132037,0.9289
bhujangasana_y107_0010,bhujangasana,,Y107,train,unlabelled,,not stated by the host (web photographs); included for research and education,data/datasets/yoga107/bhujangasana/010.jpg,True,603,305,True,0.9996,0.0635,161.566,157.097,161.631,170.488,22.29,25.82,124.534,126.049,171.5,171.896,157.097,161.566,161.631,170.488,171.5,171.896,124.534,126.049,29.727,30.214,126.049,157.097,170.488,30.214,21.676,21.676,37.52,21.489,38.79,13.307,-0.9293,-0.606,0.0653,0.1233,0.783069,0.018211,-0.130486,0.9994,0.762766,0.021066,-0.103115,0.9994,0.76239,0.023785,-0.10233,0.9995,0.761776,0.027087,-0.102808,0.9995,0.759925,0.028062,-0.128633,0.9993,0.757745,0.03515,-0.129469,0.9992,0.755132,0.042694,-0.129781,0.9991,0.754092,0.089764,-0.010902,0.9996,0.747337,0.103915,-0.142166,0.9992,0.79673,0.060917,-0.099551,0.9995,0.795928,0.067141,-0.135705,0.9992,0.769398,0.3198,0.08966,0.9998,0.799396,0.343149,-0.230177,0.9997,0.772581,0.658828,0.090003,0.0894,0.810546,0.683085,-0.261062,0.9883,0.811525,0.87707,0.045387,0.0635,0.844389,0.967842,-0.28688,0.9342,0.825567,0.921798,0.04773,0.0749,0.873549,0.999495,-0.333005,0.9061,0.841357,0.918484,0.012482,0.0765,0.888201,0.997992,-0.305493,0.901,0.834019,0.914381,0.024066,0.0933,0.871975,0.987742,-0.283465,0.8698,0.676323,0.793561,0.094158,0.9998,0.69933,0.830119,-0.092518,0.9996,0.426109,0.910567,0.110764,0.1634,0.423038,0.965696,-0.08836,0.9623,0.183944,0.867615,0.139954,0.3345,0.169892,0.886751,-0.071706,0.9283,0.164873,0.807357,0.140428,0.4861,0.153078,0.841882,-0.072735,0.9495,0.12838,0.893553,0.089896,0.4383,0.116932,0.94679,-0.153687,0.8923
bhujangasana_y107_0011,bhujangasana,,Y107,train,unlabelled,,not stated by the host (web photographs); included for research and education,data/datasets/yoga107/bhujangasana/011.jpg,True,259,151,True,0.9899,0.0233,154.48,140.046,177.092,175.763,12.21,16.101,113.816,120.539,169.818,169.378,140.046,154.48,175.763,177.092,169.378,169.818,113.816,120.539,13.523,14.245,120.539,140.046,175.763,14.245,3.483,3.483,17.234,53.978,64.433,20.476,-0.9982,-0.6398,0.1235,0.0792,0.868244,0.051832,-0.165838,0.9268,0.848222,0.051147,-0.150215,0.9557,0.847842,0.051559,-0.149322,0.9617,0.847418,0.05232,-0.149569,0.969,0.844576,0.060274,-0.178632,0.9407,0.839769,0.068135,-0.179474,0.9354,0.836503,0.076005,-0.179578,0.9323,0.837572,0.097294,-0.076261,0.9827,0.82675,0.126911,-0.223929,0.948,0.879526,0.08297,-0.138224,0.9569,0.876392,0.09255,-0.178617,0.926,0.855968,0.305308,0.036985,0.9969,0.867299,0.332037,-0.30585,0.9899,0.881752,0.588718,0.037394,0.0364,0.907292,0.642009,-0.342095,0.9323,0.90986,0.819957,0.034324,0.0393,0.927982,0.887014,-0.313547,0.7459,0.925695,0.880826,0.047259,0.0413,0.937122,0.954798,-0.356604,0.6307,0.933291,0.906637,0.017956,0.0413,0.94774,0.957145,-0.33325,0.6143,0.925006,0.881006,0.018536,0.0493,0.943345,0.938269,-0.3114,0.5665,0.841946,0.717343,0.104574,0.9982,0.851777,0.75259,-0.103145,0.9936,0.666719,0.82957,0.169529,0.0233,0.65989,0.91969,-0.071003,0.8983,0.491157,0.80299,0.200997,0.1062,0.474788,0.846176,-0.04058,0.8495,0.476882,0.775846,0.199616,0.2242,0.463835,0.812127,-0.042177,0.8174,0.425615,0.839572,0.181652,0.1536,0.40096,0.857497,-0.114664,0.6416
bhujangasana_y107_0012,bhujangasana,,Y107,holdout,unlabelled,,not stated by the host (web photographs); included for research and education,data/datasets/yoga107/bhujangasana/012.jpg,True,1024,528,True,0.8123,0.015,78.224,143.413,154.81,152.703,24.557,21.725,108.48,126.066,154.644,162.429,78.224,143.413,152.703,154.81,154.644,162.429,108.48,126.066,37.421,38.157,126.066,143.413,152.703,37.421,16.538,16.538,30.122,40.841,7.136,5.679,-0.9586,-0.5931,1.1656,0.1102,0.746541,0.023507,-0.048851,0.8512,0.732777,0.041239,-0.032594,0.9172,0.732461,0.044033,-0.031787,0.9404,0.732023,0.046693,-0.032062,0.9558,0.731971,0.040655,-0.06282,0.8543,0.731049,0.043147,-0.063519,0.8317,0.729886,0.045644,-0.063324,0.8087,0.713247,0.132728,0.040584,0.9832,0.717197,0.121714,-0.113759,0.8937,0.757886,0.072604,-0.023337,0.9181,0.757238,0.070868,-0.065664,0.8339,0.726789,0.317467,0.115025,0.998,0.746868,0.283805,-0.185412,0.9887,0.752803,0.559899,0.096445,0.0336,0.750057,0.472704,-0.252238,0.6564,0.842632,0.791545,0.074788,0.0713,0.813956,0.694694,-0.287721,0.4678,0.856946,0.780749,0.084678,0.088,0.823759,0.731247,-0.328115,0.4164,0.878136,0.823833,0.053045,0.1019,0.836265,0.737389,-0.309245,0.4047,0.856,0.800731,0.058526,0.1171,0.830626,0.731463,-0.287409,0.3972,0.67652,0.746535,0.092656,0.9292,0.659985,0.75055,-0.091327,0.8123,0.581237,0.764912,0.139378,0.015,0.444518,0.872076,-0.060758,0.2212,0.598443,0.871039,0.248301,0.0152,0.321305,0.783345,0.006144,0.1543,0.595189,0.856243,0.253258,0.0422,0.30092,0.736621,0.013323,0.1644,0.617463,0.968447,0.247814,0.0293,0.293905,0.817865,-0.036545,0.19
bhujangasana_y107_0014,bhujangasana,,Y107,train,unlabelled,,not stated by the host (web photographs); included for research and education,data/datasets/yoga107/bhujangasana/014.jpg,True,699,359,True,0.998,0.1443,170.711,172.995,171.118,178.382,43.899,47.322,117.176,115.123,150.38,150.961,170.711,172.995,171.118,178.382,150.38,150.961,115.123,117.176,48.085,48.246,115.123,172.995,178.382,48.085,18.844,18.844,36.431,8.049,57.024,6.077,-0.9464,-0.5891,0.0718,0.0857,0.708603,0.02636,-0.078206,0.9971,0.688733,0.031038,-0.050787,0.9976,0.68743,0.03588,-0.049789,0.998,0.685826,0.041354,-0.05009,0.9983,0.688801,0.032773,-0.083777,0.9965,0.687867,0.038624,-0.084708,0.996,0.686629,0.045319,-0.084767,0.9957,0.677872,0.105236,0.031329,0.9989,0.679956,0.108308,-0.136824,0.9966,0.720365,0.065547,-0.050909,0.9986,0.720404,0.067573,-0.097949,0.9976,0.704725,0.332399,0.101778,0.9996,0.727589,0.338695,-0.228858,0.999,0.778366,0.636111,0.092246,0.2053,0.817207,0.663096,-0.261976,0.9928,0.871225,0.902606,0.065648,0.1443,0.901393,0.948229,-0.277541,0.9681,0.901531,0.909535,0.068368,0.1378,0.942404,0.968469,-0.323112,0.9638,0.910636,0.924655,0.033417,0.1465,0.946328,0.962267,-0.30087,0.9631,0.894534,0.929157,0.047119,0.1645,0.928653,0.962562,-0.275321,0.9472,0.621916,0.81078,0.09637,0.9993,0.636255,0.853811,-0.094774,0.998,0.36916,0.884768,0.142375,0.1672,0.364097,0.910229,-0.068438,0.9446,0.139236,0.878988,0.199497,0.2197,0.124191,0.902662,-0.01979,0.9058,0.111598,0.828243,0.200734,0.3455,0.100081,0.855475,-0.018517,0.9468,0.033578,0.929016,0.134026,0.3607,0.010462,0.95042,-0.108545,0.9078
bhujangasana_y107_0015,bhujangasana,,Y107,train,unlabelled,,not stated by the host (web photographs); included for research and education,data/datasets/yoga107/bhujangasana/015.jpg,True,682,396,True,0.9979,0.0776,167.371,166.467,105.562,133.976,6.836,13.118,142.32,143.401,172.601,164.277,166.467,167.371,105.562,133.976,164.277,172.601,142.32,143.401,31.57,39.793,142.32,167.371,105.562,39.793,47.243,-47.243,17.758,89.501,83.963,5.128,-0.6789,-0.4468,0.2395,0.1034,0.041377,0.145204,-0.1136,0.9919,0.05929,0.127551,-0.130092,0.9909,0.063427,0.132488,-0.129363,0.9908,0.068939,0.137811,-0.129855,0.9908,0.05821,0.121364,-0.094563,0.9923,0.061112,0.122093,-0.095552,0.9929,0.064478,0.122612,-0.09447,0.9929,0.102847,0.177392,-0.181677,0.9934,0.098898,0.164408,-0.032073,0.9964,0.049212,0.201721,-0.134479,0.9954,0.047292,0.194487,-0.090098,0.9966,0.172085,0.415392,-0.244415,0.9992,0.171801,0.359353,0.050756,0.9996,0.307006,0.688838,-0.247377,0.9698,0.272966,0.615959,0.073685,0.0776,0.211111,0.93294,-0.224604,0.9571,0.24768,0.823536,0.035598,0.2057,0.183255,0.972483,-0.260981,0.926,0.232317,0.834144,0.035643,0.2409,0.165707,0.947627,-0.240639,0.9237,0.193959,0.846186,0.008744,0.2464,0.175226,0.934736,-0.216647,0.8835,0.203235,0.853215,0.02048,0.2391,0.404966,0.786887,-0.107816,0.9988,0.401094,0.723834,0.109334,0.9979,0.682232,0.829737,-0.059406,0.9285,0.658314,0.771231,0.169505,0.1249,0.948808,0.769285,0.002524,0.9286,0.878652,0.721773,0.293857,0.2674,0.980408,0.720784,0.006781,0.9409,0.930588,0.683137,0.302469,0.4862,1.028144,0.800721,-0.053774,0.869,0.971014,0.771849,0.261917,0.4842
bhujangasana_y107_0016,bhujangasana,,Y107,holdout,unlabelled,,not stated by the host (web photographs); included for research and education,data/datasets/yoga107/bhujangasana/016.jpg,True,521,265,True,0.9918,0.093,172.593,173.126,167.795,169.844,62.885,60.401,133.808,133.216,147.18,150.245,172.593,173.126,167.795,169.844,147.18,150.245,133.216,133.808,65.126,68.928,133.808,172.593,167.795,68.928,35.737,-35.737,21.18,65.75,55.936,7.699,-0.8117,-0.4726,0.0975,0.0729,0.217687,0.112367,-0.045524,0.9978,0.236867,0.092176,-0.055062,0.9975,0.240935,0.096417,-0.054508,0.9975,0.245468,0.100717,-0.054849,0.9974,0.234444,0.087883,-0.023552,0.9979,0.236435,0.088666,-0.024558,0.998,0.239134,0.089564,-0.023984,0.998,0.270098,0.143857,-0.085448,0.9979,0.264474,0.128931,0.04691,0.9985,0.221464,0.165697,-0.060593,0.998,0.218299,0.15997,-0.020483,0.9986,0.301369,0.381435,-0.179207,0.9986,0.293265,0.346065,0.119539,0.9987,0.2266,0.672746,-0.226076,0.9825,0.221846,0.646779,0.098045,0.1766,0.124179,0.921575,-0.259941,0.9678,0.13718,0.882873,0.042107,0.2773,0.077895,0.941483,-0.305897,0.949,0.098051,0.886444,0.043234,0.2841,0.068738,0.92678,-0.282712,0.9442,0.089809,0.891933,0.008568,0.2873,0.08432,0.923624,-0.251525,0.9088,0.105341,0.895026,0.022992,0.2948,0.459649,0.808042,-0.101511,0.9953,0.451026,0.782968,0.103077,0.9918,0.692182,0.869846,-0.105708,0.9137,0.683604,0.845965,0.116381,0.093,0.910434,0.87203,-0.072433,0.935,0.885958,0.852705,0.213493,0.1822,0.932873,0.829067,-0.072424,0.9119,0.908303,0.810414,0.220188,0.4356,1.014962,0.956543,-0.159475,0.8437,0.963599,0.929964,0.15724,0.3759
bhujangasana_y107_0017,bhujangasana,,Y107,train,unlabelled,,not stated by the host (web photographs); included for research and education,data/datasets/yoga107/bhujangasana/017.jpg,True,977,485,True,0.9969,0.0454,171.883,169.031,117.765,118.826,9.918,16.406,130.286,133.607,175.117,172.612,169.031,171.883,117.765,118.826,172.612,175.117,130.286,133.607,38.691,41.193,130.286,171.883,117.765,38.691,33.806,-33.806,27.308,54.652,65.878,6.478,-0.8309,-0.534,0.113,0.122,0.070362,0.087436,-0.034846,0.9884,0.089408,0.08278,-0.045641,0.9898,0.092236,0.086578,-0.044957,0.9896,0.09559,0.090354,-0.045488,0.9896,0.088368,0.080255,-0.013288,0.9923,0.090229,0.082017,-0.014357,0.9935,0.092918,0.083255,-0.013458,0.9942,0.112312,0.135555,-0.085817,0.9931,0.112545,0.125052,0.051955,0.9976,0.06709,0.13233,-0.054136,0.9956,0.065758,0.12835,-0.012887,0.9976,0.116765,0.398757,-0.179106,0.9992,0.135451,0.345688,0.13154,0.9997,0.183748,0.703399,-0.196218,0.9734,0.181249,0.640093,0.150778,0.0454,0.094171,0.931516,-0.187402,0.92,0.106367,0.797534,0.084924,0.1542,0.062329,0.959802,-0.228159,0.8623,0.084803,0.798204,0.08533,0.1899,0.052706,0.936077,-0.207525,0.8578,0.0747,0.800173,0.057553,0.1982,0.063398,0.925423,-0.179536,0.7887,0.083329,0.804735,0.068559,0.1907,0.266121,0.848056,-0.110178,0.9973,0.280672,0.782596,0.111668,0.9969,0.530556,0.908543,-0.097106,0.8997,0.528646,0.868899,0.12159,0.0624,0.763584,0.895111,-0.071358,0.9001,0.739188,0.86026,0.221757,0.1391,0.792031,0.844902,-0.070633,0.8954,0.763636,0.827439,0.228557,0.3411,0.840393,0.945091,-0.144229,0.8138,0.806072,0.920455,0.169778,0.2869
bhujangasana_y107_0018,bhujangasana,,Y107,train,unlabelled,,not stated by the host (web photographs); included for research and education,data/datasets/yoga107/bhujangasana/018.jpg,True,371,255,True,0.9987,0.0349,170.276,178.139,165.066,163.444,7.149,11.493,112.558,115.761,167.82,164.831,170.276,178.139,163.444,165.066,164.831,167.82,112.558,115.761,13.971,19.322,115.761,178.139,163.444,19.322,2.988,2.988,8.074,89.527,61.764,20.767,-0.9986,-0.6207,0.0665,0.0539,0.795662,0.098282,-0.106303,0.9771,0.775163,0.093557,-0.089193,0.9884,0.772983,0.094831,-0.088496,0.9907,0.770456,0.096223,-0.08915,0.9933,0.774663,0.096422,-0.124475,0.9827,0.772425,0.099796,-0.12555,0.9807,0.768921,0.103537,-0.125445,0.981,0.752239,0.135208,-0.027403,0.9964,0.748712,0.14305,-0.199931,0.9888,0.80397,0.127129,-0.084022,0.9875,0.802647,0.13066,-0.132619,0.9799,0.763175,0.336887,0.049199,0.9998,0.763298,0.358538,-0.279754,0.9987,0.783051,0.64521,0.00243,0.0684,0.790745,0.66858,-0.3058,0.988,0.845191,0.889708,-0.061421,0.1366,0.868896,0.92522,-0.331944,0.9744,0.873318,0.917507,-0.062403,0.1342,0.889526,0.968965,-0.401967,0.9598,0.873116,0.923516,-0.087885,0.1453,0.908889,0.95957,-0.380424,0.9614,0.867556,0.915916,-0.08019,0.1759,0.899945,0.94717,-0.33275,0.9304,0.754656,0.733242,0.098754,0.9997,0.743022,0.764762,-0.097008,0.9987,0.585675,0.82647,0.187443,0.0352,0.605098,0.844243,0.004007,0.8349,0.4176,0.97046,0.286091,0.0349,0.412878,0.944632,0.088744,0.5885,0.401696,0.953827,0.289144,0.108,0.39142,0.913131,0.094599,0.85,0.348342,1.06924,0.273735,0.0355,0.351522,1.029464,0.058654,0.5196
bhujangasana_y107_0019,bhujangasana,,Y107,train,unlabelled,,not stated by the host (web photographs); included for research and education,data/datasets/yoga107/bhujangasana/019.jpg,True,441,257,True,0.9986,0.0581,169.15,166.262,165.348,157.12,28.421,25.535,126.017,124.219,171.38,169.885,166.262,169.15,157.12,165.348,169.885,171.38,124.219,126.017,34.417,34.915,126.017,169.15,165.348,34.915,25.342,-25.342,38.441,23.707,72.405,9.722,-0.9038,-0.5848,0.1905,0.1129,0.163007,0.024771,-0.071303,0.9982,0.188373,0.036013,-0.075905,0.9981,0.191112,0.041783,-0.075145,0.998,0.194254,0.048072,-0.075668,0.998,0.187501,0.032403,-0.049041,0.9986,0.189395,0.035547,-0.050319,0.9988,0.191669,0.03887,-0.049372,0.9989,0.203908,0.106001,-0.093593,0.9986,0.202674,0.092169,0.021707,0.9995,0.147904,0.062624,-0.082649,0.9991,0.148782,0.054855,-0.047536,0.9995,0.159302,0.324936,-0.184337,0.9998,0.189068,0.302507,0.103539,0.9999,0.151743,0.674361,-0.219124,0.9682,0.18475,0.646746,0.102101,0.0581,0.104859,0.941198,-0.241405,0.9368,0.132425,0.847349,0.060427,0.2367,0.078133,0.967384,-0.286338,0.8905,0.103194,0.85803,0.071469,0.2482,0.069658,0.967162,-0.267313,0.8858,0.096456,0.861811,0.040901,0.2516,0.077214,0.955294,-0.234834,0.8209,0.106756,0.863595,0.045534,0.2427,0.29243,0.787254,-0.103489,0.9992,0.302414,0.733232,0.10494,0.9986,0.575684,0.870531,-0.090138,0.9087,0.580169,0.816564,0.144713,0.0627,0.85343,0.861147,-0.059303,0.9424,0.81798,0.789315,0.253617,0.1231,0.87811,0.823884,-0.060248,0.9497,0.834341,0.740556,0.261919,0.3297,0.90176,0.877938,-0.142961,0.9274,0.88895,0.834405,0.216206,0.28
bhujangasana_y107_0020,bhujangasana,,Y107,holdout,unlabelled,,not stated by the host (web photographs); included for research and education,data/datasets/yoga107/bhujangasana/020.jpg,True,262,170,True,0.9998,0.0879,66.176,65.341,93.753,125.114,21.194,26.899,133.375,135.329,165.365,174.9,65.341,66.176,93.753,125.114,165.365,174.9,133.375,135.329,47.241,57.709,133.375,66.176,93.753,57.709,42.615,-42.615,10.274,52.507,70.814,0.301,-0.7359,-0.3881,0.0192,0.1151,0.064565,0.214736,-0.102969,1.0,0.080959,0.184172,-0.118977,1.0,0.083993,0.18505,-0.11828,1.0,0.087501,0.186356,-0.117986,1.0,0.081488,0.181956,-0.082777,1.0,0.084978,0.181204,-0.083567,1.0,0.088863,0.180203,-0.082641,1.0,0.125883,0.207417,-0.149666,1.0,0.124913,0.195892,-0.008307,1.0,0.074172,0.25427,-0.119473,1.0,0.073448,0.25403,-0.074637,1.0,0.204038,0.447185,-0.230976,1.0,0.228397,0.398246,0.080533,1.0,0.295401,0.797814,-0.213166,0.9978,0.281275,0.697329,0.118523,0.0879,0.123029,0.925283,-0.169493,0.9985,0.202604,0.843662,0.089487,0.0987,0.070624,0.944254,-0.203659,0.9943,0.192135,0.840187,0.073897,0.0752,0.059208,0.919887,-0.215168,0.9908,0.180945,0.85504,0.06706,0.0737,0.07811,0.912211,-0.174413,0.9865,0.191173,0.865382,0.073471,0.0747,0.445351,0.844975,-0.099552,0.9999,0.457941,0.78921,0.100396,0.9998,0.840669,0.84818,-0.149069,0.9987,0.820856,0.820368,0.105426,0.3255,0.716115,0.407172,-0.023656,0.9882,0.717934,0.417084,0.273247,0.6893,0.683474,0.407896,-0.012189,0.9916,0.680605,0.412323,0.279479,0.7624,0.694613,0.171196,0.015656,0.9733,0.692733,0.187528,0.292684,0.6977
bhujangasana_y107_0021,bhujangasana,,Y107,train,unlabelled,,not stated by the host (web photographs); included for research and education,data/datasets/yoga107/bhujangasana/021.jpg,True,289,159,True,0.9955,0.2089,171.057,176.292,170.296,159.421,59.459,44.122,118.857,120.211,152.595,155.169,171.057,176.292,159.421,170.296,152.595,155.169,118.857,120.211,53.468,63.992,120.211,176.292,159.421,53.468,32.915,32.915,28.534,9.449,4.711,1.574,-0.8395,-0.551,0.7543,0.4445,0.778812,0.112223,-0.253763,0.9993,0.762057,0.089583,-0.230451,0.9989,0.761672,0.090336,-0.230085,0.999,0.761098,0.091192,-0.229857,0.999,0.756592,0.094638,-0.25873,0.9988,0.752427,0.099569,-0.259798,0.9987,0.747349,0.104429,-0.259367,0.9985,0.742781,0.127526,-0.124003,0.9993,0.723252,0.148132,-0.262929,0.9985,0.783783,0.156027,-0.219292,0.9998,0.778295,0.159945,-0.257666,0.9997,0.780877,0.359344,-0.034393,0.9997,0.665006,0.394396,-0.313741,0.9996,0.839039,0.609945,-0.017454,0.7907,0.712559,0.706368,-0.330219,0.9781,0.909689,0.810925,-0.090557,0.9192,0.799961,0.924511,-0.35953,0.9601,0.942596,0.815246,-0.118385,0.8856,0.832574,0.962315,-0.409572,0.9441,0.937453,0.825667,-0.149665,0.9051,0.831419,0.914171,-0.398736,0.9451,0.921823,0.832115,-0.107341,0.8895,0.827334,0.912256,-0.360782,0.9192,0.610982,0.77535,0.084531,0.9955,0.547712,0.784828,-0.083341,0.9969,0.483306,0.74385,0.278278,0.2089,0.33144,0.79563,0.055578,0.9592,0.329688,0.74976,0.451787,0.4295,0.131153,0.782065,0.207221,0.9772,0.282883,0.700052,0.469629,0.5477,0.115903,0.760215,0.220541,0.9631,0.265011,0.787353,0.450413,0.5636,0.067985,0.832328,0.152382,0.9552
bhujangasana_y107_0022,bhujangasana,,Y107,train,unlabelled,,not stated by the host (web photographs); included for research and education,data/datasets/yoga107/bhujangasana/022.jpg,True,772,465,True,0.9977,0.1117,168.548,169.278,114.132,124.088,10.991,17.885,144.953,146.588,178.927,177.281,168.548,169.278,114.132,124.088,177.281,178.927,144.953,146.588,39.903,41.965,144.953,168.548,114.132,41.965,42.829,-42.829,20.014,76.869,74.651,11.915,-0.7334,-0.4383,0.1297,0.1401,0.028839,0.213744,-0.098532,0.9944,0.048141,0.186056,-0.110151,0.9939,0.052723,0.187217,-0.109445,0.9938,0.057664,0.188015,-0.109794,0.9934,0.045241,0.184521,-0.078639,0.9952,0.047448,0.184648,-0.079538,0.9957,0.049888,0.184265,-0.078588,0.9959,0.08713,0.212368,-0.142933,0.9942,0.080338,0.205123,-0.01105,0.9975,0.039212,0.262291,-0.112595,0.9953,0.036573,0.256511,-0.073773,0.9971,0.134916,0.462929,-0.215282,0.9977,0.144351,0.395783,0.079429,0.9992,0.230927,0.71755,-0.211855,0.9705,0.214983,0.650305,0.103497,0.1117,0.140323,0.942077,-0.162503,0.9368,0.156244,0.811488,0.036464,0.2965,0.101923,0.965361,-0.195852,0.9057,0.130195,0.823833,0.029002,0.3583,0.088197,0.933913,-0.182057,0.9051,0.114629,0.831467,0.000838,0.37,0.098847,0.925775,-0.155678,0.8599,0.123988,0.832183,0.019557,0.3452,0.336058,0.820558,-0.099762,0.9984,0.346108,0.759772,0.101165,0.9977,0.595255,0.911355,-0.078105,0.9258,0.589199,0.860141,0.142256,0.2888,0.849239,0.914757,-0.001638,0.9548,0.816427,0.881523,0.257158,0.5099,0.871491,0.876312,0.004541,0.9615,0.852705,0.841025,0.265676,0.66,0.960238,0.982674,-0.057849,0.9156,0.893292,0.985996,0.212796,0.6748
bhujangasana_y107_0023,bhujangasana,,Y107,train,unlabelled,,not stated by the host (web photographs); included for research and education,data/datasets/yoga107/bhujangasana/023.jpg,True,152,275,True,0.9901,0.1406,178.803,109.111,172.412,179.756,9.783,3.579,100.343,130.038,169.13,172.145,109.111,178.803,172.412,179.756,169.13,172.145,100.343,130.038,3.46,13.391,130.038,109.111,179.756,3.46,1.083,-1.083,7.72,4.531,21.539,7.823,-0.9998,-0.5907,0.5789,0.4144,0.616433,0.119208,-0.336808,0.9972,0.56696,0.095915,-0.332157,0.9977,0.564623,0.094761,-0.331174,0.9979,0.561443,0.093585,-0.331567,0.9981,0.554784,0.10177,-0.362524,0.9963,0.542954,0.105102,-0.363903,0.9958,0.531925,0.108843,-0.363092,0.9953,0.479086,0.129605,-0.27011,0.999,0.436828,0.145915,-0.419195,0.9965,0.632134,0.149757,-0.311422,0.998,0.610476,0.154365,-0.354315,0.997,0.562233,0.350345,-0.167172,0.9994,0.261405,0.363522,-0.434276,0.9986,0.627743,0.634484,-0.107848,0.3914,0.340631,0.676149,-0.418265,0.9717,0.748169,0.885526,-0.118902,0.7014,0.413093,0.971231,-0.360224,0.95,0.831637,0.910699,-0.149407,0.6547,0.424476,1.019872,-0.400666,0.9152,0.80515,0.922322,-0.167229,0.711,0.484571,1.014933,-0.402387,0.9226,0.767067,0.917515,-0.132133,0.6767,0.477584,0.994136,-0.365665,0.9001,0.531504,0.736209,0.067058,0.9959,0.319657,0.782427,-0.06556,0.9901,0.447093,0.742619,0.406694,0.162,0.128395,0.886073,0.193545,0.4541,0.235359,0.761198,0.664729,0.1406,-0.179903,0.801278,0.492907,0.3255,0.177797,0.761071,0.690148,0.2276,-0.248712,0.793006,0.52286,0.3746,0.266527,0.793525,0.702998,0.1348,-0.145128,0.779311,0.491998,0.2713
bhujangasana_y107_0024,bhujangasana,,Y107,holdout,unlabelled,,not stated by the host (web photographs); included for research and education,data/datasets/yoga107/bhujangasana/024.jpg,True,700,336,True,0.9742,0.2486,81.097,59.754,125.076,147.609,8.957,18.535,177.966,143.755,160.872,149.037,59.754,81.097,125.076,147.609,149.037,160.872,143.755,177.966,16.409,33.081,143.755,59.754,125.076,16.409,0.287,0.287,26.128,33.847,41.615,55.873,-1.0,-0.6272,0.9148,0.3527,0.31154,0.040932,-0.232062,0.9995,0.334809,0.051393,-0.233857,0.9994,0.33743,0.060409,-0.232964,0.9994,0.34039,0.07027,-0.23335,0.9994,0.332356,0.041921,-0.212697,0.9995,0.333185,0.043636,-0.213803,0.9995,0.334412,0.045377,-0.213009,0.9995,0.34801,0.13186,-0.207886,0.9994,0.340335,0.102612,-0.125615,0.9997,0.299703,0.085892,-0.2258,0.9989,0.297295,0.070013,-0.200636,0.9993,0.325433,0.379066,-0.243454,0.9987,0.259888,0.28749,-0.042503,0.9998,0.343969,0.732355,-0.258431,0.9879,0.216644,0.593255,-0.007865,0.7229,0.232698,0.936109,-0.279072,0.9602,0.122283,0.765304,-0.064464,0.7839,0.202991,0.984013,-0.318343,0.9265,0.088622,0.801185,-0.074234,0.7151,0.19334,0.953766,-0.322004,0.9274,0.083336,0.793531,-0.112974,0.7307,0.19758,0.934884,-0.280542,0.8972,0.09439,0.787643,-0.084765,0.7206,0.314867,0.842586,-0.073754,0.9742,0.268209,0.756238,0.075,0.9864,0.309004,0.989479,-0.150959,0.5097,0.247515,0.819849,0.114383,0.7004,0.575508,0.949192,-0.048478,0.2486,0.377867,0.838275,0.117134,0.3219,0.619273,0.911973,-0.040676,0.2076,0.398828,0.823113,0.119321,0.2571,0.625874,1.009249,-0.054986,0.1965,0.405332,0.872065,0.112178,0.1827
bhujangasana_y107_0025,bhujangasana,,Y107,train,unlabelled,,not stated by the host (web photographs); included for research and education,data/datasets/yoga107/bhujangasana/025.jpg,True,559,312,True,0.9986,0.0922,171.36,161.774,96.041,117.959,13.003,25.261,140.049,143.517,172.172,173.089,161.774,171.36,96.041,117.959,172.172,173.089,140.049,143.517,49.65,51.07,140.049,171.36,96.041,51.07,42.99,-42.99,11.787,78.498,78.525,6.806,-0.7315,-0.4101,0.254,0.1714,0.046472,0.18911,-0.169784,0.9985,0.060418,0.157457,-0.182923,0.9982,0.063949,0.159506,-0.182298,0.9982,0.067979,0.161306,-0.182669,0.9982,0.060082,0.152834,-0.148529,0.9985,0.063202,0.151867,-0.149529,0.9986,0.066741,0.150168,-0.148213,0.9987,0.099323,0.185656,-0.218353,0.9982,0.099069,0.171411,-0.074568,0.9992,0.059598,0.238905,-0.184672,0.999,0.058104,0.23565,-0.142243,0.9994,0.180846,0.449449,-0.278103,0.9992,0.170793,0.360941,0.016952,0.9997,0.277364,0.746099,-0.291884,0.9574,0.220851,0.645763,0.059241,0.0922,0.144696,0.920583,-0.315595,0.935,0.141796,0.789583,0.005418,0.2301,0.099299,0.943636,-0.35971,0.9179,0.105118,0.804025,-0.005963,0.3036,0.092257,0.906693,-0.346476,0.9207,0.099565,0.815068,-0.037809,0.3211,0.1109,0.901289,-0.311546,0.8673,0.113655,0.81484,-0.012612,0.3001,0.380889,0.830545,-0.097061,0.9993,0.371851,0.750773,0.098322,0.9986,0.629441,0.883692,0.020808,0.9457,0.607211,0.831037,0.243641,0.5632,0.878392,0.86941,0.147297,0.985,0.822517,0.780597,0.429334,0.7708,0.900674,0.821094,0.158035,0.9841,0.850386,0.744853,0.445167,0.8688,0.964888,0.922005,0.097922,0.9832,0.886392,0.894616,0.430421,0.9009
bhujangasana_y107_0026,bhujangasana,,Y107,train,unlabelled,,not stated by the host (web photographs); included for research and education,data/datasets/yoga107/bhujangasana/026.jpg,True,567,287,True,0.9954,0.067,151.374,177.68,152.764,162.26,16.615,25.417,106.984,98.234,152.322,149.734,151.374,177.68,152.764,162.26,149.734,152.322,98.234,106.984,28.786,33.952,106.984,151.374,152.764,28.786,2.444,-2.444,26.337,37.701,30.006,4.547,-0.9991,-0.7052,0.0991,0.2786,0.350353,0.026101,-0.169041,0.9987,0.370151,0.035418,-0.178409,0.9985,0.373225,0.044821,-0.177298,0.9985,0.376905,0.05574,-0.178249,0.9985,0.367866,0.025953,-0.150341,0.9985,0.368634,0.027186,-0.151704,0.9986,0.369763,0.029224,-0.15082,0.9986,0.386598,0.121854,-0.203421,0.999,0.381205,0.095416,-0.085333,0.9993,0.337456,0.068855,-0.18194,0.9992,0.336807,0.055128,-0.145759,0.9994,0.359471,0.357707,-0.235566,0.9994,0.31266,0.286227,-0.04134,0.9998,0.307699,0.726338,-0.256411,0.971,0.246024,0.616522,-0.008556,0.4852,0.201093,0.954227,-0.28053,0.955,0.139883,0.871164,-0.050778,0.6002,0.183002,1.012557,-0.323941,0.9141,0.111446,0.889272,-0.062406,0.5116,0.149237,0.963281,-0.322352,0.9147,0.10604,0.897476,-0.092707,0.5289,0.155288,0.944543,-0.279516,0.8676,0.120859,0.895616,-0.068826,0.5218,0.363428,0.762049,-0.049318,0.9971,0.326815,0.720278,0.050286,0.9954,0.566864,0.876361,-0.023904,0.8928,0.536983,0.753301,0.081363,0.1747,0.726564,0.804973,0.040529,0.6216,0.706323,0.793595,0.171681,0.067,0.742483,0.787455,0.041323,0.7512,0.726771,0.766424,0.177716,0.1479,0.809606,0.788534,-0.014652,0.5646,0.77761,0.794854,0.132308,0.0973
bhujangasana_y107_0027,bhujangasana,,Y107,train,unlabelled,,not stated by the host (web photographs); included for research and education,data/datasets/yoga107/bhujangasana/027.jpg,True,550,256,True,0.9995,0.0276,113.344,17.162,161.424,121.449,30.126,10.318,141.855,73.001,164.855,159.948,17.162,113.344,121.449,161.424,159.948,164.855,73.001,141.855,38.69,39.274,73.001,17.162,121.449,38.69,21.414,21.414,4.982,14.844,56.826,1.64,-0.931,-0.5425,0.3395,0.0774,0.870051,0.179272,-0.168383,0.9936,0.856028,0.145745,-0.157789,0.9942,0.854051,0.144437,-0.157081,0.995,0.852312,0.143892,-0.157711,0.9957,0.853739,0.150795,-0.195927,0.993,0.850958,0.150967,-0.197205,0.9927,0.847775,0.151516,-0.196622,0.9928,0.825006,0.170761,-0.09172,0.9978,0.820621,0.172313,-0.27073,0.9965,0.866934,0.212769,-0.14217,0.9967,0.864863,0.21308,-0.193091,0.996,0.798235,0.398772,0.009499,0.9998,0.783883,0.406944,-0.316024,0.9999,0.810621,0.652087,0.015947,0.1249,0.762,0.728433,-0.317248,0.9254,0.858478,0.87694,-0.043864,0.4293,0.871879,0.924902,-0.305744,0.9654,0.887065,0.874122,-0.056429,0.4321,0.900379,0.939402,-0.355694,0.9499,0.889834,0.883838,-0.083257,0.4798,0.908888,0.926216,-0.339667,0.9455,0.874889,0.881228,-0.059949,0.4637,0.896977,0.921181,-0.306068,0.9059,0.718871,0.779433,0.092353,0.9996,0.723182,0.7936,-0.091082,0.9995,0.694043,0.807469,0.327773,0.0276,0.756575,0.795654,0.113904,0.6436,0.697347,0.900083,0.603391,0.0326,0.719481,0.768522,0.402967,0.1852,0.695745,0.91342,0.629005,0.0885,0.713072,0.762656,0.430674,0.383,0.710635,0.92395,0.638655,0.059,0.721426,0.770229,0.45167,0.176
bhujangasana_y107_0028,bhujangasana,,Y107,holdout,unlabelled,,not stated by the host (web photographs); included for research and education,data/datasets/yoga107/bhujangasana/028.jpg,True,621,443,True,0.9956,0.0286,158.946,163.376,173.969,161.187,11.793,2.132,137.456,136.212,174.075,172.637,158.946,163.376,161.187,173.969,172.637,174.075,136.212,137.456,10.012,14.804,137.456,158.946,173.969,14.804,19.039,-19.039,23.656,89.812,60.974,26.727,-0.9453,-0.6731,0.2864,0.1251,0.07486,0.076342,-0.144689,0.9932,0.098892,0.080918,-0.15854,0.9928,0.102144,0.086631,-0.157695,0.9931,0.105769,0.092744,-0.158524,0.9935,0.09733,0.073848,-0.124441,0.9921,0.099313,0.074777,-0.125671,0.992,0.101791,0.076381,-0.124686,0.9912,0.123389,0.13944,-0.21051,0.9958,0.123062,0.123628,-0.063891,0.9947,0.067962,0.111373,-0.167831,0.9945,0.066855,0.100664,-0.123885,0.994,0.111615,0.358012,-0.261497,0.9994,0.111503,0.310129,-0.013667,0.9978,0.142917,0.637063,-0.297062,0.9594,0.170445,0.613318,-0.01187,0.0286,0.153105,0.918454,-0.311035,0.9182,0.160356,0.840081,-0.047464,0.0694,0.127986,0.957585,-0.349856,0.8705,0.138421,0.88046,-0.048343,0.08,0.114228,0.95716,-0.341857,0.8658,0.134406,0.905338,-0.072232,0.0795,0.127384,0.943807,-0.309611,0.8111,0.150793,0.879914,-0.061663,0.0897,0.207597,0.713539,-0.096975,0.9989,0.193736,0.678521,0.098526,0.9956,0.433595,0.873061,-0.067243,0.8648,0.395874,0.834537,0.16584,0.0486,0.663581,0.905086,0.012916,0.7542,0.585887,0.89219,0.275274,0.0553,0.70064,0.897351,0.015455,0.8159,0.616187,0.886266,0.282054,0.1664,0.717311,0.94434,-0.049065,0.6505,0.626478,0.941518,0.233964,0.1129
bhujangasana_y107_0029,bhujangasana,,Y107,train,unlabelled,,not stated by the host (web photographs); included for research and education,data/datasets/yoga107/bhujangasana/029.jpg,True,621,324,True,0.9951,0.1131,165.219,170.078,157.625,164.034,54.858,58.509,124.758,123.082,141.195,142.457,165.219,170.078,157.625,164.034,141.195,142.457,123.082,124.758,65.605,66.545,124.758,165.219,157.625,65.605,27.925,-27.925,14.757,22.015,22.889,4.081,-0.8836,-0.4283,0.0883,0.1253,0.256115,0.178919,-0.093046,0.9938,0.268354,0.146328,-0.105302,0.9925,0.271964,0.14557,-0.104598,0.992,0.275792,0.144928,-0.105036,0.9917,0.264687,0.14457,-0.070656,0.9944,0.26581,0.142413,-0.071612,0.9951,0.267135,0.139811,-0.071195,0.9955,0.30658,0.152974,-0.143323,0.9933,0.299165,0.145771,0.003481,0.9978,0.268408,0.218022,-0.110972,0.9956,0.264973,0.216873,-0.066561,0.9976,0.346018,0.395207,-0.224563,0.9963,0.316998,0.372717,0.075126,0.9991,0.259677,0.705674,-0.27874,0.9437,0.240001,0.633481,0.05859,0.1131,0.128776,0.912983,-0.295395,0.9123,0.127081,0.846364,-0.009925,0.2051,0.093096,0.934096,-0.338062,0.8843,0.097435,0.859417,-0.018936,0.2325,0.084774,0.921707,-0.313274,0.8771,0.092993,0.874305,-0.054328,0.2405,0.099424,0.91632,-0.286636,0.8089,0.103301,0.876063,-0.031052,0.2542,0.456169,0.813165,-0.089209,0.9952,0.440786,0.800717,0.090576,0.9951,0.632642,0.860452,-0.071981,0.8195,0.697664,0.835842,0.129259,0.1684,0.878431,0.804088,0.010324,0.9122,0.900101,0.796144,0.242049,0.2862,0.868194,0.782006,0.012219,0.9371,0.938056,0.826725,0.250853,0.5947,0.895415,0.849447,-0.059566,0.8743,0.970497,0.855432,0.198158,0.4335
bhujangasana_y107_0030,bhujangasana,,Y107,train,unlabelled,,not stated by the host (web photographs); included for research and education,data/datasets/yoga107/bhujangasana/030.jpg,True,503,310,True,0.9984,0.3411,170.466,170.769,158.541,164.104,29.732,30.573,121.418,118.009,164.627,163.05,170.466,170.769,158.541,164.104,163.05,164.627,118.009,121.418,38.119,38.874,118.009,170.769,164.104,38.119,22.304,22.304,16.009,65.291,89.788,6.84,-0.9252,-0.4665,0.1433,0.0407,0.844536,0.147607,-0.088421,0.9966,0.829146,0.114784,-0.069066,0.9969,0.827588,0.114286,-0.068135,0.9976,0.825579,0.113715,-0.068599,0.9981,0.824928,0.117325,-0.099178,0.995,0.820525,0.118934,-0.099796,0.994,0.815307,0.120905,-0.100016,0.9936,0.794816,0.141641,0.008722,0.9988,0.787241,0.148905,-0.14688,0.9943,0.842914,0.18635,-0.059121,0.9984,0.837776,0.187089,-0.102557,0.9971,0.778681,0.353865,0.109118,0.9999,0.773853,0.370887,-0.229825,0.9995,0.798771,0.652461,0.095404,0.3411,0.806204,0.68781,-0.252333,0.9966,0.862841,0.850557,0.028835,0.4953,0.882709,0.950417,-0.27038,0.9872,0.90036,0.855929,0.039021,0.5002,0.925724,0.972019,-0.324957,0.9824,0.906992,0.858361,-0.001101,0.5136,0.935168,0.96028,-0.295969,0.9817,0.894368,0.862644,0.009558,0.5232,0.918937,0.95593,-0.266277,0.9654,0.668526,0.764893,0.10452,0.9995,0.668633,0.811766,-0.102685,0.9984,0.427659,0.81924,0.183775,0.4612,0.40523,0.863032,-0.06588,0.9889,0.196103,0.808628,0.262069,0.4533,0.162847,0.84661,-0.024551,0.9868,0.169476,0.767347,0.2635,0.6742,0.148793,0.816172,-0.025012,0.9893,0.099772,0.871015,0.212638,0.5762,0.072039,0.902983,-0.10641,0.9802
bhujangasana_y107_0031,bhujangasana,,Y107,train,unlabelled,,not stated by the host (web photographs); included for research and education,data/datasets/yoga107/bhujangasana/031.jpg,True,464,259,True,0.9998,0.1749,163.407,167.64,166.532,176.44,39.377,38.565,136.394,130.579,169.058,172.393,163.407,167.64,166.532,176.44,169.058,172.393,130.579,136.394,40.309,45.611,130.579,167.64,176.44,40.309,33.649,33.649,29.827,0.881,43.123,7.877,-0.8324,-0.4292,0.0559,0.0955,0.873127,0.049024,-0.057893,0.9988,0.85915,0.050876,-0.041522,0.9986,0.857871,0.055396,-0.040772,0.9991,0.856222,0.060313,-0.041116,0.9994,0.858318,0.051167,-0.072867,0.9988,0.856604,0.055318,-0.073315,0.9987,0.854562,0.059827,-0.073235,0.9987,0.841131,0.110384,0.02638,0.9993,0.840599,0.111309,-0.123247,0.999,0.87738,0.085833,-0.02891,0.9992,0.876143,0.085395,-0.070969,0.9987,0.819484,0.287697,0.14928,1.0,0.849084,0.286882,-0.197351,0.9999,0.833616,0.595077,0.158204,0.1749,0.867875,0.614748,-0.213038,0.9916,0.879929,0.847783,0.088675,0.3071,0.896816,0.927179,-0.254659,0.9928,0.908653,0.836523,0.097734,0.3312,0.93539,0.934989,-0.304659,0.9872,0.920107,0.846349,0.055437,0.3495,0.940405,0.931272,-0.272719,0.9859,0.907417,0.856263,0.065415,0.3808,0.926183,0.930306,-0.248696,0.9716,0.649636,0.727659,0.11391,0.9999,0.675541,0.771122,-0.112427,0.9998,0.3848,0.826133,0.117449,0.2134,0.381057,0.844112,-0.126864,0.9744,0.147385,0.789912,0.176497,0.4905,0.133892,0.809394,-0.057918,0.9694,0.122579,0.735319,0.180298,0.6853,0.118042,0.754865,-0.054381,0.9822,0.08813,0.804468,0.113212,0.7033,0.065404,0.861825,-0.142708,0.9668
bhujangasana_y107_0032,bhujangasana,,Y107,holdout,unlabelled,,not stated by the host (web photographs); included for research and education,data/datasets/yoga107/bhujangasana/032.jpg,True,553,214,True,0.9643,0.0773,177.82,178.674,115.467,111.169,63.684,71.495,142.632,144.036,140.305,134.656,177.82,178.674,111.169,115.467,134.656,140.305,142.632,144.036,95.03,102.886,144.036,178.674,111.169,102.886,56.454,56.454,27.344,65.715,81.25,2.703,-0.5526,-0.3501,0.0764,0.0855,0.823465,0.193626,-0.053079,0.9488,0.811546,0.153416,-0.038016,0.9711,0.809423,0.15349,-0.037472,0.9769,0.806964,0.153746,-0.037438,0.9814,0.809683,0.155627,-0.072939,0.955,0.806492,0.157215,-0.073523,0.947,0.803026,0.158852,-0.073636,0.9447,0.779435,0.176768,0.036932,0.9881,0.777176,0.182,-0.134244,0.9494,0.816529,0.240442,-0.0236,0.981,0.814365,0.24202,-0.071615,0.9692,0.719412,0.404805,0.130843,0.9971,0.72865,0.457711,-0.199577,0.9856,0.739141,0.752207,0.122656,0.0773,0.768301,0.870105,-0.232294,0.9675,0.862554,0.850429,0.048244,0.2679,0.908077,0.915838,-0.260438,0.9549,0.900335,0.839259,0.05638,0.3281,0.948813,0.928407,-0.31538,0.9461,0.911948,0.844314,0.018979,0.334,0.947364,0.895889,-0.272446,0.9401,0.901803,0.849459,0.030081,0.3296,0.937818,0.896027,-0.251003,0.8919,0.506326,0.785577,0.107243,0.9895,0.503847,0.827194,-0.105696,0.9643,0.290355,0.759226,0.13808,0.161,0.279443,0.79166,-0.102033,0.9397,0.072808,0.711196,0.196138,0.279,0.056982,0.743062,-0.075337,0.9332,0.046447,0.632994,0.198391,0.536,0.035758,0.670069,-0.076135,0.9721,0.019312,0.791783,0.134848,0.4335,-0.002077,0.829293,-0.160249,0.9197
bhujangasana_y107_0033,bhujangasana,,Y107,train,unlabelled,,not stated by the host (web photographs); included for research and education,data/datasets/yoga107/bhujangasana/033.jpg,True,412,237,True,0.9982,0.1452,170.391,170.696,137.157,143.097,35.014,34.281,131.21,130.741,159.005,160.755,170.391,170.696,137.157,143.097,159.005,160.755,130.741,131.21,52.093,56.233,131.21,170.391,137.157,56.233,34.059,-34.059,20.316,67.283,80.183,5.972,-0.8285,-0.4999,0.1747,0.2185,0.126768,0.14938,-0.153833,0.9987,0.142596,0.119181,-0.164862,0.9986,0.146392,0.120652,-0.164354,0.9984,0.150804,0.122128,-0.164576,0.9982,0.141257,0.115431,-0.128641,0.9991,0.143875,0.114473,-0.12977,0.9992,0.14702,0.113169,-0.128656,0.9993,0.182592,0.145707,-0.193922,0.9979,0.180675,0.135243,-0.042228,0.9996,0.135459,0.193713,-0.166701,0.9984,0.134225,0.189943,-0.121539,0.9993,0.203962,0.424218,-0.275134,0.9982,0.226171,0.331997,0.052111,0.9999,0.204673,0.740495,-0.308961,0.9619,0.222182,0.609316,0.081218,0.1452,0.083677,0.969088,-0.327284,0.9285,0.129608,0.812829,0.02573,0.3389,0.036139,0.999718,-0.36982,0.9047,0.096842,0.812506,0.023026,0.3839,0.038642,0.963167,-0.356773,0.9007,0.088697,0.818476,-0.010294,0.388,0.051069,0.957122,-0.322288,0.836,0.099358,0.82257,0.008545,0.3686,0.357915,0.803082,-0.111828,0.9989,0.36705,0.711307,0.113251,0.9987,0.621928,0.851097,-0.10238,0.9337,0.624165,0.773268,0.144592,0.197,0.88053,0.822528,-0.073233,0.9845,0.849437,0.763615,0.24352,0.428,0.897574,0.780745,-0.071935,0.9863,0.870347,0.714927,0.251076,0.6823,0.990185,0.882006,-0.145965,0.9787,0.919932,0.813189,0.213805,0.6819
bhujangasana_y107_0034,bhujangasana,,Y107,train,unlabelled,,not stated by the host (web photographs); included for research and education,data/datasets/yoga107/bhujangasana/034.jpg,True,663,366,True,0.995,0.0259,173.686,169.711,161.753,161.0,6.581,11.927,110.858,110.801,166.653,163.537,169.711,173.686,161.0,161.753,163.537,166.653,110.801,110.858,15.215,20.815,110.801,169.711,161.0,20.815,3.114,3.114,9.605,84.111,54.078,16.449,-0.9985,-0.5586,0.1685,0.0667,0.826524,0.072958,-0.13268,0.9424,0.805228,0.0639,-0.118672,0.9736,0.804106,0.065387,-0.117954,0.9791,0.802759,0.067356,-0.118503,0.985,0.802866,0.069023,-0.150014,0.9586,0.800277,0.073565,-0.151134,0.9527,0.797263,0.078786,-0.15121,0.9531,0.788203,0.111589,-0.059897,0.993,0.783276,0.123747,-0.218575,0.9738,0.837442,0.105534,-0.110851,0.9752,0.834006,0.110697,-0.155789,0.9552,0.799427,0.307382,0.019619,0.9996,0.797742,0.33696,-0.298142,0.998,0.813857,0.624532,0.003887,0.0526,0.821837,0.665163,-0.325617,0.9498,0.87547,0.887996,-0.059368,0.0664,0.893795,0.925752,-0.33189,0.8631,0.89881,0.909417,-0.059204,0.083,0.91387,0.962837,-0.382809,0.8356,0.907507,0.915366,-0.085389,0.087,0.936333,0.952898,-0.365713,0.8349,0.894714,0.906842,-0.077636,0.0966,0.921707,0.935643,-0.332589,0.7343,0.791416,0.752122,0.09365,0.9986,0.778998,0.783173,-0.09215,0.995,0.60441,0.868695,0.205633,0.0259,0.584254,0.887327,-0.002419,0.486,0.438758,0.936186,0.318524,0.0501,0.397834,0.923774,0.09021,0.5534,0.414267,0.911734,0.325273,0.1764,0.370902,0.891481,0.098419,0.8445,0.383298,1.04488,0.293695,0.0465,0.34203,1.006821,0.037726,0.4725
bhujangasana_y107_0035,bhujangasana,,Y107,train,unlabelled,,not stated by the host (web photographs); included for research and education,data/datasets/yoga107/bhujangasana/035.jpg,True,421,246,True,0.9966,0.2203,165.186,164.243,143.206,153.484,18.756,23.652,135.828,128.559,179.546,168.332,164.243,165.186,143.206,153.484,168.332,179.546,128.559,135.828,35.237,36.392,128.559,164.243,153.484,36.392,30.206,30.206,13.387,3.806,55.691,10.137,-0.8642,-0.3664,0.3384,0.2223,0.830336,0.172129,-0.227978,0.9998,0.84723,0.140531,-0.20179,0.9995,0.855491,0.142778,-0.200795,0.9994,0.862483,0.145549,-0.201203,0.9992,0.821511,0.137654,-0.208614,0.9997,0.814183,0.136882,-0.209341,0.9997,0.807639,0.137142,-0.209582,0.9997,0.870622,0.163973,-0.084428,0.9993,0.802925,0.152395,-0.134866,0.9998,0.844255,0.217466,-0.185624,0.9997,0.813608,0.206689,-0.198503,0.9998,0.834359,0.351173,0.089223,0.9996,0.772264,0.344104,-0.222538,0.9999,0.784781,0.629832,0.111009,0.2203,0.768662,0.673432,-0.249517,0.999,0.832031,0.853708,0.026025,0.539,0.845241,0.948891,-0.284757,0.9907,0.861662,0.860889,0.017918,0.5895,0.886543,0.968641,-0.33858,0.9834,0.870338,0.86182,-0.019835,0.5948,0.901167,0.949682,-0.309713,0.9832,0.85858,0.863833,0.005258,0.5544,0.885507,0.942356,-0.280794,0.9745,0.670343,0.741929,0.110445,0.9966,0.654604,0.7814,-0.108712,0.9981,0.410711,0.821369,0.183707,0.4955,0.393292,0.891527,-0.100233,0.9938,0.210522,0.793337,0.258275,0.4203,0.12915,0.876351,-0.09014,0.9879,0.192724,0.746133,0.258887,0.5591,0.144957,0.839579,-0.0893,0.9793,0.098885,0.854731,0.220618,0.478,0.018633,0.929226,-0.149295,0.9106
bhujangasana_y107_0036,bhujangasana,,Y107,holdout,unlabelled,,not stated by the host (web photographs); included for research and education,data/datasets/yoga107/bhujangasana/036.jpg,True,527,335,True,0.9986,0.0262,165.457,167.203,176.246,179.667,16.531,22.016,125.408,123.838,179.554,177.679,165.457,167.203,176.246,179.667,177.679,179.554,123.838,125.408,18.282,22.167,123.838,167.203,179.667,22.167,18.89,18.89,34.286,1.394,44.46,13.992,-0.9461,-0.5662,0.0518,0.1457,0.890415,0.04626,-0.025888,0.9939,0.868254,0.05675,-0.000823,0.9964,0.867229,0.061114,0.000389,0.997,0.865812,0.065875,0.00016,0.9976,0.868224,0.060718,-0.031315,0.9944,0.867447,0.067641,-0.032147,0.9936,0.866299,0.074935,-0.032302,0.993,0.857172,0.125029,0.076961,0.9984,0.859401,0.132393,-0.070456,0.9941,0.906426,0.079209,0.001894,0.994,0.906353,0.084059,-0.039762,0.99,0.868885,0.315472,0.156114,0.9993,0.912774,0.313791,-0.167273,0.9986,0.86473,0.602411,0.141295,0.0361,0.920874,0.650059,-0.205938,0.955,0.871547,0.85319,0.131762,0.0262,0.92865,0.929912,-0.249123,0.7859,0.874041,0.893313,0.130636,0.0305,0.939162,0.961374,-0.280296,0.7503,0.879991,0.916566,0.107758,0.0303,0.939735,0.963315,-0.250066,0.7551,0.875544,0.889444,0.116583,0.0352,0.934402,0.950206,-0.241347,0.7289,0.781157,0.744386,0.102053,0.9997,0.805399,0.78181,-0.100534,0.9989,0.490227,0.88932,0.112062,0.182,0.474988,0.911331,-0.077137,0.8742,0.213597,0.912343,0.175277,0.3831,0.198844,0.920396,-0.030139,0.9011,0.19163,0.864983,0.182703,0.5898,0.161154,0.91438,-0.024942,0.9575,0.132759,0.958435,0.120661,0.4524,0.126758,0.975944,-0.112609,0.8846
bhujangasana_y107_0037,bhujangasana,,Y107,train,unlabelled,,not stated by the host (web photographs); included for research and education,data/datasets/yoga107/bhujangasana/037.jpg,True,706,390,True,0.9938,0.0882,159.058,174.257,175.286,172.844,36.51,34.691,125.703,117.111,154.697,155.179,159.058,174.257,172.844,175.286,154.697,155.179,117.111,125.703,38.021,38.749,125.703,159.058,175.286,38.749,13.322,-13.322,18.282,6.99,12.305,13.911,-0.9731,-0.5931,0.0369,0.0137,0.244308,0.108843,-0.071328,0.983,0.263441,0.106617,-0.083734,0.9802,0.266244,0.111179,-0.082864,0.9802,0.268527,0.115624,-0.083792,0.9807,0.263719,0.103762,-0.052205,0.9837,0.265388,0.1059,-0.053413,0.9855,0.267212,0.108061,-0.05278,0.987,0.282599,0.159701,-0.129027,0.9888,0.281753,0.150452,0.005832,0.9945,0.241569,0.146237,-0.091563,0.9862,0.239677,0.139601,-0.050807,0.9908,0.269826,0.37763,-0.191995,0.9976,0.273224,0.376875,0.051126,0.9992,0.199263,0.677618,-0.239871,0.9222,0.208888,0.672661,0.048807,0.1198,0.123356,0.938477,-0.274813,0.9231,0.135615,0.915467,0.002067,0.2772,0.093239,0.970798,-0.313929,0.8753,0.106633,0.929697,-0.00087,0.2281,0.083338,0.972683,-0.305052,0.8669,0.105354,0.948368,-0.025544,0.2307,0.087079,0.955968,-0.271853,0.7908,0.123806,0.93701,-0.013189,0.2357,0.327872,0.817151,-0.072622,0.9954,0.330396,0.818147,0.074033,0.9938,0.534428,0.970179,-0.072189,0.7989,0.545153,0.914436,0.133508,0.1133,0.725756,0.978131,0.044198,0.6998,0.727967,0.961939,0.216575,0.0882,0.746058,0.968107,0.049472,0.7007,0.75025,0.954319,0.222045,0.2102,0.800461,0.9967,0.003492,0.5484,0.783074,0.99196,0.183539,0.1086
bhujangasana_y107_0038,bhujangasana,,Y107,train,unlabelled,,not stated by the host (web photographs); included for research and education,data/datasets/yoga107/bhujangasana/038.jpg,True,491,268,True,0.9974,0.2077,147.509,151.504,155.469,114.085,42.702,4.958,131.688,133.19,166.789,178.632,147.509,151.504,114.085,155.469,166.789,178.632,131.688,133.19,35.307,54.228,133.19,151.504,114.085,35.307,37.8,37.8,34.397,5.478,5.404,0.671,-0.7902,-0.5727,0.8256,0.4681,0.820305,0.106802,-0.294857,0.9994,0.803957,0.089409,-0.269861,0.9992,0.804838,0.089655,-0.269417,0.9992,0.805617,0.090173,-0.26939,0.9993,0.795864,0.098406,-0.298729,0.9992,0.790552,0.104766,-0.299715,0.9992,0.784992,0.111586,-0.299376,0.9991,0.791908,0.133376,-0.167364,0.9995,0.761805,0.168431,-0.307231,0.9993,0.831562,0.149325,-0.262467,0.9998,0.824427,0.157089,-0.301419,0.9997,0.830468,0.371275,-0.069739,0.9999,0.708241,0.392751,-0.347964,0.9999,0.834847,0.643952,-0.037389,0.572,0.62029,0.683674,-0.350636,0.9912,0.893252,0.861256,-0.122128,0.8731,0.715043,0.914595,-0.385953,0.9784,0.924385,0.885685,-0.148909,0.8632,0.747969,0.965393,-0.441432,0.968,0.927381,0.886893,-0.17831,0.884,0.765615,0.952788,-0.435679,0.9667,0.909947,0.877903,-0.140664,0.8731,0.758885,0.936665,-0.389648,0.9492,0.642322,0.767571,0.090592,0.998,0.574857,0.75588,-0.089176,0.9974,0.467466,0.771324,0.303701,0.2077,0.364462,0.818661,0.07562,0.985,0.318104,0.601525,0.486888,0.5105,0.10329,0.651608,0.221304,0.9832,0.300043,0.535359,0.506681,0.6061,0.091935,0.592284,0.234041,0.9763,0.267027,0.689487,0.48981,0.6008,0.078356,0.713144,0.169925,0.9382
bhujangasana_y107_0039,bhujangasana,,Y107,train,unlabelled,,not stated by the host (web photographs); included for research and education,data/datasets/yoga107/bhujangasana/039.jpg,True,573,376,True,0.995,0.027,176.428,170.255,168.942,175.001,3.599,13.126,108.732,116.657,179.413,176.891,170.255,176.428,168.942,175.001,176.891,179.413,108.732,116.657,8.518,10.747,116.657,170.255,175.001,10.747,11.024,11.024,15.197,10.236,86.717,10.8,-0.9815,-0.5508,0.0496,0.1227,0.930503,0.046326,-0.018908,0.9568,0.905783,0.036339,0.003663,0.9806,0.904093,0.038102,0.004452,0.9852,0.902184,0.040243,0.003721,0.9895,0.904857,0.042082,-0.029231,0.9654,0.902542,0.047207,-0.029976,0.9578,0.899838,0.052701,-0.030122,0.9551,0.883822,0.0867,0.076362,0.994,0.883233,0.098536,-0.086934,0.9563,0.94172,0.079876,0.006798,0.9607,0.939976,0.08399,-0.038291,0.9186,0.875119,0.308741,0.137866,0.9995,0.912146,0.298551,-0.180355,0.995,0.860703,0.598694,0.077097,0.027,0.909449,0.621488,-0.230578,0.911,0.878624,0.830283,-0.001707,0.0355,0.890236,0.913375,-0.245313,0.7817,0.892715,0.875867,0.0061,0.0447,0.908072,0.937364,-0.292204,0.7278,0.886787,0.883447,-0.020781,0.0446,0.922237,0.930044,-0.268305,0.7226,0.878762,0.870351,-0.020057,0.0555,0.910238,0.924396,-0.24286,0.6484,0.834616,0.751758,0.085416,0.9995,0.835405,0.772709,-0.083517,0.9974,0.581356,0.825386,0.139752,0.4285,0.542529,0.874125,-0.036383,0.8939,0.337407,0.872541,0.193202,0.3834,0.328669,0.891529,0.004529,0.768,0.316892,0.879652,0.19226,0.5936,0.305017,0.914909,0.005523,0.9058,0.231201,0.95778,0.148194,0.4425,0.241661,0.98787,-0.074837,0.7778
bhujangasana_y107_0040,bhujangasana,,Y107,holdout,unlabelled,,not stated by the host (web photographs); included for research and education,data/datasets/yoga107/bhujangasana/040.jpg,True,616,341,True,0.9995,0.0943,146.428,150.905,169.48,179.032,31.291,36.107,136.154,137.092,168.192,173.96,146.428,150.905,169.48,179.032,168.192,173.96,136.154,137.092,36.575,36.599,137.092,150.905,179.032,36.575,27.81,27.81,33.666,3.572,32.464,16.557,-0.8845,-0.5079,0.2143,0.2288,0.808277,0.069423,-0.037863,0.9925,0.795116,0.06559,-0.022011,0.9956,0.794058,0.067692,-0.021481,0.9967,0.792571,0.069828,-0.021894,0.9976,0.794672,0.069978,-0.050125,0.993,0.793532,0.074741,-0.050515,0.992,0.792005,0.079064,-0.050892,0.9915,0.781736,0.111425,0.038138,0.9987,0.783722,0.116941,-0.101003,0.9944,0.815809,0.104565,-0.014021,0.9962,0.815851,0.108224,-0.052365,0.9923,0.763742,0.308985,0.129891,0.9999,0.824223,0.315807,-0.176314,0.9995,0.781465,0.589962,0.123013,0.1814,0.840998,0.626419,-0.217955,0.9594,0.828124,0.865304,0.111297,0.2478,0.8594,0.916415,-0.229961,0.9743,0.844472,0.877081,0.11945,0.2341,0.876633,0.938465,-0.274691,0.9572,0.844162,0.892768,0.090088,0.2451,0.882855,0.93504,-0.246439,0.9527,0.838656,0.890577,0.092631,0.2823,0.873389,0.929262,-0.226553,0.9235,0.658251,0.721582,0.098949,0.9999,0.682588,0.749551,-0.09752,0.9996,0.446335,0.871323,0.092268,0.0943,0.419961,0.890595,-0.106928,0.9095,0.271535,0.803004,0.141153,0.318,0.214857,0.8082,-0.055676,0.8659,0.224847,0.748337,0.143333,0.4985,0.22467,0.78048,-0.054805,0.9206,0.202255,0.818935,0.09007,0.5239,0.160186,0.835478,-0.133806,0.8422
bhujangasana_y107_0041,bhujangasana,,Y107,train,unlabelled,,not stated by the host (web photographs); included for research and education,data/datasets/yoga107/bhujangasana/041.jpg,True,187,143,True,0.9914,0.1099,177.072,179.162,131.308,20.261,26.441,57.24,169.096,171.127,173.231,4.207,177.072,179.162,20.261,131.308,4.207,173.231,169.096,171.127,14.245,167.091,171.127,179.162,20.261,167.091,1.094,1.094,3.239,12.528,2.503,86.571,-0.9998,-0.3578,0.5029,0.5874,0.892793,0.069181,0.278803,0.9468,0.887601,0.056234,0.245683,0.9651,0.883599,0.057406,0.246535,0.9623,0.879644,0.05863,0.245858,0.9668,0.899309,0.053648,0.251046,0.9554,0.904355,0.044114,0.250496,0.9507,0.906116,0.04375,0.250542,0.959,0.872601,0.072331,0.129277,0.9464,0.913033,0.06328,0.143094,0.9554,0.885921,0.086667,0.240661,0.951,0.897346,0.083603,0.243208,0.9452,0.841278,0.17321,0.057838,0.9914,0.949495,0.141765,0.112706,0.997,0.807386,0.302182,0.10578,0.3334,0.98698,0.185077,0.219491,0.4989,0.825753,0.344246,0.236418,0.1099,0.946379,0.08637,0.362633,0.4284,0.826324,0.362721,0.248243,0.1029,0.942155,0.059798,0.383386,0.4062,0.834073,0.356387,0.247981,0.108,0.924884,0.05763,0.370437,0.4032,0.836299,0.348139,0.239138,0.1199,0.923644,0.067422,0.364394,0.3951,0.864614,0.405767,0.002346,0.9971,0.918957,0.402661,-0.00083,0.9992,0.857363,0.564001,0.0682,0.4278,0.919427,0.609642,-0.044002,0.7212,0.856318,0.720327,0.153631,0.3698,0.917596,0.815097,-0.073101,0.6739,0.858502,0.75537,0.155395,0.4794,0.91125,0.855654,-0.077734,0.6766,0.856234,0.736307,0.149961,0.2897,0.93979,0.846939,-0.136567,0.4697
bhujangasana_y107_0042,bhujangasana,,Y107,train,unlabelled,,not stated by the host (web photographs); included for research and education,data/datasets/yoga107/bhujangasana/042.jpg,True,526,348,True,0.9865,0.009,86.292,151.882,172.266,160.514,28.066,28.424,139.455,170.646,179.867,175.234,86.292,151.882,160.514,172.266,175.234,179.867,139.455,170.646,20.354,24.471,139.455,86.292,172.266,24.471,24.877,24.877,11.937,89.027,75.698,74.059,-0.9072,-0.6739,0.1576,0.3589,0.26232,0.022747,-0.414886,0.997,0.279005,0.049409,-0.438183,0.9978,0.280358,0.058665,-0.437163,0.9983,0.281689,0.070156,-0.438072,0.9986,0.27919,0.03891,-0.403404,0.9957,0.280296,0.040498,-0.404842,0.9949,0.28167,0.04247,-0.403323,0.9931,0.28181,0.127004,-0.470738,0.999,0.28256,0.091611,-0.323074,0.9932,0.245936,0.044898,-0.42456,0.9969,0.246518,0.032007,-0.381162,0.9932,0.216313,0.302489,-0.451097,0.9995,0.214992,0.184835,-0.234243,0.9865,0.22968,0.636493,-0.472157,0.9947,0.224501,0.433753,-0.121886,0.009,0.215356,0.92634,-0.495662,0.9861,0.191892,0.603613,-0.081485,0.0294,0.194219,0.964913,-0.529892,0.97,0.193086,0.635891,-0.072149,0.0455,0.178245,0.956127,-0.537086,0.9752,0.180789,0.644836,-0.090745,0.0546,0.187798,0.939602,-0.498123,0.9669,0.184009,0.640667,-0.088297,0.0556,0.131431,0.582667,-0.071596,0.9982,0.117397,0.499463,0.073608,0.9919,0.173687,0.806285,0.178789,0.8532,0.086816,0.663193,0.372247,0.1678,0.130896,0.820308,0.46843,0.5866,0.104755,0.787008,0.672068,0.1974,0.179441,0.838408,0.498854,0.6674,0.118399,0.821986,0.700929,0.2847,0.117781,0.894092,0.471489,0.6138,0.06575,0.862548,0.692489,0.3384
bhujangasana_y107_0043,bhujangasana,,Y107,train,unlabelled,,not stated by the host (web photographs); included for research and education,data/datasets/yoga107/bhujangasana/043.jpg,True,745,482,True,0.995,0.0252,154.739,166.535,169.368,177.478,2.011,16.561,129.336,121.426,176.048,177.801,154.739,166.535,169.368,177.478,176.048,177.801,121.426,129.336,6.845,17.693,121.426,166.535,177.478,17.693,13.259,13.259,29.621,7.274,57.276,15.931,-0.9733,-0.573,0.2979,0.1644,0.898513,0.03676,-0.055407,0.9726,0.876608,0.041759,-0.034493,0.9859,0.875704,0.044831,-0.033694,0.9887,0.87478,0.048294,-0.034014,0.9915,0.87749,0.049759,-0.06416,0.9746,0.877046,0.058209,-0.064863,0.9697,0.87625,0.067715,-0.065146,0.9656,0.869126,0.108118,0.037971,0.9956,0.871212,0.127298,-0.114258,0.9693,0.918983,0.069888,-0.028631,0.9772,0.919251,0.077896,-0.07095,0.952,0.880356,0.293178,0.110697,0.999,0.928447,0.302665,-0.19872,0.995,0.851359,0.583147,0.079963,0.0413,0.932301,0.62291,-0.242301,0.9348,0.85646,0.827813,0.042061,0.0252,0.942878,0.883674,-0.235909,0.5796,0.856449,0.878061,0.040871,0.029,0.944038,0.925877,-0.259492,0.4833,0.86793,0.893578,0.021664,0.0282,0.946564,0.925996,-0.238875,0.4799,0.866004,0.876727,0.028446,0.0304,0.944856,0.917603,-0.231245,0.4436,0.827715,0.719817,0.092086,0.999,0.845817,0.763359,-0.090228,0.9959,0.61568,0.898048,0.109398,0.153,0.573224,0.883628,-0.067163,0.8571,0.368821,0.919904,0.11828,0.2615,0.281649,0.903037,-0.061033,0.7759,0.335521,0.892485,0.115529,0.397,0.278684,0.923545,-0.061777,0.8329,0.279646,0.970756,0.05843,0.3063,0.241333,0.954808,-0.135443,0.7117
bhujangasana_y107_0044,bhujangasana,,Y107,holdout,unlabelled,,not stated by the host (web photographs); included for research and education,data/datasets/yoga107/bhujangasana/044.jpg,True,618,198,True,0.9967,0.1139,175.318,176.083,72.407,97.097,18.305,37.162,159.116,162.641,179.652,179.481,175.318,176.083,72.407,97.097,179.481,179.652,159.116,162.641,67.199,67.707,159.116,175.318,72.407,67.707,67.537,-67.537,10.022,74.335,82.965,1.756,-0.3821,-0.1331,0.0482,0.1162,0.0462,0.352289,-0.017552,0.9965,0.055244,0.292445,-0.032864,0.9948,0.058217,0.290892,-0.032349,0.9942,0.061684,0.289194,-0.032321,0.9935,0.053994,0.291947,0.002541,0.9963,0.055604,0.290155,0.001977,0.9967,0.057277,0.287946,0.003061,0.9968,0.088059,0.297978,-0.075555,0.9934,0.080567,0.291056,0.071129,0.9983,0.0596,0.408953,-0.033086,0.9957,0.057539,0.405037,0.009706,0.9974,0.164917,0.509522,-0.143448,0.9967,0.173275,0.416493,0.152763,0.9991,0.260645,0.768759,-0.182939,0.9207,0.233243,0.733531,0.181778,0.1139,0.164053,0.953224,-0.157087,0.8703,0.174606,0.874746,0.130035,0.1899,0.127346,0.97953,-0.182945,0.8391,0.150492,0.851484,0.132564,0.2305,0.118226,0.903103,-0.159453,0.8285,0.139996,0.865335,0.107644,0.2339,0.133078,0.898151,-0.146294,0.7715,0.147897,0.886346,0.114246,0.2438,0.413322,0.832909,-0.096471,0.9981,0.41744,0.728765,0.097278,0.9987,0.653982,0.855943,-0.117283,0.8826,0.645331,0.790031,0.080413,0.2247,0.870339,0.82143,-0.087913,0.9137,0.859138,0.801749,0.144745,0.5443,0.895199,0.764896,-0.086809,0.944,0.888031,0.741919,0.149658,0.6056,0.943159,0.881453,-0.153162,0.9074,0.891984,0.829529,0.073767,0.6702
bhujangasana_y107_0045,bhujangasana,,Y107,train,unlabelled,,not stated by the host (web photographs); included for research and education,data/datasets/yoga107/bhujangasana/045.jpg,True,667,249,True,0.9947,0.3597,179.813,179.904,128.79,97.004,88.388,65.663,157.986,153.546,135.419,140.392,179.813,179.904,97.004,128.79,135.419,140.392,153.546,157.986,103.253,111.948,153.546,179.904,97.004,103.253,65.594,65.594,37.251,7.889,22.567,0.1,-0.4132,-0.3432,0.1345,0.2437,0.814256,0.241218,-0.239377,0.9993,0.81002,0.184733,-0.21657,0.999,0.80995,0.184104,-0.216224,0.999,0.809549,0.183308,-0.21615,0.9989,0.803873,0.185957,-0.24528,0.9991,0.799635,0.186369,-0.246264,0.999,0.794499,0.186698,-0.24578,0.9989,0.782446,0.199514,-0.108458,0.9988,0.76451,0.204413,-0.248374,0.9986,0.806832,0.295722,-0.202163,0.9994,0.798977,0.294237,-0.241287,0.9993,0.749185,0.463712,0.00979,0.9985,0.687761,0.48651,-0.300977,0.9968,0.79709,0.797646,-0.016913,0.6098,0.693359,0.912196,-0.332342,0.9875,0.906628,0.89168,-0.138563,0.8316,0.829064,0.943916,-0.37143,0.9831,0.944549,0.907854,-0.150087,0.7786,0.876477,0.959356,-0.427693,0.968,0.952539,0.901523,-0.181496,0.7802,0.884432,0.937008,-0.40043,0.9649,0.931017,0.906295,-0.156093,0.7583,0.873734,0.924993,-0.367767,0.94,0.503085,0.738568,0.103238,0.9962,0.47046,0.774889,-0.10198,0.9947,0.288499,0.744776,0.164024,0.3597,0.262087,0.773918,-0.064472,0.9689,0.10089,0.751842,0.251519,0.6011,0.067675,0.773888,0.00511,0.9815,0.086012,0.688921,0.255557,0.7042,0.049649,0.718989,0.009173,0.9741,0.025204,0.814418,0.202876,0.6967,-0.002135,0.824269,-0.067912,0.9674
bhujangasana_y107_0046,bhujangasana,,Y107,train,unlabelled,,not stated by the host (web photographs); included for research and education,data/datasets/yoga107/bhujangasana/046.jpg,True,514,254,True,0.9953,0.1626,171.664,178.142,118.102,108.814,30.756,28.283,140.49,135.996,166.329,162.306,171.664,178.142,108.814,118.102,162.306,166.329,135.996,140.49,58.109,60.985,135.996,178.142,108.814,60.985,43.854,43.854,18.271,86.564,87.154,2.704,-0.7211,-0.4664,0.2029,0.0872,0.909277,0.162329,-0.058483,0.9953,0.896349,0.133758,-0.04003,0.9962,0.894495,0.134999,-0.03954,0.9969,0.892174,0.136407,-0.039403,0.9974,0.893847,0.137312,-0.074683,0.9946,0.890555,0.140709,-0.075259,0.9939,0.886924,0.144009,-0.075225,0.9937,0.863471,0.170985,0.03758,0.9982,0.85758,0.179494,-0.132727,0.9947,0.902716,0.212692,-0.029844,0.9984,0.899769,0.214039,-0.077009,0.9977,0.803968,0.38813,0.129658,0.9996,0.805347,0.434626,-0.199372,0.9993,0.769648,0.673398,0.148489,0.1626,0.760506,0.773087,-0.219375,0.9835,0.857309,0.831921,0.066449,0.5299,0.885401,0.942421,-0.253622,0.9688,0.888934,0.827044,0.059746,0.5991,0.928449,0.95695,-0.3037,0.9664,0.895832,0.822449,0.026817,0.6251,0.929455,0.925547,-0.278716,0.9661,0.885047,0.829066,0.048231,0.5876,0.916744,0.920414,-0.249968,0.9369,0.622683,0.762242,0.109612,0.9964,0.621004,0.830609,-0.108014,0.9953,0.376288,0.815101,0.147685,0.3136,0.35847,0.855704,-0.111414,0.9616,0.156944,0.79739,0.221181,0.5293,0.114343,0.863,-0.081263,0.9756,0.129958,0.739607,0.224966,0.7228,0.089783,0.808224,-0.080554,0.9814,0.086759,0.874716,0.161313,0.6758,0.040065,0.926515,-0.167188,0.9697
bhujangasana_y107_0047,bhujangasana,,Y107,train,unlabelled,,not stated by the host (web photographs); included for research and education,data/datasets/yoga107/bhujangasana/047.jpg,True,365,216,True,0.9947,0.0827,175.747,176.878,131.643,92.708,12.89,13.612,139.095,136.143,155.274,152.092,175.747,176.878,92.708,131.643,152.092,155.274,136.143,139.095,26.325,35.546,136.143,176.878,92.708,26.325,57.511,57.511,26.973,4.442,7.556,8.09,-0.5371,-0.3316,0.2199,0.4163,0.975019,0.239738,-0.349126,0.9996,0.963499,0.196586,-0.326604,0.9993,0.965841,0.197573,-0.325853,0.9991,0.968133,0.198797,-0.325442,0.9989,0.947466,0.196834,-0.347865,0.9996,0.937651,0.198273,-0.348715,0.9996,0.926836,0.200048,-0.347936,0.9996,0.945485,0.221227,-0.2098,0.9991,0.888736,0.225808,-0.314184,0.9997,0.972119,0.293661,-0.308126,0.9995,0.950647,0.30038,-0.336834,0.9996,0.915652,0.428148,-0.107213,0.9987,0.768967,0.447403,-0.344092,0.9999,0.819663,0.577397,0.024219,0.2288,0.566205,0.586922,-0.345637,0.9983,0.821633,0.773156,0.040322,0.4856,0.629819,0.891352,-0.386172,0.9897,0.859638,0.805927,0.026906,0.5295,0.656997,0.960618,-0.419562,0.9754,0.860779,0.810131,0.008546,0.5603,0.684181,0.941401,-0.41882,0.9754,0.842363,0.801592,0.033835,0.5102,0.6788,0.917985,-0.388039,0.9531,0.582035,0.750077,0.09624,0.9947,0.506392,0.767032,-0.095205,0.9989,0.346016,0.671273,0.332233,0.0827,0.281102,0.71292,0.130646,0.9092,0.140393,0.575373,0.537892,0.4051,0.073986,0.643544,0.318029,0.9767,0.111813,0.509004,0.563389,0.6048,0.0411,0.597616,0.339337,0.9724,0.086494,0.663148,0.541603,0.3568,0.054879,0.727774,0.292712,0.9188
bhujangasana_y107_0048,bhujangasana,,Y107,holdout,unlabelled,,not stated by the host (web photographs); included for research and education,data/datasets/yoga107/bhujangasana/048.jpg,True,586,303,True,0.9995,0.1037,167.435,168.423,175.36,167.07,50.718,44.04,126.187,124.7,153.693,154.052,167.435,168.423,167.07,175.36,153.693,154.052,124.7,126.187,49.893,52.887,126.187,167.435,175.36,52.887,25.331,-25.331,25.739,17.901,73.069,9.608,-0.9039,-0.5359,0.1192,0.1267,0.225806,0.047691,-0.065507,0.9995,0.24695,0.046897,-0.074298,0.9994,0.250075,0.052532,-0.073581,0.9993,0.253867,0.058235,-0.073974,0.9993,0.245965,0.041145,-0.042151,0.9996,0.248167,0.042901,-0.043252,0.9997,0.251002,0.044609,-0.042421,0.9997,0.271386,0.106554,-0.099064,0.9994,0.27062,0.091011,0.035413,0.9998,0.220523,0.095908,-0.078256,0.9996,0.220617,0.087531,-0.037477,0.9998,0.254282,0.331094,-0.197156,0.9997,0.286087,0.311226,0.123694,0.9999,0.179416,0.654202,-0.250336,0.9839,0.227647,0.620157,0.106113,0.1037,0.102026,0.926701,-0.275607,0.9689,0.150909,0.848471,0.045217,0.3411,0.060016,0.949894,-0.317718,0.9473,0.127064,0.849164,0.048359,0.3599,0.054164,0.933436,-0.296864,0.9415,0.120475,0.855399,0.015652,0.3554,0.070267,0.92707,-0.267365,0.899,0.130533,0.864042,0.027994,0.338,0.378517,0.811329,-0.109391,0.9996,0.387627,0.753449,0.110819,0.9995,0.63728,0.896043,-0.103938,0.9629,0.635542,0.844526,0.132578,0.204,0.880031,0.871791,-0.071805,0.9885,0.853714,0.838477,0.233631,0.4632,0.916248,0.844383,-0.071732,0.9891,0.878643,0.77598,0.240758,0.6846,0.969968,0.916714,-0.152105,0.9834,0.929508,0.882739,0.188932,0.6646
bhujangasana_y107_0049,bhujangasana,,Y107,train,unlabelled,,not stated by the host (web photographs); included for research and education,data/datasets/yoga107/bhujangasana/049.jpg,True,755,387,True,0.9991,0.1004,173.7,175.501,171.022,169.466,48.835,44.277,123.4,121.024,152.029,154.535,173.7,175.501,169.466,171.022,152.029,154.535,121.024,123.4,48.946,53.195,123.4,173.7,171.022,53.195,24.369,-24.369,16.955,53.826,76.221,7.543,-0.9109,-0.5128,0.1609,0.0479,0.22779,0.079998,-0.092647,0.9983,0.241686,0.05657,-0.102162,0.9977,0.245032,0.059831,-0.101497,0.9975,0.248949,0.063313,-0.101994,0.9974,0.239549,0.053608,-0.067941,0.9985,0.241169,0.054739,-0.06906,0.9987,0.243323,0.055878,-0.068345,0.9988,0.2723,0.097179,-0.129699,0.998,0.267856,0.087792,0.014929,0.9995,0.2304,0.128144,-0.106671,0.9988,0.228716,0.127079,-0.063183,0.9995,0.282617,0.343965,-0.218197,0.9993,0.289806,0.324783,0.101811,0.9999,0.212868,0.65527,-0.260277,0.9608,0.231099,0.626374,0.087306,0.1004,0.124303,0.925557,-0.27927,0.9185,0.162587,0.845955,0.022953,0.2205,0.086912,0.942039,-0.32433,0.8894,0.131843,0.865934,0.022247,0.2388,0.08171,0.927538,-0.300643,0.882,0.12425,0.871705,-0.012235,0.2347,0.096188,0.924206,-0.270309,0.82,0.136354,0.872879,0.003945,0.2294,0.392984,0.801028,-0.104951,0.9993,0.389259,0.771393,0.106264,0.9991,0.638686,0.869892,-0.101127,0.9445,0.640803,0.836372,0.13352,0.1326,0.869454,0.884633,-0.048514,0.9767,0.831235,0.856128,0.24627,0.273,0.893757,0.850144,-0.048129,0.973,0.866095,0.807184,0.253453,0.5135,0.944183,0.954471,-0.136419,0.9408,0.904972,0.965757,0.192055,0.5054
bhujangasana_y107_0050,bhujangasana,,Y107,train,unlabelled,,not stated by the host (web photographs); included for research and education,data/datasets/yoga107/bhujangasana/050.jpg,True,615,318,True,0.9987,0.0871,162.801,167.122,161.076,143.051,30.522,21.812,116.217,109.487,153.873,151.472,162.801,167.122,143.051,161.076,151.472,153.873,109.487,116.217,39.383,39.436,109.487,167.122,143.051,39.383,12.061,12.061,43.315,11.254,27.691,8.632,-0.9779,-0.5087,0.0442,0.0776,0.694611,0.009509,-0.109907,0.9994,0.674365,0.01362,-0.085993,0.9996,0.674287,0.01518,-0.084816,0.9997,0.673874,0.016576,-0.084851,0.9997,0.672262,0.02108,-0.123128,0.9994,0.67074,0.027867,-0.124668,0.9992,0.668936,0.033969,-0.124284,0.9991,0.671434,0.061192,-0.002005,0.9998,0.66717,0.078056,-0.190242,0.9993,0.710745,0.03568,-0.081027,0.9996,0.709368,0.042575,-0.134323,0.9992,0.712522,0.231778,0.070845,0.9999,0.729964,0.238491,-0.27065,0.9997,0.758908,0.521351,0.06467,0.0871,0.763492,0.573444,-0.303142,0.9962,0.84131,0.739599,0.02267,0.1578,0.882605,0.781555,-0.298356,0.9768,0.862178,0.75632,0.030274,0.1471,0.91351,0.802061,-0.356955,0.9687,0.866841,0.765335,-0.00391,0.1581,0.925581,0.790502,-0.326675,0.9692,0.8644,0.766218,0.00412,0.1848,0.911864,0.789966,-0.294073,0.9532,0.660636,0.655967,0.094453,0.9996,0.686015,0.681726,-0.093395,0.9987,0.472753,0.739244,0.135055,0.1362,0.481691,0.741712,-0.027704,0.9675,0.301908,0.714457,0.215594,0.1495,0.311928,0.717336,0.005526,0.8684,0.290774,0.672229,0.2151,0.2854,0.303926,0.676087,0.004984,0.9139,0.22439,0.738108,0.176128,0.2174,0.228364,0.740893,-0.05003,0.8559
bhujangasana_y107_0051,bhujangasana,,Y107,train,unlabelled,,not stated by the host (web photographs); included for research and education,data/datasets/yoga107/bhujangasana/051.jpg,True,530,335,True,0.9985,0.0631,173.085,174.95,121.01,121.446,13.296,14.174,131.009,132.465,175.103,176.887,173.085,174.95,121.01,121.446,175.103,176.887,131.009,132.465,38.517,40.367,131.009,173.085,121.01,40.367,35.439,-35.439,11.232,32.777,68.817,5.539,-0.8147,-0.4289,0.1132,0.1347,0.069218,0.149244,-0.048071,0.9973,0.08681,0.124889,-0.06206,0.9966,0.090232,0.126972,-0.061514,0.9962,0.093869,0.129009,-0.061899,0.996,0.086053,0.122179,-0.029233,0.9977,0.088623,0.122407,-0.030308,0.998,0.091585,0.122653,-0.029379,0.9982,0.122435,0.155257,-0.108979,0.9967,0.121128,0.146733,0.029954,0.9991,0.078462,0.188015,-0.068555,0.9973,0.077248,0.18626,-0.026778,0.9986,0.161671,0.367541,-0.189612,0.9985,0.19524,0.333344,0.110752,0.9996,0.241299,0.676635,-0.217835,0.9466,0.262478,0.607169,0.113945,0.0631,0.132476,0.90665,-0.219008,0.9098,0.179941,0.778434,0.043604,0.1394,0.096989,0.93037,-0.253372,0.8634,0.154834,0.768994,0.034769,0.1591,0.081466,0.906358,-0.231801,0.8538,0.147088,0.773665,0.007369,0.1578,0.093249,0.897951,-0.209937,0.7931,0.154905,0.778181,0.026403,0.1525,0.341822,0.767556,-0.099162,0.9993,0.358932,0.697703,0.100543,0.9988,0.620464,0.810305,-0.079905,0.9248,0.62343,0.749532,0.147262,0.1831,0.881916,0.800365,-0.012896,0.9651,0.858325,0.762579,0.256789,0.3857,0.897749,0.771292,-0.007225,0.9672,0.878958,0.73922,0.263586,0.5966,0.973811,0.867033,-0.069757,0.9442,0.937311,0.836141,0.214925,0.569
bhujangasana_y107_0052,bhujangasana,,Y107,holdout,unlabelled,,not stated by the host (web photographs); included for research and education,data/datasets/yoga107/bhujangasana/052.jpg,True,567,329,True,0.9972,0.032,92.141,65.49,148.033,161.082,12.65,12.114,154.179,106.785,163.81,166.316,65.49,92.141,148.033,161.082,163.81,166.316,106.785,154.179,1.921,3.601,154.179,92.141,148.033,1.921,15.813,15.813,16.607,68.699,88.558,0.499,-0.9622,-0.608,0.2511,0.1851,0.28515,0.021805,-0.233339,0.9991,0.305244,0.047567,-0.255221,0.9992,0.306332,0.056786,-0.254233,0.9993,0.307784,0.066541,-0.254958,0.9993,0.306118,0.039471,-0.218478,0.9989,0.307613,0.043113,-0.219685,0.9988,0.309442,0.047984,-0.218733,0.9986,0.309088,0.129714,-0.309292,0.9994,0.313685,0.111223,-0.159335,0.9989,0.268833,0.052953,-0.253459,0.9988,0.271095,0.042643,-0.208608,0.9983,0.238171,0.334123,-0.341424,0.9994,0.255722,0.256545,-0.088551,0.9976,0.232883,0.65649,-0.364139,0.9881,0.240131,0.553505,-0.063698,0.032,0.145779,0.882547,-0.363219,0.9867,0.182248,0.776633,-0.106355,0.0851,0.11762,0.912931,-0.40737,0.9746,0.173847,0.815446,-0.11295,0.0921,0.094607,0.888417,-0.409432,0.9777,0.169048,0.835171,-0.134755,0.0979,0.111509,0.876074,-0.36485,0.9625,0.174475,0.827659,-0.118749,0.0921,0.175347,0.759842,-0.093676,0.9989,0.176272,0.696592,0.095285,0.9972,0.145084,0.821802,0.115374,0.807,0.163754,0.696404,0.401334,0.0674,0.202207,0.911165,0.369912,0.4937,0.190529,0.799993,0.668355,0.0893,0.231286,0.922235,0.395524,0.6454,0.207567,0.821776,0.692753,0.2418,0.165633,0.936544,0.386706,0.5329,0.146512,0.81861,0.713995,0.2075
bhujangasana_y107_0053,bhujangasana,,Y107,train,unlabelled,,not stated by the host (web photographs); included for research and education,data/datasets/yoga107/bhujangasana/053.jpg,True,548,231,True,0.9962,0.0783,162.698,162.966,179.965,169.295,49.658,41.859,117.788,116.572,144.984,146.377,162.698,162.966,169.295,179.965,144.984,146.377,116.572,117.788,46.686,49.674,117.788,162.698,179.965,49.674,13.881,-13.881,58.505,11.489,23.34,13.13,-0.9708,-0.5196,0.03,0.0946,0.303058,0.005274,-0.055607,0.9994,0.315696,0.048982,-0.060189,0.9993,0.316459,0.057721,-0.059442,0.9992,0.317327,0.066845,-0.059978,0.9992,0.315031,0.044586,-0.037172,0.9994,0.315637,0.052176,-0.038674,0.9995,0.316399,0.058675,-0.037996,0.9995,0.311299,0.125835,-0.078513,0.9994,0.313335,0.117345,0.017543,0.9997,0.290116,0.031969,-0.068595,0.9996,0.28952,0.029585,-0.037551,0.9997,0.239396,0.267839,-0.170323,0.9998,0.259511,0.277538,0.091317,0.9999,0.139126,0.607555,-0.21302,0.9793,0.180527,0.61843,0.082885,0.0783,0.049976,0.9092,-0.237134,0.965,0.094829,0.865047,0.062901,0.2516,0.03095,0.913431,-0.27699,0.9351,0.078825,0.860032,0.072952,0.275,0.028038,0.903347,-0.259689,0.926,0.077194,0.863556,0.047974,0.2858,0.034782,0.902561,-0.228647,0.8688,0.083701,0.872837,0.049826,0.2729,0.29568,0.778319,-0.082253,0.9962,0.307327,0.766396,0.083249,0.9968,0.565973,0.927891,-0.089143,0.9173,0.554655,0.907352,0.079115,0.1609,0.815997,0.884631,-0.093385,0.9108,0.815482,0.869235,0.15586,0.172,0.81074,0.789091,-0.09689,0.9398,0.816998,0.776446,0.162626,0.3657,0.895544,0.916571,-0.165287,0.8835,0.890972,0.902907,0.114046,0.2519
bhujangasana_y107_0054,bhujangasana,,Y107,train,unlabelled,,not stated by the host (web photographs); included for research and education,data/datasets/yoga107/bhujangasana/054.jpg,True,415,301,True,0.9989,0.1777,173.379,151.665,167.772,172.152,34.847,12.307,113.838,113.232,158.243,170.31,151.665,173.379,167.772,172.152,158.243,170.31,113.232,113.838,16.157,41.213,113.232,151.665,172.152,16.157,13.373,13.373,24.33,3.743,5.684,4.382,-0.9729,-0.6365,0.3122,0.5883,0.619819,0.061571,-0.297533,0.9993,0.601781,0.04792,-0.276824,0.999,0.60225,0.048542,-0.276143,0.9991,0.602721,0.048774,-0.27648,0.9993,0.59493,0.054141,-0.302976,0.9984,0.590318,0.059736,-0.303959,0.9981,0.585098,0.065891,-0.303527,0.9978,0.590188,0.087122,-0.194034,0.9996,0.564403,0.117357,-0.325471,0.9987,0.632967,0.096878,-0.27159,0.9998,0.6261,0.103412,-0.308239,0.9997,0.702516,0.328959,-0.115844,1.0,0.518081,0.345592,-0.358023,0.9999,0.758812,0.610909,-0.11118,0.8008,0.540103,0.642449,-0.367807,0.9905,0.865555,0.892193,-0.182405,0.9249,0.589437,0.921726,-0.3944,0.982,0.912188,0.914663,-0.212162,0.8927,0.606706,0.960613,-0.446754,0.9734,0.900151,0.924706,-0.238698,0.9137,0.636359,0.952204,-0.458248,0.9737,0.877535,0.920097,-0.200073,0.9135,0.630668,0.940816,-0.40648,0.9631,0.590553,0.765953,0.071155,0.9995,0.484715,0.751429,-0.069973,0.9989,0.41854,0.784127,0.379764,0.1777,0.272173,0.839705,0.152362,0.9587,0.192468,0.77194,0.57305,0.3355,0.095248,0.789763,0.406281,0.9002,0.173248,0.727597,0.588728,0.5033,0.068227,0.747742,0.427172,0.8507,0.172398,0.759713,0.563855,0.475,0.034572,0.810149,0.371084,0.8965
bhujangasana_y107_0055,bhujangasana,,Y107,train,unlabelled,,not stated by the host (web photographs); included for research and education,data/datasets/yoga107/bhujangasana/055.jpg,True,507,214,True,0.9975,0.1331,165.476,169.318,64.753,47.457,3.473,9.502,162.917,163.128,162.083,162.222,165.476,169.318,47.457,64.753,162.083,162.222,162.917,163.128,46.766,50.317,162.917,165.476,64.753,50.317,66.481,-66.481,17.003,65.114,88.554,4.683,-0.3991,-0.2567,0.1096,0.2651,0.020231,0.323602,-0.139443,0.9984,0.029844,0.28459,-0.166308,0.9982,0.032713,0.284956,-0.165562,0.9981,0.035744,0.285479,-0.165747,0.998,0.02893,0.278855,-0.135446,0.9985,0.031032,0.275481,-0.136352,0.9985,0.033635,0.272084,-0.134639,0.9984,0.063296,0.300905,-0.222715,0.9987,0.062677,0.283087,-0.097165,0.9991,0.032272,0.367296,-0.155864,0.9992,0.029967,0.359608,-0.120012,0.9992,0.141833,0.554545,-0.255022,0.9996,0.170684,0.407197,0.025832,0.9996,0.287274,0.716973,-0.205281,0.952,0.299258,0.49428,0.143018,0.1331,0.189951,0.907136,-0.156523,0.9576,0.201651,0.636002,0.236018,0.3256,0.156018,0.931822,-0.181265,0.95,0.180846,0.617447,0.264356,0.4018,0.141635,0.90157,-0.156418,0.9475,0.180741,0.621647,0.233436,0.399,0.152685,0.888587,-0.146187,0.9236,0.187462,0.642674,0.225872,0.3986,0.394113,0.793192,-0.10078,0.9986,0.392667,0.65755,0.101734,0.9975,0.614679,0.836001,-0.066963,0.9555,0.587667,0.727289,0.163805,0.427,0.780198,0.767981,0.001026,0.9274,0.764594,0.711937,0.239504,0.7255,0.800992,0.700186,0.007686,0.8461,0.791641,0.69425,0.244622,0.7499,0.83098,0.858394,-0.023378,0.7438,0.814886,0.805738,0.213382,0.7629
bhujangasana_y107_0056,bhujangasana,,Y107,holdout,unlabelled,,not stated by the host (web photographs); included for research and education,data/datasets/yoga107/bhujangasana/056.jpg,True,678,365,True,0.9964,0.1551,170.405,169.783,149.775,167.236,39.387,44.542,113.726,117.8,143.355,150.033,169.783,170.405,149.775,167.236,143.355,150.033,113.726,117.8,50.585,53.842,113.726,170.405,149.775,53.842,18.931,-18.931,8.678,16.24,20.481,6.53,-0.9459,-0.4274,0.2592,0.2174,0.199598,0.1431,-0.077034,0.9996,0.214124,0.113465,-0.09078,0.9993,0.217442,0.114211,-0.090131,0.9991,0.220848,0.114873,-0.090501,0.999,0.211265,0.112176,-0.056623,0.9995,0.212635,0.111955,-0.057651,0.9996,0.214067,0.111475,-0.057052,0.9997,0.249265,0.142398,-0.127578,0.999,0.239321,0.133217,0.016364,0.9998,0.209579,0.186051,-0.09237,0.9995,0.205534,0.185643,-0.048591,0.9998,0.291749,0.362797,-0.201384,0.9993,0.237815,0.333616,0.086281,1.0,0.221492,0.682736,-0.237624,0.9766,0.176458,0.590509,0.09911,0.4561,0.086115,0.876279,-0.253642,0.9676,0.095159,0.793194,0.036802,0.7553,0.055066,0.91692,-0.293181,0.945,0.06404,0.805307,0.030067,0.7131,0.045353,0.898519,-0.284542,0.9408,0.055644,0.806734,0.002293,0.7147,0.055655,0.886551,-0.24866,0.9059,0.065757,0.813147,0.019767,0.7015,0.367088,0.814983,-0.083456,0.9964,0.330115,0.789331,0.084651,0.998,0.638031,0.872591,-0.076373,0.9057,0.603672,0.853372,0.097417,0.1551,0.890031,0.847522,-0.045806,0.9515,0.823596,0.83172,0.176231,0.192,0.908243,0.822426,-0.047228,0.9647,0.868102,0.777156,0.182392,0.4533,0.95357,0.868866,-0.118149,0.9204,0.899758,0.839316,0.137018,0.3585
bhujangasana_y107_0057,bhujangasana,,Y107,train,unlabelled,,not stated by the host (web photographs); included for research and education,data/datasets/yoga107/bhujangasana/057.jpg,True,809,529,True,0.9987,0.0689,160.608,161.845,160.535,165.81,12.633,15.461,130.886,128.83,179.308,179.944,160.608,161.845,160.535,165.81,179.308,179.944,128.83,130.886,20.938,22.069,128.83,161.845,165.81,22.069,21.884,21.884,3.222,46.807,76.534,16.705,-0.9279,-0.4665,0.1116,0.0728,0.957595,0.125731,-0.0773,0.9903,0.937205,0.098243,-0.056517,0.9936,0.934683,0.098767,-0.055805,0.9951,0.932132,0.099332,-0.056269,0.9962,0.935693,0.100131,-0.088392,0.9894,0.932397,0.101794,-0.089001,0.9877,0.928941,0.103319,-0.089286,0.987,0.906052,0.124098,0.019419,0.9979,0.905284,0.12793,-0.139709,0.9903,0.954497,0.159824,-0.048109,0.9937,0.952165,0.161076,-0.092172,0.9893,0.853556,0.318107,0.119092,0.9997,0.867808,0.341322,-0.226334,0.9988,0.823858,0.60495,0.10928,0.0689,0.844784,0.642655,-0.254664,0.9679,0.849608,0.818089,0.034565,0.0837,0.867447,0.905007,-0.245615,0.7809,0.870856,0.842711,0.031253,0.1034,0.886371,0.932428,-0.284707,0.7309,0.880764,0.849831,0.002383,0.1072,0.9026,0.927931,-0.26633,0.7325,0.870361,0.844909,0.016559,0.113,0.890911,0.917413,-0.244257,0.6732,0.750811,0.714367,0.113408,0.9995,0.757416,0.756553,-0.11141,0.9987,0.488513,0.854499,0.138135,0.2172,0.466334,0.890147,-0.099535,0.8836,0.25094,0.853637,0.200154,0.3305,0.224418,0.880781,-0.065196,0.9217,0.205676,0.813072,0.202124,0.598,0.188552,0.851174,-0.065116,0.9634,0.187757,0.933021,0.135933,0.4634,0.123377,0.933395,-0.159393,0.918
bhujangasana_y107_0058,bhujangasana,,Y107,train,unlabelled,,not stated by the host (web photographs); included for research and education,data/datasets/yoga107/bhujangasana/058.jpg,True,467,228,True,0.9822,0.0538,178.056,177.679,141.923,144.637,22.545,22.905,111.678,109.324,159.178,159.003,177.679,178.056,141.923,144.637,159.003,159.178,109.324,111.678,38.947,40.066,109.324,177.679,144.637,38.947,18.586,18.586,49.652,52.078,83.5,1.373,-0.9478,-0.5632,0.0268,0.029,0.72771,-0.004609,-0.070533,0.9972,0.711995,0.021973,-0.046516,0.9984,0.711814,0.027641,-0.044922,0.9988,0.711427,0.033567,-0.04504,0.9991,0.710353,0.024594,-0.083492,0.9971,0.709165,0.031657,-0.085563,0.9964,0.707644,0.03887,-0.084675,0.9962,0.710987,0.098465,0.030328,0.9995,0.706876,0.105046,-0.157929,0.9971,0.743496,0.025679,-0.044294,0.9984,0.742457,0.027681,-0.097961,0.9969,0.765761,0.281394,0.091808,0.9999,0.761256,0.293238,-0.239438,0.9993,0.775804,0.638024,0.078058,0.0538,0.777753,0.683058,-0.259883,0.9914,0.87465,0.867845,0.047336,0.2644,0.880994,0.93225,-0.282078,0.9844,0.906261,0.873893,0.058252,0.3264,0.915012,0.965194,-0.341964,0.9864,0.919209,0.875893,0.030099,0.3562,0.92913,0.946918,-0.311057,0.9867,0.904758,0.872726,0.031396,0.3962,0.915451,0.934516,-0.279134,0.9829,0.683738,0.762652,0.092151,0.995,0.681964,0.794551,-0.090965,0.9822,0.407966,0.786671,0.159315,0.249,0.404081,0.808193,-0.026713,0.9178,0.192749,0.790451,0.317366,0.3748,0.188274,0.800875,0.066755,0.8344,0.174591,0.779259,0.326828,0.6184,0.162166,0.789682,0.073657,0.945,0.16673,0.934282,0.263521,0.5311,0.163537,0.954222,-0.014368,0.8253
bhujangasana_y107_0059,bhujangasana,,Y107,train,unlabelled,,not stated by the host (web photographs); included for research and education,data/datasets/yoga107/bhujangasana/059.jpg,True,376,162,True,0.9981,0.0383,168.255,167.92,167.6,175.593,30.769,35.531,108.657,107.826,152.042,151.398,167.92,168.255,167.6,175.593,151.398,152.042,107.826,108.657,36.294,37.572,107.826,167.92,175.593,37.572,8.654,8.654,64.651,54.309,60.708,8.856,-0.9886,-0.518,0.1027,0.1047,0.622345,-0.047207,-0.149906,0.9999,0.614046,0.005151,-0.121883,0.9998,0.614286,0.010325,-0.118749,0.9998,0.614145,0.018805,-0.118516,0.9999,0.613812,0.011374,-0.158155,0.9997,0.614164,0.023011,-0.161362,0.9997,0.614187,0.034177,-0.158732,0.9996,0.630536,0.088378,-0.03199,0.9999,0.630758,0.099098,-0.225933,0.9995,0.642632,-0.038726,-0.119048,0.9998,0.642538,-0.031888,-0.174405,0.9997,0.704059,0.197402,0.03579,0.9999,0.717601,0.241158,-0.303029,0.9997,0.770731,0.57223,0.030507,0.0383,0.798461,0.616571,-0.30821,0.9895,0.850996,0.839946,0.077315,0.299,0.878725,0.927,-0.284146,0.9812,0.875151,0.845918,0.098853,0.3867,0.910199,0.964012,-0.321361,0.9674,0.890031,0.86227,0.074619,0.4128,0.919112,0.954247,-0.286637,0.9605,0.876442,0.865199,0.069259,0.4298,0.902818,0.941631,-0.276545,0.9647,0.671999,0.705248,0.09112,0.9994,0.682956,0.750579,-0.089972,0.9981,0.419035,0.812171,0.148471,0.6703,0.405289,0.85099,-0.050804,0.9911,0.180448,0.798411,0.295448,0.9352,0.159461,0.818853,0.052001,0.9877,0.142744,0.742791,0.301692,0.9363,0.134309,0.782124,0.058132,0.9841,0.125689,0.796475,0.227499,0.9652,0.111691,0.889256,-0.05392,0.9838
bhujangasana_y107_0060,bhujangasana,,Y107,holdout,unlabelled,,not stated by the host (web photographs); included for research and education,data/datasets/yoga107/bhujangasana/060.jpg,True,939,431,True,0.9886,0.0157,154.814,150.064,175.873,172.016,5.078,0.762,93.344,95.351,155.982,155.939,150.064,154.814,172.016,175.873,155.939,155.982,93.344,95.351,4.35,7.079,93.344,154.814,175.873,7.079,18.323,18.323,34.074,10.019,32.158,20.282,-0.9493,-0.4753,0.1532,0.0574,0.388655,-0.003095,-0.065566,0.9954,0.402572,0.028951,-0.075326,0.997,0.402453,0.037225,-0.074509,0.9974,0.402445,0.045379,-0.075026,0.9978,0.402609,0.025654,-0.04284,0.9961,0.402768,0.029988,-0.043854,0.9958,0.402821,0.036197,-0.043189,0.9955,0.394381,0.100465,-0.106188,0.9987,0.396865,0.092476,0.030068,0.9967,0.370134,0.02161,-0.0859,0.9974,0.369337,0.017586,-0.043083,0.996,0.306789,0.232142,-0.171195,0.9998,0.319769,0.237139,0.049615,0.9988,0.244395,0.568323,-0.241143,0.9929,0.259643,0.588008,0.034569,0.0157,0.1753,0.875024,-0.294084,0.9943,0.192746,0.856926,0.038536,0.0565,0.151602,0.914475,-0.334784,0.98,0.174322,0.882784,0.04003,0.0412,0.143009,0.915627,-0.338883,0.9718,0.176244,0.893987,0.038299,0.0405,0.149269,0.910778,-0.298486,0.9437,0.180559,0.894729,0.02813,0.0433,0.239818,0.711227,-0.061228,0.9975,0.242386,0.707709,0.062713,0.9886,0.454539,0.884109,-0.099803,0.9831,0.417581,0.8862,0.088498,0.0688,0.650359,0.847504,0.024076,0.9418,0.615187,0.849489,0.231624,0.1113,0.662427,0.835936,0.034872,0.9449,0.62898,0.84807,0.237327,0.248,0.734464,0.836818,0.013563,0.8811,0.680072,0.808241,0.208443,0.1179
bhujangasana_y107_0061,bhujangasana,,Y107,train,unlabelled,,not stated by the host (web photographs); included for research and education,data/datasets/yoga107/bhujangasana/061.jpg,True,652,226,True,0.9946,0.0463,173.636,177.075,56.232,60.796,11.926,8.995,169.519,164.434,174.6,167.321,173.636,177.075,56.232,60.796,167.321,174.6,164.434,169.519,60.786,70.397,164.434,177.075,60.796,60.786,74.669,74.669,11.875,22.78,52.816,0.969,-0.2644,-0.0943,0.1763,0.1432,0.967438,0.398099,-0.141764,0.9986,0.966236,0.33381,-0.125638,0.9987,0.964989,0.331206,-0.125042,0.9988,0.963356,0.327807,-0.124698,0.9989,0.96257,0.330767,-0.156521,0.9984,0.959012,0.327141,-0.157096,0.9982,0.954982,0.322973,-0.156226,0.998,0.935128,0.310509,-0.03754,0.9993,0.926727,0.310041,-0.189599,0.9984,0.95249,0.440074,-0.108869,0.9989,0.948209,0.432666,-0.151898,0.9984,0.838217,0.452882,0.069236,0.9985,0.80055,0.498518,-0.230625,0.9981,0.715439,0.626627,0.189791,0.0463,0.65651,0.696997,-0.216042,0.9724,0.82644,0.812289,0.256184,0.1706,0.767426,0.923274,-0.16468,0.9463,0.863646,0.791609,0.271204,0.2297,0.808889,0.951416,-0.189462,0.9268,0.86793,0.815022,0.252777,0.2312,0.818799,0.915175,-0.175934,0.9188,0.849866,0.817348,0.249904,0.2226,0.809304,0.897002,-0.161198,0.8709,0.552629,0.661408,0.103254,0.9946,0.535845,0.725237,-0.102119,0.9951,0.318405,0.705362,0.151499,0.3215,0.301525,0.736669,-0.039628,0.9571,0.120475,0.679014,0.226218,0.5908,0.07166,0.714015,0.040092,0.9778,0.088115,0.622517,0.227589,0.6039,0.054597,0.666056,0.045561,0.9323,0.050026,0.778139,0.184663,0.73,0.003042,0.785974,-0.009814,0.9589
bhujangasana_y107_0062,bhujangasana,,Y107,train,unlabelled,,not stated by the host (web photographs); included for research and education,data/datasets/yoga107/bhujangasana/062.jpg,True,323,166,True,0.9994,0.1138,169.335,169.248,176.06,160.655,49.315,38.214,127.473,123.292,156.332,155.996,169.248,169.335,160.655,176.06,155.996,156.332,123.292,127.473,47.26,51.143,127.473,169.335,176.06,51.143,25.464,-25.464,26.821,16.664,66.71,9.999,-0.9029,-0.5218,0.1629,0.1546,0.235377,0.034189,-0.054471,0.9996,0.256737,0.040174,-0.063768,0.9995,0.259902,0.045621,-0.063078,0.9995,0.263493,0.050789,-0.063465,0.9995,0.255597,0.035171,-0.033087,0.9996,0.257776,0.03744,-0.034181,0.9997,0.260566,0.039794,-0.033289,0.9997,0.278924,0.10009,-0.089378,0.9995,0.277754,0.083306,0.039011,0.9998,0.22966,0.077408,-0.067667,0.9997,0.22885,0.071214,-0.028509,0.9998,0.256532,0.309883,-0.190455,0.9998,0.295105,0.287417,0.128641,0.9999,0.189955,0.6331,-0.245442,0.9897,0.252532,0.597484,0.117723,0.1138,0.122608,0.904407,-0.266609,0.9801,0.170785,0.830637,0.05767,0.3539,0.079336,0.930642,-0.307831,0.9645,0.160016,0.839247,0.061165,0.3835,0.071919,0.914753,-0.286415,0.9596,0.159064,0.854527,0.027858,0.3771,0.088412,0.908585,-0.257943,0.9287,0.152003,0.846341,0.040626,0.3553,0.38237,0.780757,-0.110819,0.9996,0.393229,0.731674,0.112243,0.9994,0.64045,0.869293,-0.108215,0.9771,0.641153,0.817045,0.134988,0.3516,0.875119,0.863984,-0.081132,0.9913,0.842085,0.812157,0.235315,0.57,0.897971,0.820426,-0.080946,0.9864,0.865261,0.769503,0.242011,0.7037,0.96342,0.917859,-0.163406,0.9743,0.924614,0.879391,0.189916,0.7389
bhujangasana_y107_0063,bhujangasana,,Y107,train,unlabelled,,not stated by the host (web photographs); included for research and education,data/datasets/yoga107/bhujangasana/063.jpg,True,480,192,True,0.9969,0.3834,175.989,179.492,118.752,107.01,63.775,71.337,147.295,148.802,140.666,135.324,175.989,179.492,107.01,118.752,135.324,140.666,147.295,148.802,94.052,103.153,148.802,179.492,107.01,103.153,56.648,56.648,31.136,64.604,84.707,0.325,-0.5498,-0.4262,0.2221,0.2282,0.845564,0.21404,-0.163255,0.9998,0.837506,0.1745,-0.143338,0.9997,0.835733,0.172972,-0.142801,0.9996,0.833601,0.171625,-0.142689,0.9996,0.836099,0.179473,-0.172778,0.9997,0.833867,0.181605,-0.173534,0.9997,0.831161,0.183934,-0.173198,0.9997,0.809706,0.189892,-0.042699,0.9996,0.805734,0.202263,-0.18648,0.9997,0.83734,0.256599,-0.125942,0.9998,0.83494,0.261307,-0.166364,0.9998,0.746143,0.400206,0.081081,0.9991,0.768694,0.518959,-0.248677,0.9995,0.764068,0.681336,0.09828,0.3834,0.801355,0.876628,-0.260449,0.9983,0.869108,0.775335,0.071725,0.5808,0.918562,0.897889,-0.246643,0.997,0.887111,0.76477,0.077292,0.5196,0.951325,0.901851,-0.294002,0.9936,0.899656,0.774792,0.047533,0.5074,0.946936,0.861534,-0.25304,0.9927,0.890976,0.782944,0.057899,0.494,0.932712,0.857677,-0.236281,0.9883,0.562976,0.724216,0.104822,0.997,0.56684,0.828479,-0.103618,0.9969,0.364564,0.746541,0.12018,0.6398,0.355911,0.831473,-0.098234,0.9834,0.178875,0.734919,0.172652,0.8077,0.1491,0.83899,-0.072941,0.9914,0.159545,0.707375,0.174868,0.8743,0.135339,0.786215,-0.070377,0.992,0.102532,0.825496,0.125452,0.8516,0.060211,0.905049,-0.121753,0.9862
bhujangasana_y107_0065,bhujangasana,,Y107,train,unlabelled,,not stated by the host (web photographs); included for research and education,data/datasets/yoga107/bhujangasana/065.jpg,True,506,271,True,0.9969,0.0368,162.868,166.233,177.701,169.719,9.164,13.006,108.384,106.31,165.405,163.811,162.868,166.233,169.719,177.701,163.811,165.405,106.31,108.384,8.03,8.162,108.384,162.868,177.701,8.03,7.306,7.306,29.338,48.48,52.449,24.336,-0.9919,-0.5674,0.07,0.1131,0.262982,0.024521,-0.146743,0.9911,0.279056,0.044191,-0.158012,0.9915,0.279782,0.050166,-0.156933,0.9923,0.280694,0.055758,-0.158123,0.9931,0.279884,0.040349,-0.126117,0.9899,0.281085,0.043408,-0.127467,0.9894,0.282703,0.046946,-0.126495,0.9891,0.281727,0.111848,-0.201812,0.9957,0.285371,0.102064,-0.064923,0.9933,0.24811,0.047122,-0.167967,0.9922,0.249551,0.040759,-0.126429,0.9912,0.212149,0.282768,-0.240982,0.9995,0.229149,0.246916,-0.043406,0.9988,0.165064,0.594928,-0.298788,0.9425,0.164662,0.56006,-0.0639,0.0368,0.1258,0.901949,-0.346142,0.9512,0.134791,0.85379,-0.074344,0.1618,0.104257,0.939332,-0.38801,0.9195,0.107538,0.906076,-0.061309,0.1528,0.090921,0.932029,-0.38128,0.9166,0.109101,0.913095,-0.081839,0.1499,0.100476,0.921751,-0.345509,0.8595,0.128789,0.903221,-0.085307,0.1527,0.186578,0.697654,-0.068298,0.9991,0.197025,0.67228,0.069939,0.9969,0.36734,0.854668,-0.01425,0.7966,0.360752,0.810545,0.17568,0.0544,0.498871,0.888381,0.111416,0.566,0.504433,0.860604,0.305915,0.0555,0.511095,0.872753,0.117563,0.7513,0.522843,0.85614,0.316951,0.1517,0.561782,0.932956,0.074918,0.4556,0.550799,0.881884,0.283843,0.0717
bhujangasana_y107_0066,bhujangasana,,Y107,train,unlabelled,,not stated by the host (web photographs); included for research and education,data/datasets/yoga107/bhujangasana/066.jpg,True,121,219,True,0.8933,0.0459,174.976,132.233,174.726,175.123,13.771,15.553,176.248,144.172,172.139,173.804,132.233,174.976,174.726,175.123,172.139,173.804,144.172,176.248,13.313,16.206,176.248,132.233,175.123,13.313,0.634,0.634,1.035,0.424,1.019,61.289,-0.9999,-0.519,0.3739,0.6677,0.539962,0.095858,-0.217411,0.992,0.581588,0.084418,-0.196099,0.9861,0.603606,0.088019,-0.195376,0.9865,0.624654,0.091835,-0.195793,0.9874,0.507674,0.082086,-0.201917,0.987,0.480392,0.084821,-0.20298,0.9874,0.451771,0.08867,-0.203443,0.9874,0.639927,0.125814,-0.084038,0.9919,0.400372,0.127625,-0.120217,0.9915,0.57318,0.134092,-0.181406,0.9951,0.495163,0.132686,-0.189098,0.9945,0.828137,0.372804,-0.021617,0.9936,0.186344,0.370182,-0.103547,0.9948,0.876326,0.653134,-0.016131,0.8568,0.105445,0.671545,-0.122499,0.9811,0.957511,0.890547,-0.156107,0.6681,0.07635,0.929935,-0.226908,0.9225,0.988865,0.939894,-0.186675,0.5749,0.03996,0.992418,-0.261273,0.8705,0.973744,0.939824,-0.21712,0.6187,0.094297,0.992437,-0.277588,0.8836,0.931589,0.920155,-0.170545,0.5988,0.116755,0.970116,-0.238014,0.8559,0.687001,0.904389,0.018255,0.8933,0.306215,0.900647,-0.016731,0.9059,0.65248,1.141765,-0.20192,0.17,0.082023,1.126791,-0.177692,0.1074,0.657063,1.478765,-0.004284,0.0459,0.297922,1.47214,-0.025095,0.0572,0.651391,1.516436,0.0115,0.0564,0.316926,1.50533,-0.013795,0.0693,0.641074,1.598346,-0.091151,0.0619,0.37817,1.59743,-0.1212,0.0646
bhujangasana_y107_0067,bhujangasana,,Y107,train,unlabelled,,not stated by the host (web photographs); included for research and education,data/datasets/yoga107/bhujangasana/067.jpg,True,528,280,True,0.9994,0.0763,168.567,168.092,177.848,166.455,50.315,42.54,127.294,125.106,155.55,155.694,168.092,168.567,166.455,177.848,155.55,155.694,125.106,127.294,48.693,51.291,127.294,168.567,177.848,51.291,25.673,-25.673,28.326,13.776,70.553,10.453,-0.9013,-0.5466,0.1674,0.1174,0.234563,0.047443,-0.124409,0.9996,0.255672,0.044202,-0.127812,0.9995,0.259225,0.049188,-0.127039,0.9994,0.263484,0.054231,-0.127537,0.9994,0.253604,0.039274,-0.097096,0.9996,0.255427,0.040741,-0.098286,0.9997,0.257761,0.042267,-0.097312,0.9997,0.281225,0.101502,-0.12585,0.9994,0.275752,0.086845,0.001922,0.9999,0.229162,0.093765,-0.128546,0.9996,0.228122,0.086036,-0.08944,0.9998,0.257881,0.326691,-0.220843,0.9998,0.288011,0.31276,0.110419,0.9999,0.183236,0.650816,-0.28502,0.9914,0.235899,0.612481,0.102164,0.0763,0.115919,0.915457,-0.305089,0.9804,0.162671,0.836086,0.044406,0.2857,0.073401,0.939973,-0.34782,0.9636,0.148193,0.834234,0.053759,0.3181,0.065738,0.925432,-0.320872,0.9591,0.135778,0.842828,0.020336,0.312,0.084941,0.916931,-0.294371,0.9243,0.145115,0.850229,0.027971,0.2902,0.382905,0.792587,-0.110948,0.9996,0.391864,0.744738,0.112325,0.9994,0.638033,0.881341,-0.109541,0.966,0.643014,0.834388,0.138723,0.2403,0.888328,0.873265,-0.078344,0.9882,0.851827,0.826218,0.245944,0.47,0.923823,0.843504,-0.079005,0.9863,0.87706,0.774321,0.25334,0.6595,0.969588,0.911605,-0.162193,0.9798,0.932199,0.885281,0.197059,0.6583
bhujangasana_y107_0069,bhujangasana,,Y107,train,unlabelled,,not stated by the host (web photographs); included for research and education,data/datasets/yoga107/bhujangasana/069.jpg,True,294,172,True,0.9987,0.1297,167.967,161.275,143.273,135.821,25.439,19.047,133.048,129.488,167.445,166.301,161.275,167.967,135.821,143.273,166.301,167.445,129.488,133.048,40.112,42.514,129.488,161.275,135.821,40.112,28.16,28.16,10.449,84.128,74.006,13.074,-0.8816,-0.4654,0.0757,0.0628,0.878536,0.116407,-0.057588,0.9985,0.865232,0.089023,-0.040599,0.9989,0.863277,0.089122,-0.03977,0.9991,0.860841,0.088887,-0.04015,0.9993,0.86297,0.0921,-0.076312,0.9983,0.859881,0.094138,-0.07677,0.9981,0.856474,0.095618,-0.076742,0.998,0.836536,0.114428,0.028512,0.9995,0.833138,0.120597,-0.139455,0.9986,0.874247,0.158764,-0.030318,0.9992,0.870967,0.15916,-0.077571,0.9987,0.795572,0.317857,0.139281,0.9999,0.793829,0.346836,-0.21133,0.9998,0.782576,0.598854,0.140805,0.1297,0.771349,0.644042,-0.219904,0.9881,0.859313,0.80709,0.056101,0.2619,0.867537,0.863724,-0.256194,0.9753,0.901872,0.828279,0.056584,0.3305,0.905167,0.882715,-0.302737,0.9683,0.911156,0.826076,0.017755,0.3504,0.916076,0.87113,-0.275992,0.9671,0.900561,0.824776,0.034903,0.3594,0.903908,0.865768,-0.251021,0.9358,0.661995,0.713978,0.117304,0.9994,0.671196,0.768849,-0.115606,0.9987,0.437986,0.803006,0.120014,0.388,0.404588,0.874679,-0.115098,0.9706,0.157553,0.811842,0.194841,0.5969,0.139932,0.829914,-0.073486,0.98,0.12553,0.76476,0.199606,0.7673,0.116828,0.790269,-0.073315,0.9858,0.10062,0.831413,0.135966,0.7441,0.053995,0.865966,-0.166643,0.9704
bhujangasana_y107_0070,bhujangasana,,Y107,train,unlabelled,,not stated by the host (web photographs); included for research and education,data/datasets/yoga107/bhujangasana/070.jpg,True,464,259,True,0.9998,0.1749,163.407,167.64,166.532,176.44,39.377,38.565,136.394,130.579,169.058,172.393,163.407,167.64,166.532,176.44,169.058,172.393,130.579,136.394,40.309,45.611,130.579,167.64,176.44,40.309,33.649,33.649,29.827,0.881,43.123,7.877,-0.8324,-0.4292,0.0559,0.0955,0.873127,0.049024,-0.057893,0.9988,0.85915,0.050876,-0.041522,0.9986,0.857871,0.055396,-0.040772,0.9991,0.856222,0.060313,-0.041116,0.9994,0.858318,0.051167,-0.072867,0.9988,0.856604,0.055318,-0.073315,0.9987,0.854562,0.059827,-0.073235,0.9987,0.841131,0.110384,0.02638,0.9993,0.840599,0.111309,-0.123247,0.999,0.87738,0.085833,-0.02891,0.9992,0.876143,0.085395,-0.070969,0.9987,0.819484,0.287697,0.14928,1.0,0.849084,0.286882,-0.197351,0.9999,0.833616,0.595077,0.158204,0.1749,0.867875,0.614748,-0.213038,0.9916,0.879929,0.847783,0.088675,0.3071,0.896816,0.927179,-0.254659,0.9928,0.908653,0.836523,0.097734,0.3312,0.93539,0.934989,-0.304659,0.9872,0.920107,0.846349,0.055437,0.3495,0.940405,0.931272,-0.272719,0.9859,0.907417,0.856263,0.065415,0.3808,0.926183,0.930306,-0.248696,0.9716,0.649636,0.727659,0.11391,0.9999,0.675541,0.771122,-0.112427,0.9998,0.3848,0.826133,0.117449,0.2134,0.381057,0.844112,-0.126864,0.9744,0.147385,0.789912,0.176497,0.4905,0.133892,0.809394,-0.057918,0.9694,0.122579,0.735319,0.180298,0.6853,0.118042,0.754865,-0.054381,0.9822,0.08813,0.804468,0.113212,0.7033,0.065404,0.861825,-0.142708,0.9668
bhujangasana_y107_0071,bhujangasana,,Y107,train,unlabelled,,not stated by the host (web photographs); included for research and education,data/datasets/yoga107/bhujangasana/071.jpg,True,544,317,True,0.9963,0.0527,162.527,166.856,136.789,138.319,19.829,23.407,128.167,132.222,163.88,164.119,162.527,166.856,136.789,138.319,163.88,164.119,128.167,132.222,39.977,42.065,128.167,162.527,136.789,39.977,25.032,-25.032,6.382,75.453,43.228,14.31,-0.9061,-0.427,0.1455,0.0583,0.119994,0.169465,-0.088382,0.9871,0.131926,0.137124,-0.102681,0.9872,0.134893,0.137281,-0.101843,0.9878,0.138437,0.137323,-0.102707,0.9892,0.131742,0.135871,-0.066987,0.987,0.13435,0.135354,-0.068033,0.9874,0.137327,0.134564,-0.067252,0.9878,0.168699,0.155455,-0.151198,0.9941,0.167029,0.150483,0.001429,0.9939,0.128567,0.209525,-0.109507,0.9925,0.128481,0.208595,-0.06361,0.9928,0.20722,0.375672,-0.230037,0.9994,0.211083,0.350124,0.081875,0.9986,0.220192,0.691818,-0.266045,0.9784,0.219804,0.658649,0.085488,0.0527,0.117597,0.907821,-0.269874,0.9688,0.127337,0.855283,0.026676,0.1243,0.084439,0.939057,-0.313666,0.9464,0.098266,0.864943,0.019934,0.141,0.070199,0.915387,-0.299314,0.9439,0.090152,0.86546,-0.006125,0.145,0.081251,0.906592,-0.264422,0.9067,0.09936,0.865266,0.009046,0.152,0.312988,0.786094,-0.102023,0.9987,0.328729,0.760702,0.103531,0.9963,0.537663,0.884443,-0.090433,0.879,0.54889,0.869309,0.15021,0.0698,0.790502,0.860463,-0.023998,0.8914,0.755407,0.887224,0.250105,0.1351,0.818654,0.845507,-0.022528,0.9543,0.785275,0.872869,0.25598,0.3577,0.825606,0.890654,-0.076217,0.8661,0.795404,0.929861,0.209065,0.2508
bhujangasana_y107_0072,bhujangasana,,Y107,holdout,unlabelled,,not stated by the host (web photographs); included for research and education,data/datasets/yoga107/bhujangasana/072.jpg,True,825,352,True,0.9798,0.0649,177.193,178.387,86.44,81.963,21.231,14.179,146.403,140.427,171.7,169.473,177.193,178.387,81.963,86.44,169.473,171.7,140.427,146.403,60.741,60.852,140.427,178.387,81.963,60.741,51.371,51.371,23.217,78.22,78.254,0.213,-0.6243,-0.4225,0.1693,0.1025,0.965277,0.200689,-0.110079,0.98,0.951853,0.1548,-0.087446,0.9872,0.949847,0.154869,-0.086952,0.9894,0.947335,0.155191,-0.086744,0.9911,0.948628,0.158714,-0.120945,0.9825,0.944633,0.161882,-0.121653,0.9805,0.940236,0.165083,-0.121777,0.9797,0.916946,0.182762,0.00089,0.9941,0.910954,0.193724,-0.164212,0.9825,0.957532,0.253139,-0.07918,0.9921,0.953491,0.253142,-0.124643,0.9884,0.852357,0.417398,0.09277,0.9978,0.857556,0.475821,-0.231455,0.9961,0.773582,0.720805,0.088892,0.0649,0.760176,0.789552,-0.261062,0.9692,0.879366,0.851315,-0.020252,0.1725,0.895834,0.958594,-0.296864,0.8748,0.912191,0.843233,-0.034584,0.2338,0.937598,0.963563,-0.335213,0.8649,0.921173,0.850676,-0.056487,0.2506,0.942021,0.927987,-0.315924,0.8686,0.911653,0.851778,-0.036856,0.2256,0.928596,0.925799,-0.294586,0.8077,0.65718,0.767749,0.112348,0.9855,0.664678,0.852272,-0.110834,0.9798,0.425365,0.804318,0.146945,0.1933,0.409555,0.854495,-0.108158,0.9474,0.204606,0.813745,0.208402,0.2733,0.164119,0.840441,-0.08184,0.9555,0.175428,0.754011,0.210624,0.4506,0.144304,0.777023,-0.079311,0.9663,0.087741,0.913002,0.144587,0.3823,0.059293,0.931869,-0.166733,0.9419
bhujangasana_y107_0073,bhujangasana,,Y107,train,unlabelled,,not stated by the host (web photographs); included for research and education,data/datasets/yoga107/bhujangasana/073.jpg,True,536,335,True,0.9161,0.0734,17.423,11.577,120.768,102.552,10.385,18.13,73.073,95.25,172.954,173.198,11.577,17.423,102.552,120.768,172.954,173.198,73.073,95.25,10.41,28.664,95.25,17.423,102.552,10.41,12.954,12.954,4.256,0.457,0.298,1.642,-0.9746,-0.6477,0.0877,0.8486,0.722226,0.185413,-0.325975,0.7547,0.720537,0.145862,-0.304864,0.7447,0.725648,0.144141,-0.303999,0.7605,0.730704,0.142657,-0.304436,0.7894,0.698806,0.15631,-0.322417,0.7427,0.684558,0.16477,-0.323771,0.7419,0.669695,0.175041,-0.323186,0.7536,0.724586,0.167945,-0.193907,0.8735,0.63384,0.215165,-0.280216,0.8114,0.735911,0.23276,-0.289748,0.8855,0.70863,0.239879,-0.311967,0.8662,0.764768,0.454795,-0.146031,0.9569,0.543046,0.457626,-0.271704,0.9161,0.725831,0.768476,-0.160968,0.3339,0.464941,0.771056,-0.305645,0.7158,0.79691,0.870881,-0.292495,0.2882,0.575398,0.891566,-0.390901,0.508,0.820117,0.897327,-0.315304,0.3442,0.622455,0.942469,-0.415777,0.445,0.826263,0.874663,-0.336782,0.3781,0.635328,0.865102,-0.422102,0.4595,0.806808,0.86896,-0.301982,0.3745,0.625346,0.860041,-0.396547,0.4591,0.663642,0.863072,0.035642,0.9754,0.527025,0.864208,-0.034514,0.9694,0.841361,0.886409,-0.07948,0.5645,0.406102,0.869754,-0.298103,0.6375,0.668324,0.948961,0.009159,0.1213,0.646641,0.937163,-0.086452,0.0734,0.648396,0.933242,0.023084,0.1049,0.667422,0.902999,-0.057396,0.1121,0.625169,0.940291,0.004781,0.1033,0.762811,0.965955,-0.062833,0.0781
bhujangasana_zen_0002,bhujangasana,step 1,ZEN,external,right,,CC BY 4.0,data/datasets/yoga_for_all/bhujangasana/right/step_1/20230312_111233(0).jpg,True,1024,472,True,0.993,0.0578,177.173,155.135,170.293,175.974,5.321,15.808,158.017,143.543,73.053,87.35,155.135,177.173,170.293,175.974,73.053,87.35,143.543,158.017,9.134,17.241,143.543,155.135,175.974,17.241,113.043,-113.043,14.079,84.95,78.324,48.064,0.3914,0.2236,0.1065,0.2697,0.439749,0.576295,-0.392332,0.9826,0.434666,0.582734,-0.427505,0.981,0.434356,0.583773,-0.426421,0.9817,0.434229,0.603348,-0.426847,0.977,0.434697,0.578237,-0.416049,0.9861,0.434463,0.575881,-0.416622,0.9884,0.434219,0.573471,-0.416052,0.989,0.435356,0.591232,-0.476559,0.9787,0.4324,0.56371,-0.435311,0.9924,0.442459,0.569746,-0.398975,0.9694,0.442497,0.564528,-0.387845,0.9823,0.452845,0.563829,-0.393811,0.993,0.454373,0.526314,-0.397936,0.9984,0.515063,0.512664,-0.316704,0.134,0.521104,0.515982,-0.337179,0.5334,0.557348,0.494744,-0.205589,0.2582,0.558054,0.515903,-0.324811,0.6706,0.566344,0.490614,-0.218469,0.2567,0.573675,0.498771,-0.355521,0.5378,0.560602,0.491842,-0.220006,0.244,0.568183,0.496396,-0.357569,0.5254,0.559279,0.495332,-0.205916,0.1895,0.5669,0.498182,-0.332654,0.4551,0.511801,0.501222,0.021786,0.9993,0.513859,0.479621,-0.020033,0.9997,0.533257,0.44941,0.348112,0.0578,0.531459,0.422265,0.338806,0.4071,0.554997,0.401853,0.687713,0.2522,0.557341,0.38788,0.657965,0.7688,0.561821,0.391477,0.722382,0.2742,0.562687,0.380522,0.690744,0.576,0.553381,0.395213,0.715617,0.173,0.551541,0.374368,0.686791,0.4028
bhujangasana_zen_0003,bhujangasana,step 1,ZEN,external,right,,CC BY 4.0,data/datasets/yoga_for_all/bhujangasana/right/step_1/20230312_111237.jpg,True,1024,472,True,0.9895,0.1592,175.627,159.224,179.698,166.895,22.295,15.354,146.184,142.214,86.899,86.907,159.224,175.627,166.895,179.698,86.899,86.907,142.214,146.184,20.986,22.427,146.184,175.627,179.698,22.427,114.757,-114.757,7.525,3.546,25.288,8.288,0.4188,0.1081,0.1535,0.2239,0.318543,0.627028,-0.219273,0.9854,0.309534,0.629027,-0.24033,0.9799,0.310126,0.627773,-0.239825,0.9793,0.310756,0.626429,-0.239722,0.9776,0.307279,0.630121,-0.22994,0.9795,0.306309,0.630049,-0.231049,0.9793,0.305295,0.629872,-0.229632,0.9773,0.31267,0.617009,-0.271931,0.9788,0.306114,0.62095,-0.234788,0.9792,0.328391,0.615572,-0.223097,0.9785,0.325908,0.618186,-0.210871,0.9805,0.365282,0.594666,-0.274855,0.9926,0.332348,0.590238,-0.154777,0.9962,0.468197,0.582052,-0.260909,0.8796,0.445099,0.552696,-0.062849,0.4766,0.548745,0.573103,-0.199939,0.7013,0.530935,0.566958,-0.051396,0.506,0.564852,0.559502,-0.226416,0.5799,0.546522,0.581147,-0.061126,0.4398,0.562583,0.56883,-0.223758,0.5768,0.552277,0.584699,-0.084377,0.4409,0.558313,0.564039,-0.199619,0.5249,0.547583,0.564246,-0.060825,0.4256,0.489688,0.465768,-0.049971,0.9905,0.475612,0.451341,0.051288,0.9895,0.57107,0.491488,0.156002,0.7777,0.567369,0.499894,0.272789,0.1592,0.653382,0.503708,0.359662,0.8343,0.633041,0.482226,0.497713,0.4183,0.662837,0.477617,0.378738,0.779,0.644403,0.481752,0.518586,0.4441,0.667128,0.54711,0.354252,0.7748,0.6517,0.541012,0.503221,0.5018
bhujangasana_zen_0004,bhujangasana,step 1,ZEN,external,right,,CC BY 4.0,data/datasets/yoga_for_all/bhujangasana/right/step_1/20230312_111242.jpg,True,1024,472,True,0.9987,0.0888,167.375,166.611,179.388,172.814,14.733,2.566,170.162,168.505,105.001,100.077,166.611,167.375,172.814,179.388,100.077,105.001,168.505,170.162,5.964,14.415,170.162,167.375,179.388,14.415,87.764,-87.764,27.225,60.224,85.245,10.424,-0.039,0.1596,0.1439,0.2975,0.282162,0.509966,0.008715,0.999,0.274651,0.504549,-0.012703,0.9987,0.274224,0.505079,-0.01229,0.9985,0.273639,0.505977,-0.0121,0.9987,0.275617,0.500392,0.013209,0.9986,0.275921,0.498006,0.012645,0.9982,0.27607,0.496048,0.013611,0.9987,0.275331,0.498453,-0.054975,0.9983,0.278474,0.4816,0.049939,0.998,0.287993,0.509885,-0.002922,0.9984,0.288842,0.504971,0.029047,0.9985,0.294781,0.500702,-0.150812,0.9999,0.315461,0.422286,0.153787,0.9995,0.360945,0.540022,-0.214811,0.9944,0.378973,0.43842,0.187128,0.0888,0.432758,0.580916,-0.218708,0.9855,0.434684,0.468252,0.148399,0.1369,0.452682,0.584641,-0.249171,0.9717,0.448425,0.483878,0.169261,0.1511,0.455777,0.582628,-0.230183,0.9683,0.450999,0.490081,0.137657,0.1487,0.449275,0.578981,-0.209401,0.9519,0.447945,0.49133,0.13672,0.1485,0.443806,0.504009,-0.091772,0.9995,0.446158,0.442673,0.093142,0.9987,0.548962,0.545977,-0.058008,0.9674,0.541707,0.50058,0.135832,0.3928,0.654077,0.537211,-0.028356,0.9643,0.638798,0.508741,0.189721,0.526,0.664757,0.514318,-0.029602,0.9663,0.653294,0.491114,0.19299,0.6001,0.667792,0.577859,-0.082701,0.9557,0.649263,0.554809,0.146914,0.6278
bhujangasana_zen_0005,bhujangasana,step 1,ZEN,external,right,,CC BY 4.0,data/datasets/yoga_for_all/bhujangasana/right/step_1/20230312_111246.jpg,True,1024,472,True,0.9999,0.054,160.415,159.661,171.123,157.254,14.706,7.162,163.156,165.705,110.943,103.314,159.661,160.415,157.254,171.123,103.314,110.943,163.156,165.705,4.253,20.055,163.156,160.415,171.123,20.055,85.422,-85.422,93.065,35.722,39.067,17.733,-0.0798,0.2125,0.1286,0.5483,0.311273,0.526342,0.35437,0.9996,0.306387,0.520052,0.337712,0.9997,0.306047,0.520821,0.338307,0.9997,0.30574,0.522135,0.33836,0.9997,0.307471,0.514939,0.359056,0.9995,0.308036,0.512606,0.358323,0.9993,0.308732,0.511109,0.359262,0.9995,0.29487,0.515647,0.279715,0.9999,0.307755,0.499193,0.369752,0.9996,0.311696,0.51982,0.335252,0.9998,0.31388,0.513467,0.359684,0.9997,0.278157,0.51433,0.133027,1.0,0.325194,0.440941,0.395394,0.9999,0.317851,0.538364,-0.006987,0.9859,0.377514,0.444704,0.348028,0.054,0.374675,0.594472,-0.109162,0.9666,0.425443,0.492409,0.272559,0.0819,0.389187,0.598437,-0.134776,0.9578,0.434492,0.49348,0.298117,0.0966,0.390394,0.598651,-0.112738,0.9525,0.432407,0.512917,0.290406,0.0925,0.387918,0.597337,-0.098756,0.916,0.430156,0.512448,0.271173,0.0955,0.394339,0.518238,-0.083507,1.0,0.419671,0.473628,0.084687,0.9999,0.493105,0.586755,-0.243933,0.9922,0.503847,0.552489,-0.045936,0.7803,0.602099,0.579109,-0.456057,0.9802,0.614051,0.565092,-0.258381,0.6598,0.618345,0.556045,-0.481298,0.9685,0.629324,0.549994,-0.284411,0.8101,0.631813,0.642189,-0.5341,0.9873,0.643268,0.639422,-0.343461,0.8828
bhujangasana_zen_0008,bhujangasana,step 1,ZEN,external,right,,CC BY 4.0,data/datasets/yoga_for_all/bhujangasana/right/step_1/20230312_111300.jpg,True,1024,472,True,0.9998,0.1118,167.691,164.045,151.803,176.994,3.688,35.188,169.884,161.748,117.066,131.807,164.045,167.691,151.803,176.994,117.066,131.807,161.748,169.884,10.071,33.415,161.748,164.045,176.994,33.415,77.712,77.712,60.32,21.479,18.297,26.643,-0.2128,0.2095,0.1347,0.5782,0.653043,0.495576,0.538006,0.9999,0.652989,0.489961,0.553982,0.9999,0.651987,0.487778,0.554095,0.9999,0.651241,0.486201,0.55421,0.9999,0.657386,0.494756,0.529535,0.9999,0.658665,0.495886,0.528498,0.9999,0.660258,0.497137,0.529043,0.9999,0.651802,0.476022,0.573471,0.9999,0.664849,0.493471,0.447811,0.9999,0.649659,0.491012,0.542112,0.9999,0.652934,0.496308,0.503651,0.9999,0.624947,0.438941,0.506475,0.9999,0.669488,0.476964,0.289437,1.0,0.572235,0.46599,0.471993,0.1118,0.643651,0.530305,0.10373,0.9529,0.533542,0.540269,0.411126,0.2241,0.604705,0.602655,-0.030281,0.8507,0.520974,0.538331,0.416266,0.2628,0.591891,0.615397,-0.025718,0.8007,0.5222,0.564845,0.412877,0.2515,0.591061,0.610788,-0.007396,0.793,0.528909,0.558687,0.409132,0.2289,0.593587,0.604583,-0.016949,0.7429,0.553022,0.486634,0.070313,0.9998,0.579631,0.505722,-0.069671,0.9998,0.479542,0.568249,-0.060245,0.6427,0.496273,0.596453,-0.23754,0.9654,0.381613,0.624389,-0.24401,0.5911,0.390171,0.639899,-0.44845,0.8998,0.361422,0.617411,-0.272166,0.6021,0.371782,0.630967,-0.467288,0.9391,0.355495,0.704663,-0.327448,0.6641,0.361836,0.717966,-0.535575,0.8903
bhujangasana_zen_0009,bhujangasana,step 1,ZEN,external,right,,CC BY 4.0,data/datasets/yoga_for_all/bhujangasana/right/step_1/20230312_111305(0).jpg,True,1024,472,True,0.9942,0.022,164.857,159.112,173.735,178.927,6.711,13.537,170.126,168.338,98.392,96.308,159.112,164.857,173.735,178.927,96.308,98.392,168.338,170.126,9.409,14.043,168.338,159.112,178.927,14.043,94.438,94.438,14.008,87.79,86.312,3.926,0.0774,0.1265,0.1197,0.3421,0.655098,0.604031,-0.008149,0.9949,0.665169,0.597845,-0.015215,0.9912,0.665504,0.592828,-0.014749,0.9909,0.665774,0.587944,-0.014747,0.9899,0.665617,0.60869,-0.039673,0.9922,0.665999,0.611107,-0.040384,0.9915,0.66634,0.613517,-0.039463,0.9911,0.664717,0.575286,7.9e-05,0.9879,0.665334,0.608215,-0.123184,0.9925,0.64831,0.593667,0.005022,0.9904,0.648338,0.605223,-0.029602,0.9928,0.619692,0.499866,0.080733,0.9942,0.621822,0.619567,-0.20024,0.9992,0.547753,0.515427,0.101367,0.022,0.531573,0.639461,-0.208769,0.9567,0.494237,0.540019,0.092781,0.0299,0.451198,0.660484,-0.171614,0.874,0.480244,0.569687,0.104205,0.0478,0.427008,0.656837,-0.195151,0.8343,0.48116,0.581335,0.084589,0.0459,0.427045,0.655434,-0.185849,0.8152,0.48275,0.582943,0.085943,0.0457,0.433947,0.654302,-0.167137,0.7563,0.460986,0.493753,0.087812,0.9943,0.458676,0.571489,-0.086635,0.9978,0.366122,0.525822,0.196316,0.5275,0.350246,0.587634,-0.001966,0.9661,0.273081,0.503587,0.303836,0.7908,0.256664,0.52571,0.105964,0.9834,0.261619,0.480859,0.308208,0.772,0.246349,0.505887,0.115531,0.9264,0.248358,0.548868,0.293008,0.8141,0.222695,0.55304,0.087195,0.953
bhujangasana_zen_0010,bhujangasana,step 1,ZEN,external,right,,CC BY 4.0,data/datasets/yoga_for_all/bhujangasana/right/step_1/20230312_111310.jpg,True,1024,472,True,0.9985,0.01,153.357,146.531,101.172,167.621,11.058,20.287,165.662,159.411,126.214,89.245,146.531,153.357,101.172,167.621,89.245,126.214,159.411,165.662,23.004,45.93,159.411,146.531,167.621,23.004,105.322,105.322,31.604,20.676,26.852,3.17,0.2642,0.6159,0.1109,0.9123,0.533321,0.616019,-0.441061,0.9987,0.54025,0.610409,-0.457411,0.9976,0.541611,0.608311,-0.456163,0.9976,0.542888,0.603339,-0.455868,0.9969,0.535647,0.610799,-0.475176,0.9983,0.534428,0.609753,-0.475844,0.9983,0.533144,0.609151,-0.47436,0.9982,0.539507,0.565057,-0.414225,0.9973,0.523941,0.574077,-0.504148,0.9984,0.52673,0.597853,-0.409887,0.9992,0.52378,0.600258,-0.436557,0.9993,0.536931,0.448484,-0.300756,0.9985,0.452091,0.517944,-0.453779,0.9989,0.495416,0.450594,-0.101455,0.0309,0.369036,0.507011,-0.315324,0.8438,0.489576,0.523713,0.028505,0.01,0.345821,0.514904,-0.217638,0.7031,0.493365,0.521517,0.038859,0.0206,0.331622,0.50256,-0.244971,0.7037,0.487152,0.529161,0.020631,0.0208,0.337096,0.508101,-0.261542,0.6937,0.482477,0.534302,0.02838,0.0195,0.34425,0.513738,-0.224297,0.665,0.418455,0.404476,0.058303,0.9991,0.378839,0.447988,-0.056845,0.9998,0.350017,0.41648,0.342193,0.0527,0.332332,0.4424,0.249683,0.6142,0.312802,0.383826,0.642092,0.3221,0.303115,0.395259,0.59119,0.9478,0.307212,0.36979,0.677498,0.4856,0.29304,0.377917,0.627096,0.8879,0.297775,0.440751,0.690828,0.1298,0.286879,0.418179,0.640035,0.6546
bhujangasana_zen_0011,bhujangasana,step 1,ZEN,external,right,,CC BY 4.0,data/datasets/yoga_for_all/bhujangasana/right/step_1/20230312_111317.jpg,True,1024,472,True,0.9989,0.0296,106.828,148.637,30.791,8.473,54.59,50.829,120.668,161.454,174.17,136.653,106.828,148.637,8.473,30.791,136.653,174.17,120.668,161.454,109.601,169.231,120.668,106.828,30.791,169.231,174.189,-174.189,1.995,1.542,1.487,14.069,0.9949,0.6141,0.4036,1.4698,0.460661,0.718018,-0.225853,0.9994,0.465659,0.723256,-0.279276,0.9995,0.468667,0.72303,-0.278229,0.9996,0.473028,0.723072,-0.278043,0.9994,0.454171,0.720269,-0.276115,0.9995,0.449835,0.718268,-0.27677,0.9996,0.446489,0.717162,-0.276321,0.9994,0.479809,0.705409,-0.348445,0.9996,0.438162,0.700643,-0.347726,0.9993,0.466249,0.701529,-0.234629,0.9986,0.454142,0.698887,-0.235911,0.9987,0.516364,0.621865,-0.317274,0.9995,0.406795,0.615464,-0.301077,0.9989,0.529437,0.585551,-0.165775,0.9689,0.392299,0.544087,-0.100701,0.2853,0.521262,0.725945,-0.005421,0.5163,0.425687,0.658888,0.0634,0.0553,0.530025,0.761441,-0.006788,0.5622,0.423899,0.684609,0.073723,0.0876,0.516344,0.760208,-0.014576,0.5255,0.436756,0.686525,0.065072,0.0767,0.510079,0.744804,-0.004504,0.4397,0.440441,0.676867,0.061989,0.0703,0.494,0.459106,-0.003281,0.9999,0.444259,0.456305,0.004835,0.9997,0.487587,0.455619,0.328532,0.0473,0.448569,0.447148,0.367031,0.0296,0.485946,0.381752,0.670768,0.2855,0.455878,0.384645,0.715716,0.2097,0.486079,0.355465,0.713767,0.4541,0.458126,0.365358,0.757556,0.379,0.480394,0.412388,0.795934,0.0276,0.450492,0.413903,0.817103,0.016
bhujangasana_zen_0012,bhujangasana,step 1,ZEN,external,right,,CC BY 4.0,data/datasets/yoga_for_all/bhujangasana/right/step_1/20230312_111323.jpg,True,1024,472,True,0.9978,0.1588,152.188,177.308,171.158,156.058,15.436,2.121,146.689,170.766,80.174,84.08,152.188,177.308,156.058,171.158,80.174,84.08,146.689,170.766,11.869,19.199,146.689,152.188,171.158,19.199,113.576,-113.576,9.699,54.923,36.492,4.287,0.4,0.1605,0.2343,0.4766,0.382523,0.638176,-0.006439,0.9992,0.376354,0.639739,-0.044751,0.9991,0.377196,0.640473,-0.044591,0.9991,0.377968,0.641224,-0.044263,0.999,0.37354,0.629018,-0.025013,0.9988,0.372598,0.623518,-0.026129,0.999,0.371584,0.619015,-0.024653,0.999,0.38296,0.622645,-0.151512,0.9989,0.375,0.600138,-0.071302,0.9991,0.390482,0.631524,-0.036405,0.9992,0.387953,0.615787,-0.011827,0.9993,0.442761,0.648991,-0.215818,0.9993,0.403161,0.526646,-0.005078,0.999,0.523875,0.606455,-0.22033,0.9561,0.476097,0.482261,0.076288,0.1588,0.585524,0.59535,-0.17085,0.8727,0.527868,0.498592,0.092125,0.28,0.606286,0.585432,-0.191341,0.7876,0.534442,0.491603,0.100626,0.282,0.604524,0.582242,-0.180203,0.7698,0.538663,0.497894,0.068184,0.2831,0.595782,0.580238,-0.165327,0.6937,0.538354,0.51354,0.081082,0.2653,0.573617,0.491468,-0.075093,0.998,0.537337,0.433245,0.076442,0.9978,0.644072,0.502925,0.131845,0.9814,0.61792,0.406946,0.314588,0.5915,0.717635,0.433449,0.325576,0.9626,0.690021,0.390883,0.502182,0.7214,0.729624,0.406355,0.344731,0.9258,0.699616,0.399008,0.524281,0.7819,0.736022,0.489884,0.340302,0.902,0.70459,0.463003,0.548403,0.7361
bhujangasana_zen_0013,bhujangasana,step 1,ZEN,external,right,,CC BY 4.0,data/datasets/yoga_for_all/bhujangasana/right/step_1/20230312_111330.jpg,True,1024,472,True,0.9999,0.1747,158.5,168.798,170.103,153.694,18.858,0.112,153.061,158.47,112.941,105.349,158.5,168.798,153.694,170.103,105.349,112.941,153.061,158.47,11.749,24.25,153.061,158.5,170.103,24.25,89.046,-89.046,29.646,44.827,52.638,25.13,-0.0167,0.212,0.2147,0.5501,0.244282,0.488226,0.232806,0.9999,0.236712,0.488038,0.218711,0.9999,0.235721,0.487384,0.21912,0.9999,0.234795,0.486776,0.218944,0.9999,0.238127,0.484364,0.247218,0.9999,0.238358,0.481377,0.246465,0.9999,0.238564,0.478154,0.247812,0.9999,0.232873,0.468437,0.165051,0.9998,0.23692,0.455844,0.282538,0.9999,0.24845,0.476621,0.211781,0.9999,0.25042,0.473175,0.246046,0.9999,0.235662,0.483579,0.035836,1.0,0.281783,0.384122,0.308843,0.9999,0.292096,0.522296,-0.032167,0.9894,0.355206,0.394456,0.322429,0.2431,0.354948,0.593113,-0.039984,0.8755,0.405953,0.458066,0.2754,0.1747,0.368131,0.6053,-0.051658,0.8313,0.418286,0.481758,0.289387,0.1942,0.369333,0.605189,-0.036341,0.8291,0.416533,0.50155,0.266977,0.1837,0.366296,0.599623,-0.02894,0.8023,0.412771,0.50008,0.265795,0.1881,0.363145,0.477257,-0.090935,1.0,0.39069,0.398985,0.091877,0.9999,0.47846,0.597281,-0.201276,0.9964,0.49841,0.508605,0.018758,0.9225,0.596389,0.615756,-0.361338,0.9955,0.609179,0.568202,-0.140002,0.9611,0.613107,0.58374,-0.374799,0.9962,0.630425,0.553511,-0.159916,0.9642,0.651507,0.689218,-0.383066,0.9956,0.650527,0.641924,-0.193983,0.955
bhujangasana_zen_0015,bhujangasana,step 1,ZEN,external,right,,CC BY 4.0,data/datasets/yoga_for_all/bhujangasana/right/step_1/20230312_111340(0).jpg,True,1024,472,True,0.9996,0.0784,171.031,171.783,175.861,177.697,0.171,25.795,172.707,166.215,106.539,119.121,171.031,171.783,175.861,177.697,106.539,119.121,166.215,172.707,2.162,24.571,166.215,171.783,177.697,24.571,80.924,80.924,62.57,47.772,57.181,18.334,-0.1577,0.1661,0.13,0.4661,0.700877,0.41382,0.344778,0.9969,0.702769,0.40978,0.348917,0.9931,0.702199,0.406149,0.349259,0.994,0.70176,0.402811,0.349101,0.9917,0.705019,0.418365,0.332885,0.9934,0.707545,0.419274,0.331953,0.9937,0.708779,0.421263,0.332537,0.9922,0.70373,0.403407,0.348187,0.9946,0.710123,0.42088,0.26122,0.9941,0.694898,0.407419,0.345828,0.9955,0.697945,0.415796,0.319987,0.9954,0.673453,0.324341,0.314195,0.9997,0.711599,0.415522,0.134406,0.9998,0.610296,0.359898,0.288479,0.1162,0.65726,0.484535,0.019096,0.965,0.552998,0.401943,0.251528,0.0784,0.594169,0.557442,-0.05072,0.763,0.534047,0.434676,0.256127,0.0963,0.573775,0.571312,-0.051471,0.7124,0.534422,0.443425,0.241236,0.0936,0.57164,0.568166,-0.037006,0.7066,0.540229,0.439681,0.245698,0.0933,0.577971,0.560358,-0.042019,0.6745,0.564372,0.385002,0.067006,0.9996,0.580189,0.438208,-0.066248,0.9996,0.459275,0.475601,0.000157,0.8935,0.468446,0.518543,-0.136246,0.9916,0.344752,0.531598,-0.103802,0.8911,0.348442,0.564999,-0.265236,0.9906,0.326638,0.52571,-0.120995,0.9103,0.330235,0.549931,-0.273587,0.9833,0.2925,0.596951,-0.167205,0.8508,0.291477,0.616999,-0.31589,0.9711
bhujangasana_zen_0016,bhujangasana,step 1,ZEN,external,right,,CC BY 4.0,data/datasets/yoga_for_all/bhujangasana/right/step_1/20230312_111344(0).jpg,True,1024,472,True,0.999,0.1875,165.854,166.108,83.939,179.772,22.531,16.087,170.994,169.954,158.313,96.776,165.854,166.108,83.939,179.772,96.776,158.313,169.954,170.994,15.978,67.088,169.954,166.108,179.772,15.978,94.058,94.058,11.899,88.625,85.086,0.844,0.0708,0.1414,0.1261,0.4841,0.651334,0.497569,0.008967,0.9995,0.661215,0.490589,-0.005109,0.9992,0.661618,0.48608,-0.004395,0.9993,0.661958,0.481121,-0.00445,0.9992,0.66114,0.499485,-0.025727,0.9992,0.661392,0.501327,-0.026282,0.9991,0.661595,0.503287,-0.02533,0.999,0.660452,0.461731,-0.009134,0.9994,0.660333,0.499235,-0.119973,0.9993,0.645134,0.488345,0.016809,0.9995,0.644977,0.497808,-0.014986,0.9996,0.613652,0.371144,0.070118,0.9996,0.611887,0.530737,-0.195945,0.9998,0.571987,0.410931,0.162417,0.282,0.525257,0.553431,-0.19306,0.98,0.592279,0.487744,0.266938,0.1875,0.44626,0.573434,-0.118801,0.8328,0.600222,0.492567,0.292236,0.1715,0.425025,0.572096,-0.123368,0.7626,0.606339,0.508711,0.283094,0.1618,0.425503,0.569178,-0.119173,0.7404,0.601772,0.513312,0.268033,0.158,0.432781,0.565981,-0.113846,0.6761,0.463096,0.378133,0.086267,0.999,0.459175,0.477068,-0.08488,0.9993,0.369482,0.414792,0.195318,0.7107,0.355894,0.480369,0.020837,0.97,0.280405,0.401567,0.315067,0.8778,0.270843,0.437606,0.147389,0.9822,0.266207,0.384989,0.321446,0.874,0.257783,0.417967,0.159258,0.9412,0.270461,0.436786,0.310354,0.8724,0.239592,0.473775,0.143923,0.9529
bhujangasana_zen_0017,bhujangasana,step 1,ZEN,external,right,,CC BY 4.0,data/datasets/yoga_for_all/bhujangasana/right/step_1/20230312_111348(0).jpg,True,1024,472,True,0.99,0.0675,178.741,170.841,59.725,155.092,8.456,30.669,174.545,179.324,136.016,57.585,170.841,178.741,59.725,155.092,57.585,136.016,174.545,179.324,21.48,74.111,179.324,170.841,155.092,21.48,130.082,130.082,25.157,28.075,23.694,33.551,0.6439,0.4872,0.1773,0.9155,0.537676,0.60078,-0.220744,0.9982,0.546158,0.609438,-0.256533,0.9978,0.550297,0.602884,-0.255184,0.9974,0.548314,0.587661,-0.25545,0.9962,0.539577,0.617737,-0.262477,0.9986,0.53803,0.619043,-0.262941,0.9988,0.535603,0.622596,-0.261949,0.9986,0.549724,0.562106,-0.300094,0.9963,0.528155,0.603998,-0.346305,0.999,0.536745,0.581165,-0.220108,0.9985,0.525348,0.589956,-0.234355,0.9992,0.561359,0.442084,-0.248214,0.99,0.477267,0.539394,-0.336635,0.9986,0.536919,0.402775,-0.106234,0.3566,0.418396,0.484586,-0.245308,0.8304,0.531526,0.509142,0.069379,0.0675,0.39319,0.423569,-0.154916,0.7733,0.537867,0.523714,0.092729,0.1263,0.383159,0.405734,-0.168913,0.8065,0.530753,0.536065,0.076751,0.1205,0.385728,0.401136,-0.182581,0.7747,0.52449,0.530962,0.071506,0.096,0.390249,0.409399,-0.159038,0.7505,0.4606,0.325385,0.022823,0.9983,0.418724,0.365255,-0.021283,0.9991,0.42374,0.272354,0.303324,0.3563,0.396548,0.297633,0.261722,0.4876,0.386067,0.2207,0.572954,0.6534,0.369379,0.237837,0.552208,0.9173,0.378119,0.197629,0.602049,0.8054,0.363409,0.219717,0.583582,0.9441,0.394753,0.24714,0.664965,0.1345,0.374406,0.267037,0.626554,0.3879
bhujangasana_zen_0018,bhujangasana,step 1,ZEN,external,right,,CC BY 4.0,data/datasets/yoga_for_all/bhujangasana/right/step_1/20230312_111352.jpg,True,1024,472,True,0.9984,0.0994,151.286,171.528,161.685,24.877,17.064,19.825,164.445,179.06,5.716,31.055,151.286,171.528,24.877,161.685,5.716,31.055,164.445,179.06,10.582,14.198,179.06,171.528,161.685,10.582,179.128,-179.128,1.534,2.355,2.308,58.148,0.9999,0.5793,0.2654,1.1125,0.46277,0.766661,-0.201906,0.9999,0.467621,0.782263,-0.249483,0.9999,0.472531,0.779249,-0.248563,0.9999,0.477948,0.77735,-0.248292,0.9999,0.456029,0.781745,-0.255716,0.9999,0.452622,0.779087,-0.2567,0.9999,0.448679,0.777747,-0.256412,0.9998,0.487673,0.753878,-0.331863,1.0,0.440576,0.751389,-0.371728,0.9999,0.471401,0.736532,-0.2191,0.9999,0.458494,0.736149,-0.23075,0.9999,0.529209,0.61947,-0.31107,0.9998,0.403981,0.630641,-0.331192,0.9984,0.530454,0.417589,-0.21498,0.823,0.400779,0.496627,-0.173002,0.4664,0.515005,0.311611,-0.08579,0.3669,0.419658,0.574163,0.022502,0.0994,0.514762,0.288194,-0.078556,0.4408,0.419585,0.594113,0.046935,0.1441,0.508954,0.284773,-0.075304,0.41,0.437993,0.605989,0.044335,0.1371,0.505865,0.294002,-0.082995,0.3396,0.441691,0.596614,0.022783,0.1241,0.497368,0.383201,0.009005,0.9997,0.439252,0.378119,-0.007269,0.9991,0.484933,0.339778,0.38127,0.2481,0.445203,0.337899,0.37039,0.4439,0.482367,0.238234,0.705961,0.837,0.452501,0.241483,0.702833,0.7423,0.48199,0.205139,0.745418,0.8897,0.452175,0.213827,0.741145,0.8428,0.474381,0.304135,0.82335,0.2554,0.456064,0.274065,0.809296,0.1316
bhujangasana_zen_0019,bhujangasana,step 1,ZEN,external,right,,CC BY 4.0,data/datasets/yoga_for_all/bhujangasana/right/step_1/20230312_111357(0).jpg,True,1024,472,True,0.9961,0.0813,172.083,176.273,177.748,112.605,18.03,11.009,174.977,179.157,83.25,112.692,172.083,176.273,112.605,177.748,83.25,112.692,174.977,179.157,17.066,29.46,174.977,172.083,177.748,17.066,105.439,-105.439,7.574,71.657,63.16,7.611,0.2662,0.1644,0.1509,0.6328,0.327492,0.686782,-0.047593,0.9983,0.320328,0.694223,-0.084013,0.9984,0.321324,0.698392,-0.083982,0.9982,0.32253,0.702369,-0.08389,0.9983,0.318188,0.68201,-0.068912,0.9969,0.31767,0.676904,-0.070099,0.9961,0.316995,0.670096,-0.068914,0.9966,0.326969,0.700186,-0.179202,0.9979,0.319218,0.651965,-0.121958,0.9977,0.336168,0.685991,-0.073651,0.9986,0.334499,0.672268,-0.057075,0.9984,0.383649,0.730518,-0.244186,0.9996,0.354113,0.537249,-0.056636,0.9961,0.470683,0.711381,-0.26367,0.9226,0.405378,0.545497,0.074589,0.0866,0.535404,0.691549,-0.196502,0.8019,0.412176,0.589921,0.179305,0.0813,0.553379,0.684773,-0.205928,0.7027,0.41133,0.595247,0.195677,0.1112,0.552281,0.679772,-0.204301,0.7011,0.410422,0.621777,0.17194,0.1134,0.545433,0.678859,-0.195723,0.6633,0.414347,0.624182,0.173904,0.1094,0.523199,0.596883,-0.078326,0.9994,0.500499,0.499559,0.079654,0.9963,0.594413,0.544306,0.1389,0.9339,0.567805,0.480047,0.297581,0.4589,0.659173,0.47361,0.320677,0.9513,0.639977,0.448652,0.49138,0.5913,0.668897,0.445531,0.338708,0.9511,0.649645,0.431339,0.511588,0.6374,0.670875,0.524375,0.353983,0.8771,0.645865,0.496967,0.536526,0.5631
bhujangasana_zen_0020,bhujangasana,step 1,ZEN,external,right,,CC BY 4.0,data/datasets/yoga_for_all/bhujangasana/right/step_1/20230312_111402(0).jpg,True,1024,678,True,0.9997,0.0808,162.608,169.879,178.318,151.62,24.089,2.262,162.79,168.036,116.675,119.372,162.608,169.879,151.62,178.318,116.675,119.372,162.79,168.036,17.192,23.242,162.79,162.608,178.318,23.242,82.503,-82.503,20.257,51.873,59.293,20.643,-0.1305,0.0144,0.1229,0.5455,0.205957,0.537699,0.315098,0.9981,0.200103,0.521029,0.296166,0.9962,0.199249,0.522277,0.296381,0.9963,0.197619,0.523931,0.296489,0.9957,0.200334,0.516265,0.318455,0.9958,0.199776,0.514585,0.317635,0.9956,0.198468,0.513444,0.318733,0.9963,0.19603,0.527744,0.209296,0.995,0.200759,0.498694,0.297769,0.9971,0.209975,0.526169,0.284838,0.9965,0.211667,0.520966,0.309704,0.9973,0.190939,0.596739,0.073801,0.9998,0.25673,0.470137,0.291689,0.9997,0.285562,0.671205,0.02405,0.9683,0.346921,0.505218,0.323057,0.1873,0.3829,0.7424,0.068794,0.7571,0.422585,0.611123,0.325845,0.0808,0.41045,0.759608,0.072256,0.6648,0.439622,0.626298,0.351123,0.0812,0.412236,0.754257,0.081999,0.6492,0.437313,0.643352,0.333562,0.08,0.403887,0.747649,0.078097,0.5917,0.424484,0.636401,0.321819,0.0924,0.400276,0.615709,-0.068301,0.9998,0.434706,0.528154,0.069406,0.9997,0.573493,0.714268,-0.124347,0.9904,0.598206,0.638842,-0.00855,0.8823,0.74688,0.729145,-0.238762,0.9748,0.761582,0.700469,-0.115315,0.895,0.767197,0.707466,-0.252879,0.9745,0.788558,0.682471,-0.12737,0.906,0.807198,0.812042,-0.282043,0.9553,0.809333,0.795083,-0.169605,0.8665
bhujangasana_zen_0021,bhujangasana,step 1,ZEN,external,right,,CC BY 4.0,data/datasets/yoga_for_all/bhujangasana/right/step_1/20230312_111407(0).jpg,True,1024,745,True,0.9994,0.2465,171.587,176.156,164.372,154.767,39.989,39.236,155.102,178.218,169.462,162.034,171.587,176.156,154.767,164.372,162.034,169.462,155.102,178.218,26.195,31.963,178.218,171.587,154.767,26.195,7.37,-7.37,11.042,5.943,15.184,83.553,-0.9917,-0.1398,0.2745,1.1188,0.397702,0.2437,0.718849,0.9367,0.390443,0.23914,0.70899,0.8985,0.387463,0.240054,0.709052,0.9001,0.383934,0.240636,0.709451,0.9168,0.400401,0.235793,0.716427,0.9033,0.402012,0.234809,0.715545,0.8903,0.406997,0.233339,0.715618,0.9054,0.379273,0.245029,0.61883,0.9058,0.41056,0.235625,0.626824,0.8998,0.392514,0.250197,0.680467,0.9073,0.401622,0.246775,0.681965,0.857,0.348228,0.269027,0.47289,0.9997,0.451914,0.254191,0.474765,0.9998,0.327471,0.353977,0.406487,0.5481,0.48685,0.334087,0.41629,0.6183,0.323947,0.448426,0.414505,0.2465,0.49414,0.433181,0.380144,0.339,0.316478,0.46742,0.427541,0.2185,0.503225,0.459163,0.403432,0.3918,0.325649,0.465293,0.445293,0.2118,0.49171,0.463049,0.424064,0.341,0.328961,0.456785,0.421984,0.1965,0.487195,0.453569,0.397196,0.2864,0.385224,0.398618,0.011466,0.9997,0.438821,0.378624,-0.010551,0.9994,0.37897,0.540253,-0.122141,0.865,0.425373,0.542214,-0.149153,0.9339,0.392753,0.75943,-0.416011,0.732,0.418268,0.757056,-0.441057,0.6506,0.39481,0.789133,-0.453648,0.8615,0.420781,0.801498,-0.469343,0.9662,0.384083,0.811594,-0.50684,0.6247,0.423592,0.832138,-0.562231,0.5764
bhujangasana_zen_0022,bhujangasana,step 1,ZEN,external,right,,CC BY 4.0,data/datasets/yoga_for_all/bhujangasana/right/step_1/20230312_111411.jpg,True,1024,562,True,0.9996,0.1391,172.949,170.17,174.408,168.839,10.505,30.327,172.746,167.489,129.909,137.385,170.17,172.949,168.839,174.408,129.909,137.385,167.489,172.746,7.768,24.224,167.489,170.17,168.839,24.224,62.717,62.717,38.44,35.858,47.44,35.672,-0.4584,0.0657,0.1956,0.5857,0.688429,0.284841,0.471999,0.9985,0.689085,0.277966,0.469503,0.9966,0.686471,0.272433,0.469526,0.9966,0.684526,0.268725,0.469476,0.9954,0.695541,0.283891,0.459677,0.9971,0.698749,0.284253,0.458759,0.997,0.701192,0.284757,0.459205,0.9968,0.680252,0.266059,0.431845,0.9971,0.701348,0.286222,0.371541,0.9981,0.681793,0.282692,0.457673,0.998,0.688694,0.288763,0.438605,0.9984,0.645105,0.231872,0.356374,0.9996,0.70327,0.30847,0.245517,0.9999,0.589565,0.325076,0.329036,0.1391,0.664383,0.404182,0.203144,0.9663,0.531786,0.404564,0.309001,0.1468,0.60612,0.500869,0.239822,0.6798,0.516441,0.424735,0.318226,0.1633,0.589705,0.530858,0.254135,0.6047,0.518161,0.416544,0.314678,0.159,0.584756,0.519847,0.256704,0.5995,0.52512,0.423545,0.309474,0.1607,0.589024,0.510008,0.247432,0.5805,0.549541,0.341273,0.042168,0.9998,0.581029,0.403752,-0.041312,0.9997,0.450804,0.489026,0.008463,0.9558,0.465415,0.554968,-0.101712,0.9934,0.337509,0.619751,-0.143188,0.9528,0.344994,0.661236,-0.265434,0.9886,0.319011,0.633179,-0.164587,0.9631,0.330797,0.655324,-0.276485,0.9829,0.293354,0.703832,-0.198052,0.8996,0.29533,0.723457,-0.312747,0.9503
bhujangasana_zen_0023,bhujangasana,step 1,ZEN,external,right,,CC BY 4.0,data/datasets/yoga_for_all/bhujangasana/right/step_1/20230312_111416(0).jpg,True,1024,472,True,0.998,0.2371,171.046,168.193,79.266,173.992,26.869,20.268,175.513,167.886,175.26,92.548,168.193,171.046,79.266,173.992,92.548,175.26,167.886,175.513,17.515,86.467,167.886,168.193,173.992,17.515,98.217,98.217,3.717,84.32,79.308,2.852,0.1429,0.0909,0.1778,0.556,0.58356,0.591483,0.07922,0.9992,0.591926,0.582371,0.050593,0.9986,0.592065,0.576744,0.051244,0.9987,0.592137,0.570994,0.050953,0.9984,0.591966,0.596257,0.041187,0.9988,0.592093,0.599895,0.040775,0.9987,0.592118,0.603509,0.041567,0.9984,0.589095,0.559546,-0.014078,0.9989,0.589166,0.607514,-0.070536,0.9991,0.577261,0.583665,0.065798,0.9991,0.57707,0.597166,0.050363,0.9994,0.551464,0.48251,0.043449,0.9987,0.543943,0.646557,-0.141106,0.9996,0.525233,0.50985,0.128394,0.4135,0.464327,0.662587,-0.119588,0.9583,0.547872,0.576482,0.256386,0.2371,0.396645,0.660779,-0.053189,0.7753,0.555638,0.579383,0.282025,0.2081,0.374565,0.655779,-0.054698,0.711,0.560214,0.594991,0.273438,0.1982,0.375661,0.655439,-0.054991,0.6765,0.555165,0.600087,0.259413,0.188,0.382863,0.653893,-0.050476,0.6214,0.416432,0.476334,0.063822,0.998,0.408456,0.567981,-0.06247,0.9981,0.323141,0.487931,0.140527,0.4135,0.306934,0.557007,0.017806,0.7613,0.23825,0.469631,0.243056,0.4988,0.221974,0.508792,0.110646,0.8267,0.224816,0.456218,0.247637,0.5881,0.205127,0.486516,0.119206,0.7757,0.221522,0.507672,0.237159,0.4805,0.201313,0.554261,0.093836,0.608
bhujangasana_zen_0024,bhujangasana,step 1,ZEN,external,right,,CC BY 4.0,data/datasets/yoga_for_all/bhujangasana/right/step_1/20230312_111419(2).jpg,True,1024,472,True,0.9956,0.1883,175.952,177.974,58.98,167.527,3.93,23.627,177.765,175.041,146.139,62.37,175.952,177.974,58.98,167.527,62.37,146.139,175.041,177.765,19.213,77.98,175.041,177.974,167.527,19.213,124.144,124.144,5.858,46.204,40.455,24.076,0.5613,0.3483,0.1879,0.8603,0.490174,0.699719,-0.158512,0.9996,0.498851,0.697927,-0.199641,0.9994,0.501465,0.690986,-0.198454,0.9993,0.503087,0.68488,-0.198711,0.999,0.492586,0.708556,-0.199651,0.9996,0.490423,0.710778,-0.200272,0.9996,0.48781,0.714666,-0.19915,0.9996,0.499598,0.651528,-0.263322,0.999,0.477233,0.708109,-0.280361,0.9997,0.483231,0.677661,-0.166671,0.9993,0.477421,0.690579,-0.171784,0.9996,0.485637,0.532739,-0.200069,0.9956,0.416072,0.690139,-0.296023,0.9994,0.44952,0.507415,-0.071029,0.4154,0.347518,0.626344,-0.210463,0.9316,0.460844,0.612904,0.092476,0.1883,0.314268,0.57453,-0.105526,0.784,0.469759,0.624073,0.11745,0.2564,0.301174,0.552572,-0.10402,0.7925,0.464873,0.644811,0.10903,0.2349,0.303342,0.551054,-0.11477,0.7623,0.457955,0.642858,0.097538,0.1998,0.307864,0.557599,-0.106767,0.7385,0.372815,0.434637,0.023597,0.9991,0.335489,0.503691,-0.022297,0.9995,0.322055,0.385432,0.27852,0.5299,0.294206,0.423376,0.248559,0.7288,0.274141,0.329872,0.527531,0.7938,0.25463,0.351691,0.491968,0.9443,0.263113,0.306731,0.553071,0.87,0.245775,0.331066,0.519586,0.9555,0.282156,0.346376,0.613133,0.4269,0.249865,0.360922,0.564083,0.6404
bhujangasana_zen_0025,bhujangasana,step 2,ZEN,external,right,,CC BY 4.0,data/datasets/yoga_for_all/bhujangasana/right/step_2/20230312_111609.jpg,True,1024,648,True,0.9995,0.1321,157.545,161.778,102.784,104.911,88.454,89.952,35.94,68.99,176.858,176.427,157.545,161.778,102.784,104.911,176.427,176.858,35.94,68.99,41.791,44.804,68.99,161.778,102.784,41.791,7.395,-7.395,2.328,0.414,6.597,62.241,-0.9917,-0.1403,0.7584,3.334,0.437677,0.414368,-0.703926,1.0,0.447796,0.394793,-0.720133,1.0,0.453227,0.394548,-0.719357,1.0,0.45872,0.393816,-0.71909,1.0,0.428183,0.390875,-0.719355,1.0,0.422025,0.388999,-0.720947,1.0,0.417354,0.387623,-0.717694,1.0,0.472722,0.391256,-0.649978,1.0,0.405779,0.386796,-0.648015,1.0,0.447013,0.432784,-0.667346,0.9999,0.427503,0.432386,-0.670547,0.9998,0.509952,0.424297,-0.474701,1.0,0.372419,0.422726,-0.513247,1.0,0.546882,0.473607,-0.346034,0.9965,0.338077,0.470367,-0.292294,0.9908,0.515035,0.570646,-0.357537,0.9874,0.366905,0.562265,-0.265064,0.9614,0.516325,0.596483,-0.385914,0.9413,0.363946,0.591414,-0.286114,0.8947,0.500519,0.590098,-0.406954,0.9472,0.380344,0.58712,-0.29846,0.9047,0.496577,0.581797,-0.361713,0.9018,0.385292,0.576904,-0.269908,0.8158,0.480806,0.481889,0.00011,0.9995,0.412184,0.49443,0.000709,0.9996,0.482216,0.434811,0.35877,0.1321,0.425911,0.453216,0.380185,0.1532,0.465501,0.36122,0.707039,0.1529,0.434736,0.37021,0.724876,0.1812,0.454685,0.352779,0.746616,0.3654,0.436119,0.362732,0.760004,0.268,0.471368,0.367621,0.77365,0.0608,0.447582,0.359166,0.779286,0.0612
bhujangasana_zen_0026,bhujangasana,step 2,ZEN,external,right,,CC BY 4.0,data/datasets/yoga_for_all/bhujangasana/right/step_2/20230312_111613(0).jpg,True,1024,744,True,0.9997,0.1582,151.379,176.32,75.845,106.645,18.39,40.665,157.869,159.052,160.56,174.775,151.379,176.32,75.845,106.645,160.56,174.775,157.869,159.052,62.066,78.083,157.869,151.379,75.845,62.066,82.538,-82.538,12.738,12.48,21.334,13.636,-0.1299,-0.053,0.1634,0.6492,0.255625,0.397223,-0.525527,0.9999,0.263736,0.380081,-0.536203,0.9999,0.267877,0.37936,-0.53499,0.9999,0.272786,0.3779,-0.535079,0.9999,0.257646,0.37941,-0.507466,0.9999,0.25782,0.378495,-0.50891,0.9999,0.257011,0.377655,-0.507379,0.9999,0.301783,0.377399,-0.518786,1.0,0.274103,0.375127,-0.401579,0.9999,0.273209,0.413589,-0.51836,0.9998,0.262954,0.411307,-0.485295,0.9998,0.389132,0.419207,-0.483836,0.9998,0.306891,0.394155,-0.26462,0.9997,0.486369,0.487058,-0.432254,0.9854,0.346479,0.453319,-0.068733,0.1582,0.429562,0.576873,-0.363036,0.9815,0.315578,0.524911,0.106345,0.5387,0.425051,0.602992,-0.401879,0.9643,0.290019,0.541772,0.13245,0.5549,0.405779,0.588208,-0.404533,0.9655,0.296157,0.54049,0.123492,0.5604,0.407844,0.578757,-0.366391,0.9332,0.302706,0.53971,0.106724,0.5715,0.49873,0.441736,-0.078274,0.9999,0.454587,0.418008,0.079099,0.9998,0.581376,0.414141,0.185006,0.6887,0.532561,0.390741,0.395883,0.2175,0.62228,0.362992,0.469718,0.8107,0.601183,0.360169,0.714285,0.5118,0.631654,0.339801,0.496552,0.7756,0.60996,0.343118,0.748981,0.5698,0.637579,0.402558,0.480446,0.7694,0.61789,0.38844,0.786635,0.4772
bhujangasana_zen_0027,bhujangasana,step 2,ZEN,external,right,,CC BY 4.0,data/datasets/yoga_for_all/bhujangasana/right/step_2/20230312_111617(0).jpg,True,1024,666,True,0.9969,0.0164,165.064,170.462,52.623,60.623,9.991,11.296,175.437,174.192,146.175,147.643,165.064,170.462,52.623,60.623,146.175,147.643,174.192,175.437,50.007,52.941,175.437,165.064,52.623,52.941,84.652,-84.652,7.773,81.725,74.431,1.329,-0.0932,0.0327,0.0981,0.2513,0.227696,0.41323,-0.125324,0.998,0.229305,0.390768,-0.147091,0.9979,0.231219,0.38976,-0.146593,0.9979,0.233103,0.388519,-0.146682,0.9977,0.228668,0.388506,-0.116779,0.9981,0.230163,0.386098,-0.117725,0.9981,0.23183,0.383375,-0.116346,0.998,0.250395,0.381936,-0.178562,0.9979,0.249777,0.374425,-0.055999,0.9986,0.242146,0.424829,-0.133449,0.998,0.241289,0.421427,-0.097779,0.9983,0.31637,0.4413,-0.226671,0.9984,0.323573,0.365153,0.065367,0.9973,0.425999,0.480914,-0.288168,0.9317,0.405273,0.40824,0.230786,0.0164,0.366423,0.55615,-0.331433,0.8908,0.364395,0.464221,0.368112,0.0453,0.335546,0.575245,-0.358735,0.8694,0.342536,0.45724,0.389039,0.0737,0.32644,0.556271,-0.3506,0.8769,0.333384,0.465861,0.374118,0.0719,0.332538,0.548696,-0.328404,0.8476,0.345934,0.469575,0.366538,0.0671,0.523246,0.459272,-0.096265,0.999,0.513277,0.404259,0.097605,0.9969,0.658839,0.454435,0.027274,0.95,0.643284,0.410639,0.235281,0.4491,0.774179,0.402695,0.136389,0.9634,0.757578,0.386847,0.374289,0.7023,0.785701,0.380054,0.146696,0.974,0.770069,0.364264,0.384466,0.7598,0.80538,0.438245,0.128909,0.9469,0.788141,0.427682,0.362264,0.8172
bhujangasana_zen_0028,bhujangasana,step 2,ZEN,external,right,,CC BY 4.0,data/datasets/yoga_for_all/bhujangasana/right/step_2/20230312_111621(0).jpg,True,1024,554,True,0.9995,0.0093,152.215,162.604,11.074,140.541,47.016,5.784,179.175,177.442,158.078,129.173,152.215,162.604,11.074,140.541,129.173,158.078,177.442,179.175,9.128,44.012,179.175,152.215,11.074,44.012,63.417,-63.417,13.049,24.941,44.25,24.891,-0.4475,-0.1891,0.2034,0.8045,0.374777,0.379994,0.444927,0.9988,0.370179,0.373333,0.426486,0.9988,0.367953,0.37824,0.427077,0.9988,0.365766,0.382827,0.42677,0.9988,0.376655,0.361651,0.439142,0.9984,0.379278,0.356998,0.437852,0.9982,0.382017,0.352765,0.43876,0.9985,0.36721,0.390228,0.335403,0.9986,0.388633,0.354074,0.377189,0.9989,0.376559,0.399275,0.408116,0.9988,0.385659,0.384546,0.418772,0.9988,0.369178,0.447419,0.178214,0.9999,0.44335,0.383661,0.35375,0.9995,0.387185,0.544533,0.144181,0.8096,0.503643,0.433887,0.384866,0.0267,0.385552,0.52262,0.129919,0.4147,0.521781,0.501782,0.407615,0.0093,0.377886,0.517214,0.132108,0.3803,0.528676,0.508098,0.437462,0.0137,0.383313,0.500426,0.141451,0.3788,0.525169,0.52753,0.419569,0.0147,0.387698,0.500833,0.140139,0.357,0.520814,0.527209,0.405392,0.0178,0.47684,0.536296,-0.067142,1.0,0.517552,0.462989,0.068232,0.9999,0.60262,0.644171,-0.196204,0.9884,0.615383,0.557069,-0.004231,0.7498,0.729973,0.632272,-0.431901,0.9691,0.738718,0.597638,-0.234066,0.8033,0.748528,0.610815,-0.454462,0.9672,0.759358,0.587129,-0.258372,0.8796,0.783792,0.670354,-0.45004,0.9595,0.783993,0.662362,-0.278497,0.7916
bhujangasana_zen_0029,bhujangasana,step 2,ZEN,external,right,,CC BY 4.0,data/datasets/yoga_for_all/bhujangasana/right/step_2/20230312_111624(1).jpg,True,1024,708,True,0.9942,0.0068,163.992,170.918,179.842,57.125,17.52,15.196,149.362,173.314,158.92,157.433,163.992,170.918,57.125,179.842,157.433,158.92,149.362,173.314,7.954,17.554,173.314,163.992,57.125,7.954,16.025,-16.025,3.096,14.205,2.044,55.837,-0.9611,-0.4438,0.3619,1.0506,0.402124,0.306142,0.554415,0.9929,0.40086,0.298088,0.583448,0.9982,0.40129,0.297605,0.583983,0.9979,0.401882,0.297252,0.583689,0.9984,0.400168,0.299013,0.575367,0.9982,0.400132,0.299215,0.574133,0.9978,0.400323,0.299606,0.573866,0.9988,0.403095,0.302125,0.621824,0.9966,0.401325,0.306801,0.571387,0.9987,0.406528,0.313608,0.556951,0.9934,0.403956,0.315923,0.538082,0.9939,0.451082,0.342366,0.5211,0.9968,0.370077,0.372024,0.455113,0.9987,0.478366,0.444925,0.438784,0.0222,0.385332,0.452538,0.382103,0.0525,0.486088,0.473713,0.403424,0.0068,0.390711,0.443836,0.417262,0.0086,0.488797,0.488278,0.396454,0.0125,0.399776,0.440558,0.445152,0.0121,0.485782,0.478407,0.404735,0.0116,0.390695,0.431827,0.453262,0.0117,0.482737,0.471584,0.406334,0.0141,0.388775,0.431721,0.428424,0.0164,0.456476,0.468998,0.024534,0.9961,0.408597,0.466527,-0.023917,0.9942,0.507314,0.577341,-0.242135,0.6462,0.447328,0.593327,-0.293774,0.6754,0.548128,0.75735,-0.555576,0.2856,0.519413,0.754384,-0.616194,0.2088,0.5507,0.80745,-0.596058,0.6011,0.529216,0.79618,-0.646429,0.5869,0.569534,0.756954,-0.669192,0.4646,0.550533,0.7586,-0.719271,0.412
bhujangasana_zen_0030,bhujangasana,step 2,ZEN,external,right,,CC BY 4.0,data/datasets/yoga_for_all/bhujangasana/right/step_2/20230312_111627(0).jpg,True,1024,700,True,0.9997,0.0582,177.261,165.935,137.032,119.893,12.614,51.351,161.14,178.089,162.42,166.792,165.935,177.261,119.893,137.032,162.42,166.792,161.14,178.089,5.323,30.938,178.089,165.935,137.032,5.323,34.662,34.662,13.254,13.607,19.361,47.765,-0.8225,-0.3792,0.3872,1.1317,0.61662,0.288528,0.65795,0.9815,0.614948,0.278525,0.651121,0.9834,0.612215,0.277268,0.651452,0.9826,0.609549,0.276615,0.651343,0.9826,0.622542,0.281332,0.652668,0.986,0.625244,0.282,0.651485,0.9851,0.628011,0.281918,0.650891,0.9844,0.604598,0.279664,0.568632,0.9865,0.63127,0.290264,0.547028,0.9907,0.610113,0.295831,0.623107,0.9895,0.61947,0.29953,0.613589,0.9882,0.5536,0.32119,0.444639,0.9997,0.653381,0.35652,0.408513,0.9998,0.512495,0.405439,0.391237,0.085,0.660537,0.439316,0.398254,0.3826,0.519174,0.480141,0.402409,0.1117,0.635688,0.466806,0.533589,0.0582,0.517032,0.490049,0.414701,0.1156,0.644194,0.472314,0.574473,0.0442,0.525855,0.493276,0.423743,0.1104,0.627995,0.461601,0.595582,0.0412,0.530756,0.491446,0.409135,0.1034,0.622986,0.458829,0.553066,0.0475,0.521489,0.432376,0.020564,1.0,0.582307,0.463638,-0.019614,0.9999,0.450807,0.548172,-0.010037,0.6446,0.506629,0.585583,-0.031101,0.7377,0.375102,0.660863,-0.416327,0.76,0.406816,0.682963,-0.460104,0.7271,0.362301,0.661881,-0.467668,0.8978,0.385966,0.706494,-0.502849,0.9579,0.339825,0.722921,-0.517005,0.7089,0.355534,0.757079,-0.559863,0.7193
bhujangasana_zen_0031,bhujangasana,step 2,ZEN,external,right,,CC BY 4.0,data/datasets/yoga_for_all/bhujangasana/right/step_2/20230312_111632(0).jpg,True,1024,472,True,0.996,0.1259,177.212,170.732,42.504,45.149,5.92,22.686,168.142,171.294,147.932,160.67,170.732,177.212,42.504,45.149,147.932,160.67,168.142,171.294,44.489,61.928,171.294,170.732,45.149,61.928,79.035,79.035,0.534,67.334,88.506,0.035,-0.1902,0.03,0.1402,0.3018,0.683417,0.499204,-0.069229,0.9955,0.685945,0.478906,-0.059354,0.9952,0.685209,0.476882,-0.058838,0.9958,0.684414,0.474534,-0.058424,0.9959,0.685387,0.479407,-0.084357,0.994,0.684468,0.478202,-0.084909,0.9936,0.68352,0.476869,-0.08408,0.9931,0.674235,0.463137,0.006077,0.9971,0.674775,0.472364,-0.11933,0.9939,0.675057,0.507983,-0.041705,0.9971,0.674083,0.50909,-0.076819,0.996,0.615928,0.447133,0.098758,0.9977,0.632417,0.532795,-0.182663,0.9981,0.552385,0.49558,0.208309,0.1259,0.555977,0.63413,-0.215355,0.9816,0.591472,0.53182,0.307925,0.1377,0.611294,0.663433,-0.216338,0.9614,0.602749,0.522319,0.323799,0.1733,0.632282,0.671945,-0.233859,0.9455,0.608867,0.525296,0.307776,0.1687,0.633309,0.651875,-0.218365,0.941,0.606818,0.534833,0.30491,0.1572,0.626601,0.647042,-0.210265,0.9132,0.4854,0.514823,0.102557,0.996,0.484591,0.582109,-0.101281,0.9977,0.38208,0.521026,0.18752,0.5332,0.374692,0.582256,-0.037975,0.9642,0.288717,0.516775,0.281887,0.7649,0.2745,0.546923,0.023305,0.9855,0.279839,0.492306,0.286356,0.7749,0.265588,0.523062,0.031281,0.9647,0.267307,0.542569,0.256924,0.8214,0.241681,0.571894,0.004463,0.9755
bhujangasana_zen_0032,bhujangasana,step 2,ZEN,external,right,,CC BY 4.0,data/datasets/yoga_for_all/bhujangasana/right/step_2/20230312_111636.jpg,True,1024,616,True,0.994,0.0282,173.882,150.667,57.61,42.904,6.831,28.637,167.755,177.716,152.27,168.146,150.667,173.882,42.904,57.61,152.27,168.146,167.755,177.716,62.401,88.665,177.716,150.667,42.904,88.665,94.52,94.52,18.288,30.548,35.258,12.376,0.0788,0.0192,0.1658,0.769,0.640947,0.491666,-0.429857,0.9988,0.634651,0.462003,-0.425551,0.9979,0.63515,0.460228,-0.424629,0.9977,0.637117,0.458982,-0.424384,0.9972,0.626013,0.463518,-0.446891,0.9984,0.620048,0.462807,-0.447647,0.9984,0.613781,0.461921,-0.446725,0.9983,0.61868,0.450335,-0.330815,0.9968,0.581509,0.458556,-0.430295,0.9976,0.634643,0.507143,-0.389003,0.9994,0.62387,0.512499,-0.419139,0.9992,0.572772,0.435864,-0.230378,0.9944,0.469203,0.537474,-0.384882,0.994,0.495306,0.450992,-0.048204,0.0282,0.346695,0.604108,-0.245651,0.9303,0.539435,0.541288,0.03217,0.0436,0.450708,0.683949,-0.170946,0.8808,0.558919,0.541595,0.02706,0.1115,0.473977,0.700395,-0.191622,0.9072,0.557933,0.553453,0.012107,0.1175,0.48596,0.687769,-0.193341,0.9057,0.546567,0.561575,0.028852,0.126,0.480759,0.679746,-0.172502,0.8732,0.391484,0.435176,0.063387,0.9959,0.338711,0.497194,-0.062225,0.999,0.301332,0.402293,0.3101,0.1115,0.274247,0.472842,0.19836,0.8943,0.237392,0.366743,0.572798,0.3979,0.212803,0.380435,0.472298,0.961,0.227575,0.350578,0.606278,0.5362,0.203811,0.359937,0.50459,0.9248,0.231881,0.394174,0.651111,0.2868,0.215392,0.404828,0.529785,0.8221
bhujangasana_zen_0033,bhujangasana,step 2,ZEN,external,right,,CC BY 4.0,data/datasets/yoga_for_all/bhujangasana/right/step_2/20230312_111640(0).jpg,True,1024,809,True,0.9611,0.0459,136.162,178.065,73.353,84.537,92.264,84.581,6.021,23.169,171.032,176.225,136.162,178.065,73.353,84.537,171.032,176.225,6.021,23.169,10.025,18.517,6.021,136.162,73.353,10.025,1.647,1.647,1.835,2.065,5.508,77.028,-0.9996,0.0824,0.2922,1.0256,0.453542,0.501945,-0.492578,0.9998,0.470103,0.477526,-0.501925,0.9998,0.480216,0.476886,-0.501195,0.9997,0.490402,0.476076,-0.50067,0.9998,0.444864,0.475576,-0.500207,0.9998,0.437712,0.473105,-0.501585,0.9996,0.430921,0.470089,-0.499248,0.9997,0.51077,0.465878,-0.422938,0.9996,0.420878,0.454209,-0.419161,0.9994,0.472278,0.520663,-0.454699,0.9991,0.44458,0.516883,-0.45479,0.999,0.55612,0.487697,-0.289843,0.9996,0.37565,0.479461,-0.297459,0.9996,0.585993,0.499062,-0.162819,0.9336,0.340803,0.495655,-0.164794,0.9341,0.544846,0.578124,-0.12336,0.7927,0.370693,0.574534,-0.179846,0.71,0.546784,0.609087,-0.143568,0.6066,0.361852,0.606691,-0.193973,0.5094,0.528673,0.602187,-0.156976,0.6635,0.376755,0.604561,-0.217198,0.5637,0.522208,0.59188,-0.124563,0.5701,0.38609,0.597249,-0.189468,0.4728,0.497889,0.701845,-0.005333,0.9793,0.42376,0.710892,0.006311,0.9611,0.524355,0.556419,0.270734,0.0738,0.434346,0.620449,0.310816,0.0459,0.49199,0.487879,0.569782,0.1328,0.444118,0.511757,0.6073,0.0575,0.47864,0.47436,0.599755,0.1747,0.445129,0.493137,0.63601,0.1045,0.493807,0.482962,0.558564,0.072,0.449996,0.492769,0.607397,0.0385
bhujangasana_zen_0034,bhujangasana,step 2,ZEN,external,right,,CC BY 4.0,data/datasets/yoga_for_all/bhujangasana/right/step_2/20230312_111647(0).jpg,True,1024,743,True,0.9973,0.0307,159.101,172.784,37.937,82.432,21.255,18.779,179.378,175.903,144.106,155.532,159.101,172.784,37.937,82.432,144.106,155.532,175.903,179.378,62.871,65.15,179.378,159.101,37.937,62.871,93.935,-93.935,12.365,52.371,53.237,3.715,0.0686,0.0547,0.1498,0.5417,0.231832,0.475209,-0.355572,0.9995,0.238551,0.452068,-0.380645,0.9997,0.242053,0.452632,-0.379966,0.9997,0.24672,0.45286,-0.379814,0.9997,0.233745,0.448543,-0.351437,0.9996,0.2348,0.44716,-0.352485,0.9995,0.235604,0.444383,-0.350754,0.9994,0.271645,0.450194,-0.409516,0.9997,0.260353,0.441287,-0.288699,0.9996,0.249276,0.492109,-0.359783,0.9995,0.245392,0.487635,-0.325447,0.9995,0.375944,0.512331,-0.396798,0.9983,0.320201,0.412675,-0.161697,0.9989,0.500937,0.550488,-0.292719,0.9517,0.386909,0.44462,0.040908,0.0307,0.422867,0.601686,-0.159601,0.8871,0.357407,0.525361,0.158604,0.0641,0.406644,0.614659,-0.179669,0.8646,0.339646,0.532224,0.165344,0.1154,0.383825,0.591312,-0.183184,0.8767,0.33591,0.543064,0.147532,0.1252,0.390002,0.583214,-0.158493,0.8402,0.34606,0.545505,0.152555,0.1265,0.533708,0.478806,-0.087455,0.9987,0.49875,0.414317,0.088752,0.9973,0.644104,0.453652,0.14308,0.9336,0.600796,0.405186,0.337107,0.5322,0.720445,0.392204,0.352206,0.9495,0.696905,0.379605,0.574698,0.7646,0.727674,0.369538,0.375471,0.9516,0.709937,0.361095,0.600204,0.7629,0.742733,0.419412,0.38533,0.9108,0.713907,0.405386,0.636004,0.7555
bhujangasana_zen_0035,bhujangasana,step 2,ZEN,external,right,,CC BY 4.0,data/datasets/yoga_for_all/bhujangasana/right/step_2/20230312_111652.jpg,True,1024,683,True,0.997,0.0289,158.942,162.719,32.134,46.094,29.672,10.393,178.311,174.948,148.847,165.372,158.942,162.719,32.134,46.094,148.847,165.372,174.948,178.311,40.589,48.288,178.311,158.942,32.134,40.589,67.866,-67.866,0.301,33.174,52.441,19.947,-0.3768,-0.0794,0.2073,0.5915,0.225501,0.403674,0.198318,0.9995,0.217043,0.391388,0.179778,0.9996,0.215736,0.393548,0.180264,0.9995,0.21433,0.396012,0.180335,0.9996,0.22365,0.38327,0.207131,0.9993,0.226933,0.379786,0.206161,0.999,0.230782,0.374856,0.207292,0.9994,0.22295,0.401512,0.099964,0.9985,0.244275,0.372006,0.208905,0.9992,0.232872,0.419287,0.16878,0.9984,0.241545,0.40929,0.199932,0.9987,0.251846,0.463087,-0.029669,0.9995,0.333191,0.38336,0.24307,0.997,0.313294,0.565153,-0.040723,0.9103,0.394934,0.454333,0.340689,0.0394,0.288813,0.55477,0.011583,0.4518,0.347425,0.465127,0.427583,0.0289,0.280741,0.560248,0.01437,0.3972,0.333986,0.454044,0.466956,0.0416,0.279806,0.541233,0.028329,0.4038,0.323627,0.459382,0.453677,0.0417,0.289611,0.538345,0.022505,0.3825,0.327342,0.476164,0.426226,0.0446,0.427351,0.549895,-0.098359,0.9999,0.462082,0.48218,0.099534,0.9997,0.572047,0.628626,-0.113883,0.9406,0.582526,0.555256,0.133462,0.3452,0.725911,0.624151,-0.245023,0.9765,0.725677,0.573096,0.040872,0.7069,0.73978,0.599768,-0.252913,0.9855,0.746319,0.560568,0.031385,0.8234,0.788093,0.66932,-0.25447,0.9777,0.778206,0.622126,0.018967,0.7827
bhujangasana_zen_0036,bhujangasana,step 2,ZEN,external,right,,CC BY 4.0,data/datasets/yoga_for_all/bhujangasana/right/step_2/20230312_111656(0).jpg,True,1024,639,True,0.9754,0.0014,177.281,175.046,113.757,48.502,0.934,12.573,174.609,160.109,147.505,148.854,175.046,177.281,48.502,113.757,147.505,148.854,160.109,174.609,5.206,42.188,160.109,177.281,113.757,5.206,24.719,-24.719,2.869,35.269,54.407,57.689,-0.9084,-0.7103,0.2314,0.4549,0.362836,0.235137,0.617444,0.9367,0.358328,0.229132,0.633655,0.9732,0.356672,0.23027,0.63374,0.9717,0.354928,0.23138,0.633499,0.9818,0.362732,0.226825,0.623593,0.9675,0.364151,0.226734,0.622426,0.9571,0.365704,0.226657,0.622375,0.977,0.354533,0.23947,0.620772,0.9711,0.37023,0.233781,0.565248,0.9508,0.363237,0.246383,0.601588,0.9519,0.367658,0.244916,0.581086,0.916,0.375405,0.33338,0.471061,0.9954,0.402458,0.302719,0.453871,0.9916,0.406067,0.399139,0.399728,0.021,0.401036,0.387933,0.393121,0.0043,0.40394,0.40517,0.390332,0.0105,0.3814,0.358558,0.41226,0.0014,0.400459,0.418144,0.389919,0.0178,0.384323,0.34595,0.450949,0.0025,0.405129,0.403515,0.410083,0.0165,0.36762,0.34864,0.452661,0.0025,0.407829,0.396669,0.39914,0.0157,0.367318,0.350244,0.422598,0.0036,0.42236,0.430729,0.018368,0.9865,0.416429,0.41745,-0.01775,0.9754,0.46878,0.548349,-0.247817,0.4236,0.467193,0.553198,-0.273233,0.4296,0.555297,0.746134,-0.542353,0.2611,0.544777,0.725032,-0.585881,0.2038,0.5651,0.785311,-0.580781,0.3786,0.553075,0.763342,-0.612938,0.5285,0.574346,0.763439,-0.666015,0.3454,0.574986,0.735372,-0.691512,0.2841
bhujangasana_zen_0037,bhujangasana,step 2,ZEN,external,right,,CC BY 4.0,data/datasets/yoga_for_all/bhujangasana/right/step_2/20230312_111700.jpg,True,1024,727,True,0.9992,0.0638,177.514,166.277,75.207,6.243,15.048,41.992,165.792,178.19,167.46,176.406,166.277,177.514,6.243,75.207,167.46,176.406,165.792,178.19,19.655,46.505,178.19,166.277,6.243,46.505,42.171,42.171,9.471,23.515,35.817,41.711,-0.7411,-0.2904,0.2719,0.923,0.63583,0.25415,0.545789,0.9937,0.633362,0.241928,0.528224,0.9946,0.630352,0.239721,0.529157,0.994,0.627551,0.237967,0.529021,0.9946,0.641676,0.24758,0.527492,0.9955,0.644221,0.249248,0.526574,0.9951,0.64677,0.251051,0.526597,0.9956,0.622375,0.240604,0.434627,0.9949,0.649097,0.259362,0.4066,0.9955,0.628385,0.258808,0.511902,0.9912,0.638288,0.265938,0.500467,0.9908,0.561748,0.271856,0.334048,0.9992,0.661829,0.333195,0.289282,0.9995,0.509645,0.339711,0.324083,0.1706,0.65361,0.414465,0.293835,0.8274,0.545904,0.372185,0.391421,0.0638,0.659699,0.380938,0.43557,0.2238,0.551792,0.375732,0.419628,0.0659,0.671732,0.381404,0.480338,0.1768,0.560616,0.378184,0.428797,0.0663,0.658463,0.370035,0.499102,0.1721,0.560835,0.378872,0.400924,0.0685,0.65228,0.373827,0.454184,0.1896,0.505209,0.398338,0.03144,0.9999,0.559586,0.453612,-0.030445,0.9998,0.422427,0.509364,0.018228,0.8222,0.473288,0.561956,-0.045552,0.9177,0.331073,0.621658,-0.249841,0.8384,0.356495,0.649383,-0.346579,0.9566,0.323243,0.628464,-0.284804,0.9224,0.343999,0.644583,-0.373512,0.9791,0.286539,0.709862,-0.302162,0.7892,0.302217,0.711841,-0.400397,0.9344
bhujangasana_zen_0038,bhujangasana,step 2,ZEN,external,right,,CC BY 4.0,data/datasets/yoga_for_all/bhujangasana/right/step_2/20230312_111703(1).jpg,True,1024,626,True,0.9974,0.1107,174.325,164.099,42.529,32.446,5.849,27.892,169.129,176.481,148.563,152.852,164.099,174.325,32.446,42.529,148.563,152.852,169.129,176.481,44.976,58.895,176.481,164.099,32.446,58.895,81.494,81.494,0.244,74.174,88.9,0.438,-0.1479,0.0561,0.2156,0.5183,0.678983,0.57944,-0.000254,0.9979,0.684662,0.559021,-0.011677,0.9974,0.683607,0.554228,-0.011134,0.9976,0.682459,0.549082,-0.010911,0.9975,0.686106,0.565736,-0.027512,0.9969,0.686191,0.566045,-0.028032,0.9967,0.686292,0.566322,-0.027114,0.9964,0.671921,0.532284,-0.017135,0.9983,0.678549,0.561013,-0.101405,0.9973,0.66787,0.579251,0.005049,0.9985,0.669705,0.587839,-0.018654,0.9982,0.596355,0.492133,0.063357,0.9985,0.621054,0.634665,-0.166867,0.9991,0.522442,0.534796,0.191803,0.2246,0.525138,0.732133,-0.174348,0.9739,0.568426,0.56687,0.340817,0.1107,0.590152,0.73324,-0.159699,0.932,0.582685,0.559223,0.366556,0.1238,0.614549,0.738983,-0.173776,0.9052,0.59381,0.572062,0.361146,0.1166,0.615483,0.717719,-0.164569,0.8984,0.591465,0.574079,0.344954,0.1142,0.607904,0.712796,-0.155586,0.8532,0.435292,0.555809,0.093863,0.9974,0.436462,0.655553,-0.092111,0.9989,0.311837,0.565391,0.205,0.6293,0.295695,0.657313,-0.033161,0.964,0.196121,0.55561,0.321772,0.8609,0.170366,0.600602,0.011726,0.9881,0.176953,0.539246,0.329119,0.8526,0.154029,0.579778,0.018084,0.9704,0.180247,0.574157,0.31686,0.859,0.13602,0.615801,-0.003858,0.9758
bhujangasana_zen_0039,bhujangasana,step 2,ZEN,external,right,,CC BY 4.0,data/datasets/yoga_for_all/bhujangasana/right/step_2/20230312_111706.jpg,True,1024,613,True,0.9893,0.0182,175.988,159.492,82.753,36.358,22.659,34.202,170.363,179.108,150.624,158.777,159.492,175.988,36.358,82.753,150.624,158.777,170.363,179.108,64.182,85.396,179.108,159.492,36.358,85.396,99.712,99.712,6.998,54.056,54.608,13.195,0.1687,0.1736,0.2095,0.6209,0.663823,0.559305,-0.346723,0.9972,0.665055,0.531605,-0.344457,0.994,0.664819,0.529279,-0.343488,0.9935,0.664664,0.526942,-0.343107,0.992,0.660515,0.536508,-0.368977,0.9945,0.656588,0.536139,-0.369401,0.994,0.653492,0.53584,-0.368219,0.9932,0.647506,0.511086,-0.266478,0.9905,0.623154,0.522847,-0.384073,0.9897,0.647735,0.569444,-0.311293,0.9967,0.637706,0.570152,-0.346236,0.9957,0.580866,0.43911,-0.145385,0.9929,0.519148,0.581307,-0.364428,0.9893,0.49785,0.487133,0.038534,0.0182,0.402079,0.643276,-0.244116,0.9688,0.529131,0.592638,0.121162,0.0619,0.492769,0.694779,-0.144613,0.9391,0.54417,0.599818,0.130224,0.1435,0.520595,0.724305,-0.166364,0.946,0.546423,0.618267,0.108253,0.1423,0.529874,0.70697,-0.161501,0.9408,0.53712,0.621078,0.116999,0.1461,0.523748,0.690856,-0.143454,0.9145,0.40099,0.420426,0.076688,0.9955,0.365211,0.504553,-0.075399,0.9988,0.305531,0.383038,0.285357,0.4353,0.266496,0.458117,0.127757,0.978,0.220231,0.338909,0.521173,0.825,0.187381,0.361264,0.330777,0.9949,0.198035,0.308041,0.54664,0.84,0.17298,0.329312,0.351639,0.9841,0.212947,0.36851,0.566875,0.7495,0.181185,0.395199,0.35466,0.9688
bhujangasana_zen_0040,bhujangasana,step 2,ZEN,external,right,,CC BY 4.0,data/datasets/yoga_for_all/bhujangasana/right/step_2/20230312_111710(0).jpg,True,698,1024,True,0.9973,0.5437,168.795,170.426,72.879,62.245,115.637,132.515,159.944,157.34,160.029,176.944,168.795,170.426,62.245,72.879,160.029,176.944,157.34,159.944,150.434,175.216,159.944,168.795,72.879,175.216,170.803,-170.803,9.2,4.906,3.02,80.038,0.9871,0.8447,0.3269,1.5316,0.481973,0.666593,-0.517791,0.9998,0.504326,0.660191,-0.545146,0.9998,0.51603,0.658466,-0.544141,0.9999,0.534152,0.656474,-0.544081,0.9998,0.467119,0.656732,-0.549199,0.9999,0.457618,0.653471,-0.549878,0.9998,0.44391,0.650092,-0.548808,0.9998,0.564282,0.627798,-0.517861,0.9997,0.427294,0.620385,-0.540466,0.9996,0.497362,0.649403,-0.4891,0.9986,0.465412,0.645961,-0.49927,0.9986,0.636775,0.568449,-0.427152,0.9996,0.354789,0.551951,-0.446094,0.9973,0.752209,0.582961,-0.368619,0.9998,0.242089,0.565349,-0.357885,0.9975,0.688709,0.665863,-0.332506,0.9975,0.346514,0.657617,-0.273131,0.9805,0.690024,0.698009,-0.338966,0.993,0.352334,0.684136,-0.277464,0.9344,0.655678,0.68433,-0.335458,0.9878,0.38074,0.677507,-0.268018,0.8815,0.652737,0.674427,-0.330937,0.9748,0.385748,0.668592,-0.263554,0.8368,0.584826,0.438002,-0.012885,0.9998,0.465805,0.433722,0.014673,0.9995,0.593851,0.365774,0.281912,0.612,0.484677,0.360482,0.338893,0.5437,0.581873,0.292256,0.591915,0.8438,0.521607,0.289539,0.662565,0.8413,0.575099,0.272737,0.628218,0.9201,0.534755,0.27088,0.696278,0.916,0.588752,0.29817,0.706726,0.1647,0.529801,0.291638,0.764076,0.1875
bhujangasana_zen_0041,bhujangasana,step 2,ZEN,external,right,,CC BY 4.0,data/datasets/yoga_for_all/bhujangasana/right/step_2/20230312_111717.jpg,True,977,1024,True,0.9954,0.081,165.346,176.677,22.911,34.926,41.164,27.116,176.66,169.5,143.503,114.929,165.346,176.677,22.911,34.926,114.929,143.503,169.5,176.66,67.533,120.617,176.66,165.346,22.911,120.617,144.647,-144.647,5.153,23.218,16.533,53.103,0.8156,0.5105,0.2399,0.9138,0.350934,0.689663,-0.230421,0.9997,0.352675,0.703419,-0.270091,0.9998,0.357061,0.702827,-0.269161,0.9998,0.365902,0.698274,-0.269096,0.9998,0.326103,0.69183,-0.262913,0.9996,0.322906,0.689157,-0.263552,0.9996,0.320324,0.686857,-0.262543,0.9993,0.396302,0.674868,-0.323955,0.9998,0.327556,0.650132,-0.30494,0.9993,0.388241,0.684203,-0.23567,0.9997,0.363028,0.66821,-0.232068,0.9996,0.554291,0.609867,-0.321356,0.999,0.341716,0.522865,-0.229754,0.9954,0.703723,0.540485,-0.2103,0.9945,0.380164,0.423588,-0.056749,0.3097,0.593686,0.660668,-0.092195,0.8462,0.416435,0.556001,0.082036,0.081,0.585561,0.701482,-0.104347,0.819,0.406868,0.582807,0.090223,0.1222,0.552936,0.700652,-0.108826,0.8189,0.427617,0.599035,0.075654,0.1231,0.546298,0.673844,-0.090762,0.7864,0.438217,0.588765,0.079547,0.13,0.653315,0.386057,-0.043795,0.9998,0.535618,0.352723,0.045496,0.9991,0.710982,0.27437,0.212007,0.9213,0.610545,0.257498,0.31823,0.4983,0.734424,0.165145,0.437391,0.9159,0.673713,0.166693,0.570524,0.7284,0.735259,0.134063,0.46592,0.9192,0.68401,0.142543,0.599734,0.7877,0.766787,0.19863,0.529234,0.4318,0.702303,0.201527,0.671973,0.3282
bhujangasana_zen_0042,bhujangasana,step 2,ZEN,external,right,,CC BY 4.0,data/datasets/yoga_for_all/bhujangasana/right/step_2/20230312_111721.jpg,True,1024,582,True,0.9972,0.0165,157.586,169.598,8.773,84.599,24.317,1.551,173.265,173.028,93.275,113.021,157.586,169.598,8.773,84.599,93.275,113.021,173.028,173.265,25.167,26.76,173.265,157.586,8.773,25.167,103.22,-103.22,6.184,80.028,68.304,10.711,0.2287,0.1312,0.1768,0.6725,0.223198,0.542359,-0.075418,0.999,0.215659,0.535495,-0.108087,0.9989,0.216711,0.540473,-0.107653,0.999,0.217875,0.547527,-0.10786,0.999,0.215083,0.516004,-0.098419,0.9987,0.215838,0.508678,-0.099467,0.9986,0.216394,0.502543,-0.098429,0.9982,0.232212,0.544142,-0.188767,0.9994,0.230593,0.482998,-0.154504,0.9986,0.243357,0.550471,-0.096817,0.9993,0.246368,0.529064,-0.088073,0.9991,0.337214,0.617199,-0.236735,0.9993,0.312449,0.369365,-0.092312,0.9973,0.470965,0.627166,-0.171663,0.923,0.414989,0.35266,0.063872,0.0821,0.459157,0.629477,-0.038199,0.3862,0.414887,0.445949,0.208764,0.0165,0.457567,0.638193,-0.039065,0.3313,0.408404,0.456903,0.226873,0.0298,0.437408,0.614317,-0.041514,0.3431,0.402675,0.483396,0.212918,0.0296,0.438671,0.604326,-0.036495,0.3268,0.407571,0.484058,0.207043,0.0307,0.545863,0.469687,-0.064851,0.9991,0.517837,0.345752,0.066349,0.9972,0.677466,0.406968,0.11043,0.9689,0.64462,0.303559,0.233703,0.6808,0.772767,0.27798,0.252169,0.9581,0.743567,0.236338,0.403803,0.6483,0.787691,0.242713,0.266881,0.959,0.760373,0.206731,0.420444,0.6183,0.783814,0.303789,0.291498,0.8761,0.761726,0.268011,0.444678,0.5821
bhujangasana_zen_0043,bhujangasana,step 2,ZEN,external,right,,CC BY 4.0,data/datasets/yoga_for_all/bhujangasana/right/step_2/20230312_111726.jpg,True,1024,621,True,0.9981,0.0559,163.51,177.224,3.625,42.668,34.319,13.854,167.718,176.514,135.22,134.337,163.51,177.224,3.625,42.668,134.337,135.22,167.718,176.514,14.418,32.72,167.718,163.51,3.625,32.72,69.733,-69.733,17.614,47.702,59.672,24.782,-0.3464,-0.221,0.1428,0.788,0.190807,0.259595,0.303985,0.9997,0.179613,0.255504,0.28416,0.9998,0.176459,0.260967,0.284626,0.9997,0.173624,0.266785,0.284761,0.9998,0.189205,0.238675,0.287174,0.9998,0.19275,0.233013,0.286186,0.9997,0.196053,0.227156,0.287278,0.9997,0.177914,0.282331,0.203023,0.9997,0.204227,0.230929,0.200951,0.9997,0.19591,0.27778,0.277856,0.9996,0.207093,0.25922,0.275721,0.9996,0.196863,0.415363,0.085027,0.9989,0.294633,0.238175,0.198895,0.9981,0.270415,0.544598,0.145358,0.9665,0.414665,0.295174,0.234493,0.3309,0.249443,0.502733,0.31951,0.2497,0.358697,0.341395,0.264581,0.0559,0.24395,0.506249,0.342171,0.1751,0.350376,0.346985,0.300033,0.0626,0.236896,0.479995,0.353782,0.1727,0.324801,0.370269,0.295844,0.0635,0.240046,0.47847,0.332709,0.1759,0.327331,0.366859,0.26762,0.0628,0.398483,0.489064,-0.048554,0.9998,0.438919,0.37509,0.049889,0.9995,0.562558,0.613971,-0.074533,0.9888,0.595602,0.50353,0.012216,0.7898,0.744038,0.657582,-0.221923,0.9816,0.75824,0.621015,-0.113648,0.8654,0.768703,0.639262,-0.234598,0.9822,0.786985,0.61974,-0.124023,0.857,0.824726,0.720926,-0.221765,0.9691,0.830493,0.70325,-0.139795,0.8324
bhujangasana_zen_0044,bhujangasana,step 2,ZEN,external,right,,CC BY 4.0,data/datasets/yoga_for_all/bhujangasana/right/step_2/20230312_111730(0).jpg,True,1024,756,True,0.9938,0.0037,171.559,178.961,99.711,115.101,26.408,28.183,160.369,165.975,151.791,176.104,171.559,178.961,99.711,115.101,151.791,176.104,160.369,165.975,9.2,11.457,160.369,171.559,99.711,9.2,1.9,-1.9,4.413,4.634,9.411,88.672,-0.9994,-0.4681,0.218,1.0771,0.411973,0.079502,0.609175,0.9851,0.406916,0.071867,0.605644,0.9905,0.404397,0.073188,0.606449,0.99,0.401678,0.074677,0.606523,0.9921,0.413901,0.070074,0.609518,0.9903,0.416286,0.070468,0.608631,0.9894,0.41909,0.071016,0.608468,0.992,0.3987,0.084048,0.534073,0.987,0.427001,0.080712,0.52757,0.9871,0.41061,0.092915,0.577148,0.9766,0.417963,0.091531,0.571351,0.9727,0.352252,0.165753,0.4159,0.9965,0.485871,0.151083,0.399431,0.9938,0.342063,0.272036,0.455432,0.0439,0.50727,0.278361,0.422863,0.0245,0.404682,0.298146,0.573138,0.0114,0.477913,0.30935,0.534761,0.0037,0.404808,0.29877,0.598875,0.0144,0.488297,0.304622,0.579443,0.0058,0.418478,0.293762,0.613008,0.0147,0.470053,0.308172,0.580523,0.0062,0.420989,0.292155,0.583913,0.0166,0.464459,0.307794,0.547617,0.0085,0.394859,0.333265,0.007505,0.9997,0.451519,0.320545,-0.006313,0.9994,0.393444,0.509997,-0.005967,0.9289,0.448607,0.490642,0.000524,0.8887,0.415564,0.728151,-0.312514,0.958,0.441665,0.718098,-0.320266,0.9591,0.419247,0.743342,-0.3487,0.9722,0.433762,0.732672,-0.348514,0.9798,0.428741,0.848011,-0.368807,0.8629,0.442769,0.817644,-0.375722,0.8858
bhujangasana_zen_0045,bhujangasana,step 2,ZEN,external,right,,CC BY 4.0,data/datasets/yoga_for_all/bhujangasana/right/step_2/20230312_111734(0).jpg,True,1024,607,True,0.9975,0.0501,177.554,169.55,88.079,10.947,8.017,34.375,169.989,173.522,154.872,155.327,169.55,177.554,10.947,88.079,154.872,155.327,169.989,173.522,19.923,37.936,173.522,169.55,10.947,37.936,54.622,54.622,11.214,38.921,53.951,33.869,-0.579,-0.2428,0.1776,0.6924,0.653686,0.16673,0.299134,0.9982,0.653484,0.149827,0.280916,0.9987,0.651318,0.147643,0.281663,0.9986,0.649336,0.145643,0.281565,0.9989,0.658858,0.155939,0.277843,0.9987,0.660112,0.157555,0.27705,0.9985,0.661266,0.15906,0.277541,0.9987,0.642874,0.152422,0.213754,0.9989,0.65923,0.166947,0.186538,0.9983,0.645364,0.171739,0.279084,0.9979,0.651638,0.179124,0.270182,0.9969,0.57342,0.173026,0.192889,0.999,0.652964,0.281386,0.103236,0.9975,0.510158,0.253245,0.282352,0.3701,0.609881,0.416744,0.167532,0.908,0.536043,0.307458,0.439951,0.0501,0.624145,0.38722,0.322615,0.1922,0.544417,0.313048,0.466409,0.0476,0.644134,0.37647,0.35022,0.1647,0.556423,0.311836,0.463305,0.0467,0.639031,0.347214,0.360723,0.1571,0.555085,0.312879,0.443759,0.0457,0.632105,0.352845,0.332393,0.1613,0.477143,0.33515,0.047439,0.9991,0.508449,0.407711,-0.0461,0.998,0.360461,0.472656,-0.021834,0.8979,0.383255,0.549467,-0.094381,0.9799,0.228717,0.614192,-0.109216,0.8889,0.23968,0.654376,-0.22078,0.9687,0.209376,0.620394,-0.123356,0.9036,0.221427,0.656906,-0.227306,0.9608,0.178376,0.673185,-0.14597,0.7856,0.179596,0.71732,-0.235519,0.9045
bhujangasana_zen_0046,bhujangasana,step 2,ZEN,external,right,,CC BY 4.0,data/datasets/yoga_for_all/bhujangasana/right/step_2/20230312_111736.jpg,True,1024,617,True,0.9983,0.0582,174.867,163.823,60.668,11.767,3.711,28.958,173.512,173.298,152.467,142.311,163.823,174.867,11.767,60.668,142.311,152.467,173.298,173.512,32.474,36.861,173.298,163.823,11.767,36.861,67.799,67.799,9.671,55.168,67.664,22.152,-0.3779,-0.1476,0.1895,0.6655,0.754363,0.270987,0.281846,0.9995,0.756416,0.250011,0.259588,0.9993,0.753804,0.245332,0.260452,0.9993,0.751036,0.240851,0.260325,0.9992,0.761207,0.261253,0.251451,0.9993,0.762089,0.263955,0.25074,0.9993,0.762814,0.266902,0.251482,0.9992,0.739155,0.239732,0.182991,0.9994,0.756818,0.279445,0.13526,0.9993,0.742427,0.275007,0.26048,0.999,0.747676,0.289976,0.245366,0.9991,0.660766,0.233865,0.187072,0.9983,0.728502,0.395424,0.041908,0.9984,0.573312,0.30554,0.279749,0.2764,0.647847,0.526546,0.124679,0.9821,0.621176,0.359904,0.428577,0.0582,0.686681,0.485263,0.291928,0.6531,0.633685,0.363142,0.456517,0.0557,0.710703,0.499563,0.313455,0.5411,0.646707,0.368708,0.455681,0.0535,0.71015,0.452756,0.325027,0.5152,0.64321,0.372393,0.4342,0.0533,0.701268,0.468793,0.30209,0.4857,0.516248,0.372299,0.066882,0.9985,0.543034,0.480498,-0.065691,0.9983,0.370355,0.477602,0.047165,0.8533,0.385139,0.587182,-0.087557,0.9876,0.22133,0.559741,0.018919,0.9216,0.220595,0.615764,-0.161896,0.9901,0.193463,0.55412,0.010044,0.9276,0.19413,0.605832,-0.164725,0.9761,0.190575,0.609312,-0.003825,0.8763,0.175378,0.666083,-0.176304,0.9619
bhujangasana_zen_0047,bhujangasana,step 2,ZEN,external,right,,CC BY 4.0,data/datasets/yoga_for_all/bhujangasana/right/step_2/20230312_111740(0).jpg,True,1024,724,True,0.99,0.0515,173.674,166.089,36.054,19.837,8.889,33.859,172.877,174.926,113.042,149.215,166.089,173.674,19.837,36.054,113.042,149.215,172.877,174.926,21.718,76.357,174.926,166.089,19.837,76.357,97.68,97.68,7.396,70.988,68.796,5.799,0.1336,0.1229,0.1777,0.6997,0.766314,0.531185,-0.200562,0.9936,0.767987,0.511238,-0.223618,0.9896,0.767573,0.507181,-0.222667,0.9885,0.767203,0.502711,-0.222471,0.9857,0.766259,0.519064,-0.236679,0.991,0.764001,0.521021,-0.237024,0.9908,0.762405,0.521643,-0.236142,0.9898,0.750449,0.481983,-0.233688,0.9856,0.740974,0.519506,-0.298634,0.9879,0.754265,0.532776,-0.193227,0.9943,0.747579,0.540225,-0.213307,0.9941,0.680295,0.416594,-0.149952,0.99,0.639587,0.583696,-0.292782,0.9927,0.604317,0.402322,0.00143,0.1646,0.528069,0.631067,-0.187389,0.9404,0.635085,0.443792,0.134292,0.0515,0.616752,0.637905,-0.093763,0.6644,0.645502,0.435349,0.152296,0.095,0.633062,0.651171,-0.096789,0.722,0.651445,0.461163,0.141688,0.0882,0.647473,0.630943,-0.088874,0.6954,0.645361,0.469256,0.137194,0.0852,0.637701,0.623824,-0.089871,0.6163,0.494945,0.422653,0.057728,0.9978,0.470951,0.510126,-0.056271,0.999,0.380937,0.406276,0.269957,0.6469,0.35588,0.475329,0.14871,0.9142,0.278082,0.375021,0.491616,0.875,0.254959,0.405774,0.34223,0.9721,0.255199,0.360614,0.516222,0.8732,0.235062,0.384264,0.361123,0.9479,0.286411,0.397231,0.543466,0.731,0.256207,0.439973,0.361887,0.8472
bhujangasana_zen_0048,bhujangasana,step 2,ZEN,external,right,,CC BY 4.0,data/datasets/yoga_for_all/bhujangasana/right/step_2/20230312_111743(0).jpg,True,1024,755,True,0.9869,0.1368,170.2,170.15,14.015,25.566,44.661,59.708,163.258,166.396,158.543,162.334,170.15,170.2,14.015,25.566,158.543,162.334,163.258,166.396,103.847,178.778,166.396,170.15,25.566,178.778,141.701,141.701,5.721,20.717,18.071,52.046,0.7848,0.5598,0.2072,1.1514,0.538788,0.690513,-0.361433,0.9976,0.550818,0.670481,-0.386005,0.9967,0.553885,0.667933,-0.384782,0.996,0.559716,0.661563,-0.38423,0.9946,0.535027,0.675708,-0.395835,0.9976,0.522087,0.67793,-0.396177,0.9976,0.516841,0.676903,-0.395207,0.9974,0.556791,0.634567,-0.357641,0.9931,0.498357,0.648706,-0.406312,0.996,0.54219,0.680771,-0.336908,0.9964,0.52384,0.684518,-0.352871,0.9964,0.562031,0.539158,-0.278045,0.9869,0.404619,0.619906,-0.341766,0.9876,0.553182,0.471338,-0.082999,0.431,0.337411,0.601519,-0.21253,0.9501,0.547053,0.590846,0.029641,0.1368,0.420133,0.685972,-0.153075,0.8549,0.558678,0.603884,0.031608,0.242,0.430514,0.715882,-0.161586,0.9042,0.543029,0.614628,0.015463,0.2111,0.444121,0.71069,-0.163638,0.8897,0.533853,0.610809,0.029199,0.2113,0.443003,0.698303,-0.153179,0.836,0.426512,0.409,0.017927,0.9991,0.358958,0.438895,-0.01621,0.9995,0.383415,0.334061,0.308208,0.292,0.328573,0.374187,0.273199,0.6472,0.327925,0.265708,0.61878,0.6497,0.300938,0.284331,0.53197,0.8961,0.321832,0.240373,0.656915,0.724,0.296255,0.26063,0.56401,0.9299,0.338111,0.297025,0.723841,0.1942,0.29962,0.310731,0.616236,0.3988
bhujangasana_zen_0050,bhujangasana,step 3,ZEN,external,right,,CC BY 4.0,data/datasets/yoga_for_all/bhujangasana/right/step_3/20230312_111233(0).jpg,True,1024,472,True,0.993,0.0578,177.173,155.135,170.293,175.974,5.321,15.808,158.017,143.543,73.053,87.35,155.135,177.173,170.293,175.974,73.053,87.35,143.543,158.017,9.134,17.241,143.543,155.135,175.974,17.241,113.043,-113.043,14.079,84.95,78.324,48.064,0.3914,0.2236,0.1065,0.2697,0.439749,0.576295,-0.392332,0.9826,0.434666,0.582734,-0.427505,0.981,0.434356,0.583773,-0.426421,0.9817,0.434229,0.603348,-0.426847,0.977,0.434697,0.578237,-0.416049,0.9861,0.434463,0.575881,-0.416622,0.9884,0.434219,0.573471,-0.416052,0.989,0.435356,0.591232,-0.476559,0.9787,0.4324,0.56371,-0.435311,0.9924,0.442459,0.569746,-0.398975,0.9694,0.442497,0.564528,-0.387845,0.9823,0.452845,0.563829,-0.393811,0.993,0.454373,0.526314,-0.397936,0.9984,0.515063,0.512664,-0.316704,0.134,0.521104,0.515982,-0.337179,0.5334,0.557348,0.494744,-0.205589,0.2582,0.558054,0.515903,-0.324811,0.6706,0.566344,0.490614,-0.218469,0.2567,0.573675,0.498771,-0.355521,0.5378,0.560602,0.491842,-0.220006,0.244,0.568183,0.496396,-0.357569,0.5254,0.559279,0.495332,-0.205916,0.1895,0.5669,0.498182,-0.332654,0.4551,0.511801,0.501222,0.021786,0.9993,0.513859,0.479621,-0.020033,0.9997,0.533257,0.44941,0.348112,0.0578,0.531459,0.422265,0.338806,0.4071,0.554997,0.401853,0.687713,0.2522,0.557341,0.38788,0.657965,0.7688,0.561821,0.391477,0.722382,0.2742,0.562687,0.380522,0.690744,0.576,0.553381,0.395213,0.715617,0.173,0.551541,0.374368,0.686791,0.4028
bhujangasana_zen_0051,bhujangasana,step 3,ZEN,external,right,,CC BY 4.0,data/datasets/yoga_for_all/bhujangasana/right/step_3/20230312_111237.jpg,True,1024,472,True,0.9895,0.1592,175.627,159.224,179.698,166.895,22.295,15.354,146.184,142.214,86.899,86.907,159.224,175.627,166.895,179.698,86.899,86.907,142.214,146.184,20.986,22.427,146.184,175.627,179.698,22.427,114.757,-114.757,7.525,3.546,25.288,8.288,0.4188,0.1081,0.1535,0.2239,0.318543,0.627028,-0.219273,0.9854,0.309534,0.629027,-0.24033,0.9799,0.310126,0.627773,-0.239825,0.9793,0.310756,0.626429,-0.239722,0.9776,0.307279,0.630121,-0.22994,0.9795,0.306309,0.630049,-0.231049,0.9793,0.305295,0.629872,-0.229632,0.9773,0.31267,0.617009,-0.271931,0.9788,0.306114,0.62095,-0.234788,0.9792,0.328391,0.615572,-0.223097,0.9785,0.325908,0.618186,-0.210871,0.9805,0.365282,0.594666,-0.274855,0.9926,0.332348,0.590238,-0.154777,0.9962,0.468197,0.582052,-0.260909,0.8796,0.445099,0.552696,-0.062849,0.4766,0.548745,0.573103,-0.199939,0.7013,0.530935,0.566958,-0.051396,0.506,0.564852,0.559502,-0.226416,0.5799,0.546522,0.581147,-0.061126,0.4398,0.562583,0.56883,-0.223758,0.5768,0.552277,0.584699,-0.084377,0.4409,0.558313,0.564039,-0.199619,0.5249,0.547583,0.564246,-0.060825,0.4256,0.489688,0.465768,-0.049971,0.9905,0.475612,0.451341,0.051288,0.9895,0.57107,0.491488,0.156002,0.7777,0.567369,0.499894,0.272789,0.1592,0.653382,0.503708,0.359662,0.8343,0.633041,0.482226,0.497713,0.4183,0.662837,0.477617,0.378738,0.779,0.644403,0.481752,0.518586,0.4441,0.667128,0.54711,0.354252,0.7748,0.6517,0.541012,0.503221,0.5018
bhujangasana_zen_0052,bhujangasana,step 3,ZEN,external,right,,CC BY 4.0,data/datasets/yoga_for_all/bhujangasana/right/step_3/20230312_111242.jpg,True,1024,472,True,0.9987,0.0888,167.375,166.611,179.388,172.814,14.733,2.566,170.162,168.505,105.001,100.077,166.611,167.375,172.814,179.388,100.077,105.001,168.505,170.162,5.964,14.415,170.162,167.375,179.388,14.415,87.764,-87.764,27.225,60.224,85.245,10.424,-0.039,0.1596,0.1439,0.2975,0.282162,0.509966,0.008715,0.999,0.274651,0.504549,-0.012703,0.9987,0.274224,0.505079,-0.01229,0.9985,0.273639,0.505977,-0.0121,0.9987,0.275617,0.500392,0.013209,0.9986,0.275921,0.498006,0.012645,0.9982,0.27607,0.496048,0.013611,0.9987,0.275331,0.498453,-0.054975,0.9983,0.278474,0.4816,0.049939,0.998,0.287993,0.509885,-0.002922,0.9984,0.288842,0.504971,0.029047,0.9985,0.294781,0.500702,-0.150812,0.9999,0.315461,0.422286,0.153787,0.9995,0.360945,0.540022,-0.214811,0.9944,0.378973,0.43842,0.187128,0.0888,0.432758,0.580916,-0.218708,0.9855,0.434684,0.468252,0.148399,0.1369,0.452682,0.584641,-0.249171,0.9717,0.448425,0.483878,0.169261,0.1511,0.455777,0.582628,-0.230183,0.9683,0.450999,0.490081,0.137657,0.1487,0.449275,0.578981,-0.209401,0.9519,0.447945,0.49133,0.13672,0.1485,0.443806,0.504009,-0.091772,0.9995,0.446158,0.442673,0.093142,0.9987,0.548962,0.545977,-0.058008,0.9674,0.541707,0.50058,0.135832,0.3928,0.654077,0.537211,-0.028356,0.9643,0.638798,0.508741,0.189721,0.526,0.664757,0.514318,-0.029602,0.9663,0.653294,0.491114,0.19299,0.6001,0.667792,0.577859,-0.082701,0.9557,0.649263,0.554809,0.146914,0.6278
bhujangasana_zen_0053,bhujangasana,step 3,ZEN,external,right,,CC BY 4.0,data/datasets/yoga_for_all/bhujangasana/right/step_3/20230312_111246.jpg,True,1024,472,True,0.9999,0.054,160.415,159.661,171.123,157.254,14.706,7.162,163.156,165.705,110.943,103.314,159.661,160.415,157.254,171.123,103.314,110.943,163.156,165.705,4.253,20.055,163.156,160.415,171.123,20.055,85.422,-85.422,93.065,35.722,39.067,17.733,-0.0798,0.2125,0.1286,0.5483,0.311273,0.526342,0.35437,0.9996,0.306387,0.520052,0.337712,0.9997,0.306047,0.520821,0.338307,0.9997,0.30574,0.522135,0.33836,0.9997,0.307471,0.514939,0.359056,0.9995,0.308036,0.512606,0.358323,0.9993,0.308732,0.511109,0.359262,0.9995,0.29487,0.515647,0.279715,0.9999,0.307755,0.499193,0.369752,0.9996,0.311696,0.51982,0.335252,0.9998,0.31388,0.513467,0.359684,0.9997,0.278157,0.51433,0.133027,1.0,0.325194,0.440941,0.395394,0.9999,0.317851,0.538364,-0.006987,0.9859,0.377514,0.444704,0.348028,0.054,0.374675,0.594472,-0.109162,0.9666,0.425443,0.492409,0.272559,0.0819,0.389187,0.598437,-0.134776,0.9578,0.434492,0.49348,0.298117,0.0966,0.390394,0.598651,-0.112738,0.9525,0.432407,0.512917,0.290406,0.0925,0.387918,0.597337,-0.098756,0.916,0.430156,0.512448,0.271173,0.0955,0.394339,0.518238,-0.083507,1.0,0.419671,0.473628,0.084687,0.9999,0.493105,0.586755,-0.243933,0.9922,0.503847,0.552489,-0.045936,0.7803,0.602099,0.579109,-0.456057,0.9802,0.614051,0.565092,-0.258381,0.6598,0.618345,0.556045,-0.481298,0.9685,0.629324,0.549994,-0.284411,0.8101,0.631813,0.642189,-0.5341,0.9873,0.643268,0.639422,-0.343461,0.8828
bhujangasana_zen_0056,bhujangasana,step 3,ZEN,external,right,,CC BY 4.0,data/datasets/yoga_for_all/bhujangasana/right/step_3/20230312_111300.jpg,True,1024,472,True,0.9998,0.1118,167.691,164.045,151.803,176.994,3.688,35.188,169.884,161.748,117.066,131.807,164.045,167.691,151.803,176.994,117.066,131.807,161.748,169.884,10.071,33.415,161.748,164.045,176.994,33.415,77.712,77.712,60.32,21.479,18.297,26.643,-0.2128,0.2095,0.1347,0.5782,0.653043,0.495576,0.538006,0.9999,0.652989,0.489961,0.553982,0.9999,0.651987,0.487778,0.554095,0.9999,0.651241,0.486201,0.55421,0.9999,0.657386,0.494756,0.529535,0.9999,0.658665,0.495886,0.528498,0.9999,0.660258,0.497137,0.529043,0.9999,0.651802,0.476022,0.573471,0.9999,0.664849,0.493471,0.447811,0.9999,0.649659,0.491012,0.542112,0.9999,0.652934,0.496308,0.503651,0.9999,0.624947,0.438941,0.506475,0.9999,0.669488,0.476964,0.289437,1.0,0.572235,0.46599,0.471993,0.1118,0.643651,0.530305,0.10373,0.9529,0.533542,0.540269,0.411126,0.2241,0.604705,0.602655,-0.030281,0.8507,0.520974,0.538331,0.416266,0.2628,0.591891,0.615397,-0.025718,0.8007,0.5222,0.564845,0.412877,0.2515,0.591061,0.610788,-0.007396,0.793,0.528909,0.558687,0.409132,0.2289,0.593587,0.604583,-0.016949,0.7429,0.553022,0.486634,0.070313,0.9998,0.579631,0.505722,-0.069671,0.9998,0.479542,0.568249,-0.060245,0.6427,0.496273,0.596453,-0.23754,0.9654,0.381613,0.624389,-0.24401,0.5911,0.390171,0.639899,-0.44845,0.8998,0.361422,0.617411,-0.272166,0.6021,0.371782,0.630967,-0.467288,0.9391,0.355495,0.704663,-0.327448,0.6641,0.361836,0.717966,-0.535575,0.8903
bhujangasana_zen_0057,bhujangasana,step 3,ZEN,external,right,,CC BY 4.0,data/datasets/yoga_for_all/bhujangasana/right/step_3/20230312_111305(0).jpg,True,1024,472,True,0.9942,0.022,164.857,159.112,173.735,178.927,6.711,13.537,170.126,168.338,98.392,96.308,159.112,164.857,173.735,178.927,96.308,98.392,168.338,170.126,9.409,14.043,168.338,159.112,178.927,14.043,94.438,94.438,14.008,87.79,86.312,3.926,0.0774,0.1265,0.1197,0.3421,0.655098,0.604031,-0.008149,0.9949,0.665169,0.597845,-0.015215,0.9912,0.665504,0.592828,-0.014749,0.9909,0.665774,0.587944,-0.014747,0.9899,0.665617,0.60869,-0.039673,0.9922,0.665999,0.611107,-0.040384,0.9915,0.66634,0.613517,-0.039463,0.9911,0.664717,0.575286,7.9e-05,0.9879,0.665334,0.608215,-0.123184,0.9925,0.64831,0.593667,0.005022,0.9904,0.648338,0.605223,-0.029602,0.9928,0.619692,0.499866,0.080733,0.9942,0.621822,0.619567,-0.20024,0.9992,0.547753,0.515427,0.101367,0.022,0.531573,0.639461,-0.208769,0.9567,0.494237,0.540019,0.092781,0.0299,0.451198,0.660484,-0.171614,0.874,0.480244,0.569687,0.104205,0.0478,0.427008,0.656837,-0.195151,0.8343,0.48116,0.581335,0.084589,0.0459,0.427045,0.655434,-0.185849,0.8152,0.48275,0.582943,0.085943,0.0457,0.433947,0.654302,-0.167137,0.7563,0.460986,0.493753,0.087812,0.9943,0.458676,0.571489,-0.086635,0.9978,0.366122,0.525822,0.196316,0.5275,0.350246,0.587634,-0.001966,0.9661,0.273081,0.503587,0.303836,0.7908,0.256664,0.52571,0.105964,0.9834,0.261619,0.480859,0.308208,0.772,0.246349,0.505887,0.115531,0.9264,0.248358,0.548868,0.293008,0.8141,0.222695,0.55304,0.087195,0.953
bhujangasana_zen_0058,bhujangasana,step 3,ZEN,external,right,,CC BY 4.0,data/datasets/yoga_for_all/bhujangasana/right/step_3/20230312_111310.jpg,True,1024,472,True,0.9985,0.01,153.357,146.531,101.172,167.621,11.058,20.287,165.662,159.411,126.214,89.245,146.531,153.357,101.172,167.621,89.245,126.214,159.411,165.662,23.004,45.93,159.411,146.531,167.621,23.004,105.322,105.322,31.604,20.676,26.852,3.17,0.2642,0.6159,0.1109,0.9123,0.533321,0.616019,-0.441061,0.9987,0.54025,0.610409,-0.457411,0.9976,0.541611,0.608311,-0.456163,0.9976,0.542888,0.603339,-0.455868,0.9969,0.535647,0.610799,-0.475176,0.9983,0.534428,0.609753,-0.475844,0.9983,0.533144,0.609151,-0.47436,0.9982,0.539507,0.565057,-0.414225,0.9973,0.523941,0.574077,-0.504148,0.9984,0.52673,0.597853,-0.409887,0.9992,0.52378,0.600258,-0.436557,0.9993,0.536931,0.448484,-0.300756,0.9985,0.452091,0.517944,-0.453779,0.9989,0.495416,0.450594,-0.101455,0.0309,0.369036,0.507011,-0.315324,0.8438,0.489576,0.523713,0.028505,0.01,0.345821,0.514904,-0.217638,0.7031,0.493365,0.521517,0.038859,0.0206,0.331622,0.50256,-0.244971,0.7037,0.487152,0.529161,0.020631,0.0208,0.337096,0.508101,-0.261542,0.6937,0.482477,0.534302,0.02838,0.0195,0.34425,0.513738,-0.224297,0.665,0.418455,0.404476,0.058303,0.9991,0.378839,0.447988,-0.056845,0.9998,0.350017,0.41648,0.342193,0.0527,0.332332,0.4424,0.249683,0.6142,0.312802,0.383826,0.642092,0.3221,0.303115,0.395259,0.59119,0.9478,0.307212,0.36979,0.677498,0.4856,0.29304,0.377917,0.627096,0.8879,0.297775,0.440751,0.690828,0.1298,0.286879,0.418179,0.640035,0.6546
bhujangasana_zen_0059,bhujangasana,step 3,ZEN,external,right,,CC BY 4.0,data/datasets/yoga_for_all/bhujangasana/right/step_3/20230312_111317.jpg,True,1024,472,True,0.9989,0.0296,106.828,148.637,30.791,8.473,54.59,50.829,120.668,161.454,174.17,136.653,106.828,148.637,8.473,30.791,136.653,174.17,120.668,161.454,109.601,169.231,120.668,106.828,30.791,169.231,174.189,-174.189,1.995,1.542,1.487,14.069,0.9949,0.6141,0.4036,1.4698,0.460661,0.718018,-0.225853,0.9994,0.465659,0.723256,-0.279276,0.9995,0.468667,0.72303,-0.278229,0.9996,0.473028,0.723072,-0.278043,0.9994,0.454171,0.720269,-0.276115,0.9995,0.449835,0.718268,-0.27677,0.9996,0.446489,0.717162,-0.276321,0.9994,0.479809,0.705409,-0.348445,0.9996,0.438162,0.700643,-0.347726,0.9993,0.466249,0.701529,-0.234629,0.9986,0.454142,0.698887,-0.235911,0.9987,0.516364,0.621865,-0.317274,0.9995,0.406795,0.615464,-0.301077,0.9989,0.529437,0.585551,-0.165775,0.9689,0.392299,0.544087,-0.100701,0.2853,0.521262,0.725945,-0.005421,0.5163,0.425687,0.658888,0.0634,0.0553,0.530025,0.761441,-0.006788,0.5622,0.423899,0.684609,0.073723,0.0876,0.516344,0.760208,-0.014576,0.5255,0.436756,0.686525,0.065072,0.0767,0.510079,0.744804,-0.004504,0.4397,0.440441,0.676867,0.061989,0.0703,0.494,0.459106,-0.003281,0.9999,0.444259,0.456305,0.004835,0.9997,0.487587,0.455619,0.328532,0.0473,0.448569,0.447148,0.367031,0.0296,0.485946,0.381752,0.670768,0.2855,0.455878,0.384645,0.715716,0.2097,0.486079,0.355465,0.713767,0.4541,0.458126,0.365358,0.757556,0.379,0.480394,0.412388,0.795934,0.0276,0.450492,0.413903,0.817103,0.016
bhujangasana_zen_0060,bhujangasana,step 3,ZEN,external,right,,CC BY 4.0,data/datasets/yoga_for_all/bhujangasana/right/step_3/20230312_111323.jpg,True,1024,472,True,0.9978,0.1588,152.188,177.308,171.158,156.058,15.436,2.121,146.689,170.766,80.174,84.08,152.188,177.308,156.058,171.158,80.174,84.08,146.689,170.766,11.869,19.199,146.689,152.188,171.158,19.199,113.576,-113.576,9.699,54.923,36.492,4.287,0.4,0.1605,0.2343,0.4766,0.382523,0.638176,-0.006439,0.9992,0.376354,0.639739,-0.044751,0.9991,0.377196,0.640473,-0.044591,0.9991,0.377968,0.641224,-0.044263,0.999,0.37354,0.629018,-0.025013,0.9988,0.372598,0.623518,-0.026129,0.999,0.371584,0.619015,-0.024653,0.999,0.38296,0.622645,-0.151512,0.9989,0.375,0.600138,-0.071302,0.9991,0.390482,0.631524,-0.036405,0.9992,0.387953,0.615787,-0.011827,0.9993,0.442761,0.648991,-0.215818,0.9993,0.403161,0.526646,-0.005078,0.999,0.523875,0.606455,-0.22033,0.9561,0.476097,0.482261,0.076288,0.1588,0.585524,0.59535,-0.17085,0.8727,0.527868,0.498592,0.092125,0.28,0.606286,0.585432,-0.191341,0.7876,0.534442,0.491603,0.100626,0.282,0.604524,0.582242,-0.180203,0.7698,0.538663,0.497894,0.068184,0.2831,0.595782,0.580238,-0.165327,0.6937,0.538354,0.51354,0.081082,0.2653,0.573617,0.491468,-0.075093,0.998,0.537337,0.433245,0.076442,0.9978,0.644072,0.502925,0.131845,0.9814,0.61792,0.406946,0.314588,0.5915,0.717635,0.433449,0.325576,0.9626,0.690021,0.390883,0.502182,0.7214,0.729624,0.406355,0.344731,0.9258,0.699616,0.399008,0.524281,0.7819,0.736022,0.489884,0.340302,0.902,0.70459,0.463003,0.548403,0.7361
bhujangasana_zen_0061,bhujangasana,step 3,ZEN,external,right,,CC BY 4.0,data/datasets/yoga_for_all/bhujangasana/right/step_3/20230312_111330.jpg,True,1024,472,True,0.9999,0.1747,158.5,168.798,170.103,153.694,18.858,0.112,153.061,158.47,112.941,105.349,158.5,168.798,153.694,170.103,105.349,112.941,153.061,158.47,11.749,24.25,153.061,158.5,170.103,24.25,89.046,-89.046,29.646,44.827,52.638,25.13,-0.0167,0.212,0.2147,0.5501,0.244282,0.488226,0.232806,0.9999,0.236712,0.488038,0.218711,0.9999,0.235721,0.487384,0.21912,0.9999,0.234795,0.486776,0.218944,0.9999,0.238127,0.484364,0.247218,0.9999,0.238358,0.481377,0.246465,0.9999,0.238564,0.478154,0.247812,0.9999,0.232873,0.468437,0.165051,0.9998,0.23692,0.455844,0.282538,0.9999,0.24845,0.476621,0.211781,0.9999,0.25042,0.473175,0.246046,0.9999,0.235662,0.483579,0.035836,1.0,0.281783,0.384122,0.308843,0.9999,0.292096,0.522296,-0.032167,0.9894,0.355206,0.394456,0.322429,0.2431,0.354948,0.593113,-0.039984,0.8755,0.405953,0.458066,0.2754,0.1747,0.368131,0.6053,-0.051658,0.8313,0.418286,0.481758,0.289387,0.1942,0.369333,0.605189,-0.036341,0.8291,0.416533,0.50155,0.266977,0.1837,0.366296,0.599623,-0.02894,0.8023,0.412771,0.50008,0.265795,0.1881,0.363145,0.477257,-0.090935,1.0,0.39069,0.398985,0.091877,0.9999,0.47846,0.597281,-0.201276,0.9964,0.49841,0.508605,0.018758,0.9225,0.596389,0.615756,-0.361338,0.9955,0.609179,0.568202,-0.140002,0.9611,0.613107,0.58374,-0.374799,0.9962,0.630425,0.553511,-0.159916,0.9642,0.651507,0.689218,-0.383066,0.9956,0.650527,0.641924,-0.193983,0.955
bhujangasana_zen_0063,bhujangasana,step 3,ZEN,external,right,,CC BY 4.0,data/datasets/yoga_for_all/bhujangasana/right/step_3/20230312_111340(0).jpg,True,1024,472,True,0.9996,0.0784,171.031,171.783,175.861,177.697,0.171,25.795,172.707,166.215,106.539,119.121,171.031,171.783,175.861,177.697,106.539,119.121,166.215,172.707,2.162,24.571,166.215,171.783,177.697,24.571,80.924,80.924,62.57,47.772,57.181,18.334,-0.1577,0.1661,0.13,0.4661,0.700877,0.41382,0.344778,0.9969,0.702769,0.40978,0.348917,0.9931,0.702199,0.406149,0.349259,0.994,0.70176,0.402811,0.349101,0.9917,0.705019,0.418365,0.332885,0.9934,0.707545,0.419274,0.331953,0.9937,0.708779,0.421263,0.332537,0.9922,0.70373,0.403407,0.348187,0.9946,0.710123,0.42088,0.26122,0.9941,0.694898,0.407419,0.345828,0.9955,0.697945,0.415796,0.319987,0.9954,0.673453,0.324341,0.314195,0.9997,0.711599,0.415522,0.134406,0.9998,0.610296,0.359898,0.288479,0.1162,0.65726,0.484535,0.019096,0.965,0.552998,0.401943,0.251528,0.0784,0.594169,0.557442,-0.05072,0.763,0.534047,0.434676,0.256127,0.0963,0.573775,0.571312,-0.051471,0.7124,0.534422,0.443425,0.241236,0.0936,0.57164,0.568166,-0.037006,0.7066,0.540229,0.439681,0.245698,0.0933,0.577971,0.560358,-0.042019,0.6745,0.564372,0.385002,0.067006,0.9996,0.580189,0.438208,-0.066248,0.9996,0.459275,0.475601,0.000157,0.8935,0.468446,0.518543,-0.136246,0.9916,0.344752,0.531598,-0.103802,0.8911,0.348442,0.564999,-0.265236,0.9906,0.326638,0.52571,-0.120995,0.9103,0.330235,0.549931,-0.273587,0.9833,0.2925,0.596951,-0.167205,0.8508,0.291477,0.616999,-0.31589,0.9711
bhujangasana_zen_0064,bhujangasana,step 3,ZEN,external,right,,CC BY 4.0,data/datasets/yoga_for_all/bhujangasana/right/step_3/20230312_111344(0).jpg,True,1024,472,True,0.999,0.1875,165.854,166.108,83.939,179.772,22.531,16.087,170.994,169.954,158.313,96.776,165.854,166.108,83.939,179.772,96.776,158.313,169.954,170.994,15.978,67.088,169.954,166.108,179.772,15.978,94.058,94.058,11.899,88.625,85.086,0.844,0.0708,0.1414,0.1261,0.4841,0.651334,0.497569,0.008967,0.9995,0.661215,0.490589,-0.005109,0.9992,0.661618,0.48608,-0.004395,0.9993,0.661958,0.481121,-0.00445,0.9992,0.66114,0.499485,-0.025727,0.9992,0.661392,0.501327,-0.026282,0.9991,0.661595,0.503287,-0.02533,0.999,0.660452,0.461731,-0.009134,0.9994,0.660333,0.499235,-0.119973,0.9993,0.645134,0.488345,0.016809,0.9995,0.644977,0.497808,-0.014986,0.9996,0.613652,0.371144,0.070118,0.9996,0.611887,0.530737,-0.195945,0.9998,0.571987,0.410931,0.162417,0.282,0.525257,0.553431,-0.19306,0.98,0.592279,0.487744,0.266938,0.1875,0.44626,0.573434,-0.118801,0.8328,0.600222,0.492567,0.292236,0.1715,0.425025,0.572096,-0.123368,0.7626,0.606339,0.508711,0.283094,0.1618,0.425503,0.569178,-0.119173,0.7404,0.601772,0.513312,0.268033,0.158,0.432781,0.565981,-0.113846,0.6761,0.463096,0.378133,0.086267,0.999,0.459175,0.477068,-0.08488,0.9993,0.369482,0.414792,0.195318,0.7107,0.355894,0.480369,0.020837,0.97,0.280405,0.401567,0.315067,0.8778,0.270843,0.437606,0.147389,0.9822,0.266207,0.384989,0.321446,0.874,0.257783,0.417967,0.159258,0.9412,0.270461,0.436786,0.310354,0.8724,0.239592,0.473775,0.143923,0.9529
bhujangasana_zen_0065,bhujangasana,step 3,ZEN,external,right,,CC BY 4.0,data/datasets/yoga_for_all/bhujangasana/right/step_3/20230312_111348(0).jpg,True,1024,472,True,0.99,0.0675,178.741,170.841,59.725,155.092,8.456,30.669,174.545,179.324,136.016,57.585,170.841,178.741,59.725,155.092,57.585,136.016,174.545,179.324,21.48,74.111,179.324,170.841,155.092,21.48,130.082,130.082,25.157,28.075,23.694,33.551,0.6439,0.4872,0.1773,0.9155,0.537676,0.60078,-0.220744,0.9982,0.546158,0.609438,-0.256533,0.9978,0.550297,0.602884,-0.255184,0.9974,0.548314,0.587661,-0.25545,0.9962,0.539577,0.617737,-0.262477,0.9986,0.53803,0.619043,-0.262941,0.9988,0.535603,0.622596,-0.261949,0.9986,0.549724,0.562106,-0.300094,0.9963,0.528155,0.603998,-0.346305,0.999,0.536745,0.581165,-0.220108,0.9985,0.525348,0.589956,-0.234355,0.9992,0.561359,0.442084,-0.248214,0.99,0.477267,0.539394,-0.336635,0.9986,0.536919,0.402775,-0.106234,0.3566,0.418396,0.484586,-0.245308,0.8304,0.531526,0.509142,0.069379,0.0675,0.39319,0.423569,-0.154916,0.7733,0.537867,0.523714,0.092729,0.1263,0.383159,0.405734,-0.168913,0.8065,0.530753,0.536065,0.076751,0.1205,0.385728,0.401136,-0.182581,0.7747,0.52449,0.530962,0.071506,0.096,0.390249,0.409399,-0.159038,0.7505,0.4606,0.325385,0.022823,0.9983,0.418724,0.365255,-0.021283,0.9991,0.42374,0.272354,0.303324,0.3563,0.396548,0.297633,0.261722,0.4876,0.386067,0.2207,0.572954,0.6534,0.369379,0.237837,0.552208,0.9173,0.378119,0.197629,0.602049,0.8054,0.363409,0.219717,0.583582,0.9441,0.394753,0.24714,0.664965,0.1345,0.374406,0.267037,0.626554,0.3879
bhujangasana_zen_0066,bhujangasana,step 3,ZEN,external,right,,CC BY 4.0,data/datasets/yoga_for_all/bhujangasana/right/step_3/20230312_111352.jpg,True,1024,472,True,0.9984,0.0994,151.286,171.528,161.685,24.877,17.064,19.825,164.445,179.06,5.716,31.055,151.286,171.528,24.877,161.685,5.716,31.055,164.445,179.06,10.582,14.198,179.06,171.528,161.685,10.582,179.128,-179.128,1.534,2.355,2.308,58.148,0.9999,0.5793,0.2654,1.1125,0.46277,0.766661,-0.201906,0.9999,0.467621,0.782263,-0.249483,0.9999,0.472531,0.779249,-0.248563,0.9999,0.477948,0.77735,-0.248292,0.9999,0.456029,0.781745,-0.255716,0.9999,0.452622,0.779087,-0.2567,0.9999,0.448679,0.777747,-0.256412,0.9998,0.487673,0.753878,-0.331863,1.0,0.440576,0.751389,-0.371728,0.9999,0.471401,0.736532,-0.2191,0.9999,0.458494,0.736149,-0.23075,0.9999,0.529209,0.61947,-0.31107,0.9998,0.403981,0.630641,-0.331192,0.9984,0.530454,0.417589,-0.21498,0.823,0.400779,0.496627,-0.173002,0.4664,0.515005,0.311611,-0.08579,0.3669,0.419658,0.574163,0.022502,0.0994,0.514762,0.288194,-0.078556,0.4408,0.419585,0.594113,0.046935,0.1441,0.508954,0.284773,-0.075304,0.41,0.437993,0.605989,0.044335,0.1371,0.505865,0.294002,-0.082995,0.3396,0.441691,0.596614,0.022783,0.1241,0.497368,0.383201,0.009005,0.9997,0.439252,0.378119,-0.007269,0.9991,0.484933,0.339778,0.38127,0.2481,0.445203,0.337899,0.37039,0.4439,0.482367,0.238234,0.705961,0.837,0.452501,0.241483,0.702833,0.7423,0.48199,0.205139,0.745418,0.8897,0.452175,0.213827,0.741145,0.8428,0.474381,0.304135,0.82335,0.2554,0.456064,0.274065,0.809296,0.1316
bhujangasana_zen_0067,bhujangasana,step 3,ZEN,external,right,,CC BY 4.0,data/datasets/yoga_for_all/bhujangasana/right/step_3/20230312_111357(0).jpg,True,1024,472,True,0.9961,0.0813,172.083,176.273,177.748,112.605,18.03,11.009,174.977,179.157,83.25,112.692,172.083,176.273,112.605,177.748,83.25,112.692,174.977,179.157,17.066,29.46,174.977,172.083,177.748,17.066,105.439,-105.439,7.574,71.657,63.16,7.611,0.2662,0.1644,0.1509,0.6328,0.327492,0.686782,-0.047593,0.9983,0.320328,0.694223,-0.084013,0.9984,0.321324,0.698392,-0.083982,0.9982,0.32253,0.702369,-0.08389,0.9983,0.318188,0.68201,-0.068912,0.9969,0.31767,0.676904,-0.070099,0.9961,0.316995,0.670096,-0.068914,0.9966,0.326969,0.700186,-0.179202,0.9979,0.319218,0.651965,-0.121958,0.9977,0.336168,0.685991,-0.073651,0.9986,0.334499,0.672268,-0.057075,0.9984,0.383649,0.730518,-0.244186,0.9996,0.354113,0.537249,-0.056636,0.9961,0.470683,0.711381,-0.26367,0.9226,0.405378,0.545497,0.074589,0.0866,0.535404,0.691549,-0.196502,0.8019,0.412176,0.589921,0.179305,0.0813,0.553379,0.684773,-0.205928,0.7027,0.41133,0.595247,0.195677,0.1112,0.552281,0.679772,-0.204301,0.7011,0.410422,0.621777,0.17194,0.1134,0.545433,0.678859,-0.195723,0.6633,0.414347,0.624182,0.173904,0.1094,0.523199,0.596883,-0.078326,0.9994,0.500499,0.499559,0.079654,0.9963,0.594413,0.544306,0.1389,0.9339,0.567805,0.480047,0.297581,0.4589,0.659173,0.47361,0.320677,0.9513,0.639977,0.448652,0.49138,0.5913,0.668897,0.445531,0.338708,0.9511,0.649645,0.431339,0.511588,0.6374,0.670875,0.524375,0.353983,0.8771,0.645865,0.496967,0.536526,0.5631
bhujangasana_zen_0068,bhujangasana,step 3,ZEN,external,right,,CC BY 4.0,data/datasets/yoga_for_all/bhujangasana/right/step_3/20230312_111402(0).jpg,True,1024,678,True,0.9997,0.0808,162.608,169.879,178.318,151.62,24.089,2.262,162.79,168.036,116.675,119.372,162.608,169.879,151.62,178.318,116.675,119.372,162.79,168.036,17.192,23.242,162.79,162.608,178.318,23.242,82.503,-82.503,20.257,51.873,59.293,20.643,-0.1305,0.0144,0.1229,0.5455,0.205957,0.537699,0.315098,0.9981,0.200103,0.521029,0.296166,0.9962,0.199249,0.522277,0.296381,0.9963,0.197619,0.523931,0.296489,0.9957,0.200334,0.516265,0.318455,0.9958,0.199776,0.514585,0.317635,0.9956,0.198468,0.513444,0.318733,0.9963,0.19603,0.527744,0.209296,0.995,0.200759,0.498694,0.297769,0.9971,0.209975,0.526169,0.284838,0.9965,0.211667,0.520966,0.309704,0.9973,0.190939,0.596739,0.073801,0.9998,0.25673,0.470137,0.291689,0.9997,0.285562,0.671205,0.02405,0.9683,0.346921,0.505218,0.323057,0.1873,0.3829,0.7424,0.068794,0.7571,0.422585,0.611123,0.325845,0.0808,0.41045,0.759608,0.072256,0.6648,0.439622,0.626298,0.351123,0.0812,0.412236,0.754257,0.081999,0.6492,0.437313,0.643352,0.333562,0.08,0.403887,0.747649,0.078097,0.5917,0.424484,0.636401,0.321819,0.0924,0.400276,0.615709,-0.068301,0.9998,0.434706,0.528154,0.069406,0.9997,0.573493,0.714268,-0.124347,0.9904,0.598206,0.638842,-0.00855,0.8823,0.74688,0.729145,-0.238762,0.9748,0.761582,0.700469,-0.115315,0.895,0.767197,0.707466,-0.252879,0.9745,0.788558,0.682471,-0.12737,0.906,0.807198,0.812042,-0.282043,0.9553,0.809333,0.795083,-0.169605,0.8665
bhujangasana_zen_0069,bhujangasana,step 3,ZEN,external,right,,CC BY 4.0,data/datasets/yoga_for_all/bhujangasana/right/step_3/20230312_111407(0).jpg,True,1024,745,True,0.9994,0.2465,171.587,176.156,164.372,154.767,39.989,39.236,155.102,178.218,169.462,162.034,171.587,176.156,154.767,164.372,162.034,169.462,155.102,178.218,26.195,31.963,178.218,171.587,154.767,26.195,7.37,-7.37,11.042,5.943,15.184,83.553,-0.9917,-0.1398,0.2745,1.1188,0.397702,0.2437,0.718849,0.9367,0.390443,0.23914,0.70899,0.8985,0.387463,0.240054,0.709052,0.9001,0.383934,0.240636,0.709451,0.9168,0.400401,0.235793,0.716427,0.9033,0.402012,0.234809,0.715545,0.8903,0.406997,0.233339,0.715618,0.9054,0.379273,0.245029,0.61883,0.9058,0.41056,0.235625,0.626824,0.8998,0.392514,0.250197,0.680467,0.9073,0.401622,0.246775,0.681965,0.857,0.348228,0.269027,0.47289,0.9997,0.451914,0.254191,0.474765,0.9998,0.327471,0.353977,0.406487,0.5481,0.48685,0.334087,0.41629,0.6183,0.323947,0.448426,0.414505,0.2465,0.49414,0.433181,0.380144,0.339,0.316478,0.46742,0.427541,0.2185,0.503225,0.459163,0.403432,0.3918,0.325649,0.465293,0.445293,0.2118,0.49171,0.463049,0.424064,0.341,0.328961,0.456785,0.421984,0.1965,0.487195,0.453569,0.397196,0.2864,0.385224,0.398618,0.011466,0.9997,0.438821,0.378624,-0.010551,0.9994,0.37897,0.540253,-0.122141,0.865,0.425373,0.542214,-0.149153,0.9339,0.392753,0.75943,-0.416011,0.732,0.418268,0.757056,-0.441057,0.6506,0.39481,0.789133,-0.453648,0.8615,0.420781,0.801498,-0.469343,0.9662,0.384083,0.811594,-0.50684,0.6247,0.423592,0.832138,-0.562231,0.5764
bhujangasana_zen_0070,bhujangasana,step 3,ZEN,external,right,,CC BY 4.0,data/datasets/yoga_for_all/bhujangasana/right/step_3/20230312_111411.jpg,True,1024,562,True,0.9996,0.1391,172.949,170.17,174.408,168.839,10.505,30.327,172.746,167.489,129.909,137.385,170.17,172.949,168.839,174.408,129.909,137.385,167.489,172.746,7.768,24.224,167.489,170.17,168.839,24.224,62.717,62.717,38.44,35.858,47.44,35.672,-0.4584,0.0657,0.1956,0.5857,0.688429,0.284841,0.471999,0.9985,0.689085,0.277966,0.469503,0.9966,0.686471,0.272433,0.469526,0.9966,0.684526,0.268725,0.469476,0.9954,0.695541,0.283891,0.459677,0.9971,0.698749,0.284253,0.458759,0.997,0.701192,0.284757,0.459205,0.9968,0.680252,0.266059,0.431845,0.9971,0.701348,0.286222,0.371541,0.9981,0.681793,0.282692,0.457673,0.998,0.688694,0.288763,0.438605,0.9984,0.645105,0.231872,0.356374,0.9996,0.70327,0.30847,0.245517,0.9999,0.589565,0.325076,0.329036,0.1391,0.664383,0.404182,0.203144,0.9663,0.531786,0.404564,0.309001,0.1468,0.60612,0.500869,0.239822,0.6798,0.516441,0.424735,0.318226,0.1633,0.589705,0.530858,0.254135,0.6047,0.518161,0.416544,0.314678,0.159,0.584756,0.519847,0.256704,0.5995,0.52512,0.423545,0.309474,0.1607,0.589024,0.510008,0.247432,0.5805,0.549541,0.341273,0.042168,0.9998,0.581029,0.403752,-0.041312,0.9997,0.450804,0.489026,0.008463,0.9558,0.465415,0.554968,-0.101712,0.9934,0.337509,0.619751,-0.143188,0.9528,0.344994,0.661236,-0.265434,0.9886,0.319011,0.633179,-0.164587,0.9631,0.330797,0.655324,-0.276485,0.9829,0.293354,0.703832,-0.198052,0.8996,0.29533,0.723457,-0.312747,0.9503
bhujangasana_zen_0071,bhujangasana,step 3,ZEN,external,right,,CC BY 4.0,data/datasets/yoga_for_all/bhujangasana/right/step_3/20230312_111416(0).jpg,True,1024,472,True,0.998,0.2371,171.046,168.193,79.266,173.992,26.869,20.268,175.513,167.886,175.26,92.548,168.193,171.046,79.266,173.992,92.548,175.26,167.886,175.513,17.515,86.467,167.886,168.193,173.992,17.515,98.217,98.217,3.717,84.32,79.308,2.852,0.1429,0.0909,0.1778,0.556,0.58356,0.591483,0.07922,0.9992,0.591926,0.582371,0.050593,0.9986,0.592065,0.576744,0.051244,0.9987,0.592137,0.570994,0.050953,0.9984,0.591966,0.596257,0.041187,0.9988,0.592093,0.599895,0.040775,0.9987,0.592118,0.603509,0.041567,0.9984,0.589095,0.559546,-0.014078,0.9989,0.589166,0.607514,-0.070536,0.9991,0.577261,0.583665,0.065798,0.9991,0.57707,0.597166,0.050363,0.9994,0.551464,0.48251,0.043449,0.9987,0.543943,0.646557,-0.141106,0.9996,0.525233,0.50985,0.128394,0.4135,0.464327,0.662587,-0.119588,0.9583,0.547872,0.576482,0.256386,0.2371,0.396645,0.660779,-0.053189,0.7753,0.555638,0.579383,0.282025,0.2081,0.374565,0.655779,-0.054698,0.711,0.560214,0.594991,0.273438,0.1982,0.375661,0.655439,-0.054991,0.6765,0.555165,0.600087,0.259413,0.188,0.382863,0.653893,-0.050476,0.6214,0.416432,0.476334,0.063822,0.998,0.408456,0.567981,-0.06247,0.9981,0.323141,0.487931,0.140527,0.4135,0.306934,0.557007,0.017806,0.7613,0.23825,0.469631,0.243056,0.4988,0.221974,0.508792,0.110646,0.8267,0.224816,0.456218,0.247637,0.5881,0.205127,0.486516,0.119206,0.7757,0.221522,0.507672,0.237159,0.4805,0.201313,0.554261,0.093836,0.608
bhujangasana_zen_0072,bhujangasana,step 3,ZEN,external,right,,CC BY 4.0,data/datasets/yoga_for_all/bhujangasana/right/step_3/20230312_111419(2).jpg,True,1024,472,True,0.9956,0.1883,175.952,177.974,58.98,167.527,3.93,23.627,177.765,175.041,146.139,62.37,175.952,177.974,58.98,167.527,62.37,146.139,175.041,177.765,19.213,77.98,175.041,177.974,167.527,19.213,124.144,124.144,5.858,46.204,40.455,24.076,0.5613,0.3483,0.1879,0.8603,0.490174,0.699719,-0.158512,0.9996,0.498851,0.697927,-0.199641,0.9994,0.501465,0.690986,-0.198454,0.9993,0.503087,0.68488,-0.198711,0.999,0.492586,0.708556,-0.199651,0.9996,0.490423,0.710778,-0.200272,0.9996,0.48781,0.714666,-0.19915,0.9996,0.499598,0.651528,-0.263322,0.999,0.477233,0.708109,-0.280361,0.9997,0.483231,0.677661,-0.166671,0.9993,0.477421,0.690579,-0.171784,0.9996,0.485637,0.532739,-0.200069,0.9956,0.416072,0.690139,-0.296023,0.9994,0.44952,0.507415,-0.071029,0.4154,0.347518,0.626344,-0.210463,0.9316,0.460844,0.612904,0.092476,0.1883,0.314268,0.57453,-0.105526,0.784,0.469759,0.624073,0.11745,0.2564,0.301174,0.552572,-0.10402,0.7925,0.464873,0.644811,0.10903,0.2349,0.303342,0.551054,-0.11477,0.7623,0.457955,0.642858,0.097538,0.1998,0.307864,0.557599,-0.106767,0.7385,0.372815,0.434637,0.023597,0.9991,0.335489,0.503691,-0.022297,0.9995,0.322055,0.385432,0.27852,0.5299,0.294206,0.423376,0.248559,0.7288,0.274141,0.329872,0.527531,0.7938,0.25463,0.351691,0.491968,0.9443,0.263113,0.306731,0.553071,0.87,0.245775,0.331066,0.519586,0.9555,0.282156,0.346376,0.613133,0.4269,0.249865,0.360922,0.564083,0.6404
bhujangasana_zen_0073,bhujangasana,step 1,ZEN,external,wrong,Head,CC BY 4.0,data/datasets/yoga_for_all/bhujangasana/wrong/step_1-_Head/20230312_111536(0).jpg,True,1024,508,True,0.9995,0.0626,170.169,168.293,172.718,162.316,20.326,3.479,160.393,179.154,100.818,101.089,168.293,170.169,162.316,172.718,100.818,101.089,160.393,179.154,11.482,16.671,160.393,170.169,172.718,16.671,93.26,-93.26,21.256,73.444,83.4,0.453,0.0569,0.129,0.7442,0.4767,0.242285,0.598521,0.190988,0.9998,0.235152,0.601699,0.163146,0.9998,0.234467,0.606359,0.163587,0.9997,0.23355,0.611209,0.163603,0.9998,0.236177,0.586784,0.189822,0.9996,0.236443,0.581372,0.189296,0.9996,0.236244,0.572142,0.190207,0.9997,0.234249,0.607793,0.046995,0.9995,0.238982,0.556646,0.152083,0.9996,0.246937,0.60123,0.151751,0.9996,0.248406,0.584396,0.182453,0.9996,0.255495,0.63266,-0.066653,0.9999,0.278628,0.475803,0.168961,0.9995,0.338753,0.67598,-0.118537,0.9548,0.365982,0.485294,0.177144,0.0909,0.424728,0.697847,-0.096183,0.7112,0.433706,0.537067,0.151154,0.0626,0.448392,0.703004,-0.101713,0.6345,0.448003,0.545685,0.171845,0.0699,0.450741,0.699422,-0.089859,0.6135,0.448254,0.546887,0.148126,0.0673,0.44135,0.694171,-0.087068,0.561,0.442746,0.563362,0.141565,0.071,0.433565,0.595864,-0.074959,1.0,0.440585,0.473561,0.076203,0.9999,0.556229,0.656389,0.032161,0.9915,0.530842,0.474998,0.24417,0.7328,0.678858,0.67334,-0.080986,0.9967,0.636402,0.432657,0.154254,0.9453,0.691444,0.660403,-0.091682,0.996,0.648517,0.418929,0.146503,0.9445,0.708302,0.730257,-0.097638,0.9905,0.664912,0.463775,0.153068,0.9275
bhujangasana_zen_0074,bhujangasana,step 1,ZEN,external,wrong,Head,CC BY 4.0,data/datasets/yoga_for_all/bhujangasana/wrong/step_1-_Head/20230312_111536(1).jpg,True,1024,622,True,0.9997,0.0982,168.67,166.054,172.109,165.465,22.762,3.233,157.039,179.423,105.925,105.883,166.054,168.67,165.465,172.109,105.883,105.925,157.039,179.423,9.606,18.74,157.039,168.67,172.109,18.74,88.636,-88.636,2.016,64.214,76.075,6.854,-0.0238,0.0387,0.8321,0.602,0.181674,0.50061,0.259438,0.9999,0.175214,0.503281,0.240607,0.9998,0.174095,0.509178,0.241039,0.9998,0.172819,0.51552,0.241061,0.9998,0.178205,0.482914,0.260927,0.9997,0.179234,0.476129,0.260415,0.9997,0.17996,0.46986,0.261198,0.9998,0.174275,0.520791,0.152641,0.9995,0.186425,0.458642,0.227481,0.9997,0.188483,0.508664,0.228978,0.9997,0.192714,0.485669,0.24979,0.9997,0.194669,0.570401,0.023249,0.9999,0.242443,0.407602,0.245549,0.9997,0.284449,0.624043,-0.024739,0.8374,0.336798,0.433624,0.239802,0.1404,0.381557,0.658188,-0.019061,0.5468,0.405114,0.483804,0.224943,0.0982,0.404417,0.665729,-0.021149,0.5098,0.425439,0.488434,0.252619,0.108,0.410417,0.661271,-0.007729,0.491,0.422885,0.511923,0.232366,0.1064,0.400803,0.654902,-0.008012,0.4578,0.411032,0.516529,0.21957,0.1155,0.392172,0.554413,-0.070239,1.0,0.40972,0.437894,0.071513,0.9999,0.53846,0.642763,-0.033014,0.9974,0.528947,0.461487,0.147632,0.902,0.687529,0.680824,-0.265526,0.9988,0.666145,0.433384,-0.064932,0.969,0.70676,0.658063,-0.28981,0.998,0.68764,0.427739,-0.085391,0.9676,0.746009,0.75146,-0.305086,0.9974,0.707474,0.483593,-0.088083,0.9696
bhujangasana_zen_0075,bhujangasana,step 1,ZEN,external,wrong,Head,CC BY 4.0,data/datasets/yoga_for_all/bhujangasana/wrong/step_1-_Head/20230312_111537.jpg,True,1024,631,True,0.9995,0.1338,167.327,163.487,171.909,160.689,25.999,3.087,151.997,177.696,111.617,110.569,163.487,167.327,160.689,171.909,110.569,111.617,151.997,177.696,11.5,21.795,151.997,167.327,171.909,21.795,85.983,-85.983,2.623,56.106,67.203,11.373,-0.0701,-0.0034,0.9871,0.6478,0.153012,0.484654,0.302764,0.9997,0.145645,0.48861,0.288658,0.9996,0.143809,0.494027,0.28912,0.9996,0.14159,0.499977,0.289084,0.9996,0.149653,0.474757,0.306714,0.9994,0.151158,0.465146,0.30594,0.9994,0.152234,0.458999,0.306974,0.9994,0.142193,0.509829,0.203037,0.999,0.159708,0.452951,0.266077,0.9993,0.158266,0.492453,0.271038,0.9995,0.163353,0.4759,0.288345,0.9995,0.142109,0.560854,0.07208,0.9999,0.204414,0.410356,0.267169,0.9995,0.223334,0.624635,0.035405,0.8466,0.302933,0.444795,0.263766,0.1828,0.316308,0.672876,0.071203,0.5652,0.369444,0.510856,0.261785,0.1338,0.339095,0.685067,0.081983,0.5395,0.388386,0.520379,0.295486,0.1486,0.34385,0.680394,0.089156,0.5219,0.384396,0.541972,0.282134,0.1484,0.338268,0.668818,0.083087,0.4848,0.390672,0.54436,0.260418,0.1639,0.331146,0.559902,-0.058452,1.0,0.359475,0.450522,0.059365,1.0,0.474604,0.682778,-0.057866,0.9978,0.487635,0.492356,0.108836,0.9507,0.624126,0.748486,-0.352352,0.9989,0.625572,0.472221,-0.183285,0.9835,0.641023,0.732263,-0.38313,0.9985,0.639974,0.470393,-0.211632,0.9866,0.680174,0.819433,-0.40288,0.9979,0.670758,0.526469,-0.21541,0.981
bhujangasana_zen_0076,bhujangasana,step 1,ZEN,external,wrong,Head,CC BY 4.0,data/datasets/yoga_for_all/bhujangasana/wrong/step_1-_Head/20230312_111547.jpg,True,1024,472,True,0.9963,0.0344,173.288,170.974,171.399,167.253,12.076,27.189,169.836,159.394,120.111,114.265,170.974,173.288,167.253,171.399,114.265,120.111,159.394,169.836,16.222,20.459,159.394,170.974,167.253,20.459,81.561,81.561,0.852,62.779,78.954,3.724,-0.1468,-0.0017,0.9291,0.5556,0.627796,0.510764,0.228417,0.9966,0.632234,0.496847,0.216429,0.9942,0.631489,0.491727,0.216463,0.9926,0.63086,0.486435,0.216442,0.9935,0.635221,0.51087,0.199973,0.9947,0.636327,0.514902,0.199567,0.9933,0.637586,0.518435,0.199783,0.9947,0.629181,0.481235,0.177372,0.9918,0.638044,0.524688,0.092344,0.9926,0.621622,0.505713,0.219996,0.994,0.625272,0.522122,0.195118,0.9952,0.588126,0.440434,0.205094,0.9963,0.621708,0.582074,-0.043629,0.9997,0.537974,0.493418,0.204803,0.0546,0.567529,0.652684,-0.098231,0.9668,0.49522,0.557323,0.211136,0.0344,0.500434,0.700677,-0.057888,0.6818,0.484851,0.566479,0.217497,0.0451,0.481212,0.719814,-0.054203,0.5853,0.488969,0.579293,0.210761,0.0423,0.480682,0.705208,-0.040703,0.5658,0.493269,0.579395,0.208798,0.0407,0.486563,0.694819,-0.049083,0.5167,0.469752,0.503932,0.084832,0.9977,0.478641,0.602722,-0.083444,0.9989,0.375549,0.517234,0.134253,0.8307,0.373987,0.70577,-0.078703,0.9704,0.274074,0.505743,0.10772,0.9223,0.26426,0.771273,-0.147497,0.9759,0.259788,0.49656,0.100259,0.9403,0.250598,0.75271,-0.147956,0.9554,0.249694,0.528179,0.087722,0.8021,0.239212,0.842256,-0.183113,0.8875
bhujangasana_zen_0077,bhujangasana,step 1,ZEN,external,wrong,Head,CC BY 4.0,data/datasets/yoga_for_all/bhujangasana/wrong/step_1-_Head/20230312_111548(1).jpg,True,1024,472,True,0.9989,0.1849,177.161,166.151,98.396,165.405,60.958,23.457,165.446,155.706,150.914,98.06,166.151,177.161,98.396,165.405,98.06,150.914,155.706,165.446,17.122,115.281,155.706,166.151,165.405,17.122,92.881,92.881,5.222,88.571,81.368,10.749,0.0503,0.0101,0.9453,0.5798,0.600708,0.625039,0.064548,0.9997,0.607539,0.611366,0.02652,0.9992,0.60716,0.605599,0.027269,0.9992,0.60679,0.599748,0.026652,0.999,0.608513,0.627451,0.027609,0.9995,0.608758,0.631723,0.027894,0.9995,0.608994,0.636438,0.028354,0.9995,0.600697,0.590976,-0.071948,0.9992,0.604093,0.644349,-0.083208,0.9996,0.592182,0.617999,0.037881,0.9994,0.59301,0.634948,0.035849,0.9997,0.553822,0.530834,0.002206,0.9989,0.555916,0.712923,-0.173208,1.0,0.543572,0.578011,0.114129,0.1899,0.474491,0.758264,-0.159926,0.9269,0.579047,0.62921,0.305165,0.1849,0.409921,0.757776,-0.121951,0.8269,0.587906,0.626532,0.334996,0.1663,0.387615,0.765071,-0.129521,0.7939,0.594905,0.633308,0.328391,0.1538,0.390201,0.755346,-0.140342,0.7694,0.586773,0.652559,0.308375,0.1481,0.397237,0.749141,-0.125597,0.7157,0.414101,0.550991,0.075895,0.9991,0.40639,0.661188,-0.074178,0.9998,0.344349,0.522263,0.299162,0.3272,0.301937,0.722895,-0.007879,0.9606,0.273169,0.484937,0.504396,0.5865,0.19485,0.728505,0.034612,0.986,0.257619,0.466472,0.516108,0.6378,0.18269,0.701225,0.039065,0.9764,0.275219,0.507163,0.544584,0.5726,0.173138,0.764193,0.012187,0.938
bhujangasana_zen_0078,bhujangasana,step 1,ZEN,external,wrong,Head,CC BY 4.0,data/datasets/yoga_for_all/bhujangasana/wrong/step_1-_Head/20230312_111548.jpg,True,1024,472,True,0.9956,0.0413,175.55,167.468,159.177,171.579,12.206,21.387,170.011,158.208,114.539,100.643,167.468,175.55,159.177,171.579,100.643,114.539,158.208,170.011,17.53,19.732,158.208,167.468,171.579,17.53,91.374,91.374,0.211,79.271,88.999,5.181,0.024,0.0416,0.8201,0.5601,0.635311,0.567577,0.121912,0.998,0.642087,0.55502,0.09699,0.9954,0.641866,0.549447,0.097281,0.9948,0.641584,0.544121,0.097215,0.9937,0.643032,0.567432,0.084961,0.9968,0.643346,0.57069,0.084627,0.9968,0.643651,0.57375,0.085009,0.9968,0.636634,0.53377,0.034014,0.9933,0.640721,0.579577,-0.031247,0.9978,0.627559,0.560242,0.107089,0.9955,0.628455,0.575232,0.089163,0.9975,0.590166,0.470793,0.09438,0.9956,0.604849,0.638928,-0.132909,0.9998,0.525435,0.513763,0.113001,0.0413,0.527663,0.682234,-0.130326,0.9414,0.494991,0.565063,0.142363,0.0539,0.460647,0.697719,-0.052788,0.7735,0.486826,0.569381,0.14927,0.0763,0.440396,0.705793,-0.05743,0.7068,0.491352,0.582458,0.142034,0.0714,0.441793,0.694264,-0.050068,0.6773,0.493775,0.587327,0.140099,0.0657,0.449221,0.685721,-0.047848,0.6264,0.457139,0.495066,0.088263,0.9958,0.456294,0.600001,-0.086774,0.9992,0.376569,0.479216,0.221414,0.5706,0.347755,0.662677,-0.053448,0.9595,0.290598,0.447564,0.341752,0.8048,0.239623,0.6724,-0.00486,0.9764,0.275279,0.435725,0.348629,0.8452,0.224842,0.648388,0.001933,0.9547,0.284629,0.470328,0.35876,0.7126,0.216301,0.709918,-0.030499,0.8987
bhujangasana_zen_0079,bhujangasana,step 1,ZEN,external,wrong,Head,CC BY 4.0,data/datasets/yoga_for_all/bhujangasana/wrong/step_1-_Head/20230312_111549.jpg,True,1024,472,True,0.9977,0.2313,179.458,168.584,77.196,161.597,40.691,23.965,164.115,158.717,159.889,90.861,168.584,179.458,77.196,161.597,90.861,159.889,158.717,164.115,16.092,111.572,158.717,168.584,161.597,16.092,98.434,98.434,6.508,81.875,78.245,6.053,0.1467,0.0199,0.8858,0.6285,0.587625,0.629016,0.036966,0.9996,0.596138,0.622321,-0.002511,0.9991,0.596276,0.616222,-0.0017,0.999,0.596473,0.605912,-0.002151,0.9987,0.595275,0.640451,-0.001298,0.9994,0.594989,0.644337,-0.001364,0.9994,0.594587,0.650194,-0.000631,0.9993,0.590925,0.597912,-0.094387,0.999,0.58994,0.65501,-0.105164,0.9996,0.580049,0.622813,0.014032,0.9994,0.579561,0.639666,0.011915,0.9996,0.549446,0.52912,-0.026222,0.9977,0.537088,0.716923,-0.17213,0.9998,0.52693,0.569003,0.080825,0.2879,0.455822,0.744011,-0.131448,0.9208,0.567878,0.638325,0.264212,0.2313,0.395061,0.721554,-0.057976,0.7556,0.580195,0.640061,0.297434,0.207,0.375604,0.722851,-0.054028,0.7273,0.584017,0.646217,0.292736,0.1908,0.377878,0.713657,-0.064473,0.6972,0.575451,0.663433,0.270454,0.1875,0.384465,0.709824,-0.058401,0.6583,0.411142,0.521469,0.057729,0.9995,0.400154,0.636039,-0.056295,0.9998,0.351641,0.481149,0.256731,0.5088,0.301161,0.658812,0.103824,0.9413,0.287807,0.436453,0.455856,0.617,0.207805,0.639798,0.221049,0.9819,0.278473,0.425975,0.472567,0.734,0.192941,0.630183,0.233773,0.9774,0.291718,0.450495,0.502325,0.5226,0.198571,0.662699,0.21936,0.8963
bhujangasana_zen_0080,bhujangasana,step 1,ZEN,external,wrong,Head,CC BY 4.0,data/datasets/yoga_for_all/bhujangasana/wrong/step_1-_Head/20230312_111550(1).jpg,True,1024,580,True,0.9934,0.1618,166.127,165.474,50.742,157.953,2.564,27.316,164.012,148.783,159.319,58.779,165.474,166.127,50.742,157.953,58.779,159.319,148.783,164.012,18.934,96.932,148.783,165.474,157.953,18.934,128.798,128.798,2.668,47.156,45.473,18.937,0.6266,0.3423,0.938,0.8251,0.5508,0.777721,-0.109939,0.9995,0.557064,0.772839,-0.152638,0.9993,0.559639,0.766319,-0.151515,0.9992,0.561467,0.760715,-0.151948,0.9989,0.549132,0.784159,-0.147117,0.9995,0.546069,0.786626,-0.147251,0.9996,0.54265,0.789886,-0.146439,0.9996,0.55546,0.728247,-0.235639,0.999,0.524712,0.783173,-0.227238,0.9997,0.537917,0.739716,-0.128409,0.9993,0.535535,0.777636,-0.125116,0.9996,0.529269,0.609158,-0.180001,0.9934,0.446193,0.767306,-0.262598,0.9995,0.502599,0.581778,-0.070931,0.5194,0.363183,0.705583,-0.188634,0.9332,0.512273,0.688645,0.07832,0.1618,0.323803,0.636334,-0.098954,0.7753,0.520397,0.699915,0.099952,0.1889,0.30663,0.620683,-0.099687,0.7529,0.51322,0.720659,0.090174,0.171,0.310216,0.617709,-0.11248,0.7168,0.505656,0.719915,0.080769,0.158,0.318618,0.621993,-0.103872,0.6965,0.394491,0.484689,0.035451,0.9985,0.350192,0.564202,-0.033541,0.9996,0.365807,0.436461,0.304247,0.3968,0.273955,0.518021,0.195234,0.826,0.32861,0.333478,0.567408,0.7037,0.201924,0.433966,0.41859,0.9657,0.321699,0.306849,0.591702,0.756,0.192186,0.413238,0.4442,0.9695,0.337001,0.350329,0.659304,0.3252,0.183687,0.465019,0.471076,0.7054
bhujangasana_zen_0081,bhujangasana,step 1,ZEN,external,wrong,Head,CC BY 4.0,data/datasets/yoga_for_all/bhujangasana/wrong/step_1-_Head/20230312_111550.jpg,True,1024,472,True,0.9869,0.1422,176.48,169.178,47.532,155.663,11.596,26.325,162.68,156.36,176.056,76.082,169.178,176.48,47.532,155.663,76.082,176.056,156.36,162.68,15.955,106.303,156.36,169.178,155.663,15.955,111.053,111.053,2.957,67.214,67.923,6.232,0.3592,0.1667,0.8735,0.7274,0.58447,0.737941,-0.052578,0.9974,0.590214,0.730013,-0.09462,0.9947,0.590771,0.724393,-0.093714,0.994,0.59145,0.717896,-0.094263,0.9918,0.586912,0.744988,-0.092148,0.9966,0.585313,0.74991,-0.092319,0.997,0.583925,0.754241,-0.091583,0.9968,0.58335,0.691326,-0.191292,0.9923,0.573427,0.758694,-0.193285,0.998,0.573249,0.720316,-0.075707,0.9966,0.570204,0.736679,-0.076052,0.9981,0.547978,0.594474,-0.124405,0.9869,0.510869,0.78612,-0.239798,0.9991,0.521885,0.593721,-0.025016,0.303,0.431728,0.775476,-0.183496,0.8675,0.55014,0.662507,0.141997,0.1422,0.379453,0.715468,-0.090582,0.7315,0.558771,0.662664,0.169236,0.1444,0.361217,0.704804,-0.091708,0.7266,0.558534,0.683998,0.160551,0.1315,0.364206,0.699498,-0.104481,0.6945,0.552604,0.689448,0.145907,0.1181,0.371113,0.699286,-0.092651,0.6693,0.416872,0.532155,0.042736,0.9989,0.396124,0.643132,-0.041291,0.9996,0.374618,0.479914,0.279609,0.3489,0.314919,0.623892,0.167462,0.7855,0.326878,0.412143,0.504497,0.5358,0.239054,0.573401,0.364542,0.9323,0.31839,0.39567,0.523851,0.5998,0.225873,0.55703,0.38555,0.9324,0.330031,0.420887,0.564778,0.3255,0.226558,0.614846,0.399659,0.7039
bhujangasana_zen_0082,bhujangasana,step 1,ZEN,external,wrong,Head,CC BY 4.0,data/datasets/yoga_for_all/bhujangasana/wrong/step_1-_Head/20230312_111551.jpg,True,1024,716,True,0.9934,0.1219,173.907,160.414,36.232,156.757,15.411,27.912,156.853,143.25,106.416,50.768,160.414,173.907,36.232,156.757,50.768,106.416,143.25,156.853,19.268,50.905,143.25,160.414,156.757,19.268,136.57,136.57,2.663,39.981,34.925,21.75,0.7262,0.4499,0.8929,0.8593,0.583148,0.826516,-0.113981,0.9991,0.589619,0.81967,-0.154261,0.9988,0.592534,0.815349,-0.153022,0.9986,0.596427,0.809066,-0.153361,0.9982,0.5792,0.828214,-0.151158,0.9993,0.574858,0.830192,-0.151543,0.9994,0.570692,0.831675,-0.150677,0.9993,0.588774,0.772638,-0.231692,0.9984,0.551275,0.821056,-0.231807,0.9996,0.58014,0.810996,-0.130107,0.999,0.568219,0.821496,-0.129762,0.9994,0.577312,0.638969,-0.194995,0.9934,0.458374,0.781607,-0.251578,0.9995,0.532941,0.563609,-0.086962,0.568,0.364476,0.702225,-0.169373,0.9569,0.5373,0.655829,0.064235,0.1219,0.326093,0.627135,-0.069271,0.7892,0.544461,0.665514,0.086245,0.1755,0.309161,0.607851,-0.066706,0.7871,0.533787,0.686509,0.081978,0.1588,0.314269,0.604458,-0.07179,0.7568,0.525746,0.684023,0.069164,0.1378,0.321739,0.608811,-0.070475,0.7329,0.426032,0.490335,0.022424,0.9972,0.361278,0.554999,-0.020581,0.9991,0.402232,0.436624,0.305354,0.3976,0.286804,0.512505,0.252758,0.7068,0.370635,0.345075,0.575856,0.5998,0.220368,0.428927,0.50857,0.896,0.360706,0.321256,0.603909,0.6989,0.206215,0.405325,0.539635,0.9375,0.383595,0.365265,0.694165,0.1762,0.220653,0.460582,0.600911,0.4355
bhujangasana_zen_0083,bhujangasana,step 1,ZEN,external,wrong,Head,CC BY 4.0,data/datasets/yoga_for_all/bhujangasana/wrong/step_1-_Head/20230312_111552(0).jpg,True,1024,472,True,0.9994,0.2002,171.896,138.965,166.047,154.913,18.416,25.49,141.646,124.825,15.005,16.143,138.965,171.896,154.913,166.047,15.005,16.143,124.825,141.646,13.4,16.273,141.646,171.896,154.913,16.273,165.881,165.881,2.798,12.58,10.778,34.955,0.9698,0.6081,0.9234,1.0264,0.451543,0.841878,-0.134339,1.0,0.455609,0.83444,-0.177299,0.9999,0.458697,0.83194,-0.176221,0.9999,0.462088,0.828598,-0.176324,0.9999,0.44589,0.835467,-0.178649,1.0,0.442632,0.833992,-0.179116,1.0,0.439342,0.83241,-0.179187,1.0,0.467544,0.799337,-0.269554,0.9999,0.429755,0.808561,-0.286133,1.0,0.456276,0.82896,-0.15634,0.9999,0.444067,0.832871,-0.162172,0.9999,0.494005,0.669483,-0.271223,0.9994,0.383419,0.723022,-0.297871,0.9999,0.482417,0.526737,-0.173549,0.8546,0.356902,0.601652,-0.212592,0.95,0.467156,0.452168,0.018786,0.2002,0.35673,0.522983,-0.073494,0.6892,0.466905,0.432641,0.038579,0.2203,0.354169,0.498323,-0.061118,0.6467,0.461953,0.438098,0.039766,0.1923,0.356352,0.50659,-0.053268,0.6232,0.46128,0.450669,0.021696,0.1716,0.359242,0.512211,-0.070256,0.587,0.439889,0.452386,0.000555,0.9995,0.383678,0.475601,0.001351,0.9997,0.444887,0.390574,0.328364,0.6632,0.359897,0.439536,0.347582,0.5004,0.446485,0.282992,0.628727,0.886,0.345681,0.315931,0.644497,0.8396,0.447324,0.254891,0.664922,0.9005,0.342326,0.292552,0.680503,0.8835,0.465271,0.325236,0.767394,0.2381,0.341596,0.341061,0.766891,0.2034
bhujangasana_zen_0084,bhujangasana,step 1,ZEN,external,wrong,Head,CC BY 4.0,data/datasets/yoga_for_all/bhujangasana/wrong/step_1-_Head/20230312_111552.jpg,True,1024,472,True,0.9995,0.2216,176.605,166.707,157.467,153.695,20.197,32.643,147.9,142.51,22.113,30.558,166.707,176.605,153.695,157.467,22.113,30.558,142.51,147.9,12.053,23.271,147.9,176.605,153.695,23.271,158.824,158.824,4.36,13.933,14.927,45.223,0.9325,0.6314,0.9272,0.9801,0.490777,0.798099,-0.178074,1.0,0.494131,0.78853,-0.2162,1.0,0.496925,0.78457,-0.21488,1.0,0.499356,0.780098,-0.214916,0.9999,0.485902,0.792918,-0.218551,1.0,0.48263,0.792451,-0.218872,1.0,0.479452,0.791355,-0.218674,1.0,0.503141,0.748433,-0.284851,1.0,0.469204,0.770712,-0.307318,1.0,0.493649,0.783574,-0.192129,0.9999,0.483888,0.789004,-0.199504,1.0,0.521561,0.626699,-0.272182,0.9996,0.421282,0.680672,-0.313523,0.9999,0.507346,0.502724,-0.165514,0.9175,0.384624,0.585659,-0.224795,0.9859,0.487377,0.444179,0.029187,0.2216,0.3771,0.518324,-0.103492,0.8766,0.483979,0.424101,0.056693,0.252,0.371664,0.495191,-0.091615,0.8534,0.479437,0.423988,0.059381,0.2235,0.376902,0.495026,-0.079225,0.8388,0.480253,0.436577,0.033861,0.2146,0.380867,0.504474,-0.09917,0.8039,0.458696,0.425758,0.001051,0.9995,0.407985,0.455087,0.000893,0.9997,0.457619,0.360973,0.320567,0.7235,0.386643,0.408424,0.345599,0.6696,0.453121,0.258883,0.621567,0.9091,0.357873,0.306509,0.627857,0.927,0.452042,0.233346,0.656981,0.9322,0.355578,0.284607,0.662474,0.9495,0.461058,0.302902,0.769254,0.3962,0.364562,0.34554,0.751004,0.4295
bhujangasana_zen_0085,bhujangasana,step 1,ZEN,external,wrong,Legs,CC BY 4.0,data/datasets/yoga_for_all/bhujangasana/wrong/step_1-_Legs/20230312_111442(0).jpg,True,1024,472,True,0.9997,0.0413,54.86,19.548,9.47,6.793,59.687,70.952,45.885,8.965,156.014,157.356,19.548,54.86,6.793,9.47,156.014,157.356,8.965,45.885,138.755,174.488,45.885,54.86,6.793,174.488,174.865,-174.865,9.447,6.837,6.347,26.855,0.996,0.5839,0.8544,1.5217,0.483553,0.602861,-0.25918,0.9996,0.489407,0.604556,-0.30632,0.9998,0.493465,0.605141,-0.305186,0.9998,0.495732,0.604875,-0.305177,0.9997,0.477411,0.608441,-0.309025,0.9998,0.472561,0.606473,-0.309252,0.9998,0.470756,0.598428,-0.309219,0.9998,0.50407,0.594634,-0.350501,0.9997,0.460841,0.582979,-0.375349,0.9998,0.487807,0.591415,-0.256436,0.9988,0.475534,0.588135,-0.266664,0.9991,0.527025,0.536545,-0.308156,0.9998,0.433408,0.512193,-0.322462,0.9997,0.540632,0.504247,-0.182335,0.9962,0.409038,0.455091,-0.155493,0.9292,0.518375,0.578722,-0.032347,0.5787,0.431495,0.522141,0.025468,0.5923,0.520859,0.604215,-0.040249,0.5441,0.42992,0.539009,0.040542,0.5032,0.510568,0.598486,-0.051508,0.4603,0.44147,0.542612,0.05363,0.4332,0.506209,0.585404,-0.033529,0.3971,0.445483,0.545391,0.03537,0.3946,0.506836,0.395572,-0.010892,1.0,0.464687,0.385401,0.013137,0.9999,0.522343,0.412606,0.271681,0.139,0.456976,0.407504,0.367238,0.0413,0.518728,0.35875,0.62272,0.4257,0.466218,0.34419,0.731887,0.3417,0.517077,0.342293,0.6719,0.5916,0.466757,0.321261,0.779049,0.5505,0.522911,0.384259,0.819871,0.0172,0.469932,0.373255,0.904017,0.0135
bhujangasana_zen_0086,bhujangasana,step 1,ZEN,external,wrong,Legs,CC BY 4.0,data/datasets/yoga_for_all/bhujangasana/wrong/step_1-_Legs/20230312_111446(0).jpg,True,1024,472,True,0.9997,0.1474,165.68,148.184,179.925,125.537,17.409,10.338,159.522,161.168,79.62,84.744,148.184,165.68,125.537,179.925,79.62,84.744,159.522,161.168,9.581,17.437,159.522,165.68,179.925,17.437,110.917,-110.917,20.847,40.424,40.896,3.995,0.357,0.4402,0.8302,0.6575,0.352489,0.662978,-0.216864,0.9998,0.343134,0.670426,-0.258398,0.9996,0.343394,0.671074,-0.25812,0.9996,0.34381,0.671554,-0.258041,0.9996,0.340923,0.662183,-0.238292,0.9995,0.338396,0.660783,-0.239193,0.9995,0.337601,0.657941,-0.23849,0.9994,0.344845,0.64903,-0.353536,0.9998,0.337012,0.626453,-0.27404,0.9997,0.361084,0.650148,-0.24075,0.9998,0.358328,0.639315,-0.218662,0.9998,0.414459,0.605625,-0.351783,1.0,0.356162,0.497897,-0.195009,0.9997,0.496873,0.572783,-0.318483,0.946,0.416268,0.436604,-0.030162,0.1713,0.545281,0.553635,-0.194138,0.9149,0.451073,0.478955,0.086333,0.1474,0.560172,0.545532,-0.212789,0.8941,0.45517,0.481954,0.100262,0.1626,0.559356,0.546787,-0.213537,0.8926,0.455268,0.501016,0.086287,0.169,0.553185,0.546148,-0.195256,0.8609,0.456279,0.499758,0.081672,0.1655,0.511601,0.49443,-0.060429,1.0,0.476607,0.428676,0.061495,0.9998,0.586433,0.473521,0.163276,0.9928,0.514832,0.434468,0.374043,0.5893,0.646865,0.421456,0.360002,0.9951,0.551071,0.392981,0.619275,0.7112,0.655064,0.393412,0.378642,0.9825,0.559367,0.383588,0.643928,0.599,0.665369,0.474194,0.38111,0.9689,0.559118,0.437246,0.703082,0.627
bhujangasana_zen_0087,bhujangasana,step 1,ZEN,external,wrong,Legs,CC BY 4.0,data/datasets/yoga_for_all/bhujangasana/wrong/step_1-_Legs/20230312_111451.jpg,True,1024,472,True,0.9998,0.0947,162.256,157.511,177.022,179.131,15.649,7.073,162.512,165.992,101.37,98.558,157.511,162.256,177.022,179.131,98.558,101.37,162.512,165.992,7.459,14.103,162.512,162.256,177.022,14.103,90.929,-90.929,11.056,69.111,89.109,14.755,0.0162,0.1065,0.4966,0.3162,0.254054,0.465489,0.034709,0.9998,0.246414,0.458931,0.013974,0.9997,0.246103,0.459973,0.014297,0.9997,0.245707,0.461014,0.01506,0.9997,0.247624,0.453422,0.038013,0.9997,0.248184,0.450666,0.037711,0.9997,0.248583,0.448384,0.038942,0.9998,0.249486,0.455013,-0.026659,0.9996,0.252121,0.436273,0.059357,0.9998,0.261243,0.467593,0.022525,0.9998,0.262678,0.460565,0.050071,0.9998,0.276261,0.479261,-0.13553,1.0,0.293621,0.38058,0.161552,0.9998,0.350172,0.516033,-0.183439,0.9904,0.363151,0.402244,0.216451,0.0947,0.430773,0.546671,-0.168893,0.9613,0.418454,0.421337,0.197879,0.1781,0.452175,0.550475,-0.185349,0.934,0.435398,0.418243,0.213608,0.1773,0.453828,0.552097,-0.181563,0.926,0.438182,0.4382,0.189944,0.174,0.447941,0.545746,-0.164447,0.9038,0.431642,0.444847,0.187845,0.1606,0.439181,0.462391,-0.098585,1.0,0.438637,0.386618,0.099436,0.9999,0.559188,0.530961,-0.121442,0.999,0.532773,0.44175,0.238894,0.5708,0.681318,0.517129,-0.163902,0.9973,0.62029,0.417154,0.364648,0.8563,0.696225,0.484547,-0.169233,0.9949,0.633045,0.399565,0.373171,0.8612,0.711629,0.605748,-0.209453,0.9944,0.641998,0.494907,0.359505,0.9039
bhujangasana_zen_0088,bhujangasana,step 1,ZEN,external,wrong,Legs,CC BY 4.0,data/datasets/yoga_for_all/bhujangasana/wrong/step_1-_Legs/20230312_111455.jpg,True,1024,472,True,0.9995,0.0546,168.95,167.027,177.147,145.697,20.408,3.245,150.213,169.517,117.73,111.692,167.027,168.95,145.697,177.147,111.692,117.73,150.213,169.517,11.794,21.813,150.213,168.95,177.147,21.813,82.138,-82.138,46.534,48.639,48.572,20.381,-0.1368,0.1158,1.0389,0.5387,0.322101,0.40114,0.459126,0.9994,0.315722,0.401813,0.441749,0.9991,0.31399,0.405487,0.441946,0.9991,0.310439,0.414553,0.442037,0.9989,0.317616,0.392541,0.466945,0.999,0.31765,0.3897,0.466138,0.999,0.316987,0.387868,0.466575,0.999,0.306563,0.411019,0.350949,0.9988,0.31655,0.374071,0.448442,0.999,0.321469,0.404471,0.420171,0.9992,0.324094,0.394183,0.448791,0.9991,0.303273,0.419904,0.197986,1.0,0.338932,0.332035,0.406953,0.9995,0.3473,0.467162,0.081486,0.8031,0.400313,0.347567,0.361404,0.0546,0.388932,0.517592,0.009622,0.7775,0.437018,0.416683,0.310586,0.0887,0.397297,0.527418,0.001487,0.8034,0.447026,0.443232,0.329846,0.1151,0.396459,0.526222,0.012914,0.8005,0.444284,0.459163,0.316709,0.1192,0.39441,0.522348,0.018317,0.7531,0.441742,0.456483,0.307411,0.1467,0.405222,0.442824,-0.068553,1.0,0.435429,0.368564,0.069815,1.0,0.490532,0.575834,-0.225263,0.9988,0.537458,0.450801,0.025269,0.976,0.600028,0.684861,-0.473852,0.9989,0.644819,0.481085,-0.204795,0.9849,0.613383,0.669515,-0.499553,0.998,0.660974,0.462326,-0.228659,0.9872,0.640545,0.791262,-0.521892,0.9975,0.67812,0.550143,-0.245064,0.9685
bhujangasana_zen_0090,bhujangasana,step 1,ZEN,external,wrong,Legs,CC BY 4.0,data/datasets/yoga_for_all/bhujangasana/wrong/step_1-_Legs/20230312_111505(1).jpg,True,1024,472,True,0.9996,0.092,165.109,165.153,157.239,179.983,5.768,24.569,174.509,150.765,101.335,112.212,165.109,165.153,157.239,179.983,101.335,112.212,150.765,174.509,6.03,24.559,150.765,165.153,179.983,24.559,88.829,88.829,57.871,42.296,45.95,10.796,-0.0204,0.2243,0.6595,0.438,0.684248,0.510353,0.378351,0.9978,0.688668,0.50832,0.388243,0.9954,0.688389,0.5065,0.388651,0.9953,0.688285,0.505091,0.388672,0.9951,0.693213,0.512327,0.367328,0.9951,0.694659,0.513603,0.366731,0.9951,0.696392,0.514691,0.367211,0.995,0.692031,0.487797,0.401512,0.9952,0.702472,0.500449,0.287076,0.9941,0.683465,0.49872,0.384974,0.9977,0.688242,0.502012,0.350658,0.9974,0.665455,0.414655,0.389997,0.9996,0.703902,0.490541,0.1537,1.0,0.609778,0.41368,0.36704,0.092,0.662868,0.526911,-0.008548,0.9398,0.554393,0.462956,0.356299,0.0999,0.606002,0.577269,-0.116188,0.7771,0.538057,0.466158,0.370089,0.1323,0.587118,0.583204,-0.115409,0.7542,0.540007,0.464089,0.366863,0.1284,0.586199,0.582689,-0.090817,0.7484,0.546847,0.480647,0.356584,0.1212,0.591011,0.576401,-0.101275,0.6911,0.55654,0.436599,0.086303,0.9998,0.575502,0.479123,-0.085239,0.9999,0.464396,0.474719,0.055758,0.9259,0.487834,0.57556,-0.158629,0.9914,0.364378,0.459184,-0.13849,0.9691,0.38359,0.623796,-0.418025,0.9929,0.350607,0.438275,-0.167896,0.972,0.36647,0.583728,-0.439136,0.9904,0.324343,0.505674,-0.213117,0.961,0.330683,0.695222,-0.496682,0.9884
bhujangasana_zen_0091,bhujangasana,step 1,ZEN,external,wrong,Legs,CC BY 4.0,data/datasets/yoga_for_all/bhujangasana/wrong/step_1-_Legs/20230312_111510.jpg,True,1024,472,True,0.9989,0.1268,161.015,165.721,41.847,171.792,37.009,6.627,178.84,169.964,99.234,94.738,161.015,165.721,41.847,171.792,94.738,99.234,169.964,178.84,3.487,10.523,169.964,165.721,171.792,10.523,90.297,90.297,0.872,82.713,82.772,4.251,0.0052,0.048,0.5512,0.481,0.688275,0.533341,-0.036754,0.9999,0.695822,0.517639,-0.05831,0.9999,0.695593,0.511833,-0.057312,0.9999,0.695277,0.506267,-0.057131,0.9999,0.695679,0.530493,-0.067599,0.9999,0.695443,0.533584,-0.067787,0.9999,0.695193,0.536774,-0.067148,0.9999,0.689158,0.497521,-0.091855,0.9999,0.689277,0.542452,-0.151867,0.9999,0.678771,0.526891,-0.040388,0.9999,0.678694,0.543029,-0.057225,0.9999,0.633969,0.440164,-0.008358,0.9997,0.643114,0.595323,-0.242309,1.0,0.576812,0.364881,0.137376,0.6848,0.561041,0.597941,-0.242256,0.9958,0.589542,0.455833,0.334668,0.1268,0.487798,0.623252,-0.192299,0.9392,0.598764,0.468835,0.367904,0.1148,0.468227,0.621822,-0.191408,0.8718,0.599068,0.48598,0.354986,0.114,0.468915,0.616621,-0.180228,0.8678,0.591363,0.485496,0.336825,0.1205,0.476164,0.614511,-0.185643,0.8218,0.491257,0.471324,0.093923,0.9989,0.486026,0.560796,-0.091791,0.9998,0.418878,0.483923,0.336914,0.5445,0.382997,0.577411,0.0369,0.9835,0.357881,0.449953,0.444289,0.8809,0.286556,0.540414,0.053135,0.9965,0.3473,0.431098,0.450124,0.9007,0.279361,0.517758,0.058573,0.9879,0.329562,0.477963,0.479107,0.8808,0.253587,0.569078,0.045366,0.9912
bhujangasana_zen_0092,bhujangasana,step 1,ZEN,external,wrong,Legs,CC BY 4.0,data/datasets/yoga_for_all/bhujangasana/wrong/step_1-_Legs/20230312_111516.jpg,True,1024,472,True,0.9947,0.2855,165.769,178.301,171.933,170.013,14.633,14.886,172.315,166.836,95.169,65.804,165.769,178.301,170.013,171.933,65.804,95.169,166.836,172.315,10.626,18.211,172.315,165.769,171.933,18.211,113.804,113.804,8.268,61.535,59.998,20.727,0.4036,0.2183,0.1666,0.6548,0.601555,0.670188,-0.191667,0.9949,0.608919,0.670885,-0.232389,0.9914,0.601147,0.659465,-0.231744,0.9908,0.601592,0.654961,-0.232101,0.9896,0.602768,0.681134,-0.231684,0.9918,0.601702,0.684577,-0.232563,0.991,0.600466,0.688092,-0.231608,0.9894,0.602761,0.640231,-0.301954,0.99,0.59382,0.68808,-0.308528,0.9886,0.592655,0.65722,-0.202353,0.9914,0.591063,0.665758,-0.203017,0.9913,0.58006,0.540798,-0.257657,0.9981,0.543285,0.687952,-0.260234,0.9947,0.49529,0.545905,-0.202045,0.4005,0.473503,0.633038,-0.181415,0.3238,0.428629,0.570516,-0.14151,0.5117,0.425635,0.573262,-0.144602,0.4511,0.411669,0.57037,-0.158769,0.4923,0.415964,0.557938,-0.151586,0.4699,0.413739,0.558564,-0.165618,0.4865,0.415658,0.559374,-0.17144,0.4679,0.420869,0.561213,-0.144842,0.451,0.421256,0.553003,-0.153166,0.4286,0.461801,0.481368,-0.011404,0.9986,0.445924,0.541023,0.013114,0.9967,0.421595,0.44836,0.259248,0.4407,0.397885,0.499635,0.308002,0.2855,0.36549,0.434501,0.531237,0.5995,0.350664,0.462429,0.590133,0.5339,0.353226,0.429505,0.558524,0.694,0.342487,0.451679,0.618952,0.632,0.370456,0.438011,0.561429,0.3188,0.350733,0.461511,0.621371,0.2815
bhujangasana_zen_0093,bhujangasana,step 1,ZEN,external,wrong,Legs,CC BY 4.0,data/datasets/yoga_for_all/bhujangasana/wrong/step_1-_Legs/20230312_111528.jpg,True,1024,472,True,0.9955,0.2606,167.632,168.207,172.204,158.5,23.101,29.553,135.334,145.466,1.287,15.778,167.632,168.207,158.5,172.204,1.287,15.778,135.334,145.466,21.138,22.904,135.334,167.632,158.5,22.904,172.344,172.344,3.386,4.677,1.912,62.592,0.9911,0.6777,1.085,1.0737,0.497551,0.704759,-0.194426,0.9995,0.504088,0.707929,-0.239762,0.9994,0.506766,0.705674,-0.238597,0.9992,0.510679,0.702481,-0.23898,0.9989,0.493202,0.70872,-0.234826,0.9996,0.489048,0.706956,-0.234851,0.9997,0.486188,0.705351,-0.234916,0.9997,0.512445,0.670123,-0.329015,0.9992,0.475676,0.678588,-0.31763,0.9998,0.500741,0.671444,-0.213919,0.9994,0.487636,0.690527,-0.211863,0.9996,0.542783,0.550713,-0.307731,0.9955,0.43747,0.569404,-0.326081,0.9991,0.543488,0.421087,-0.212011,0.954,0.413627,0.444074,-0.236576,0.9343,0.540992,0.377725,-0.013053,0.2606,0.413171,0.382832,-0.113911,0.6635,0.542574,0.359622,0.006119,0.2883,0.410413,0.355307,-0.112025,0.6569,0.539787,0.362852,0.003358,0.2615,0.414605,0.358159,-0.103271,0.6277,0.53679,0.369522,-0.010789,0.2253,0.417248,0.371259,-0.110733,0.5823,0.503939,0.346501,0.006377,0.9985,0.450091,0.350402,-0.004148,0.999,0.517739,0.273289,0.306191,0.7302,0.433304,0.280164,0.313011,0.7232,0.525965,0.170764,0.583406,0.8634,0.419189,0.170598,0.578513,0.9023,0.526343,0.151628,0.616917,0.86,0.41864,0.141331,0.610574,0.9025,0.530898,0.21147,0.716671,0.1929,0.414557,0.191534,0.678767,0.2402
bhujangasana_zen_0094,bhujangasana,step 1,ZEN,external,wrong,Legs,CC BY 4.0,data/datasets/yoga_for_all/bhujangasana/wrong/step_1-_Legs/20230312_111532.jpg,True,1024,472,True,0.9978,0.0545,162.996,171.885,176.969,68.745,19.086,14.458,150.326,168.309,65.363,125.208,162.996,171.885,68.745,176.969,65.363,125.208,150.326,168.309,17.794,59.088,150.326,162.996,176.969,17.794,122.957,-122.957,18.756,49.03,48.661,12.756,0.544,0.3507,0.8475,0.7118,0.41936,0.676423,-0.01378,0.9908,0.409837,0.686955,-0.05817,0.993,0.410231,0.687132,-0.057686,0.9938,0.410828,0.687174,-0.058073,0.9923,0.407111,0.680318,-0.042868,0.9883,0.405878,0.676688,-0.043789,0.9892,0.404793,0.673143,-0.043293,0.9875,0.40994,0.669069,-0.176294,0.9941,0.399822,0.640307,-0.120176,0.9952,0.426004,0.66138,-0.047996,0.9948,0.422312,0.652196,-0.032352,0.9945,0.469964,0.650976,-0.200116,0.9998,0.403196,0.484164,-0.084052,0.9978,0.545546,0.580208,-0.199628,0.913,0.42701,0.443307,0.089641,0.1617,0.600389,0.521209,-0.088988,0.7127,0.440994,0.54203,0.304557,0.0545,0.617204,0.503933,-0.079682,0.6717,0.439181,0.560752,0.333707,0.0717,0.616205,0.50123,-0.083497,0.6675,0.44008,0.581318,0.334833,0.0718,0.608679,0.502325,-0.088334,0.5919,0.444596,0.576328,0.309197,0.0817,0.574691,0.443288,-0.045615,0.9999,0.538551,0.354163,0.04665,0.9994,0.656226,0.403242,0.157081,0.9695,0.574695,0.298085,0.322859,0.6644,0.730051,0.311664,0.325611,0.9793,0.618946,0.206393,0.546852,0.7301,0.73978,0.286063,0.34416,0.9724,0.626171,0.182762,0.572109,0.744,0.748493,0.364904,0.371798,0.9109,0.626121,0.235258,0.624728,0.562
bhujangasana_zen_0095,bhujangasana,step 1,ZEN,external,wrong,Legs,CC BY 4.0,data/datasets/yoga_for_all/bhujangasana/wrong/step_1-_Legs/20230312_111539.jpg,True,1024,561,True,0.9996,0.204,171.846,166.16,178.246,151.214,25.909,3.85,147.234,177.639,127.048,124.38,166.16,171.846,151.214,178.246,124.38,127.048,147.234,177.639,10.064,24.976,147.234,171.846,178.246,24.976,72.597,-72.597,6.789,41.151,52.791,21.956,-0.2991,-0.0293,1.5259,0.8609,0.327439,0.356641,0.512479,0.9984,0.318816,0.363278,0.502534,0.9976,0.315862,0.367048,0.502818,0.9977,0.312053,0.371808,0.502755,0.9973,0.325718,0.346276,0.513808,0.997,0.327013,0.343041,0.513142,0.9971,0.329185,0.332268,0.513444,0.9972,0.30437,0.384537,0.405123,0.9973,0.331682,0.329887,0.437423,0.9966,0.327855,0.363725,0.470672,0.9982,0.336857,0.353377,0.479347,0.9972,0.297551,0.420703,0.263217,0.9998,0.370329,0.304608,0.37231,0.9996,0.349018,0.494047,0.181764,0.5485,0.439793,0.35193,0.318413,0.204,0.408797,0.573987,0.13058,0.6219,0.485137,0.447992,0.288265,0.2694,0.41892,0.596333,0.137748,0.5996,0.493958,0.459447,0.307831,0.2796,0.422859,0.589453,0.145599,0.5904,0.492376,0.488638,0.317759,0.2859,0.421731,0.578606,0.141298,0.5428,0.487846,0.486943,0.295162,0.315,0.422185,0.469357,-0.032206,1.0,0.459963,0.378538,0.033341,1.0,0.511706,0.631842,-0.083728,0.9964,0.573547,0.462116,0.035441,0.972,0.610978,0.766831,-0.480443,0.9979,0.694216,0.493523,-0.398333,0.9905,0.631663,0.754638,-0.522958,0.9983,0.705664,0.496358,-0.436585,0.9949,0.655696,0.87188,-0.548747,0.9955,0.735112,0.548364,-0.458949,0.9831
bhujangasana_zen_0096,bhujangasana,step 1,ZEN,external,wrong,Legs,CC BY 4.0,data/datasets/yoga_for_all/bhujangasana/wrong/step_1-_Legs/20230312_111543(1).jpg,True,1024,673,True,0.9996,0.1007,170.197,171.665,160.734,157.654,2.89,43.192,169.34,147.231,150.777,164.274,170.197,171.665,157.654,160.734,150.777,164.274,147.231,169.34,6.625,30.043,147.231,170.197,157.654,30.043,41.299,41.299,19.789,9.6,17.428,43.492,-0.7513,-0.0402,2.0183,0.8237,0.681397,0.295382,0.615771,0.9948,0.677801,0.289876,0.629963,0.9939,0.674429,0.288664,0.630062,0.9927,0.671169,0.286893,0.629984,0.9934,0.687063,0.292448,0.614875,0.9933,0.689773,0.292834,0.613943,0.9919,0.693235,0.291956,0.614159,0.994,0.663157,0.287096,0.624246,0.9948,0.693964,0.295087,0.533594,0.9933,0.672604,0.295194,0.606645,0.9967,0.684183,0.298644,0.57807,0.9964,0.624164,0.290914,0.539165,0.9996,0.707773,0.312432,0.360452,1.0,0.588007,0.359491,0.532929,0.1007,0.705471,0.390233,0.302661,0.9262,0.56921,0.440382,0.552296,0.1157,0.674773,0.490745,0.37379,0.5371,0.559556,0.449851,0.573571,0.1505,0.66857,0.510364,0.39878,0.4901,0.564335,0.454766,0.573795,0.1448,0.662518,0.509315,0.41191,0.4892,0.567212,0.454308,0.555359,0.1453,0.663646,0.500534,0.388219,0.5004,0.569617,0.405789,0.057574,0.9999,0.626426,0.432923,-0.05704,0.9997,0.475702,0.541353,-0.098417,0.9796,0.60175,0.595529,-0.200392,0.9798,0.363498,0.65516,-0.363967,0.9327,0.554271,0.780474,-0.517775,0.9204,0.344216,0.663144,-0.397553,0.9484,0.539006,0.795187,-0.540187,0.9673,0.321195,0.750902,-0.453627,0.7677,0.535942,0.889398,-0.587475,0.8343
bhujangasana_zen_0097,bhujangasana,step 2,ZEN,external,wrong,Hand and Legs,CC BY 4.0,data/datasets/yoga_for_all/bhujangasana/wrong/step_2-_Hand_and_Legs/20230312_111806(0).jpg,True,1024,814,True,0.9998,0.0124,164.699,146.002,79.638,81.733,80.927,100.286,60.137,57.145,179.632,176.322,146.002,164.699,79.638,81.733,176.322,179.632,57.145,60.137,40.529,54.355,57.145,146.002,79.638,40.529,20.25,-20.25,29.996,3.757,7.228,70.761,-0.9382,0.7367,1.5092,4.8337,0.493475,0.457659,-0.720153,1.0,0.503721,0.433454,-0.73063,1.0,0.510606,0.430734,-0.729817,1.0,0.517492,0.427724,-0.72982,1.0,0.47876,0.436248,-0.732566,1.0,0.470639,0.434911,-0.733968,1.0,0.465217,0.433155,-0.732626,1.0,0.533469,0.413917,-0.64432,1.0,0.45181,0.420219,-0.656661,1.0,0.505876,0.469757,-0.67814,1.0,0.483303,0.472388,-0.684623,1.0,0.576408,0.41804,-0.475795,1.0,0.406691,0.43206,-0.531704,1.0,0.661398,0.545323,-0.50025,0.9959,0.33335,0.533623,-0.484028,0.9894,0.575444,0.606919,-0.643577,0.9929,0.415439,0.603241,-0.560401,0.9585,0.554471,0.632055,-0.699857,0.9548,0.4284,0.625507,-0.61471,0.8513,0.536556,0.612438,-0.702884,0.9571,0.444592,0.607965,-0.610512,0.8608,0.539932,0.606485,-0.647748,0.8977,0.443814,0.600182,-0.565167,0.7184,0.547833,0.459541,0.01342,0.9998,0.459624,0.473615,-0.012152,0.9998,0.537683,0.422955,0.383042,0.0177,0.459221,0.440887,0.364861,0.0721,0.523715,0.397427,0.755883,0.0124,0.472528,0.415215,0.750515,0.031,0.51495,0.392433,0.795771,0.0318,0.476439,0.40886,0.791443,0.0301,0.530109,0.408596,0.790279,0.0184,0.481765,0.430776,0.789305,0.0312
bhujangasana_zen_0098,bhujangasana,step 2,ZEN,external,wrong,Hand and Legs,CC BY 4.0,data/datasets/yoga_for_all/bhujangasana/wrong/step_2-_Hand_and_Legs/20230312_111811.jpg,True,1024,838,True,0.9987,0.3681,161.605,160.276,67.27,153.12,93.018,111.376,174.9,179.739,127.769,148.802,160.276,161.605,67.27,153.12,127.769,148.802,174.9,179.739,124.287,151.217,174.9,161.605,67.27,151.217,95.855,-95.855,19.726,37.392,39.293,3.35,0.102,0.0957,0.5632,0.4689,0.228096,0.484389,-0.380783,0.9999,0.234355,0.461635,-0.406206,0.9999,0.24137,0.458521,-0.405854,0.9999,0.24689,0.45581,-0.405311,0.9999,0.22409,0.461452,-0.381641,0.9998,0.222212,0.459465,-0.382564,0.9997,0.22053,0.457502,-0.381325,0.9996,0.272951,0.438662,-0.425702,0.9998,0.24039,0.440554,-0.331157,0.9993,0.254936,0.492011,-0.377458,0.9998,0.239059,0.492945,-0.350035,0.9997,0.358841,0.497467,-0.404897,0.9995,0.273336,0.417608,-0.215221,0.9987,0.372488,0.656985,-0.391953,0.9961,0.253096,0.492451,-0.090079,0.3681,0.24134,0.608716,-0.394919,0.9945,0.210754,0.543892,-0.120264,0.7216,0.205756,0.611761,-0.44841,0.9886,0.186911,0.556071,-0.148529,0.6961,0.203345,0.58187,-0.457218,0.9898,0.194785,0.54757,-0.173376,0.7142,0.21757,0.575617,-0.403732,0.9869,0.207659,0.543787,-0.133005,0.7211,0.57179,0.456318,-0.074408,0.9999,0.517005,0.401537,0.075703,0.9997,0.710226,0.444826,0.123655,0.9851,0.622306,0.394005,0.325823,0.567,0.806045,0.396849,0.311183,0.9854,0.679569,0.364196,0.572887,0.6883,0.814768,0.364538,0.329115,0.9546,0.712617,0.361307,0.596516,0.6403,0.838578,0.438386,0.306872,0.972,0.73921,0.401695,0.613327,0.8283
bhujangasana_zen_0099,bhujangasana,step 2,ZEN,external,wrong,Hand and Legs,CC BY 4.0,data/datasets/yoga_for_all/bhujangasana/wrong/step_2-_Hand_and_Legs/20230312_111817(0).jpg,True,1024,749,True,0.9996,0.0117,159.124,168.779,36.27,154.704,70.162,37.295,167.829,159.856,178.857,173.358,159.124,168.779,36.27,154.704,173.358,178.857,159.856,167.829,48.267,49.484,167.829,159.124,36.27,48.267,46.604,-46.604,24.849,16.111,36.563,27.014,-0.687,-0.2552,1.4658,0.7659,0.205367,0.152213,0.503317,0.9996,0.197577,0.137509,0.503305,0.9998,0.193507,0.140501,0.503742,0.9997,0.188168,0.144586,0.503652,0.9998,0.209574,0.129209,0.510076,0.9996,0.213305,0.126265,0.509108,0.9995,0.217201,0.123377,0.509823,0.9996,0.185689,0.156103,0.438959,0.9997,0.225121,0.126365,0.448748,0.9996,0.203081,0.168122,0.475389,0.9996,0.216665,0.159364,0.475045,0.9997,0.16464,0.233871,0.275966,0.9999,0.286234,0.185853,0.384453,0.9996,0.126073,0.373028,0.258977,0.7909,0.292906,0.279782,0.380302,0.0531,0.166152,0.337474,0.339833,0.154,0.271189,0.36248,0.410866,0.0117,0.16678,0.337484,0.364246,0.1547,0.272017,0.375309,0.459017,0.0182,0.18023,0.324788,0.369337,0.1522,0.25907,0.386289,0.462444,0.0202,0.180971,0.32825,0.352347,0.1587,0.257432,0.379157,0.419254,0.0268,0.308607,0.40251,-0.02746,1.0,0.382424,0.32766,0.02844,0.9999,0.437321,0.634018,-0.07171,0.9865,0.544193,0.440416,-0.019263,0.811,0.619486,0.788944,-0.514943,0.9854,0.767475,0.526753,-0.467914,0.9168,0.63996,0.78346,-0.559623,0.9903,0.784467,0.533396,-0.507577,0.9619,0.682929,0.937918,-0.566188,0.9696,0.849054,0.624286,-0.521705,0.8943
bhujangasana_zen_0100,bhujangasana,step 2,ZEN,external,wrong,Hand and Legs,CC BY 4.0,data/datasets/yoga_for_all/bhujangasana/wrong/step_2-_Hand_and_Legs/20230312_111832(0).jpg,True,884,1024,True,0.9992,0.0824,146.954,175.432,147.327,168.169,52.36,65.03,16.08,61.478,172.343,159.329,146.954,175.432,147.327,168.169,159.329,172.343,16.08,61.478,37.406,59.126,61.478,175.432,147.327,37.406,11.492,-11.492,0.095,3.655,3.716,66.977,-0.98,-0.4419,0.669,2.7448,0.50261,0.239483,-0.719773,1.0,0.529713,0.207159,-0.722312,1.0,0.544896,0.206206,-0.721434,1.0,0.55827,0.204457,-0.721827,1.0,0.477151,0.204189,-0.719259,1.0,0.463216,0.201746,-0.721309,1.0,0.451929,0.199556,-0.71953,0.9999,0.600802,0.20021,-0.62283,1.0,0.438725,0.194708,-0.615563,1.0,0.531965,0.269458,-0.676345,0.9999,0.478962,0.266533,-0.674786,0.9999,0.714036,0.297159,-0.467596,1.0,0.368322,0.278096,-0.498651,0.9999,0.796975,0.469075,-0.422224,0.9904,0.29035,0.412658,-0.403656,0.9852,0.76502,0.624536,-0.501002,0.9953,0.246165,0.557601,-0.449325,0.9901,0.773458,0.672422,-0.54584,0.9844,0.206141,0.5942,-0.489244,0.9758,0.723184,0.65803,-0.569616,0.9882,0.250343,0.598524,-0.509013,0.9821,0.711771,0.641788,-0.511324,0.9839,0.270595,0.589234,-0.461687,0.977,0.652872,0.389546,0.001223,0.9992,0.479774,0.39925,-0.00025,0.9993,0.682947,0.282791,0.34275,0.0991,0.516904,0.323822,0.335708,0.1139,0.655482,0.215376,0.685689,0.0824,0.573037,0.231094,0.662171,0.0928,0.638357,0.21094,0.723356,0.1194,0.58511,0.212599,0.697494,0.0679,0.664721,0.236305,0.721375,0.0852,0.600014,0.24153,0.688597,0.0856
bhujangasana_zen_0101,bhujangasana,step 2,ZEN,external,wrong,Hand and Legs,CC BY 4.0,data/datasets/yoga_for_all/bhujangasana/wrong/step_2-_Hand_and_Legs/20230312_111844.jpg,True,1024,603,True,0.9919,0.0527,164.03,167.88,70.196,86.532,74.0,52.209,179.068,169.758,153.819,148.66,164.03,167.88,70.196,86.532,148.66,153.819,169.758,179.068,102.612,104.756,179.068,164.03,70.196,104.756,75.181,-75.181,0.083,56.905,78.156,8.486,-0.2558,0.0239,0.3816,0.4081,0.259078,0.442649,0.071626,0.9995,0.250234,0.4242,0.046246,0.9997,0.249925,0.425295,0.04664,0.9996,0.249444,0.426474,0.046948,0.9996,0.253135,0.414833,0.075086,0.9994,0.254868,0.409735,0.074178,0.9992,0.256433,0.404931,0.075412,0.9995,0.259349,0.41745,-0.029009,0.999,0.270437,0.389248,0.085406,0.9992,0.269167,0.453872,0.048056,0.9989,0.274111,0.442486,0.081231,0.999,0.30931,0.496417,-0.119682,0.9994,0.357295,0.371391,0.16978,0.9919,0.319323,0.708901,-0.113308,0.9832,0.382647,0.495978,0.291064,0.0527,0.256237,0.679736,0.000632,0.9404,0.298277,0.535968,0.372272,0.1237,0.216406,0.689981,0.007323,0.9038,0.269023,0.534836,0.405754,0.1419,0.226908,0.643846,0.014692,0.9047,0.269829,0.531593,0.397336,0.1401,0.240007,0.648432,0.010564,0.8846,0.275182,0.532791,0.37257,0.1357,0.53573,0.57412,-0.098096,0.9998,0.54726,0.480759,0.099407,0.9993,0.713544,0.64027,-0.073012,0.9688,0.69643,0.518553,0.181497,0.568,0.882753,0.622124,-0.10563,0.985,0.839883,0.503079,0.218528,0.787,0.895589,0.592398,-0.10699,0.9825,0.857381,0.488774,0.221643,0.8096,0.931018,0.686465,-0.1279,0.9793,0.88148,0.569332,0.216659,0.8727
bhujangasana_zen_0102,bhujangasana,step 2,ZEN,external,wrong,Hand and Legs,CC BY 4.0,data/datasets/yoga_for_all/bhujangasana/wrong/step_2-_Hand_and_Legs/20230312_111852.jpg,True,909,1024,True,0.9989,0.0479,161.989,171.651,58.388,68.15,76.166,69.176,166.407,146.874,174.951,176.72,161.989,171.651,58.388,68.15,174.951,176.72,146.874,166.407,20.54,21.227,146.874,161.989,58.388,21.227,2.963,2.963,4.031,3.309,6.624,80.693,-0.9987,-0.2879,1.4138,1.2338,0.519072,0.141541,0.653427,0.991,0.514226,0.131987,0.652763,0.9936,0.510146,0.131397,0.653469,0.9926,0.505767,0.131036,0.65351,0.9941,0.524573,0.131906,0.657325,0.994,0.528037,0.131406,0.6562,0.9923,0.531837,0.131172,0.656494,0.9947,0.4965,0.134514,0.616333,0.9916,0.539274,0.136441,0.60864,0.9933,0.51351,0.147258,0.63515,0.9938,0.52456,0.150155,0.628919,0.9935,0.408583,0.178849,0.473653,0.9992,0.613747,0.18938,0.493779,0.9997,0.307111,0.230877,0.463569,0.5761,0.697996,0.263243,0.480233,0.3525,0.399018,0.274947,0.522589,0.0608,0.606703,0.298491,0.543501,0.0479,0.409055,0.278973,0.548925,0.0519,0.615025,0.306508,0.579714,0.0509,0.433652,0.275132,0.557882,0.051,0.589739,0.306841,0.586792,0.0513,0.432232,0.275792,0.533858,0.0611,0.574024,0.299232,0.557469,0.0622,0.459991,0.336156,0.002013,0.9989,0.545118,0.327381,-0.001248,0.9992,0.468605,0.505552,-0.112805,0.813,0.575485,0.491875,-0.09789,0.8313,0.410561,0.692286,-0.581344,0.7805,0.646002,0.688538,-0.586794,0.6688,0.405825,0.722673,-0.633608,0.9283,0.657044,0.723644,-0.631597,0.9376,0.383685,0.759125,-0.66215,0.6623,0.667672,0.764503,-0.677018,0.6809
bhujangasana_zen_0103,bhujangasana,step 2,ZEN,external,wrong,Hand and Legs,CC BY 4.0,data/datasets/yoga_for_all/bhujangasana/wrong/step_2-_Hand_and_Legs/20230312_111900.jpg,True,1024,485,True,0.996,0.046,176.293,167.751,31.531,45.088,25.807,65.73,168.413,171.201,171.896,176.591,167.751,176.293,31.531,45.088,171.896,176.591,168.413,171.201,67.237,83.399,171.201,167.751,45.088,83.399,81.567,81.567,6.561,67.181,87.251,3.072,-0.1466,-0.0249,0.5666,0.5594,0.807606,0.394944,0.047056,0.9983,0.814635,0.365474,0.025714,0.9982,0.812936,0.356287,0.0265,0.9983,0.811014,0.347198,0.026689,0.9982,0.816818,0.384346,0.013985,0.9979,0.816934,0.388369,0.013465,0.9978,0.817003,0.391973,0.013976,0.9976,0.794531,0.333766,-0.008705,0.9986,0.80713,0.399958,-0.075118,0.9981,0.79107,0.391647,0.043714,0.9985,0.794052,0.413052,0.024621,0.9984,0.706502,0.285857,0.050032,0.9964,0.754624,0.527338,-0.139702,0.9981,0.660498,0.266716,0.171141,0.4939,0.715519,0.741546,-0.076431,0.9898,0.702304,0.348105,0.354413,0.046,0.749473,0.709877,0.048314,0.8188,0.712468,0.358344,0.380267,0.0432,0.762935,0.707139,0.053273,0.7522,0.718491,0.378289,0.37056,0.0413,0.766792,0.682003,0.056951,0.7467,0.713826,0.383893,0.357968,0.0473,0.75804,0.679555,0.053753,0.6967,0.509327,0.394755,0.080761,0.996,0.512988,0.555788,-0.078993,0.9981,0.368663,0.410695,0.200736,0.6795,0.339952,0.633381,-0.034085,0.9755,0.237281,0.407621,0.306708,0.8593,0.170016,0.631762,-0.01854,0.9877,0.215931,0.39188,0.314142,0.8825,0.145821,0.596038,-0.014466,0.9671,0.22396,0.452185,0.32256,0.8244,0.13146,0.66279,-0.0352,0.9576
bhujangasana_zen_0104,bhujangasana,step 2,ZEN,external,wrong,Hand and Legs,CC BY 4.0,data/datasets/yoga_for_all/bhujangasana/wrong/step_2-_Hand_and_Legs/20230312_111906(0).jpg,True,1024,898,True,0.9949,0.2896,164.745,161.799,46.887,45.888,111.505,108.112,150.302,141.598,159.475,168.51,161.799,164.745,45.888,46.887,159.475,168.51,141.598,150.302,167.955,175.374,150.302,164.745,46.887,175.374,179.365,179.365,0.901,1.193,0.607,75.132,0.9999,0.8532,0.7767,1.6134,0.431446,0.67995,-0.402802,0.9997,0.457125,0.658747,-0.42848,0.9998,0.479124,0.654646,-0.427283,0.9998,0.493109,0.65176,-0.427054,0.9998,0.413157,0.657956,-0.427054,0.9998,0.402496,0.654737,-0.427719,0.9997,0.390864,0.652406,-0.427339,0.9996,0.510608,0.615682,-0.402223,0.9997,0.375899,0.616522,-0.405169,0.9994,0.462009,0.673957,-0.377701,0.9994,0.409082,0.671257,-0.381587,0.9995,0.591902,0.493672,-0.351807,0.9984,0.289015,0.500868,-0.346912,0.9949,0.758866,0.48154,-0.256177,0.9983,0.146801,0.485475,-0.198976,0.9387,0.641353,0.644291,-0.182276,0.8207,0.262415,0.650092,-0.109957,0.4427,0.64918,0.694733,-0.204285,0.8066,0.257384,0.700518,-0.111098,0.4869,0.599569,0.683302,-0.212798,0.7864,0.290771,0.692036,-0.117305,0.4464,0.584812,0.6622,-0.184104,0.6994,0.302592,0.673752,-0.109455,0.4073,0.504895,0.282358,-0.001858,0.9997,0.371859,0.283965,0.003616,0.9996,0.511914,0.181714,0.314682,0.442,0.346197,0.173736,0.326844,0.2896,0.496286,0.08747,0.606625,0.6742,0.35046,0.090271,0.628389,0.6096,0.493361,0.060968,0.645946,0.6758,0.35246,0.059161,0.665074,0.7447,0.485935,0.174257,0.728342,0.0484,0.347172,0.162177,0.732921,0.049
bhujangasana_zen_0105,bhujangasana,step 2,ZEN,external,wrong,Hand and Legs,CC BY 4.0,data/datasets/yoga_for_all/bhujangasana/wrong/step_2-_Hand_and_Legs/20230312_111915(1).jpg,True,1024,721,True,0.9952,0.0385,166.975,163.555,30.698,75.784,44.128,20.9,170.558,171.076,160.408,168.725,163.555,166.975,30.698,75.784,160.408,168.725,170.558,171.076,92.289,100.387,170.558,166.975,30.698,100.387,111.76,-111.76,2.596,61.613,56.943,20.537,0.3707,0.2304,0.5022,0.6602,0.223685,0.705228,-0.125374,0.9992,0.215682,0.695258,-0.161779,0.9992,0.218356,0.696887,-0.161071,0.9993,0.220848,0.698862,-0.161123,0.9993,0.211506,0.685587,-0.142639,0.9988,0.211579,0.681021,-0.143546,0.9987,0.211636,0.677178,-0.142521,0.9983,0.240659,0.68871,-0.233151,0.9995,0.22499,0.649088,-0.162722,0.9987,0.253749,0.709315,-0.141486,0.9995,0.251251,0.698269,-0.122575,0.9993,0.370785,0.727212,-0.266214,0.9994,0.289799,0.51437,-0.074149,0.9952,0.509535,0.776892,-0.207227,0.9847,0.345927,0.524633,0.104365,0.0471,0.395314,0.825093,-0.105849,0.8996,0.309585,0.655315,0.256452,0.0385,0.364615,0.865096,-0.118216,0.8532,0.290117,0.676014,0.269796,0.0679,0.348633,0.845775,-0.130574,0.8626,0.29154,0.692665,0.255354,0.0718,0.356962,0.831975,-0.108239,0.8423,0.304268,0.689376,0.255768,0.0752,0.596278,0.542469,-0.067579,0.9997,0.543556,0.427419,0.068997,0.9987,0.742956,0.464428,0.131852,0.9731,0.653177,0.362966,0.293779,0.7525,0.847177,0.366225,0.283354,0.9708,0.739413,0.264023,0.476374,0.7922,0.864773,0.33653,0.299867,0.9405,0.75619,0.24643,0.495201,0.75,0.849389,0.411788,0.317675,0.8853,0.758047,0.322667,0.540274,0.7672
bhujangasana_zen_0106,bhujangasana,step 2,ZEN,external,wrong,Hand and Legs,CC BY 4.0,data/datasets/yoga_for_all/bhujangasana/wrong/step_2-_Hand_and_Legs/20230312_111921(0).jpg,True,1019,1024,True,0.9848,0.0161,173.305,157.281,178.129,65.896,18.819,44.21,170.066,159.1,123.746,116.573,157.281,173.305,65.896,178.129,116.573,123.746,159.1,170.066,2.13,18.46,170.066,173.305,65.896,2.13,50.734,-50.734,27.789,33.269,45.846,42.272,-0.6329,-0.37,0.2924,0.7908,0.201259,0.241756,0.154571,0.9948,0.195672,0.231023,0.175358,0.9944,0.195937,0.230638,0.176009,0.9947,0.196416,0.229938,0.176057,0.9945,0.19593,0.232674,0.166851,0.994,0.196198,0.233236,0.165971,0.9933,0.195864,0.234255,0.166803,0.9931,0.198158,0.238124,0.256556,0.9962,0.198136,0.241363,0.205383,0.9941,0.209417,0.250537,0.180747,0.9929,0.207278,0.254614,0.165886,0.9925,0.30857,0.276008,0.227191,0.9939,0.159879,0.37309,0.195642,0.9848,0.406957,0.340533,0.258598,0.2076,0.198828,0.499173,0.139779,0.2342,0.429796,0.356599,0.320152,0.0161,0.276786,0.431278,0.062786,0.0694,0.447144,0.35796,0.326104,0.0184,0.288596,0.413184,0.067443,0.0802,0.447268,0.354324,0.312478,0.0182,0.278466,0.402427,0.071693,0.0803,0.440247,0.357547,0.318269,0.0221,0.280532,0.404712,0.065597,0.0803,0.435264,0.438578,-0.002594,0.9995,0.381396,0.493789,0.003944,0.9993,0.579964,0.569473,-0.189609,0.9707,0.516116,0.651326,-0.150932,0.8432,0.778188,0.710577,-0.200022,0.918,0.742482,0.765526,-0.198915,0.9005,0.790655,0.720641,-0.203634,0.7149,0.773025,0.763293,-0.200728,0.7146,0.83467,0.824522,-0.277276,0.8566,0.815122,0.845781,-0.275877,0.8359
bhujangasana_zen_0107,bhujangasana,step 2,ZEN,external,wrong,Hand and Legs,CC BY 4.0,data/datasets/yoga_for_all/bhujangasana/wrong/step_2-_Hand_and_Legs/20230312_111925.jpg,True,927,1024,True,0.9994,0.0799,172.433,162.836,76.933,4.946,13.427,41.635,162.708,164.873,164.555,174.509,162.836,172.433,4.946,76.933,164.555,174.509,162.708,164.873,16.554,46.843,164.873,162.836,4.946,46.843,42.895,42.895,4.046,30.739,38.556,40.71,-0.7326,-0.2558,0.4647,0.8751,0.814324,0.217924,0.367094,0.9999,0.811995,0.203034,0.356019,0.9999,0.807229,0.199954,0.356583,0.9999,0.8023,0.196931,0.356533,0.9999,0.824159,0.209773,0.34868,0.9999,0.827864,0.211446,0.34784,0.9999,0.831628,0.213282,0.348508,0.9999,0.790987,0.198193,0.296831,0.9999,0.834489,0.222049,0.253434,0.9999,0.801061,0.223681,0.346481,0.9999,0.814783,0.230987,0.330234,0.9998,0.679129,0.22426,0.244744,0.9998,0.842796,0.312369,0.151571,0.9994,0.582281,0.310642,0.332347,0.6563,0.817936,0.431483,0.193088,0.9788,0.642265,0.345048,0.475079,0.0799,0.83653,0.37138,0.302986,0.5849,0.664082,0.344823,0.505528,0.0635,0.867224,0.362471,0.342202,0.4933,0.681835,0.347868,0.509588,0.0623,0.851257,0.340681,0.348927,0.4964,0.676463,0.350457,0.48334,0.0699,0.838484,0.349515,0.314279,0.4866,0.570308,0.381925,0.037348,0.9999,0.655402,0.443323,-0.035853,0.9997,0.400008,0.514577,0.045211,0.9925,0.519936,0.604845,-0.030814,0.996,0.229505,0.687675,-0.226961,0.9978,0.313319,0.738897,-0.318708,0.9991,0.216132,0.700134,-0.252875,0.9987,0.277451,0.735577,-0.336972,0.9995,0.138526,0.783084,-0.246186,0.9864,0.220232,0.829508,-0.3067,0.993
bhujangasana_zen_0108,bhujangasana,step 2,ZEN,external,wrong,Hand and Legs,CC BY 4.0,data/datasets/yoga_for_all/bhujangasana/wrong/step_2-_Hand_and_Legs/20230312_111931(0).jpg,True,871,1024,True,0.9546,0.0656,176.805,160.856,73.059,37.579,41.664,51.657,172.697,158.382,178.2,173.156,160.856,176.805,37.579,73.059,173.156,178.2,158.382,172.697,103.119,121.132,158.382,160.856,37.579,121.132,116.009,116.009,1.916,52.463,51.839,16.357,0.4385,0.3133,0.3772,0.8564,0.818807,0.641558,-0.215548,0.9968,0.831479,0.62809,-0.246066,0.9935,0.833296,0.622894,-0.245181,0.992,0.836194,0.614292,-0.245073,0.9888,0.817904,0.642351,-0.256,0.9955,0.812824,0.645631,-0.256216,0.9958,0.808154,0.648348,-0.2553,0.9954,0.816471,0.58967,-0.266881,0.9874,0.773835,0.639448,-0.319871,0.9955,0.798353,0.628388,-0.210911,0.9927,0.783991,0.638524,-0.227735,0.9935,0.750578,0.49562,-0.171379,0.9546,0.613444,0.64743,-0.312231,0.9829,0.669143,0.530525,0.020529,0.0931,0.475121,0.676072,-0.185069,0.8382,0.746734,0.599623,0.170357,0.0656,0.602623,0.724124,-0.080568,0.7825,0.771167,0.61276,0.190579,0.1474,0.623115,0.750906,-0.100371,0.863,0.761519,0.628816,0.165834,0.1292,0.644415,0.735831,-0.09974,0.841,0.745107,0.621043,0.167443,0.1277,0.639598,0.725179,-0.080743,0.8011,0.481674,0.434677,0.040727,0.9968,0.409946,0.512316,-0.039481,0.9986,0.363233,0.393518,0.28488,0.2082,0.266682,0.47655,0.192352,0.5935,0.220513,0.351653,0.542014,0.3966,0.138114,0.398544,0.432745,0.8896,0.192539,0.334237,0.570996,0.5828,0.111707,0.374845,0.457984,0.907,0.252402,0.36755,0.626271,0.1434,0.122659,0.431492,0.491404,0.3847
bhujangasana_zen_0109,bhujangasana,step 2,ZEN,external,wrong,Legs,CC BY 4.0,data/datasets/yoga_for_all/bhujangasana/wrong/step_2-_Legs/20230312_111821(0).jpg,True,848,1024,True,0.9996,0.0644,167.825,149.392,153.357,19.178,39.906,78.823,168.754,171.106,174.701,166.774,149.392,167.825,19.178,153.357,166.774,174.701,168.754,171.106,28.407,60.579,171.106,149.392,19.178,60.579,41.496,41.496,37.226,16.042,29.382,45.047,-0.749,-0.4343,0.4698,0.9981,0.802158,0.219976,0.588189,0.9836,0.79647,0.209654,0.581329,0.9799,0.791812,0.209015,0.581786,0.978,0.785298,0.206721,0.581439,0.9747,0.811843,0.212608,0.585547,0.9852,0.816903,0.213368,0.584586,0.986,0.822566,0.215012,0.584126,0.9854,0.779567,0.214416,0.499575,0.9886,0.828003,0.227074,0.49501,0.9917,0.791481,0.230061,0.553646,0.9926,0.810001,0.233522,0.549622,0.9907,0.714164,0.262969,0.362841,0.9996,0.882186,0.302978,0.36152,0.9997,0.727506,0.364694,0.310626,0.1335,0.940354,0.381678,0.331494,0.4534,0.694575,0.437851,0.359962,0.0644,0.895966,0.351535,0.433729,0.114,0.686253,0.450174,0.387247,0.0558,0.900033,0.341431,0.477457,0.0936,0.696426,0.453615,0.395899,0.0534,0.872339,0.333817,0.485972,0.0874,0.704824,0.453644,0.369995,0.0541,0.866227,0.338158,0.446982,0.1085,0.630072,0.36736,0.021749,1.0,0.734151,0.41589,-0.020805,0.9999,0.453291,0.513997,0.039697,0.8077,0.589873,0.566315,-0.009389,0.946,0.323335,0.583544,-0.351105,0.8851,0.38034,0.63269,-0.434963,0.9399,0.32114,0.580246,-0.398998,0.9303,0.357825,0.630593,-0.474002,0.9819,0.271114,0.666306,-0.450769,0.7743,0.26719,0.700984,-0.516692,0.8824
bhujangasana_zen_0110,bhujangasana,step 2,ZEN,external,wrong,Legs,CC BY 4.0,data/datasets/yoga_for_all/bhujangasana/wrong/step_2-_Legs/20230312_111821.jpg,True,1024,924,True,0.9987,0.0089,169.21,158.443,163.618,65.348,10.911,44.115,156.918,173.524,160.176,149.412,158.443,169.21,65.348,163.618,149.412,160.176,156.918,173.524,3.861,13.166,173.524,158.443,163.618,3.861,34.927,34.927,34.207,17.992,27.77,43.233,-0.8199,-0.5087,0.5494,1.179,0.719083,0.203766,0.633744,0.9559,0.713288,0.195227,0.635041,0.9656,0.709006,0.19497,0.635479,0.9636,0.70455,0.194382,0.635242,0.9621,0.725379,0.197054,0.641628,0.9655,0.729238,0.198305,0.640636,0.9654,0.732838,0.199361,0.639776,0.9658,0.697172,0.203831,0.566461,0.9697,0.738046,0.213012,0.567916,0.974,0.709432,0.213727,0.601835,0.9627,0.724002,0.219857,0.599622,0.9535,0.650358,0.246723,0.429605,0.9993,0.783447,0.294625,0.445134,0.9987,0.622032,0.385186,0.364081,0.0241,0.783955,0.384177,0.413963,0.0241,0.574795,0.47902,0.397503,0.0412,0.745847,0.365115,0.505347,0.0089,0.561511,0.495245,0.421678,0.0479,0.760588,0.356753,0.548709,0.0115,0.571181,0.501952,0.430108,0.0457,0.730003,0.342274,0.559818,0.0112,0.581247,0.498849,0.407051,0.0476,0.723052,0.345404,0.519229,0.0152,0.607718,0.354449,0.015852,1.0,0.690185,0.402575,-0.014745,0.9999,0.482747,0.484654,0.050651,0.4181,0.600366,0.533345,0.033675,0.5249,0.413956,0.589671,-0.424629,0.7556,0.473895,0.61811,-0.45743,0.6787,0.402542,0.601579,-0.481428,0.9045,0.460295,0.626435,-0.504991,0.9451,0.37781,0.673218,-0.536788,0.5986,0.400706,0.685539,-0.547732,0.5952
bhujangasana_zen_0111,bhujangasana,step 2,ZEN,external,wrong,Legs,CC BY 4.0,data/datasets/yoga_for_all/bhujangasana/wrong/step_2-_Legs/20230312_111823(0).jpg,True,1024,507,True,0.9997,0.3472,173.738,161.607,150.249,30.284,77.664,98.335,170.194,179.534,159.227,174.553,161.607,173.738,30.284,150.249,159.227,174.553,170.194,179.534,80.298,85.375,179.534,161.607,30.284,80.298,70.317,70.317,24.645,44.326,64.54,15.593,-0.3368,-0.13,0.1921,0.6156,0.781505,0.335402,0.35882,0.9997,0.784951,0.31365,0.337998,0.9996,0.782386,0.307899,0.33869,0.9995,0.779152,0.299428,0.338513,0.9995,0.791063,0.323803,0.336482,0.9997,0.793069,0.32892,0.335688,0.9997,0.794569,0.331027,0.336269,0.9998,0.772108,0.295059,0.260746,0.9998,0.794128,0.340232,0.232668,0.9999,0.771266,0.341553,0.336226,0.9997,0.779377,0.357142,0.326758,0.9997,0.708944,0.303691,0.257106,0.9998,0.790193,0.463978,0.11771,0.9999,0.733433,0.516873,0.294616,0.3472,0.833525,0.665409,0.187855,0.9848,0.759763,0.574273,0.380216,0.407,0.797163,0.611595,0.387543,0.7893,0.766538,0.592125,0.418189,0.3566,0.805956,0.606519,0.411243,0.681,0.775554,0.586935,0.414328,0.3421,0.78678,0.581784,0.419127,0.6638,0.765763,0.587985,0.386295,0.2992,0.786661,0.584758,0.397851,0.6688,0.56084,0.445716,0.065316,0.9999,0.590844,0.572988,-0.06428,0.9997,0.4135,0.528762,0.088068,0.9561,0.428213,0.664793,-0.040283,0.9966,0.266038,0.577694,-0.073717,0.9769,0.268302,0.649122,-0.260069,0.998,0.252515,0.562973,-0.097616,0.9845,0.251616,0.61958,-0.276972,0.9975,0.195575,0.620949,-0.117682,0.9722,0.179988,0.676306,-0.279002,0.9945
bhujangasana_zen_0112,bhujangasana,step 2,ZEN,external,wrong,Legs,CC BY 4.0,data/datasets/yoga_for_all/bhujangasana/wrong/step_2-_Legs/20230312_111824(0).jpg,True,1024,470,True,0.9993,0.3212,177.616,162.382,126.38,3.786,73.842,96.459,169.69,177.449,162.462,164.27,162.382,177.616,3.786,126.38,162.462,164.27,169.69,177.449,90.096,95.231,177.449,162.382,3.786,95.231,76.411,76.411,30.062,49.182,75.029,7.132,-0.235,-0.1311,0.1436,0.4986,0.766902,0.246347,0.276839,0.9999,0.769935,0.217349,0.263105,0.9999,0.766876,0.210813,0.263705,0.9999,0.763348,0.201654,0.263713,0.9999,0.775557,0.230142,0.253624,0.9999,0.776564,0.232598,0.252964,0.9999,0.777801,0.238652,0.253762,0.9999,0.753975,0.198332,0.223138,0.9999,0.774719,0.247254,0.161021,0.9999,0.754586,0.260882,0.268395,0.9998,0.760418,0.273866,0.250035,0.9999,0.691254,0.220587,0.251714,0.9993,0.758253,0.389589,0.064598,0.9994,0.693706,0.459027,0.303822,0.3212,0.792249,0.632481,0.121712,0.9774,0.735012,0.522268,0.405152,0.3477,0.782125,0.574244,0.261846,0.8374,0.745736,0.52877,0.441241,0.3028,0.796027,0.558702,0.269589,0.7823,0.750305,0.520754,0.433835,0.2841,0.776776,0.531014,0.27565,0.768,0.742158,0.523361,0.408853,0.2583,0.77709,0.537134,0.268045,0.7478,0.516331,0.340324,0.07895,0.9997,0.533515,0.480337,-0.077665,0.9994,0.347963,0.38622,0.088844,0.9413,0.351606,0.535678,-0.072172,0.9966,0.197157,0.41351,-0.000961,0.9657,0.188971,0.475309,-0.214428,0.9978,0.179669,0.380014,-0.015655,0.9727,0.173133,0.444768,-0.222452,0.9954,0.127397,0.445307,-0.034028,0.9617,0.104982,0.502083,-0.22215,0.9929
bhujangasana_zen_0113,bhujangasana,step 2,ZEN,external,wrong,Legs,CC BY 4.0,data/datasets/yoga_for_all/bhujangasana/wrong/step_2-_Legs/20230312_111824(1).jpg,True,1024,498,True,0.9989,0.2532,178.612,163.69,114.095,10.022,71.279,97.613,167.845,177.059,163.085,171.449,163.69,178.612,10.022,114.095,163.085,171.449,167.845,177.059,91.743,92.6,177.059,163.69,10.022,91.743,79.777,79.777,24.899,56.91,80.973,2.16,-0.1775,-0.1206,0.1582,0.4502,0.869293,0.361829,0.14972,0.9998,0.869959,0.327316,0.137759,0.9997,0.866673,0.321461,0.138287,0.9997,0.863284,0.315637,0.138327,0.9997,0.875062,0.341313,0.12223,0.9997,0.875465,0.34468,0.121432,0.9997,0.87573,0.347805,0.122175,0.9997,0.84876,0.315534,0.118087,0.9998,0.866631,0.358805,0.030308,0.9997,0.853955,0.374417,0.148656,0.9995,0.858632,0.391672,0.123807,0.9996,0.774212,0.330288,0.175741,0.9989,0.829679,0.505314,-0.057936,0.9989,0.765941,0.551024,0.226066,0.4166,0.860816,0.754317,-0.010567,0.9763,0.814951,0.605743,0.326452,0.2532,0.841494,0.666904,0.145817,0.7409,0.81731,0.602977,0.356907,0.2103,0.853496,0.657945,0.157395,0.6657,0.821921,0.593571,0.354342,0.1985,0.839968,0.624504,0.164177,0.6516,0.813794,0.598135,0.330002,0.1857,0.832238,0.629808,0.152284,0.645,0.574795,0.434923,0.090935,0.9994,0.584876,0.565401,-0.089634,0.9989,0.396692,0.448736,0.115152,0.8686,0.394448,0.591865,-0.077431,0.992,0.244303,0.452958,0.095985,0.9386,0.225311,0.515127,-0.154458,0.9944,0.232511,0.420329,0.089587,0.9501,0.210056,0.486309,-0.155429,0.9894,0.180631,0.479081,0.075045,0.9332,0.154198,0.528262,-0.155809,0.9835
bhujangasana_zen_0114,bhujangasana,step 2,ZEN,external,wrong,Legs,CC BY 4.0,data/datasets/yoga_for_all/bhujangasana/wrong/step_2-_Legs/20230312_111825.jpg,True,1024,451,True,0.999,0.2529,179.626,159.761,112.184,12.713,75.656,97.462,169.341,179.976,158.079,158.388,159.761,179.626,12.713,112.184,158.079,158.388,169.341,179.976,96.664,102.611,179.976,159.761,12.713,102.611,78.128,78.128,29.105,56.613,83.538,4.598,-0.2057,-0.1443,0.1487,0.3846,0.866478,0.359948,0.107132,0.9998,0.865414,0.322402,0.103295,0.9998,0.862879,0.318223,0.103795,0.9998,0.8604,0.313802,0.103822,0.9997,0.868423,0.331625,0.082516,0.9997,0.868001,0.333448,0.08164,0.9997,0.867581,0.335018,0.082325,0.9997,0.845324,0.314796,0.114887,0.9998,0.857844,0.345675,0.004951,0.9997,0.853067,0.382381,0.116504,0.9996,0.855639,0.390916,0.085137,0.9996,0.77472,0.351543,0.189531,0.999,0.822818,0.517242,-0.088663,0.9991,0.776384,0.588489,0.23758,0.4222,0.857839,0.786327,-0.041259,0.9751,0.82421,0.630763,0.308031,0.2529,0.855474,0.704403,0.128224,0.7503,0.858052,0.650517,0.329585,0.2053,0.871482,0.68761,0.134866,0.6798,0.849072,0.625304,0.327704,0.1965,0.856617,0.659598,0.138898,0.6653,0.832009,0.626355,0.309645,0.1886,0.853766,0.664067,0.133934,0.6581,0.573178,0.476365,0.101513,0.9993,0.57958,0.604722,-0.100278,0.999,0.400966,0.507814,0.119562,0.8528,0.395311,0.671172,-0.10615,0.9932,0.251834,0.532822,0.151892,0.9252,0.234634,0.598837,-0.14621,0.9935,0.233841,0.492856,0.150431,0.9278,0.217829,0.565915,-0.143955,0.985,0.190647,0.580052,0.131841,0.9142,0.165938,0.628918,-0.153981,0.9796
bhujangasana_zen_0115,bhujangasana,step 2,ZEN,external,wrong,Legs,CC BY 4.0,data/datasets/yoga_for_all/bhujangasana/wrong/step_2-_Legs/20230312_111826(1).jpg,True,1024,652,True,0.9891,0.3184,177.667,163.628,123.399,72.045,91.089,94.918,167.232,174.505,147.342,132.948,163.628,177.667,72.045,123.399,132.948,147.342,167.232,174.505,111.691,132.292,174.505,163.628,72.045,132.292,82.24,82.24,28.436,85.886,77.563,0.735,-0.135,-0.1486,0.1785,0.3496,0.856857,0.269231,-0.198487,0.9994,0.854009,0.239993,-0.187411,0.9991,0.852301,0.237585,-0.186918,0.999,0.850489,0.234569,-0.186927,0.9989,0.852896,0.243238,-0.216434,0.9991,0.850811,0.243427,-0.217153,0.9991,0.848386,0.243168,-0.21646,0.999,0.827513,0.233263,-0.105441,0.9985,0.824711,0.246136,-0.246241,0.9986,0.841919,0.292885,-0.165771,0.9992,0.839875,0.296512,-0.205816,0.9991,0.743334,0.258503,-0.002058,0.9891,0.749976,0.403542,-0.292399,0.995,0.767694,0.437631,0.08375,0.3339,0.774814,0.632297,-0.250302,0.9901,0.832727,0.477541,0.112644,0.3184,0.859067,0.563024,-0.17453,0.9783,0.853796,0.461976,0.111781,0.3257,0.886159,0.556805,-0.211049,0.9686,0.846881,0.457638,0.092498,0.3244,0.88147,0.532689,-0.206073,0.9665,0.844546,0.471151,0.106511,0.3429,0.866845,0.529205,-0.174426,0.9555,0.491586,0.335122,0.100184,0.9977,0.476966,0.43924,-0.098719,0.9981,0.332411,0.327261,0.234683,0.7959,0.310568,0.435886,0.026864,0.9921,0.194389,0.311593,0.375028,0.9297,0.160497,0.363341,0.136205,0.9926,0.17129,0.288063,0.38774,0.9411,0.13631,0.342585,0.147516,0.9859,0.178513,0.34186,0.381548,0.9259,0.122894,0.379338,0.12635,0.9798
bhujangasana_zen_0116,bhujangasana,step 2,ZEN,external,wrong,Legs,CC BY 4.0,data/datasets/yoga_for_all/bhujangasana/wrong/step_2-_Legs/20230312_111826.jpg,True,1024,478,True,0.9989,0.505,177.44,160.671,100.25,66.477,84.931,98.888,172.238,179.456,142.771,138.823,160.671,177.44,66.477,100.25,138.823,142.771,172.238,179.456,114.873,123.93,179.456,160.671,66.477,123.93,80.364,80.364,36.098,64.138,89.797,4.594,-0.1674,-0.201,0.1488,0.3257,0.824729,0.345206,0.035845,0.9998,0.823094,0.315066,0.030804,0.9998,0.821523,0.312885,0.031122,0.9998,0.820074,0.310413,0.031062,0.9998,0.824078,0.3196,0.007979,0.9998,0.823195,0.320481,0.007154,0.9998,0.822443,0.321237,0.007861,0.9997,0.805569,0.316776,0.046608,0.9998,0.812105,0.33493,-0.07059,0.9997,0.814874,0.377392,0.04699,0.9997,0.815207,0.383943,0.013541,0.9997,0.738225,0.372232,0.137847,0.9989,0.771115,0.51758,-0.144838,0.9989,0.752666,0.614135,0.179001,0.505,0.80809,0.7914,-0.103261,0.9797,0.826947,0.62237,0.206279,0.5756,0.851467,0.714369,0.015937,0.9373,0.844837,0.609392,0.222951,0.483,0.864742,0.700518,0.004646,0.9083,0.842199,0.605658,0.216238,0.4672,0.85126,0.668111,0.008535,0.9005,0.835472,0.616263,0.205902,0.4414,0.845168,0.666815,0.019987,0.8778,0.526506,0.471591,0.097734,0.9991,0.526319,0.584262,-0.09638,0.9989,0.362741,0.499781,0.132599,0.8388,0.352362,0.635248,-0.077586,0.9907,0.22106,0.510561,0.182435,0.9216,0.199721,0.568495,-0.072468,0.9903,0.206223,0.481873,0.18273,0.9229,0.182776,0.541893,-0.068801,0.9784,0.176873,0.555299,0.162829,0.9127,0.154881,0.595897,-0.088365,0.9768
bhujangasana_zen_0117,bhujangasana,step 2,ZEN,external,wrong,Legs,CC BY 4.0,data/datasets/yoga_for_all/bhujangasana/wrong/step_2-_Legs/20230312_111827(1).jpg,True,1024,688,True,0.9961,0.3161,174.39,160.584,148.186,75.778,104.241,87.877,168.379,174.476,140.502,129.186,160.584,174.39,75.778,148.186,129.186,140.502,168.379,174.476,118.697,135.435,174.476,160.584,75.778,135.435,81.735,81.735,38.18,52.494,57.412,0.145,-0.1438,-0.2838,0.1951,0.422,0.82398,0.22748,-0.36035,0.9999,0.81525,0.205924,-0.345252,0.9996,0.81501,0.203984,-0.344823,0.9995,0.814461,0.201665,-0.344927,0.9994,0.809001,0.212103,-0.370392,0.9997,0.804669,0.214064,-0.371535,0.9997,0.800194,0.215729,-0.370946,0.9997,0.792383,0.20699,-0.246805,0.9987,0.764295,0.228114,-0.367912,0.9994,0.818751,0.244835,-0.322665,0.9998,0.810141,0.25889,-0.357614,0.9998,0.736208,0.271346,-0.140225,0.9961,0.671146,0.397517,-0.370273,0.9969,0.778357,0.405623,-0.092565,0.3161,0.680716,0.647894,-0.362834,0.9941,0.848121,0.473426,-0.193749,0.7514,0.822675,0.581365,-0.386609,0.9933,0.880674,0.481467,-0.234558,0.7351,0.856422,0.574747,-0.441184,0.9887,0.875806,0.481236,-0.261918,0.7381,0.856792,0.549181,-0.445266,0.9886,0.860332,0.478307,-0.21159,0.736,0.846965,0.541263,-0.393844,0.9856,0.471137,0.346614,0.08117,0.999,0.435066,0.430601,-0.080037,0.9996,0.33413,0.343697,0.283872,0.74,0.294634,0.430073,0.124635,0.9884,0.218283,0.324268,0.495496,0.8791,0.179056,0.368951,0.316102,0.9924,0.199149,0.297223,0.516285,0.8699,0.158155,0.335795,0.332434,0.9896,0.19842,0.351577,0.504678,0.9175,0.162292,0.380226,0.29478,0.9848
bhujangasana_zen_0118,bhujangasana,step 2,ZEN,external,wrong,Legs,CC BY 4.0,data/datasets/yoga_for_all/bhujangasana/wrong/step_2-_Legs/20230312_111828(0).jpg,True,1024,812,True,0.9914,0.1654,170.518,152.127,161.606,79.693,108.347,87.061,170.365,178.013,142.772,133.788,152.127,170.518,79.693,161.606,133.788,142.772,170.365,178.013,118.662,138.767,178.013,152.127,79.693,138.767,86.273,86.273,49.156,38.95,38.036,1.068,-0.065,-0.3166,0.1894,0.6862,0.785678,0.284959,-0.473737,0.9997,0.776755,0.26141,-0.469762,0.9991,0.77869,0.259284,-0.469185,0.9989,0.779485,0.257186,-0.469033,0.9984,0.765564,0.26589,-0.483939,0.9995,0.757445,0.266674,-0.484912,0.9995,0.748691,0.267479,-0.48443,0.9993,0.755209,0.261451,-0.389443,0.9967,0.700314,0.280855,-0.454891,0.9985,0.781044,0.314682,-0.439819,0.9995,0.767278,0.325719,-0.459335,0.9993,0.726064,0.31571,-0.267193,0.9945,0.597086,0.447189,-0.418615,0.9914,0.766797,0.4169,-0.191252,0.1654,0.580054,0.670489,-0.371975,0.9748,0.848299,0.518584,-0.262392,0.6226,0.765519,0.650796,-0.396313,0.9837,0.874157,0.54102,-0.29902,0.6468,0.810501,0.647107,-0.45739,0.9719,0.865413,0.556827,-0.327695,0.6726,0.82457,0.616441,-0.463864,0.9722,0.851687,0.548178,-0.27851,0.6464,0.80829,0.610951,-0.40551,0.9642,0.454891,0.367225,0.060753,0.9986,0.385885,0.435303,-0.059162,0.9994,0.340427,0.364534,0.337756,0.256,0.285766,0.425273,0.21426,0.8798,0.245482,0.342234,0.621282,0.4027,0.201377,0.357698,0.486552,0.8636,0.234593,0.328734,0.652232,0.5107,0.187625,0.340249,0.514312,0.911,0.234653,0.370077,0.670623,0.4369,0.198526,0.398832,0.510695,0.8191
bhujangasana_zen_0119,bhujangasana,step 2,ZEN,external,wrong,Legs,CC BY 4.0,data/datasets/yoga_for_all/bhujangasana/wrong/step_2-_Legs/20230312_111828.jpg,True,1024,616,True,0.9851,0.1429,175.301,148.226,147.471,80.459,104.066,88.522,168.329,178.905,136.021,127.281,148.226,175.301,80.459,147.471,127.281,136.021,168.329,178.905,122.138,139.153,178.905,148.226,80.459,139.153,81.889,81.889,46.595,46.125,47.826,0.17,-0.1411,-0.3724,0.2077,0.5385,0.699101,0.254158,-0.441141,0.9997,0.690513,0.230956,-0.435727,0.9991,0.691303,0.22885,-0.435177,0.9988,0.691933,0.226956,-0.435206,0.9983,0.680208,0.238178,-0.453191,0.9994,0.672457,0.240079,-0.454236,0.9994,0.662946,0.242849,-0.45359,0.9993,0.676743,0.232853,-0.355044,0.9965,0.628975,0.264015,-0.434244,0.9982,0.697765,0.275974,-0.408389,0.9995,0.685358,0.286501,-0.431919,0.9992,0.634658,0.31484,-0.234007,0.9883,0.558244,0.446953,-0.408018,0.9851,0.667618,0.427642,-0.206984,0.1429,0.563434,0.683611,-0.383273,0.9674,0.747491,0.509211,-0.311535,0.5646,0.706562,0.634649,-0.407623,0.9795,0.771429,0.531125,-0.346225,0.5788,0.748018,0.626608,-0.462504,0.9667,0.76867,0.54499,-0.370747,0.596,0.748325,0.595944,-0.468689,0.9662,0.754806,0.53835,-0.327061,0.5614,0.738693,0.586921,-0.415772,0.9572,0.414014,0.391741,0.056829,0.9984,0.373496,0.466091,-0.055381,0.999,0.30103,0.392298,0.300748,0.5141,0.251429,0.474846,0.190956,0.9366,0.20962,0.380262,0.552365,0.6754,0.168359,0.397344,0.410899,0.9317,0.194108,0.362556,0.577299,0.6842,0.150678,0.366148,0.433184,0.9486,0.188259,0.400023,0.577132,0.6446,0.154752,0.418765,0.413309,0.8974
bhujangasana_zen_0120,bhujangasana,step 2,ZEN,external,wrong,Legs,CC BY 4.0,data/datasets/yoga_for_all/bhujangasana/wrong/step_2-_Legs/20230312_111829.jpg,True,1024,841,True,0.9408,0.4547,143.859,114.292,166.322,122.829,87.446,75.786,161.432,172.967,149.046,145.91,114.292,143.859,122.829,166.322,145.91,149.046,161.432,172.967,94.962,101.883,172.967,114.292,122.829,101.883,65.316,65.316,22.119,48.177,66.963,7.424,-0.4176,-0.2951,0.5381,1.1555,0.718648,0.311701,-0.574461,0.9932,0.715316,0.281816,-0.574468,0.9882,0.716654,0.277009,-0.573893,0.9876,0.71776,0.272946,-0.573879,0.986,0.706322,0.291569,-0.588674,0.9886,0.700033,0.294026,-0.589282,0.987,0.691812,0.320321,-0.588454,0.9846,0.69968,0.265605,-0.480211,0.9866,0.641085,0.30337,-0.545797,0.9765,0.716145,0.325958,-0.532021,0.9948,0.702414,0.339253,-0.552101,0.9907,0.665125,0.287721,-0.349045,0.9978,0.553052,0.440221,-0.450384,0.9408,0.710535,0.415258,-0.239736,0.4547,0.572222,0.606462,-0.391003,0.6831,0.794483,0.550332,-0.24817,0.608,0.678859,0.666557,-0.417334,0.873,0.80862,0.578903,-0.2788,0.605,0.728613,0.679306,-0.469562,0.8611,0.795378,0.586814,-0.315507,0.6528,0.744263,0.642689,-0.485473,0.8659,0.785489,0.584018,-0.261849,0.6845,0.732198,0.635324,-0.429482,0.803,0.493883,0.389379,0.033463,0.9968,0.459968,0.486488,-0.031386,0.9975,0.433694,0.398928,0.324968,0.5454,0.365768,0.517593,0.1659,0.8049,0.345693,0.340223,0.597106,0.4742,0.277604,0.387208,0.483074,0.6632,0.323819,0.332812,0.628648,0.4552,0.257352,0.368486,0.5191,0.6067,0.371483,0.346254,0.650002,0.3913,0.290165,0.370183,0.526641,0.5483
bhujangasana_zen_0121,bhujangasana,step 3,ZEN,external,wrong,Head,CC BY 4.0,data/datasets/yoga_for_all/bhujangasana/wrong/step_3-_Head/20230312_111520.jpg,True,1024,472,True,0.9986,0.0462,54.015,76.285,20.774,32.343,28.665,34.714,0.735,65.97,107.733,60.245,54.015,76.285,20.774,32.343,60.245,107.733,0.735,65.97,36.571,90.975,0.735,54.015,20.774,90.975,176.479,-176.479,12.112,3.124,3.259,0.356,0.9981,0.6503,1.0274,1.4693,0.491615,0.725141,-0.302178,0.9957,0.498346,0.72697,-0.344126,0.9962,0.501376,0.725532,-0.342996,0.9958,0.506026,0.723773,-0.342697,0.9949,0.485466,0.726437,-0.339151,0.9977,0.481959,0.724969,-0.339565,0.998,0.476538,0.723177,-0.33919,0.9977,0.512404,0.695682,-0.379515,0.9933,0.466907,0.697742,-0.368507,0.9965,0.497423,0.708074,-0.300175,0.9906,0.481715,0.706539,-0.29863,0.9947,0.541795,0.620611,-0.334759,0.9986,0.425963,0.606898,-0.279533,0.9991,0.547784,0.558991,-0.148963,0.4053,0.418889,0.528239,-0.062776,0.4243,0.526406,0.631288,0.040101,0.0713,0.443616,0.585003,0.109658,0.0694,0.5307,0.643456,0.041809,0.1376,0.443279,0.59035,0.129333,0.1322,0.519989,0.647299,0.028816,0.1271,0.451293,0.595682,0.127217,0.1147,0.514494,0.640176,0.040258,0.1101,0.454566,0.593723,0.112194,0.0972,0.517608,0.446354,-0.025429,0.9994,0.459848,0.439218,0.027184,0.9993,0.5183,0.451114,0.264607,0.0982,0.449597,0.439357,0.362159,0.0462,0.53703,0.396243,0.585132,0.2746,0.456385,0.377343,0.671837,0.2713,0.539239,0.36949,0.626622,0.3932,0.457644,0.355611,0.711248,0.3967,0.540232,0.433876,0.705502,0.0432,0.456701,0.40847,0.781622,0.0307
bhujangasana_zen_0122,bhujangasana,step 3,ZEN,external,wrong,Head,CC BY 4.0,data/datasets/yoga_for_all/bhujangasana/wrong/step_3-_Head/20230312_111528(0).jpg,True,1024,472,True,0.9984,0.4139,171.763,166.368,169.471,150.635,24.757,32.907,137.914,142.295,1.414,11.495,166.368,171.763,150.635,169.471,1.414,11.495,137.914,142.295,21.754,22.002,142.295,166.368,150.635,22.002,174.896,174.896,3.824,5.488,8.608,62.801,0.996,0.6376,1.0413,1.0882,0.498158,0.700196,-0.184576,0.9998,0.505214,0.699261,-0.231764,0.9997,0.508606,0.695846,-0.23066,0.9996,0.513221,0.690972,-0.230986,0.9995,0.493392,0.702764,-0.22523,0.9998,0.489357,0.701989,-0.225468,0.9998,0.486155,0.700914,-0.225475,0.9998,0.517826,0.66192,-0.320834,0.9996,0.476484,0.67482,-0.302427,0.9999,0.502285,0.666688,-0.203663,0.9996,0.488198,0.678017,-0.199312,0.9998,0.543555,0.550756,-0.307123,0.9984,0.435356,0.573311,-0.312208,0.9996,0.54815,0.421705,-0.225336,0.9819,0.413633,0.458977,-0.223395,0.9399,0.545609,0.370213,-0.031219,0.4139,0.417763,0.385631,-0.080127,0.5679,0.546877,0.35108,-0.010335,0.4081,0.416709,0.349311,-0.07214,0.5373,0.543935,0.353846,-0.009904,0.3649,0.419288,0.361258,-0.067378,0.4916,0.542242,0.360362,-0.02738,0.2928,0.423184,0.368975,-0.077331,0.4646,0.507112,0.337476,0.002587,0.9988,0.454025,0.354912,-0.000633,0.9991,0.515567,0.291487,0.32558,0.4744,0.436159,0.279492,0.321123,0.6556,0.528216,0.177269,0.610565,0.7914,0.424228,0.172229,0.603815,0.8535,0.527272,0.150425,0.645176,0.814,0.424661,0.146638,0.638837,0.9026,0.53371,0.2348,0.743949,0.1134,0.417794,0.194205,0.714403,0.1506
bhujangasana_zen_0123,bhujangasana,step 3,ZEN,external,wrong,Head,CC BY 4.0,data/datasets/yoga_for_all/bhujangasana/wrong/step_3-_Head/20230312_111529(1).jpg,True,1024,472,True,0.9973,0.3657,168.228,178.462,165.877,138.305,29.934,29.778,139.67,152.821,19.216,9.214,168.228,178.462,138.305,165.877,9.214,19.216,139.67,152.821,13.883,25.225,139.67,168.228,165.877,25.225,171.081,-171.081,15.194,4.693,6.253,55.679,0.9879,0.578,1.1095,1.0851,0.467605,0.665941,-0.205396,0.9994,0.472469,0.682054,-0.257237,0.9992,0.476911,0.678811,-0.256139,0.999,0.478668,0.677319,-0.25639,0.9987,0.460464,0.685781,-0.247685,0.9995,0.455926,0.672547,-0.247829,0.9996,0.451715,0.671093,-0.248124,0.9995,0.482314,0.650888,-0.3715,0.9991,0.442664,0.650602,-0.338946,0.9997,0.472309,0.648945,-0.233948,0.9992,0.461041,0.646744,-0.225909,0.9995,0.509701,0.553277,-0.366997,0.9973,0.404447,0.53453,-0.328127,0.9986,0.535646,0.426405,-0.297577,0.9808,0.397756,0.410595,-0.24155,0.798,0.541112,0.357764,-0.091434,0.5621,0.418522,0.346293,-0.097948,0.3657,0.547088,0.331206,-0.077054,0.5177,0.421284,0.314163,-0.090526,0.3469,0.545562,0.332991,-0.074902,0.4856,0.426072,0.324581,-0.076714,0.3132,0.540864,0.343403,-0.088468,0.4107,0.426027,0.331808,-0.092875,0.2891,0.49944,0.341801,-0.007296,0.9994,0.444884,0.328833,0.009179,0.9993,0.525351,0.259461,0.28025,0.7711,0.442278,0.249609,0.334773,0.6951,0.547861,0.141849,0.552195,0.9422,0.439928,0.134797,0.607963,0.9193,0.549433,0.111977,0.585383,0.9333,0.440847,0.108353,0.63932,0.9079,0.553662,0.178534,0.66663,0.3438,0.441552,0.138989,0.702196,0.2675
bhujangasana_zen_0124,bhujangasana,step 3,ZEN,external,wrong,Head,CC BY 4.0,data/datasets/yoga_for_all/bhujangasana/wrong/step_3-_Head/20230312_111530(0).jpg,True,1024,472,True,0.9983,0.057,172.824,165.642,173.654,96.596,23.137,19.145,149.557,171.64,33.609,49.204,165.642,172.824,96.596,173.654,33.609,49.204,149.557,171.64,13.833,20.48,149.557,172.824,173.654,20.48,155.281,-155.281,15.552,17.734,21.818,46.428,0.9084,0.469,0.9793,0.9326,0.457676,0.667354,-0.154693,0.9818,0.454121,0.676112,-0.203251,0.9871,0.457193,0.677554,-0.202278,0.9871,0.458094,0.677196,-0.202439,0.9809,0.446538,0.675817,-0.194622,0.9852,0.441131,0.671667,-0.195201,0.9878,0.440152,0.670252,-0.195184,0.9839,0.458013,0.660904,-0.31635,0.9915,0.431676,0.642149,-0.28979,0.9933,0.462203,0.64734,-0.185488,0.9751,0.447683,0.637959,-0.178922,0.9785,0.501927,0.587861,-0.323526,0.9991,0.402371,0.518791,-0.259461,0.9983,0.541258,0.471556,-0.273672,0.8714,0.418117,0.401406,-0.121493,0.2821,0.565148,0.381496,-0.057507,0.5275,0.45735,0.415848,0.055814,0.057,0.573221,0.360676,-0.030675,0.5087,0.463917,0.412637,0.085699,0.0675,0.571398,0.359062,-0.027103,0.4896,0.468917,0.433167,0.107679,0.0645,0.564974,0.366262,-0.053975,0.439,0.469533,0.434805,0.063842,0.0632,0.526792,0.356585,-0.025497,0.9998,0.471237,0.308335,0.02686,0.9995,0.564071,0.271575,0.240045,0.8594,0.483094,0.257873,0.369098,0.4605,0.605601,0.149349,0.49792,0.96,0.496154,0.131672,0.642716,0.7632,0.610319,0.124777,0.528261,0.9602,0.500674,0.113052,0.673003,0.769,0.614916,0.200561,0.600304,0.6984,0.511755,0.137625,0.737304,0.2735
bhujangasana_zen_0125,bhujangasana,step 3,ZEN,external,wrong,Head,CC BY 4.0,data/datasets/yoga_for_all/bhujangasana/wrong/step_3-_Head/20230312_111531(0).jpg,True,1024,472,True,0.9983,0.0695,164.456,159.717,179.222,75.194,18.045,15.845,149.248,176.054,56.744,101.638,159.717,164.456,75.194,179.222,56.744,101.638,149.248,176.054,18.351,44.794,149.248,164.456,179.222,18.351,132.059,-132.059,21.355,38.072,40.078,20.855,0.6699,0.4049,0.8565,0.7441,0.434853,0.725963,-0.012731,0.9884,0.425682,0.734671,-0.055922,0.9887,0.425627,0.733789,-0.055603,0.9895,0.425637,0.732716,-0.055981,0.9865,0.422944,0.730102,-0.043155,0.9808,0.421458,0.727119,-0.044072,0.9827,0.417895,0.720531,-0.043845,0.9781,0.422922,0.712239,-0.178664,0.9902,0.410382,0.689992,-0.133664,0.9886,0.440077,0.707119,-0.049688,0.9888,0.437598,0.700664,-0.037793,0.9875,0.480097,0.672811,-0.212821,0.9997,0.398323,0.533841,-0.111815,0.9983,0.551709,0.569736,-0.212268,0.852,0.424273,0.469076,0.030746,0.1955,0.598542,0.504298,-0.087015,0.7107,0.45208,0.557863,0.242217,0.0695,0.613837,0.487538,-0.078048,0.6826,0.452819,0.5758,0.272422,0.0832,0.609434,0.484438,-0.080861,0.6797,0.455731,0.596933,0.281997,0.0817,0.604669,0.486565,-0.087177,0.6077,0.459018,0.590264,0.249264,0.0906,0.564889,0.440659,-0.048467,0.9999,0.520825,0.360223,0.049162,0.9994,0.633507,0.383946,0.177261,0.965,0.550117,0.312158,0.346344,0.5859,0.697527,0.281552,0.363877,0.9726,0.584993,0.193916,0.581748,0.6599,0.706272,0.253067,0.38294,0.9686,0.590387,0.171125,0.607279,0.6889,0.720946,0.330676,0.41751,0.8829,0.605826,0.226551,0.665189,0.4507
bhujangasana_zen_0126,bhujangasana,step 3,ZEN,external,wrong,Head,CC BY 4.0,data/datasets/yoga_for_all/bhujangasana/wrong/step_3-_Head/20230312_111532(0).jpg,True,1024,472,True,0.9992,0.0315,163.677,166.636,178.672,108.317,17.235,3.393,152.279,172.638,70.707,98.574,163.677,166.636,108.317,178.672,70.707,98.574,152.279,172.638,17.795,28.296,152.279,163.677,178.672,17.795,118.311,-118.311,24.757,54.197,51.476,9.366,0.4743,0.3719,0.8202,0.684,0.405395,0.701877,-0.017643,0.9978,0.396312,0.709014,-0.060488,0.998,0.396203,0.708839,-0.060227,0.9979,0.396266,0.708591,-0.060477,0.9976,0.394546,0.704239,-0.03797,0.9965,0.393373,0.701344,-0.03898,0.9966,0.392297,0.698411,-0.038502,0.9965,0.394372,0.686141,-0.184904,0.9979,0.387361,0.66353,-0.096049,0.9985,0.411891,0.685074,-0.055785,0.9987,0.410049,0.679213,-0.030706,0.9986,0.450601,0.672344,-0.226744,0.9999,0.392945,0.498929,-0.060761,0.9992,0.533181,0.607658,-0.240096,0.9167,0.440684,0.454721,0.094307,0.0785,0.593876,0.563536,-0.123324,0.7544,0.468758,0.523727,0.276587,0.0315,0.609856,0.548316,-0.119016,0.6963,0.471567,0.535517,0.301459,0.0422,0.609912,0.545761,-0.121801,0.6917,0.470927,0.55353,0.299854,0.0426,0.603719,0.548092,-0.123069,0.6307,0.473461,0.551689,0.27897,0.0503,0.565618,0.483711,-0.066156,0.9999,0.531624,0.391075,0.067024,0.9993,0.652113,0.452759,0.12015,0.9747,0.575798,0.342067,0.335599,0.5731,0.730336,0.371126,0.269325,0.9859,0.626689,0.247944,0.546553,0.7123,0.738852,0.346738,0.285118,0.9806,0.632776,0.228011,0.569808,0.7182,0.753902,0.432162,0.309817,0.9422,0.631871,0.281739,0.624343,0.6139
bhujangasana_zen_0127,bhujangasana,step 3,ZEN,external,wrong,Head,CC BY 4.0,data/datasets/yoga_for_all/bhujangasana/wrong/step_3-_Head/20230312_111533(0).jpg,True,1024,472,True,0.9997,0.0379,170.068,171.495,179.688,158.546,14.645,2.5,161.852,173.787,88.863,97.083,170.068,171.495,158.546,179.688,88.863,97.083,161.852,173.787,12.273,14.501,161.852,170.068,179.688,14.501,100.657,-100.657,19.714,83.972,71.412,2.51,0.1849,0.2026,0.7411,0.5413,0.327126,0.627003,0.047517,0.9991,0.318417,0.632665,0.007053,0.9989,0.318567,0.635464,0.00705,0.9988,0.318824,0.638306,0.007182,0.9988,0.316501,0.619389,0.032293,0.9985,0.315621,0.613938,0.031469,0.9985,0.314682,0.609109,0.032218,0.9987,0.320466,0.627895,-0.118989,0.9987,0.315783,0.585641,-0.015388,0.999,0.33337,0.62228,0.008583,0.9994,0.331103,0.605606,0.039394,0.9993,0.361505,0.649889,-0.182107,0.9999,0.352496,0.464797,0.005015,0.9997,0.449959,0.646565,-0.229124,0.9417,0.430319,0.456864,0.054121,0.0951,0.526321,0.642794,-0.157851,0.6866,0.492163,0.502445,0.079233,0.0379,0.546827,0.642585,-0.162663,0.5631,0.504925,0.506434,0.093978,0.0365,0.546058,0.63647,-0.157421,0.5378,0.505729,0.519799,0.070805,0.0358,0.539939,0.634715,-0.15399,0.4698,0.502122,0.520703,0.070915,0.0418,0.52186,0.55251,-0.069095,1.0,0.503645,0.43501,0.070302,0.9999,0.623393,0.562166,0.046876,0.9957,0.566437,0.407534,0.308682,0.6875,0.721821,0.534348,0.136405,0.9966,0.641387,0.348648,0.492492,0.848,0.734968,0.518859,0.145423,0.9908,0.65204,0.334094,0.512296,0.7979,0.743165,0.607111,0.142573,0.9752,0.646394,0.386866,0.546032,0.7687
bhujangasana_zen_0128,bhujangasana,step 3,ZEN,external,wrong,Head,CC BY 4.0,data/datasets/yoga_for_all/bhujangasana/wrong/step_3-_Head/20230312_111534.jpg,True,1024,472,True,0.9997,0.0481,174.091,175.323,177.823,173.722,14.776,7.035,164.659,172.026,91.902,96.986,174.091,175.323,173.722,177.823,91.902,96.986,164.659,172.026,9.697,13.733,164.659,174.091,177.823,13.733,97.439,-97.439,18.607,88.506,78.998,3.51,0.1295,0.1748,0.6859,0.507,0.275423,0.624542,0.058582,0.9993,0.266555,0.629396,0.019223,0.9992,0.266493,0.632869,0.019206,0.9991,0.26654,0.636509,0.019297,0.9991,0.265271,0.61416,0.04349,0.9988,0.264613,0.608704,0.042634,0.9987,0.264128,0.60408,0.043437,0.9989,0.268396,0.626136,-0.104046,0.9989,0.265398,0.581242,-0.005115,0.999,0.282201,0.622521,0.020853,0.9994,0.280561,0.60398,0.05019,0.9993,0.308464,0.653236,-0.173209,0.9999,0.306242,0.468353,0.021497,0.9997,0.398277,0.663259,-0.219273,0.9285,0.382305,0.480831,0.061552,0.1102,0.480996,0.665663,-0.154864,0.6684,0.437529,0.503257,0.071324,0.0481,0.502344,0.663984,-0.159174,0.5535,0.456437,0.511688,0.088298,0.0465,0.503096,0.661313,-0.152579,0.5284,0.456153,0.528643,0.06397,0.0459,0.496137,0.657985,-0.150256,0.4715,0.452272,0.531105,0.062192,0.0518,0.479613,0.575456,-0.071602,1.0,0.468521,0.451684,0.072758,0.9999,0.579625,0.588766,0.038833,0.9921,0.533743,0.424987,0.303555,0.5785,0.68545,0.579151,0.119159,0.993,0.619542,0.37385,0.471631,0.7824,0.70038,0.560121,0.126894,0.9856,0.631122,0.358208,0.489827,0.7466,0.703867,0.63848,0.12573,0.9608,0.625252,0.414289,0.519062,0.6985
bhujangasana_zen_0129,bhujangasana,step 3,ZEN,external,wrong,Head,CC BY 4.0,data/datasets/yoga_for_all/bhujangasana/wrong/step_3-_Head/20230312_111535.jpg,True,1024,543,True,0.9996,0.0498,169.207,171.947,179.219,175.91,16.882,6.774,159.461,178.336,96.601,95.689,169.207,171.947,175.91,179.219,95.689,96.601,159.461,178.336,8.61,16.503,159.461,169.207,179.219,16.503,96.604,-96.604,12.145,81.805,84.306,4.585,0.115,0.1376,0.7002,0.4536,0.292983,0.597493,0.108915,0.9995,0.284859,0.599535,0.076515,0.9994,0.284854,0.602655,0.076753,0.9993,0.284848,0.606098,0.076874,0.9992,0.284206,0.584159,0.10081,0.9993,0.28404,0.579036,0.099999,0.9992,0.28392,0.57457,0.100768,0.9994,0.287586,0.596754,-0.033225,0.9988,0.287851,0.555911,0.061304,0.9992,0.300261,0.597406,0.07505,0.9993,0.29965,0.578437,0.103112,0.9993,0.323067,0.627549,-0.128687,0.9999,0.334924,0.472272,0.102712,0.9996,0.419641,0.649844,-0.176296,0.9626,0.428724,0.484187,0.117082,0.086,0.510759,0.668506,-0.129125,0.7743,0.504524,0.504133,0.10017,0.0498,0.535961,0.673706,-0.135977,0.6803,0.522809,0.509596,0.123778,0.0512,0.538689,0.67009,-0.125121,0.6545,0.521955,0.52345,0.099702,0.0493,0.53076,0.665697,-0.122544,0.587,0.515143,0.522745,0.091347,0.0521,0.514065,0.564671,-0.084529,1.0,0.508297,0.455591,0.085706,0.9999,0.637448,0.608369,-0.026933,0.9947,0.598279,0.441984,0.27418,0.6031,0.765788,0.607707,-0.029519,0.9967,0.701102,0.398508,0.362562,0.8735,0.780987,0.587624,-0.029826,0.9938,0.713525,0.383872,0.371915,0.8532,0.796008,0.675929,-0.04115,0.9876,0.730954,0.411573,0.386404,0.8414
bhujangasana_zen_0130,bhujangasana,step 3,ZEN,external,wrong,Head,CC BY 4.0,data/datasets/yoga_for_all/bhujangasana/wrong/step_3-_Head/20230312_111536.jpg,True,1024,472,True,0.999,0.0448,170.082,167.737,172.058,165.086,21.274,4.398,159.546,178.574,97.899,98.574,167.737,170.082,165.086,172.058,97.899,98.574,159.546,178.574,11.382,17.191,159.546,170.082,172.058,17.191,96.258,-96.258,18.211,77.271,88.559,1.382,0.109,0.1559,0.7202,0.4833,0.236128,0.620751,0.154809,0.9995,0.228654,0.623466,0.124404,0.9993,0.228274,0.626733,0.124769,0.9993,0.227809,0.630121,0.124837,0.9993,0.228772,0.609618,0.150178,0.9992,0.228641,0.603857,0.14948,0.9992,0.228368,0.598088,0.15029,0.9993,0.230241,0.622715,0.012095,0.9988,0.231181,0.580617,0.114248,0.9992,0.242493,0.620645,0.118188,0.9992,0.243578,0.603844,0.148467,0.9991,0.25697,0.648062,-0.095821,0.9998,0.273755,0.48685,0.144027,0.999,0.335692,0.684308,-0.156265,0.9802,0.350756,0.491485,0.152074,0.0617,0.420625,0.697323,-0.12679,0.8357,0.415852,0.533328,0.122728,0.0448,0.443427,0.704717,-0.134953,0.7436,0.430842,0.540587,0.144185,0.0486,0.445411,0.70087,-0.121722,0.7209,0.430491,0.557016,0.118273,0.0467,0.43833,0.6968,-0.118889,0.6596,0.424932,0.555658,0.112613,0.0507,0.422724,0.589229,-0.082563,1.0,0.421355,0.47114,0.083882,0.9998,0.53555,0.637531,-0.022195,0.9934,0.505248,0.466748,0.249011,0.6706,0.645342,0.642706,-0.046001,0.9948,0.600227,0.416723,0.296932,0.8814,0.65969,0.625182,-0.048367,0.9925,0.611634,0.40083,0.302947,0.884,0.676162,0.715172,-0.060801,0.9805,0.619422,0.448239,0.312692,0.8409
bhujangasana_zen_0131,bhujangasana,step 3,ZEN,external,wrong,Head,CC BY 4.0,data/datasets/yoga_for_all/bhujangasana/wrong/step_3-_Head/20230312_111538(0).jpg,True,1024,521,True,0.9999,0.2379,168.29,165.809,177.378,152.293,22.361,4.823,146.137,179.254,120.786,116.556,165.809,168.29,152.293,177.378,116.556,120.786,146.137,179.254,8.983,23.864,146.137,168.29,177.378,23.864,78.412,-78.412,42.556,44.757,56.967,18.319,-0.2009,0.07,1.3411,0.7785,0.319414,0.43353,0.491656,0.9996,0.308933,0.435582,0.478122,0.9993,0.304539,0.447521,0.478592,0.9993,0.300964,0.452645,0.478562,0.9992,0.316224,0.424459,0.499034,0.999,0.31755,0.421908,0.498484,0.9991,0.319992,0.409408,0.499026,0.9992,0.296383,0.46073,0.381058,0.9992,0.321385,0.406023,0.455403,0.9993,0.317258,0.452418,0.452056,0.9997,0.325058,0.42665,0.472142,0.9995,0.290364,0.479697,0.225059,1.0,0.353989,0.355701,0.401541,0.9999,0.341378,0.535925,0.101488,0.8383,0.422956,0.386372,0.358764,0.2379,0.408091,0.617556,0.031906,0.879,0.476403,0.475952,0.356081,0.3277,0.421491,0.637667,0.035346,0.8766,0.481335,0.492427,0.386477,0.3291,0.423963,0.635716,0.046742,0.8686,0.483027,0.509604,0.390233,0.3259,0.421604,0.62476,0.044557,0.8266,0.483518,0.515063,0.363044,0.3541,0.41927,0.510456,-0.049764,1.0,0.450577,0.415823,0.050959,1.0,0.513711,0.670594,-0.065465,0.9991,0.558526,0.486071,0.060066,0.9866,0.622292,0.789256,-0.447093,0.9995,0.672222,0.5022,-0.337885,0.9947,0.640755,0.774861,-0.489792,0.9993,0.684936,0.497108,-0.375913,0.9962,0.663469,0.888606,-0.519672,0.9988,0.707069,0.558198,-0.400703,0.9926
bhujangasana_zen_0132,bhujangasana,step 3,ZEN,external,wrong,Head,CC BY 4.0,data/datasets/yoga_for_all/bhujangasana/wrong/step_3-_Head/20230312_111539(1).jpg,True,1024,681,True,0.9991,0.0969,173.21,166.265,177.772,137.678,29.498,12.625,142.367,178.277,134.344,125.371,166.265,173.21,137.678,177.772,125.371,134.344,142.367,178.277,6.98,28.265,142.367,173.21,177.772,28.265,68.417,-68.417,7.315,37.196,43.973,26.669,-0.3679,-0.0174,1.8642,0.899,0.237056,0.353192,0.479049,0.9941,0.230767,0.351572,0.470348,0.9927,0.227111,0.354098,0.470453,0.9929,0.218641,0.362708,0.470548,0.9916,0.239175,0.33762,0.48346,0.9927,0.240614,0.334951,0.482657,0.9924,0.241161,0.331993,0.483018,0.9926,0.210386,0.371767,0.391563,0.9929,0.243395,0.324187,0.430965,0.9919,0.236282,0.356528,0.444701,0.9947,0.24431,0.34472,0.454943,0.9928,0.204967,0.406618,0.239725,0.9997,0.292949,0.306213,0.366644,0.9991,0.250111,0.475881,0.147162,0.6565,0.373073,0.340228,0.268497,0.0969,0.308284,0.558452,0.101867,0.5611,0.411312,0.432563,0.194314,0.1512,0.318334,0.576211,0.099486,0.5684,0.419209,0.445586,0.206638,0.181,0.320696,0.574906,0.108187,0.567,0.406307,0.480209,0.215857,0.1836,0.319153,0.564399,0.109254,0.5422,0.403546,0.478176,0.20084,0.205,0.336222,0.463505,-0.043588,1.0,0.390176,0.385233,0.044873,0.9999,0.423719,0.64269,-0.08722,0.9935,0.513467,0.478349,-0.002014,0.9212,0.530965,0.815149,-0.40425,0.9954,0.657473,0.528077,-0.340321,0.9808,0.548606,0.810782,-0.438776,0.9947,0.677364,0.527449,-0.371678,0.9879,0.569124,0.924753,-0.467155,0.986,0.711664,0.596217,-0.410537,0.9503
bhujangasana_zen_0133,bhujangasana,step 3,ZEN,external,wrong,Legs,CC BY 4.0,data/datasets/yoga_for_all/bhujangasana/wrong/step_3-_Legs/20230312_111442(0).jpg,True,1024,472,True,0.9997,0.0413,54.86,19.548,9.47,6.793,59.687,70.952,45.885,8.965,156.014,157.356,19.548,54.86,6.793,9.47,156.014,157.356,8.965,45.885,138.755,174.488,45.885,54.86,6.793,174.488,174.865,-174.865,9.447,6.837,6.347,26.855,0.996,0.5839,0.8544,1.5217,0.483553,0.602861,-0.25918,0.9996,0.489407,0.604556,-0.30632,0.9998,0.493465,0.605141,-0.305186,0.9998,0.495732,0.604875,-0.305177,0.9997,0.477411,0.608441,-0.309025,0.9998,0.472561,0.606473,-0.309252,0.9998,0.470756,0.598428,-0.309219,0.9998,0.50407,0.594634,-0.350501,0.9997,0.460841,0.582979,-0.375349,0.9998,0.487807,0.591415,-0.256436,0.9988,0.475534,0.588135,-0.266664,0.9991,0.527025,0.536545,-0.308156,0.9998,0.433408,0.512193,-0.322462,0.9997,0.540632,0.504247,-0.182335,0.9962,0.409038,0.455091,-0.155493,0.9292,0.518375,0.578722,-0.032347,0.5787,0.431495,0.522141,0.025468,0.5923,0.520859,0.604215,-0.040249,0.5441,0.42992,0.539009,0.040542,0.5032,0.510568,0.598486,-0.051508,0.4603,0.44147,0.542612,0.05363,0.4332,0.506209,0.585404,-0.033529,0.3971,0.445483,0.545391,0.03537,0.3946,0.506836,0.395572,-0.010892,1.0,0.464687,0.385401,0.013137,0.9999,0.522343,0.412606,0.271681,0.139,0.456976,0.407504,0.367238,0.0413,0.518728,0.35875,0.62272,0.4257,0.466218,0.34419,0.731887,0.3417,0.517077,0.342293,0.6719,0.5916,0.466757,0.321261,0.779049,0.5505,0.522911,0.384259,0.819871,0.0172,0.469932,0.373255,0.904017,0.0135
bhujangasana_zen_0135,bhujangasana,step 3,ZEN,external,wrong,Legs,CC BY 4.0,data/datasets/yoga_for_all/bhujangasana/wrong/step_3-_Legs/20230312_111450.jpg,True,1024,472,True,0.9995,0.1021,162.866,151.086,175.751,176.596,14.835,4.636,162.321,164.675,94.775,93.273,151.086,162.866,175.751,176.596,93.273,94.775,162.321,164.675,6.172,12.734,162.321,162.866,175.751,12.734,95.488,-95.488,6.638,89.343,79.358,9.72,0.0956,0.1078,0.4844,0.2786,0.254249,0.51345,-0.037613,0.9986,0.245965,0.50894,-0.059586,0.9982,0.245776,0.509903,-0.059319,0.9982,0.245459,0.511013,-0.058758,0.9985,0.246076,0.503063,-0.036634,0.9979,0.246067,0.49999,-0.037025,0.9977,0.245919,0.497101,-0.035938,0.9981,0.249776,0.502713,-0.099128,0.9982,0.249544,0.485227,-0.014237,0.9982,0.262208,0.511042,-0.048121,0.9989,0.262851,0.504441,-0.020969,0.9988,0.289382,0.524608,-0.188487,1.0,0.289903,0.426057,0.101182,0.9997,0.374289,0.546821,-0.240415,0.9871,0.369603,0.431298,0.151858,0.1021,0.45786,0.555139,-0.21968,0.9702,0.434937,0.444049,0.148507,0.128,0.479957,0.555123,-0.243256,0.9493,0.454508,0.456644,0.170362,0.1206,0.483103,0.5523,-0.234387,0.9437,0.454496,0.458872,0.142832,0.1171,0.475794,0.54978,-0.215316,0.9194,0.453301,0.464102,0.137836,0.1121,0.454792,0.474437,-0.096986,0.9999,0.449087,0.408566,0.09817,0.9995,0.573619,0.518595,-0.069506,0.9971,0.541419,0.4527,0.240143,0.5243,0.677697,0.489212,-0.044342,0.9931,0.607629,0.410183,0.381018,0.7309,0.692465,0.456118,-0.044992,0.9885,0.627926,0.388816,0.391116,0.772,0.708774,0.553782,-0.079857,0.9847,0.644634,0.476639,0.379766,0.8158
bhujangasana_zen_0136,bhujangasana,step 3,ZEN,external,wrong,Legs,CC BY 4.0,data/datasets/yoga_for_all/bhujangasana/wrong/step_3-_Legs/20230312_111454.jpg,True,1024,472,True,0.9999,0.0547,165.678,165.984,171.029,145.024,14.701,0.472,147.482,169.088,109.972,113.574,165.678,165.984,145.024,171.029,109.972,113.574,147.482,169.088,15.419,19.584,147.482,165.678,171.029,19.584,85.986,-85.986,16.205,47.637,51.107,19.067,-0.07,0.072,0.7696,0.529,0.3138,0.460295,0.441923,0.9989,0.313071,0.458182,0.420668,0.9978,0.303679,0.464178,0.421178,0.998,0.30091,0.471069,0.421159,0.9975,0.314394,0.449651,0.445099,0.9975,0.31421,0.447179,0.444269,0.9975,0.31328,0.445882,0.444933,0.9974,0.296827,0.459,0.325475,0.9977,0.303399,0.431811,0.420301,0.9983,0.308449,0.469935,0.406096,0.999,0.310871,0.46223,0.432665,0.999,0.286434,0.491573,0.174383,1.0,0.328058,0.392552,0.384771,0.9999,0.33376,0.519255,0.051768,0.7658,0.39024,0.410751,0.358057,0.0547,0.387203,0.571023,-0.049436,0.7325,0.428877,0.487991,0.315146,0.0788,0.401454,0.584375,-0.057075,0.7932,0.43949,0.503332,0.338069,0.1027,0.401034,0.584265,-0.051462,0.7877,0.436629,0.541429,0.32676,0.105,0.398096,0.579101,-0.043843,0.728,0.43176,0.536839,0.313493,0.1244,0.411228,0.493407,-0.070122,1.0,0.436226,0.42618,0.070983,1.0,0.502768,0.621916,-0.208485,0.9995,0.528879,0.495656,0.029705,0.9815,0.615412,0.704085,-0.442754,0.9994,0.640914,0.517139,-0.181937,0.9883,0.629957,0.68849,-0.466809,0.9987,0.654931,0.507065,-0.204972,0.9873,0.666616,0.810631,-0.485838,0.9984,0.676308,0.577698,-0.21778,0.9823
bhujangasana_zen_0137,bhujangasana,step 3,ZEN,external,wrong,Legs,CC BY 4.0,data/datasets/yoga_for_all/bhujangasana/wrong/step_3-_Legs/20230312_111459(0).jpg,True,1024,472,True,0.9999,0.1727,144.051,171.342,147.162,153.07,59.034,38.712,107.693,122.434,155.661,162.388,144.051,171.342,147.162,153.07,155.661,162.388,107.693,122.434,23.395,41.158,122.434,171.342,147.162,41.158,5.639,-5.639,64.66,2.204,4.098,34.512,-0.9952,0.0487,4.0939,1.3915,0.483506,0.37073,0.426924,0.9592,0.478785,0.364728,0.412905,0.9678,0.477724,0.362782,0.412091,0.9615,0.474039,0.362206,0.411517,0.9687,0.485837,0.365597,0.425671,0.9642,0.487787,0.361559,0.424112,0.9559,0.490998,0.36015,0.425416,0.9639,0.472058,0.356931,0.305802,0.9689,0.49599,0.360169,0.357622,0.9731,0.481695,0.369729,0.38205,0.9821,0.489242,0.370824,0.40181,0.9826,0.452501,0.361437,0.166411,0.9999,0.53147,0.368032,0.255149,0.9999,0.433291,0.407376,-0.04911,0.9365,0.548733,0.425858,0.088925,0.3902,0.427753,0.480129,-0.170346,0.4442,0.553089,0.515777,-0.085001,0.1727,0.422982,0.492837,-0.229772,0.3616,0.554304,0.526351,-0.113226,0.1122,0.426364,0.49573,-0.214278,0.3846,0.549266,0.53417,-0.108971,0.1175,0.429417,0.493919,-0.173531,0.4009,0.546863,0.531131,-0.090404,0.1351,0.469435,0.482981,0.002636,1.0,0.525696,0.491726,-0.001876,1.0,0.420963,0.555287,0.042873,0.8657,0.580582,0.585484,0.006143,0.8916,0.395973,0.708058,-0.067847,0.7591,0.628422,0.696296,-0.083183,0.9446,0.398132,0.73578,-0.074573,0.8745,0.63023,0.716727,-0.091059,0.9864,0.382546,0.728766,-0.041319,0.447,0.652745,0.708288,-0.096398,0.8144
bhujangasana_zen_0138,bhujangasana,step 3,ZEN,external,wrong,Legs,CC BY 4.0,data/datasets/yoga_for_all/bhujangasana/wrong/step_3-_Legs/20230312_111503(1).jpg,True,1024,472,True,0.9995,0.0686,174.989,156.867,161.863,175.216,32.098,44.684,178.741,125.696,141.94,138.45,156.867,174.989,161.863,175.216,138.45,141.94,125.696,178.741,40.592,41.531,125.696,156.867,175.216,41.531,81.027,81.027,37.56,2.448,10.357,12.607,-0.156,0.1392,1.6833,0.5844,0.669305,0.459461,0.534278,0.9997,0.670909,0.460368,0.544901,0.9996,0.670269,0.461198,0.545163,0.9995,0.669894,0.46223,0.545117,0.9995,0.673986,0.458119,0.52882,0.9997,0.676518,0.456461,0.527791,0.9997,0.678084,0.455667,0.528454,0.9998,0.668008,0.451111,0.558094,0.9995,0.679355,0.454118,0.462371,0.9998,0.664557,0.461033,0.535067,0.9998,0.668527,0.456824,0.505799,0.9999,0.634763,0.437007,0.510324,0.9995,0.682454,0.432583,0.316253,1.0,0.603011,0.502252,0.490153,0.0686,0.667869,0.472508,0.181956,0.8713,0.584659,0.575835,0.46388,0.1971,0.636823,0.544281,0.066973,0.7526,0.576252,0.592237,0.474954,0.2683,0.624785,0.555863,0.060744,0.783,0.58026,0.597323,0.471029,0.2594,0.62535,0.557561,0.065942,0.7759,0.584704,0.589201,0.462652,0.2584,0.62786,0.554607,0.07446,0.7715,0.560408,0.46938,0.07244,0.9999,0.595438,0.455491,-0.071908,1.0,0.471461,0.512538,-0.087841,0.9761,0.563118,0.583155,-0.295173,0.9989,0.371199,0.541547,-0.272278,0.9763,0.479504,0.725341,-0.598258,0.9969,0.356582,0.529969,-0.298439,0.9758,0.458731,0.725299,-0.626775,0.9969,0.333151,0.604814,-0.356219,0.9592,0.467228,0.833461,-0.717678,0.9932
bhujangasana_zen_0139,bhujangasana,step 3,ZEN,external,wrong,Legs,CC BY 4.0,data/datasets/yoga_for_all/bhujangasana/wrong/step_3-_Legs/20230312_111507(0).jpg,True,1024,472,True,0.997,0.0207,167.703,168.868,160.861,175.332,4.387,12.734,176.929,162.4,94.552,97.819,167.703,168.868,160.861,175.332,94.552,97.819,162.4,176.929,4.965,15.218,162.4,168.868,175.332,15.218,94.037,94.037,31.76,72.977,79.499,2.658,0.0704,0.1644,0.5707,0.3756,0.682486,0.56686,0.097041,0.9967,0.690318,0.5595,0.098841,0.9947,0.690577,0.555257,0.099154,0.9952,0.691129,0.547342,0.099223,0.9951,0.692588,0.569998,0.072444,0.9943,0.693377,0.572742,0.071621,0.9935,0.694359,0.575308,0.072284,0.9931,0.693614,0.535153,0.121925,0.9934,0.69582,0.567726,-0.013302,0.9947,0.680236,0.55741,0.110937,0.9957,0.681135,0.568046,0.072428,0.9963,0.662872,0.456872,0.166514,0.9985,0.67908,0.571718,-0.1287,0.9999,0.593146,0.444171,0.185713,0.0631,0.611179,0.585477,-0.23291,0.9613,0.528348,0.480109,0.209799,0.0207,0.534841,0.614691,-0.282135,0.834,0.525058,0.459207,0.22002,0.0299,0.511137,0.619135,-0.288789,0.809,0.513956,0.495088,0.20219,0.0278,0.51115,0.617057,-0.273853,0.799,0.518361,0.496845,0.202939,0.0303,0.519553,0.613856,-0.2731,0.7231,0.520753,0.454652,0.103925,0.997,0.527097,0.528904,-0.103013,0.9996,0.426159,0.464179,0.222451,0.6633,0.407737,0.575502,-0.134912,0.9951,0.334821,0.430524,0.319297,0.872,0.281128,0.571037,-0.18092,0.996,0.322231,0.413305,0.322815,0.8706,0.267021,0.529197,-0.181555,0.9808,0.304297,0.498244,0.304007,0.8265,0.242008,0.614281,-0.237935,0.9823
bhujangasana_zen_0140,bhujangasana,step 3,ZEN,external,wrong,Legs,CC BY 4.0,data/datasets/yoga_for_all/bhujangasana/wrong/step_3-_Legs/20230312_111513.jpg,True,1024,472,True,0.9996,0.3064,163.481,169.174,115.591,176.597,62.305,14.935,178.799,163.443,152.865,92.011,163.481,169.174,115.591,176.597,92.011,152.865,163.443,178.799,13.314,116.579,163.443,169.174,176.597,13.314,95.351,95.351,11.602,79.471,77.072,0.645,0.0933,0.1192,0.6985,0.4691,0.601483,0.596936,0.023617,0.9998,0.610107,0.591259,-0.002789,0.9998,0.610976,0.585595,-0.002052,0.9997,0.61186,0.580261,-0.002145,0.9997,0.608849,0.603864,-0.013995,0.9998,0.608739,0.607045,-0.014301,0.9998,0.608682,0.610478,-0.013842,0.9998,0.610181,0.564119,-0.053852,0.9997,0.605668,0.610792,-0.124621,0.9999,0.59526,0.584767,0.013286,0.9997,0.593801,0.597096,-0.006931,0.9999,0.57318,0.489947,0.012083,0.9996,0.561095,0.631017,-0.209647,1.0,0.568955,0.50783,0.147516,0.3064,0.484215,0.641604,-0.217039,0.9658,0.594834,0.581612,0.318603,0.3294,0.414121,0.642212,-0.161545,0.7845,0.61392,0.589876,0.348398,0.2923,0.395375,0.639139,-0.165144,0.7069,0.619362,0.59287,0.335507,0.2867,0.396116,0.632801,-0.162217,0.692,0.601202,0.606422,0.319064,0.2745,0.40331,0.630504,-0.156244,0.6094,0.430889,0.492943,0.085318,0.9996,0.422632,0.570975,-0.083554,0.9999,0.368355,0.491416,0.35249,0.5595,0.329564,0.589542,0.019096,0.9858,0.329244,0.465208,0.567443,0.7989,0.243778,0.571386,0.105324,0.9912,0.30113,0.450691,0.584186,0.8472,0.233633,0.544951,0.114233,0.9764,0.300549,0.484653,0.613366,0.7761,0.219649,0.592371,0.089748,0.9664
bhujangasana_zen_0141,bhujangasana,step 3,ZEN,external,wrong,Legs,CC BY 4.0,data/datasets/yoga_for_all/bhujangasana/wrong/step_3-_Legs/20230312_111518(0).jpg,True,1024,472,True,0.9996,0.4339,153.133,125.028,4.636,136.364,47.938,49.239,124.489,102.278,179.541,50.394,125.028,153.133,4.636,136.364,50.394,179.541,102.278,124.489,43.492,138.309,102.278,125.028,136.364,43.492,155.484,155.484,4.703,11.479,2.779,5.376,0.9098,0.7231,1.2279,1.1701,0.517842,0.705057,-0.246087,1.0,0.524746,0.707423,-0.289836,1.0,0.526482,0.705362,-0.288398,1.0,0.530045,0.701415,-0.288718,0.9999,0.515136,0.712011,-0.289647,1.0,0.512054,0.708801,-0.290184,1.0,0.507961,0.70903,-0.289295,1.0,0.527475,0.672545,-0.328225,0.9999,0.499806,0.68683,-0.35081,1.0,0.518739,0.693386,-0.245575,0.9999,0.509538,0.697082,-0.253083,1.0,0.540186,0.575017,-0.293205,0.9997,0.458319,0.611085,-0.324975,1.0,0.541711,0.546877,-0.180634,0.984,0.411852,0.543447,-0.194202,0.9737,0.539886,0.656485,-0.013186,0.5081,0.409877,0.524124,-0.117422,0.9262,0.547159,0.679499,0.004675,0.4393,0.405135,0.511271,-0.123725,0.8954,0.538298,0.68563,0.006968,0.4037,0.409968,0.504636,-0.124259,0.8685,0.532226,0.675927,-0.007997,0.3557,0.411743,0.516694,-0.120205,0.8391,0.489686,0.45001,0.006506,0.9996,0.449568,0.454234,-0.004632,0.9999,0.494255,0.41106,0.33865,0.4339,0.420413,0.448282,0.315794,0.5045,0.490202,0.371684,0.662078,0.721,0.402628,0.380504,0.636812,0.9455,0.487627,0.346883,0.698558,0.8338,0.399447,0.361184,0.6754,0.9787,0.49839,0.394057,0.824902,0.1017,0.404196,0.395975,0.766613,0.3266
bhujangasana_zen_0142,bhujangasana,step 3,ZEN,external,wrong,Legs,CC BY 4.0,data/datasets/yoga_for_all/bhujangasana/wrong/step_3-_Legs/20230312_111542(0).jpg,True,1024,670,True,0.9947,0.2453,175.522,167.593,146.966,162.328,42.505,38.203,177.004,175.756,165.992,162.853,167.593,175.522,146.966,162.328,162.853,165.992,175.756,177.004,27.818,33.27,175.756,167.593,162.328,33.27,1.213,1.213,17.742,6.411,17.142,78.121,-0.9998,-0.1639,0.6418,0.8645,0.50893,0.240456,0.724758,0.9907,0.505391,0.235063,0.711706,0.9863,0.503421,0.235392,0.711874,0.9798,0.49954,0.235656,0.711962,0.9914,0.511011,0.232488,0.707149,0.9895,0.51226,0.232192,0.705705,0.9795,0.513293,0.231664,0.706804,0.9898,0.493297,0.241751,0.624259,0.9761,0.51745,0.23599,0.579343,0.9785,0.504366,0.250715,0.690959,0.9917,0.510572,0.250889,0.674882,0.9881,0.456286,0.272978,0.480347,0.9995,0.542458,0.25818,0.427648,0.9997,0.421865,0.369089,0.407247,0.6633,0.571723,0.368445,0.364023,0.6713,0.426234,0.457085,0.41359,0.2453,0.574056,0.414708,0.301272,0.2713,0.420177,0.480475,0.420026,0.2471,0.580538,0.441301,0.333127,0.339,0.430184,0.476454,0.444874,0.2306,0.574694,0.432735,0.338911,0.2891,0.435899,0.470056,0.421296,0.198,0.56887,0.43046,0.316251,0.2841,0.48098,0.426522,0.011093,0.9956,0.513518,0.411184,-0.009647,0.9947,0.496737,0.552608,-0.115253,0.9614,0.494519,0.549222,-0.218242,0.9895,0.509033,0.721863,-0.450626,0.9143,0.44471,0.717927,-0.523704,0.9488,0.51154,0.757794,-0.492177,0.9726,0.436056,0.757999,-0.552169,0.9966,0.498037,0.733312,-0.520872,0.8681,0.429487,0.730578,-0.613751,0.9342
bhujangasana_zen_0143,bhujangasana,step 3,ZEN,external,wrong,Legs,CC BY 4.0,data/datasets/yoga_for_all/bhujangasana/wrong/step_3-_Legs/20230312_111545.jpg,True,1024,472,True,0.9992,0.0895,172.304,165.273,173.767,152.425,36.78,44.309,171.323,149.368,158.892,148.25,165.273,172.304,152.425,173.767,148.25,158.892,149.368,171.323,29.371,33.641,149.368,165.273,152.425,29.371,58.213,58.213,12.297,23.485,35.805,26.574,-0.5268,-0.0212,1.3917,0.5606,0.612291,0.328801,0.486041,0.991,0.613044,0.322844,0.481655,0.9845,0.612013,0.321376,0.481757,0.9744,0.611108,0.319104,0.481646,0.9795,0.61655,0.324461,0.472009,0.9879,0.617684,0.324936,0.471199,0.9825,0.619451,0.327015,0.471658,0.9894,0.609248,0.31507,0.450961,0.9753,0.620247,0.326331,0.382515,0.9853,0.607239,0.333288,0.475433,0.9936,0.61175,0.337244,0.453951,0.995,0.574788,0.310578,0.403843,0.9994,0.6225,0.355553,0.250356,1.0,0.561803,0.397433,0.395359,0.0895,0.609604,0.44815,0.204075,0.8065,0.544298,0.481931,0.388946,0.1357,0.572857,0.529595,0.246211,0.3144,0.537998,0.502173,0.407737,0.182,0.561732,0.551661,0.272941,0.276,0.544716,0.498649,0.406334,0.1795,0.559371,0.54936,0.275221,0.2667,0.546794,0.496712,0.392074,0.1757,0.563183,0.53703,0.256726,0.2843,0.505508,0.416804,0.051457,0.9995,0.534022,0.461426,-0.050949,0.9992,0.420178,0.509402,0.0004,0.9333,0.486745,0.635628,-0.131739,0.9425,0.331792,0.574974,-0.250914,0.9608,0.418355,0.782887,-0.397783,0.968,0.323702,0.575668,-0.285872,0.9633,0.401788,0.784466,-0.42097,0.974,0.300321,0.632549,-0.342115,0.8956,0.398247,0.859345,-0.486343,0.9195
bhujangasana_zen_0144,bhujangasana,step 3,ZEN,external,wrong,Legs,CC BY 4.0,data/datasets/yoga_for_all/bhujangasana/wrong/step_3-_Legs/20230312_111549(0).jpg,True,1024,590,True,0.9837,0.1556,174.666,169.205,59.757,159.868,17.878,24.692,163.777,158.446,178.247,83.797,169.205,174.666,59.757,159.868,83.797,178.247,158.446,163.777,16.294,95.972,158.446,169.205,159.868,16.294,105.24,105.24,3.636,76.011,71.827,0.944,0.2629,0.0945,0.9379,0.6637,0.646392,0.742541,-0.01832,0.997,0.65534,0.737942,-0.059331,0.9934,0.65582,0.731306,-0.058426,0.9925,0.657167,0.71988,-0.058997,0.99,0.652845,0.756035,-0.056881,0.9958,0.651897,0.760036,-0.056915,0.9962,0.650751,0.766576,-0.056198,0.9959,0.647459,0.702322,-0.160166,0.9911,0.638681,0.77094,-0.162864,0.9975,0.633446,0.731362,-0.044734,0.9955,0.631253,0.75044,-0.044836,0.9974,0.591774,0.613471,-0.086452,0.9837,0.563131,0.81302,-0.223402,0.9991,0.553428,0.62539,0.019251,0.1936,0.453042,0.820343,-0.162367,0.8746,0.59024,0.700472,0.1978,0.1556,0.377775,0.778055,-0.064838,0.7666,0.601703,0.704137,0.228218,0.1511,0.353867,0.771813,-0.06222,0.7538,0.602948,0.723314,0.221088,0.1398,0.357899,0.76469,-0.074349,0.7278,0.595466,0.728332,0.202269,0.1296,0.367005,0.762462,-0.065765,0.6986,0.416483,0.572204,0.052684,0.9986,0.393938,0.691403,-0.051005,0.9996,0.35259,0.522954,0.26634,0.5887,0.27095,0.687887,0.116149,0.9382,0.283745,0.455951,0.476709,0.6559,0.157593,0.647005,0.264739,0.9814,0.268063,0.442581,0.493009,0.6855,0.14111,0.632749,0.280167,0.9703,0.294997,0.471528,0.527769,0.4877,0.144336,0.686464,0.276582,0.8914
