image_id,NOSE_x,NOSE_y,NOSE_z,NOSE_vis,LEFT_EYE_INNER_x,LEFT_EYE_INNER_y,LEFT_EYE_INNER_z,LEFT_EYE_INNER_vis,LEFT_EYE_x,LEFT_EYE_y,LEFT_EYE_z,LEFT_EYE_vis,LEFT_EYE_OUTER_x,LEFT_EYE_OUTER_y,LEFT_EYE_OUTER_z,LEFT_EYE_OUTER_vis,RIGHT_EYE_INNER_x,RIGHT_EYE_INNER_y,RIGHT_EYE_INNER_z,RIGHT_EYE_INNER_vis,RIGHT_EYE_x,RIGHT_EYE_y,RIGHT_EYE_z,RIGHT_EYE_vis,RIGHT_EYE_OUTER_x,RIGHT_EYE_OUTER_y,RIGHT_EYE_OUTER_z,RIGHT_EYE_OUTER_vis,LEFT_EAR_x,LEFT_EAR_y,LEFT_EAR_z,LEFT_EAR_vis,RIGHT_EAR_x,RIGHT_EAR_y,RIGHT_EAR_z,RIGHT_EAR_vis,MOUTH_LEFT_x,MOUTH_LEFT_y,MOUTH_LEFT_z,MOUTH_LEFT_vis,MOUTH_RIGHT_x,MOUTH_RIGHT_y,MOUTH_RIGHT_z,MOUTH_RIGHT_vis,LEFT_SHOULDER_x,LEFT_SHOULDER_y,LEFT_SHOULDER_z,LEFT_SHOULDER_vis,RIGHT_SHOULDER_x,RIGHT_SHOULDER_y,RIGHT_SHOULDER_z,RIGHT_SHOULDER_vis,LEFT_ELBOW_x,LEFT_ELBOW_y,LEFT_ELBOW_z,LEFT_ELBOW_vis,RIGHT_ELBOW_x,RIGHT_ELBOW_y,RIGHT_ELBOW_z,RIGHT_ELBOW_vis,LEFT_WRIST_x,LEFT_WRIST_y,LEFT_WRIST_z,LEFT_WRIST_vis,RIGHT_WRIST_x,RIGHT_WRIST_y,RIGHT_WRIST_z,RIGHT_WRIST_vis,LEFT_PINKY_x,LEFT_PINKY_y,LEFT_PINKY_z,LEFT_PINKY_vis,RIGHT_PINKY_x,RIGHT_PINKY_y,RIGHT_PINKY_z,RIGHT_PINKY_vis,LEFT_INDEX_x,LEFT_INDEX_y,LEFT_INDEX_z,LEFT_INDEX_vis,RIGHT_INDEX_x,RIGHT_INDEX_y,RIGHT_INDEX_z,RIGHT_INDEX_vis,LEFT_THUMB_x,LEFT_THUMB_y,LEFT_THUMB_z,LEFT_THUMB_vis,RIGHT_THUMB_x,RIGHT_THUMB_y,RIGHT_THUMB_z,RIGHT_THUMB_vis,LEFT_HIP_x,LEFT_HIP_y,LEFT_HIP_z,LEFT_HIP_vis,RIGHT_HIP_x,RIGHT_HIP_y,RIGHT_HIP_z,RIGHT_HIP_vis,LEFT_KNEE_x,LEFT_KNEE_y,LEFT_KNEE_z,LEFT_KNEE_vis,RIGHT_KNEE_x,RIGHT_KNEE_y,RIGHT_KNEE_z,RIGHT_KNEE_vis,LEFT_ANKLE_x,LEFT_ANKLE_y,LEFT_ANKLE_z,LEFT_ANKLE_vis,RIGHT_ANKLE_x,RIGHT_ANKLE_y,RIGHT_ANKLE_z,RIGHT_ANKLE_vis,LEFT_HEEL_x,LEFT_HEEL_y,LEFT_HEEL_z,LEFT_HEEL_vis,RIGHT_HEEL_x,RIGHT_HEEL_y,RIGHT_HEEL_z,RIGHT_HEEL_vis,LEFT_FOOT_INDEX_x,LEFT_FOOT_INDEX_y,LEFT_FOOT_INDEX_z,LEFT_FOOT_INDEX_vis,RIGHT_FOOT_INDEX_x,RIGHT_FOOT_INDEX_y,RIGHT_FOOT_INDEX_z,RIGHT_FOOT_INDEX_vis
marjaryasana_y107_0001,0.936653,0.219917,-0.023537,0.9966,0.931837,0.181875,-0.010478,0.9959,0.929894,0.180813,-0.0097,0.9963,0.927551,0.179399,-0.009828,0.9965,0.929248,0.181305,-0.043359,0.9953,0.925646,0.180205,-0.043912,0.9949,0.921739,0.17871,-0.043417,0.9946,0.893487,0.1762,0.074548,0.9966,0.890097,0.175528,-0.08367,0.9948,0.919192,0.253381,0.006531,0.9972,0.91522,0.250905,-0.038451,0.9965,0.772476,0.309355,0.175676,0.9972,0.773296,0.324813,-0.165792,0.9942,0.778835,0.629385,0.164656,0.6003,0.774886,0.641213,-0.199729,0.9818,0.789716,0.898764,0.092969,0.4174,0.788922,0.943146,-0.176276,0.9732,0.829281,0.916195,0.104289,0.3946,0.831567,0.97685,-0.222612,0.9624,0.832856,0.921596,0.063732,0.3971,0.838496,0.964368,-0.17842,0.9587,0.816249,0.920009,0.077546,0.4029,0.822621,0.953825,-0.163608,0.9406,0.460065,0.428671,0.113422,0.9967,0.448944,0.438252,-0.112161,0.9945,0.453791,0.880865,0.110192,0.4165,0.451456,0.916942,-0.17939,0.9926,0.204351,0.882555,0.164751,0.7195,0.169712,0.925997,-0.076674,0.9923,0.180812,0.824533,0.169038,0.8103,0.149618,0.8589,-0.059798,0.9868,0.089227,0.937287,0.170448,0.751,0.046804,0.952654,-0.015328,0.9823
marjaryasana_y107_0002,0.942882,0.187038,-0.328867,0.9999,0.938879,0.153338,-0.314702,0.9998,0.93857,0.15291,-0.313637,0.9998,0.937726,0.152406,-0.313629,0.9997,0.927236,0.1542,-0.346438,0.9998,0.918373,0.153979,-0.347155,0.9998,0.907542,0.15351,-0.346281,0.9998,0.88745,0.162716,-0.213363,0.9996,0.85228,0.164727,-0.369008,0.9996,0.925721,0.224468,-0.292348,0.9998,0.914877,0.224594,-0.336601,0.9998,0.821039,0.325924,-0.090012,0.9996,0.701335,0.335086,-0.407265,0.9986,0.862508,0.572923,-0.033624,0.9097,0.72676,0.642948,-0.428215,0.9989,0.90684,0.792032,-0.100412,0.9645,0.792261,0.894723,-0.435441,0.999,0.955591,0.799967,-0.114278,0.9596,0.828952,0.938393,-0.495439,0.9985,0.954512,0.808459,-0.159583,0.9633,0.848022,0.922575,-0.47524,0.9985,0.932646,0.810685,-0.119347,0.9604,0.840376,0.90825,-0.432665,0.9965,0.458785,0.444111,0.103616,0.999,0.369249,0.427167,-0.102168,0.9993,0.491498,0.768305,0.133256,0.8697,0.412704,0.805199,-0.141434,0.9988,0.231722,0.698419,0.318722,0.8123,0.137263,0.748674,0.076014,0.9957,0.208606,0.648511,0.338706,0.8188,0.110677,0.686057,0.103777,0.9861,0.142861,0.781235,0.388788,0.8496,0.059999,0.807501,0.170645,0.9887
marjaryasana_y107_0003,0.90049,0.124108,-0.180015,0.9997,0.867848,0.106579,-0.158938,0.9997,0.867973,0.106342,-0.158205,0.9997,0.867857,0.106543,-0.157938,0.9997,0.857103,0.11694,-0.187617,0.9996,0.850117,0.12333,-0.188284,0.9996,0.841721,0.131002,-0.188022,0.9995,0.83877,0.144773,-0.069592,0.9998,0.804156,0.179387,-0.215826,0.9995,0.916923,0.163535,-0.149755,0.9998,0.904753,0.173983,-0.189734,0.9997,0.874291,0.31688,0.022781,0.9997,0.806779,0.400028,-0.269938,0.9997,0.85246,0.573704,0.033908,0.2225,0.807925,0.654019,-0.295972,0.9734,0.873582,0.789442,-0.020704,0.5685,0.838187,0.900083,-0.318098,0.9583,0.910899,0.806943,-0.020233,0.5794,0.871378,0.930937,-0.35225,0.9497,0.920833,0.811995,-0.044785,0.6083,0.886098,0.917999,-0.339985,0.9503,0.90683,0.809107,-0.031687,0.5781,0.877219,0.906062,-0.31675,0.9231,0.654422,0.67711,0.087814,0.9961,0.611278,0.755784,-0.086139,0.9953,0.524773,0.504002,0.220736,0.0994,0.389702,0.805276,-0.016125,0.9244,0.275573,0.702721,0.186757,0.3495,0.189185,0.774842,-0.030597,0.9371,0.230739,0.652819,0.182133,0.4865,0.178943,0.720768,-0.028973,0.9566,0.150175,0.712615,0.167223,0.5227,0.046418,0.838496,-0.051034,0.9491
marjaryasana_y107_0004,0.150483,0.306057,0.001114,0.9998,0.129539,0.277246,-0.025694,0.9997,0.129254,0.269949,-0.025016,0.9996,0.128899,0.262784,-0.024942,0.9996,0.129649,0.278367,0.00729,0.9997,0.129222,0.273884,0.006639,0.9997,0.129021,0.265496,0.007489,0.9998,0.142795,0.207282,-0.081263,0.9995,0.142403,0.213187,0.054606,0.9998,0.172791,0.295744,-0.017432,0.9996,0.173321,0.299018,0.022992,0.9995,0.25118,0.246028,-0.159968,0.9998,0.280467,0.202322,0.172141,0.9998,0.275573,0.610015,-0.187243,0.9752,0.282784,0.560679,0.210336,0.3957,0.27417,0.931238,-0.133767,0.9743,0.283982,0.850703,0.144966,0.4602,0.231242,0.943385,-0.165203,0.9703,0.247745,0.862169,0.150192,0.505,0.226294,0.930871,-0.130119,0.9676,0.243938,0.873932,0.116585,0.5074,0.241751,0.928109,-0.121355,0.9573,0.258869,0.877678,0.127783,0.505,0.623262,0.349768,-0.097961,1.0,0.613029,0.329268,0.09901,0.9999,0.575559,0.890048,-0.115756,0.9907,0.572459,0.810953,0.148,0.3562,0.87696,0.853177,-0.00107,0.9926,0.84034,0.81022,0.245453,0.6901,0.890053,0.790145,0.015852,0.9935,0.869434,0.746611,0.253299,0.7529,0.979268,0.920002,0.071996,0.9903,0.939367,0.887713,0.25709,0.7586
marjaryasana_y107_0005,0.950502,0.137512,-0.098609,0.9975,0.9341,0.116857,-0.080711,0.9961,0.931808,0.117452,-0.079908,0.9961,0.928972,0.118064,-0.080175,0.996,0.930898,0.118639,-0.113624,0.9964,0.926588,0.120693,-0.114345,0.9961,0.921662,0.122852,-0.113615,0.9957,0.890411,0.141676,0.013302,0.9955,0.884632,0.146807,-0.147019,0.9951,0.942403,0.174645,-0.067188,0.9982,0.939124,0.175645,-0.112909,0.9979,0.790219,0.310018,0.123617,0.9984,0.81276,0.348554,-0.229472,0.9974,0.801929,0.605106,0.105397,0.4719,0.809665,0.645097,-0.250896,0.9907,0.835305,0.843972,0.051634,0.5281,0.841227,0.9229,-0.243184,0.9793,0.877354,0.856516,0.064718,0.5317,0.887439,0.946233,-0.303331,0.9743,0.883498,0.863241,0.016133,0.5401,0.893203,0.935127,-0.258315,0.9753,0.866724,0.862304,0.032243,0.5523,0.878112,0.925067,-0.231385,0.9769,0.441163,0.474635,0.112853,0.9954,0.442736,0.511742,-0.111513,0.9966,0.450386,0.841316,0.107215,0.409,0.472093,0.910279,-0.173445,0.9922,0.179085,0.83479,0.18432,0.7612,0.149707,0.887365,-0.071642,0.9932,0.152649,0.790068,0.191409,0.8348,0.127225,0.842601,-0.056155,0.986,0.047488,0.90421,0.195042,0.7665,0.018381,0.935061,-0.019848,0.9812
marjaryasana_y107_0006,0.009287,0.119195,0.007743,0.9993,0.03035,0.097819,-0.017304,0.9991,0.03411,0.099419,-0.016374,0.9991,0.037896,0.101984,-0.016249,0.9991,0.031757,0.094499,0.008968,0.9989,0.035991,0.094389,0.008312,0.9988,0.040149,0.094008,0.009613,0.9986,0.060316,0.134699,-0.069787,0.9994,0.066581,0.12638,0.036868,0.9987,0.02339,0.168643,-0.008835,0.9997,0.024615,0.165953,0.024188,0.9996,0.084252,0.336141,-0.12149,1.0,0.158401,0.284462,0.124788,0.9998,0.088644,0.670441,-0.113761,0.9932,0.174766,0.569598,0.168015,0.1388,0.122293,0.961381,-0.045644,0.9848,0.184775,0.833826,0.207083,0.1486,0.084935,0.981679,-0.062889,0.9797,0.158628,0.847636,0.237166,0.1521,0.082195,0.974337,-0.02641,0.9793,0.163284,0.858043,0.205917,0.1525,0.096259,0.968873,-0.02934,0.9654,0.174962,0.858277,0.196775,0.1643,0.491009,0.53001,-0.086814,1.0,0.500839,0.490465,0.088079,0.9999,0.535448,0.93385,-0.097392,0.9958,0.545062,0.858848,0.103006,0.3287,0.847814,0.840215,-0.041185,0.9951,0.803679,0.807255,0.216651,0.5938,0.869577,0.763303,-0.032896,0.994,0.82684,0.736768,0.227472,0.7089,0.9743,0.943706,-0.008496,0.9929,0.897172,0.892256,0.250812,0.7875
marjaryasana_y107_0008,0.98031,0.248539,-0.012669,0.9987,0.977483,0.20916,-0.006456,0.9981,0.975427,0.207411,-0.005689,0.9984,0.973198,0.205314,-0.005774,0.9984,0.975801,0.209189,-0.039861,0.9976,0.972596,0.207564,-0.040408,0.9974,0.968794,0.205115,-0.039526,0.9972,0.936334,0.19765,0.060239,0.9988,0.933446,0.196526,-0.097071,0.9979,0.962962,0.276596,0.014473,0.9994,0.961148,0.276063,-0.030269,0.9992,0.788102,0.267647,0.179375,0.9996,0.813482,0.306876,-0.172191,0.9995,0.659297,0.531626,0.210959,0.3436,0.669993,0.571524,-0.152923,0.9851,0.673317,0.812244,0.194744,0.4132,0.688223,0.914671,-0.091213,0.9813,0.709912,0.832589,0.213395,0.4416,0.728992,0.942186,-0.124291,0.9775,0.714659,0.844278,0.18145,0.4417,0.734892,0.929969,-0.087474,0.9745,0.702875,0.843819,0.184572,0.4272,0.720316,0.921648,-0.077796,0.9622,0.46233,0.296832,0.114133,0.9985,0.467438,0.358865,-0.113057,0.9993,0.364631,0.751038,0.167192,0.3974,0.364305,0.855798,-0.121684,0.9964,0.132383,0.636702,0.255454,0.7334,0.086995,0.707868,-0.032722,0.9925,0.09165,0.594272,0.262209,0.8021,0.04614,0.658883,-0.020626,0.9854,0.112467,0.818541,0.273303,0.8028,0.072688,0.885227,0.004799,0.9811
marjaryasana_y107_0009,0.810411,0.366074,0.035253,0.9993,0.835777,0.371027,0.03625,0.9989,0.837937,0.368645,0.037138,0.999,0.84073,0.365579,0.037165,0.9988,0.839363,0.368603,0.010095,0.999,0.843461,0.364384,0.009137,0.9989,0.847899,0.359758,0.010063,0.9989,0.860586,0.31087,0.092262,0.9988,0.868143,0.300712,-0.045088,0.999,0.80129,0.336806,0.059477,0.9971,0.804141,0.33174,0.019989,0.9977,0.798417,0.18247,0.178354,0.9982,0.832052,0.186766,-0.132771,0.9993,0.792331,0.517575,0.21108,0.4662,0.82151,0.561319,-0.172453,0.992,0.815296,0.81516,0.169477,0.3926,0.858637,0.916796,-0.107555,0.9775,0.85415,0.839452,0.175939,0.3594,0.908755,0.955297,-0.124418,0.9522,0.863142,0.850925,0.143887,0.3592,0.913637,0.940662,-0.086961,0.9501,0.847667,0.849114,0.15858,0.3506,0.89945,0.930855,-0.091974,0.9303,0.459729,0.328866,0.099803,0.9969,0.464478,0.340584,-0.098766,0.9976,0.452845,0.822957,0.101947,0.4147,0.456238,0.888148,-0.144571,0.9817,0.184265,0.800428,0.176843,0.6245,0.161287,0.852459,-0.070046,0.9857,0.159276,0.73341,0.180251,0.6598,0.13746,0.787543,-0.052836,0.9722,0.061375,0.870372,0.161567,0.677,0.026254,0.914919,-0.012318,0.9739
marjaryasana_y107_0010,0.989152,0.189364,-0.071953,0.9934,0.978108,0.157889,-0.06433,0.9917,0.975586,0.157232,-0.063646,0.9925,0.972513,0.156434,-0.063703,0.9925,0.976384,0.158459,-0.094719,0.9909,0.973168,0.158371,-0.095398,0.9904,0.969455,0.158051,-0.094857,0.9902,0.939761,0.163658,0.0086,0.9916,0.937756,0.166523,-0.139675,0.9889,0.973858,0.223428,-0.044944,0.9944,0.971443,0.222107,-0.08681,0.9935,0.819254,0.316372,0.120301,0.9919,0.829998,0.359151,-0.216026,0.9917,0.81716,0.621268,0.121902,0.5256,0.819424,0.654163,-0.22426,0.98,0.825926,0.87088,0.089427,0.4608,0.837263,0.938794,-0.181925,0.9708,0.864926,0.891099,0.106667,0.4303,0.883895,0.96003,-0.22673,0.9643,0.873816,0.89953,0.065105,0.4334,0.888328,0.946578,-0.185971,0.9606,0.857074,0.896658,0.074312,0.4405,0.871713,0.941102,-0.169531,0.9423,0.477845,0.462782,0.105144,0.9859,0.454142,0.484506,-0.103803,0.9901,0.450018,0.841034,0.124021,0.6938,0.436889,0.908377,-0.146668,0.9904,0.201404,0.843609,0.209266,0.9052,0.132139,0.891212,-0.047905,0.9929,0.172969,0.796556,0.216195,0.9062,0.105707,0.848846,-0.034058,0.985,0.086458,0.896069,0.224927,0.9124,0.021471,0.940801,-0.003374,0.9857
marjaryasana_y107_0011,0.880492,0.371855,0.018731,0.9972,0.906191,0.344396,0.027883,0.9962,0.906698,0.339388,0.028592,0.9965,0.907361,0.333479,0.028579,0.9963,0.905765,0.339428,-0.004265,0.9961,0.905732,0.332023,-0.005023,0.9957,0.905795,0.323073,-0.004357,0.9955,0.898167,0.266915,0.100679,0.9961,0.896977,0.26787,-0.058054,0.9949,0.859468,0.359695,0.045184,0.9954,0.859598,0.352827,1.8e-05,0.9956,0.782716,0.212912,0.181481,0.9842,0.80368,0.250043,-0.145405,0.9896,0.780557,0.543182,0.210963,0.3654,0.80527,0.623318,-0.194775,0.9809,0.813843,0.849573,0.144741,0.3315,0.830742,0.935187,-0.133397,0.953,0.86174,0.86526,0.146239,0.3157,0.8796,0.960733,-0.158083,0.9212,0.870345,0.872359,0.115035,0.3156,0.891444,0.933426,-0.125463,0.9152,0.852667,0.876181,0.132403,0.3226,0.873734,0.928131,-0.121337,0.8881,0.463157,0.320287,0.102025,0.991,0.456491,0.344059,-0.1006,0.9906,0.440408,0.836363,0.093701,0.5471,0.436958,0.888122,-0.148641,0.9826,0.171769,0.863086,0.152222,0.7603,0.157969,0.890592,-0.075193,0.9863,0.148605,0.791272,0.153587,0.7498,0.140252,0.815949,-0.062268,0.9733,0.044317,0.925682,0.137409,0.7876,0.027763,0.938916,-0.031472,0.9736
marjaryasana_y107_0012,0.944871,0.140132,-0.044731,0.992,0.932271,0.120394,-0.038898,0.9907,0.929688,0.121278,-0.038093,0.9911,0.92661,0.121788,-0.038212,0.9911,0.929694,0.120415,-0.06677,0.9905,0.925764,0.121222,-0.06736,0.9895,0.921345,0.121729,-0.067027,0.9887,0.893781,0.136757,0.026334,0.9911,0.890492,0.138135,-0.112832,0.9882,0.9321,0.179284,-0.020598,0.9917,0.928914,0.179892,-0.060222,0.9903,0.803427,0.314134,0.144462,0.9926,0.818115,0.311101,-0.197536,0.9823,0.822653,0.606185,0.160847,0.2277,0.839766,0.613149,-0.231915,0.9816,0.872464,0.87642,0.104299,0.2633,0.886963,0.909754,-0.186368,0.9464,0.908404,0.909762,0.11407,0.3014,0.9226,0.941031,-0.229497,0.9419,0.913791,0.9104,0.072578,0.3059,0.928157,0.926895,-0.192024,0.9418,0.900391,0.905353,0.086531,0.3246,0.915504,0.920108,-0.175386,0.9388,0.495775,0.446124,0.114439,0.988,0.481975,0.425887,-0.113261,0.9824,0.472541,0.853055,0.130789,0.2482,0.462144,0.856553,-0.156862,0.9817,0.224524,0.822338,0.191981,0.5601,0.194782,0.827403,-0.06527,0.9875,0.196378,0.759494,0.194246,0.6851,0.166639,0.77894,-0.052506,0.9825,0.141029,0.899727,0.193298,0.6326,0.081559,0.911768,-0.024361,0.9737
marjaryasana_y107_0013,0.926099,0.085469,-0.014755,0.9997,0.893607,0.082223,-0.014719,0.9996,0.889676,0.086185,-0.012954,0.9996,0.885431,0.090337,-0.012912,0.9996,0.894008,0.082601,-0.040029,0.9996,0.89083,0.086718,-0.042025,0.9995,0.887406,0.09121,-0.040172,0.9995,0.860796,0.13545,0.03212,0.9995,0.865844,0.139285,-0.099945,0.9994,0.929117,0.133157,0.004058,0.9995,0.930875,0.131614,-0.033331,0.9996,0.817639,0.328495,0.141113,0.9983,0.864381,0.349592,-0.209213,0.9993,0.848238,0.662716,0.156164,0.2192,0.876732,0.691611,-0.192293,0.9917,0.878197,0.9143,0.142845,0.3918,0.917179,0.982533,-0.118359,0.9685,0.912149,0.923886,0.16822,0.4051,0.959506,0.9981,-0.148678,0.9639,0.921547,0.926451,0.128634,0.4097,0.966275,0.9834,-0.10552,0.9647,0.907821,0.929319,0.131641,0.3944,0.948148,0.979141,-0.101558,0.967,0.438111,0.498577,0.105953,0.9943,0.436604,0.517247,-0.104831,0.996,0.464959,0.886968,0.139652,0.8662,0.465769,0.927077,-0.122379,0.9961,0.186233,0.856034,0.244006,0.9254,0.165522,0.874349,-0.010714,0.9918,0.153001,0.802441,0.24874,0.9198,0.132773,0.821593,0.003541,0.9769,0.07863,0.949021,0.264611,0.9463,0.041691,0.970355,0.033932,0.9845
marjaryasana_y107_0014,0.069416,0.200982,-0.173645,0.9251,0.071779,0.170292,-0.195753,0.9473,0.072704,0.173541,-0.195009,0.9559,0.072298,0.176131,-0.195031,0.9618,0.074612,0.162223,-0.167847,0.9337,0.076331,0.159073,-0.168804,0.9309,0.080536,0.151758,-0.167628,0.928,0.087401,0.178094,-0.243007,0.9645,0.103592,0.151954,-0.12419,0.9349,0.078363,0.227065,-0.188391,0.9494,0.097806,0.233403,-0.152905,0.9279,0.185479,0.324678,-0.301253,0.9985,0.197462,0.233242,-0.006284,0.9926,0.163893,0.6251,-0.339738,0.9856,0.211025,0.48492,0.059233,0.03,0.13198,0.915185,-0.313205,0.9761,0.135959,0.724609,0.039826,0.0776,0.092742,0.945458,-0.348775,0.9676,0.104729,0.72271,0.049452,0.134,0.083396,0.929468,-0.327651,0.9669,0.101393,0.747294,0.01637,0.1384,0.09604,0.916954,-0.305959,0.9338,0.12008,0.769518,0.025353,0.145,0.459035,0.545758,-0.100214,0.9985,0.467492,0.471946,0.10148,0.9975,0.575302,0.886144,-0.125163,0.9689,0.580448,0.802615,0.103274,0.2367,0.852298,0.847078,-0.085345,0.98,0.838282,0.830426,0.181744,0.5446,0.875224,0.786827,-0.082409,0.9823,0.867175,0.770052,0.188105,0.6996,0.960178,0.918392,-0.086599,0.9621,0.886654,0.896854,0.176558,0.5743
marjaryasana_y107_0015,0.024807,0.172387,-0.06378,0.9997,0.034657,0.138407,-0.084541,0.9996,0.03809,0.137319,-0.0836,0.9996,0.041651,0.135617,-0.083738,0.9996,0.032955,0.138718,-0.051121,0.9996,0.035163,0.13822,-0.05175,0.9996,0.037638,0.136974,-0.050966,0.9996,0.077975,0.145659,-0.126306,0.9996,0.074021,0.144109,0.008566,0.9996,0.038738,0.206844,-0.078851,0.9998,0.037404,0.208645,-0.03786,0.9998,0.180454,0.345571,-0.183569,0.9996,0.200298,0.305509,0.112246,0.9997,0.19611,0.669054,-0.184716,0.966,0.202839,0.629586,0.133279,0.2207,0.172477,0.951389,-0.146647,0.9538,0.189531,0.868461,0.10919,0.1763,0.128031,0.967288,-0.190273,0.9549,0.154539,0.881616,0.124655,0.2111,0.124609,0.95248,-0.156941,0.952,0.150537,0.892488,0.082486,0.2113,0.140416,0.948144,-0.135604,0.9289,0.163646,0.895473,0.091048,0.2156,0.539614,0.472195,-0.094459,1.0,0.523574,0.453304,0.095975,0.9999,0.560542,0.906784,-0.133871,0.9943,0.547575,0.849799,0.117857,0.2849,0.861832,0.888093,-0.073046,0.9949,0.796508,0.842144,0.209808,0.6715,0.881169,0.842214,-0.062295,0.9958,0.830512,0.799572,0.217168,0.7226,0.968911,0.948958,-0.025505,0.9919,0.887068,0.940008,0.219253,0.7587
marjaryasana_y107_0016,0.031257,0.177287,-0.033176,0.9995,0.047657,0.154406,-0.055659,0.9995,0.052256,0.154134,-0.054776,0.9995,0.057283,0.153558,-0.055004,0.9995,0.047267,0.152803,-0.023705,0.9995,0.051024,0.151583,-0.024317,0.9994,0.055028,0.15005,-0.023245,0.9994,0.090903,0.169514,-0.104371,0.9996,0.088721,0.163449,0.025895,0.9994,0.048863,0.218016,-0.051094,0.9997,0.048108,0.21501,-0.011695,0.9997,0.178899,0.356073,-0.153425,0.9997,0.193977,0.329285,0.119748,0.9996,0.19242,0.66069,-0.150106,0.9506,0.198505,0.631742,0.159811,0.2279,0.17172,0.962174,-0.079674,0.9395,0.181787,0.912669,0.15575,0.1276,0.132232,0.976651,-0.10965,0.9378,0.145548,0.928496,0.1706,0.1423,0.127352,0.96837,-0.080373,0.933,0.142,0.932935,0.131314,0.1441,0.14327,0.964245,-0.06871,0.9093,0.156713,0.934239,0.138315,0.1582,0.550418,0.485242,-0.084676,1.0,0.544961,0.476511,0.086129,0.9999,0.526386,0.939597,-0.133773,0.9945,0.52004,0.8957,0.087432,0.3037,0.829069,0.918826,-0.051136,0.9892,0.804241,0.892823,0.169386,0.5448,0.851371,0.866963,-0.038386,0.9887,0.834795,0.831965,0.175199,0.5018,0.960322,0.960581,0.010085,0.9826,0.922381,0.938767,0.165802,0.5846
marjaryasana_y107_0017,0.874753,0.226474,0.022211,0.9988,0.868076,0.190382,0.022774,0.9987,0.867541,0.190239,0.023573,0.9989,0.866756,0.189953,0.023482,0.9988,0.864406,0.190416,-0.008497,0.9985,0.861311,0.190398,-0.009053,0.9983,0.85796,0.190435,-0.008446,0.998,0.844036,0.193722,0.068486,0.999,0.833138,0.195037,-0.085308,0.9982,0.867062,0.261917,0.042173,0.9989,0.861839,0.25843,-0.002412,0.9987,0.734668,0.320499,0.167402,0.9991,0.749638,0.375074,-0.171699,0.9984,0.776282,0.451259,0.21769,0.3589,0.748824,0.672778,-0.160009,0.9939,0.872623,0.527199,0.227865,0.4437,0.769591,0.971826,-0.062155,0.9423,0.903202,0.499012,0.237768,0.451,0.799399,1.005101,-0.09023,0.9338,0.911141,0.500058,0.21114,0.4429,0.808671,0.98978,-0.058613,0.9379,0.901936,0.518295,0.218177,0.427,0.794579,0.981353,-0.050572,0.9342,0.421164,0.522871,0.10765,0.9983,0.405081,0.523289,-0.106614,0.9964,0.421253,0.937652,0.106734,0.2547,0.403793,0.975456,-0.14639,0.9585,0.145866,0.914507,0.147565,0.4081,0.119738,0.933033,-0.062116,0.9367,0.116857,0.864689,0.150369,0.5898,0.095971,0.88372,-0.049123,0.9284,0.053239,0.976653,0.174184,0.5328,0.02892,0.989998,-0.014432,0.9152
marjaryasana_y107_0018,0.044106,0.224472,-0.104663,0.9966,0.05733,0.192894,-0.129462,0.9964,0.062335,0.192477,-0.128684,0.9966,0.068067,0.191803,-0.129012,0.9966,0.053749,0.190604,-0.094769,0.9959,0.055683,0.188915,-0.09551,0.9957,0.058301,0.186986,-0.094338,0.9951,0.106929,0.197561,-0.183845,0.9972,0.098076,0.190974,-0.038361,0.9954,0.059962,0.257873,-0.123966,0.9967,0.055561,0.252263,-0.080273,0.9959,0.205732,0.387851,-0.217221,0.9987,0.204758,0.364774,0.055451,0.9965,0.201045,0.675042,-0.222212,0.9769,0.201508,0.645608,0.089723,0.2259,0.184513,0.924606,-0.197811,0.974,0.186327,0.883175,0.09193,0.1838,0.145836,0.950899,-0.234701,0.9694,0.159282,0.896635,0.105294,0.1939,0.140294,0.940735,-0.201825,0.9676,0.153771,0.909478,0.065393,0.2008,0.156139,0.93414,-0.187194,0.9492,0.16969,0.908393,0.07417,0.2066,0.505158,0.544076,-0.085218,0.9997,0.492046,0.553361,0.086477,0.9993,0.577737,0.900922,-0.130229,0.9807,0.576515,0.886476,0.05657,0.3125,0.850967,0.873433,-0.057889,0.9784,0.845013,0.867269,0.141404,0.5877,0.87484,0.833965,-0.050605,0.9823,0.879396,0.823596,0.147379,0.6313,0.921179,0.92539,-0.050303,0.9656,0.908541,0.917895,0.116015,0.5982
marjaryasana_y107_0019,0.986287,0.157934,-0.069583,0.9987,0.972719,0.13382,-0.061559,0.9984,0.970281,0.134542,-0.060822,0.9985,0.967242,0.13487,-0.060937,0.9984,0.968266,0.132581,-0.093879,0.9985,0.963313,0.132442,-0.094595,0.9984,0.957875,0.131818,-0.094039,0.9984,0.928129,0.149886,0.005692,0.9983,0.921774,0.146866,-0.149229,0.9985,0.970048,0.197178,-0.044703,0.9992,0.966981,0.196656,-0.088535,0.9992,0.810575,0.310109,0.1213,0.9985,0.819271,0.337723,-0.23046,0.9991,0.770407,0.606031,0.138329,0.4991,0.781146,0.649278,-0.22058,0.9933,0.794535,0.832415,0.111382,0.4147,0.814451,0.933446,-0.170974,0.9888,0.83426,0.842663,0.124861,0.4111,0.864916,0.96318,-0.217862,0.9824,0.842915,0.854657,0.085038,0.4109,0.872077,0.947669,-0.176626,0.9806,0.829377,0.857248,0.097213,0.4055,0.853512,0.938939,-0.157761,0.9701,0.457046,0.432911,0.11738,0.9956,0.429467,0.460982,-0.116093,0.9981,0.436991,0.831584,0.155447,0.6295,0.425754,0.891146,-0.133505,0.997,0.180767,0.726144,0.242001,0.8272,0.12083,0.763239,-0.029389,0.9954,0.139579,0.671659,0.250192,0.8515,0.065204,0.71964,-0.015859,0.99,0.141969,0.82907,0.280493,0.8775,0.097208,0.904829,0.028588,0.9895
marjaryasana_y107_0020,0.086499,0.252979,-0.023634,0.9997,0.07203,0.21889,-0.048252,0.9994,0.073639,0.212587,-0.047788,0.9993,0.075397,0.206611,-0.047686,0.9992,0.069699,0.224042,-0.016016,0.9995,0.069577,0.221357,-0.016529,0.9995,0.069464,0.218509,-0.015579,0.9994,0.103127,0.163392,-0.100126,0.999,0.095067,0.174861,0.034476,0.9994,0.117768,0.255997,-0.040876,0.9997,0.114308,0.260751,-0.000262,0.9996,0.219753,0.254576,-0.168272,0.9995,0.258162,0.223506,0.151197,0.9998,0.237527,0.588707,-0.176764,0.981,0.267097,0.535616,0.209016,0.502,0.170581,0.865614,-0.115197,0.9811,0.212173,0.791394,0.177201,0.6097,0.11324,0.894119,-0.149388,0.9786,0.165342,0.804494,0.190636,0.613,0.10682,0.875856,-0.110598,0.9765,0.159408,0.813285,0.152225,0.6069,0.127186,0.869012,-0.09902,0.9681,0.176388,0.818184,0.159697,0.6124,0.590289,0.46563,-0.093012,0.9999,0.595929,0.449144,0.093909,0.9999,0.6371,0.918934,-0.116137,0.9848,0.665327,0.814307,0.118606,0.3662,0.916105,0.752339,-0.017254,0.9837,0.904976,0.756638,0.213214,0.5481,0.949858,0.688426,-0.005968,0.9866,0.941798,0.701183,0.221933,0.6587,0.984374,0.893435,0.036648,0.9774,0.974354,0.900297,0.241437,0.6824
marjaryasana_y107_0021,0.988018,0.237373,-0.007155,0.988,0.978266,0.205885,-0.000325,0.9867,0.976405,0.205604,0.000193,0.9886,0.974169,0.20523,0.000107,0.9891,0.975687,0.207903,-0.030018,0.9832,0.97218,0.209107,-0.030665,0.9815,0.968163,0.21014,-0.030101,0.98,0.940647,0.217595,0.057123,0.9911,0.934646,0.222466,-0.085418,0.9829,0.975435,0.276421,0.014785,0.9927,0.973545,0.275893,-0.026133,0.9904,0.844924,0.35358,0.159171,0.9957,0.864048,0.401005,-0.165615,0.991,0.834673,0.641668,0.160232,0.1843,0.845674,0.684833,-0.164448,0.9432,0.81978,0.880944,0.149099,0.1207,0.830836,0.935667,-0.104378,0.8246,0.858409,0.894564,0.167896,0.1239,0.870374,0.958929,-0.143189,0.8328,0.864612,0.901386,0.12899,0.1258,0.875642,0.948239,-0.107545,0.8354,0.846044,0.902248,0.134371,0.14,0.857122,0.941816,-0.093345,0.8271,0.522183,0.496403,0.099093,0.985,0.522198,0.529204,-0.098014,0.9865,0.414447,0.845919,0.09694,0.164,0.42181,0.906456,-0.141394,0.9495,0.17524,0.837229,0.144514,0.4032,0.15661,0.866888,-0.065451,0.9312,0.145814,0.779764,0.14661,0.531,0.135477,0.815618,-0.055742,0.9071,0.113229,0.910945,0.140534,0.5155,0.066869,0.91389,-0.052477,0.9018
marjaryasana_y107_0022,0.964232,0.16379,0.008195,0.9978,0.955899,0.132248,0.014668,0.9971,0.954334,0.131176,0.0155,0.9973,0.952362,0.129741,0.015233,0.9973,0.952242,0.132461,-0.015541,0.9968,0.948171,0.131936,-0.016114,0.9966,0.943372,0.131177,-0.015593,0.9965,0.916069,0.138319,0.073627,0.9979,0.905305,0.140397,-0.071978,0.9974,0.950749,0.196561,0.029785,0.9986,0.947026,0.195596,-0.012351,0.9985,0.782399,0.310113,0.183212,0.9993,0.811654,0.330355,-0.165993,0.999,0.812703,0.611812,0.193266,0.3624,0.830121,0.635875,-0.171934,0.9912,0.843258,0.887183,0.169347,0.3102,0.862413,0.927575,-0.100534,0.9682,0.88409,0.896664,0.182444,0.3077,0.91289,0.949214,-0.136695,0.9644,0.890717,0.899039,0.146712,0.3077,0.919039,0.937871,-0.095974,0.9657,0.871553,0.899753,0.155189,0.3222,0.896747,0.931161,-0.086799,0.9662,0.444237,0.446033,0.116394,0.998,0.448034,0.463999,-0.115372,0.9978,0.43422,0.870451,0.122695,0.2485,0.45565,0.921683,-0.151135,0.9882,0.155845,0.800523,0.167501,0.5666,0.141682,0.82568,-0.066822,0.9876,0.115031,0.73999,0.169253,0.727,0.105593,0.764902,-0.053741,0.9854,0.06331,0.907442,0.170093,0.6243,0.044574,0.939297,-0.009684,0.9745
marjaryasana_y107_0023,0.972101,0.254898,-0.07397,0.9987,0.970263,0.21214,-0.060036,0.9983,0.968476,0.210146,-0.059181,0.9984,0.966181,0.207873,-0.059289,0.9984,0.96569,0.212336,-0.094086,0.9982,0.961419,0.210841,-0.094588,0.998,0.956995,0.208937,-0.093998,0.9977,0.929558,0.196526,0.033839,0.9985,0.922171,0.199424,-0.134028,0.9974,0.949143,0.283286,-0.04035,0.9988,0.945199,0.280093,-0.08782,0.9986,0.789887,0.315805,0.149217,0.9986,0.799822,0.363155,-0.206706,0.9972,0.794644,0.615003,0.144178,0.3165,0.804511,0.652223,-0.242219,0.9861,0.826031,0.833446,0.066412,0.337,0.846801,0.929026,-0.217109,0.9851,0.865123,0.838432,0.080579,0.3926,0.892602,0.953065,-0.266172,0.9798,0.875663,0.850529,0.036565,0.3973,0.902687,0.935195,-0.221257,0.9776,0.862667,0.854813,0.048974,0.4115,0.887099,0.926451,-0.203856,0.9618,0.453624,0.437276,0.114138,0.9982,0.437764,0.465615,-0.112671,0.9978,0.444125,0.83543,0.141903,0.4299,0.445807,0.88467,-0.15103,0.9916,0.181789,0.839261,0.221855,0.7764,0.160846,0.870587,-0.03022,0.9918,0.160023,0.775709,0.229237,0.8426,0.141935,0.804257,-0.014176,0.9831,0.079919,0.886359,0.238831,0.8095,0.041589,0.911103,0.022459,0.9804
marjaryasana_y107_0024,0.801749,0.411434,0.064418,0.9999,0.830305,0.433484,0.070863,0.9999,0.833996,0.433422,0.071996,0.9999,0.838649,0.432867,0.071674,0.9999,0.83037,0.429387,0.044864,0.9999,0.834063,0.427052,0.044168,0.9999,0.838847,0.422473,0.044926,0.9998,0.867693,0.39648,0.131104,0.9999,0.869544,0.391509,-0.001991,0.9999,0.799072,0.387261,0.087116,0.9998,0.799164,0.383738,0.048686,0.9997,0.817053,0.325175,0.192239,0.9997,0.834409,0.32213,-0.089667,0.9998,0.819706,0.618245,0.220035,0.5333,0.833305,0.629336,-0.163533,0.9867,0.831238,0.884816,0.161088,0.6086,0.851774,0.937646,-0.144009,0.9818,0.882732,0.905685,0.159374,0.5961,0.90858,0.96604,-0.167737,0.9644,0.889257,0.915117,0.130489,0.5922,0.914119,0.959873,-0.135293,0.961,0.865973,0.91576,0.151766,0.554,0.893995,0.953186,-0.133178,0.9456,0.466231,0.327585,0.104611,0.9996,0.457799,0.334287,-0.103366,0.9992,0.538446,0.829561,0.081884,0.2097,0.534776,0.90094,-0.145358,0.9793,0.199818,0.837619,0.135492,0.3489,0.168962,0.878765,-0.069348,0.9826,0.163233,0.773043,0.139987,0.4787,0.146289,0.811766,-0.05005,0.9799,0.049839,0.918453,0.12129,0.3856,0.01442,0.941164,-0.001598,0.9584
marjaryasana_y107_0025,0.118079,0.108566,-0.01042,0.9999,0.140625,0.087654,-0.030167,0.9999,0.144908,0.08852,-0.029329,0.9999,0.148919,0.090373,-0.029356,0.9999,0.14011,0.085031,0.001521,0.9999,0.143819,0.084174,0.0007,0.9999,0.14804,0.083338,0.001846,0.9999,0.174837,0.114164,-0.083388,0.9999,0.176102,0.10716,0.04646,0.9999,0.122903,0.143032,-0.030917,1.0,0.122376,0.140006,0.009315,1.0,0.205088,0.333622,-0.145983,0.9999,0.254128,0.298855,0.13277,0.9999,0.200284,0.634596,-0.138154,0.994,0.243742,0.57287,0.15083,0.2607,0.151921,0.886808,-0.090154,0.9917,0.203696,0.783937,0.152294,0.2986,0.112625,0.926427,-0.12035,0.9902,0.181147,0.798587,0.172937,0.3043,0.111221,0.898908,-0.079569,0.9887,0.171783,0.803285,0.133698,0.3055,0.130396,0.886582,-0.07396,0.9843,0.180813,0.80951,0.135926,0.3168,0.577159,0.495159,-0.09354,1.0,0.584362,0.470158,0.094847,0.9999,0.587032,0.892116,-0.128835,0.9929,0.583157,0.838505,0.098394,0.3242,0.879493,0.809906,-0.042557,0.9881,0.851804,0.796203,0.195183,0.5232,0.90383,0.749446,-0.030164,0.9918,0.880577,0.74413,0.204815,0.6286,0.977947,0.876844,0.008431,0.9866,0.950591,0.85414,0.201542,0.6539
marjaryasana_y107_0026,0.713008,0.446707,0.072547,0.9992,0.731488,0.475703,0.075697,0.9992,0.733663,0.477823,0.076711,0.9993,0.736368,0.479471,0.076711,0.9992,0.732819,0.46877,0.048081,0.9991,0.735616,0.465886,0.047197,0.999,0.738849,0.46268,0.047612,0.9988,0.764525,0.447453,0.128212,0.9995,0.764793,0.433886,-0.013653,0.9989,0.712107,0.422942,0.094715,0.998,0.712485,0.412127,0.05381,0.9979,0.757648,0.335683,0.188477,0.9974,0.768216,0.292243,-0.08885,0.9959,0.789589,0.613366,0.261633,0.3354,0.800925,0.625183,-0.13977,0.9701,0.854245,0.876494,0.222398,0.2418,0.872547,0.935769,-0.067996,0.8709,0.896189,0.886696,0.217147,0.2607,0.920046,0.960889,-0.081344,0.7861,0.901592,0.887489,0.193895,0.2664,0.930403,0.94208,-0.057355,0.7806,0.887099,0.883047,0.213414,0.2609,0.912971,0.936295,-0.058143,0.7416,0.453131,0.327965,0.102428,0.9985,0.432461,0.311948,-0.101153,0.9963,0.444193,0.87327,0.089827,0.2771,0.440188,0.882811,-0.143757,0.9581,0.168501,0.819718,0.123182,0.325,0.15887,0.833407,-0.08085,0.9512,0.145235,0.740336,0.122724,0.4021,0.136654,0.758079,-0.065611,0.9448,0.050241,0.918964,0.102819,0.3428,0.041111,0.927537,-0.031012,0.925
marjaryasana_y107_0027,0.050549,0.151185,-0.17454,0.9935,0.064124,0.126317,-0.195468,0.9941,0.068262,0.125911,-0.194683,0.995,0.073312,0.125147,-0.194997,0.9955,0.062621,0.125501,-0.158751,0.9925,0.065455,0.124736,-0.159671,0.992,0.069074,0.123463,-0.158633,0.9912,0.115593,0.135884,-0.247808,0.9968,0.110907,0.12978,-0.09042,0.9918,0.062519,0.180318,-0.194197,0.994,0.060798,0.179007,-0.147445,0.9913,0.186859,0.300408,-0.300021,0.9993,0.197397,0.273048,0.008341,0.9972,0.19031,0.559574,-0.340691,0.984,0.1875,0.528972,0.031791,0.099,0.174285,0.803479,-0.318883,0.9766,0.174107,0.763494,0.004,0.1407,0.1371,0.836097,-0.358531,0.9669,0.139121,0.785649,0.007269,0.1624,0.12454,0.823143,-0.341825,0.9655,0.129965,0.796728,-0.022915,0.1686,0.142812,0.816756,-0.313637,0.9363,0.152224,0.78996,-0.012402,0.1841,0.458317,0.533393,-0.091604,0.9998,0.438334,0.532614,0.0931,0.9997,0.546084,0.796569,-0.137404,0.9411,0.546053,0.771899,0.11153,0.2502,0.815982,0.773692,0.013845,0.9329,0.808073,0.768233,0.227658,0.4838,0.835861,0.725628,0.025843,0.9341,0.836075,0.722932,0.235326,0.5948,0.926517,0.800167,0.01813,0.9159,0.91311,0.803331,0.203078,0.5183
marjaryasana_y107_0028,0.113078,0.343826,0.013757,0.9997,0.096063,0.308189,-0.010742,0.9995,0.096892,0.301615,-0.010035,0.9994,0.097835,0.294282,-0.010109,0.9993,0.094426,0.311096,0.023742,0.9996,0.094091,0.306639,0.023057,0.9996,0.093774,0.301932,0.023844,0.9996,0.116059,0.239418,-0.061361,0.9992,0.112265,0.252203,0.081336,0.9996,0.134129,0.337766,-0.004644,0.9997,0.132815,0.3428,0.037599,0.9998,0.239973,0.242217,-0.145392,0.9994,0.246451,0.305513,0.191598,0.9997,0.246265,0.620736,-0.189163,0.9945,0.255468,0.615425,0.235204,0.5867,0.233468,0.928047,-0.143701,0.9903,0.247561,0.875726,0.169162,0.5894,0.193524,0.946887,-0.175507,0.985,0.211631,0.899357,0.176437,0.5732,0.18822,0.937816,-0.140344,0.9832,0.206168,0.905595,0.144016,0.5688,0.202275,0.934249,-0.129818,0.977,0.220169,0.902465,0.152077,0.5687,0.555885,0.357153,-0.095703,0.9999,0.550472,0.378958,0.096523,0.9999,0.602243,0.897761,-0.146872,0.9926,0.603258,0.861249,0.070498,0.468,0.868178,0.885924,-0.062614,0.9929,0.854666,0.862885,0.150234,0.6779,0.887256,0.836733,-0.05004,0.9927,0.879244,0.808492,0.155304,0.6933,0.973083,0.924269,-0.017328,0.9877,0.954918,0.909829,0.127702,0.7335
marjaryasana_y107_0029,0.941969,0.175481,-0.068704,0.9964,0.924614,0.153106,-0.057927,0.9947,0.921669,0.153437,-0.057256,0.9949,0.918334,0.153734,-0.057162,0.9946,0.922021,0.154975,-0.088813,0.9955,0.917852,0.156392,-0.089658,0.9956,0.91326,0.157664,-0.089184,0.9955,0.882048,0.172046,0.024194,0.9928,0.877452,0.176477,-0.128877,0.995,0.928519,0.217711,-0.039891,0.9967,0.925891,0.219974,-0.083182,0.9971,0.779131,0.334321,0.135689,0.9912,0.806844,0.389308,-0.214772,0.9968,0.813536,0.611083,0.133599,0.4218,0.829312,0.668819,-0.241575,0.9862,0.849003,0.801873,0.085131,0.4576,0.875693,0.929016,-0.208515,0.9781,0.882002,0.810634,0.103623,0.4391,0.928311,0.949349,-0.256391,0.9667,0.891911,0.820693,0.060919,0.4439,0.933758,0.931543,-0.210973,0.9636,0.882208,0.825013,0.068555,0.4453,0.917401,0.92277,-0.194489,0.9441,0.447378,0.49904,0.116477,0.9908,0.446321,0.533461,-0.115146,0.9936,0.453237,0.829945,0.138635,0.531,0.466282,0.894584,-0.16803,0.9942,0.194595,0.858499,0.216429,0.8471,0.178658,0.908365,-0.062495,0.9912,0.176581,0.807066,0.223981,0.8739,0.161354,0.849742,-0.046814,0.9772,0.074721,0.910935,0.242723,0.8709,0.045254,0.940382,-0.000345,0.9812
marjaryasana_y107_0030,1.000519,0.149937,-0.058348,0.9973,0.985436,0.124884,-0.047707,0.9962,0.982658,0.125156,-0.047066,0.9965,0.979829,0.12513,-0.047332,0.9965,0.982827,0.127291,-0.077841,0.9957,0.979023,0.129302,-0.078473,0.9953,0.97494,0.131112,-0.077972,0.9949,0.946146,0.143832,0.026465,0.9964,0.941559,0.148424,-0.119334,0.9947,0.985809,0.191598,-0.03182,0.9978,0.98385,0.193029,-0.073751,0.9973,0.833827,0.313214,0.136244,0.9963,0.85966,0.34816,-0.199237,0.995,0.840141,0.618528,0.133,0.4377,0.871757,0.653643,-0.2065,0.9873,0.879925,0.847825,0.095607,0.3573,0.926951,0.912605,-0.159729,0.9605,0.914746,0.859013,0.109218,0.3367,0.969822,0.924757,-0.208512,0.9578,0.92473,0.866205,0.064643,0.3379,0.969434,0.915222,-0.163025,0.9593,0.91102,0.86733,0.078399,0.3504,0.952883,0.912312,-0.146216,0.9599,0.503411,0.442605,0.105608,0.9911,0.498377,0.469429,-0.104424,0.9905,0.459951,0.830922,0.115741,0.3049,0.451617,0.880565,-0.147765,0.9791,0.196204,0.843804,0.183107,0.6154,0.158957,0.872385,-0.055961,0.9767,0.162674,0.802406,0.186627,0.7103,0.134608,0.828608,-0.043823,0.9684,0.108094,0.926915,0.179265,0.6642,0.045752,0.924068,-0.025943,0.9616
marjaryasana_y107_0031,0.015046,0.171345,-0.033292,0.9998,0.03497,0.141433,-0.048258,0.9998,0.040418,0.140025,-0.047412,0.9998,0.046308,0.138412,-0.047549,0.9998,0.031278,0.141472,-0.012816,0.9999,0.034108,0.140099,-0.013618,0.9999,0.037481,0.138331,-0.012998,0.9998,0.077065,0.151383,-0.094411,0.9998,0.071131,0.148215,0.047209,0.9998,0.029667,0.201249,-0.053345,0.9997,0.024544,0.201417,-0.00957,0.9997,0.151202,0.351992,-0.16759,0.9992,0.158335,0.324971,0.116056,0.9992,0.155153,0.645548,-0.200064,0.9905,0.151786,0.620815,0.10357,0.2564,0.141665,0.931245,-0.190505,0.9881,0.142789,0.88038,0.061976,0.2985,0.10097,0.949005,-0.22862,0.9868,0.101977,0.898707,0.070682,0.3167,0.091404,0.939624,-0.19461,0.9835,0.097606,0.907443,0.031218,0.3241,0.106265,0.933104,-0.178424,0.981,0.115058,0.907592,0.043322,0.3409,0.506612,0.471909,-0.094389,0.9998,0.503728,0.457891,0.096132,0.9997,0.518713,0.901995,-0.169033,0.9969,0.527999,0.852199,0.059943,0.4485,0.822556,0.895078,-0.116197,0.9966,0.806649,0.857143,0.128367,0.7435,0.847016,0.844014,-0.10618,0.9967,0.837278,0.80281,0.136111,0.724,0.955642,0.94988,-0.074456,0.9942,0.930623,0.900631,0.092215,0.7013
marjaryasana_y107_0032,0.831809,0.400184,-0.00539,0.9991,0.860408,0.393745,0.003865,0.9984,0.86165,0.390526,0.004557,0.9986,0.863162,0.386888,0.004628,0.9986,0.862224,0.38719,-0.028478,0.9989,0.864717,0.379308,-0.029196,0.9989,0.867529,0.370347,-0.028577,0.9989,0.869015,0.332029,0.08294,0.9985,0.873981,0.315459,-0.078347,0.9985,0.816474,0.377001,0.024276,0.9959,0.819413,0.368945,-0.02181,0.9974,0.77039,0.247244,0.177585,0.9969,0.783173,0.261493,-0.166235,0.9991,0.770265,0.558407,0.208038,0.5268,0.786478,0.624903,-0.230075,0.991,0.804603,0.850527,0.128833,0.418,0.831317,0.93749,-0.191903,0.9849,0.843588,0.837352,0.133796,0.3833,0.879286,0.960302,-0.222903,0.9726,0.852515,0.847362,0.099833,0.3842,0.887885,0.93363,-0.181318,0.9706,0.837785,0.858522,0.115454,0.3787,0.872064,0.927348,-0.176831,0.9531,0.443662,0.375408,0.107111,0.9935,0.438289,0.382774,-0.105751,0.9954,0.416358,0.852492,0.11724,0.5068,0.423918,0.903562,-0.143615,0.9883,0.136445,0.860854,0.189488,0.753,0.126573,0.895632,-0.040505,0.9894,0.114829,0.800698,0.194086,0.7426,0.108118,0.832703,-0.024194,0.9787,0.014351,0.913142,0.177091,0.7937,0.001809,0.927069,0.011834,0.9815
marjaryasana_y107_0033,0.063817,0.118707,-0.064274,1.0,0.085215,0.099832,-0.081895,1.0,0.088645,0.101267,-0.081187,1.0,0.09249,0.102913,-0.08105,1.0,0.084224,0.097331,-0.046639,1.0,0.086511,0.096803,-0.047551,1.0,0.089304,0.09648,-0.046397,1.0,0.114524,0.131959,-0.131806,1.0,0.11106,0.126344,0.011058,1.0,0.065682,0.154809,-0.084339,1.0,0.063662,0.151422,-0.039773,1.0,0.155763,0.33356,-0.188928,1.0,0.171381,0.306811,0.094806,0.9999,0.148939,0.635731,-0.183709,0.9968,0.162976,0.594318,0.104151,0.2916,0.129518,0.919515,-0.183807,0.9967,0.157707,0.823277,0.095553,0.4417,0.089228,0.9412,-0.223916,0.9967,0.126101,0.827726,0.111247,0.4727,0.086063,0.922163,-0.179927,0.9958,0.121871,0.833041,0.066258,0.473,0.102366,0.912428,-0.167639,0.995,0.134663,0.839481,0.076001,0.4581,0.444299,0.467565,-0.097171,1.0,0.447549,0.442779,0.098521,1.0,0.499359,0.880908,-0.171261,0.9985,0.495013,0.815703,0.083006,0.3422,0.769206,0.854978,-0.13645,0.998,0.724696,0.789267,0.155184,0.6466,0.779197,0.806193,-0.127996,0.9976,0.740742,0.748578,0.163818,0.6203,0.867348,0.890748,-0.090166,0.9971,0.821948,0.840129,0.128226,0.7084
marjaryasana_y107_0034,0.797331,0.40386,-0.00128,0.9978,0.823177,0.414931,0.005713,0.997,0.825678,0.412553,0.006434,0.9965,0.828633,0.409617,0.006288,0.9977,0.824666,0.410284,-0.021533,0.9971,0.827855,0.405406,-0.022462,0.9969,0.831123,0.400271,-0.021932,0.9975,0.846065,0.360582,0.070096,0.9979,0.846033,0.352752,-0.068017,0.9947,0.7867,0.372087,0.022588,0.995,0.787415,0.363599,-0.016394,0.9943,0.79673,0.270861,0.13477,0.9974,0.800441,0.266133,-0.150584,0.9967,0.817012,0.587222,0.17699,0.456,0.814999,0.587879,-0.225156,0.9667,0.836144,0.888834,0.105988,0.4815,0.84663,0.922448,-0.181442,0.9383,0.877401,0.919819,0.098577,0.4686,0.89242,0.956569,-0.212,0.8971,0.882183,0.917943,0.065668,0.4766,0.901115,0.945993,-0.186768,0.8916,0.867401,0.913212,0.093197,0.4576,0.884609,0.93586,-0.174561,0.8552,0.46128,0.258959,0.100021,0.9964,0.44777,0.251886,-0.098977,0.9931,0.467768,0.843557,0.092816,0.2326,0.462423,0.878492,-0.13295,0.9268,0.171137,0.870949,0.139672,0.326,0.154531,0.893547,-0.043991,0.9252,0.141155,0.809362,0.140199,0.3593,0.106719,0.855996,-0.03043,0.9229,0.041314,0.939288,0.12024,0.3633,0.029861,0.951457,0.002829,0.9009
marjaryasana_y107_0035,0.231138,0.415499,-0.090853,0.993,0.213551,0.425995,-0.121031,0.9938,0.212002,0.423056,-0.120496,0.9934,0.210436,0.42181,-0.120161,0.9952,0.208193,0.423105,-0.090237,0.9901,0.204431,0.420327,-0.091181,0.9888,0.200164,0.417373,-0.090636,0.9944,0.190109,0.388685,-0.18587,0.983,0.177791,0.381443,-0.057597,0.9938,0.236236,0.385995,-0.109401,0.9899,0.232135,0.382614,-0.071183,0.9902,0.265221,0.330775,-0.249006,0.9957,0.19992,0.263998,0.0439,0.9988,0.266038,0.642782,-0.307101,0.9863,0.197741,0.508026,0.132427,0.3767,0.260123,0.909151,-0.282879,0.9865,0.191847,0.725478,0.07587,0.6059,0.228488,0.955109,-0.330697,0.9821,0.149871,0.755809,0.072892,0.6559,0.213333,0.943186,-0.303593,0.982,0.156394,0.764033,0.038057,0.6675,0.22798,0.925329,-0.276675,0.9691,0.176754,0.75918,0.057998,0.6575,0.590909,0.26609,-0.100312,0.9968,0.541032,0.218921,0.101465,0.9959,0.603714,0.732059,-0.142484,0.9549,0.588774,0.644854,0.10747,0.2929,0.886431,0.652304,-0.022613,0.9653,0.803091,0.574483,0.218666,0.3103,0.897023,0.598921,-0.005328,0.9611,0.825267,0.532283,0.230157,0.4728,0.967148,0.689053,0.049303,0.9481,0.910726,0.632286,0.258105,0.3978
marjaryasana_y107_0036,0.830542,0.602795,0.035094,0.9998,0.855714,0.605833,0.040891,0.9997,0.856088,0.605129,0.041662,0.9997,0.856816,0.604448,0.041577,0.9997,0.861951,0.602387,0.009514,0.9998,0.86564,0.598797,0.008511,0.9997,0.869983,0.595183,0.009062,0.9997,0.862215,0.573699,0.10458,0.9997,0.878323,0.565594,-0.053216,0.9998,0.81545,0.585038,0.059764,0.9997,0.820574,0.580195,0.014791,0.9997,0.780575,0.501136,0.184974,0.9984,0.828622,0.517669,-0.136734,0.9997,0.793075,0.686584,0.25039,0.4614,0.83807,0.750788,-0.184262,0.9932,0.849931,0.836918,0.21026,0.5039,0.897893,0.95831,-0.114003,0.9881,0.879272,0.838331,0.217247,0.4665,0.940094,0.986966,-0.138208,0.9735,0.887899,0.842315,0.184163,0.4699,0.94819,0.975511,-0.101353,0.9709,0.879073,0.846599,0.198364,0.4749,0.934473,0.967011,-0.09952,0.9588,0.428278,0.482641,0.102949,0.998,0.44523,0.497523,-0.101802,0.9982,0.483011,0.820242,0.108267,0.2606,0.451975,0.875939,-0.145724,0.9529,0.16436,0.81013,0.150547,0.3134,0.136008,0.842902,-0.063897,0.9239,0.135085,0.776712,0.151963,0.4378,0.100677,0.802496,-0.051547,0.9334,0.102277,0.883228,0.147261,0.374,0.055013,0.921658,-0.027613,0.9009
marjaryasana_y107_0037,0.880315,0.102031,-0.120528,0.8216,0.865651,0.0987,-0.118492,0.849,0.863378,0.100928,-0.117666,0.8602,0.860458,0.102655,-0.118339,0.8643,0.865489,0.09654,-0.146682,0.8421,0.86324,0.097506,-0.147271,0.8315,0.860462,0.098225,-0.147056,0.823,0.822637,0.114978,-0.078497,0.8894,0.835839,0.127512,-0.216327,0.8523,0.879929,0.12871,-0.103871,0.9038,0.877671,0.124774,-0.143854,0.8961,0.745352,0.27373,0.04804,0.9961,0.813079,0.321973,-0.284826,0.974,0.769986,0.547667,0.034316,0.1235,0.820906,0.619106,-0.289196,0.9442,0.833617,0.846635,-0.01097,0.1165,0.859614,0.908309,-0.244123,0.2941,0.865073,0.868161,-0.014599,0.156,0.901207,0.933405,-0.28802,0.3225,0.87159,0.89166,-0.042149,0.156,0.913172,0.928229,-0.269309,0.2916,0.862258,0.884766,-0.027391,0.1624,0.892753,0.922464,-0.240487,0.2777,0.489162,0.544992,0.121592,0.8474,0.486293,0.567975,-0.119916,0.5815,0.429427,0.857853,0.17334,0.1246,0.439261,0.89628,-0.107992,0.56,0.185865,0.942965,0.248067,0.3342,0.160763,0.907409,-0.029449,0.7857,0.137622,0.876758,0.247344,0.5082,0.09483,0.932791,-0.025151,0.7605,0.156725,1.043469,0.232004,0.4694,0.120891,1.102159,-0.047504,0.6769
marjaryasana_y107_0038,0.946265,0.155869,-0.156222,0.926,0.923356,0.122984,-0.144816,0.9327,0.919603,0.12191,-0.144097,0.9396,0.915241,0.120836,-0.144417,0.9473,0.918085,0.125848,-0.180272,0.9182,0.910929,0.126971,-0.180968,0.9132,0.902702,0.128273,-0.181097,0.9069,0.859227,0.134583,-0.06612,0.9647,0.850931,0.14317,-0.236839,0.9033,0.933067,0.19125,-0.124952,0.9407,0.926805,0.194083,-0.172924,0.9131,0.759897,0.265754,0.006649,0.965,0.740809,0.322112,-0.266043,0.9199,0.77296,0.496578,0.034379,0.0598,0.755403,0.630026,-0.310273,0.6973,0.810641,0.574255,0.021762,0.0457,0.800176,0.939766,-0.296155,0.3093,0.817913,0.566524,0.023254,0.0471,0.83971,0.959021,-0.316102,0.2592,0.836233,0.570826,0.008235,0.0509,0.854592,0.959553,-0.298409,0.2628,0.833103,0.579732,0.01476,0.0548,0.834265,0.948977,-0.290466,0.2763,0.556208,0.591717,0.048631,0.9389,0.532744,0.640337,-0.046975,0.9377,0.359676,0.474516,0.058206,0.1033,0.200208,0.434034,-0.087588,0.3799,0.265742,0.71048,0.145323,0.1175,0.196238,0.687454,0.031839,0.1848,0.263419,0.730265,0.151541,0.1789,0.20656,0.692021,0.044103,0.4408,0.197355,0.796478,0.123998,0.1509,0.123497,0.782244,0.026077,0.2421
marjaryasana_y107_0039,0.895459,0.060918,-0.126701,0.9998,0.864492,0.061855,-0.113239,0.9996,0.861964,0.064308,-0.111202,0.9996,0.859732,0.066116,-0.110786,0.9996,0.863783,0.063483,-0.143416,0.9997,0.859123,0.067771,-0.145465,0.9997,0.855617,0.070981,-0.143388,0.9997,0.837084,0.110792,-0.030997,0.9992,0.841022,0.116829,-0.187867,0.9995,0.904218,0.098336,-0.097933,0.9995,0.900044,0.104842,-0.143004,0.9996,0.813894,0.28561,0.077895,0.9985,0.825605,0.332893,-0.282376,0.9996,0.825503,0.604096,0.072818,0.2677,0.842726,0.649459,-0.285226,0.9979,0.852644,0.87877,0.026349,0.6919,0.866464,0.949653,-0.250393,0.9879,0.898619,0.903771,0.044521,0.7121,0.914608,0.968912,-0.302807,0.9855,0.906788,0.910829,0.000785,0.7271,0.921547,0.957376,-0.257596,0.9848,0.890033,0.911462,0.012025,0.7022,0.9029,0.950897,-0.236262,0.9866,0.46516,0.474273,0.119779,0.9909,0.457813,0.528233,-0.118364,0.995,0.457289,0.865076,0.14105,0.8651,0.447078,0.924078,-0.173378,0.998,0.16141,0.840975,0.252067,0.9521,0.134704,0.878478,-0.048215,0.998,0.132425,0.77668,0.258466,0.9505,0.111925,0.82418,-0.031398,0.9917,0.057612,0.918515,0.267383,0.9672,0.004152,0.951161,-0.006453,0.9948
marjaryasana_y107_0040,0.049068,0.155471,0.035199,0.9995,0.064017,0.125279,0.012081,0.9995,0.068945,0.125023,0.012917,0.9995,0.074808,0.124135,0.012805,0.9994,0.063427,0.12295,0.044062,0.9995,0.067232,0.121328,0.043459,0.9994,0.071531,0.119572,0.044783,0.9994,0.115855,0.14141,-0.037716,0.9995,0.110466,0.138294,0.095429,0.9994,0.063222,0.195322,0.016334,0.9998,0.061035,0.192665,0.056338,0.9997,0.198601,0.315781,-0.0961,0.9999,0.218464,0.309452,0.178372,0.9996,0.185284,0.648622,-0.09306,0.9879,0.199663,0.628458,0.228694,0.2676,0.154714,0.928589,-0.034858,0.983,0.176342,0.888971,0.23278,0.2092,0.111864,0.949622,-0.061477,0.9801,0.137947,0.902845,0.25094,0.2284,0.106064,0.938684,-0.029597,0.9782,0.134466,0.909244,0.211822,0.2359,0.122083,0.933808,-0.021783,0.9659,0.148516,0.913223,0.216183,0.2523,0.551016,0.462007,-0.089237,1.0,0.551106,0.459608,0.090537,0.9999,0.564122,0.921161,-0.127868,0.9955,0.572423,0.875389,0.066747,0.2248,0.878298,0.840879,-0.066057,0.9914,0.868411,0.80599,0.137222,0.4639,0.911562,0.743468,-0.055813,0.9903,0.912806,0.745376,0.143673,0.4485,0.955135,0.928553,-0.024377,0.9861,0.955295,0.919317,0.111029,0.5021
marjaryasana_y107_0041,0.802569,0.392875,0.030781,0.9998,0.825941,0.40448,0.035561,0.9997,0.828078,0.402366,0.036283,0.9997,0.830413,0.399693,0.036376,0.9997,0.827338,0.401465,0.003964,0.9997,0.830353,0.39725,0.002998,0.9997,0.834481,0.393034,0.003686,0.9997,0.844841,0.353534,0.100528,0.9997,0.847815,0.345229,-0.056509,0.9997,0.794068,0.366267,0.057433,0.9996,0.795426,0.362491,0.012543,0.9997,0.788316,0.231938,0.179197,0.9987,0.813182,0.271111,-0.136459,0.9995,0.80767,0.540638,0.244614,0.4917,0.821253,0.614552,-0.201949,0.9945,0.848609,0.774178,0.17479,0.4696,0.877234,0.935117,-0.140713,0.985,0.879539,0.77934,0.17079,0.4736,0.922523,0.985127,-0.160953,0.9702,0.886124,0.788255,0.139598,0.4766,0.928141,0.957546,-0.128587,0.9687,0.877486,0.797341,0.1628,0.4585,0.913856,0.947157,-0.127409,0.9543,0.462124,0.260527,0.105808,0.9976,0.469133,0.302298,-0.104809,0.9985,0.414034,0.778746,0.115341,0.555,0.412322,0.872856,-0.140157,0.9919,0.162578,0.762225,0.180979,0.6969,0.143099,0.832469,-0.058904,0.9914,0.139492,0.685624,0.183939,0.7338,0.11973,0.751816,-0.042031,0.9872,0.065194,0.842397,0.17385,0.7198,0.038341,0.890586,0.004606,0.9833
marjaryasana_y107_0042,0.956495,0.236276,-0.043933,0.9993,0.943416,0.200612,-0.036105,0.9991,0.941348,0.200225,-0.035494,0.9992,0.938477,0.199825,-0.035633,0.9992,0.940122,0.201912,-0.066539,0.9988,0.935831,0.202647,-0.067301,0.9986,0.930841,0.203273,-0.066676,0.9984,0.9032,0.215133,0.033259,0.9993,0.898151,0.21663,-0.11349,0.9982,0.945414,0.274645,-0.018304,0.9994,0.941479,0.27359,-0.060097,0.9991,0.804127,0.369573,0.136736,0.999,0.813611,0.405668,-0.193863,0.998,0.817514,0.645357,0.140567,0.5234,0.841191,0.693461,-0.187508,0.9773,0.849986,0.90158,0.137047,0.3308,0.86578,0.965842,-0.131677,0.952,0.887622,0.920321,0.158088,0.2719,0.91057,0.977989,-0.167825,0.9314,0.895731,0.924699,0.11774,0.2764,0.91735,0.968455,-0.129834,0.923,0.880702,0.923631,0.122233,0.3016,0.900126,0.964206,-0.119096,0.8955,0.473727,0.546263,0.094702,0.9974,0.473164,0.571139,-0.093389,0.9973,0.465844,0.908537,0.107204,0.3512,0.475763,0.948733,-0.126055,0.9728,0.176526,0.918266,0.171886,0.6345,0.16604,0.939042,-0.032133,0.963,0.154533,0.865952,0.177488,0.7016,0.144076,0.894012,-0.019613,0.9373,0.045091,0.959201,0.178487,0.7072,0.032892,0.971579,0.001389,0.9449
marjaryasana_y107_0043,0.869197,0.395467,-0.011434,0.9981,0.891484,0.365227,-0.003407,0.9974,0.891608,0.359661,-0.002418,0.9975,0.891733,0.353651,-0.002631,0.9974,0.892235,0.362117,-0.036326,0.9977,0.892717,0.354796,-0.036991,0.9976,0.893186,0.346962,-0.036264,0.9977,0.878912,0.297689,0.07281,0.998,0.880115,0.295241,-0.089528,0.9984,0.845906,0.383116,0.017198,0.9984,0.844754,0.377275,-0.028818,0.9987,0.731309,0.250219,0.184867,0.9982,0.760734,0.315893,-0.177239,0.9991,0.712673,0.570899,0.198198,0.2497,0.734484,0.655954,-0.220908,0.9751,0.714464,0.869282,0.098265,0.2368,0.735446,0.959371,-0.134317,0.9592,0.750277,0.885168,0.103005,0.2826,0.770054,0.987575,-0.157197,0.9475,0.754036,0.899001,0.069587,0.2824,0.775199,0.975366,-0.119924,0.9451,0.739436,0.901908,0.084587,0.2802,0.761431,0.967344,-0.120238,0.9301,0.370378,0.3848,0.113303,0.9972,0.356811,0.437064,-0.112038,0.9981,0.417348,0.868361,0.1553,0.3427,0.411536,0.929486,-0.140174,0.9843,0.144079,0.845366,0.240457,0.5274,0.104223,0.910447,-0.014454,0.985,0.114188,0.762457,0.246725,0.6429,0.079412,0.846406,0.005204,0.9776,0.042384,0.923441,0.251415,0.5886,0.015269,0.959171,0.059517,0.9687
marjaryasana_y107_0044,0.049501,0.295979,-0.047288,0.9996,0.041184,0.256075,-0.068926,0.9994,0.043363,0.252168,-0.068076,0.9993,0.045653,0.247501,-0.068147,0.9993,0.040897,0.256651,-0.03486,0.9995,0.04284,0.253078,-0.035471,0.9995,0.044805,0.248554,-0.034832,0.9995,0.077997,0.220096,-0.108584,0.9992,0.074741,0.217991,0.03218,0.9995,0.076711,0.307685,-0.060647,0.9996,0.076731,0.308657,-0.018175,0.9996,0.205924,0.330854,-0.16869,0.9995,0.217176,0.303384,0.14166,0.9999,0.202553,0.653344,-0.196712,0.9868,0.210133,0.605875,0.159785,0.534,0.174802,0.919294,-0.175139,0.982,0.192249,0.843097,0.096109,0.5788,0.129576,0.9339,-0.222829,0.9789,0.148706,0.844657,0.104673,0.5891,0.124557,0.918343,-0.181301,0.9771,0.14492,0.85535,0.064827,0.5907,0.14251,0.915947,-0.162192,0.9646,0.160676,0.861032,0.076784,0.5914,0.562308,0.431171,-0.095731,0.9999,0.553259,0.404103,0.097102,0.9999,0.614272,0.886367,-0.125116,0.9901,0.608113,0.827053,0.12906,0.2963,0.896734,0.854212,-0.019008,0.9932,0.85503,0.803723,0.250509,0.624,0.917125,0.796396,-0.004988,0.9942,0.883054,0.737164,0.261062,0.7379,0.985067,0.897633,0.022299,0.9893,0.949309,0.869269,0.257739,0.7173
marjaryasana_y107_0045,0.977266,0.160743,-0.171262,0.9997,0.96028,0.135071,-0.155713,0.9996,0.958408,0.135411,-0.155147,0.9997,0.955884,0.135923,-0.155191,0.9996,0.953345,0.13792,-0.188207,0.9995,0.946576,0.140042,-0.188948,0.9994,0.938993,0.142405,-0.188125,0.9993,0.917493,0.159797,-0.06626,0.9996,0.898654,0.166365,-0.222225,0.9989,0.969872,0.200018,-0.140703,0.9998,0.963616,0.201773,-0.184677,0.9997,0.851259,0.354102,0.036976,0.9997,0.792637,0.371407,-0.293364,0.9983,0.864919,0.643066,0.067331,0.8911,0.81101,0.680683,-0.277509,0.9954,0.890329,0.902906,0.049435,0.8946,0.822397,0.96164,-0.231222,0.9892,0.927887,0.929835,0.055591,0.83,0.854791,0.996207,-0.279442,0.979,0.928836,0.934245,0.013452,0.8432,0.866253,0.984594,-0.248337,0.9774,0.911463,0.931306,0.034036,0.8332,0.851646,0.973655,-0.222158,0.9655,0.514632,0.532145,0.097682,0.9967,0.474921,0.533547,-0.096291,0.9978,0.4564,0.875341,0.145185,0.6816,0.435269,0.915462,-0.098291,0.9902,0.186431,0.825219,0.219138,0.8328,0.150447,0.857347,0.008979,0.9904,0.166293,0.765868,0.226347,0.8217,0.119518,0.805797,0.021532,0.9758,0.100371,0.89245,0.250609,0.8668,0.058055,0.910861,0.040015,0.985
marjaryasana_y107_0046,0.08787,0.117191,-0.082512,0.9991,0.110054,0.100253,-0.098695,0.9993,0.114309,0.101762,-0.097837,0.9994,0.118562,0.103112,-0.098007,0.9994,0.109167,0.097844,-0.065877,0.9992,0.111867,0.097274,-0.06667,0.9992,0.115574,0.096893,-0.065796,0.9991,0.143718,0.132667,-0.14042,0.9993,0.141215,0.126399,-0.00678,0.999,0.092967,0.157653,-0.099514,0.9988,0.091417,0.153014,-0.058509,0.9985,0.187841,0.343175,-0.214281,0.9996,0.212446,0.309745,0.083917,0.9978,0.152641,0.6277,-0.244428,0.9812,0.167786,0.59891,0.085535,0.1033,0.129978,0.894957,-0.244021,0.9823,0.130667,0.850527,0.050651,0.1655,0.094001,0.931685,-0.287229,0.9822,0.093955,0.873764,0.063529,0.217,0.088542,0.91537,-0.256439,0.9791,0.091915,0.881274,0.024099,0.2238,0.106145,0.908321,-0.233966,0.9713,0.110259,0.879777,0.031912,0.2394,0.513385,0.512718,-0.101364,0.9997,0.51179,0.47926,0.102958,0.9992,0.568041,0.898548,-0.144842,0.993,0.572058,0.80732,0.129353,0.2838,0.848042,0.872465,-0.092018,0.9928,0.818181,0.82923,0.200037,0.6289,0.865448,0.818218,-0.084262,0.9929,0.843976,0.775,0.206893,0.691,0.959893,0.945606,-0.065585,0.9866,0.882121,0.819346,0.185513,0.6519
marjaryasana_y107_0047,0.985188,0.192899,-0.056168,0.9948,0.977836,0.148027,-0.045728,0.9945,0.974847,0.144865,-0.044725,0.9953,0.971348,0.141648,-0.045169,0.9959,0.977582,0.150475,-0.078769,0.9933,0.974778,0.149159,-0.079079,0.9926,0.971594,0.147601,-0.078801,0.993,0.935495,0.13721,0.010914,0.9974,0.940242,0.14506,-0.147983,0.9953,0.966458,0.222645,-0.030714,0.9974,0.966333,0.22421,-0.074887,0.997,0.822106,0.259505,0.125885,0.9999,0.863022,0.31869,-0.22033,0.9999,0.815402,0.543373,0.115727,0.2425,0.835644,0.644868,-0.242619,0.9938,0.847127,0.745734,0.06967,0.4974,0.866729,0.927481,-0.257509,0.9941,0.876279,0.756632,0.083838,0.5553,0.907669,0.946824,-0.297938,0.9921,0.886212,0.76052,0.045774,0.5629,0.918856,0.927205,-0.261058,0.9918,0.877345,0.764114,0.052619,0.5466,0.902252,0.922578,-0.247728,0.9852,0.648737,0.671389,0.111829,0.999,0.669212,0.756354,-0.110112,0.9985,0.397978,0.735053,0.165994,0.836,0.366645,0.834362,-0.105392,0.9844,0.150534,0.719038,0.265229,0.8717,0.100877,0.80823,-0.059053,0.9944,0.125249,0.678834,0.271659,0.9322,0.078232,0.748553,-0.057939,0.996,0.050024,0.801431,0.228838,0.9261,0.019946,0.8521,-0.133325,0.9925
marjaryasana_y107_0048,0.952285,0.133163,-0.057422,0.9987,0.936487,0.113177,-0.044961,0.9982,0.934224,0.113918,-0.044133,0.9982,0.931262,0.114636,-0.044403,0.9981,0.932529,0.114294,-0.072881,0.9983,0.927575,0.115865,-0.073481,0.9981,0.922057,0.117399,-0.073121,0.9979,0.892663,0.139808,0.027597,0.9979,0.88665,0.14359,-0.10988,0.9976,0.944778,0.17018,-0.033811,0.999,0.941757,0.171688,-0.073162,0.9988,0.811271,0.352875,0.136149,0.9987,0.820449,0.363987,-0.200107,0.9969,0.856162,0.646106,0.127505,0.3422,0.863312,0.660177,-0.221089,0.9864,0.877591,0.892127,0.065993,0.4455,0.881734,0.92734,-0.19565,0.9671,0.914915,0.904191,0.072995,0.4631,0.922905,0.949603,-0.247555,0.9649,0.921941,0.908395,0.030255,0.4699,0.927728,0.940643,-0.207281,0.9672,0.906958,0.908686,0.04775,0.4719,0.913374,0.93369,-0.184362,0.9664,0.500337,0.524669,0.113877,0.9923,0.481717,0.510367,-0.112613,0.9922,0.44579,0.899755,0.117645,0.1615,0.430946,0.921626,-0.144231,0.9814,0.196073,0.865421,0.179009,0.4824,0.168986,0.88413,-0.054691,0.9804,0.16505,0.815743,0.181895,0.6496,0.143489,0.832251,-0.042906,0.9756,0.10265,0.943504,0.18026,0.5853,0.057829,0.953465,-0.019686,0.9654
marjaryasana_y107_0049,0.048027,0.13885,-0.032878,0.9999,0.069367,0.122033,-0.052766,0.9999,0.073363,0.123026,-0.052022,0.9999,0.077698,0.124223,-0.052038,0.9999,0.068799,0.120223,-0.019599,0.9999,0.072036,0.119748,-0.020311,0.9999,0.075552,0.119375,-0.019267,0.9999,0.099304,0.149677,-0.104264,0.9999,0.098091,0.144082,0.031791,0.9999,0.05537,0.179471,-0.053058,1.0,0.054236,0.175919,-0.011139,1.0,0.143828,0.352121,-0.159703,1.0,0.166634,0.335617,0.116126,0.9998,0.115187,0.660173,-0.144685,0.9898,0.144425,0.620605,0.137139,0.3275,0.081081,0.930502,-0.115573,0.9894,0.109931,0.845671,0.135226,0.3588,0.044108,0.950456,-0.153828,0.9898,0.08015,0.854072,0.153371,0.3889,0.039544,0.931186,-0.112488,0.9879,0.07316,0.862996,0.108414,0.3921,0.05467,0.927463,-0.100402,0.9844,0.087073,0.867113,0.116141,0.3984,0.474169,0.500806,-0.093629,1.0,0.471287,0.485304,0.094978,0.9999,0.525732,0.91033,-0.139367,0.9945,0.512826,0.850568,0.090501,0.2016,0.794179,0.866191,-0.094034,0.9916,0.74053,0.828922,0.181169,0.3843,0.820062,0.813004,-0.085749,0.9917,0.763799,0.782276,0.190319,0.4571,0.893216,0.915572,-0.061012,0.9881,0.837638,0.876523,0.170252,0.5345
marjaryasana_y107_0050,0.833295,0.374379,0.028015,0.9991,0.861279,0.356697,0.037732,0.9988,0.861966,0.351971,0.038439,0.9988,0.862849,0.346011,0.038393,0.9987,0.863335,0.349368,0.006005,0.9989,0.864758,0.340724,0.005133,0.9988,0.866215,0.331824,0.005673,0.9987,0.861225,0.276518,0.113246,0.9987,0.865312,0.269637,-0.044535,0.9987,0.814314,0.354803,0.054994,0.9982,0.817651,0.345831,0.010147,0.9988,0.75148,0.210745,0.188298,0.9905,0.777681,0.208257,-0.134288,0.9968,0.758787,0.520832,0.219704,0.4134,0.783563,0.542579,-0.2017,0.9847,0.808177,0.847138,0.140527,0.2809,0.821209,0.881709,-0.146438,0.9468,0.850909,0.877489,0.136548,0.2648,0.862329,0.914418,-0.165468,0.9027,0.855446,0.877777,0.106675,0.2636,0.872012,0.907245,-0.133511,0.8974,0.838295,0.875052,0.128181,0.2696,0.8541,0.900661,-0.133683,0.8779,0.426758,0.300619,0.105589,0.9911,0.409804,0.310308,-0.104354,0.9939,0.440262,0.826841,0.107616,0.4341,0.429087,0.886857,-0.153228,0.9828,0.168157,0.81207,0.172981,0.5867,0.130267,0.871234,-0.07373,0.9817,0.143766,0.742748,0.175358,0.632,0.116862,0.798139,-0.05737,0.9741,0.060121,0.8659,0.159742,0.6139,0.016478,0.899611,-0.013431,0.9644
marjaryasana_y107_0051,0.04103,0.263478,-0.012906,1.0,0.044533,0.229168,-0.029518,0.9999,0.048315,0.226959,-0.028913,0.9999,0.052534,0.224314,-0.028859,0.9999,0.041138,0.229631,0.00327,1.0,0.042535,0.228039,0.002621,1.0,0.044151,0.226137,0.004154,1.0,0.090243,0.219838,-0.068596,0.9999,0.08125,0.220947,0.070018,1.0,0.062577,0.293766,-0.028071,0.9999,0.058929,0.292147,0.01404,1.0,0.16833,0.388539,-0.152573,1.0,0.210802,0.37072,0.171245,1.0,0.165825,0.680027,-0.149376,0.9979,0.213338,0.651519,0.181608,0.2777,0.135094,0.92635,-0.088737,0.9902,0.190568,0.87818,0.146053,0.3293,0.098012,0.953233,-0.110202,0.9839,0.162929,0.891912,0.158465,0.3366,0.091706,0.942532,-0.094018,0.9819,0.155992,0.896626,0.125974,0.3383,0.110113,0.933891,-0.077354,0.9676,0.166414,0.897024,0.128882,0.3369,0.470874,0.696904,-0.109794,0.9999,0.475705,0.681385,0.110851,0.9999,0.770413,0.903129,-0.155746,0.9957,0.747139,0.864991,0.1022,0.2584,0.835911,0.512642,-0.046623,0.9925,0.826242,0.497549,0.252563,0.4006,0.807249,0.472884,-0.040084,0.9931,0.80357,0.446245,0.265092,0.6581,0.950825,0.391535,-0.027396,0.9925,0.924535,0.395357,0.299271,0.6917
marjaryasana_y107_0052,0.069909,0.176213,-0.152178,0.9663,0.087527,0.152855,-0.175231,0.9484,0.089797,0.153931,-0.174657,0.947,0.09342,0.156689,-0.175212,0.943,0.087607,0.150935,-0.153799,0.9503,0.090089,0.150709,-0.15501,0.9495,0.092103,0.15061,-0.153523,0.9467,0.115032,0.170073,-0.215952,0.9522,0.11819,0.165144,-0.124972,0.9526,0.083392,0.207225,-0.163543,0.9542,0.078694,0.207091,-0.136178,0.9546,0.137981,0.330394,-0.218353,0.9959,0.191844,0.311124,-0.038661,0.9901,0.136195,0.581138,-0.219686,0.93,0.22086,0.56532,-0.003152,0.5283,0.101417,0.830144,-0.22342,0.9638,0.207889,0.774495,0.036875,0.64,0.077214,0.840567,-0.257639,0.9493,0.179122,0.780771,0.039604,0.5853,0.070737,0.839514,-0.234192,0.9438,0.183244,0.780038,0.011377,0.5832,0.088506,0.834555,-0.215485,0.9239,0.186889,0.782565,0.025196,0.6032,0.36277,0.550236,-0.069844,0.9992,0.376063,0.545944,0.070727,0.9984,0.514215,0.740547,-0.147987,0.9449,0.526521,0.733502,0.055963,0.1211,0.6974,0.735644,-0.053094,0.7685,0.732648,0.805847,0.100151,0.2233,0.714875,0.730471,-0.046373,0.7372,0.765124,0.805089,0.102405,0.3118,0.760128,0.750161,-0.042328,0.4595,0.777726,0.858647,0.066053,0.2557
marjaryasana_y107_0053,0.019567,0.118815,-0.047901,0.9999,0.041418,0.09865,-0.065273,0.9999,0.045605,0.099739,-0.064376,0.9999,0.050195,0.101092,-0.064429,0.9999,0.040744,0.097715,-0.031517,1.0,0.044371,0.097892,-0.032344,0.9999,0.04798,0.097941,-0.031343,0.9999,0.08284,0.137179,-0.107284,0.9999,0.079373,0.129693,0.029237,0.9999,0.026742,0.162108,-0.065317,1.0,0.024921,0.161761,-0.022971,1.0,0.149804,0.350031,-0.169776,0.9999,0.178532,0.318133,0.120136,0.9999,0.1671,0.676598,-0.183728,0.9933,0.176679,0.633441,0.125726,0.2365,0.152267,0.952875,-0.169603,0.9914,0.15735,0.866273,0.098398,0.2669,0.113762,0.974449,-0.211584,0.9908,0.121695,0.866169,0.113999,0.2999,0.104355,0.957267,-0.173198,0.989,0.118718,0.873996,0.071265,0.3009,0.122227,0.94718,-0.156627,0.9845,0.132001,0.88035,0.079485,0.3037,0.507713,0.493949,-0.098837,1.0,0.513089,0.458137,0.100356,1.0,0.519366,0.953414,-0.15609,0.9984,0.533468,0.878614,0.116851,0.3271,0.818137,0.906308,-0.096371,0.9978,0.799783,0.85608,0.190469,0.6667,0.837192,0.839648,-0.084578,0.9976,0.822754,0.793929,0.19639,0.6494,0.938057,0.959429,-0.0324,0.9965,0.916639,0.921819,0.181195,0.7048
marjaryasana_y107_0054,0.998158,0.132694,0.035227,0.999,0.97524,0.115852,0.034895,0.9987,0.971415,0.117422,0.036088,0.9988,0.966964,0.118724,0.036111,0.9987,0.975663,0.11599,0.010541,0.9987,0.972811,0.117798,0.009327,0.9987,0.969492,0.119178,0.010183,0.9986,0.93339,0.154972,0.076967,0.9986,0.939487,0.154474,-0.046296,0.9985,0.986545,0.177125,0.051949,0.9988,0.988553,0.178442,0.01682,0.9989,0.824743,0.332023,0.185523,0.9971,0.88575,0.358274,-0.145012,0.9985,0.836337,0.657064,0.186731,0.271,0.88044,0.694054,-0.139604,0.9885,0.854303,0.914962,0.163514,0.3204,0.890534,0.977959,-0.078645,0.9783,0.882558,0.922824,0.189579,0.3251,0.945772,1.007195,-0.117442,0.9738,0.888418,0.926323,0.147995,0.326,0.927408,1.001401,-0.068714,0.972,0.877211,0.934414,0.150447,0.3311,0.912214,0.987758,-0.06219,0.9611,0.471704,0.469549,0.111725,0.9968,0.481147,0.498145,-0.110663,0.9969,0.53083,0.926285,0.113537,0.4742,0.535022,0.963531,-0.154806,0.992,0.234988,0.865855,0.203696,0.6971,0.210199,0.903976,-0.047661,0.9828,0.208653,0.796529,0.211255,0.8049,0.186418,0.831767,-0.031765,0.9736,0.117058,0.938121,0.226229,0.7705,0.077067,0.971056,0.014238,0.9694
marjaryasana_y107_0055,0.960362,0.145238,-0.083631,0.9986,0.948699,0.119594,-0.072617,0.9973,0.946885,0.118912,-0.072042,0.9972,0.944653,0.118476,-0.072194,0.9969,0.944084,0.122037,-0.102763,0.9976,0.939283,0.122897,-0.103509,0.9975,0.933932,0.123879,-0.102831,0.9973,0.913434,0.139592,0.002945,0.9962,0.901347,0.147229,-0.144313,0.9972,0.951939,0.18107,-0.056838,0.9988,0.948494,0.18314,-0.099072,0.9989,0.830035,0.323539,0.116803,0.9973,0.833807,0.37101,-0.228098,0.9986,0.83385,0.598992,0.129439,0.3961,0.862129,0.66455,-0.228545,0.9937,0.843297,0.860502,0.108449,0.4307,0.883042,0.93793,-0.176769,0.9852,0.872975,0.868582,0.118529,0.4221,0.921112,0.94961,-0.224414,0.9781,0.87768,0.873549,0.075888,0.4226,0.92487,0.941794,-0.186044,0.9786,0.866453,0.876421,0.091415,0.4313,0.909707,0.936628,-0.164903,0.9799,0.53338,0.483444,0.108361,0.9865,0.524992,0.516629,-0.107292,0.9933,0.454004,0.853655,0.11984,0.3532,0.458742,0.921105,-0.155622,0.9842,0.211495,0.854636,0.181324,0.6945,0.187225,0.903501,-0.090541,0.9861,0.187843,0.810035,0.184217,0.7628,0.164096,0.859191,-0.080888,0.9785,0.121957,0.906715,0.185086,0.7548,0.066293,0.948066,-0.071755,0.9707
marjaryasana_y107_0056,0.883262,0.306335,-0.010857,0.9999,0.898915,0.276662,-0.006795,0.9999,0.898527,0.272996,-0.005986,0.9999,0.897995,0.268599,-0.006038,0.9999,0.89772,0.273976,-0.037013,0.9999,0.896495,0.269194,-0.037895,0.9999,0.895313,0.264001,-0.037157,0.9999,0.876889,0.229819,0.06043,0.9999,0.875292,0.232686,-0.087574,0.9999,0.858736,0.311638,0.015999,0.9999,0.857693,0.308393,-0.026345,0.9999,0.71141,0.267568,0.158652,0.9996,0.744601,0.326689,-0.163639,0.9999,0.70799,0.540256,0.1869,0.6933,0.745516,0.6216,-0.166431,0.9954,0.741964,0.74343,0.138845,0.611,0.772763,0.891834,-0.068323,0.9881,0.77079,0.746885,0.147812,0.55,0.814559,0.929086,-0.093872,0.9774,0.775825,0.755833,0.117244,0.5473,0.821661,0.911682,-0.057347,0.9744,0.76513,0.761177,0.127911,0.5427,0.805838,0.899742,-0.053957,0.9654,0.38342,0.34293,0.098459,0.9998,0.378646,0.379997,-0.097249,0.9998,0.389361,0.741586,0.171464,0.6241,0.395711,0.841283,-0.074408,0.995,0.136777,0.701902,0.278774,0.8147,0.12303,0.75103,0.070479,0.9899,0.112668,0.652154,0.289395,0.842,0.098974,0.699124,0.090174,0.9803,0.064812,0.805839,0.288851,0.8701,0.047303,0.850176,0.132875,0.9827
marjaryasana_y107_0058,0.070509,0.133553,-0.119912,0.9976,0.095801,0.116056,-0.142095,0.9979,0.100547,0.118571,-0.141116,0.998,0.105927,0.121161,-0.141436,0.998,0.094497,0.112227,-0.108839,0.9977,0.097924,0.11217,-0.109762,0.9976,0.103079,0.113218,-0.108462,0.9973,0.140889,0.149867,-0.186634,0.9987,0.139762,0.141142,-0.04686,0.9978,0.078303,0.167063,-0.136783,0.9981,0.074064,0.162362,-0.094317,0.9976,0.201777,0.343228,-0.223564,0.9996,0.231429,0.303665,0.049182,0.9985,0.184771,0.636045,-0.245885,0.9861,0.220328,0.57625,0.077574,0.1742,0.17328,0.937045,-0.236968,0.983,0.180863,0.887947,0.090065,0.148,0.130412,0.945419,-0.269995,0.979,0.146246,0.888893,0.110705,0.1577,0.121838,0.938276,-0.236829,0.9777,0.14669,0.900803,0.07476,0.1576,0.14002,0.936034,-0.227261,0.9588,0.160746,0.904114,0.07503,0.161,0.541215,0.518085,-0.087719,0.9999,0.540008,0.496329,0.089051,0.9999,0.560114,0.907087,-0.133328,0.9902,0.537737,0.852732,0.057672,0.3427,0.853422,0.906513,-0.052038,0.9838,0.820764,0.883242,0.171482,0.5449,0.882761,0.857798,-0.041529,0.9807,0.868862,0.830257,0.182401,0.573,0.933592,0.984033,-0.031222,0.9734,0.902966,0.942644,0.156239,0.5504
marjaryasana_y107_0059,0.950419,0.081624,-0.116876,0.9958,0.919595,0.079794,-0.10296,0.995,0.916357,0.082851,-0.101391,0.9953,0.912109,0.086502,-0.101141,0.9951,0.919042,0.081277,-0.133836,0.9951,0.915545,0.085499,-0.135395,0.9947,0.910889,0.090527,-0.133931,0.9941,0.881217,0.130045,-0.019997,0.9927,0.883207,0.134978,-0.175949,0.9917,0.953386,0.121554,-0.088639,0.9938,0.954391,0.125615,-0.13291,0.9951,0.836306,0.297523,0.089769,0.9929,0.846903,0.331213,-0.273384,0.9957,0.85265,0.627186,0.080144,0.1728,0.86856,0.658009,-0.286041,0.9876,0.87905,0.902218,0.042088,0.3111,0.888311,0.952554,-0.25864,0.9154,0.921736,0.923444,0.067242,0.3405,0.934455,0.973937,-0.310422,0.9224,0.929412,0.927945,0.022204,0.356,0.943793,0.965589,-0.265373,0.9172,0.910899,0.926458,0.026576,0.3583,0.925495,0.958809,-0.244932,0.9167,0.477282,0.497726,0.117995,0.9788,0.474094,0.525441,-0.116542,0.9791,0.476791,0.88104,0.12643,0.6003,0.465969,0.91713,-0.183945,0.9882,0.164088,0.837818,0.227955,0.8243,0.14325,0.878186,-0.058862,0.9936,0.135056,0.772743,0.234737,0.8447,0.121227,0.826641,-0.043455,0.9801,0.050999,0.905599,0.242576,0.865,0.010434,0.943887,-0.027207,0.9854
marjaryasana_y107_0060,0.978493,0.115528,-0.062377,0.9936,0.965817,0.092035,-0.046962,0.9916,0.963401,0.091739,-0.046203,0.9923,0.960376,0.091316,-0.04658,0.9924,0.962784,0.096181,-0.078892,0.9904,0.958926,0.098346,-0.079483,0.9893,0.954541,0.099918,-0.078855,0.9884,0.924986,0.11009,0.034402,0.9937,0.921143,0.118619,-0.118816,0.9893,0.970379,0.153414,-0.034463,0.9956,0.96811,0.158511,-0.078649,0.9946,0.807498,0.293684,0.141866,0.9983,0.833997,0.337932,-0.205331,0.9952,0.814937,0.616217,0.129112,0.3185,0.837746,0.664005,-0.200988,0.9733,0.821937,0.888143,0.120356,0.1947,0.853083,0.959367,-0.15592,0.8905,0.863273,0.888011,0.138986,0.2008,0.898919,0.979136,-0.208498,0.8799,0.864652,0.906399,0.098534,0.2029,0.903712,0.966696,-0.163928,0.8814,0.849208,0.90945,0.104654,0.2257,0.885597,0.961429,-0.143376,0.8823,0.494073,0.461866,0.110859,0.9939,0.494596,0.488306,-0.109572,0.9922,0.477199,0.891045,0.119157,0.2257,0.475967,0.940563,-0.152478,0.9689,0.199627,0.877107,0.17709,0.5493,0.183833,0.898901,-0.063549,0.9815,0.15956,0.824279,0.181712,0.6752,0.151602,0.855345,-0.051321,0.9708,0.096748,0.933761,0.193663,0.6116,0.056282,0.959694,-0.021696,0.9621
marjaryasana_y107_0061,0.01816,0.186656,-0.134889,0.9812,0.030166,0.153685,-0.158812,0.9809,0.035563,0.151182,-0.158062,0.9831,0.040003,0.152037,-0.158718,0.9843,0.029298,0.148243,-0.123633,0.9781,0.031517,0.147531,-0.124523,0.9773,0.034196,0.146631,-0.123285,0.9754,0.074467,0.172316,-0.211796,0.9904,0.07007,0.165164,-0.056669,0.9795,0.032263,0.228919,-0.153817,0.9845,0.028356,0.22243,-0.106785,0.9769,0.157475,0.362381,-0.245205,0.9991,0.176533,0.331395,0.039905,0.9943,0.153028,0.675716,-0.270159,0.9757,0.176503,0.632946,0.065664,0.131,0.148008,0.935775,-0.248967,0.9843,0.158508,0.878329,0.060711,0.2067,0.113953,0.952713,-0.281032,0.9787,0.133805,0.90207,0.071418,0.2173,0.109229,0.947154,-0.257251,0.9769,0.132318,0.905889,0.037447,0.2211,0.125245,0.940812,-0.238731,0.9622,0.14262,0.90484,0.045136,0.2318,0.420709,0.5989,-0.085119,0.9995,0.420506,0.600979,0.086566,0.9996,0.507448,0.89912,-0.135182,0.9279,0.516305,0.901496,0.100944,0.4172,0.662393,0.66007,-0.013231,0.7797,0.779864,0.86639,0.153675,0.5744,0.671021,0.618572,-0.004997,0.8732,0.810198,0.828245,0.155484,0.6828,0.742095,0.627915,0.021888,0.7929,0.842675,0.892666,0.132903,0.579
marjaryasana_y107_0062,0.808052,0.4683,0.030895,0.9999,0.83336,0.481207,0.037139,0.9997,0.835557,0.479692,0.037909,0.9997,0.841498,0.478922,0.037843,0.9998,0.837483,0.47498,0.008178,0.9998,0.844668,0.469665,0.007167,0.9998,0.849641,0.462815,0.007863,0.9998,0.860683,0.422872,0.106205,0.9998,0.869115,0.407178,-0.042008,0.9997,0.801093,0.439124,0.057537,0.9992,0.805251,0.431305,0.015282,0.9994,0.810607,0.300449,0.185589,0.9988,0.832271,0.316695,-0.127577,0.9996,0.824773,0.612208,0.241467,0.4838,0.853217,0.675225,-0.188579,0.9917,0.876976,0.868952,0.163729,0.4465,0.901397,0.947619,-0.120364,0.9714,0.909131,0.87119,0.157737,0.4343,0.942803,0.960316,-0.137615,0.9415,0.913229,0.869107,0.129683,0.4362,0.946236,0.946117,-0.109132,0.939,0.902254,0.874123,0.152409,0.4316,0.92956,0.940396,-0.108438,0.9229,0.44719,0.314545,0.104787,0.9986,0.44287,0.335515,-0.103668,0.9991,0.442693,0.846241,0.106576,0.3271,0.445814,0.895138,-0.139405,0.9843,0.153907,0.860318,0.157611,0.5466,0.135199,0.903181,-0.067162,0.9861,0.132495,0.787795,0.158658,0.6206,0.112004,0.829401,-0.052257,0.9806,0.049493,0.928748,0.135463,0.5969,0.030183,0.950041,-0.013601,0.9747
marjaryasana_y107_0063,0.047419,0.17905,-0.090431,0.9958,0.063873,0.151461,-0.110863,0.9969,0.068259,0.151085,-0.109993,0.9971,0.073198,0.150588,-0.110298,0.9972,0.062303,0.149599,-0.078264,0.9965,0.065127,0.148083,-0.079018,0.9965,0.068199,0.146262,-0.07801,0.9961,0.10571,0.162116,-0.156067,0.9981,0.101565,0.155594,-0.019443,0.9968,0.05952,0.216377,-0.108175,0.9972,0.057077,0.211395,-0.066822,0.9967,0.202435,0.363049,-0.204944,0.9991,0.204921,0.333883,0.07549,0.9975,0.204501,0.657007,-0.215589,0.9734,0.209955,0.633883,0.100488,0.0779,0.205798,0.945118,-0.185911,0.9548,0.215899,0.906767,0.08962,0.054,0.156706,0.962234,-0.221385,0.9474,0.172397,0.914631,0.102396,0.068,0.151052,0.953939,-0.193056,0.9445,0.173465,0.925102,0.063992,0.0696,0.167386,0.951384,-0.176327,0.9115,0.190459,0.926535,0.071373,0.0765,0.528871,0.5204,-0.090592,0.9998,0.514608,0.526193,0.092011,0.9995,0.602926,0.91173,-0.128272,0.9927,0.592705,0.894593,0.072952,0.4495,0.876418,0.810757,-0.037272,0.9883,0.854617,0.801585,0.173163,0.6441,0.919515,0.759739,-0.02748,0.9752,0.898249,0.746388,0.181823,0.6409,0.936326,0.934907,-0.031751,0.9737,0.923619,0.899615,0.160245,0.6734
marjaryasana_y107_0064,0.234301,0.428166,-0.020111,0.997,0.209043,0.442019,-0.047418,0.9965,0.205701,0.438208,-0.046849,0.9968,0.202126,0.434523,-0.046697,0.9971,0.208062,0.442588,-0.014049,0.9943,0.203976,0.439339,-0.015001,0.9944,0.199742,0.43632,-0.014475,0.9966,0.178205,0.38536,-0.111814,0.9905,0.177181,0.39311,0.029559,0.9958,0.240346,0.391964,-0.041103,0.9924,0.240479,0.393852,0.000319,0.9905,0.213047,0.281604,-0.186939,0.9953,0.206476,0.254632,0.107228,0.9956,0.217638,0.628202,-0.253587,0.9861,0.214833,0.561619,0.167603,0.2344,0.171786,0.926522,-0.195397,0.9622,0.179043,0.823501,0.114275,0.2922,0.122524,0.942574,-0.225447,0.9484,0.129639,0.83641,0.119488,0.3694,0.114257,0.926757,-0.196661,0.9462,0.125612,0.846658,0.089213,0.383,0.129416,0.922645,-0.184283,0.9288,0.139254,0.850294,0.097596,0.3784,0.605121,0.316956,-0.100687,0.9969,0.566077,0.295239,0.101566,0.9941,0.557534,0.864847,-0.139278,0.9746,0.538364,0.793598,0.124963,0.381,0.866513,0.818761,-0.046301,0.9704,0.801351,0.748276,0.200289,0.4636,0.87992,0.747386,-0.031561,0.974,0.835161,0.694028,0.205751,0.5651,0.970743,0.888691,0.029251,0.9574,0.908491,0.818209,0.226672,0.4909
marjaryasana_y107_0065,0.953139,0.307951,-0.032127,0.996,0.956304,0.270846,-0.025947,0.9956,0.955574,0.26854,-0.025038,0.9961,0.954698,0.265826,-0.025284,0.9963,0.952518,0.265438,-0.060026,0.9948,0.9493,0.259925,-0.060466,0.9943,0.945598,0.254328,-0.059913,0.9942,0.924993,0.243744,0.044905,0.9974,0.917252,0.235522,-0.117617,0.9955,0.933568,0.326484,-0.004191,0.9977,0.929919,0.315796,-0.050657,0.9974,0.766676,0.333134,0.152405,0.9984,0.777029,0.343386,-0.192462,0.9973,0.782041,0.640426,0.180292,0.2595,0.789642,0.674299,-0.204464,0.9624,0.789812,0.886496,0.156193,0.1699,0.798674,0.946829,-0.124288,0.9517,0.831624,0.90655,0.172763,0.1825,0.839566,0.965598,-0.151348,0.9391,0.837038,0.908482,0.139507,0.1817,0.846734,0.955163,-0.114724,0.9326,0.81985,0.903117,0.144726,0.1924,0.834164,0.9486,-0.111601,0.9074,0.412397,0.45112,0.106495,0.999,0.40781,0.445433,-0.105209,0.9988,0.403399,0.882497,0.154895,0.4572,0.426092,0.897766,-0.095804,0.9713,0.125311,0.802055,0.222242,0.5713,0.119497,0.800515,0.034459,0.962,0.081692,0.749795,0.22735,0.6767,0.070719,0.746584,0.050549,0.9515,0.081618,0.927453,0.231862,0.6132,0.080365,0.934615,0.085841,0.9379
marjaryasana_y107_0066,0.939764,0.093598,-0.120643,0.9975,0.905405,0.090516,-0.105624,0.9966,0.901777,0.093091,-0.104014,0.9967,0.897877,0.095672,-0.103706,0.9966,0.903343,0.093378,-0.140447,0.9967,0.898469,0.098033,-0.142135,0.9964,0.893539,0.102557,-0.140371,0.9961,0.862598,0.136559,-0.01304,0.995,0.864814,0.143108,-0.185825,0.9946,0.942627,0.127192,-0.088081,0.9958,0.939601,0.130938,-0.137027,0.9965,0.828581,0.293776,0.094736,0.9945,0.836996,0.331354,-0.280745,0.9978,0.836514,0.61936,0.094075,0.2545,0.848373,0.644419,-0.296637,0.9908,0.861212,0.880954,0.050297,0.4414,0.873869,0.951807,-0.275545,0.971,0.909566,0.898809,0.077269,0.4422,0.9227,0.959809,-0.325088,0.9712,0.918514,0.90655,0.032047,0.4602,0.929887,0.948782,-0.277174,0.97,0.898757,0.90653,0.035394,0.451,0.910399,0.946964,-0.260117,0.9686,0.482843,0.497601,0.117059,0.9893,0.466642,0.537185,-0.11575,0.9923,0.480757,0.86435,0.134157,0.764,0.472269,0.919916,-0.17189,0.9954,0.181643,0.829773,0.231301,0.9092,0.157455,0.87127,-0.044175,0.9934,0.155287,0.762641,0.238649,0.8926,0.142412,0.806187,-0.027813,0.9757,0.072493,0.897537,0.250556,0.9343,0.033078,0.940711,-0.006171,0.9867
marjaryasana_y107_0067,0.192583,0.461316,0.010079,0.9988,0.169684,0.471868,-0.011261,0.9985,0.166014,0.469335,-0.010794,0.9986,0.161979,0.466619,-0.010544,0.999,0.1694,0.470182,0.01793,0.9977,0.165924,0.466775,0.016942,0.9975,0.16219,0.463279,0.017809,0.9985,0.137611,0.424491,-0.066123,0.9962,0.138043,0.417804,0.058185,0.9976,0.19453,0.429739,-0.008956,0.9964,0.194873,0.428683,0.02735,0.9958,0.164993,0.39027,-0.15187,0.9986,0.160218,0.292077,0.131021,0.9962,0.191502,0.693567,-0.191459,0.9917,0.18424,0.575922,0.205546,0.1821,0.148557,0.9742,-0.10327,0.9672,0.177157,0.822744,0.170867,0.216,0.10135,1.005032,-0.12491,0.9508,0.141664,0.847345,0.1732,0.2761,0.095506,0.972966,-0.099041,0.9495,0.132807,0.854164,0.147684,0.2884,0.112197,0.96505,-0.092469,0.9378,0.147506,0.854466,0.156359,0.2807,0.556543,0.381654,-0.09596,0.9969,0.532553,0.312189,0.096835,0.9933,0.554862,0.900488,-0.126577,0.9865,0.544619,0.836948,0.100437,0.5007,0.869682,0.847829,-0.055536,0.9788,0.850597,0.825124,0.148953,0.6161,0.898581,0.788622,-0.044241,0.9756,0.880199,0.760803,0.151601,0.6771,0.98622,0.95939,0.012469,0.9656,0.95428,0.921805,0.16534,0.6306
marjaryasana_y107_0068,0.039302,0.223319,-0.020761,0.9993,0.056055,0.196068,-0.037733,0.9992,0.061668,0.195231,-0.036878,0.9992,0.067528,0.194075,-0.036982,0.9991,0.053638,0.195545,-0.00805,0.9993,0.057213,0.194386,-0.008929,0.9993,0.061425,0.192693,-0.008359,0.9992,0.102343,0.2072,-0.074598,0.9991,0.098895,0.204088,0.045644,0.999,0.059362,0.258013,-0.03466,0.9992,0.056678,0.259272,0.002041,0.9993,0.187129,0.370348,-0.152544,0.9986,0.211676,0.345154,0.132924,0.9992,0.175738,0.652675,-0.184654,0.9852,0.19259,0.623155,0.129877,0.4383,0.137083,0.892385,-0.158797,0.9738,0.156444,0.842472,0.091431,0.3465,0.092432,0.903147,-0.203112,0.9639,0.114362,0.85717,0.108796,0.3176,0.086038,0.894806,-0.166885,0.9608,0.112331,0.863681,0.069296,0.3223,0.103224,0.894599,-0.146121,0.9404,0.129002,0.865107,0.073983,0.3445,0.547775,0.510266,-0.092244,0.9997,0.554203,0.485938,0.093707,0.9995,0.566534,0.880951,-0.137103,0.99,0.575353,0.83157,0.095107,0.316,0.888085,0.88096,-0.077406,0.9888,0.871287,0.848648,0.172534,0.5682,0.898744,0.835213,-0.067699,0.9916,0.885643,0.806248,0.17847,0.6451,1.001405,0.919296,-0.046993,0.982,0.966515,0.900468,0.167691,0.624
marjaryasana_y107_0069,0.138675,0.406596,0.069541,0.9996,0.117046,0.420485,0.047867,0.9996,0.114243,0.418517,0.048316,0.9996,0.110558,0.416324,0.048466,0.9996,0.117859,0.418423,0.076678,0.9992,0.115842,0.415394,0.075857,0.9993,0.112947,0.412488,0.076797,0.9996,0.085572,0.371316,-0.007704,0.9991,0.089582,0.372026,0.114089,0.9995,0.143976,0.377966,0.050423,0.9986,0.146771,0.375364,0.085317,0.9975,0.128556,0.307097,-0.103374,0.9995,0.147747,0.282346,0.183645,0.9975,0.124489,0.637341,-0.134745,0.9815,0.128924,0.597348,0.246554,0.3114,0.118454,0.969515,-0.061641,0.9343,0.128883,0.90938,0.21728,0.252,0.074549,0.986121,-0.077635,0.9134,0.093773,0.926692,0.221501,0.3104,0.071142,0.972231,-0.053526,0.91,0.089614,0.930465,0.194472,0.3229,0.089457,0.963294,-0.052177,0.9048,0.103448,0.928944,0.202848,0.3314,0.479604,0.383329,-0.095492,0.9999,0.470515,0.363817,0.096062,0.9994,0.476719,0.938045,-0.141241,0.99,0.472267,0.898072,0.058207,0.235,0.808017,0.910799,-0.105496,0.9881,0.778749,0.890108,0.098727,0.403,0.82523,0.858525,-0.096608,0.9896,0.804472,0.837236,0.101613,0.5031,0.9509,0.967977,-0.058266,0.98,0.914253,0.944211,0.076513,0.4726
marjaryasana_y107_0070,0.770611,0.167637,0.018745,0.9996,0.760944,0.136024,0.013515,0.9995,0.758747,0.134296,0.01409,0.9995,0.753965,0.132381,0.014017,0.9995,0.761467,0.137877,-0.008676,0.9994,0.76011,0.138398,-0.009821,0.9994,0.758811,0.13851,-0.00915,0.9993,0.730648,0.151347,0.044637,0.9995,0.736976,0.162113,-0.072898,0.9992,0.760754,0.207015,0.033302,0.9993,0.76126,0.209315,0.000101,0.9992,0.676299,0.285339,0.153495,0.9972,0.702537,0.343547,-0.157081,0.9978,0.757996,0.585142,0.17937,0.552,0.777351,0.646064,-0.149471,0.9733,0.853886,0.784354,0.133886,0.6049,0.881097,0.865758,-0.091908,0.9165,0.90479,0.804866,0.145919,0.5777,0.91793,0.895562,-0.12162,0.8634,0.91053,0.809041,0.106966,0.5824,0.923464,0.876835,-0.089169,0.8543,0.897506,0.809767,0.119545,0.5681,0.912176,0.867908,-0.079505,0.8157,0.368555,0.336651,0.098317,0.9991,0.349672,0.402192,-0.097083,0.9988,0.422493,0.747486,0.163865,0.8097,0.395707,0.847349,-0.113685,0.9953,0.208076,0.715081,0.22627,0.9181,0.152357,0.837092,-0.019277,0.99,0.187621,0.618977,0.230075,0.9275,0.142602,0.768019,-0.005621,0.9704,0.102481,0.784805,0.264732,0.9252,0.043986,0.871878,0.051976,0.9795
marjaryasana_y107_0071,0.094046,0.333835,0.006819,0.9994,0.077897,0.285402,-0.022145,0.9992,0.079251,0.279124,-0.021465,0.9992,0.080673,0.273852,-0.021347,0.9991,0.076894,0.286182,0.012352,0.9992,0.077551,0.280277,0.01177,0.9992,0.078271,0.274913,0.012456,0.9992,0.102776,0.238579,-0.082274,0.9986,0.100779,0.234042,0.058322,0.9991,0.122302,0.336048,-0.012417,0.9986,0.120888,0.340424,0.0295,0.9973,0.213867,0.294098,-0.146314,0.9993,0.243768,0.229612,0.166839,0.9984,0.213272,0.65691,-0.181112,0.9508,0.237637,0.564889,0.234239,0.2312,0.139067,0.958592,-0.121583,0.9706,0.17654,0.807865,0.188379,0.3632,0.098813,0.996248,-0.143758,0.9711,0.147212,0.809776,0.192952,0.4124,0.089716,0.968506,-0.11571,0.9684,0.138462,0.81884,0.165069,0.4088,0.102725,0.952625,-0.109266,0.9614,0.147327,0.837944,0.173718,0.4166,0.615608,0.37134,-0.088685,0.9999,0.593896,0.335419,0.089841,0.9997,0.567672,0.911834,-0.115196,0.9832,0.531835,0.787781,0.165462,0.3214,0.852806,0.822338,-0.014457,0.989,0.789553,0.662346,0.238991,0.6102,0.88426,0.731796,0.000516,0.9861,0.819823,0.592451,0.244124,0.6962,0.961874,0.912448,0.056405,0.9822,0.879062,0.770587,0.280718,0.7258
marjaryasana_y107_0072,0.972817,0.071007,-0.073602,0.9988,0.953055,0.052561,-0.060207,0.9983,0.950958,0.052697,-0.059498,0.9983,0.9483,0.05277,-0.059621,0.9982,0.948638,0.053481,-0.08847,0.9985,0.943749,0.05392,-0.089163,0.9984,0.938386,0.054059,-0.08865,0.9982,0.915189,0.077884,0.016833,0.9979,0.907692,0.078831,-0.123461,0.9978,0.9686,0.10666,-0.048853,0.9988,0.965586,0.107748,-0.088783,0.9987,0.832782,0.268903,0.127096,0.9975,0.838582,0.298817,-0.213751,0.996,0.852289,0.565363,0.125992,0.3559,0.853614,0.599101,-0.228344,0.9855,0.888393,0.791139,0.073666,0.3062,0.88383,0.862409,-0.212982,0.9706,0.934012,0.803102,0.084735,0.3138,0.931249,0.880642,-0.267461,0.9699,0.942289,0.809337,0.03733,0.3216,0.940006,0.867989,-0.225954,0.9699,0.924173,0.808382,0.054139,0.3384,0.92545,0.860132,-0.201903,0.9522,0.50328,0.432225,0.110479,0.9939,0.495191,0.442306,-0.109124,0.9942,0.462492,0.800346,0.095866,0.3363,0.468445,0.839347,-0.170227,0.9911,0.19063,0.792011,0.178194,0.7,0.176292,0.815377,-0.066091,0.9908,0.168773,0.741515,0.18458,0.7272,0.155239,0.765549,-0.050274,0.9787,0.069869,0.830226,0.177852,0.7168,0.036279,0.856276,-0.020716,0.9795
marjaryasana_y107_0073,0.838413,0.400376,0.049239,0.9999,0.865859,0.401555,0.055109,0.9997,0.868852,0.398539,0.05596,0.9997,0.871936,0.395112,0.056017,0.9998,0.868204,0.398294,0.02443,0.9998,0.871551,0.393157,0.023647,0.9998,0.875625,0.386926,0.02435,0.9998,0.889167,0.339262,0.124669,0.9998,0.894517,0.335145,-0.031162,0.9997,0.825309,0.373094,0.07578,0.9991,0.828034,0.369416,0.031425,0.9994,0.797327,0.22829,0.2116,0.9989,0.821722,0.239475,-0.123459,0.9998,0.787971,0.547312,0.260042,0.4055,0.8157,0.60002,-0.173522,0.9938,0.783443,0.84703,0.197386,0.4177,0.807794,0.910318,-0.098056,0.9851,0.827186,0.852657,0.201862,0.3988,0.860573,0.937166,-0.113827,0.9688,0.834973,0.858013,0.173524,0.4007,0.86608,0.911285,-0.078332,0.968,0.816654,0.861872,0.187273,0.3924,0.845036,0.899718,-0.083476,0.9574,0.436734,0.325042,0.108857,0.9968,0.422062,0.342534,-0.107467,0.9978,0.49229,0.824289,0.113978,0.1836,0.493996,0.886919,-0.127324,0.9674,0.187321,0.804282,0.182169,0.3951,0.171667,0.845852,-0.048951,0.9724,0.168559,0.72371,0.185839,0.532,0.155821,0.770665,-0.031431,0.9728,0.061977,0.861712,0.165463,0.4712,0.034706,0.889768,0.024854,0.9538
marjaryasana_y107_0074,0.065501,0.164834,-0.132548,0.9999,0.084089,0.142006,-0.140971,0.9999,0.091126,0.142135,-0.140007,0.9999,0.098584,0.141955,-0.140214,0.9999,0.075412,0.141548,-0.115192,0.9999,0.076157,0.141745,-0.116015,0.9999,0.0774,0.141812,-0.114939,0.9999,0.1292,0.161137,-0.133452,0.9999,0.112082,0.159412,-0.033,0.9999,0.082464,0.198589,-0.130331,0.9999,0.072969,0.200401,-0.099325,0.9999,0.182979,0.360424,-0.178493,0.9999,0.200081,0.334883,0.087805,0.9998,0.182433,0.654157,-0.170443,0.9846,0.191633,0.619037,0.115938,0.3718,0.171897,0.923384,-0.121339,0.9815,0.184751,0.865444,0.128573,0.2335,0.130292,0.927614,-0.160893,0.9776,0.141995,0.865293,0.147454,0.2195,0.126593,0.917143,-0.121319,0.9754,0.142314,0.872411,0.107233,0.2137,0.144321,0.91702,-0.107583,0.9653,0.159159,0.877967,0.111416,0.233,0.533015,0.504458,-0.085951,1.0,0.541725,0.483634,0.087078,0.9998,0.54744,0.893325,-0.124102,0.9919,0.548876,0.843657,0.088898,0.4422,0.838339,0.867993,-0.05251,0.9915,0.818264,0.830239,0.185227,0.6951,0.857656,0.829301,-0.042374,0.993,0.842804,0.783165,0.193157,0.7119,0.964827,0.915397,-0.004979,0.9885,0.930381,0.896089,0.198197,0.7447
marjaryasana_y107_0075,0.908131,0.201336,-0.0228,0.9982,0.897004,0.174468,-0.012809,0.9974,0.89399,0.174482,-0.012055,0.9975,0.890341,0.173971,-0.012123,0.9974,0.895405,0.175004,-0.040928,0.9977,0.891765,0.175474,-0.041579,0.9977,0.887455,0.175559,-0.041051,0.9976,0.852393,0.182077,0.062067,0.9971,0.853009,0.185319,-0.077004,0.9978,0.894056,0.237787,0.004402,0.998,0.891912,0.237949,-0.035408,0.9982,0.751129,0.339529,0.175187,0.9971,0.778323,0.365732,-0.160519,0.9982,0.793602,0.624918,0.178075,0.4725,0.818315,0.664238,-0.195352,0.9931,0.846643,0.844255,0.092928,0.529,0.887121,0.950967,-0.169095,0.9922,0.881366,0.842656,0.097709,0.547,0.942652,0.979394,-0.223914,0.9904,0.88976,0.84718,0.054731,0.5502,0.94521,0.956956,-0.175755,0.9899,0.87746,0.852384,0.07502,0.5453,0.926669,0.949675,-0.155836,0.9843,0.412128,0.46517,0.11785,0.9981,0.40433,0.481932,-0.116731,0.9977,0.444758,0.865989,0.137217,0.3942,0.451962,0.939132,-0.175067,0.9965,0.176716,0.846783,0.206548,0.7461,0.13901,0.906955,-0.062593,0.995,0.148349,0.803423,0.212395,0.8355,0.114865,0.857697,-0.044307,0.9924,0.071247,0.922192,0.224582,0.7843,0.022233,0.963261,0.014687,0.9872
marjaryasana_y107_0076,0.955008,0.151471,-0.145509,0.8336,0.93777,0.1354,-0.130974,0.8578,0.935652,0.136105,-0.130347,0.8787,0.932795,0.137196,-0.131013,0.8978,0.935543,0.137185,-0.164269,0.8093,0.931819,0.138977,-0.1651,0.7935,0.926329,0.14179,-0.164641,0.7899,0.899223,0.163588,-0.058433,0.9299,0.896191,0.16839,-0.216819,0.8328,0.95373,0.183485,-0.11845,0.915,0.952009,0.187389,-0.163961,0.8795,0.832623,0.343809,0.051905,0.9946,0.859728,0.359544,-0.281181,0.9569,0.854368,0.5927,0.03005,0.1519,0.889311,0.647381,-0.285511,0.9511,0.889054,0.867314,-0.005205,0.1877,0.913754,0.917066,-0.272042,0.6371,0.906804,0.881512,-0.00419,0.2001,0.935125,0.936191,-0.323565,0.5888,0.906769,0.901911,-0.038195,0.2175,0.940194,0.936577,-0.299807,0.5565,0.895282,0.900217,-0.024205,0.2673,0.928603,0.93076,-0.269004,0.587,0.622701,0.603153,0.105537,0.9717,0.616903,0.593376,-0.104064,0.8696,0.435467,0.883651,0.045764,0.1618,0.462622,0.721952,-0.177824,0.4632,0.182022,0.867384,0.160239,0.4123,0.280475,0.732386,-0.036181,0.5621,0.159793,0.842957,0.169719,0.4918,0.272383,0.715658,-0.028099,0.5936,0.15947,0.956782,0.14155,0.4787,0.217049,0.778806,-0.073344,0.5817
marjaryasana_y107_0077,0.975566,0.170178,-0.058601,0.9987,0.958944,0.14137,-0.050906,0.998,0.956261,0.141289,-0.050152,0.9981,0.953159,0.141107,-0.050035,0.998,0.954223,0.142917,-0.081021,0.9984,0.94886,0.14417,-0.081866,0.9984,0.943092,0.145506,-0.081478,0.9984,0.915925,0.158582,0.02311,0.9978,0.906146,0.166959,-0.126248,0.9985,0.960112,0.207646,-0.031856,0.9987,0.955571,0.209486,-0.074289,0.9988,0.805902,0.306028,0.14294,0.9957,0.828171,0.373024,-0.217332,0.9988,0.775968,0.564779,0.153306,0.2115,0.80235,0.684754,-0.215968,0.9828,0.777495,0.780709,0.093496,0.2819,0.778171,0.921446,-0.126831,0.95,0.80736,0.761993,0.108668,0.3133,0.829114,0.946842,-0.162835,0.9326,0.809679,0.771407,0.072954,0.3161,0.832603,0.928823,-0.125127,0.928,0.806783,0.798289,0.078844,0.3138,0.813777,0.921808,-0.113499,0.8984,0.444721,0.464067,0.115843,0.9971,0.431587,0.495992,-0.114562,0.9975,0.467541,0.830518,0.16531,0.6349,0.468556,0.905768,-0.147784,0.9959,0.194187,0.814793,0.248056,0.8639,0.168783,0.884958,-0.016878,0.9855,0.176464,0.759594,0.255705,0.8742,0.155277,0.822495,0.000755,0.9563,0.10141,0.866541,0.286887,0.8921,0.04693,0.911572,0.055197,0.9732
marjaryasana_y107_0078,0.874697,0.183962,-0.138109,0.9983,0.865217,0.14815,-0.128873,0.9979,0.863745,0.148012,-0.128145,0.9979,0.861696,0.147947,-0.128336,0.9978,0.85876,0.150801,-0.159078,0.998,0.853328,0.152064,-0.159907,0.9979,0.847297,0.153093,-0.159174,0.9978,0.827511,0.170867,-0.053067,0.9971,0.810354,0.179964,-0.201003,0.9968,0.86534,0.229244,-0.110415,0.9984,0.857924,0.231087,-0.15259,0.998,0.75631,0.353889,0.052851,0.9973,0.716846,0.417375,-0.270899,0.9953,0.785532,0.667838,0.079681,0.6373,0.74298,0.751143,-0.280642,0.9969,0.870519,0.90975,0.036964,0.802,0.849567,0.993086,-0.235031,0.9884,0.914778,0.923816,0.034405,0.7775,0.88891,1.026025,-0.291956,0.9826,0.919205,0.930495,-0.013387,0.7885,0.901523,0.997226,-0.250604,0.9833,0.902997,0.929933,0.017435,0.7749,0.887877,0.987205,-0.223841,0.9844,0.413055,0.491116,0.09987,0.9958,0.374425,0.503998,-0.098713,0.9963,0.431718,0.895191,0.121515,0.7972,0.403729,0.944878,-0.117869,0.9943,0.169114,0.865659,0.221235,0.9038,0.119804,0.888966,-0.006622,0.9954,0.15558,0.79593,0.231028,0.9063,0.104587,0.833526,0.010221,0.9934,0.086666,0.927528,0.254458,0.9023,0.00322,0.948596,0.058479,0.9853
marjaryasana_y107_0080,0.774156,0.388615,-0.104492,0.8853,0.796962,0.391461,-0.121408,0.6914,0.798531,0.389282,-0.120355,0.6555,0.799985,0.386724,-0.120557,0.782,0.794954,0.388566,-0.141779,0.8287,0.787797,0.380041,-0.142855,0.8185,0.788971,0.376207,-0.14173,0.8441,0.834099,0.326233,-0.107248,0.7512,0.819224,0.302094,-0.216937,0.8596,0.762881,0.355304,-0.087266,0.8297,0.76239,0.354898,-0.11911,0.8306,0.780107,0.169652,-3e-05,0.9824,0.752007,0.167018,-0.271426,0.9967,0.832383,0.466767,0.016105,0.1173,0.862167,0.514102,-0.273823,0.9749,0.894741,0.696458,0.003199,0.0821,0.909765,0.859789,-0.247933,0.9092,0.926329,0.764015,0.011728,0.0946,0.932703,0.881533,-0.271173,0.8582,0.936674,0.777603,-0.016102,0.0991,0.939279,0.874754,-0.255621,0.8533,0.916744,0.764035,-0.007839,0.1044,0.928599,0.872073,-0.242186,0.7847,0.53323,0.466461,0.088787,0.9158,0.522923,0.466216,-0.087187,0.9379,0.442487,0.842639,0.075152,0.1042,0.437747,0.873698,-0.130922,0.8793,0.161762,0.811081,0.164311,0.2999,0.148839,0.825117,-0.077485,0.9189,0.132886,0.763502,0.170435,0.3383,0.125098,0.78317,-0.070693,0.8847,0.058582,0.923938,0.147212,0.3766,0.037278,0.938388,-0.098223,0.7363
marjaryasana_y107_0081,0.977357,0.178609,-0.027342,0.9923,0.966328,0.147767,-0.016169,0.9926,0.96381,0.147491,-0.01537,0.9937,0.960693,0.146911,-0.015478,0.9943,0.962714,0.149206,-0.047959,0.9904,0.957835,0.150055,-0.04841,0.9895,0.952229,0.150381,-0.04802,0.9888,0.918252,0.157942,0.054614,0.9953,0.910843,0.160481,-0.097428,0.9901,0.960479,0.219418,-0.001551,0.9964,0.956732,0.219725,-0.044908,0.9951,0.788165,0.326748,0.168697,0.9984,0.811609,0.34389,-0.182096,0.9965,0.781247,0.635733,0.164202,0.1595,0.806084,0.656769,-0.188966,0.962,0.78404,0.896532,0.128777,0.1351,0.814671,0.944647,-0.169136,0.9609,0.824217,0.913675,0.149698,0.161,0.857806,0.967562,-0.220082,0.9577,0.834146,0.921257,0.11202,0.1646,0.868066,0.961036,-0.176624,0.952,0.815219,0.919467,0.114194,0.1787,0.848503,0.953375,-0.156665,0.9187,0.443354,0.463802,0.114866,0.9956,0.452135,0.470756,-0.113461,0.995,0.42567,0.88095,0.11723,0.0805,0.435057,0.894936,-0.144906,0.9697,0.135289,0.773354,0.174931,0.3824,0.122927,0.774073,-0.053184,0.9702,0.079686,0.721161,0.178972,0.6046,0.066312,0.718331,-0.043074,0.969,0.084809,0.915635,0.18324,0.5229,0.076534,0.919313,-0.025061,0.9518
marjaryasana_y107_0082,0.906811,0.158764,-0.027348,0.995,0.897554,0.137257,-0.01895,0.9926,0.896389,0.13789,-0.018357,0.9929,0.894897,0.138337,-0.018698,0.9927,0.893334,0.138516,-0.047367,0.9925,0.889899,0.1399,-0.048046,0.9921,0.886626,0.140709,-0.047522,0.9915,0.868297,0.15757,0.044416,0.9928,0.862871,0.156071,-0.091032,0.993,0.897391,0.194207,-0.003729,0.9961,0.893462,0.192828,-0.043176,0.9957,0.776491,0.313546,0.152429,0.9958,0.812173,0.354839,-0.168037,0.9962,0.789795,0.620497,0.140996,0.3951,0.811189,0.654989,-0.163708,0.9799,0.796018,0.868721,0.12485,0.2901,0.838557,0.937315,-0.110621,0.877,0.826957,0.877733,0.139964,0.269,0.877285,0.96426,-0.156266,0.8608,0.834601,0.886147,0.099428,0.2694,0.882316,0.955312,-0.109879,0.8619,0.823671,0.887599,0.109398,0.2824,0.867807,0.946456,-0.096192,0.8649,0.475244,0.477804,0.102158,0.979,0.489942,0.510372,-0.101079,0.9793,0.421862,0.849208,0.120457,0.2285,0.437917,0.914757,-0.139572,0.9141,0.186359,0.870544,0.188578,0.5077,0.17249,0.920324,-0.057008,0.8785,0.168442,0.835265,0.192284,0.636,0.153823,0.878301,-0.045556,0.8415,0.100506,0.907561,0.183952,0.5693,0.06606,0.950098,-0.029332,0.8356
marjaryasana_y107_0083,0.946106,0.274952,-0.071205,0.9983,0.944675,0.230511,-0.056381,0.9977,0.943191,0.228079,-0.055488,0.9978,0.941207,0.225359,-0.055664,0.9978,0.939192,0.230134,-0.090244,0.9977,0.934552,0.228261,-0.090709,0.9975,0.929719,0.226235,-0.090239,0.9973,0.903364,0.214113,0.038262,0.998,0.893167,0.216661,-0.129654,0.9972,0.925998,0.30441,-0.03796,0.9985,0.92128,0.302178,-0.085602,0.9984,0.768431,0.335184,0.149503,0.9983,0.776375,0.383951,-0.201834,0.9975,0.772595,0.629628,0.154415,0.2057,0.778167,0.669685,-0.234527,0.9819,0.804787,0.85423,0.070068,0.2224,0.819406,0.944076,-0.209104,0.9859,0.84344,0.858161,0.075326,0.292,0.863631,0.96115,-0.259976,0.9821,0.850423,0.867729,0.034288,0.3002,0.872241,0.946675,-0.221219,0.9808,0.836918,0.871685,0.052466,0.3131,0.855798,0.941389,-0.198798,0.9674,0.440673,0.455561,0.113774,0.9984,0.425234,0.482098,-0.112372,0.9984,0.431469,0.857088,0.149492,0.4328,0.42564,0.905993,-0.157673,0.9911,0.175198,0.862238,0.220648,0.7753,0.154867,0.886388,-0.019118,0.9899,0.151359,0.798501,0.225843,0.8081,0.139389,0.827139,-0.000869,0.9791,0.081455,0.899075,0.228555,0.7984,0.034683,0.921608,0.044206,0.9769
marjaryasana_y107_0084,0.942637,0.098596,0.000999,0.9986,0.921322,0.087383,0.002415,0.9981,0.918321,0.088674,0.003095,0.9982,0.914598,0.090175,0.002897,0.9981,0.919203,0.087601,-0.019508,0.9982,0.91521,0.088973,-0.020227,0.9981,0.910795,0.090476,-0.019713,0.9979,0.879886,0.12399,0.044928,0.9982,0.880798,0.122019,-0.065873,0.9982,0.938165,0.136041,0.017312,0.9986,0.937327,0.13717,-0.014687,0.9986,0.80235,0.308054,0.161859,0.9984,0.844882,0.338107,-0.156437,0.9986,0.802411,0.626465,0.150351,0.2987,0.833773,0.670997,-0.167061,0.9813,0.816484,0.904258,0.11948,0.3002,0.844774,0.95512,-0.135445,0.9112,0.852529,0.918251,0.136556,0.2865,0.889442,0.978993,-0.182579,0.9108,0.861585,0.930332,0.091008,0.2886,0.895344,0.972644,-0.136243,0.9132,0.845608,0.930168,0.101467,0.2946,0.876787,0.964412,-0.121816,0.9127,0.47681,0.47455,0.103212,0.9965,0.49101,0.510415,-0.102265,0.9949,0.425208,0.8948,0.095151,0.2534,0.434279,0.937228,-0.155836,0.9764,0.171815,0.883014,0.154618,0.6074,0.157242,0.898544,-0.069732,0.9821,0.143601,0.832783,0.157537,0.7622,0.133308,0.847413,-0.057025,0.9748,0.059676,0.943098,0.145498,0.6483,0.024886,0.95454,-0.030633,0.9653
marjaryasana_y107_0085,0.031417,0.205348,-0.013527,0.9977,0.044518,0.17025,-0.033578,0.9965,0.049303,0.167809,-0.032686,0.9962,0.054709,0.165164,-0.033316,0.9961,0.043497,0.170647,-0.001723,0.9968,0.047651,0.16826,-0.002588,0.997,0.052098,0.165574,-0.002074,0.997,0.098969,0.164796,-0.09137,0.9973,0.095437,0.163676,0.041765,0.9981,0.051109,0.228511,-0.036048,0.9978,0.049219,0.228752,0.004544,0.998,0.204421,0.331876,-0.117769,0.9997,0.212188,0.322677,0.079921,0.9989,0.209086,0.630985,-0.165617,0.8874,0.214139,0.62135,0.066,0.1012,0.165866,0.912999,-0.155143,0.9684,0.17115,0.88265,0.034841,0.099,0.122393,0.930471,-0.195516,0.9569,0.122569,0.907567,0.039147,0.0799,0.107623,0.930202,-0.172306,0.9521,0.116174,0.915789,0.011446,0.0796,0.123746,0.92514,-0.147473,0.9151,0.139689,0.912962,0.018291,0.0988,0.387915,0.652956,0.00043,0.9997,0.382733,0.682334,0.000877,0.9989,0.636952,0.539679,-0.012485,0.6429,0.605843,0.549587,-0.026662,0.6454,0.607346,0.832285,0.078685,0.3968,0.622954,0.853454,0.062366,0.4516,0.586967,0.866266,0.083576,0.375,0.611087,0.888417,0.07183,0.554,0.616114,0.933199,0.060956,0.4357,0.66355,0.964078,0.079736,0.4863
marjaryasana_y107_0086,0.089061,0.091469,-0.399494,0.9993,0.131665,0.082272,-0.398215,0.9993,0.138623,0.082803,-0.397284,0.9993,0.145585,0.083305,-0.397656,0.9992,0.119567,0.078524,-0.389317,0.9993,0.120795,0.07858,-0.390537,0.9993,0.121424,0.078789,-0.389338,0.9992,0.157402,0.133578,-0.355275,0.9994,0.12829,0.110861,-0.320988,0.9995,0.08887,0.124292,-0.384262,0.9994,0.084707,0.11867,-0.37323,0.9996,0.151935,0.304886,-0.289955,0.9996,0.124234,0.278132,-0.244003,0.9991,0.130499,0.590386,-0.318804,0.9744,0.129032,0.518122,-0.226179,0.5254,0.121343,0.815722,-0.324646,0.9686,0.116587,0.724039,-0.186695,0.3277,0.115494,0.856621,-0.369722,0.8902,0.098895,0.722829,-0.188004,0.2378,0.085296,0.897995,-0.335397,0.8802,0.108122,0.736546,-0.218366,0.2446,0.090621,0.896498,-0.316862,0.913,0.118072,0.744721,-0.199431,0.2704,0.325418,0.469148,0.056758,0.9996,0.308303,0.505369,-0.055022,0.9992,0.529814,0.389838,-0.018778,0.0855,0.533241,0.404852,-0.133401,0.6405,0.52815,0.732696,0.050562,0.1163,0.532432,0.773429,-0.083435,0.5629,0.500466,0.770535,0.056958,0.117,0.51329,0.832482,-0.076485,0.6774,0.571087,0.778698,0.038654,0.1745,0.589844,0.852497,-0.073585,0.6263
marjaryasana_y107_0087,0.777189,0.390846,-0.079889,0.9963,0.801041,0.397852,-0.078535,0.992,0.804533,0.394551,-0.07783,0.9919,0.80857,0.391295,-0.077709,0.9944,0.801759,0.397087,-0.103743,0.9931,0.80511,0.393949,-0.10455,0.9931,0.808667,0.391234,-0.10386,0.9943,0.828448,0.351323,-0.014706,0.9913,0.824314,0.356227,-0.148816,0.9859,0.770674,0.359287,-0.052334,0.9803,0.770997,0.358754,-0.090345,0.9832,0.774442,0.2305,0.07943,0.9978,0.764197,0.281528,-0.220767,0.9977,0.780637,0.560906,0.097923,0.5838,0.778665,0.637845,-0.285677,0.9889,0.818185,0.876214,0.01061,0.6046,0.82382,0.959355,-0.261189,0.9815,0.862569,0.889597,0.010799,0.5939,0.876329,0.98183,-0.303118,0.9655,0.87059,0.896999,-0.029136,0.6088,0.885615,0.956143,-0.270194,0.9658,0.853777,0.897096,-0.005294,0.6009,0.865854,0.949729,-0.251375,0.9468,0.423361,0.374096,0.107862,0.9905,0.400638,0.396664,-0.106562,0.9925,0.436497,0.865043,0.125638,0.3882,0.421202,0.9172,-0.151389,0.9799,0.137887,0.83218,0.215557,0.5737,0.11743,0.875829,-0.047603,0.982,0.110658,0.746308,0.221176,0.6084,0.090959,0.797242,-0.031447,0.9584,0.051778,0.89324,0.228237,0.6472,0.011725,0.928051,0.011659,0.9699
marjaryasana_y107_0088,0.828979,0.432449,0.047714,0.9993,0.850779,0.434146,0.054784,0.9989,0.852282,0.431638,0.055643,0.9989,0.854671,0.428417,0.055722,0.9988,0.852047,0.430043,0.022378,0.9989,0.854186,0.424713,0.021597,0.9988,0.856804,0.418421,0.022383,0.9986,0.86838,0.370551,0.12033,0.9989,0.870839,0.361866,-0.042921,0.9988,0.816707,0.40224,0.072325,0.9984,0.818316,0.397178,0.025289,0.9987,0.806849,0.263637,0.1934,0.997,0.821451,0.251675,-0.138482,0.9981,0.776339,0.56399,0.232483,0.2943,0.798573,0.581891,-0.193066,0.9886,0.795701,0.846042,0.169118,0.1874,0.813553,0.889374,-0.111156,0.9503,0.841171,0.874162,0.168242,0.1823,0.859243,0.919298,-0.121013,0.908,0.848944,0.865381,0.142435,0.1857,0.872489,0.897248,-0.090926,0.9055,0.826603,0.861093,0.158523,0.1888,0.851731,0.890076,-0.097749,0.8756,0.493873,0.381781,0.105666,0.9952,0.486525,0.375545,-0.104502,0.9937,0.43724,0.835086,0.108079,0.2556,0.430313,0.869075,-0.142727,0.9709,0.171394,0.828765,0.173002,0.4978,0.1588,0.849484,-0.06414,0.9812,0.155506,0.770258,0.174727,0.5861,0.14184,0.78976,-0.046154,0.9661,0.054299,0.894759,0.149489,0.5389,0.033005,0.901566,-0.010652,0.9656
marjaryasana_y107_0089,0.20474,0.344119,0.074118,0.997,0.184778,0.346628,0.049542,0.998,0.161644,0.358724,0.049994,0.9982,0.158975,0.352013,0.050014,0.9983,0.182726,0.342645,0.076046,0.9974,0.180268,0.340231,0.075051,0.997,0.177129,0.338884,0.076049,0.9969,0.152907,0.317257,0.004809,0.9987,0.166781,0.310488,0.121068,0.9959,0.219385,0.330096,0.061068,0.9976,0.218469,0.326273,0.093986,0.9949,0.222658,0.305935,-0.082107,0.9999,0.248705,0.260697,0.205596,0.9938,0.23679,0.606806,-0.124207,0.9889,0.327872,0.44365,0.290079,0.0577,0.244122,0.92036,-0.094675,0.978,0.249098,0.732616,0.319546,0.119,0.21588,0.948594,-0.124166,0.9719,0.225068,0.743714,0.336095,0.1599,0.207572,0.937776,-0.090443,0.9687,0.220244,0.762831,0.31569,0.1491,0.21717,0.925685,-0.086286,0.96,0.23072,0.767119,0.310157,0.1422,0.52299,0.221712,-0.091525,1.0,0.526068,0.217056,0.092012,0.9996,0.595912,0.816109,-0.135045,0.993,0.564347,0.689893,0.061751,0.1681,0.838111,0.760231,-0.082946,0.9873,0.8272,0.732177,0.103474,0.2782,0.854176,0.72746,-0.071971,0.975,0.851394,0.703826,0.107581,0.3352,0.933174,0.816931,-0.029995,0.9689,0.919959,0.796415,0.073243,0.3122
marjaryasana_y107_0090,0.746155,0.407188,-0.05786,0.9995,0.771387,0.422487,-0.057309,0.9992,0.774694,0.421455,-0.056672,0.9991,0.778075,0.420362,-0.05673,0.9994,0.770777,0.417091,-0.081367,0.9993,0.773397,0.412903,-0.082493,0.9992,0.776195,0.409179,-0.081431,0.9993,0.798921,0.375197,0.001234,0.9992,0.795014,0.366272,-0.125949,0.9983,0.741834,0.37936,-0.031896,0.9986,0.738966,0.374282,-0.068106,0.9983,0.805463,0.264859,0.079954,0.9994,0.759443,0.293935,-0.190282,0.9993,0.817214,0.594871,0.132521,0.751,0.781673,0.619683,-0.244716,0.996,0.854556,0.854565,0.066531,0.7929,0.842193,0.932921,-0.202317,0.9883,0.889215,0.876064,0.061689,0.7403,0.885533,0.954745,-0.236063,0.9701,0.892975,0.883414,0.024679,0.7513,0.897745,0.938503,-0.209207,0.9701,0.880906,0.879695,0.052665,0.7459,0.883258,0.931315,-0.1934,0.9574,0.41245,0.321937,0.093076,0.9983,0.387167,0.331674,-0.092043,0.998,0.449464,0.818241,0.10521,0.7292,0.449537,0.86952,-0.116866,0.9879,0.158235,0.845046,0.185185,0.7988,0.134344,0.886322,-0.015235,0.9864,0.138446,0.784855,0.187925,0.7266,0.110201,0.830585,-0.000523,0.9684,0.051757,0.910533,0.179763,0.8306,0.030293,0.924966,0.040588,0.9819
marjaryasana_y107_0091,0.810596,0.405746,0.067713,0.9996,0.838463,0.417517,0.072179,0.9995,0.841283,0.415652,0.073267,0.9995,0.844763,0.413254,0.073073,0.9995,0.839375,0.413611,0.043511,0.9994,0.842402,0.409414,0.042733,0.9993,0.846009,0.404873,0.043584,0.9992,0.863088,0.361581,0.129474,0.9996,0.864241,0.355944,-0.016743,0.9993,0.800372,0.37871,0.089567,0.9987,0.801198,0.372262,0.04734,0.9987,0.812543,0.251284,0.195442,0.9987,0.816901,0.245579,-0.104221,0.9991,0.821738,0.574236,0.232424,0.4194,0.822632,0.62314,-0.14736,0.9852,0.840957,0.883599,0.1842,0.2752,0.849599,0.94386,-0.069493,0.9485,0.891557,0.919711,0.185013,0.2502,0.898565,0.964095,-0.078605,0.8955,0.897005,0.927029,0.159396,0.2482,0.904235,0.955054,-0.046267,0.8926,0.876295,0.922574,0.176303,0.2459,0.886957,0.949624,-0.055762,0.8718,0.468299,0.384272,0.100795,0.9986,0.460808,0.380941,-0.099466,0.9984,0.514856,0.891889,0.084485,0.2254,0.51742,0.945002,-0.138016,0.9529,0.207724,0.911236,0.141114,0.3421,0.190768,0.936982,-0.071398,0.9665,0.172084,0.849141,0.14337,0.4154,0.161337,0.879762,-0.053208,0.9605,0.08907,0.983595,0.113729,0.392,0.060669,1.001901,-0.006525,0.9476
marjaryasana_y107_0092,0.823096,0.362174,-0.066989,0.9962,0.849784,0.337104,-0.060034,0.9956,0.851299,0.332057,-0.059401,0.996,0.852989,0.326374,-0.059758,0.9959,0.848487,0.333226,-0.091192,0.9954,0.84878,0.326382,-0.092009,0.9949,0.849127,0.318404,-0.091513,0.9948,0.844016,0.263637,0.012693,0.9961,0.840357,0.263508,-0.139189,0.9944,0.797387,0.349817,-0.038989,0.9951,0.795698,0.3427,-0.081931,0.9957,0.723363,0.189501,0.103993,0.9902,0.725957,0.232569,-0.209735,0.9893,0.720218,0.511306,0.136089,0.3737,0.725504,0.581627,-0.257831,0.98,0.74096,0.836032,0.060911,0.3058,0.751471,0.924907,-0.203666,0.9557,0.796214,0.865976,0.056399,0.2971,0.807575,0.962108,-0.239455,0.9279,0.804764,0.867614,0.022801,0.3012,0.823849,0.93338,-0.211851,0.9253,0.782384,0.868319,0.047107,0.3213,0.800491,0.925628,-0.195809,0.9018,0.339025,0.306353,0.102475,0.9633,0.312423,0.335495,-0.101102,0.9744,0.31208,0.841887,0.118135,0.2581,0.298773,0.899763,-0.152386,0.9095,0.03383,0.881907,0.196472,0.2135,-0.025268,0.899137,-0.043735,0.773,-0.00803,0.829082,0.199656,0.2537,-0.071949,0.824169,-0.028851,0.752,-0.033505,1.018314,0.199316,0.2299,-0.107357,1.041337,-0.001173,0.6871
marjaryasana_y107_0093,0.721178,0.443055,-0.014694,0.9996,0.740956,0.46367,-0.012136,0.9995,0.743634,0.464287,-0.011078,0.9993,0.746672,0.462998,-0.011136,0.9996,0.742398,0.456126,-0.038137,0.9995,0.745458,0.452585,-0.038881,0.9994,0.748664,0.448387,-0.038348,0.9996,0.774761,0.423235,0.0505,0.9996,0.773031,0.411403,-0.085695,0.9993,0.717165,0.419977,0.011625,0.9989,0.718286,0.409797,-0.027317,0.999,0.745861,0.342328,0.119707,0.999,0.751158,0.295784,-0.155229,0.999,0.807225,0.604164,0.177444,0.5259,0.815255,0.617422,-0.235854,0.9903,0.887416,0.867502,0.104736,0.5968,0.89591,0.918027,-0.209978,0.982,0.922703,0.874978,0.091884,0.6181,0.936349,0.939393,-0.240669,0.9632,0.928621,0.880408,0.063287,0.627,0.944182,0.928861,-0.214808,0.9619,0.916984,0.882297,0.09294,0.5969,0.927913,0.920808,-0.202737,0.9474,0.439045,0.326784,0.104068,0.9992,0.407105,0.31475,-0.102954,0.9984,0.43587,0.858461,0.105246,0.2658,0.429821,0.882281,-0.140776,0.9745,0.175022,0.857456,0.158083,0.3865,0.16267,0.865373,-0.05206,0.9794,0.147873,0.790563,0.158984,0.4768,0.135563,0.792721,-0.035567,0.9735,0.05722,0.949137,0.144693,0.3986,0.048871,0.947731,0.014648,0.959
marjaryasana_y107_0094,0.166781,0.418713,0.03116,0.9961,0.140585,0.42426,0.005199,0.9962,0.137715,0.421003,0.00558,0.9964,0.134499,0.417789,0.005583,0.9965,0.141771,0.425241,0.036528,0.9932,0.139873,0.422694,0.035498,0.9926,0.137638,0.420182,0.036248,0.9955,0.117451,0.36485,-0.050078,0.9939,0.122115,0.374663,0.083151,0.9942,0.176684,0.38716,0.012458,0.9908,0.177905,0.391537,0.0506,0.9829,0.178285,0.280543,-0.143101,0.9981,0.186653,0.277138,0.161212,0.9737,0.184226,0.658786,-0.172957,0.9813,0.198777,0.62185,0.190926,0.1284,0.205673,1.002454,-0.089765,0.9033,0.210791,0.946859,0.153634,0.057,0.183499,1.084191,-0.117631,0.8627,0.187103,0.999436,0.155347,0.0759,0.174893,1.053832,-0.094947,0.8582,0.180465,1.021337,0.126954,0.0811,0.185816,1.031303,-0.083788,0.8488,0.194277,1.002304,0.138204,0.0892,0.560191,0.333408,-0.106953,0.9989,0.544605,0.321004,0.107701,0.9948,0.625544,0.953109,-0.135285,0.9733,0.594872,0.849967,0.069987,0.1198,0.913233,0.816611,-0.082838,0.9353,0.894232,0.81842,0.123319,0.1396,0.959606,0.750267,-0.072278,0.9342,0.94588,0.756379,0.127733,0.2231,0.98309,1.032092,-0.033332,0.8862,0.959886,0.997724,0.096199,0.1526
marjaryasana_y107_0095,0.152642,0.467192,0.004077,0.9874,0.128257,0.475164,-0.018121,0.9876,0.124444,0.469899,-0.017496,0.9865,0.119886,0.465755,-0.017435,0.9899,0.127554,0.475272,0.015068,0.9809,0.123944,0.470396,0.014095,0.9777,0.119533,0.466848,0.014445,0.9867,0.094373,0.404431,-0.07757,0.9664,0.089755,0.410095,0.06288,0.9785,0.155982,0.432129,-0.017088,0.9714,0.156592,0.433566,0.024003,0.9711,0.16026,0.290729,-0.161383,0.995,0.134855,0.260971,0.129737,0.9939,0.186202,0.597583,-0.241714,0.9856,0.168139,0.550914,0.193788,0.1018,0.157335,0.923146,-0.190099,0.9474,0.154888,0.847926,0.129575,0.1424,0.105674,0.953965,-0.215647,0.9191,0.106569,0.869947,0.136049,0.1988,0.092566,0.926958,-0.191843,0.9183,0.099737,0.866871,0.110954,0.2125,0.11046,0.917217,-0.180527,0.8781,0.116876,0.865074,0.11442,0.2125,0.535613,0.304789,-0.097145,0.9952,0.512893,0.299988,0.098208,0.9936,0.511942,0.893211,-0.145242,0.9648,0.508977,0.85141,0.074502,0.3522,0.812884,0.878285,-0.07241,0.9562,0.802785,0.85279,0.156468,0.4346,0.835846,0.809955,-0.060128,0.9538,0.830551,0.786144,0.162198,0.5061,0.971829,0.93234,-0.021857,0.9439,0.957027,0.925202,0.156238,0.4607
marjaryasana_y107_0096,0.267188,0.449255,0.006371,0.9992,0.238223,0.463907,-0.018889,0.9991,0.23437,0.45948,-0.018393,0.9991,0.230262,0.454539,-0.018222,0.9992,0.238551,0.464035,0.013582,0.9986,0.23491,0.460203,0.01265,0.9987,0.231112,0.456341,0.013243,0.9992,0.207781,0.400507,-0.079502,0.9974,0.211863,0.406675,0.057852,0.999,0.272489,0.411547,-0.014595,0.998,0.274557,0.413027,0.025563,0.9976,0.240681,0.307885,-0.165317,0.9989,0.257404,0.2836,0.132129,0.998,0.250925,0.664241,-0.228661,0.9894,0.259348,0.604596,0.195433,0.274,0.207242,0.981071,-0.170461,0.9723,0.230208,0.858583,0.145778,0.352,0.170582,1.019898,-0.200683,0.9622,0.193929,0.877323,0.148383,0.4289,0.159133,0.996865,-0.171434,0.9598,0.186349,0.887573,0.117788,0.4427,0.170415,0.982259,-0.159729,0.9499,0.198422,0.891348,0.128594,0.4354,0.624389,0.341043,-0.098163,0.999,0.589366,0.329364,0.098948,0.9974,0.569358,0.903209,-0.139422,0.9745,0.553959,0.826926,0.132602,0.3354,0.876703,0.859939,-0.050388,0.9709,0.816248,0.783054,0.197863,0.4543,0.895175,0.78593,-0.035655,0.9773,0.848083,0.723406,0.201228,0.5831,0.985991,0.922454,0.02888,0.9592,0.912049,0.843577,0.220473,0.5015
marjaryasana_y107_0097,0.226898,0.403448,0.053819,0.9984,0.200397,0.415832,0.028225,0.9981,0.196797,0.412775,0.028728,0.9981,0.192516,0.409882,0.028778,0.998,0.200354,0.415382,0.060048,0.9967,0.197014,0.412287,0.058979,0.9966,0.193283,0.409624,0.059729,0.9978,0.162573,0.357616,-0.024686,0.996,0.167491,0.371111,0.111037,0.9966,0.23061,0.371043,0.036626,0.995,0.232038,0.371952,0.07574,0.993,0.208289,0.267022,-0.116974,0.9979,0.211711,0.2841,0.185902,0.9942,0.239474,0.598056,-0.173359,0.9868,0.241132,0.589842,0.20878,0.2565,0.205842,0.935651,-0.147023,0.9777,0.210533,0.896517,0.138374,0.2703,0.167272,0.972658,-0.178858,0.9659,0.161593,0.928048,0.135649,0.3022,0.153665,0.957517,-0.155841,0.9646,0.156134,0.931027,0.114339,0.2996,0.169308,0.947721,-0.140999,0.9549,0.175244,0.923586,0.124182,0.299,0.592133,0.284852,-0.100746,0.9961,0.581141,0.28964,0.101608,0.9922,0.586007,0.894925,-0.150627,0.9452,0.58425,0.871668,0.042758,0.1673,0.897293,0.885015,-0.086753,0.9205,0.884929,0.8706,0.085628,0.1508,0.927625,0.817645,-0.075035,0.9243,0.924864,0.801496,0.089117,0.2833,1.014449,0.99087,-0.049254,0.8839,1.014232,0.948501,0.055944,0.1809
marjaryasana_y107_0098,0.20348,0.421122,0.031016,0.9994,0.18061,0.42509,0.007932,0.999,0.177278,0.419283,0.008435,0.9988,0.173482,0.412565,0.008473,0.9986,0.180581,0.427048,0.04061,0.999,0.177393,0.423395,0.039596,0.999,0.173799,0.419142,0.040087,0.9992,0.153531,0.353558,-0.04774,0.9981,0.155566,0.364694,0.089766,0.999,0.210617,0.38197,0.011019,0.9981,0.211874,0.387601,0.050906,0.998,0.194333,0.256374,-0.149611,0.9965,0.195752,0.258975,0.161927,0.998,0.193438,0.604718,-0.2112,0.9906,0.192428,0.575938,0.208721,0.406,0.163227,0.932116,-0.152844,0.9653,0.168686,0.853882,0.143426,0.3186,0.115136,0.958282,-0.181295,0.947,0.123786,0.884198,0.136005,0.359,0.107089,0.939409,-0.160144,0.9454,0.118224,0.888908,0.108627,0.3731,0.121447,0.932045,-0.14538,0.9348,0.13511,0.884409,0.126146,0.383,0.569926,0.31142,-0.101457,0.9982,0.539708,0.300778,0.102277,0.9972,0.576232,0.871575,-0.156931,0.9643,0.56566,0.84116,0.056011,0.2884,0.881619,0.883319,-0.097225,0.9541,0.856222,0.867342,0.109971,0.2663,0.906511,0.82195,-0.085383,0.9639,0.888383,0.81033,0.112155,0.3994,1.002653,0.933507,-0.052504,0.9302,0.969099,0.912712,0.086544,0.2944
marjaryasana_y107_0099,0.13201,0.48674,0.019214,0.9997,0.105544,0.476464,-0.013952,0.9997,0.102557,0.474354,-0.013426,0.9997,0.099943,0.470843,-0.013303,0.9998,0.106664,0.473089,0.020086,0.9995,0.104595,0.468865,0.019456,0.9995,0.1027,0.461797,0.020434,0.9997,0.098082,0.431774,-0.087134,0.9996,0.097436,0.41945,0.054881,0.9997,0.144624,0.472244,-0.003371,0.9995,0.145446,0.469449,0.038507,0.9991,0.179749,0.403265,-0.158712,1.0,0.220174,0.334386,0.162459,0.9998,0.165778,0.674375,-0.170706,0.9935,0.198721,0.589567,0.22536,0.2638,0.137815,0.914096,-0.10549,0.9862,0.165481,0.79338,0.195637,0.306,0.097711,0.93191,-0.138186,0.9835,0.135704,0.787988,0.210875,0.3617,0.092035,0.916547,-0.098636,0.9818,0.128984,0.795386,0.174004,0.3578,0.107853,0.908051,-0.090293,0.9758,0.140558,0.807608,0.178913,0.3578,0.536266,0.512954,-0.097556,1.0,0.553021,0.44426,0.098193,0.9999,0.558896,0.894073,-0.113509,0.9976,0.575032,0.77898,0.19081,0.2768,0.881811,0.870622,-0.038607,0.9967,0.801626,0.755713,0.262063,0.6894,0.906822,0.831538,-0.02599,0.9972,0.83863,0.717537,0.267627,0.7427,0.979537,0.937207,0.028168,0.9941,0.898357,0.844628,0.283335,0.7905
marjaryasana_y107_0100,0.747388,0.417354,-0.012109,0.9997,0.77605,0.429868,-0.01104,0.9995,0.779499,0.427151,-0.010095,0.9996,0.78323,0.424422,-0.010252,0.9996,0.775524,0.429616,-0.037115,0.9995,0.778272,0.426561,-0.038018,0.9995,0.781239,0.423631,-0.037198,0.9995,0.802882,0.374207,0.05088,0.9997,0.804663,0.364893,-0.086793,0.9994,0.73592,0.382329,0.013953,0.9992,0.735081,0.382421,-0.025321,0.9991,0.737125,0.238261,0.140019,0.9993,0.759547,0.25481,-0.169031,0.9991,0.780092,0.566097,0.168048,0.5571,0.799579,0.614778,-0.23189,0.9937,0.835804,0.829955,0.108447,0.4325,0.86377,0.925494,-0.187618,0.9803,0.886508,0.845364,0.113683,0.4313,0.914896,0.944047,-0.215061,0.9576,0.892769,0.856674,0.076464,0.4331,0.920103,0.930127,-0.17647,0.9571,0.878606,0.851642,0.096242,0.4149,0.902853,0.921444,-0.174251,0.9422,0.384877,0.315844,0.106297,0.9977,0.369069,0.344167,-0.105242,0.9943,0.475786,0.833949,0.109458,0.3106,0.467724,0.885901,-0.144965,0.9804,0.178885,0.832419,0.181771,0.4714,0.147571,0.880243,-0.061406,0.9859,0.147441,0.765582,0.185282,0.5717,0.127638,0.815218,-0.042866,0.983,0.037106,0.901108,0.170856,0.494,0.016057,0.934976,0.012116,0.9676
marjaryasana_y107_0101,0.614869,0.422658,-0.24141,0.9257,0.649568,0.425925,-0.243944,0.8961,0.654861,0.423907,-0.243379,0.898,0.660739,0.422599,-0.243776,0.8943,0.63614,0.417975,-0.271984,0.8992,0.636182,0.413039,-0.273128,0.89,0.636919,0.408453,-0.272501,0.8848,0.679277,0.385246,-0.182953,0.892,0.654334,0.366021,-0.322762,0.8404,0.608178,0.392957,-0.211728,0.8764,0.597442,0.383462,-0.252158,0.8632,0.707403,0.305127,-0.110107,0.9261,0.565781,0.256358,-0.349572,0.7474,0.7229,0.581084,-0.091493,0.4354,0.56496,0.589671,-0.423614,0.8871,0.779586,0.841154,-0.179038,0.6341,0.613518,0.915611,-0.422622,0.5785,0.748153,0.900226,-0.201884,0.624,0.662538,0.961489,-0.476939,0.3901,0.746195,0.907511,-0.238635,0.6037,0.68915,0.95588,-0.460044,0.4006,0.730042,0.90003,-0.195977,0.6556,0.670752,0.943807,-0.422642,0.4589,0.30151,0.124019,0.092957,0.9233,0.219005,0.08068,-0.091729,0.7643,0.126302,0.386616,0.217275,0.0836,0.049181,0.346373,0.013444,0.4514,-0.053578,0.45992,0.428781,0.0425,-0.152207,0.428708,0.201436,0.1754,-0.078837,0.446359,0.445224,0.072,-0.174621,0.417207,0.21651,0.156,-0.101095,0.565039,0.42424,0.0629,-0.205789,0.538805,0.176063,0.1363
marjaryasana_y107_0102,0.271868,0.51275,0.021781,0.9997,0.248071,0.524776,0.000118,0.9995,0.244813,0.522508,0.001004,0.9994,0.241238,0.520783,0.00123,0.9993,0.251314,0.525139,0.030431,0.9994,0.249094,0.524013,0.029774,0.9993,0.244396,0.524661,0.030277,0.9994,0.217561,0.488577,-0.048025,0.9987,0.225659,0.495682,0.079933,0.9988,0.278536,0.478745,0.00442,0.999,0.280024,0.480636,0.041691,0.9987,0.22957,0.350942,-0.139459,0.9953,0.265873,0.35576,0.13322,0.9941,0.194613,0.676834,-0.209668,0.9715,0.274976,0.589545,0.181275,0.1823,0.115052,0.95425,-0.127699,0.9498,0.225173,0.778221,0.158946,0.2441,0.074511,0.994911,-0.140666,0.9238,0.207076,0.80174,0.157559,0.2752,0.06715,0.980058,-0.119293,0.9215,0.199927,0.794715,0.147895,0.2636,0.08395,0.960755,-0.117463,0.9062,0.207309,0.789946,0.150602,0.2532,0.527086,0.280198,-0.089288,0.9893,0.550591,0.315528,0.090226,0.993,0.314327,0.651119,-0.110307,0.9885,0.56757,0.835651,0.053676,0.9314,0.54342,0.780415,-0.034837,0.9897,0.822632,0.851268,0.10458,0.9667,0.560066,0.748042,-0.022547,0.9783,0.835566,0.81007,0.105817,0.954,0.652857,0.865296,0.027198,0.9804,0.951486,0.918057,0.102907,0.9589
marjaryasana_y107_0103,0.633861,0.44141,-0.030935,0.9942,0.664427,0.461795,-0.027841,0.9929,0.665988,0.460908,-0.026918,0.9927,0.668187,0.459234,-0.027387,0.9919,0.67024,0.455478,-0.054967,0.9936,0.675859,0.449243,-0.056195,0.993,0.682001,0.442336,-0.055525,0.9926,0.690333,0.418831,0.038529,0.992,0.707872,0.391752,-0.098934,0.9932,0.615021,0.40664,-0.003758,0.9907,0.622791,0.397435,-0.042685,0.992,0.601313,0.333324,0.113773,0.9688,0.665244,0.270229,-0.166709,0.9845,0.62326,0.603848,0.14936,0.4939,0.695381,0.63975,-0.227182,0.9699,0.663792,0.887599,0.083208,0.4676,0.73478,0.989021,-0.195571,0.8417,0.691904,0.919357,0.079049,0.4148,0.773446,1.033556,-0.22709,0.6698,0.700106,0.924491,0.045933,0.4227,0.793977,1.026492,-0.201347,0.6978,0.688993,0.925807,0.070617,0.4398,0.766338,1.006327,-0.189195,0.7508,0.179213,0.228753,0.093394,0.7493,0.155863,0.18167,-0.092357,0.6283,0.169295,0.673343,0.116365,0.302,0.091872,0.638797,-0.086065,0.365,-0.035884,0.872641,0.203412,0.061,-0.143609,0.788334,0.030725,0.0591,-0.07689,0.865729,0.207177,0.0592,-0.164185,0.775905,0.042737,0.0595,-0.053001,0.982161,0.167516,0.0651,-0.202178,0.910276,0.012788,0.0721
marjaryasana_y107_0104,0.234301,0.428166,-0.020111,0.997,0.209043,0.442019,-0.047418,0.9965,0.205701,0.438208,-0.046849,0.9968,0.202126,0.434523,-0.046697,0.9971,0.208062,0.442588,-0.014049,0.9943,0.203976,0.439339,-0.015001,0.9944,0.199742,0.43632,-0.014475,0.9966,0.178205,0.38536,-0.111814,0.9905,0.177181,0.39311,0.029559,0.9958,0.240346,0.391964,-0.041103,0.9924,0.240479,0.393852,0.000319,0.9905,0.213047,0.281604,-0.186939,0.9953,0.206476,0.254632,0.107228,0.9956,0.217638,0.628202,-0.253587,0.9861,0.214833,0.561619,0.167603,0.2344,0.171786,0.926522,-0.195397,0.9622,0.179043,0.823501,0.114275,0.2922,0.122524,0.942574,-0.225447,0.9484,0.129639,0.83641,0.119488,0.3694,0.114257,0.926757,-0.196661,0.9462,0.125612,0.846658,0.089213,0.383,0.129416,0.922645,-0.184283,0.9288,0.139254,0.850294,0.097596,0.3784,0.605121,0.316956,-0.100687,0.9969,0.566077,0.295239,0.101566,0.9941,0.557534,0.864847,-0.139278,0.9746,0.538364,0.793598,0.124963,0.381,0.866513,0.818761,-0.046301,0.9704,0.801351,0.748276,0.200289,0.4636,0.87992,0.747386,-0.031561,0.974,0.835161,0.694028,0.205751,0.5651,0.970743,0.888691,0.029251,0.9574,0.908491,0.818209,0.226672,0.4909
marjaryasana_y107_0105,0.207925,0.44152,0.003322,0.9991,0.184111,0.446339,-0.021329,0.9985,0.180809,0.441038,-0.020841,0.9983,0.177024,0.43509,-0.020819,0.9981,0.184119,0.449017,0.01042,0.9983,0.180974,0.445933,0.009478,0.9982,0.17742,0.442385,0.010011,0.9986,0.156545,0.375685,-0.078874,0.9968,0.157758,0.386351,0.054961,0.9982,0.21519,0.404204,-0.01634,0.9974,0.216279,0.409176,0.022446,0.9969,0.202616,0.282723,-0.174554,0.996,0.192118,0.28996,0.131832,0.997,0.196566,0.639458,-0.225587,0.9881,0.191908,0.60475,0.178647,0.4044,0.163741,0.967271,-0.156062,0.9627,0.166682,0.900527,0.124782,0.3086,0.119857,0.999276,-0.187071,0.9458,0.119375,0.933608,0.117531,0.3536,0.107612,0.981969,-0.165022,0.9436,0.113262,0.938468,0.089663,0.3599,0.124656,0.974227,-0.148887,0.9341,0.130676,0.933842,0.107496,0.3733,0.585122,0.322723,-0.100501,0.9985,0.544348,0.310465,0.101286,0.9967,0.600345,0.898971,-0.150639,0.9607,0.583245,0.857605,0.061773,0.2608,0.910331,0.905721,-0.094717,0.9441,0.879484,0.889421,0.115483,0.2401,0.934824,0.849311,-0.083347,0.9582,0.914517,0.838302,0.11808,0.3783,1.025917,0.981246,-0.044645,0.9191,0.974633,0.951975,0.10387,0.2675
marjaryasana_y107_0106,0.739215,0.38325,-0.040191,0.9971,0.767168,0.389744,-0.040795,0.9947,0.770685,0.387033,-0.039964,0.9942,0.774231,0.383722,-0.039954,0.9967,0.766416,0.387079,-0.064955,0.9952,0.769465,0.383567,-0.065796,0.9942,0.772244,0.379988,-0.065055,0.9957,0.794951,0.334543,0.015608,0.9963,0.787339,0.337599,-0.113365,0.9902,0.735103,0.355414,-0.014509,0.9872,0.73431,0.353749,-0.051125,0.9865,0.779889,0.220764,0.109481,0.9985,0.75348,0.258986,-0.18787,0.9971,0.806088,0.561905,0.140587,0.4978,0.779005,0.602567,-0.243054,0.9894,0.844027,0.87632,0.056305,0.4747,0.846793,0.929266,-0.204669,0.9734,0.896368,0.904405,0.051953,0.4798,0.892509,0.959941,-0.23588,0.9466,0.900345,0.910714,0.014713,0.4999,0.904319,0.942554,-0.208555,0.9486,0.879259,0.904918,0.041855,0.4956,0.885985,0.936745,-0.195325,0.9271,0.435185,0.36582,0.104957,0.9954,0.407619,0.376157,-0.1038,0.9951,0.495989,0.883684,0.097092,0.2996,0.488554,0.929429,-0.154793,0.9656,0.204542,0.863848,0.175884,0.444,0.182551,0.891352,-0.064174,0.9778,0.16386,0.784397,0.180035,0.4923,0.146792,0.816242,-0.046461,0.9605,0.078675,0.92108,0.182484,0.4976,0.047552,0.946407,0.009325,0.9658
marjaryasana_y107_0107,0.884913,0.302273,-0.018535,0.9998,0.906519,0.268989,-0.011845,0.9997,0.906428,0.261814,-0.010856,0.9997,0.906186,0.254037,-0.010951,0.9997,0.906944,0.271904,-0.045336,0.9997,0.907198,0.267781,-0.045865,0.9997,0.907225,0.263034,-0.045005,0.9997,0.88991,0.200596,0.060631,0.9997,0.891984,0.215299,-0.103872,0.9997,0.858889,0.292498,0.010253,0.9998,0.85961,0.29325,-0.036644,0.9998,0.72622,0.141765,0.177058,0.9997,0.760042,0.25189,-0.186722,0.9998,0.717173,0.450506,0.221921,0.3648,0.750169,0.612807,-0.215407,0.9957,0.755664,0.702706,0.166824,0.4792,0.794878,0.925604,-0.126541,0.9929,0.783132,0.711369,0.169792,0.5222,0.840755,0.967749,-0.153189,0.9883,0.78922,0.723935,0.138417,0.5166,0.844234,0.937884,-0.113658,0.9876,0.778281,0.725699,0.153639,0.4976,0.828811,0.925828,-0.111731,0.9836,0.402287,0.310037,0.113921,0.9991,0.40951,0.373513,-0.112693,0.9995,0.415874,0.736119,0.171012,0.4629,0.432381,0.88567,-0.112486,0.9924,0.164474,0.697283,0.271949,0.769,0.13369,0.851326,0.008299,0.9967,0.132203,0.646398,0.28121,0.8458,0.100542,0.78751,0.029745,0.995,0.081078,0.843499,0.285037,0.8165,0.033068,0.95323,0.089432,0.9921
marjaryasana_y107_0108,0.204446,0.429566,0.034728,0.9987,0.178487,0.433258,0.00874,0.9984,0.17574,0.429179,0.009194,0.9983,0.172421,0.425142,0.009437,0.9981,0.178802,0.433939,0.041058,0.9976,0.176558,0.430535,0.040158,0.9976,0.173904,0.427273,0.040837,0.9983,0.155496,0.371417,-0.052568,0.9964,0.155844,0.374916,0.08301,0.9975,0.213553,0.397977,0.014147,0.9951,0.212867,0.402196,0.053538,0.9926,0.199761,0.301774,-0.146856,0.9984,0.204164,0.278197,0.156852,0.9964,0.17167,0.624318,-0.202281,0.9877,0.180104,0.563014,0.183831,0.2184,0.129668,0.915308,-0.166984,0.9776,0.140906,0.845133,0.112386,0.2732,0.089989,0.931719,-0.205217,0.9686,0.098456,0.868625,0.108249,0.3339,0.084318,0.919839,-0.174258,0.9684,0.094459,0.874521,0.081887,0.3341,0.095884,0.916142,-0.158656,0.9584,0.109324,0.870094,0.096768,0.3334,0.546239,0.350902,-0.107199,0.9997,0.522974,0.332351,0.108183,0.9991,0.547492,0.911368,-0.160208,0.9851,0.524985,0.858606,0.074681,0.1601,0.835861,0.853132,-0.10174,0.9851,0.801984,0.806185,0.148661,0.2709,0.866694,0.761449,-0.089427,0.9848,0.840778,0.727893,0.154856,0.3941,0.955191,0.962051,-0.043815,0.9749,0.913341,0.915893,0.13976,0.3227
marjaryasana_y107_0109,0.225604,0.408576,0.014839,0.9982,0.203414,0.419142,-0.008127,0.9979,0.200169,0.41491,-0.007724,0.9982,0.195786,0.410816,-0.007549,0.9985,0.204364,0.421652,0.021444,0.9964,0.201949,0.419195,0.020538,0.9965,0.199057,0.416666,0.021231,0.9979,0.172439,0.368239,-0.062283,0.9957,0.17679,0.377651,0.061985,0.9975,0.225973,0.375522,-0.003402,0.9948,0.228066,0.378766,0.032906,0.9924,0.196341,0.311375,-0.147766,0.9988,0.204889,0.292937,0.137871,0.9948,0.234214,0.631124,-0.178992,0.9881,0.236634,0.577661,0.194484,0.2624,0.224238,0.930692,-0.111441,0.944,0.231338,0.877819,0.1586,0.2028,0.181715,0.960888,-0.137749,0.922,0.188347,0.894756,0.161553,0.2486,0.176794,0.942955,-0.1119,0.9213,0.18673,0.900212,0.132165,0.2595,0.191177,0.934873,-0.101727,0.911,0.204847,0.896733,0.142368,0.2577,0.546381,0.380338,-0.094757,0.9985,0.506515,0.358892,0.095452,0.994,0.586691,0.89185,-0.142461,0.9691,0.567191,0.850925,0.076752,0.2567,0.877802,0.874094,-0.090143,0.9512,0.840407,0.837195,0.135635,0.2895,0.899797,0.815159,-0.081255,0.9657,0.86774,0.777853,0.138893,0.4286,0.974208,0.933993,-0.050479,0.9324,0.939112,0.897661,0.130255,0.3513
marjaryasana_y107_0110,0.830542,0.602795,0.035094,0.9998,0.855714,0.605833,0.040891,0.9997,0.856088,0.605129,0.041662,0.9997,0.856816,0.604448,0.041577,0.9997,0.861951,0.602387,0.009514,0.9998,0.86564,0.598797,0.008511,0.9997,0.869983,0.595183,0.009062,0.9997,0.862215,0.573699,0.10458,0.9997,0.878323,0.565594,-0.053216,0.9998,0.81545,0.585038,0.059764,0.9997,0.820574,0.580195,0.014791,0.9997,0.780575,0.501136,0.184974,0.9984,0.828622,0.517669,-0.136734,0.9997,0.793075,0.686584,0.25039,0.4614,0.83807,0.750788,-0.184262,0.9932,0.849931,0.836918,0.21026,0.5039,0.897893,0.95831,-0.114003,0.9881,0.879272,0.838331,0.217247,0.4665,0.940094,0.986966,-0.138208,0.9735,0.887899,0.842315,0.184163,0.4699,0.94819,0.975511,-0.101353,0.9709,0.879073,0.846599,0.198364,0.4749,0.934473,0.967011,-0.09952,0.9588,0.428278,0.482641,0.102949,0.998,0.44523,0.497523,-0.101802,0.9982,0.483011,0.820242,0.108267,0.2606,0.451975,0.875939,-0.145724,0.9529,0.16436,0.81013,0.150547,0.3134,0.136008,0.842902,-0.063897,0.9239,0.135085,0.776712,0.151963,0.4378,0.100677,0.802496,-0.051547,0.9334,0.102277,0.883228,0.147261,0.374,0.055013,0.921658,-0.027613,0.9009
marjaryasana_y107_0111,0.80499,0.413421,0.035542,0.9999,0.831808,0.423765,0.040255,0.9998,0.834038,0.42049,0.041185,0.9998,0.836427,0.416502,0.04119,0.9998,0.833984,0.423751,0.013253,0.9999,0.837234,0.42119,0.012468,0.9998,0.840287,0.417828,0.013345,0.9998,0.853407,0.367178,0.102499,0.9998,0.856393,0.372235,-0.038572,0.9998,0.793932,0.382313,0.060891,0.9996,0.797335,0.380863,0.02048,0.9996,0.806446,0.244812,0.183056,0.9996,0.814268,0.295044,-0.130976,0.9997,0.819557,0.547078,0.223131,0.6214,0.827618,0.625423,-0.191421,0.9966,0.856532,0.83244,0.140435,0.6625,0.871735,0.930527,-0.145749,0.9923,0.896564,0.83898,0.137014,0.6523,0.914958,0.948503,-0.171669,0.9827,0.903111,0.846112,0.1046,0.6556,0.921862,0.93014,-0.138957,0.9823,0.889396,0.849141,0.128147,0.6234,0.908982,0.925811,-0.133693,0.9733,0.448195,0.314431,0.106995,0.9988,0.455285,0.348785,-0.105721,0.9985,0.439731,0.813735,0.107192,0.3634,0.447673,0.890052,-0.151582,0.9867,0.143547,0.826928,0.160153,0.5974,0.134652,0.864429,-0.082057,0.9912,0.117227,0.757821,0.161225,0.7061,0.111069,0.802612,-0.065357,0.9873,0.023782,0.887115,0.137601,0.6518,0.013382,0.903634,-0.024247,0.9832
marjaryasana_y107_0112,0.683506,0.49717,0.015384,0.9998,0.699618,0.503037,0.018741,0.9995,0.701248,0.501267,0.019476,0.9995,0.70339,0.499399,0.01948,0.9997,0.700797,0.500887,-0.008144,0.9996,0.702996,0.497602,-0.009155,0.9997,0.705599,0.494192,-0.008151,0.9997,0.716478,0.466108,0.080025,0.9997,0.718736,0.461672,-0.061825,0.9994,0.677297,0.477722,0.039826,0.9991,0.679475,0.474794,-0.000334,0.9993,0.680633,0.389976,0.1619,0.9991,0.694397,0.411164,-0.150143,0.9998,0.656026,0.598914,0.217865,0.5008,0.658485,0.6388,-0.194527,0.9942,0.635644,0.784057,0.171851,0.3953,0.64956,0.859576,-0.121382,0.9793,0.65622,0.794795,0.170419,0.3523,0.679953,0.881189,-0.136162,0.9479,0.662699,0.803823,0.140741,0.3584,0.683843,0.86622,-0.10169,0.9475,0.654168,0.804172,0.161465,0.3497,0.673967,0.859801,-0.106498,0.9352,0.449139,0.463265,0.101105,0.9981,0.44377,0.482886,-0.099893,0.999,0.451319,0.789377,0.11396,0.4928,0.455738,0.842542,-0.135443,0.9856,0.260749,0.801402,0.175367,0.7605,0.241184,0.848136,-0.055635,0.9922,0.24496,0.754077,0.177277,0.8041,0.227281,0.798494,-0.037773,0.9876,0.177724,0.836714,0.150491,0.7994,0.151039,0.869496,0.004795,0.9859
marjaryasana_y107_0113,0.811024,0.363357,-0.008084,0.9984,0.836532,0.3664,-0.004833,0.9976,0.838521,0.364442,-0.004108,0.9977,0.840884,0.361769,-0.004056,0.9975,0.839322,0.360324,-0.031567,0.9977,0.842713,0.35512,-0.032465,0.9975,0.846132,0.348993,-0.031671,0.9973,0.856469,0.310664,0.057792,0.9973,0.859998,0.300036,-0.081298,0.9961,0.800492,0.341151,0.01813,0.9937,0.802672,0.332854,-0.021737,0.9944,0.81032,0.218009,0.138794,0.9956,0.817069,0.238591,-0.162684,0.9974,0.818946,0.541531,0.167818,0.6042,0.82774,0.591788,-0.226019,0.9886,0.859997,0.835045,0.103456,0.603,0.8664,0.907517,-0.183099,0.9762,0.905518,0.841277,0.107776,0.5609,0.920293,0.936066,-0.21391,0.9517,0.910698,0.848662,0.069636,0.5707,0.926514,0.917399,-0.175127,0.9499,0.893599,0.852166,0.08967,0.5639,0.906233,0.906736,-0.168762,0.9288,0.472778,0.307529,0.102639,0.9919,0.453291,0.312979,-0.101469,0.9945,0.465472,0.79663,0.104604,0.5726,0.446918,0.860433,-0.152524,0.9894,0.177678,0.797629,0.179879,0.753,0.136457,0.86213,-0.067057,0.9915,0.156587,0.733023,0.183614,0.7489,0.117661,0.792192,-0.051733,0.9804,0.064957,0.857559,0.178757,0.7881,0.013919,0.900463,-0.007488,0.9844
marjaryasana_y107_0114,0.799618,0.419116,0.029088,0.9996,0.822941,0.439185,0.032128,0.9995,0.825746,0.437103,0.032993,0.9995,0.829369,0.433995,0.032862,0.9995,0.824584,0.438742,0.003833,0.9994,0.828282,0.436939,0.002981,0.9993,0.83751,0.435239,0.003912,0.9992,0.857211,0.384176,0.091233,0.9996,0.860476,0.390254,-0.054772,0.9992,0.797077,0.386106,0.05241,0.9991,0.797404,0.383737,0.010003,0.9991,0.813512,0.248231,0.156892,0.9993,0.816534,0.275736,-0.13796,0.9981,0.827989,0.583805,0.186158,0.5115,0.826893,0.633031,-0.187994,0.9921,0.842955,0.874111,0.12423,0.297,0.85328,0.947791,-0.119373,0.9568,0.88384,0.893919,0.120158,0.2635,0.889576,0.97993,-0.134585,0.9088,0.88967,0.906926,0.093015,0.2608,0.902359,0.964339,-0.102005,0.905,0.869835,0.902428,0.114513,0.2602,0.886736,0.955693,-0.106588,0.888,0.499581,0.344067,0.100067,0.9984,0.482683,0.350526,-0.099162,0.9951,0.465033,0.859872,0.079616,0.2943,0.455466,0.913637,-0.159145,0.9723,0.179824,0.872261,0.134661,0.4697,0.162566,0.890992,-0.079685,0.9862,0.153019,0.809669,0.136179,0.6055,0.141412,0.832978,-0.058867,0.9803,0.060813,0.925753,0.116068,0.5041,0.039312,0.929611,-0.004447,0.9665
marjaryasana_y107_0115,0.776182,0.401039,-0.212312,0.9995,0.801567,0.411605,-0.21679,0.9992,0.805526,0.409854,-0.216045,0.9989,0.809601,0.408437,-0.216034,0.9993,0.796078,0.412151,-0.24229,0.9993,0.795784,0.410491,-0.243107,0.9992,0.795294,0.409311,-0.242134,0.9992,0.82412,0.372823,-0.155828,0.9993,0.803926,0.375342,-0.290595,0.9986,0.769762,0.368967,-0.182172,0.9993,0.763281,0.371091,-0.220814,0.9994,0.835218,0.253148,-0.062855,0.999,0.72271,0.276938,-0.322046,0.9988,0.853954,0.51171,0.017252,0.7462,0.720399,0.607919,-0.34936,0.9979,0.896622,0.802339,-0.015569,0.8217,0.719373,0.917789,-0.295645,0.9932,0.924659,0.832526,-0.030698,0.7731,0.756771,0.948168,-0.333695,0.9791,0.916283,0.842379,-0.065613,0.7882,0.775863,0.9342,-0.315531,0.9809,0.899377,0.837187,-0.028747,0.7771,0.763937,0.921763,-0.290722,0.9726,0.496564,0.344602,0.092438,0.9965,0.394181,0.341472,-0.090969,0.9986,0.527505,0.801888,0.133982,0.7112,0.359377,0.82462,-0.081607,0.97,0.284395,0.714596,0.289408,0.6235,0.10676,0.784555,0.059239,0.9847,0.258406,0.664965,0.301505,0.5805,0.072972,0.722309,0.079138,0.957,0.15102,0.793781,0.315199,0.6648,0.022926,0.826704,0.108643,0.9803
marjaryasana_y107_0116,0.808052,0.4683,0.030895,0.9999,0.83336,0.481207,0.037139,0.9997,0.835557,0.479692,0.037909,0.9997,0.841498,0.478922,0.037843,0.9998,0.837483,0.47498,0.008178,0.9998,0.844668,0.469665,0.007167,0.9998,0.849641,0.462815,0.007863,0.9998,0.860683,0.422872,0.106205,0.9998,0.869115,0.407178,-0.042008,0.9997,0.801093,0.439124,0.057537,0.9992,0.805251,0.431305,0.015282,0.9994,0.810607,0.300449,0.185589,0.9988,0.832271,0.316695,-0.127577,0.9996,0.824773,0.612208,0.241467,0.4838,0.853217,0.675225,-0.188579,0.9917,0.876976,0.868952,0.163729,0.4465,0.901397,0.947619,-0.120364,0.9714,0.909131,0.87119,0.157737,0.4343,0.942803,0.960316,-0.137615,0.9415,0.913229,0.869107,0.129683,0.4362,0.946236,0.946117,-0.109132,0.939,0.902254,0.874123,0.152409,0.4316,0.92956,0.940396,-0.108438,0.9229,0.44719,0.314545,0.104787,0.9986,0.44287,0.335515,-0.103668,0.9991,0.442693,0.846241,0.106576,0.3271,0.445814,0.895138,-0.139405,0.9843,0.153907,0.860318,0.157611,0.5466,0.135199,0.903181,-0.067162,0.9861,0.132495,0.787795,0.158658,0.6206,0.112004,0.829401,-0.052257,0.9806,0.049493,0.928748,0.135463,0.5969,0.030183,0.950041,-0.013601,0.9747
marjaryasana_y107_0117,0.810411,0.366074,0.035253,0.9993,0.835777,0.371027,0.03625,0.9989,0.837937,0.368645,0.037138,0.999,0.84073,0.365579,0.037165,0.9988,0.839363,0.368603,0.010095,0.999,0.843461,0.364384,0.009137,0.9989,0.847899,0.359758,0.010063,0.9989,0.860586,0.31087,0.092262,0.9988,0.868143,0.300712,-0.045088,0.999,0.80129,0.336806,0.059477,0.9971,0.804141,0.33174,0.019989,0.9977,0.798417,0.18247,0.178354,0.9982,0.832052,0.186766,-0.132771,0.9993,0.792331,0.517575,0.21108,0.4662,0.82151,0.561319,-0.172453,0.992,0.815296,0.81516,0.169477,0.3926,0.858637,0.916796,-0.107555,0.9775,0.85415,0.839452,0.175939,0.3594,0.908755,0.955297,-0.124418,0.9522,0.863142,0.850925,0.143887,0.3592,0.913637,0.940662,-0.086961,0.9501,0.847667,0.849114,0.15858,0.3506,0.89945,0.930855,-0.091974,0.9303,0.459729,0.328866,0.099803,0.9969,0.464478,0.340584,-0.098766,0.9976,0.452845,0.822957,0.101947,0.4147,0.456238,0.888148,-0.144571,0.9817,0.184265,0.800428,0.176843,0.6245,0.161287,0.852459,-0.070046,0.9857,0.159276,0.73341,0.180251,0.6598,0.13746,0.787543,-0.052836,0.9722,0.061375,0.870372,0.161567,0.677,0.026254,0.914919,-0.012318,0.9739
marjaryasana_y107_0118,0.820767,0.382408,-0.008945,0.999,0.846082,0.390275,-0.004239,0.9982,0.849382,0.387052,-0.003458,0.9983,0.85333,0.383556,-0.003391,0.9986,0.847675,0.38864,-0.031485,0.9986,0.85139,0.38509,-0.032258,0.9986,0.855564,0.380767,-0.031633,0.9986,0.872191,0.342558,0.062648,0.9986,0.871372,0.342038,-0.078631,0.9976,0.813014,0.351404,0.01803,0.9948,0.814753,0.349701,-0.022212,0.9957,0.802817,0.235846,0.151409,0.9974,0.805078,0.267111,-0.164986,0.9984,0.815192,0.551317,0.170774,0.5306,0.824253,0.614778,-0.23203,0.9874,0.851062,0.855938,0.080966,0.4573,0.866485,0.918159,-0.197748,0.9756,0.89979,0.864378,0.081907,0.4493,0.921298,0.932823,-0.230512,0.9567,0.906236,0.871173,0.045147,0.4594,0.929472,0.91734,-0.195585,0.9561,0.885828,0.8697,0.06641,0.4513,0.909946,0.912889,-0.185988,0.9333,0.456301,0.369806,0.107914,0.9941,0.440442,0.383247,-0.106674,0.9953,0.469548,0.840683,0.112611,0.349,0.4561,0.893636,-0.155648,0.9791,0.164199,0.808998,0.186003,0.5758,0.145621,0.851559,-0.064693,0.9843,0.131078,0.727127,0.189778,0.6493,0.119268,0.771706,-0.047825,0.9712,0.05819,0.892202,0.181114,0.637,0.015167,0.925734,-0.003086,0.9724
marjaryasana_y107_0119,0.234143,0.408702,0.132847,0.9999,0.21433,0.427146,0.107883,0.9999,0.200749,0.431685,0.108345,0.9999,0.196748,0.430415,0.108597,0.9999,0.215051,0.425901,0.140374,0.9999,0.212597,0.424011,0.139499,0.9999,0.209001,0.422506,0.140509,0.9999,0.152167,0.396996,0.041805,0.9998,0.158205,0.381043,0.177787,0.9999,0.231002,0.383965,0.109548,0.9996,0.2326,0.384197,0.148557,0.9995,0.182973,0.298975,-0.056918,0.9999,0.210262,0.234084,0.24983,0.9989,0.19793,0.603352,-0.091431,0.9931,0.232588,0.492567,0.33229,0.1767,0.162702,0.889037,-0.006226,0.9859,0.210458,0.69362,0.312603,0.2532,0.11974,0.914368,-0.018714,0.9776,0.180948,0.704231,0.321211,0.298,0.112068,0.892611,0.009884,0.9761,0.172283,0.707789,0.297674,0.2984,0.127906,0.885916,0.006989,0.9722,0.182389,0.712937,0.30003,0.2906,0.554917,0.351297,-0.098741,0.9999,0.5408,0.314474,0.099389,0.9996,0.553995,0.889419,-0.121922,0.9909,0.539345,0.75219,0.132817,0.3233,0.861715,0.897645,-0.084079,0.9875,0.814442,0.70996,0.151551,0.528,0.889065,0.814913,-0.074707,0.9881,0.853696,0.679735,0.150164,0.6055,0.988619,0.940854,-0.033198,0.9778,0.941634,0.793081,0.148447,0.6255
marjaryasana_y107_0120,0.807709,0.402718,-0.064397,0.9989,0.82896,0.421284,-0.061851,0.9986,0.830567,0.420072,-0.061004,0.9986,0.832784,0.418167,-0.061386,0.9985,0.831172,0.415315,-0.090808,0.9989,0.834222,0.410161,-0.091705,0.9989,0.837857,0.40416,-0.090968,0.9989,0.849664,0.373733,0.006957,0.9986,0.85649,0.356032,-0.138308,0.999,0.794587,0.369204,-0.035954,0.9989,0.798749,0.361916,-0.076271,0.9991,0.788641,0.290181,0.104864,0.9971,0.823997,0.239654,-0.212645,0.9989,0.81362,0.559607,0.157163,0.4223,0.839297,0.570582,-0.275776,0.9948,0.830161,0.842907,0.10211,0.5529,0.866602,0.918591,-0.24224,0.9852,0.85913,0.867387,0.10048,0.534,0.912926,0.956288,-0.277801,0.9687,0.869468,0.880359,0.065055,0.5391,0.925191,0.950921,-0.252227,0.9663,0.857711,0.878735,0.088634,0.5352,0.904088,0.939912,-0.235445,0.9573,0.517531,0.171484,0.106671,0.991,0.487921,0.121253,-0.105356,0.9878,0.57155,0.612817,0.132679,0.3633,0.381943,0.595451,-0.145448,0.9884,0.395889,0.830295,0.182959,0.2692,0.135236,0.739644,-0.081388,0.8721,0.357953,0.822571,0.181182,0.3476,0.105202,0.7196,-0.074469,0.8365,0.391978,0.970787,0.167602,0.3515,0.103388,0.904606,-0.100017,0.8169
marjaryasana_y107_0121,0.790641,0.381427,-0.379406,0.9795,0.82281,0.382841,-0.397732,0.977,0.82934,0.382528,-0.396856,0.9731,0.837321,0.380898,-0.397091,0.9796,0.808509,0.374314,-0.417707,0.9723,0.803698,0.364571,-0.418689,0.9685,0.79974,0.358166,-0.417576,0.9668,0.87472,0.353669,-0.343891,0.9824,0.798649,0.297778,-0.448777,0.9637,0.790363,0.354504,-0.34375,0.9819,0.773818,0.34292,-0.374159,0.9753,0.91873,0.258243,-0.230926,0.9996,0.711368,0.189738,-0.421848,0.9867,0.920082,0.605503,-0.192211,0.8465,0.647529,0.534803,-0.423863,0.9553,0.950706,0.930524,-0.216091,0.8111,0.669245,0.929288,-0.424392,0.8942,1.003581,0.970256,-0.216192,0.7422,0.675178,0.993838,-0.463914,0.8381,0.992308,0.977563,-0.256296,0.7787,0.699574,0.991477,-0.456005,0.8542,0.969388,0.968118,-0.229024,0.78,0.706177,0.968324,-0.423924,0.8086,0.571324,0.469725,0.072693,0.9943,0.420576,0.434719,-0.070876,0.9961,0.542158,0.916575,0.035573,0.6462,0.415168,0.904673,-0.095303,0.9265,0.21596,0.80051,0.225565,0.3764,0.132997,0.804725,0.097261,0.8613,0.173959,0.720172,0.245888,0.3497,0.098357,0.723994,0.121228,0.7368,0.075285,0.879767,0.274041,0.4136,0.012851,0.898585,0.15485,0.8443
marjaryasana_y107_0122,0.709918,0.405042,-0.143697,0.9996,0.722297,0.374415,-0.136169,0.9994,0.721596,0.369101,-0.135455,0.9994,0.720825,0.363014,-0.135361,0.9994,0.721109,0.371841,-0.167068,0.9994,0.719611,0.365337,-0.167949,0.9995,0.718582,0.358466,-0.16728,0.9995,0.704549,0.305213,-0.063974,0.9996,0.701887,0.302196,-0.213092,0.9997,0.690086,0.398529,-0.113733,0.9998,0.687917,0.391318,-0.155023,0.9999,0.609966,0.276627,0.032351,0.9998,0.607363,0.310407,-0.275017,0.9999,0.635452,0.623008,0.054854,0.6629,0.741701,0.462536,-0.365543,0.9924,0.656767,0.919081,-0.043108,0.7462,0.910466,0.435594,-0.358494,0.9897,0.677989,0.944304,-0.051656,0.7019,0.946623,0.421575,-0.395828,0.9728,0.678599,0.949074,-0.087243,0.7158,0.946131,0.397359,-0.384467,0.9752,0.67062,0.941224,-0.061201,0.7339,0.934365,0.39935,-0.357591,0.9839,0.317638,0.354284,0.097377,0.9999,0.309917,0.453514,-0.096527,0.9999,0.161774,0.226634,0.248399,0.9545,0.291984,0.928783,-0.030779,0.9943,0.032236,0.087972,0.401513,0.9736,0.132471,0.796854,0.17152,0.9852,0.012915,0.056195,0.418695,0.9722,0.111305,0.730172,0.193685,0.9757,-0.000438,0.174793,0.432056,0.9582,0.117339,0.887955,0.231551,0.9737
marjaryasana_y107_0123,0.881667,0.367542,-0.026136,0.9978,0.907573,0.339978,-0.016621,0.997,0.908165,0.335102,-0.015911,0.9972,0.90888,0.329187,-0.015948,0.997,0.907048,0.335702,-0.049257,0.9971,0.907033,0.328259,-0.049943,0.9969,0.907069,0.319948,-0.049306,0.9969,0.897273,0.260669,0.061148,0.9969,0.896356,0.263449,-0.099602,0.9965,0.859497,0.352628,0.002241,0.9969,0.858149,0.347785,-0.043308,0.9972,0.785813,0.212785,0.152634,0.9921,0.796465,0.251155,-0.18606,0.9943,0.790099,0.534101,0.18284,0.4507,0.802479,0.611743,-0.252383,0.9894,0.820848,0.852345,0.10264,0.4456,0.827093,0.937921,-0.211422,0.978,0.869299,0.86568,0.103986,0.4324,0.877128,0.964959,-0.245222,0.9601,0.875569,0.872249,0.068485,0.4341,0.889766,0.938731,-0.21161,0.9564,0.856693,0.875283,0.088336,0.4303,0.87101,0.93032,-0.200454,0.9359,0.458856,0.311544,0.10939,0.9938,0.445157,0.330914,-0.107951,0.9928,0.430903,0.832485,0.104362,0.4856,0.426798,0.874601,-0.158352,0.9827,0.151523,0.854456,0.170744,0.7091,0.140863,0.874072,-0.069997,0.9884,0.126672,0.782239,0.173433,0.7164,0.120386,0.796564,-0.056194,0.9764,0.026523,0.919185,0.159221,0.7426,0.011634,0.923396,-0.02853,0.9777
marjaryasana_y107_0124,0.774542,0.426691,0.060136,0.9999,0.809894,0.443566,0.061478,0.9998,0.812862,0.442122,0.062544,0.9999,0.816479,0.44008,0.062454,0.9998,0.811745,0.440017,0.035031,0.9998,0.816124,0.436855,0.03418,0.9998,0.821149,0.433618,0.034878,0.9998,0.840478,0.394618,0.116842,0.9999,0.849645,0.394046,-0.019974,0.9998,0.764543,0.400891,0.082898,0.9997,0.766088,0.396292,0.043692,0.9997,0.773318,0.308305,0.188407,0.9996,0.809559,0.307337,-0.105284,0.9998,0.772124,0.616742,0.228543,0.4715,0.811794,0.653891,-0.168127,0.9916,0.790883,0.898347,0.185705,0.4915,0.831851,0.972956,-0.121205,0.9846,0.839996,0.904432,0.191034,0.4615,0.891426,1.002048,-0.140981,0.9653,0.846392,0.914257,0.158836,0.4644,0.897652,0.992043,-0.105631,0.9633,0.82402,0.920382,0.175793,0.4495,0.875911,0.98174,-0.108088,0.9513,0.394739,0.346138,0.103371,0.999,0.385586,0.35533,-0.102307,0.9987,0.47224,0.86317,0.094967,0.1481,0.474114,0.930624,-0.134468,0.9568,0.1109,0.838563,0.15681,0.2849,0.061024,0.910908,-0.060804,0.9547,0.082408,0.769697,0.159873,0.4036,0.038437,0.830803,-0.043609,0.9594,-0.016173,0.931322,0.13465,0.3426,-0.09393,1.016489,0.003856,0.9315
marjaryasana_y107_0125,0.776611,0.463287,0.0476,0.9999,0.803902,0.473245,0.055195,0.9997,0.805355,0.470305,0.055907,0.9996,0.806986,0.467094,0.0561,0.9995,0.808583,0.473501,0.025213,0.9998,0.813102,0.470551,0.024485,0.9998,0.81775,0.467101,0.025086,0.9998,0.82285,0.422478,0.1179,0.9996,0.834071,0.427175,-0.038105,0.9998,0.764888,0.434043,0.073769,0.9989,0.771392,0.434651,0.028312,0.9991,0.769228,0.278676,0.193664,0.9985,0.814945,0.335409,-0.113091,0.9999,0.802481,0.579263,0.222664,0.3486,0.838288,0.659463,-0.167986,0.978,0.848112,0.86713,0.159813,0.4677,0.879125,0.959176,-0.132708,0.9782,0.883692,0.874915,0.167671,0.4354,0.926992,0.985276,-0.155064,0.9603,0.891104,0.885502,0.135608,0.4512,0.933988,0.972864,-0.116555,0.958,0.876762,0.890618,0.147862,0.4706,0.91574,0.964589,-0.117123,0.934,0.424674,0.260543,0.104288,0.9994,0.459282,0.376191,-0.102779,0.9998,0.303187,0.334349,0.234377,0.4179,0.486616,0.915951,-0.074899,0.9563,0.106481,0.420564,0.254847,0.5234,0.203869,0.886814,0.000748,0.9531,0.088464,0.406869,0.256752,0.6826,0.178492,0.825178,0.014508,0.9211,0.018806,0.476627,0.278242,0.5219,0.086459,0.941923,0.071847,0.9178
marjaryasana_y107_0126,0.593532,0.41871,-0.262309,0.993,0.613707,0.426416,-0.278291,0.9926,0.617633,0.424396,-0.277221,0.9903,0.621569,0.422385,-0.277581,0.992,0.605706,0.429765,-0.300434,0.9907,0.60469,0.429852,-0.301169,0.9883,0.603263,0.420836,-0.300018,0.9853,0.632993,0.365731,-0.252893,0.9933,0.610979,0.359017,-0.371039,0.9828,0.58921,0.388843,-0.242478,0.9908,0.58482,0.391545,-0.276839,0.9866,0.655692,0.221954,-0.170962,0.9972,0.545481,0.282613,-0.378566,0.9358,0.733426,0.534938,-0.168227,0.7739,0.518654,0.615779,-0.398775,0.9031,0.860408,0.82091,-0.201539,0.7451,0.532004,0.908473,-0.40056,0.8207,0.882806,0.854185,-0.214784,0.6883,0.545471,0.949136,-0.431318,0.758,0.879066,0.863174,-0.246379,0.6986,0.566597,0.945411,-0.427526,0.7682,0.864273,0.858481,-0.215303,0.7041,0.558727,0.931217,-0.402907,0.7557,0.406632,0.326506,0.097799,0.9984,0.325905,0.315283,-0.095779,0.9949,0.380861,0.754082,0.102393,0.3099,0.299097,0.77431,-0.115641,0.9377,0.173128,0.701052,0.219479,0.3504,0.099868,0.674066,0.019093,0.9628,0.150002,0.63369,0.228998,0.4349,0.080721,0.607856,0.038406,0.9293,0.084923,0.757136,0.232212,0.3866,0.038769,0.770475,0.082572,0.9263
marjaryasana_y107_0127,0.741278,0.419815,-0.054773,0.9998,0.765497,0.435232,-0.052548,0.9996,0.768719,0.435959,-0.051892,0.9995,0.772148,0.43662,-0.05199,0.9996,0.7636,0.42682,-0.076688,0.9996,0.765673,0.421917,-0.077741,0.9995,0.767743,0.417226,-0.077002,0.9997,0.794792,0.396484,0.011034,0.9997,0.788271,0.379267,-0.116142,0.9993,0.736532,0.396032,-0.028018,0.9994,0.73524,0.384714,-0.063896,0.9993,0.805233,0.314233,0.091307,0.9995,0.758827,0.316648,-0.191004,0.9996,0.843834,0.590709,0.137112,0.7568,0.782009,0.61819,-0.260423,0.9968,0.86433,0.835166,0.066391,0.7972,0.847593,0.915022,-0.21998,0.9931,0.900459,0.867179,0.056638,0.7678,0.894729,0.94241,-0.257983,0.9814,0.899302,0.869807,0.01671,0.7756,0.900934,0.927272,-0.22839,0.9811,0.885938,0.863224,0.050987,0.7606,0.885033,0.916642,-0.211238,0.9729,0.44279,0.332651,0.101916,0.9983,0.408511,0.339478,-0.100971,0.9985,0.465537,0.818102,0.096789,0.3808,0.460222,0.872477,-0.136654,0.9696,0.188278,0.838056,0.165249,0.496,0.151917,0.884654,-0.034878,0.9738,0.160144,0.771513,0.168462,0.5362,0.132367,0.814702,-0.01897,0.9675,0.073114,0.915108,0.167774,0.5494,0.042751,0.939896,0.033323,0.9634
marjaryasana_y107_0128,0.997606,0.174725,-0.102624,0.1661,0.975603,0.138933,-0.08838,0.2739,0.97118,0.138577,-0.087824,0.3221,0.965498,0.137938,-0.088575,0.3711,0.968432,0.140102,-0.120229,0.2352,0.959721,0.140773,-0.121213,0.2408,0.949747,0.141411,-0.121228,0.2608,0.889555,0.148791,-0.010605,0.5152,0.879875,0.154566,-0.162902,0.3984,0.971241,0.211677,-0.073682,0.385,0.962785,0.211499,-0.116313,0.3389,0.683394,0.311829,0.109976,0.8489,0.707549,0.330488,-0.239105,0.8385,0.614812,0.581728,0.091707,0.072,0.695228,0.629198,-0.24564,0.5753,0.655981,0.859369,0.024915,0.0325,0.710664,0.917155,-0.239803,0.0906,0.693604,0.876652,0.022474,0.0333,0.765798,0.943279,-0.289054,0.098,0.697743,0.882416,-0.006057,0.0377,0.780257,0.938545,-0.265787,0.0896,0.682944,0.885994,0.008938,0.0456,0.753712,0.933406,-0.236529,0.0847,0.168282,0.588088,0.092252,0.1914,0.170514,0.55269,-0.090483,0.1518,-0.183303,0.74338,0.09344,0.0199,-0.151738,0.702909,-0.147646,0.0183,-0.440817,0.789238,0.220922,0.0054,-0.435885,0.773684,0.017632,0.0176,-0.461766,0.794364,0.226901,0.0065,-0.467968,0.757274,0.028312,0.0222,-0.506655,0.791999,0.174455,0.0182,-0.472975,0.850429,-0.039477,0.0396
marjaryasana_y107_0129,0.819575,0.44782,-0.010428,0.9994,0.842844,0.457722,-0.008926,0.9986,0.844858,0.456502,-0.008287,0.9986,0.847277,0.454783,-0.008263,0.999,0.84662,0.453842,-0.034994,0.9988,0.850931,0.450485,-0.036077,0.9989,0.85564,0.447084,-0.035014,0.9991,0.870743,0.411526,0.045692,0.9988,0.881351,0.405329,-0.092809,0.998,0.811347,0.42205,0.01253,0.9976,0.815704,0.417782,-0.026742,0.9977,0.831103,0.275236,0.129725,0.9988,0.839818,0.319713,-0.170512,0.9998,0.780953,0.552482,0.203474,0.3856,0.789339,0.6371,-0.19924,0.9938,0.756963,0.80154,0.161678,0.4028,0.771199,0.927257,-0.122177,0.9771,0.784934,0.810222,0.157213,0.3795,0.815295,0.955702,-0.13869,0.9466,0.789086,0.820328,0.127275,0.3961,0.821122,0.932409,-0.115882,0.9488,0.778695,0.823335,0.150243,0.3922,0.806033,0.92132,-0.111766,0.9356,0.480503,0.404247,0.094935,0.9957,0.473888,0.435892,-0.093718,0.9972,0.492831,0.808625,0.121022,0.5476,0.491203,0.891182,-0.120753,0.9804,0.21243,0.834878,0.187079,0.729,0.181549,0.916709,-0.043038,0.983,0.188877,0.78206,0.188512,0.7382,0.162425,0.846754,-0.026737,0.9676,0.093043,0.895549,0.168287,0.7637,0.051039,0.942115,0.010631,0.9672
marjaryasana_y107_0130,0.838413,0.400376,0.049239,0.9999,0.865859,0.401555,0.055109,0.9997,0.868852,0.398539,0.05596,0.9997,0.871936,0.395112,0.056017,0.9998,0.868204,0.398294,0.02443,0.9998,0.871551,0.393157,0.023647,0.9998,0.875625,0.386926,0.02435,0.9998,0.889167,0.339262,0.124669,0.9998,0.894517,0.335145,-0.031162,0.9997,0.825309,0.373094,0.07578,0.9991,0.828034,0.369416,0.031425,0.9994,0.797327,0.22829,0.2116,0.9989,0.821722,0.239475,-0.123459,0.9998,0.787971,0.547312,0.260042,0.4055,0.8157,0.60002,-0.173522,0.9938,0.783443,0.84703,0.197386,0.4177,0.807794,0.910318,-0.098056,0.9851,0.827186,0.852657,0.201862,0.3988,0.860573,0.937166,-0.113827,0.9688,0.834973,0.858013,0.173524,0.4007,0.86608,0.911285,-0.078332,0.968,0.816654,0.861872,0.187273,0.3924,0.845036,0.899718,-0.083476,0.9574,0.436734,0.325042,0.108857,0.9968,0.422062,0.342534,-0.107467,0.9978,0.49229,0.824289,0.113978,0.1836,0.493996,0.886919,-0.127324,0.9674,0.187321,0.804282,0.182169,0.3951,0.171667,0.845852,-0.048951,0.9724,0.168559,0.72371,0.185839,0.532,0.155821,0.770665,-0.031431,0.9728,0.061977,0.861712,0.165463,0.4712,0.034706,0.889768,0.024854,0.9538
marjaryasana_y107_0131,0.741056,0.406795,-0.059875,0.9934,0.763622,0.416199,-0.054856,0.9923,0.766325,0.414276,-0.0542,0.9915,0.769253,0.412539,-0.054393,0.9918,0.762752,0.413336,-0.082598,0.9934,0.764787,0.409871,-0.083448,0.9932,0.766977,0.406899,-0.082931,0.9933,0.7826,0.369045,0.013328,0.9924,0.77879,0.369148,-0.128147,0.9905,0.733077,0.378897,-0.033165,0.9906,0.731509,0.375239,-0.073007,0.9924,0.749416,0.288349,0.088959,0.9879,0.725561,0.294357,-0.200594,0.9933,0.742306,0.572053,0.148842,0.3884,0.734024,0.602773,-0.259799,0.9875,0.748684,0.86085,0.087353,0.3473,0.75388,0.910855,-0.206875,0.9651,0.788316,0.884817,0.07278,0.359,0.79775,0.947389,-0.238352,0.9282,0.791708,0.891069,0.038952,0.3704,0.807284,0.939199,-0.218332,0.9294,0.772962,0.887412,0.073611,0.3662,0.79204,0.931501,-0.200864,0.9123,0.427131,0.335466,0.102859,0.974,0.393586,0.346209,-0.101523,0.9847,0.369856,0.876134,0.112297,0.3464,0.346492,0.908292,-0.152689,0.9313,0.165653,0.782102,0.195552,0.2741,0.061595,0.815409,-0.059851,0.946,0.151578,0.710806,0.199287,0.3133,0.036508,0.742242,-0.042698,0.9325,0.050301,0.818427,0.204873,0.2748,-0.03448,0.869276,-0.002666,0.8839
marjaryasana_y107_0132,0.831587,0.367198,0.008314,0.9984,0.857314,0.342431,0.016666,0.9977,0.858212,0.338058,0.017394,0.9978,0.859233,0.332457,0.017285,0.9975,0.857024,0.338743,-0.015742,0.9979,0.85755,0.33181,-0.016509,0.9977,0.858161,0.323754,-0.015849,0.9977,0.850812,0.268159,0.089432,0.9975,0.850246,0.271667,-0.068878,0.9977,0.81094,0.352805,0.035242,0.9974,0.811578,0.347742,-0.009991,0.9979,0.744124,0.220625,0.174049,0.9898,0.761559,0.254568,-0.157959,0.9955,0.754896,0.547229,0.213345,0.5896,0.770446,0.601791,-0.213307,0.9925,0.772619,0.839621,0.154364,0.502,0.789321,0.918346,-0.154365,0.9834,0.809457,0.85914,0.157007,0.4473,0.839419,0.953488,-0.180017,0.9692,0.81713,0.863892,0.124024,0.4431,0.85318,0.925115,-0.142285,0.9659,0.800909,0.867785,0.141768,0.4464,0.832954,0.915141,-0.140838,0.9541,0.428687,0.292527,0.10337,0.9867,0.41701,0.307147,-0.101925,0.9799,0.406006,0.811569,0.093642,0.4595,0.394094,0.866493,-0.161019,0.9792,0.125738,0.825803,0.160692,0.6118,0.10464,0.849265,-0.077967,0.9521,0.101872,0.767524,0.164036,0.683,0.081996,0.787266,-0.061866,0.9463,0.0138,0.884732,0.143585,0.6403,-0.003623,0.89387,-0.028328,0.9231
marjaryasana_y107_0133,0.172245,0.319209,0.018902,0.9945,0.151886,0.331237,7e-06,0.9935,0.145449,0.332033,0.000682,0.9929,0.14183,0.328203,0.000855,0.9919,0.152681,0.330616,0.027492,0.9914,0.14656,0.331418,0.026645,0.9905,0.143651,0.331374,0.026999,0.9927,0.110292,0.310844,-0.050862,0.9907,0.112311,0.319356,0.063962,0.9905,0.171167,0.296286,0.002047,0.985,0.172724,0.296009,0.034957,0.9811,0.133665,0.229027,-0.152111,0.9871,0.141694,0.233149,0.124462,0.9743,0.121925,0.542334,-0.20679,0.9349,0.142594,0.525264,0.144531,0.0798,0.102264,0.824257,-0.161615,0.8429,0.111555,0.803287,0.121362,0.053,0.10039,0.891465,-0.184651,0.8234,0.096019,0.835079,0.124285,0.0734,0.098546,0.898269,-0.163113,0.818,0.100596,0.862158,0.098445,0.0782,0.095135,0.86916,-0.15522,0.7915,0.123812,0.849802,0.10688,0.0874,0.483071,0.237526,-0.080561,0.9976,0.473251,0.252993,0.081463,0.9947,0.484801,0.698795,-0.100329,0.9219,0.530486,0.675333,0.039537,0.3597,0.774482,0.787629,-0.033766,0.8966,0.804423,0.770818,0.081465,0.3916,0.76896,0.781379,-0.024605,0.8976,0.820943,0.761953,0.084101,0.5198,0.837032,0.91143,-0.002527,0.8769,0.853979,0.86497,0.048366,0.3864
marjaryasana_zen_0001,0.44927,0.420971,-0.525436,0.9999,0.470177,0.407677,-0.547952,0.9998,0.490407,0.407127,-0.5472,0.9998,0.510513,0.406483,-0.546553,0.9998,0.430427,0.402461,-0.546013,0.9998,0.412595,0.402806,-0.547264,0.9998,0.394602,0.403475,-0.546569,0.9998,0.584502,0.38222,-0.508913,0.9998,0.358375,0.39123,-0.514284,0.9998,0.481276,0.418459,-0.496953,1.0,0.417531,0.419513,-0.49946,1.0,0.677619,0.378346,-0.415054,0.9997,0.280583,0.384976,-0.405925,0.9997,0.793703,0.511594,-0.382313,0.9987,0.156776,0.50785,-0.360934,0.9899,0.839226,0.658885,-0.418172,0.9986,0.131992,0.645295,-0.374518,0.9933,0.862318,0.689032,-0.467329,0.9965,0.0926,0.681288,-0.422748,0.9895,0.816333,0.692775,-0.490296,0.9973,0.138633,0.682105,-0.445847,0.992,0.802671,0.679674,-0.429763,0.9934,0.163897,0.66933,-0.385726,0.9882,0.587558,0.266688,0.005453,0.9999,0.371601,0.284481,-0.004343,0.9999,0.590941,0.355038,0.170316,0.3174,0.316029,0.385646,0.117688,0.4291,0.545183,0.371493,0.492867,0.3407,0.38079,0.375799,0.468079,0.2524,0.538136,0.367719,0.526925,0.1346,0.39819,0.367748,0.50389,0.1017,0.545502,0.404966,0.490953,0.5,0.379274,0.400712,0.467285,0.3882
marjaryasana_zen_0002,0.223861,0.490322,-0.304968,0.9969,0.203419,0.479465,-0.339077,0.9975,0.208591,0.47722,-0.338785,0.9976,0.213781,0.475036,-0.338464,0.9975,0.190351,0.48104,-0.313929,0.9969,0.186535,0.479881,-0.315194,0.9966,0.182778,0.478387,-0.314349,0.9975,0.249387,0.45165,-0.395344,0.9961,0.208599,0.4531,-0.292454,0.998,0.271444,0.484543,-0.316809,0.9986,0.25794,0.489419,-0.285684,0.9991,0.505655,0.471803,-0.381336,0.995,0.26187,0.409976,-0.179647,0.9997,0.531907,0.602032,-0.360227,0.9905,0.238137,0.495908,0.001263,0.5367,0.464946,0.724239,-0.328406,0.9873,0.213279,0.598635,0.03196,0.9065,0.42699,0.750315,-0.38193,0.9871,0.164295,0.613425,0.019919,0.8956,0.394529,0.741126,-0.37681,0.9892,0.172415,0.616607,-0.028458,0.9143,0.409158,0.730853,-0.330242,0.9808,0.199112,0.613067,0.0129,0.9106,0.792284,0.471714,-0.061865,0.9973,0.691979,0.438866,0.062577,0.9982,0.79326,0.579503,0.070793,0.743,0.646352,0.515056,0.30145,0.1285,0.894117,0.525579,0.398768,0.2991,0.825172,0.505332,0.545978,0.0647,0.906626,0.504821,0.435289,0.3806,0.852342,0.495916,0.574786,0.119,0.898327,0.553677,0.498254,0.353,0.860842,0.533422,0.626005,0.1649
marjaryasana_zen_0003,0.152106,0.467701,0.017589,0.9993,0.128913,0.462244,-0.01472,0.9996,0.127073,0.46096,-0.014082,0.9995,0.125368,0.460157,-0.013841,0.9997,0.131744,0.461058,0.014555,0.9994,0.131618,0.459575,0.01392,0.9994,0.131756,0.458079,0.014784,0.9996,0.133487,0.449468,-0.086504,0.9994,0.142237,0.444151,0.032946,0.9998,0.168916,0.465485,-0.003606,0.9991,0.173756,0.464002,0.031809,0.9987,0.225832,0.458849,-0.153616,0.9999,0.281716,0.417738,0.147815,0.9997,0.220621,0.548106,-0.160113,0.9969,0.291641,0.501461,0.238634,0.1062,0.177758,0.627029,-0.06034,0.9922,0.230422,0.571586,0.232719,0.1966,0.138789,0.632491,-0.08212,0.9891,0.222892,0.574593,0.243514,0.2336,0.134232,0.628751,-0.045675,0.988,0.213201,0.578843,0.215012,0.2316,0.148039,0.628111,-0.045307,0.9834,0.226898,0.580321,0.220124,0.2405,0.601809,0.498,-0.092728,1.0,0.62495,0.461578,0.093728,0.9999,0.643529,0.624531,-0.069123,0.9922,0.633297,0.557271,0.237705,0.2854,0.898104,0.58492,0.022179,0.9893,0.857841,0.556181,0.300404,0.6338,0.920366,0.565492,0.036203,0.9898,0.886713,0.543066,0.306743,0.7346,0.989923,0.613742,0.105411,0.9847,0.923976,0.583601,0.345121,0.7435
marjaryasana_zen_0004,0.369231,0.326757,0.481772,0.8283,0.357195,0.321333,0.460517,0.832,0.35221,0.321738,0.460276,0.7868,0.347216,0.322156,0.45973,0.8526,0.371199,0.319166,0.467694,0.8301,0.376031,0.318091,0.466584,0.7737,0.38096,0.316983,0.466655,0.8239,0.326893,0.321676,0.347388,0.9138,0.389318,0.315835,0.371443,0.8669,0.366026,0.330631,0.439721,0.8664,0.379551,0.328682,0.446317,0.8607,0.303313,0.345366,0.217644,1.0,0.481586,0.325063,0.251485,0.9999,0.281254,0.409006,0.120962,0.9385,0.545331,0.373551,0.108597,0.6236,0.273994,0.466032,0.081004,0.814,0.626761,0.414621,-0.003514,0.3789,0.270209,0.475628,0.043253,0.6101,0.653339,0.421452,-0.009937,0.2193,0.272591,0.480116,0.0817,0.5823,0.63795,0.419022,0.003583,0.1956,0.283905,0.474881,0.086692,0.4833,0.621428,0.41834,0.001348,0.1629,0.375147,0.424722,0.004652,0.9998,0.500492,0.410494,-0.00404,0.9996,0.358083,0.478857,0.214924,0.6039,0.55736,0.452161,0.216254,0.2827,0.401738,0.556188,0.304308,0.3534,0.569288,0.531153,0.322799,0.2233,0.416737,0.571428,0.313065,0.47,0.562884,0.549284,0.33561,0.5595,0.396603,0.558594,0.354146,0.1248,0.596733,0.530075,0.334035,0.0845
marjaryasana_zen_0005,0.876041,0.374636,0.44716,0.9953,0.878823,0.370248,0.446871,0.9928,0.874077,0.367655,0.447247,0.9925,0.869181,0.365204,0.447248,0.9888,0.892138,0.376782,0.453064,0.9954,0.897031,0.378902,0.452102,0.9967,0.901923,0.381028,0.45275,0.9947,0.855382,0.36109,0.407048,0.9917,0.901714,0.384918,0.409802,0.9972,0.861992,0.371758,0.427298,0.9976,0.875237,0.373032,0.425868,0.9987,0.776164,0.36147,0.328029,0.9988,0.925833,0.39415,0.268275,1.0,0.851415,0.428352,0.216825,0.0939,0.964967,0.457184,0.160529,0.5488,0.900517,0.478785,0.117165,0.1482,0.927176,0.471099,0.110303,0.1318,0.899848,0.490205,0.119238,0.2362,0.917734,0.476855,0.11954,0.1799,0.908347,0.488949,0.118152,0.2522,0.903347,0.479174,0.118368,0.1942,0.909416,0.484351,0.123846,0.2403,0.904659,0.478107,0.113086,0.2546,0.578281,0.412131,0.041417,1.0,0.685352,0.448457,-0.040465,1.0,0.515733,0.515332,0.105938,0.9058,0.801903,0.583148,-0.014672,0.9825,0.312751,0.594325,-0.438511,0.9876,0.522136,0.660982,-0.551559,0.9979,0.280133,0.595142,-0.495557,0.9971,0.468985,0.660198,-0.602842,0.9991,0.201441,0.667476,-0.549634,0.9871,0.420108,0.743556,-0.650109,0.9943
marjaryasana_zen_0006,0.86519,0.415971,0.257855,1.0,0.882756,0.408611,0.260257,1.0,0.88241,0.405885,0.261528,1.0,0.882071,0.403038,0.261662,1.0,0.887632,0.413149,0.235603,1.0,0.890324,0.413515,0.235175,1.0,0.892912,0.413897,0.236099,1.0,0.874607,0.393299,0.267987,1.0,0.888276,0.409347,0.132318,1.0,0.844471,0.411211,0.264721,0.9998,0.850762,0.416416,0.223083,0.9999,0.743655,0.369489,0.32731,0.9993,0.831259,0.428471,0.02052,1.0,0.721314,0.447044,0.432269,0.1275,0.825425,0.508537,0.074557,0.9847,0.755894,0.501693,0.511687,0.3972,0.867979,0.573089,0.268163,0.9743,0.782337,0.507454,0.551212,0.5003,0.897499,0.580793,0.296243,0.9686,0.792104,0.507963,0.543894,0.4954,0.903799,0.576018,0.317658,0.9637,0.77804,0.508787,0.515877,0.495,0.891482,0.573512,0.288301,0.9481,0.422874,0.417401,0.104898,0.9997,0.464142,0.461958,-0.103677,0.9999,0.398997,0.501056,0.329367,0.3182,0.426111,0.578265,-0.037956,0.9874,0.181063,0.517069,0.211997,0.8511,0.166043,0.567381,-0.250611,0.9968,0.146974,0.507716,0.193121,0.9151,0.142722,0.553105,-0.264394,0.9947,0.12642,0.550151,0.208041,0.9353,0.056237,0.591019,-0.261064,0.9967
marjaryasana_zen_0007,0.726624,0.459662,-0.238198,0.9996,0.746348,0.453541,-0.23723,0.9994,0.748739,0.452895,-0.23634,0.9994,0.751699,0.452357,-0.236426,0.9993,0.736813,0.451602,-0.26493,0.9996,0.733098,0.449552,-0.265617,0.9996,0.72966,0.447388,-0.264989,0.9996,0.736884,0.437446,-0.175416,0.9994,0.703384,0.426077,-0.315484,0.9996,0.700727,0.456432,-0.210254,0.9995,0.687863,0.452263,-0.250238,0.9996,0.676998,0.394533,-0.07511,0.9991,0.506045,0.441025,-0.338871,0.9994,0.66327,0.470269,0.002424,0.5054,0.452749,0.556012,-0.371148,0.9957,0.689036,0.553817,-0.019355,0.7442,0.509108,0.646802,-0.349811,0.9957,0.732238,0.561663,-0.022318,0.7425,0.546869,0.670048,-0.405992,0.9892,0.724963,0.566454,-0.064959,0.7549,0.569412,0.66146,-0.375685,0.9893,0.702599,0.565061,-0.033359,0.7409,0.558136,0.652798,-0.343659,0.982,0.327364,0.397605,0.092942,0.9985,0.210643,0.408297,-0.091244,0.9993,0.373442,0.497429,0.240426,0.3978,0.213575,0.533511,-0.04876,0.9007,0.147295,0.456738,0.395084,0.3104,0.095689,0.471751,0.173569,0.7707,0.117685,0.438839,0.411712,0.3495,0.08522,0.451446,0.199002,0.8188,0.098985,0.485022,0.463708,0.458,0.073214,0.492749,0.27333,0.7956
marjaryasana_zen_0008,0.548101,0.501662,-0.618313,1.0,0.561579,0.498005,-0.640981,1.0,0.571981,0.496817,-0.640306,0.9999,0.582008,0.495618,-0.639704,0.9999,0.531952,0.499973,-0.63443,1.0,0.520404,0.499781,-0.635644,1.0,0.509708,0.499548,-0.634816,0.9999,0.605419,0.482808,-0.581064,0.9999,0.479477,0.488345,-0.569828,0.9999,0.566288,0.49739,-0.580204,1.0,0.529791,0.498584,-0.577457,1.0,0.697497,0.458612,-0.441292,0.9994,0.405738,0.472921,-0.437777,0.9998,0.722777,0.540435,-0.40546,0.992,0.323832,0.544368,-0.387165,0.9907,0.733078,0.629584,-0.46232,0.9953,0.315908,0.637002,-0.456266,0.9964,0.761331,0.652614,-0.519027,0.9914,0.303754,0.658431,-0.513098,0.9945,0.728144,0.652923,-0.534458,0.9906,0.336866,0.657535,-0.534005,0.9945,0.705879,0.641788,-0.472498,0.9832,0.350671,0.648393,-0.468799,0.9918,0.598915,0.39638,0.009323,0.9997,0.439787,0.403076,-0.008188,0.9997,0.626032,0.457696,0.153565,0.1097,0.426255,0.470288,0.112064,0.1761,0.561972,0.481711,0.494685,0.1676,0.426874,0.491368,0.467842,0.1267,0.542208,0.481611,0.527513,0.0989,0.426593,0.49187,0.505059,0.0803,0.57311,0.507635,0.484686,0.2933,0.437057,0.515877,0.46516,0.1984
marjaryasana_zen_0009,0.432761,0.54405,-0.544177,0.9993,0.439616,0.538045,-0.562285,0.9991,0.454188,0.535435,-0.562084,0.9988,0.457806,0.534922,-0.561313,0.9984,0.423502,0.538705,-0.551261,0.9994,0.406744,0.54017,-0.552743,0.9993,0.39965,0.540408,-0.5519,0.9992,0.469303,0.522679,-0.526676,0.9957,0.391711,0.527271,-0.485482,0.999,0.458993,0.539568,-0.519622,0.9991,0.431348,0.5454,-0.507036,0.9993,0.616817,0.522606,-0.441049,0.9914,0.347248,0.501605,-0.347337,0.9996,0.677088,0.614799,-0.431917,0.9465,0.296619,0.586229,-0.239535,0.9338,0.687093,0.725112,-0.449445,0.9763,0.24862,0.674823,-0.256246,0.9956,0.691614,0.748903,-0.51076,0.9494,0.2076,0.693137,-0.29163,0.9922,0.658363,0.747831,-0.505479,0.9503,0.217455,0.694498,-0.32796,0.9927,0.653947,0.738149,-0.454338,0.9302,0.242698,0.686355,-0.272392,0.9911,0.670965,0.481901,-0.051041,0.9958,0.559276,0.470483,0.051599,0.9971,0.621824,0.56438,0.049907,0.3016,0.471669,0.533354,0.234406,0.0859,0.656483,0.560298,0.386789,0.3005,0.602338,0.544951,0.495228,0.0975,0.654263,0.559792,0.418805,0.2183,0.627515,0.539311,0.524358,0.1138,0.636543,0.591102,0.434538,0.3164,0.637745,0.576673,0.54924,0.2067
marjaryasana_zen_0010,0.283889,0.562527,-0.22447,0.9988,0.267127,0.553043,-0.255949,0.9994,0.270109,0.551487,-0.255216,0.9994,0.272709,0.549979,-0.255037,0.9995,0.261172,0.553135,-0.226891,0.9989,0.259447,0.551786,-0.227835,0.9987,0.257525,0.550538,-0.226801,0.9991,0.300535,0.532118,-0.315638,0.9992,0.277171,0.535543,-0.19591,0.9993,0.322727,0.557876,-0.237989,0.9994,0.314727,0.558192,-0.202567,0.9995,0.473285,0.558255,-0.339285,0.9995,0.359895,0.501129,-0.068881,0.9998,0.472224,0.676486,-0.364237,0.9982,0.323526,0.577408,0.074992,0.6112,0.411784,0.791457,-0.342266,0.9969,0.264611,0.656271,0.094048,0.853,0.374257,0.812882,-0.392308,0.9955,0.215378,0.664137,0.105459,0.8585,0.354531,0.805387,-0.369118,0.996,0.219797,0.667855,0.056961,0.8723,0.370037,0.797336,-0.335593,0.9923,0.242332,0.666552,0.07558,0.8646,0.818878,0.563416,-0.08127,0.9998,0.721367,0.538633,0.082255,0.9999,0.857783,0.690339,-0.056299,0.9352,0.680036,0.632949,0.277259,0.2655,0.958835,0.616179,0.118971,0.6058,0.866274,0.610661,0.331822,0.1773,0.982197,0.590253,0.141325,0.7539,0.888763,0.599329,0.34099,0.3364,1.034242,0.616984,0.239583,0.6279,0.915288,0.627406,0.418324,0.3087
marjaryasana_zen_0011,0.175921,0.55902,0.050393,0.9986,0.158166,0.554814,0.022619,0.9995,0.156521,0.555179,0.023498,0.9994,0.155067,0.55573,0.023949,0.9996,0.161835,0.550726,0.04914,0.9993,0.162578,0.548888,0.048432,0.9993,0.163425,0.547384,0.049144,0.9996,0.161213,0.550489,-0.046334,0.9989,0.172854,0.538682,0.056638,0.9996,0.188334,0.559983,0.030916,0.9969,0.19279,0.555697,0.060877,0.9966,0.222614,0.574818,-0.119331,0.9999,0.295585,0.515865,0.161636,0.9994,0.215999,0.647885,-0.148262,0.9962,0.307718,0.586031,0.305337,0.0262,0.160943,0.718849,-0.050647,0.9874,0.240699,0.647062,0.359486,0.0838,0.121851,0.72617,-0.057062,0.9817,0.242496,0.647648,0.384537,0.1128,0.11612,0.721862,-0.027461,0.9805,0.236373,0.65149,0.364575,0.1105,0.130302,0.720305,-0.036308,0.9706,0.246439,0.651835,0.354267,0.1137,0.56867,0.608853,-0.094153,1.0,0.599227,0.56486,0.09547,1.0,0.585101,0.724079,-0.068544,0.991,0.558467,0.644217,0.314801,0.1654,0.829187,0.695101,-0.060674,0.987,0.749064,0.642461,0.349382,0.4916,0.857439,0.676647,-0.052791,0.9833,0.794802,0.637523,0.352801,0.5827,0.909494,0.725826,0.019922,0.9811,0.823532,0.670163,0.412373,0.6521
marjaryasana_zen_0012,0.223376,0.521175,0.355178,0.9999,0.212741,0.515855,0.330981,0.9999,0.209909,0.516442,0.331936,0.9999,0.206169,0.516949,0.332092,0.9999,0.224013,0.511775,0.356088,0.9999,0.227498,0.510202,0.355523,0.9999,0.23032,0.508686,0.356166,0.9999,0.206951,0.516666,0.230284,0.9997,0.24223,0.502534,0.321443,0.9999,0.229913,0.526491,0.317909,0.9997,0.239868,0.522732,0.342425,0.9997,0.208729,0.534674,0.102756,1.0,0.366063,0.50239,0.339959,0.9998,0.187338,0.599959,0.06663,0.8997,0.45163,0.560153,0.464893,0.008,0.147013,0.651555,0.1454,0.7661,0.429097,0.61979,0.500549,0.0183,0.114226,0.658444,0.163616,0.7462,0.424636,0.628384,0.523583,0.0401,0.120111,0.651601,0.179228,0.7554,0.411365,0.63465,0.501243,0.0421,0.134569,0.650267,0.160413,0.7116,0.410348,0.632318,0.495072,0.0555,0.488825,0.597773,-0.08812,1.0,0.573168,0.567412,0.088943,1.0,0.470306,0.734257,-0.028048,0.9986,0.569727,0.64887,0.220347,0.6377,0.735021,0.750393,-0.402684,0.9995,0.78163,0.686227,-0.146295,0.9674,0.778252,0.734678,-0.435043,0.9998,0.799169,0.684303,-0.181478,0.9908,0.837051,0.802331,-0.398412,0.9989,0.865933,0.723924,-0.193595,0.9733
marjaryasana_zen_0013,0.430528,0.455742,0.529791,0.9993,0.418895,0.448533,0.527602,0.9995,0.408158,0.448653,0.527678,0.9993,0.399779,0.45086,0.527731,0.9993,0.441511,0.451655,0.533853,0.9994,0.447739,0.45146,0.532824,0.9992,0.453718,0.450779,0.533428,0.9994,0.383511,0.451893,0.448083,0.9995,0.467847,0.45058,0.461275,0.9995,0.423079,0.459832,0.493799,0.9997,0.444618,0.4595,0.493516,0.9997,0.324705,0.467108,0.295307,0.9999,0.541339,0.467006,0.338573,0.9999,0.283285,0.543315,0.289334,0.7187,0.583859,0.521928,0.260596,0.2337,0.315529,0.581484,0.34288,0.1591,0.544982,0.565508,0.20029,0.0722,0.310447,0.587182,0.363463,0.1583,0.572976,0.566374,0.24318,0.0988,0.342878,0.583835,0.378821,0.1679,0.541439,0.568923,0.247969,0.1132,0.345092,0.582512,0.35597,0.1713,0.539396,0.566208,0.210311,0.1379,0.440887,0.561243,-0.017287,1.0,0.616341,0.552982,0.018337,1.0,0.321268,0.687451,0.134815,0.9995,0.621763,0.641983,0.162516,0.975,0.46401,0.782719,-0.449972,0.9998,0.704638,0.737891,-0.388158,0.999,0.509587,0.783783,-0.502216,1.0,0.705524,0.744655,-0.434117,0.9999,0.509741,0.871717,-0.477581,0.9974,0.765641,0.81781,-0.415825,0.9907
marjaryasana_zen_0014,0.688109,0.467877,0.584509,0.9936,0.678601,0.460449,0.580288,0.9872,0.671027,0.45896,0.580598,0.9868,0.6634,0.457593,0.580738,0.9856,0.699417,0.463416,0.579523,0.9908,0.706219,0.463893,0.578668,0.9908,0.713082,0.464392,0.578657,0.9902,0.649339,0.454784,0.515033,0.9918,0.721553,0.46518,0.487467,0.9929,0.676265,0.468097,0.557282,0.9942,0.698403,0.471014,0.54655,0.9952,0.577991,0.460444,0.416573,0.9998,0.798724,0.48266,0.334002,0.9999,0.530888,0.53235,0.415374,0.0934,0.807677,0.561068,0.320911,0.6746,0.569276,0.586005,0.464115,0.0653,0.778862,0.564921,0.44738,0.1353,0.564744,0.593976,0.487174,0.0741,0.787114,0.568709,0.495151,0.1462,0.58476,0.59481,0.49135,0.073,0.763884,0.562229,0.498528,0.1489,0.589557,0.592404,0.471708,0.0773,0.756498,0.561955,0.45897,0.1709,0.497104,0.553853,0.045729,1.0,0.655087,0.578538,-0.0451,0.9999,0.427133,0.639723,0.082788,0.8907,0.69502,0.698099,-0.007905,0.9785,0.271146,0.728764,-0.367799,0.9693,0.506588,0.782199,-0.49046,0.9933,0.2639,0.733838,-0.419202,0.9886,0.46317,0.778058,-0.529508,0.9978,0.18903,0.801114,-0.46579,0.9259,0.424622,0.872253,-0.54497,0.9778
marjaryasana_zen_0015,0.867101,0.519115,0.483812,0.9162,0.887837,0.502603,0.47895,0.8686,0.883846,0.500599,0.479789,0.8263,0.878141,0.494366,0.479458,0.8725,0.908602,0.506298,0.466295,0.9048,0.915522,0.512083,0.465091,0.8891,0.903424,0.513165,0.466032,0.9133,0.87509,0.489332,0.428211,0.8161,0.911669,0.50901,0.340014,0.8574,0.855133,0.518931,0.466719,0.8066,0.868844,0.522498,0.438727,0.8276,0.790002,0.487969,0.365561,0.9983,0.934904,0.540853,0.213448,0.9999,0.708437,0.561114,0.380159,0.1238,1.025913,0.613491,0.255025,0.7662,0.681222,0.609233,0.408051,0.0224,0.9832,0.601205,0.415605,0.1573,0.671324,0.612942,0.429251,0.0365,0.991568,0.596921,0.468843,0.1771,0.686932,0.616161,0.444112,0.0365,0.96083,0.583637,0.467162,0.1604,0.69403,0.617015,0.418996,0.0402,0.952846,0.585686,0.427525,0.1588,0.528407,0.558905,0.082883,0.9999,0.613194,0.597764,-0.082147,0.9999,0.503388,0.648636,0.242985,0.4503,0.64107,0.737459,-0.020316,0.9592,0.249419,0.679744,-0.061343,0.8845,0.330973,0.753551,-0.315105,0.9811,0.216806,0.674673,-0.098464,0.9402,0.303403,0.743325,-0.335019,0.9916,0.146215,0.72367,-0.100131,0.8681,0.209229,0.807396,-0.330531,0.9582
marjaryasana_zen_0016,0.894997,0.547749,0.359772,0.9998,0.907339,0.540824,0.349349,0.9996,0.905443,0.538261,0.350576,0.9996,0.90331,0.535334,0.350388,0.9997,0.91428,0.545403,0.335882,0.9998,0.917038,0.546171,0.33537,0.9998,0.919666,0.546872,0.336079,0.9998,0.894432,0.528621,0.310392,0.9995,0.915949,0.545612,0.221693,0.9997,0.875269,0.544853,0.350348,0.9986,0.884696,0.550595,0.32156,0.9989,0.779834,0.509666,0.355415,0.9984,0.87086,0.573398,0.101508,0.9999,0.753899,0.577743,0.464007,0.0405,0.881039,0.646778,0.145999,0.9811,0.797849,0.631957,0.5587,0.1597,0.919362,0.712857,0.332139,0.9577,0.815684,0.635864,0.590911,0.2582,0.945184,0.720906,0.367356,0.9442,0.823421,0.640916,0.593737,0.2478,0.948245,0.714811,0.380799,0.9377,0.815605,0.641572,0.56743,0.2398,0.93477,0.712619,0.349368,0.9231,0.480991,0.563194,0.090711,0.9994,0.535897,0.606358,-0.090022,0.9997,0.435238,0.645341,0.227473,0.351,0.500202,0.736805,-0.0594,0.9789,0.223558,0.651461,-0.033266,0.8814,0.22817,0.713508,-0.341858,0.9971,0.206379,0.644556,-0.069066,0.9601,0.210898,0.698863,-0.360717,0.9984,0.120993,0.682476,-0.078231,0.9462,0.1018,0.743523,-0.361726,0.9969
marjaryasana_zen_0017,0.828784,0.589937,-0.028849,0.9999,0.852397,0.584816,-0.039745,0.9997,0.853231,0.582192,-0.038809,0.9997,0.854045,0.579084,-0.038797,0.9996,0.84953,0.590208,-0.057642,0.9998,0.848208,0.591359,-0.057955,0.9999,0.846401,0.592538,-0.057435,0.9999,0.839897,0.568357,-0.039757,0.9997,0.830749,0.586304,-0.13953,0.9999,0.806612,0.584155,-0.024157,0.9996,0.801635,0.590342,-0.052787,0.9996,0.745365,0.518322,0.053483,0.9997,0.687063,0.605537,-0.209125,1.0,0.723619,0.578514,0.208624,0.0935,0.648871,0.701973,-0.189227,0.9895,0.752809,0.64814,0.295938,0.3551,0.715612,0.784715,-0.09613,0.9871,0.78325,0.655278,0.309102,0.4379,0.7496,0.801404,-0.121459,0.9806,0.789889,0.655794,0.284134,0.44,0.769489,0.797651,-0.107604,0.9803,0.771217,0.652906,0.290227,0.432,0.753918,0.791347,-0.090324,0.966,0.352644,0.522202,0.103471,0.9999,0.311619,0.581296,-0.101603,1.0,0.392525,0.585126,0.454423,0.0781,0.280593,0.686922,0.027267,0.8562,0.202324,0.575291,0.610679,0.1838,0.132667,0.617836,0.16382,0.8076,0.169262,0.563446,0.626724,0.2875,0.114937,0.604576,0.182483,0.8003,0.16532,0.606742,0.694655,0.3596,0.0696,0.657432,0.235714,0.8253
marjaryasana_zen_0018,0.610674,0.608686,-0.50873,1.0,0.627923,0.604506,-0.525277,1.0,0.637743,0.602931,-0.524539,1.0,0.647964,0.601317,-0.524018,1.0,0.597285,0.605284,-0.524466,1.0,0.585873,0.604267,-0.525263,1.0,0.573849,0.603217,-0.524691,1.0,0.661976,0.58523,-0.480125,0.9999,0.532927,0.581379,-0.488258,0.9999,0.624608,0.602205,-0.47915,1.0,0.585161,0.603395,-0.482765,1.0,0.727426,0.554027,-0.382959,0.9998,0.416011,0.563053,-0.39637,0.9997,0.759414,0.637132,-0.357102,0.9846,0.355045,0.646653,-0.368943,0.9849,0.771525,0.72512,-0.433607,0.9934,0.345799,0.741159,-0.432068,0.9965,0.8056,0.744687,-0.490488,0.9904,0.32925,0.763328,-0.4854,0.9955,0.76455,0.743679,-0.510921,0.9912,0.36615,0.76336,-0.509853,0.9961,0.741969,0.735371,-0.44634,0.9848,0.378217,0.754437,-0.445108,0.9935,0.605223,0.469449,0.00399,0.9998,0.460494,0.479736,-0.002336,0.9997,0.614424,0.507979,0.26642,0.1067,0.448308,0.527159,0.250041,0.0646,0.556933,0.530796,0.629306,0.2032,0.477634,0.535993,0.636719,0.1384,0.535652,0.533944,0.66864,0.1625,0.479093,0.535476,0.676241,0.0775,0.550134,0.548902,0.624971,0.3144,0.484853,0.55256,0.635141,0.2037
marjaryasana_zen_0019,0.318974,0.574268,-0.179275,0.9992,0.31752,0.578227,-0.216269,0.9995,0.327792,0.579365,-0.215865,0.9994,0.337537,0.580128,-0.215479,0.9995,0.294717,0.575285,-0.204841,0.9993,0.286927,0.571982,-0.20554,0.9992,0.280909,0.569793,-0.205031,0.9994,0.36729,0.573632,-0.276797,0.9989,0.285688,0.555904,-0.237645,0.9995,0.354701,0.569003,-0.189192,0.9992,0.326588,0.562444,-0.177598,0.9996,0.533072,0.557166,-0.253989,0.9991,0.296175,0.489811,-0.153971,0.9993,0.567293,0.631448,-0.15168,0.9438,0.280689,0.554677,0.067215,0.2707,0.540304,0.692317,-0.053959,0.969,0.266437,0.611867,0.182071,0.8123,0.534489,0.71527,-0.08748,0.9669,0.239545,0.621422,0.173242,0.8567,0.516549,0.709464,-0.100302,0.9701,0.256759,0.623378,0.135391,0.8749,0.517231,0.698605,-0.05954,0.9562,0.26947,0.62016,0.17055,0.8627,0.715175,0.443916,-0.041038,0.9998,0.594935,0.410207,0.042399,0.9995,0.69205,0.516921,0.202437,0.4147,0.543745,0.473057,0.313055,0.0402,0.768044,0.489343,0.494788,0.3557,0.655566,0.468633,0.602583,0.0822,0.773746,0.47378,0.528211,0.3098,0.677727,0.460029,0.633667,0.1486,0.773232,0.516803,0.546045,0.2367,0.687498,0.494377,0.66156,0.0921
marjaryasana_zen_0020,0.14442,0.515136,-0.069739,0.9996,0.121027,0.511187,-0.10557,0.9997,0.121427,0.511598,-0.104549,0.9997,0.121905,0.512091,-0.10432,0.9997,0.121429,0.508609,-0.077839,0.9996,0.122133,0.507406,-0.078436,0.9996,0.122784,0.503795,-0.077674,0.9995,0.135146,0.50471,-0.178224,0.9997,0.136829,0.49303,-0.074036,0.9997,0.165511,0.516276,-0.089376,0.9994,0.167025,0.513018,-0.059663,0.9993,0.255269,0.535499,-0.218185,0.9998,0.27895,0.443945,0.026805,0.9982,0.277166,0.608192,-0.209973,0.9993,0.341849,0.475587,0.24255,0.029,0.224893,0.667947,-0.096387,0.9945,0.292696,0.532269,0.415228,0.0432,0.192323,0.675873,-0.102532,0.9904,0.269912,0.541328,0.427675,0.0696,0.180075,0.671113,-0.106543,0.991,0.263709,0.544147,0.424177,0.0691,0.193696,0.668307,-0.095183,0.9871,0.275279,0.542982,0.417282,0.081,0.623222,0.524385,-0.082162,1.0,0.622243,0.479042,0.083177,0.9999,0.647395,0.632474,0.084396,0.9796,0.608847,0.551475,0.359249,0.2903,0.863945,0.589327,0.149476,0.9856,0.789541,0.535704,0.438763,0.7312,0.894106,0.575642,0.159552,0.9843,0.842005,0.52598,0.446734,0.8195,0.911511,0.619371,0.231551,0.9755,0.832546,0.56875,0.504949,0.8087
marjaryasana_zen_0021,0.349065,0.407236,0.341996,1.0,0.335581,0.40255,0.32927,1.0,0.330239,0.403092,0.329664,1.0,0.323077,0.404128,0.329635,1.0,0.349961,0.400106,0.334178,1.0,0.353874,0.398894,0.33312,1.0,0.358366,0.39757,0.334649,1.0,0.316426,0.406841,0.25361,1.0,0.365434,0.397167,0.27317,1.0,0.344725,0.413246,0.311889,1.0,0.359284,0.410003,0.310954,1.0,0.278691,0.442483,0.129361,1.0,0.472069,0.411025,0.207802,1.0,0.262165,0.520531,0.234682,0.9744,0.475612,0.475947,0.258775,0.3419,0.317467,0.521889,0.441411,0.2076,0.439698,0.494113,0.283979,0.0468,0.312165,0.521509,0.47662,0.1889,0.431399,0.493127,0.345017,0.065,0.333419,0.515723,0.484219,0.203,0.412568,0.49563,0.332928,0.0758,0.341164,0.516902,0.453521,0.2067,0.418338,0.495355,0.290943,0.1018,0.463234,0.546214,-0.058484,1.0,0.590059,0.521112,0.059208,1.0,0.389391,0.644638,0.213424,1.0,0.627071,0.584092,0.306123,0.9983,0.565261,0.723634,-0.370613,1.0,0.717722,0.672541,-0.208894,1.0,0.603526,0.722986,-0.411537,1.0,0.715158,0.68077,-0.247165,1.0,0.603008,0.792707,-0.333904,0.9999,0.769037,0.727062,-0.17156,0.9998
marjaryasana_zen_0022,0.575562,0.32672,0.509178,0.9993,0.57119,0.31934,0.491517,0.9992,0.56575,0.318299,0.492098,0.9987,0.55997,0.317236,0.491936,0.9989,0.58817,0.321853,0.489345,0.9994,0.594182,0.322553,0.488459,0.9992,0.599409,0.323008,0.488918,0.9994,0.547954,0.318149,0.39743,0.9991,0.603829,0.326681,0.365027,0.9994,0.5612,0.3311,0.475938,0.9992,0.580858,0.333101,0.462215,0.9993,0.463318,0.337375,0.342014,0.9999,0.649271,0.362653,0.216951,1.0,0.476004,0.402649,0.364739,0.0712,0.68252,0.435704,0.24065,0.9105,0.486226,0.436531,0.404721,0.0499,0.675429,0.434831,0.406426,0.2653,0.483632,0.442741,0.433065,0.0689,0.700054,0.435536,0.463449,0.2432,0.501595,0.441731,0.445723,0.0687,0.676493,0.429176,0.47379,0.2405,0.505509,0.440499,0.416309,0.0648,0.665696,0.430869,0.423108,0.2661,0.385602,0.460977,0.052338,1.0,0.528817,0.472985,-0.052171,1.0,0.338859,0.53625,0.160329,0.9541,0.59676,0.55713,0.016527,0.9858,0.260112,0.62525,-0.260915,0.9944,0.444092,0.64688,-0.402259,0.9986,0.253574,0.630865,-0.307232,0.9984,0.406409,0.643402,-0.433804,0.9993,0.221962,0.683799,-0.292901,0.9832,0.413617,0.710803,-0.398979,0.9935
marjaryasana_zen_0023,0.878809,0.494837,0.108693,0.9999,0.902364,0.487614,0.097804,0.9999,0.9027,0.484375,0.099235,0.9999,0.902622,0.480969,0.099525,0.9998,0.902831,0.49247,0.083013,0.9999,0.903381,0.493156,0.082885,0.9999,0.903762,0.493761,0.08367,0.9999,0.889876,0.469008,0.083631,0.9999,0.895607,0.489207,-0.008373,1.0,0.861774,0.490926,0.110947,0.9995,0.861724,0.495416,0.08237,0.9995,0.769922,0.42435,0.160629,0.9994,0.804299,0.517054,-0.084755,0.9999,0.794808,0.44977,0.359009,0.1232,0.754534,0.593082,-0.053124,0.9887,0.875235,0.488515,0.557894,0.098,0.797073,0.641058,0.054313,0.9579,0.895632,0.492009,0.595505,0.1509,0.833689,0.648888,0.061722,0.9491,0.897243,0.49748,0.595571,0.1461,0.839208,0.641921,0.071619,0.9488,0.884445,0.498851,0.566815,0.1629,0.824018,0.638414,0.064791,0.9161,0.410924,0.462887,0.100077,0.9998,0.423731,0.520722,-0.098497,0.9999,0.353692,0.518139,0.363262,0.2389,0.38321,0.621785,-0.04028,0.9639,0.168198,0.521248,0.299096,0.6462,0.136742,0.583185,-0.166874,0.9928,0.140601,0.515497,0.287443,0.7938,0.108974,0.564384,-0.170447,0.9905,0.094664,0.540779,0.331436,0.6861,0.044812,0.604534,-0.131953,0.9888
marjaryasana_zen_0024,0.671866,0.540684,-0.130376,0.9997,0.693076,0.539796,-0.152338,0.9997,0.699447,0.537003,-0.15181,0.9997,0.705869,0.534534,-0.151448,0.9997,0.674915,0.544427,-0.166559,0.9998,0.667631,0.545267,-0.1672,0.9998,0.659418,0.54577,-0.166884,0.9998,0.704227,0.519248,-0.159007,0.9998,0.636196,0.540244,-0.237407,0.9997,0.65994,0.5292,-0.123245,0.9998,0.640324,0.535196,-0.145585,0.9998,0.683834,0.449064,-0.083462,0.9994,0.480897,0.525341,-0.232664,0.9997,0.675974,0.485657,0.117299,0.1307,0.436401,0.590847,-0.13778,0.8908,0.71479,0.549284,0.2181,0.1672,0.487815,0.649641,-0.021092,0.854,0.74151,0.560186,0.222393,0.273,0.495623,0.668308,-0.037901,0.8676,0.735906,0.559233,0.191822,0.2791,0.512411,0.66376,-0.048861,0.8756,0.723814,0.557509,0.210926,0.2626,0.511887,0.655211,-0.022461,0.8254,0.352125,0.369725,0.061127,0.9997,0.251918,0.413602,-0.059422,0.9998,0.428893,0.419524,0.349484,0.0628,0.304308,0.516958,0.168159,0.2622,0.290461,0.418946,0.593777,0.0885,0.211505,0.456085,0.46921,0.2906,0.263585,0.413606,0.624313,0.1393,0.20163,0.442832,0.502893,0.374,0.275359,0.445738,0.682403,0.0771,0.210359,0.487754,0.550871,0.2129
marjaryasana_zen_0025,0.423025,0.316417,-0.671401,1.0,0.438312,0.297494,-0.675342,1.0,0.451026,0.296124,-0.67443,1.0,0.463046,0.294568,-0.674959,1.0,0.407219,0.300195,-0.66112,1.0,0.399502,0.300289,-0.663099,1.0,0.39151,0.300756,-0.661828,1.0,0.505143,0.29026,-0.591772,1.0,0.404913,0.29845,-0.54634,1.0,0.461118,0.326262,-0.634828,1.0,0.424006,0.329828,-0.621191,1.0,0.674221,0.342648,-0.514521,0.9999,0.404523,0.34785,-0.428155,0.9999,0.744073,0.498316,-0.559186,0.9971,0.359118,0.45149,-0.369301,0.9467,0.757479,0.616429,-0.588015,0.9965,0.311992,0.558087,-0.418346,0.9696,0.76089,0.64145,-0.659276,0.9812,0.276085,0.574058,-0.451741,0.9321,0.719859,0.637603,-0.6657,0.9837,0.289475,0.575838,-0.482127,0.9496,0.713154,0.62662,-0.598634,0.9763,0.312576,0.571355,-0.434161,0.9497,0.736373,0.42728,-0.040221,1.0,0.597583,0.428684,0.040935,0.9999,0.759463,0.489659,0.24029,0.6955,0.586705,0.45349,0.361866,0.1386,0.778247,0.466599,0.606053,0.6071,0.630202,0.447563,0.720755,0.0874,0.791595,0.449823,0.640359,0.4696,0.643622,0.441109,0.754874,0.0726,0.798539,0.488663,0.604612,0.6855,0.626661,0.482994,0.722596,0.2518
marjaryasana_zen_0026,0.230608,0.374006,-0.239516,0.9996,0.239793,0.360597,-0.263259,0.9996,0.247553,0.359618,-0.262361,0.9996,0.25796,0.358514,-0.262124,0.9996,0.229023,0.360725,-0.233283,0.9997,0.229266,0.360041,-0.234305,0.9998,0.230292,0.359224,-0.233282,0.9998,0.301656,0.356365,-0.305102,0.9995,0.274231,0.357356,-0.181591,0.9999,0.264888,0.382844,-0.250788,0.9997,0.25384,0.38182,-0.213688,0.9998,0.442683,0.416941,-0.332205,0.9988,0.354415,0.378027,-0.061781,0.9999,0.467986,0.521507,-0.339561,0.9951,0.334209,0.440936,0.085508,0.6569,0.421862,0.613553,-0.320115,0.9922,0.292989,0.52091,0.151453,0.8607,0.381542,0.627735,-0.367318,0.9884,0.253723,0.527177,0.168771,0.8476,0.365953,0.620212,-0.348645,0.989,0.255715,0.530311,0.123546,0.8672,0.379783,0.615987,-0.314934,0.9798,0.273038,0.529279,0.136972,0.8664,0.746309,0.433093,-0.083224,1.0,0.678037,0.409411,0.084327,0.9999,0.776495,0.53931,-0.087207,0.9744,0.602797,0.497166,0.200018,0.5568,0.902179,0.490777,0.131817,0.7675,0.852373,0.480692,0.324576,0.4684,0.919172,0.47531,0.160617,0.7834,0.868479,0.467027,0.341041,0.566,0.944263,0.513034,0.254636,0.7228,0.892401,0.503036,0.419482,0.5554
marjaryasana_zen_0027,0.105362,0.36939,-0.126267,0.999,0.11232,0.357493,-0.146453,0.9989,0.116252,0.356818,-0.145422,0.9989,0.120602,0.356001,-0.145233,0.9989,0.110162,0.35738,-0.113339,0.999,0.112501,0.356667,-0.113778,0.999,0.115159,0.355768,-0.113062,0.999,0.159203,0.354092,-0.182547,0.9988,0.150407,0.352937,-0.048638,0.9994,0.130533,0.37876,-0.134711,0.9984,0.124408,0.377792,-0.094891,0.9984,0.264671,0.405389,-0.240124,0.9996,0.278478,0.36975,0.08683,0.9996,0.277346,0.507187,-0.24552,0.9956,0.305843,0.452784,0.139278,0.1428,0.240199,0.592217,-0.188255,0.9854,0.256866,0.512577,0.100614,0.2515,0.196043,0.600963,-0.223002,0.9805,0.222634,0.520082,0.115034,0.2905,0.187289,0.594616,-0.188718,0.9791,0.217848,0.522492,0.080194,0.292,0.206267,0.591001,-0.173454,0.9666,0.232647,0.523739,0.085125,0.2886,0.641766,0.436523,-0.093188,1.0,0.624361,0.409567,0.094753,0.9999,0.691922,0.552977,0.014993,0.9855,0.630292,0.492337,0.339997,0.2859,0.887884,0.502586,0.06331,0.9801,0.805639,0.481285,0.331825,0.687,0.908569,0.485272,0.071891,0.9858,0.839194,0.471599,0.331513,0.8381,0.955676,0.531574,0.151128,0.9727,0.859068,0.499461,0.405039,0.808
marjaryasana_zen_0028,0.07868,0.377893,0.079861,0.9988,0.079339,0.36971,0.052486,0.9984,0.07964,0.369893,0.053669,0.9982,0.079961,0.369582,0.053852,0.998,0.082672,0.368226,0.080468,0.9989,0.085151,0.367645,0.079805,0.999,0.08717,0.366979,0.080897,0.9991,0.096054,0.371752,-0.006277,0.9985,0.107975,0.366326,0.106242,0.9995,0.091273,0.38623,0.06253,0.9993,0.09532,0.384713,0.095107,0.9994,0.150058,0.410766,-0.086451,0.9999,0.23665,0.391908,0.203195,0.9998,0.132801,0.499134,-0.101815,0.9987,0.269526,0.463273,0.313217,0.0711,0.088381,0.572077,-0.037678,0.9945,0.21999,0.512576,0.366049,0.2424,0.048479,0.579357,-0.050835,0.9918,0.199766,0.514978,0.401184,0.2853,0.047629,0.574719,-0.013252,0.9906,0.192239,0.517877,0.377743,0.2815,0.05838,0.573588,-0.022006,0.9829,0.194836,0.517999,0.36152,0.3004,0.49203,0.454832,-0.096718,1.0,0.528438,0.431057,0.097767,1.0,0.543552,0.573898,-0.0551,0.9969,0.571734,0.530961,0.202166,0.4451,0.796122,0.54783,-0.024321,0.9958,0.770112,0.51664,0.25869,0.7903,0.826775,0.532599,-0.017016,0.9946,0.796346,0.502132,0.267235,0.8494,0.867346,0.579061,0.023554,0.9914,0.830081,0.544587,0.285711,0.8493
marjaryasana_zen_0029,0.300211,0.355547,0.514382,0.9888,0.292871,0.349799,0.507546,0.9877,0.287632,0.349602,0.508597,0.9878,0.279952,0.34852,0.509188,0.9869,0.308465,0.347037,0.507151,0.9857,0.31215,0.346782,0.506671,0.984,0.318252,0.346918,0.507062,0.9867,0.260121,0.354631,0.417688,0.9848,0.314105,0.345864,0.387001,0.9882,0.290868,0.362686,0.479351,0.9888,0.312016,0.360058,0.467253,0.9902,0.187056,0.386735,0.254181,0.9993,0.353323,0.344403,0.334289,0.9991,0.182207,0.453401,0.272008,0.5952,0.317344,0.419107,0.315512,0.0218,0.163266,0.492582,0.40227,0.1177,0.264161,0.482358,0.292273,0.0957,0.142739,0.497554,0.432042,0.1187,0.25205,0.493743,0.330454,0.168,0.15358,0.49458,0.448604,0.1183,0.240885,0.504763,0.328075,0.1954,0.164703,0.491316,0.418063,0.1319,0.24223,0.500632,0.297425,0.1987,0.417189,0.442352,-0.026794,1.0,0.543284,0.414203,0.028192,1.0,0.34953,0.583119,0.040274,0.999,0.60876,0.522984,0.141822,0.9203,0.59181,0.616314,-0.352295,0.9985,0.761052,0.571892,-0.297371,0.9923,0.638963,0.605463,-0.392334,0.9994,0.774138,0.572152,-0.336083,0.9965,0.68879,0.688921,-0.363522,0.998,0.857191,0.626946,-0.355317,0.9953
marjaryasana_zen_0030,0.535166,0.682284,-0.201507,0.9972,0.521206,0.696586,-0.193216,0.9965,0.509952,0.696033,-0.19213,0.9965,0.527625,0.682872,-0.192219,0.9963,0.553851,0.698984,-0.199581,0.9963,0.566587,0.700243,-0.200675,0.9954,0.579098,0.701457,-0.200262,0.9944,0.533317,0.684479,-0.079692,0.9979,0.611815,0.699642,-0.126041,0.9972,0.527823,0.669231,-0.157489,0.9969,0.568963,0.672263,-0.169536,0.9983,0.477233,0.649553,-0.027515,0.9998,0.691926,0.650063,-0.020641,0.9995,0.424097,0.60669,-0.107151,0.1711,0.740064,0.586461,0.067135,0.0286,0.412924,0.566249,-0.216227,0.1172,0.700879,0.542106,0.156291,0.0194,0.389534,0.548585,-0.230135,0.1312,0.695225,0.524468,0.190722,0.0269,0.420339,0.550726,-0.230939,0.1243,0.693836,0.524432,0.177203,0.0279,0.435167,0.554658,-0.213765,0.1194,0.690028,0.530397,0.155396,0.0312,0.480608,0.457091,0.025371,0.995,0.648111,0.439553,-0.024015,0.9832,0.368765,0.5611,-0.149622,0.3627,0.536763,0.577234,-0.17597,0.2679,0.227842,0.688828,-0.331598,0.3089,0.44472,0.709286,-0.353608,0.1814,0.188211,0.680131,-0.349839,0.6443,0.431917,0.710559,-0.368547,0.4238,0.197511,0.766188,-0.395564,0.5087,0.449181,0.782834,-0.417394,0.337
marjaryasana_zen_0031,0.88276,0.339632,0.329137,1.0,0.883466,0.329392,0.324076,1.0,0.875999,0.32751,0.324898,1.0,0.869831,0.325353,0.32489,1.0,0.895691,0.334357,0.302354,1.0,0.898358,0.335088,0.301924,1.0,0.900507,0.335605,0.302631,1.0,0.853097,0.32271,0.286324,0.9999,0.889821,0.337154,0.167313,1.0,0.86162,0.341742,0.320104,0.9998,0.878189,0.348764,0.282553,0.9998,0.747282,0.339823,0.339203,0.9995,0.851299,0.37289,0.033153,1.0,0.693483,0.419648,0.396403,0.1449,0.857289,0.458115,0.074393,0.9948,0.729772,0.478344,0.423688,0.4375,0.897889,0.523608,0.240112,0.9793,0.757251,0.480523,0.462683,0.5432,0.931857,0.528803,0.26186,0.9709,0.759705,0.482462,0.450284,0.5444,0.93289,0.522911,0.286015,0.9663,0.758453,0.480886,0.425527,0.5007,0.916691,0.521905,0.259008,0.9554,0.435133,0.402604,0.09959,0.9998,0.487425,0.436515,-0.098556,0.9999,0.352473,0.489712,0.267317,0.5378,0.466333,0.559228,-0.023203,0.9924,0.165318,0.510539,0.043772,0.9389,0.192695,0.560246,-0.255992,0.9965,0.125883,0.50259,0.01377,0.9747,0.162841,0.54797,-0.270214,0.9952,0.094779,0.545273,0.029813,0.9682,0.073947,0.592065,-0.236163,0.9951
marjaryasana_zen_0032,0.869475,0.36501,-0.049748,0.9981,0.866319,0.354835,-0.043842,0.9969,0.864282,0.354608,-0.043142,0.997,0.860955,0.354215,-0.042902,0.9967,0.865553,0.354431,-0.07639,0.9974,0.862907,0.354123,-0.07707,0.9973,0.860143,0.353659,-0.076205,0.9973,0.829838,0.352816,0.026776,0.9958,0.830882,0.353856,-0.135075,0.9974,0.849749,0.374057,-0.0198,0.9972,0.849908,0.373558,-0.066499,0.9976,0.702569,0.370045,0.14627,0.9931,0.760782,0.400465,-0.204174,0.9984,0.720042,0.456185,0.180506,0.258,0.779973,0.492316,-0.209316,0.992,0.762188,0.507547,0.14986,0.3511,0.855411,0.567141,-0.139357,0.9885,0.79418,0.509483,0.168198,0.4205,0.90126,0.574196,-0.171782,0.9842,0.796762,0.51002,0.13648,0.4193,0.906266,0.567692,-0.141799,0.9824,0.785948,0.512522,0.139488,0.4358,0.887576,0.566261,-0.12807,0.9734,0.363107,0.429078,0.114543,0.9982,0.383171,0.455862,-0.113623,0.9983,0.365423,0.517087,0.279543,0.4542,0.371592,0.579222,-0.059768,0.9963,0.144834,0.523192,0.303971,0.9037,0.096741,0.567313,-0.040934,0.998,0.106429,0.510317,0.303565,0.9342,0.071117,0.549679,-0.033049,0.995,0.084197,0.554587,0.338907,0.9453,0.002002,0.593959,0.016687,0.9944
marjaryasana_zen_0033,0.857704,0.35618,-0.1926,0.9998,0.857921,0.339812,-0.184187,0.9996,0.856491,0.338538,-0.183548,0.9995,0.854371,0.337214,-0.18349,0.9995,0.850551,0.340955,-0.215431,0.9997,0.844164,0.340519,-0.216143,0.9997,0.836731,0.339977,-0.21553,0.9997,0.806359,0.332914,-0.107372,0.9994,0.783328,0.336752,-0.261044,0.9997,0.835148,0.364721,-0.161108,0.9997,0.827281,0.364932,-0.205121,0.9998,0.69342,0.352372,-0.002168,0.9991,0.608787,0.402908,-0.297866,0.9997,0.696502,0.426237,0.088406,0.4897,0.605787,0.49815,-0.302365,0.9982,0.735251,0.5091,0.073581,0.7686,0.673059,0.5986,-0.240574,0.9977,0.767149,0.517443,0.075842,0.7611,0.718207,0.613888,-0.282519,0.9941,0.766819,0.52008,0.039529,0.7785,0.732106,0.604441,-0.259659,0.994,0.751798,0.518482,0.061006,0.7752,0.715966,0.598998,-0.233517,0.9904,0.31131,0.385112,0.101478,0.999,0.243674,0.414742,-0.099831,0.9996,0.353412,0.479452,0.326779,0.5249,0.226161,0.529932,0.02146,0.9751,0.121727,0.4573,0.446443,0.6129,0.071988,0.483484,0.187321,0.9473,0.096085,0.441571,0.459241,0.6549,0.052882,0.466454,0.208125,0.9367,0.096458,0.484261,0.527021,0.7562,0.038299,0.500801,0.277678,0.9445
marjaryasana_zen_0034,0.662237,0.365959,-0.669969,0.997,0.673213,0.350213,-0.666633,0.9919,0.678923,0.348325,-0.666217,0.9912,0.684609,0.345634,-0.66642,0.9953,0.64821,0.351568,-0.681453,0.9958,0.634547,0.350374,-0.682581,0.9952,0.617197,0.347611,-0.681579,0.995,0.67888,0.337359,-0.56217,0.9922,0.56837,0.335957,-0.626352,0.9876,0.658661,0.375211,-0.62567,0.9967,0.628025,0.373676,-0.64429,0.9961,0.682774,0.366551,-0.396098,0.9999,0.415586,0.379447,-0.566206,0.9972,0.718516,0.470305,-0.346696,0.8085,0.330248,0.513515,-0.575306,0.9109,0.739595,0.569846,-0.393303,0.8621,0.349136,0.62547,-0.606273,0.9134,0.783468,0.589132,-0.429763,0.799,0.344702,0.654426,-0.670795,0.8419,0.76176,0.587117,-0.46281,0.8594,0.39162,0.644232,-0.676309,0.8468,0.733286,0.579633,-0.406993,0.8387,0.394192,0.636665,-0.617227,0.8031,0.465212,0.426006,0.054244,0.9897,0.329247,0.425716,-0.052713,0.9959,0.488788,0.463314,0.376246,0.0696,0.335802,0.482543,0.255235,0.3787,0.422416,0.441159,0.714958,0.0587,0.258598,0.441817,0.605161,0.3178,0.410313,0.431476,0.7513,0.0662,0.246616,0.42491,0.641903,0.287,0.421504,0.470026,0.771146,0.1388,0.240392,0.475599,0.650237,0.4265
marjaryasana_zen_0035,0.243671,0.440201,-0.380855,1.0,0.256258,0.419965,-0.40591,1.0,0.265839,0.418631,-0.405301,1.0,0.285839,0.417836,-0.404921,1.0,0.234086,0.417408,-0.37733,1.0,0.230673,0.415603,-0.378541,1.0,0.226861,0.413487,-0.377619,1.0,0.343917,0.412602,-0.429076,0.9999,0.2572,0.406476,-0.312453,1.0,0.277119,0.446804,-0.383016,1.0,0.251617,0.444799,-0.347757,1.0,0.521888,0.475207,-0.411077,0.9998,0.289381,0.422049,-0.188801,1.0,0.552602,0.591311,-0.400452,0.9952,0.232464,0.516669,-0.061827,0.9537,0.519961,0.717961,-0.374353,0.9945,0.178477,0.62101,-0.046521,0.9825,0.486553,0.737736,-0.433886,0.9878,0.124372,0.63678,-0.055433,0.969,0.456016,0.729649,-0.428114,0.9879,0.139932,0.639602,-0.102721,0.9737,0.467371,0.721295,-0.376698,0.9797,0.168663,0.633735,-0.065634,0.9742,0.793483,0.467981,-0.069823,1.0,0.659519,0.440413,0.070916,1.0,0.859125,0.605507,-0.111936,0.9812,0.532038,0.550178,0.13135,0.5587,0.913071,0.514588,0.167371,0.5996,0.723621,0.525432,0.320087,0.1494,0.915952,0.489319,0.202228,0.5126,0.742676,0.512863,0.343899,0.1782,0.933462,0.535955,0.299145,0.5574,0.758112,0.545754,0.433987,0.2342
marjaryasana_zen_0036,0.1559,0.491292,-0.129219,0.999,0.160088,0.47839,-0.150061,0.9993,0.16449,0.477981,-0.14896,0.9992,0.169031,0.477478,-0.148698,0.9993,0.157779,0.477546,-0.119291,0.9992,0.160413,0.476555,-0.119921,0.9992,0.16337,0.475422,-0.119097,0.9993,0.204964,0.47568,-0.19155,0.9989,0.199585,0.472012,-0.068729,0.9996,0.183557,0.50085,-0.138684,0.9983,0.179997,0.499566,-0.102576,0.9988,0.317381,0.530599,-0.249643,0.9997,0.322292,0.483553,0.062237,0.9997,0.310835,0.628723,-0.2767,0.9988,0.326465,0.561126,0.162712,0.167,0.249684,0.714456,-0.2293,0.9965,0.276593,0.616167,0.162788,0.4145,0.20936,0.725157,-0.263904,0.9941,0.241247,0.614067,0.182295,0.4564,0.200308,0.719763,-0.234431,0.9937,0.238383,0.61745,0.149752,0.4625,0.216874,0.716179,-0.216808,0.988,0.252213,0.619432,0.150805,0.4578,0.694689,0.554383,-0.091726,1.0,0.662459,0.518885,0.093013,1.0,0.723908,0.670544,0.020465,0.9828,0.631126,0.611544,0.338026,0.3217,0.903536,0.611306,0.07327,0.9638,0.823558,0.589773,0.31499,0.5816,0.914769,0.593868,0.08285,0.9664,0.849485,0.578593,0.313705,0.7499,0.957259,0.632855,0.174286,0.9554,0.874497,0.607079,0.397229,0.715
marjaryasana_zen_0037,0.245155,0.482263,0.311821,0.9999,0.23722,0.475267,0.286388,0.9999,0.233846,0.475992,0.287419,0.9999,0.23067,0.476767,0.287627,0.9999,0.25398,0.471285,0.302027,0.9999,0.259119,0.46953,0.301223,0.9999,0.263284,0.468027,0.30224,0.9999,0.233647,0.478693,0.197946,0.9998,0.270186,0.468819,0.246774,0.9999,0.242759,0.490442,0.283484,0.9997,0.260625,0.485019,0.295617,0.9997,0.22672,0.525894,0.081145,0.9999,0.362972,0.485153,0.25799,0.9995,0.216145,0.599806,0.101177,0.9785,0.382748,0.544806,0.348267,0.0089,0.186283,0.652987,0.234785,0.6856,0.303878,0.603072,0.419504,0.024,0.157669,0.655629,0.253374,0.6789,0.285381,0.608602,0.460448,0.0536,0.156983,0.651975,0.269189,0.6839,0.273907,0.614655,0.439868,0.0583,0.170543,0.652331,0.24789,0.6624,0.278491,0.614118,0.419144,0.0705,0.545613,0.595085,-0.074869,1.0,0.603768,0.558186,0.07532,1.0,0.530876,0.727288,0.031091,0.9992,0.628501,0.642728,0.255132,0.3851,0.816446,0.732746,-0.301393,0.9996,0.844249,0.67241,-0.040067,0.9516,0.850438,0.72212,-0.330952,0.9998,0.868402,0.672769,-0.069913,0.9848,0.91913,0.785929,-0.284307,0.9988,0.944509,0.711462,-0.079454,0.9653
marjaryasana_zen_0038,0.607013,0.428718,0.525272,0.9969,0.594364,0.419881,0.528815,0.9967,0.586212,0.419961,0.529168,0.9964,0.576939,0.419945,0.529166,0.9963,0.616382,0.418874,0.530736,0.9974,0.622613,0.418072,0.529937,0.9971,0.628002,0.417296,0.529493,0.9968,0.559026,0.427048,0.487774,0.9976,0.64089,0.425791,0.471912,0.9975,0.590385,0.43787,0.505909,0.9977,0.618897,0.43588,0.498568,0.9978,0.456077,0.468361,0.373459,0.9989,0.700143,0.467445,0.361323,0.9996,0.545291,0.571723,0.314251,0.0538,0.651672,0.512313,0.280543,0.083,0.559052,0.618433,0.316922,0.0366,0.584475,0.502749,0.26647,0.0459,0.558431,0.628797,0.328004,0.0482,0.588913,0.495522,0.299481,0.0693,0.571828,0.625491,0.333701,0.0498,0.554642,0.493937,0.298599,0.0725,0.575988,0.621714,0.323666,0.0536,0.557912,0.498078,0.271989,0.0893,0.406811,0.570137,0.023278,1.0,0.604043,0.582455,-0.022532,0.9999,0.326615,0.664495,0.046334,0.9548,0.649943,0.697877,0.012957,0.9565,0.187055,0.804442,-0.412714,0.9809,0.498329,0.822002,-0.499353,0.9847,0.18196,0.812391,-0.462935,0.991,0.444552,0.826552,-0.543,0.9933,0.112865,0.90341,-0.510544,0.9414,0.371607,0.921558,-0.578287,0.9526
marjaryasana_zen_0039,0.874282,0.556737,-0.048261,0.9993,0.874083,0.545794,-0.055892,0.9992,0.871447,0.544398,-0.05487,0.9991,0.868507,0.542715,-0.054736,0.999,0.872924,0.547453,-0.077761,0.9995,0.869999,0.547425,-0.078101,0.9995,0.867013,0.547292,-0.077548,0.9995,0.838304,0.539269,-0.039267,0.999,0.839104,0.546364,-0.15467,0.9997,0.849651,0.562952,-0.036252,0.9985,0.847549,0.563909,-0.069878,0.9989,0.713516,0.540844,0.082434,0.9972,0.750451,0.602561,-0.221828,0.9997,0.701672,0.597444,0.199379,0.0628,0.712532,0.687068,-0.192213,0.9939,0.74366,0.654736,0.288107,0.1621,0.781307,0.765633,-0.103532,0.99,0.768012,0.65521,0.314838,0.2366,0.817789,0.779761,-0.130484,0.9851,0.765755,0.660271,0.29055,0.2368,0.829745,0.776153,-0.108975,0.9842,0.749071,0.661869,0.284267,0.242,0.814816,0.770977,-0.094621,0.9717,0.382938,0.576709,0.107168,0.9993,0.374509,0.622099,-0.105731,0.9996,0.364539,0.657856,0.372771,0.1362,0.308478,0.724792,-0.017342,0.9454,0.198956,0.627566,0.399113,0.5779,0.131423,0.670704,-0.025785,0.9742,0.179918,0.615763,0.398514,0.7326,0.115737,0.655847,-0.020637,0.972,0.131856,0.648414,0.447302,0.7653,0.04336,0.695476,0.02331,0.9671
marjaryasana_zen_0040,0.525593,0.5387,-0.757293,0.9999,0.53737,0.528174,-0.759263,0.9999,0.546992,0.527477,-0.758644,0.9999,0.555957,0.526461,-0.758913,0.9999,0.51026,0.528037,-0.759651,0.9999,0.499634,0.52747,-0.760887,0.9999,0.491271,0.526819,-0.760482,0.9998,0.572342,0.517768,-0.660204,0.9999,0.473011,0.522538,-0.660054,0.9998,0.537264,0.546092,-0.713203,0.9998,0.51113,0.545895,-0.715665,0.9998,0.629059,0.527426,-0.502098,1.0,0.403211,0.53407,-0.541017,0.9996,0.658183,0.606187,-0.528628,0.9851,0.359933,0.611023,-0.562049,0.969,0.685353,0.68111,-0.595421,0.9872,0.355776,0.686385,-0.606826,0.9777,0.704778,0.693879,-0.654385,0.9375,0.335491,0.702873,-0.658033,0.8951,0.673983,0.694294,-0.673692,0.9507,0.36072,0.705838,-0.671624,0.9067,0.661089,0.689084,-0.609017,0.9308,0.377295,0.700407,-0.621306,0.8523,0.565811,0.542635,0.010644,1.0,0.457703,0.54288,-0.008613,0.9999,0.579386,0.559468,0.357079,0.045,0.457952,0.555857,0.372833,0.0414,0.567693,0.541146,0.710882,0.0638,0.455807,0.548973,0.754615,0.0713,0.556972,0.53591,0.747263,0.0524,0.459215,0.545075,0.791279,0.0262,0.582252,0.555755,0.700377,0.116,0.457533,0.567685,0.740469,0.1149
marjaryasana_zen_0041,0.230514,0.43452,-0.443099,0.9998,0.251949,0.408522,-0.466959,0.9999,0.266192,0.406318,-0.466707,0.9998,0.315956,0.417793,-0.466074,0.9998,0.225367,0.414693,-0.443801,0.9998,0.22007,0.411717,-0.444998,0.9998,0.215465,0.408996,-0.443933,0.9998,0.352408,0.401721,-0.462646,0.9994,0.241972,0.397164,-0.37425,0.9998,0.291362,0.441235,-0.430747,0.9997,0.238738,0.436632,-0.403784,0.9998,0.567349,0.419977,-0.398947,0.9994,0.236479,0.37003,-0.241608,0.9998,0.612682,0.527162,-0.383857,0.9969,0.230589,0.466708,-0.100145,0.757,0.611376,0.637575,-0.397146,0.9971,0.199502,0.550747,-0.091123,0.9583,0.598598,0.665227,-0.45657,0.9949,0.148888,0.56982,-0.105834,0.9397,0.570229,0.659729,-0.447777,0.9949,0.174242,0.572082,-0.152206,0.9431,0.575509,0.650041,-0.399264,0.9906,0.201131,0.563666,-0.107781,0.945,0.781695,0.327548,-0.065598,0.9998,0.608712,0.290782,0.067087,0.9995,0.772722,0.451603,0.058534,0.8842,0.568978,0.383123,0.288267,0.097,0.851664,0.363347,0.277951,0.7928,0.718242,0.343533,0.444064,0.2001,0.855919,0.351304,0.302527,0.7565,0.736375,0.327832,0.464046,0.3217,0.918873,0.378758,0.361048,0.7395,0.777252,0.36096,0.518857,0.3538
marjaryasana_zen_0042,0.103859,0.531047,0.019894,0.9996,0.088937,0.527528,-0.014924,0.9997,0.088945,0.529559,-0.013601,0.9997,0.088716,0.531678,-0.013365,0.9998,0.091543,0.521292,0.002768,0.9996,0.094429,0.516989,0.002348,0.9996,0.09664,0.514176,0.002949,0.9996,0.103052,0.532161,-0.105778,0.9998,0.113275,0.513461,-0.049453,0.9998,0.122061,0.538345,-0.003035,0.9993,0.130657,0.529514,0.01264,0.9992,0.224928,0.587037,-0.15215,0.9999,0.265927,0.490085,0.033243,0.9994,0.278487,0.655554,-0.096413,0.9951,0.352341,0.522392,0.219203,0.0367,0.267529,0.710808,0.08358,0.9758,0.312926,0.582404,0.381454,0.0578,0.23081,0.721044,0.095154,0.9657,0.306701,0.59525,0.403908,0.0849,0.218902,0.714556,0.095673,0.968,0.291626,0.599014,0.398772,0.0902,0.234679,0.710659,0.09095,0.9535,0.296508,0.596977,0.384387,0.0968,0.634802,0.584939,-0.062373,1.0,0.633887,0.51882,0.063833,1.0,0.652992,0.660091,0.158541,0.9718,0.631095,0.559182,0.395153,0.2601,0.876437,0.613007,0.14542,0.9688,0.785081,0.557525,0.405502,0.6971,0.90341,0.598474,0.1483,0.9805,0.834911,0.539097,0.410265,0.8091,0.939351,0.632048,0.220532,0.965,0.857152,0.569585,0.486097,0.7969
marjaryasana_zen_0043,0.233276,0.400513,0.30481,1.0,0.220479,0.395313,0.280052,1.0,0.214341,0.396423,0.281307,1.0,0.208623,0.397772,0.281314,1.0,0.238808,0.392475,0.287262,1.0,0.246089,0.391299,0.286472,1.0,0.253132,0.390288,0.287109,1.0,0.204456,0.403806,0.174132,1.0,0.265479,0.39317,0.184502,1.0,0.224865,0.408512,0.270347,1.0,0.249542,0.404954,0.269135,1.0,0.180149,0.461558,0.065571,0.9999,0.371552,0.424276,0.169134,0.9998,0.186708,0.545138,0.137266,0.8951,0.410921,0.492558,0.261783,0.0547,0.192293,0.545206,0.336317,0.1908,0.380828,0.525417,0.366177,0.0119,0.183838,0.54373,0.371581,0.192,0.374172,0.53136,0.407436,0.0188,0.191022,0.538456,0.37777,0.2014,0.363346,0.529921,0.415112,0.0192,0.198436,0.536198,0.348372,0.1819,0.362617,0.528128,0.378112,0.0237,0.413113,0.572622,-0.058684,1.0,0.524013,0.536864,0.059428,1.0,0.402892,0.671425,0.091313,0.9997,0.582797,0.587459,0.272676,0.9368,0.598451,0.727693,-0.265996,0.9999,0.710729,0.665196,-0.058729,0.9976,0.637716,0.724488,-0.294982,1.0,0.720687,0.672387,-0.084737,0.9988,0.640654,0.781873,-0.223895,0.9988,0.758812,0.708103,-0.041127,0.9884
marjaryasana_zen_0044,0.690038,0.361758,0.261504,0.9995,0.688671,0.351192,0.229551,0.9993,0.681654,0.350027,0.23065,0.9993,0.67421,0.349121,0.230569,0.9992,0.706787,0.356381,0.232401,0.9994,0.712,0.358387,0.231713,0.9994,0.71778,0.360736,0.232176,0.9994,0.657541,0.353107,0.114417,0.9996,0.719158,0.369362,0.108585,0.9996,0.670899,0.367808,0.228386,0.9984,0.693259,0.375066,0.223935,0.9979,0.52998,0.387669,0.116728,0.9989,0.751053,0.441003,0.05853,0.9977,0.516418,0.439166,0.221156,0.1249,0.735476,0.519764,0.176793,0.4615,0.619239,0.423144,0.396203,0.0224,0.694636,0.48317,0.391671,0.0291,0.634941,0.414907,0.441518,0.0265,0.704621,0.472628,0.427499,0.0356,0.656097,0.416412,0.44574,0.026,0.684803,0.461865,0.44443,0.0339,0.653026,0.421847,0.409501,0.0267,0.675764,0.46481,0.405693,0.039,0.393301,0.527707,0.03455,0.9998,0.531713,0.563714,-0.033503,0.9997,0.272588,0.600127,0.197524,0.6229,0.527811,0.654208,0.119957,0.7872,0.168851,0.684725,0.00071,0.8772,0.321913,0.730665,-0.08996,0.9708,0.146577,0.697114,-0.021008,0.9323,0.294246,0.73334,-0.104426,0.976,0.135354,0.713456,0.012321,0.8619,0.277129,0.764062,-0.064492,0.9529
marjaryasana_zen_0045,0.810166,0.473475,0.185703,0.9998,0.821325,0.461392,0.161796,0.9998,0.817766,0.45779,0.163016,0.9997,0.814499,0.454734,0.163038,0.9997,0.826685,0.471434,0.154883,0.9999,0.826922,0.473972,0.154656,0.9999,0.827383,0.476635,0.155061,0.9999,0.790926,0.451646,0.082809,0.9997,0.811939,0.480541,0.029908,0.9998,0.785054,0.473688,0.162451,0.9984,0.793731,0.483708,0.145524,0.9984,0.66427,0.4463,0.146269,0.997,0.72868,0.533104,-0.0818,0.9997,0.631552,0.482368,0.33073,0.0201,0.68011,0.604219,-0.003609,0.9581,0.700961,0.518515,0.518616,0.0294,0.723785,0.634197,0.167521,0.8022,0.713789,0.522292,0.558617,0.0615,0.745612,0.638102,0.182686,0.7912,0.7252,0.526824,0.552446,0.0604,0.748609,0.631929,0.194168,0.7851,0.718942,0.528575,0.525212,0.0656,0.737951,0.629784,0.17961,0.723,0.361391,0.504624,0.089156,0.9994,0.388668,0.554777,-0.087589,0.9997,0.31004,0.536125,0.361794,0.1867,0.348222,0.630487,0.039225,0.8977,0.12464,0.548654,0.328167,0.5706,0.119005,0.61067,-0.045519,0.98,0.09401,0.543532,0.31926,0.7577,0.091659,0.595871,-0.04673,0.9821,0.098667,0.5655,0.367142,0.5423,0.057913,0.628517,-0.018664,0.9532
marjaryasana_zen_0046,0.572946,0.584971,-0.284114,0.9992,0.586343,0.577283,-0.301094,0.9993,0.594265,0.574979,-0.300502,0.9991,0.601674,0.572848,-0.299988,0.9994,0.56294,0.578248,-0.310833,0.9993,0.554196,0.578245,-0.31148,0.9993,0.545452,0.578355,-0.311096,0.9995,0.606496,0.557558,-0.267895,0.999,0.522034,0.563446,-0.324147,0.9984,0.577606,0.580835,-0.260044,0.9994,0.548618,0.583512,-0.277182,0.9993,0.618708,0.509278,-0.170598,0.9987,0.369387,0.541518,-0.276904,0.9994,0.630552,0.529806,0.004101,0.3947,0.308072,0.582561,-0.201997,0.9561,0.643871,0.588944,0.087445,0.3898,0.347016,0.64477,-0.141866,0.9421,0.668553,0.606242,0.080955,0.4477,0.34704,0.664336,-0.168398,0.9409,0.642947,0.606727,0.056247,0.4583,0.373459,0.657437,-0.191236,0.9472,0.626247,0.599015,0.080454,0.4609,0.379134,0.647529,-0.150592,0.9325,0.427232,0.419324,0.04135,0.9992,0.304357,0.437747,-0.039858,0.9995,0.488648,0.478516,0.276446,0.0223,0.325803,0.517886,0.149329,0.163,0.400272,0.468364,0.535353,0.0374,0.304539,0.488492,0.423221,0.2,0.378961,0.460134,0.565608,0.0578,0.298522,0.475944,0.455845,0.2653,0.399787,0.496186,0.612519,0.0346,0.313498,0.515407,0.496309,0.1483
marjaryasana_zen_0047,0.367156,0.387305,-0.6843,0.9997,0.383654,0.367933,-0.697807,0.9998,0.400031,0.365437,-0.6975,0.9998,0.414556,0.363052,-0.697609,0.9998,0.346092,0.369004,-0.683798,0.9998,0.333633,0.367669,-0.685875,0.9998,0.324871,0.365968,-0.684564,0.9998,0.454658,0.352996,-0.629895,0.9997,0.332398,0.358292,-0.584439,0.9999,0.40173,0.393561,-0.648846,0.9996,0.363469,0.396284,-0.63447,0.9998,0.619047,0.386239,-0.531183,0.9971,0.324854,0.386073,-0.45126,0.9999,0.711119,0.533837,-0.572157,0.9982,0.289627,0.486539,-0.395934,0.9632,0.715745,0.650751,-0.601105,0.9936,0.244087,0.591554,-0.46388,0.9904,0.72728,0.67554,-0.681821,0.9792,0.202502,0.609011,-0.506167,0.9769,0.689198,0.673052,-0.685978,0.9835,0.217525,0.612529,-0.537618,0.9846,0.675096,0.663199,-0.614608,0.9889,0.2466,0.605901,-0.478776,0.9834,0.702615,0.43338,-0.037895,1.0,0.559878,0.434462,0.038537,0.9998,0.67916,0.511907,0.19796,0.847,0.556229,0.48161,0.276692,0.3596,0.735419,0.49569,0.521681,0.702,0.632838,0.502813,0.619722,0.124,0.750959,0.486592,0.555544,0.5781,0.657476,0.498349,0.657999,0.092,0.722344,0.524429,0.581495,0.7334,0.641043,0.534919,0.675127,0.2758
marjaryasana_zen_0048,0.426098,0.496433,-0.599678,0.9998,0.436989,0.485212,-0.618804,0.9998,0.444346,0.488795,-0.618531,0.9998,0.453781,0.48794,-0.618041,0.9997,0.415959,0.483735,-0.600911,0.9999,0.411625,0.482643,-0.602561,0.9999,0.405602,0.481689,-0.601752,0.9999,0.500525,0.473743,-0.581182,0.9997,0.416821,0.475584,-0.511886,0.9999,0.452188,0.500411,-0.57572,0.9998,0.42683,0.499429,-0.556096,0.9999,0.618435,0.504994,-0.489398,0.9992,0.410135,0.479406,-0.393685,1.0,0.694819,0.594905,-0.513058,0.9975,0.370697,0.543567,-0.292994,0.9721,0.687531,0.681906,-0.525793,0.9961,0.335306,0.614388,-0.307413,0.9925,0.696065,0.702593,-0.594366,0.9884,0.310261,0.595025,-0.337813,0.9874,0.667508,0.701202,-0.598955,0.9891,0.318869,0.62956,-0.381002,0.9897,0.661331,0.692736,-0.537701,0.98,0.330327,0.628202,-0.324467,0.9862,0.706363,0.508582,-0.044463,0.9998,0.595949,0.493643,0.045074,0.9997,0.668559,0.560616,0.149286,0.3669,0.529936,0.509082,0.273665,0.1732,0.668001,0.543963,0.480124,0.2085,0.600215,0.541147,0.541393,0.0638,0.682105,0.536547,0.513328,0.2083,0.625301,0.54198,0.574057,0.0908,0.606853,0.561331,0.553502,0.2255,0.565961,0.565511,0.624464,0.1475
marjaryasana_zen_0049,0.489147,0.442778,-0.617482,1.0,0.505441,0.440282,-0.632164,0.9999,0.520129,0.438458,-0.631245,0.9999,0.535041,0.43601,-0.630987,0.9999,0.470336,0.441233,-0.625987,0.9999,0.455765,0.43909,-0.626964,0.9999,0.440463,0.438386,-0.626177,0.9999,0.576661,0.41515,-0.557467,0.9997,0.407022,0.424973,-0.546365,0.9997,0.506461,0.432721,-0.577122,0.9999,0.463595,0.434174,-0.576041,0.9999,0.71264,0.372218,-0.417072,0.9992,0.302351,0.393035,-0.406759,0.9988,0.794716,0.502833,-0.378797,0.9841,0.220254,0.507919,-0.359864,0.9782,0.822436,0.629161,-0.446524,0.9929,0.203675,0.624862,-0.420674,0.9868,0.849974,0.651435,-0.500302,0.9863,0.169575,0.648833,-0.471318,0.9778,0.799438,0.657308,-0.519087,0.9866,0.222793,0.647569,-0.489986,0.9794,0.778286,0.64994,-0.457456,0.9777,0.245466,0.640025,-0.434599,0.9694,0.571869,0.280677,0.010256,0.9983,0.357219,0.29525,-0.008934,0.9984,0.601605,0.383108,0.211642,0.108,0.324209,0.411764,0.186017,0.0898,0.520804,0.426275,0.574489,0.1049,0.371276,0.437057,0.540867,0.1242,0.497336,0.42749,0.609643,0.0752,0.382497,0.435621,0.576182,0.0869,0.522926,0.467831,0.562137,0.2007,0.386793,0.474692,0.521718,0.2089
marjaryasana_zen_0050,0.453809,0.51226,-0.508035,1.0,0.473561,0.510158,-0.530544,0.9998,0.490779,0.509033,-0.529966,0.9998,0.509637,0.507463,-0.529478,0.9998,0.433622,0.5088,-0.521875,0.9998,0.4204,0.506847,-0.523204,0.9998,0.406002,0.504817,-0.522456,0.9998,0.56225,0.483501,-0.495062,0.9996,0.388616,0.483265,-0.475744,0.9997,0.485859,0.504711,-0.481552,0.9999,0.437402,0.502146,-0.476099,0.9999,0.718409,0.438911,-0.395578,0.9991,0.268101,0.430071,-0.372193,0.9997,0.79588,0.580102,-0.370292,0.9908,0.221335,0.548019,-0.319787,0.9785,0.774568,0.71575,-0.412098,0.9949,0.170515,0.655705,-0.358658,0.9941,0.777317,0.746653,-0.46863,0.992,0.115402,0.68102,-0.409575,0.9921,0.721873,0.73986,-0.492058,0.9918,0.160484,0.681463,-0.430158,0.9922,0.713175,0.725895,-0.424405,0.9858,0.194008,0.672316,-0.369371,0.9887,0.680288,0.313442,-0.007477,0.9992,0.443998,0.308074,0.008558,0.9989,0.755706,0.486433,0.147486,0.1712,0.357784,0.451404,0.156184,0.1239,0.694366,0.445146,0.494524,0.2865,0.358261,0.434674,0.504575,0.1945,0.672949,0.43275,0.526764,0.1551,0.368853,0.427272,0.539681,0.1098,0.6945,0.483604,0.48283,0.4032,0.338425,0.465064,0.501053,0.3102
marjaryasana_zen_0051,0.340708,0.454317,-0.229986,0.9997,0.325905,0.454856,-0.263674,0.9996,0.330141,0.453801,-0.2635,0.9996,0.338348,0.451815,-0.263195,0.9996,0.308702,0.456467,-0.240151,0.9996,0.300974,0.456535,-0.241464,0.9995,0.285931,0.45522,-0.240641,0.9995,0.342074,0.434155,-0.325446,0.9995,0.279385,0.433925,-0.232029,0.9995,0.368456,0.442827,-0.244366,0.9998,0.347956,0.444265,-0.216538,0.9998,0.503545,0.414461,-0.340873,0.9991,0.238255,0.371128,-0.155034,0.9994,0.547692,0.526423,-0.375646,0.9914,0.229248,0.462916,-0.000212,0.3847,0.490119,0.652662,-0.353982,0.9877,0.199646,0.540797,0.042591,0.8163,0.468123,0.678764,-0.404141,0.9741,0.146815,0.553287,0.030848,0.8324,0.427607,0.672932,-0.401035,0.9813,0.160432,0.557803,-0.005189,0.8514,0.439582,0.660066,-0.356739,0.9723,0.189264,0.554921,0.028068,0.8406,0.698356,0.34828,-0.07137,0.9995,0.545311,0.324068,0.072102,0.9986,0.686604,0.487628,0.023553,0.7848,0.505774,0.441673,0.222259,0.1054,0.815899,0.446837,0.250003,0.6399,0.729213,0.427554,0.427308,0.1427,0.847373,0.433848,0.275401,0.523,0.763144,0.412325,0.446621,0.1793,0.83018,0.492956,0.315511,0.5866,0.776549,0.463655,0.482295,0.2747
marjaryasana_zen_0052,0.13005,0.486578,-0.113499,0.9968,0.107173,0.482184,-0.147117,0.9988,0.105608,0.483141,-0.146459,0.9987,0.103051,0.48448,-0.146308,0.999,0.107277,0.478941,-0.119235,0.9981,0.098837,0.478166,-0.120159,0.9976,0.096685,0.477531,-0.119523,0.9986,0.095891,0.478855,-0.229224,0.9975,0.082723,0.463528,-0.11705,0.9987,0.15328,0.477789,-0.137006,0.997,0.14459,0.473506,-0.104063,0.9969,0.195481,0.466003,-0.281066,0.9997,0.128046,0.413195,-0.014432,0.9984,0.157492,0.562579,-0.299212,0.9877,0.157491,0.494885,0.117069,0.0615,0.119788,0.650333,-0.234805,0.9798,0.142898,0.574036,0.116296,0.1417,0.073515,0.664869,-0.271549,0.9746,0.117572,0.58508,0.117662,0.1981,0.061542,0.658714,-0.254344,0.9744,0.116351,0.591385,0.084096,0.2117,0.079551,0.655006,-0.230721,0.961,0.130954,0.59066,0.099773,0.2231,0.544554,0.448358,-0.095995,1.0,0.509295,0.409284,0.096993,0.9998,0.618686,0.590003,-0.08863,0.9843,0.519536,0.522592,0.254564,0.2262,0.865348,0.541137,0.017755,0.964,0.728824,0.502954,0.425535,0.2606,0.891171,0.520384,0.03435,0.9558,0.756838,0.484836,0.445148,0.3569,0.940279,0.572158,0.10754,0.9449,0.799593,0.530504,0.516447,0.3791
marjaryasana_zen_0053,0.22409,0.491543,0.261083,0.9997,0.189591,0.490462,0.232844,0.9999,0.188332,0.490844,0.233686,0.9999,0.183555,0.492377,0.233866,0.9999,0.204486,0.489343,0.266119,0.9998,0.206747,0.486955,0.265337,0.9998,0.209047,0.484407,0.266067,0.9999,0.173445,0.483044,0.130413,0.9998,0.206262,0.471391,0.263258,0.9999,0.22128,0.487068,0.225118,0.9997,0.238298,0.486311,0.262604,0.9996,0.195788,0.476173,0.031472,1.0,0.306235,0.428807,0.295829,0.9996,0.204021,0.554167,0.019255,0.9586,0.412509,0.485852,0.421232,0.0635,0.171504,0.615434,0.143697,0.9158,0.325226,0.544488,0.464881,0.1089,0.133485,0.627353,0.157588,0.902,0.345302,0.564128,0.483969,0.1595,0.137798,0.619396,0.172704,0.9054,0.302205,0.555953,0.468323,0.1591,0.153089,0.615361,0.157669,0.8848,0.338557,0.568816,0.460867,0.1676,0.583064,0.501769,-0.094821,1.0,0.639869,0.460924,0.095558,1.0,0.620837,0.636344,-0.066195,0.9968,0.613882,0.579128,0.260824,0.3735,0.920141,0.623828,-0.316727,0.9987,0.857665,0.565777,0.050906,0.7752,0.958575,0.605557,-0.337802,0.999,0.888527,0.553716,0.02864,0.923,1.036457,0.647545,-0.319545,0.9975,0.943019,0.601146,0.038554,0.8823
marjaryasana_zen_0054,0.296934,0.373327,0.409,0.9908,0.282842,0.373711,0.403815,0.9899,0.276612,0.373795,0.40375,0.9895,0.27043,0.373945,0.4041,0.9877,0.300112,0.37131,0.422565,0.9854,0.306174,0.369643,0.421997,0.9833,0.312345,0.367914,0.422931,0.9847,0.267927,0.36991,0.319926,0.9892,0.328122,0.360814,0.389088,0.9862,0.299076,0.37496,0.372025,0.9925,0.31247,0.369857,0.387785,0.9907,0.232459,0.37713,0.182722,0.9999,0.445815,0.336132,0.313017,0.9996,0.223286,0.451078,0.144342,0.8888,0.477333,0.406713,0.275526,0.0237,0.229838,0.499996,0.234919,0.4704,0.486428,0.472373,0.225559,0.0469,0.219406,0.5112,0.258954,0.402,0.491721,0.481559,0.274859,0.0621,0.238954,0.505906,0.278881,0.4161,0.466184,0.493637,0.281413,0.0665,0.246655,0.503175,0.248354,0.3972,0.460645,0.490108,0.237092,0.0873,0.427923,0.441886,-0.03989,1.0,0.542107,0.41903,0.040981,1.0,0.383205,0.558768,0.095919,0.9996,0.592579,0.501515,0.213182,0.9708,0.589614,0.604143,-0.412666,0.9999,0.735094,0.558487,-0.281077,0.9998,0.629322,0.597673,-0.457384,1.0,0.74273,0.556578,-0.323998,0.9999,0.674096,0.681736,-0.434847,0.9993,0.805742,0.593624,-0.336104,0.9987
marjaryasana_zen_0055,0.50197,0.410909,0.625046,0.9689,0.489573,0.409084,0.621143,0.9718,0.483556,0.40835,0.621108,0.9669,0.477615,0.407695,0.621093,0.9712,0.507195,0.39925,0.625979,0.9643,0.51483,0.399341,0.62461,0.9532,0.521914,0.399711,0.624804,0.962,0.468024,0.404633,0.537225,0.9759,0.515989,0.40779,0.530444,0.9716,0.494676,0.408665,0.587532,0.9781,0.510695,0.409803,0.582789,0.9765,0.387047,0.397694,0.395147,0.9996,0.597825,0.401642,0.36787,0.9994,0.426224,0.462177,0.329801,0.0764,0.605278,0.462323,0.290083,0.1769,0.469771,0.512331,0.313035,0.1534,0.601979,0.496943,0.272447,0.0996,0.474702,0.520742,0.315209,0.1691,0.612361,0.501695,0.297878,0.1208,0.493471,0.519267,0.326503,0.1649,0.584764,0.495639,0.309147,0.1221,0.496427,0.515585,0.320182,0.1704,0.578591,0.492867,0.282069,0.1388,0.426571,0.452019,0.023169,1.0,0.579151,0.444682,-0.022804,1.0,0.364357,0.560564,0.017888,0.9695,0.654922,0.546839,0.000738,0.8639,0.35684,0.671707,-0.399159,0.9713,0.66889,0.650096,-0.427718,0.9499,0.34879,0.687005,-0.448097,0.9909,0.66875,0.659174,-0.46475,0.9838,0.339963,0.738745,-0.486885,0.8844,0.662342,0.707542,-0.50929,0.8779
marjaryasana_zen_0056,0.710603,0.357831,0.544304,0.9973,0.709574,0.349543,0.543833,0.9938,0.702188,0.348194,0.544312,0.9919,0.695014,0.346268,0.544509,0.9917,0.732904,0.351986,0.54049,0.9957,0.742298,0.351049,0.539553,0.9954,0.748828,0.350706,0.539895,0.9944,0.681159,0.34344,0.515747,0.9947,0.747341,0.352988,0.469367,0.9966,0.682981,0.361751,0.530612,0.9972,0.71111,0.363222,0.514558,0.998,0.596121,0.345512,0.439899,0.9998,0.790303,0.369989,0.299634,1.0,0.549679,0.401659,0.423195,0.081,0.808721,0.435443,0.225736,0.9407,0.524548,0.456401,0.442235,0.0507,0.805349,0.496504,0.278173,0.3786,0.506086,0.468947,0.465881,0.0662,0.801437,0.508592,0.31017,0.3487,0.526914,0.473572,0.471586,0.0671,0.790616,0.506077,0.31727,0.3651,0.534827,0.468785,0.452158,0.0684,0.781415,0.500383,0.289317,0.4053,0.435965,0.445557,0.064115,1.0,0.575238,0.467948,-0.063986,1.0,0.405927,0.553291,0.109858,0.9167,0.712464,0.596391,-0.049364,0.987,0.195578,0.627172,-0.324496,0.9854,0.472631,0.663035,-0.484743,0.9948,0.152258,0.627383,-0.374447,0.995,0.432285,0.650345,-0.518999,0.9972,0.100588,0.703946,-0.41685,0.9641,0.367368,0.729141,-0.521721,0.9824
marjaryasana_zen_0057,0.798342,0.454386,0.410689,0.9987,0.812588,0.447356,0.407108,0.9982,0.812021,0.444924,0.407888,0.9972,0.811318,0.442524,0.407944,0.9981,0.819039,0.450348,0.391289,0.9986,0.823397,0.449963,0.390195,0.998,0.82784,0.449634,0.391369,0.9985,0.825082,0.428702,0.381474,0.9976,0.847811,0.438741,0.282723,0.9984,0.796029,0.447781,0.402827,0.9976,0.803473,0.450765,0.371546,0.9977,0.769584,0.406923,0.361214,0.9998,0.89238,0.439068,0.153038,1.0,0.752367,0.481598,0.372121,0.0508,0.894676,0.510612,0.136547,0.9798,0.762187,0.561022,0.347626,0.1515,0.916273,0.584459,0.241235,0.8976,0.765781,0.57249,0.356477,0.2464,0.93729,0.599466,0.271413,0.8455,0.779007,0.576174,0.352802,0.2575,0.928165,0.596494,0.279433,0.8381,0.776178,0.572302,0.35086,0.2471,0.917925,0.592767,0.254645,0.8309,0.496831,0.465303,0.084806,1.0,0.573141,0.497212,-0.084624,1.0,0.434748,0.577686,0.210438,0.6287,0.559139,0.659807,-0.04654,0.9829,0.170005,0.600818,-0.067243,0.9011,0.246191,0.670382,-0.312512,0.9928,0.129915,0.59298,-0.101842,0.9493,0.212085,0.654916,-0.32753,0.9921,0.075099,0.644172,-0.117873,0.9009,0.102732,0.717376,-0.308433,0.9871
marjaryasana_zen_0058,0.859849,0.458793,0.201273,0.9997,0.879063,0.456415,0.195261,0.9996,0.881739,0.452886,0.196863,0.9995,0.884292,0.450087,0.19672,0.9997,0.875763,0.463587,0.174459,0.9998,0.875878,0.465769,0.174093,0.9998,0.876117,0.467729,0.1748,0.9998,0.890884,0.440847,0.176944,0.9995,0.880944,0.462235,0.060389,0.9996,0.852365,0.448668,0.200217,0.9983,0.848709,0.457068,0.164798,0.9985,0.83975,0.390438,0.226772,0.9996,0.828554,0.469807,-0.04771,1.0,0.807217,0.467559,0.322054,0.0894,0.779701,0.563092,-0.023191,0.9697,0.821361,0.537731,0.372616,0.1993,0.827169,0.63395,0.115128,0.9377,0.839455,0.545025,0.385566,0.2623,0.850239,0.649479,0.129244,0.9215,0.836367,0.545085,0.383096,0.2541,0.867503,0.644731,0.146791,0.9146,0.823111,0.544293,0.376318,0.2357,0.854024,0.639996,0.129239,0.8834,0.475239,0.411484,0.109847,0.9999,0.481362,0.467364,-0.108409,1.0,0.47475,0.501364,0.415561,0.1062,0.412733,0.590975,-0.042973,0.9457,0.272101,0.495426,0.375902,0.556,0.193375,0.543577,-0.20739,0.9912,0.246032,0.484075,0.366489,0.7093,0.172094,0.526362,-0.214015,0.9899,0.2171,0.527387,0.390886,0.7605,0.117562,0.565229,-0.197171,0.9911
marjaryasana_zen_0059,0.589937,0.44197,-0.175679,0.9987,0.616427,0.445861,-0.185042,0.9985,0.623502,0.445652,-0.184035,0.9979,0.630255,0.445682,-0.184173,0.9991,0.600028,0.444776,-0.210661,0.9992,0.595969,0.444143,-0.211462,0.9988,0.591661,0.443718,-0.210723,0.9993,0.643547,0.433864,-0.169304,0.9987,0.592417,0.433263,-0.303169,0.997,0.589677,0.432967,-0.163594,0.9982,0.573076,0.432419,-0.201843,0.9981,0.661698,0.374297,-0.108093,0.9988,0.47523,0.408915,-0.340422,0.9996,0.662828,0.453665,-0.046168,0.4635,0.429168,0.51782,-0.368464,0.9877,0.69474,0.523644,-0.080795,0.6345,0.478152,0.608207,-0.351413,0.993,0.726148,0.535467,-0.093133,0.6387,0.501469,0.630586,-0.401411,0.985,0.719561,0.538364,-0.13021,0.6519,0.521263,0.624404,-0.380934,0.986,0.699341,0.536809,-0.094659,0.6597,0.514395,0.616912,-0.348941,0.9757,0.327045,0.355092,0.093395,0.9995,0.248102,0.369935,-0.091633,0.9997,0.380653,0.483296,0.186231,0.2046,0.2898,0.511388,-0.049345,0.7398,0.211005,0.430865,0.343082,0.154,0.167276,0.447352,0.192116,0.456,0.19772,0.414107,0.360675,0.152,0.160586,0.423898,0.22024,0.4873,0.176018,0.446478,0.411743,0.2359,0.140198,0.464121,0.301505,0.5197
marjaryasana_zen_0060,0.475272,0.522931,-0.524275,1.0,0.49874,0.518182,-0.542388,0.9999,0.51438,0.515697,-0.541906,0.9999,0.530785,0.512773,-0.541488,0.9999,0.458448,0.519153,-0.537438,0.9999,0.444851,0.517522,-0.538768,0.9999,0.430847,0.515624,-0.538332,0.9999,0.563689,0.491094,-0.485501,0.9999,0.395603,0.491315,-0.480024,0.9999,0.499371,0.512396,-0.490228,1.0,0.450732,0.514498,-0.489447,1.0,0.679332,0.45851,-0.389493,0.9996,0.283556,0.447715,-0.383527,0.9998,0.693186,0.560642,-0.376144,0.9834,0.251604,0.555837,-0.371835,0.9902,0.693472,0.655513,-0.442821,0.9903,0.222715,0.64309,-0.429755,0.9958,0.717621,0.680338,-0.499888,0.9873,0.193012,0.668207,-0.488508,0.9945,0.669659,0.676546,-0.52645,0.9866,0.227779,0.666056,-0.507952,0.9948,0.650268,0.665649,-0.457884,0.9796,0.252207,0.655825,-0.440225,0.9922,0.591955,0.3524,0.005306,0.9997,0.380672,0.3459,-0.0042,0.9998,0.63443,0.450157,0.129855,0.0813,0.334179,0.444133,0.093335,0.1735,0.535589,0.435749,0.457617,0.1545,0.324444,0.416184,0.41838,0.2117,0.513363,0.426481,0.487275,0.1016,0.32674,0.409179,0.450389,0.126,0.528986,0.461954,0.446149,0.3012,0.312587,0.434013,0.404715,0.3651
marjaryasana_zen_0061,0.396543,0.533519,-0.22215,0.9998,0.39633,0.53756,-0.25435,0.9998,0.408553,0.535609,-0.253788,0.9998,0.417745,0.535086,-0.253604,0.9998,0.376198,0.537965,-0.242955,0.9998,0.368308,0.536169,-0.244263,0.9997,0.360859,0.536631,-0.243562,0.9997,0.43835,0.525505,-0.31203,0.9996,0.367052,0.523288,-0.278737,0.9998,0.425859,0.523576,-0.233041,0.9998,0.40128,0.525164,-0.223095,0.9998,0.549534,0.494819,-0.312674,0.9995,0.323375,0.462893,-0.214136,0.9997,0.613162,0.577868,-0.321058,0.9934,0.317978,0.525376,-0.086097,0.73,0.593489,0.656105,-0.331491,0.9899,0.29223,0.589428,-0.074331,0.9594,0.585382,0.677854,-0.37482,0.981,0.257211,0.601343,-0.099759,0.9528,0.558295,0.671117,-0.380247,0.982,0.275925,0.604655,-0.126773,0.9582,0.560044,0.661132,-0.338262,0.9763,0.294189,0.600196,-0.085665,0.9517,0.660399,0.418641,-0.044553,0.9999,0.535716,0.400051,0.045436,0.9998,0.672578,0.521,0.066767,0.5511,0.496824,0.487834,0.208119,0.1174,0.741248,0.457977,0.332316,0.3137,0.642802,0.456877,0.45185,0.1369,0.745622,0.449295,0.361734,0.2398,0.657239,0.446886,0.477352,0.1708,0.76913,0.48196,0.413443,0.2917,0.693277,0.475329,0.525731,0.2165
marjaryasana_zen_0062,0.195609,0.474538,-0.045841,0.9978,0.176228,0.477705,-0.08346,0.9992,0.176674,0.478574,-0.082892,0.9989,0.177597,0.479784,-0.08271,0.9991,0.171855,0.473772,-0.059162,0.9986,0.169525,0.472611,-0.059933,0.9981,0.167793,0.471704,-0.059298,0.9988,0.179806,0.474749,-0.180029,0.9985,0.164968,0.462334,-0.080981,0.9991,0.213886,0.47222,-0.073755,0.9985,0.210554,0.468619,-0.044646,0.9988,0.279379,0.477343,-0.217212,0.9997,0.200238,0.405063,-0.008467,0.9994,0.29759,0.553797,-0.192324,0.9779,0.220976,0.46907,0.193423,0.0792,0.281378,0.623278,-0.040794,0.9221,0.221976,0.533198,0.323084,0.2674,0.242996,0.645566,-0.042466,0.9033,0.186032,0.541416,0.332472,0.3241,0.233098,0.637729,-0.048132,0.914,0.188306,0.542573,0.317062,0.3406,0.247474,0.628492,-0.038591,0.8984,0.206009,0.540823,0.319431,0.3368,0.61412,0.456406,-0.078554,0.9999,0.560702,0.411192,0.079531,0.9998,0.620442,0.565943,0.024488,0.9501,0.48549,0.491719,0.274468,0.2148,0.810048,0.515753,0.111856,0.9277,0.674548,0.490388,0.368785,0.4383,0.834896,0.500447,0.12474,0.9232,0.715773,0.48206,0.379211,0.575,0.859941,0.542389,0.188362,0.8868,0.750619,0.530375,0.440435,0.495
marjaryasana_zen_0063,0.247022,0.489636,0.399721,0.999,0.224965,0.488414,0.377313,0.9994,0.220467,0.488065,0.378301,0.9994,0.216162,0.487717,0.378693,0.9994,0.23519,0.48647,0.405823,0.9991,0.238042,0.484901,0.405454,0.9989,0.241004,0.483195,0.405949,0.9993,0.211821,0.48008,0.272885,0.9986,0.244639,0.472931,0.38132,0.9994,0.247013,0.487514,0.359466,0.9982,0.264228,0.484277,0.38942,0.9987,0.20553,0.475676,0.148057,1.0,0.349902,0.440539,0.379371,0.9999,0.193544,0.547131,0.134136,0.8526,0.427778,0.495462,0.5122,0.0086,0.185865,0.596569,0.278307,0.6027,0.382608,0.552889,0.573546,0.0144,0.162191,0.601744,0.305998,0.5979,0.38261,0.573493,0.597543,0.0292,0.164929,0.595317,0.31675,0.6149,0.367633,0.580854,0.589724,0.0304,0.176676,0.59255,0.293275,0.5592,0.368964,0.577935,0.573498,0.0437,0.484961,0.534364,-0.082059,1.0,0.575587,0.507178,0.082677,1.0,0.495174,0.667178,0.003793,0.9996,0.607373,0.586247,0.252262,0.8238,0.752903,0.6964,-0.362426,0.9998,0.791182,0.624698,-0.120875,0.9898,0.793082,0.686658,-0.394669,0.9999,0.810587,0.620383,-0.155915,0.9965,0.844681,0.745271,-0.353648,0.9996,0.863276,0.665719,-0.16265,0.9897
marjaryasana_zen_0064,0.478777,0.488823,0.311051,0.9998,0.467251,0.48438,0.350961,0.9994,0.4616,0.482385,0.351516,0.9995,0.456012,0.480361,0.352266,0.9992,0.485741,0.489789,0.33648,0.9995,0.492982,0.491273,0.335744,0.9996,0.500242,0.492707,0.337343,0.9994,0.453923,0.476278,0.439776,0.9994,0.523449,0.493102,0.36181,0.9993,0.479275,0.484477,0.333468,0.9996,0.499028,0.489754,0.307559,0.9996,0.426502,0.465201,0.374265,0.9999,0.61269,0.512955,0.278671,1.0,0.377064,0.455307,0.319348,0.0415,0.570544,0.537664,0.133083,0.1262,0.365846,0.447805,0.247127,0.1467,0.547508,0.532719,0.022832,0.175,0.355062,0.433813,0.236996,0.2514,0.547404,0.524933,0.027727,0.3561,0.371,0.435845,0.225622,0.2242,0.538747,0.531251,0.049766,0.3174,0.374931,0.442616,0.249188,0.2079,0.528606,0.535047,0.031982,0.3267,0.436558,0.471407,0.023936,0.9992,0.571691,0.489704,-0.022853,0.9995,0.425702,0.568251,-0.075925,0.834,0.5282,0.582924,-0.151791,0.9475,0.429787,0.68164,-0.271394,0.518,0.578337,0.674914,-0.35113,0.8733,0.457565,0.690665,-0.289988,0.7806,0.546208,0.67465,-0.366133,0.9736,0.517398,0.72843,-0.329567,0.7164,0.584067,0.721205,-0.42779,0.9486
marjaryasana_zen_0065,0.713139,0.368341,0.509647,0.9999,0.702737,0.361626,0.501942,0.9999,0.695507,0.360485,0.502486,0.9999,0.68819,0.359413,0.502345,0.9999,0.722398,0.364439,0.490761,1.0,0.72833,0.365058,0.490191,0.9999,0.734259,0.365673,0.490506,1.0,0.671033,0.359212,0.429622,0.9999,0.738788,0.368687,0.359782,1.0,0.698037,0.370698,0.481554,1.0,0.718657,0.373542,0.456128,1.0,0.580687,0.384818,0.375821,1.0,0.78709,0.407066,0.193786,1.0,0.560925,0.453618,0.429719,0.0714,0.789851,0.483347,0.212246,0.9623,0.558985,0.498827,0.519007,0.0698,0.795216,0.518956,0.349127,0.5313,0.550126,0.505949,0.554059,0.1027,0.80515,0.524082,0.414582,0.5107,0.571595,0.507415,0.573717,0.0989,0.795473,0.520339,0.422366,0.5152,0.577193,0.506112,0.533165,0.086,0.78602,0.517503,0.365792,0.5191,0.504859,0.491298,0.05756,1.0,0.62788,0.516166,-0.057176,1.0,0.439324,0.556188,0.228381,0.99,0.663773,0.599837,0.07156,0.9968,0.291229,0.62,-0.292466,0.9997,0.470265,0.661696,-0.439121,0.9999,0.279368,0.620562,-0.346232,0.9999,0.44156,0.656057,-0.477636,1.0,0.233259,0.672691,-0.345671,0.9979,0.394924,0.7188,-0.436516,0.9991
marjaryasana_zen_0066,0.825904,0.493537,0.349179,0.9986,0.846291,0.488425,0.352018,0.9981,0.848213,0.483943,0.353388,0.9974,0.850165,0.480627,0.353347,0.9986,0.84659,0.495045,0.330556,0.9989,0.847867,0.496513,0.329951,0.9985,0.854959,0.497026,0.330742,0.9992,0.858439,0.47025,0.351609,0.9978,0.858192,0.491779,0.228043,0.9985,0.816353,0.485099,0.351973,0.9942,0.817323,0.492101,0.312895,0.9941,0.793432,0.428463,0.358462,0.9995,0.834923,0.495052,0.122251,1.0,0.754745,0.500436,0.458035,0.0328,0.801911,0.575985,0.132331,0.9595,0.76353,0.564197,0.530019,0.0753,0.836878,0.63307,0.267197,0.9189,0.774713,0.571156,0.548445,0.1337,0.873646,0.641648,0.299494,0.9053,0.779395,0.577168,0.550636,0.1311,0.88018,0.63621,0.311898,0.8949,0.771972,0.57634,0.536511,0.1368,0.864823,0.633216,0.282946,0.8651,0.501128,0.463887,0.094351,0.9997,0.533449,0.507568,-0.093732,0.9998,0.448843,0.5399,0.288418,0.2999,0.459201,0.632968,0.013025,0.9464,0.227986,0.543267,0.085016,0.748,0.219634,0.602872,-0.192919,0.9917,0.203027,0.533539,0.056069,0.8654,0.200964,0.587777,-0.202688,0.9933,0.157079,0.570773,0.054657,0.8227,0.117651,0.616818,-0.184164,0.9896
marjaryasana_zen_0067,0.639923,0.588485,-0.307971,0.9998,0.658181,0.588509,-0.331028,0.9999,0.666659,0.58806,-0.330104,0.9999,0.674529,0.587597,-0.330107,0.9999,0.637489,0.586656,-0.345905,0.9999,0.631913,0.585362,-0.346735,0.9999,0.62657,0.584143,-0.346229,0.9999,0.671524,0.56986,-0.330539,0.9999,0.613492,0.572498,-0.412238,0.9997,0.638902,0.579688,-0.295169,0.9999,0.618861,0.57854,-0.319397,0.9999,0.722591,0.528625,-0.250228,0.9998,0.493096,0.548408,-0.376078,0.9997,0.739913,0.58042,-0.177985,0.647,0.444072,0.631038,-0.384791,0.9858,0.746022,0.643608,-0.22379,0.8602,0.46483,0.704693,-0.428733,0.9962,0.778206,0.661383,-0.256878,0.8734,0.469025,0.726702,-0.495446,0.994,0.759034,0.661174,-0.298897,0.8754,0.493539,0.72263,-0.497573,0.9946,0.737143,0.653616,-0.240853,0.8634,0.493411,0.713346,-0.437568,0.9894,0.528457,0.476085,0.065191,0.9999,0.423616,0.483039,-0.063601,1.0,0.509102,0.562313,0.201173,0.0996,0.392819,0.585803,-0.047679,0.6058,0.436832,0.532045,0.492575,0.0601,0.383755,0.537435,0.346279,0.1617,0.430441,0.522459,0.52587,0.0618,0.384405,0.524254,0.389072,0.1757,0.408232,0.548628,0.589517,0.1276,0.371488,0.556332,0.459735,0.249
marjaryasana_zen_0068,0.529885,0.557357,-0.181655,0.9992,0.540098,0.565158,-0.216586,0.9996,0.55127,0.564845,-0.215768,0.9996,0.561362,0.564402,-0.215776,0.9995,0.51073,0.563953,-0.218012,0.9996,0.499975,0.561558,-0.218767,0.9996,0.490028,0.559982,-0.218456,0.9996,0.57794,0.552136,-0.264692,0.9991,0.471411,0.547933,-0.287611,0.9995,0.548433,0.546304,-0.187201,0.9988,0.510067,0.545718,-0.194097,0.9988,0.666375,0.50666,-0.211527,0.999,0.382579,0.496291,-0.245635,0.9997,0.723205,0.541082,-0.151377,0.858,0.312143,0.519358,-0.16626,0.9186,0.706616,0.621908,-0.171552,0.8715,0.329835,0.6006,-0.168139,0.9784,0.717846,0.645911,-0.208823,0.8905,0.316262,0.622488,-0.215362,0.9799,0.687296,0.643953,-0.233844,0.8968,0.338147,0.623985,-0.240474,0.9824,0.676321,0.632693,-0.182902,0.8916,0.355794,0.613965,-0.183451,0.9757,0.625382,0.378681,0.01351,0.9997,0.457535,0.369947,-0.011807,0.9998,0.746381,0.478495,0.195438,0.0755,0.389029,0.491663,0.154395,0.0594,0.606942,0.449385,0.484825,0.0562,0.423837,0.448442,0.491988,0.0616,0.566336,0.442408,0.517983,0.0513,0.429944,0.436372,0.525979,0.0767,0.61548,0.462602,0.564944,0.0695,0.432831,0.465837,0.549792,0.0877
marjaryasana_zen_0069,0.628427,0.562903,0.088419,0.9998,0.659054,0.560622,0.068964,0.9998,0.66458,0.557223,0.069545,0.9998,0.670203,0.553709,0.069815,0.9998,0.646923,0.567942,0.053365,0.9999,0.643963,0.569918,0.052455,0.9998,0.640974,0.57202,0.053361,0.9998,0.674122,0.536628,0.0172,0.9998,0.617964,0.572342,-0.067304,0.9998,0.616989,0.551101,0.073962,0.9999,0.605048,0.558954,0.050515,0.9999,0.659173,0.467224,0.046735,0.9999,0.511156,0.556505,-0.120122,1.0,0.475823,0.427194,0.096208,0.3035,0.326678,0.539223,-0.064149,0.8712,0.376571,0.480347,0.185287,0.1156,0.267831,0.555172,0.100089,0.3083,0.362107,0.490261,0.18977,0.1004,0.237016,0.5569,0.1148,0.2339,0.356207,0.50364,0.179972,0.1039,0.281084,0.560189,0.127508,0.2247,0.357707,0.501675,0.183435,0.1145,0.292061,0.556597,0.105509,0.2459,0.295952,0.409382,0.063323,0.9992,0.215411,0.467819,-0.061777,0.9994,0.551306,0.485398,0.125483,0.1715,0.406821,0.559886,-0.001006,0.8206,0.807527,0.570569,0.190005,0.6771,0.627669,0.621738,0.110736,0.8384,0.805323,0.589961,0.19519,0.6978,0.640423,0.631111,0.122077,0.8146,0.94853,0.605,0.145996,0.7006,0.733777,0.629426,0.078608,0.8364
marjaryasana_zen_0070,0.484882,0.572566,-0.346425,0.9979,0.501974,0.562808,-0.367306,0.9963,0.514112,0.561119,-0.366677,0.9963,0.548291,0.56317,-0.366478,0.9963,0.468824,0.565891,-0.369484,0.9953,0.458611,0.566369,-0.370494,0.9941,0.44842,0.566879,-0.369385,0.9927,0.56224,0.547647,-0.340916,0.9942,0.430329,0.552591,-0.363369,0.9869,0.508435,0.565699,-0.325516,0.9966,0.47097,0.569609,-0.332523,0.9949,0.609648,0.522895,-0.229851,0.9918,0.390583,0.537127,-0.248885,0.9808,0.663749,0.601332,-0.155614,0.7828,0.388047,0.619173,-0.172692,0.4515,0.67014,0.679263,-0.163174,0.8953,0.455216,0.70515,-0.148555,0.7504,0.698315,0.705897,-0.192103,0.8844,0.449474,0.728638,-0.177435,0.7695,0.676092,0.70634,-0.209186,0.8833,0.469546,0.727795,-0.200404,0.76,0.654845,0.693398,-0.169796,0.8765,0.481438,0.716722,-0.162531,0.7605,0.52494,0.414499,0.010619,0.9965,0.369231,0.430705,-0.009089,0.9949,0.588915,0.533663,0.014559,0.3584,0.356988,0.569615,-0.000758,0.3798,0.645054,0.67492,0.186712,0.5961,0.476704,0.702689,0.180904,0.643,0.643374,0.686572,0.200651,0.4277,0.532599,0.707616,0.197509,0.4722,0.668748,0.724443,0.10228,0.7332,0.518824,0.720504,0.094881,0.7426
marjaryasana_zen_0071,0.626703,0.363942,0.530546,0.9813,0.624852,0.355647,0.513342,0.9623,0.618764,0.354355,0.513853,0.9488,0.612687,0.353064,0.513292,0.967,0.640835,0.35849,0.509523,0.9722,0.659971,0.359871,0.507741,0.9546,0.662202,0.35936,0.508679,0.9675,0.594178,0.353308,0.435459,0.9567,0.664495,0.358243,0.392328,0.9597,0.610884,0.367814,0.504058,0.9474,0.627113,0.37077,0.487683,0.9482,0.491088,0.370334,0.305578,0.9993,0.686676,0.389864,0.245972,0.9998,0.429668,0.409923,0.181895,0.6813,0.721936,0.4579,0.102493,0.9648,0.48406,0.446814,0.069577,0.0539,0.690711,0.459188,0.042178,0.5225,0.488067,0.454101,0.042734,0.056,0.68263,0.459963,0.062417,0.3488,0.512576,0.454882,0.069818,0.0581,0.663007,0.450349,0.071822,0.3489,0.517553,0.454951,0.075925,0.0686,0.659292,0.449769,0.052669,0.3438,0.406418,0.477292,0.044752,0.9988,0.524752,0.499093,-0.044378,0.9992,0.32936,0.546669,0.21739,0.9488,0.5731,0.590431,0.0615,0.9861,0.234919,0.627984,0.041488,0.9567,0.424614,0.671538,-0.064501,0.9961,0.223836,0.63659,0.021408,0.9666,0.396486,0.676039,-0.073275,0.9913,0.212402,0.669107,0.081577,0.8654,0.42077,0.696615,-0.0642,0.9783
marjaryasana_zen_0072,0.817286,0.509461,0.265628,0.9998,0.832793,0.508056,0.255149,0.9998,0.835105,0.504775,0.256625,0.9997,0.837718,0.501687,0.256819,0.9998,0.830133,0.514573,0.241247,0.9999,0.829918,0.516324,0.241058,0.9998,0.829976,0.518072,0.241822,0.9999,0.838326,0.491998,0.220155,0.9997,0.82558,0.517608,0.130987,0.9997,0.806061,0.500729,0.259026,0.9989,0.803342,0.509676,0.23078,0.9988,0.792545,0.448468,0.270237,0.9996,0.779444,0.530115,0.038286,1.0,0.729719,0.476548,0.453443,0.0453,0.736264,0.598772,0.112774,0.9415,0.746728,0.514141,0.654758,0.0651,0.784294,0.641508,0.2947,0.8948,0.753433,0.517046,0.700473,0.1105,0.820182,0.650402,0.321304,0.8963,0.759389,0.521579,0.703602,0.1087,0.827244,0.646083,0.333282,0.891,0.752705,0.522111,0.666144,0.1143,0.80983,0.642687,0.309881,0.8528,0.45275,0.455406,0.092082,1.0,0.462168,0.50908,-0.090704,1.0,0.435867,0.500608,0.415955,0.1671,0.421264,0.605879,0.030225,0.9281,0.270863,0.509912,0.280774,0.6854,0.213852,0.572738,-0.168735,0.986,0.255082,0.501988,0.262951,0.859,0.197051,0.559503,-0.176508,0.9872,0.205089,0.524494,0.311555,0.785,0.134219,0.58936,-0.130391,0.9826
marjaryasana_zen_0073,0.492603,0.350398,-0.725416,0.9999,0.515669,0.335184,-0.71597,0.9999,0.527927,0.333958,-0.715156,0.9999,0.539585,0.332503,-0.715113,0.9999,0.470687,0.336012,-0.714973,0.9999,0.457906,0.335608,-0.716232,0.9999,0.447871,0.334729,-0.71573,0.9999,0.568796,0.329971,-0.604231,0.9998,0.426279,0.33316,-0.599018,0.9998,0.519933,0.362234,-0.681822,0.9998,0.469634,0.363906,-0.680794,0.9999,0.657458,0.377691,-0.484048,0.9989,0.356719,0.377644,-0.503793,0.9973,0.697468,0.488528,-0.53219,0.9979,0.315181,0.485305,-0.515996,0.9862,0.721244,0.582098,-0.570828,0.9901,0.299249,0.5764,-0.570814,0.9759,0.746251,0.598345,-0.623861,0.9623,0.273695,0.593535,-0.618823,0.9288,0.703145,0.597699,-0.643065,0.9686,0.310319,0.593686,-0.640071,0.9454,0.687889,0.592545,-0.583013,0.9632,0.326492,0.588348,-0.586397,0.9388,0.586658,0.436237,0.006929,1.0,0.435489,0.432962,-0.004583,0.9999,0.60903,0.505993,0.02951,0.7704,0.413054,0.504059,0.118612,0.5559,0.560146,0.474219,0.448619,0.0881,0.434769,0.469785,0.506042,0.0594,0.548255,0.461756,0.493487,0.0394,0.437167,0.462795,0.54625,0.0298,0.551874,0.502564,0.488149,0.1482,0.439505,0.495541,0.557757,0.0982
marjaryasana_zen_0074,0.395616,0.374073,-0.630894,1.0,0.412644,0.352663,-0.634003,1.0,0.431452,0.350027,-0.633173,1.0,0.447337,0.34734,-0.633511,1.0,0.3702,0.354375,-0.625718,1.0,0.359047,0.353353,-0.627497,1.0,0.348761,0.352195,-0.627362,1.0,0.486196,0.336802,-0.546125,1.0,0.344306,0.342523,-0.521054,1.0,0.427407,0.383835,-0.589248,1.0,0.386417,0.385879,-0.582605,1.0,0.621951,0.374733,-0.45919,0.9999,0.295483,0.375897,-0.424316,0.9999,0.680043,0.503072,-0.45114,0.9737,0.275829,0.479261,-0.392583,0.8197,0.693287,0.612374,-0.471737,0.961,0.25703,0.589693,-0.447215,0.821,0.707627,0.633955,-0.535984,0.8998,0.220433,0.606579,-0.495298,0.7196,0.666058,0.634622,-0.538068,0.9166,0.258897,0.605431,-0.512359,0.7921,0.653638,0.626384,-0.479741,0.9002,0.282804,0.599989,-0.460845,0.8024,0.586217,0.443671,0.010752,0.9998,0.431492,0.442316,-0.008813,0.9996,0.578514,0.473695,0.279396,0.0783,0.425621,0.480835,0.31264,0.2398,0.562848,0.45974,0.662808,0.0219,0.441917,0.456991,0.690315,0.0326,0.553974,0.449823,0.702775,0.0188,0.439088,0.446247,0.730399,0.0204,0.571432,0.488475,0.665416,0.0754,0.456745,0.486202,0.702573,0.1117
marjaryasana_zen_0075,0.219779,0.408824,-0.470826,0.9997,0.231799,0.393968,-0.492838,0.9997,0.242572,0.392825,-0.492512,0.9997,0.257266,0.390554,-0.492225,0.9997,0.213231,0.393215,-0.465768,0.9997,0.21061,0.39201,-0.467287,0.9997,0.208219,0.390941,-0.466206,0.9997,0.303272,0.385194,-0.497958,0.9996,0.242299,0.386147,-0.389696,0.9998,0.259322,0.418266,-0.466188,0.9999,0.23422,0.415684,-0.433318,0.9999,0.46413,0.429044,-0.460905,0.9993,0.278137,0.402615,-0.274944,1.0,0.526184,0.533065,-0.463036,0.9945,0.275773,0.481028,-0.153148,0.8967,0.517437,0.636753,-0.458464,0.9905,0.238451,0.567676,-0.159234,0.946,0.494788,0.65614,-0.529461,0.9737,0.182907,0.575225,-0.189852,0.9121,0.469014,0.650262,-0.529712,0.9746,0.202991,0.582672,-0.238976,0.9294,0.474776,0.642369,-0.464961,0.9583,0.227961,0.579875,-0.180186,0.9317,0.657243,0.451296,-0.057403,0.9999,0.548064,0.434986,0.058227,0.9996,0.702603,0.534548,0.099354,0.9097,0.504738,0.486072,0.286191,0.1503,0.731546,0.485112,0.407177,0.6018,0.59732,0.479892,0.557064,0.0738,0.737047,0.470642,0.442414,0.4751,0.616684,0.472892,0.588442,0.0956,0.718682,0.504589,0.491715,0.6107,0.596044,0.493603,0.64861,0.204
marjaryasana_zen_0076,0.124553,0.409707,-0.221656,0.9989,0.124361,0.39713,-0.246345,0.9989,0.131624,0.395667,-0.245399,0.9989,0.139938,0.393933,-0.245207,0.9989,0.114439,0.398009,-0.213934,0.9991,0.114291,0.397504,-0.214797,0.9992,0.114871,0.396776,-0.213834,0.9992,0.185781,0.386285,-0.286938,0.999,0.15983,0.388884,-0.156356,0.9996,0.164562,0.414802,-0.230911,0.9995,0.154089,0.415852,-0.192,0.9997,0.338081,0.441599,-0.31913,0.9993,0.275924,0.401511,-0.021213,0.9999,0.362184,0.545132,-0.339815,0.9974,0.269834,0.470882,0.128852,0.5052,0.331141,0.644851,-0.327246,0.9954,0.233967,0.548236,0.188771,0.8063,0.289421,0.658318,-0.368525,0.9931,0.191297,0.555497,0.20967,0.811,0.27331,0.650974,-0.348888,0.9933,0.195602,0.559142,0.169985,0.8248,0.289403,0.647692,-0.319803,0.9877,0.213309,0.557833,0.176373,0.8161,0.67381,0.463099,-0.087189,1.0,0.605636,0.437241,0.088224,1.0,0.725092,0.571063,-0.043767,0.9806,0.588821,0.513817,0.27285,0.404,0.852921,0.515878,0.110418,0.9038,0.768591,0.500615,0.323944,0.5032,0.861462,0.497878,0.130996,0.9187,0.791717,0.489154,0.331998,0.6372,0.908292,0.532175,0.221649,0.8816,0.810454,0.523419,0.406278,0.6499
marjaryasana_zen_0077,0.093583,0.45769,-0.062816,0.9945,0.08473,0.447504,-0.089707,0.9958,0.085546,0.447539,-0.088681,0.9961,0.086301,0.447496,-0.088513,0.9965,0.087424,0.444971,-0.060691,0.9953,0.090089,0.443386,-0.061212,0.9953,0.093171,0.441069,-0.060317,0.9952,0.11044,0.442816,-0.149469,0.9976,0.123149,0.434,-0.036351,0.9975,0.115618,0.462796,-0.07895,0.9957,0.120306,0.459722,-0.045508,0.9945,0.217632,0.490789,-0.202084,0.9998,0.273492,0.43856,0.074712,0.9985,0.229996,0.582021,-0.22882,0.9991,0.330164,0.494949,0.193855,0.0149,0.198701,0.664993,-0.174428,0.995,0.299826,0.567751,0.239393,0.0359,0.158776,0.674918,-0.198649,0.9943,0.267658,0.572262,0.259304,0.059,0.148939,0.671404,-0.171,0.9941,0.26116,0.57635,0.234225,0.0581,0.164795,0.666983,-0.163949,0.9887,0.27486,0.576795,0.231314,0.0654,0.588872,0.521529,-0.089211,1.0,0.599422,0.480832,0.090703,0.9999,0.656266,0.627857,0.013607,0.9935,0.627305,0.562006,0.342875,0.2439,0.89998,0.582076,0.038724,0.9913,0.811011,0.554863,0.411282,0.6559,0.928168,0.569081,0.044743,0.9907,0.837111,0.544558,0.419886,0.7976,0.961908,0.614473,0.088967,0.9824,0.857335,0.577049,0.47608,0.8035
marjaryasana_zen_0078,0.161037,0.423865,0.099125,0.9995,0.15659,0.413956,0.069933,0.9997,0.156841,0.414052,0.070865,0.9997,0.157263,0.41425,0.071263,0.9996,0.161549,0.412045,0.095741,0.9997,0.165623,0.410425,0.095333,0.9997,0.169471,0.409009,0.096144,0.9997,0.1768,0.41309,-0.00302,0.9996,0.193531,0.405762,0.097866,0.9998,0.174237,0.43015,0.079186,0.9992,0.180775,0.42801,0.108624,0.9992,0.227284,0.456295,-0.085579,0.9999,0.329118,0.419225,0.204244,0.9998,0.215322,0.549641,-0.091316,0.9982,0.335929,0.491359,0.2902,0.0622,0.179388,0.619003,0.004593,0.99,0.281912,0.554151,0.283524,0.1699,0.144538,0.626303,-0.001691,0.9843,0.252094,0.560068,0.308803,0.2005,0.141503,0.620313,0.033243,0.983,0.249836,0.559225,0.280058,0.2024,0.153061,0.618903,0.022009,0.9755,0.255717,0.560256,0.274469,0.2167,0.587584,0.522785,-0.096605,1.0,0.633406,0.48378,0.098298,1.0,0.628042,0.642461,-0.05772,0.9972,0.638276,0.570378,0.27953,0.286,0.92503,0.6269,-0.115583,0.9958,0.859159,0.582195,0.267147,0.659,0.953073,0.61491,-0.115822,0.9953,0.896307,0.573013,0.267422,0.7759,0.995921,0.658165,-0.068951,0.9905,0.924201,0.615673,0.314977,0.7981
marjaryasana_zen_0079,0.160674,0.435893,0.345177,1.0,0.152689,0.427248,0.318138,1.0,0.148735,0.428687,0.318959,1.0,0.145621,0.428855,0.319223,1.0,0.166445,0.424818,0.337193,1.0,0.170436,0.423093,0.336512,1.0,0.17495,0.41969,0.337547,1.0,0.145973,0.428959,0.208622,1.0,0.185854,0.416988,0.281598,1.0,0.166491,0.4419,0.305927,1.0,0.179362,0.438843,0.32389,1.0,0.149584,0.473766,0.095383,1.0,0.303307,0.432006,0.289207,0.9998,0.148509,0.555977,0.168927,0.9455,0.365313,0.490127,0.437208,0.0125,0.127232,0.604641,0.327471,0.6667,0.324353,0.548628,0.505993,0.042,0.097477,0.612498,0.3528,0.6704,0.319536,0.557643,0.534764,0.0955,0.100987,0.608735,0.370484,0.6783,0.306487,0.56193,0.505177,0.1084,0.114261,0.605136,0.344226,0.6671,0.306044,0.560308,0.500884,0.1255,0.49218,0.537898,-0.083568,1.0,0.566606,0.502861,0.084493,1.0,0.490168,0.676592,0.054617,0.9996,0.6087,0.589342,0.292369,0.7367,0.795851,0.688028,-0.347363,1.0,0.825867,0.628276,-0.058751,0.9951,0.83599,0.675474,-0.377655,1.0,0.851293,0.626539,-0.088518,0.9993,0.898494,0.737174,-0.311614,0.9997,0.924137,0.668733,-0.057308,0.9876
marjaryasana_zen_0080,0.191092,0.416297,0.433598,0.9985,0.173172,0.415318,0.421938,0.9993,0.165815,0.417272,0.422537,0.9991,0.158641,0.419254,0.422885,0.9992,0.195198,0.409174,0.430705,0.9989,0.203129,0.406926,0.430082,0.9984,0.20503,0.407431,0.430648,0.9987,0.16048,0.4254,0.33976,0.9992,0.236101,0.402932,0.363305,0.9988,0.191918,0.423036,0.400029,0.9992,0.214877,0.417097,0.403818,0.999,0.145611,0.461779,0.20623,0.9999,0.315978,0.41428,0.320575,0.999,0.134317,0.55138,0.251901,0.8473,0.357311,0.467985,0.317593,0.017,0.144431,0.557111,0.395346,0.2932,0.326977,0.496948,0.263577,0.0204,0.122533,0.553591,0.426183,0.2609,0.322609,0.49812,0.29677,0.0364,0.146487,0.541962,0.437116,0.2719,0.305481,0.50695,0.295726,0.0434,0.159321,0.539507,0.409688,0.2732,0.304691,0.50666,0.269104,0.0615,0.386835,0.527059,-0.04805,1.0,0.503098,0.498559,0.049252,1.0,0.351181,0.665213,0.092184,0.9998,0.550105,0.585718,0.255447,0.9317,0.583484,0.70873,-0.405928,1.0,0.699268,0.645336,-0.235656,0.9993,0.626694,0.698448,-0.448437,1.0,0.714531,0.648855,-0.277382,0.9999,0.686861,0.786125,-0.391119,0.9996,0.798991,0.707846,-0.240649,0.9977
marjaryasana_zen_0081,0.425245,0.564277,0.241358,0.9999,0.415175,0.56425,0.283523,0.9997,0.408611,0.563151,0.284378,0.9997,0.402203,0.561979,0.284939,0.9997,0.436539,0.566915,0.275605,0.9998,0.444688,0.567607,0.275042,0.9999,0.452765,0.568267,0.276542,0.9998,0.402235,0.553467,0.384297,0.9994,0.478115,0.562229,0.328493,0.9997,0.453972,0.557016,0.26745,0.9993,0.468747,0.556247,0.248889,0.9996,0.361013,0.516182,0.329035,0.9994,0.570188,0.536744,0.260479,1.0,0.348456,0.464533,0.236629,0.0254,0.555409,0.496463,0.163749,0.0951,0.337703,0.415256,0.196301,0.0328,0.53516,0.445197,0.157401,0.0476,0.307819,0.398974,0.183285,0.0864,0.535916,0.42825,0.168159,0.0896,0.332838,0.400059,0.175697,0.0863,0.530978,0.427159,0.195446,0.0878,0.354229,0.408242,0.199172,0.0754,0.520069,0.435391,0.170726,0.0792,0.353325,0.43076,0.016014,0.9997,0.504842,0.438727,-0.014801,0.9998,0.381251,0.571893,-0.018987,0.8849,0.468522,0.6052,-0.051947,0.9329,0.453224,0.741592,-0.303481,0.8626,0.571585,0.749529,-0.305841,0.8787,0.46519,0.746022,-0.330407,0.9316,0.541218,0.753522,-0.330365,0.9662,0.571609,0.811083,-0.393201,0.8391,0.597249,0.82233,-0.425588,0.9035
marjaryasana_zen_0082,0.714714,0.35004,0.501946,0.9924,0.713698,0.338838,0.498566,0.9903,0.708823,0.338707,0.498792,0.989,0.703997,0.338595,0.498798,0.9886,0.729218,0.338062,0.497952,0.9927,0.734372,0.337325,0.496983,0.9928,0.739376,0.336839,0.49676,0.9913,0.69362,0.339911,0.449838,0.992,0.743238,0.340732,0.420425,0.9944,0.700977,0.359033,0.481324,0.9948,0.716368,0.359323,0.470802,0.9955,0.581962,0.374349,0.377828,0.9992,0.780412,0.398584,0.283241,0.9998,0.611659,0.468192,0.306234,0.0311,0.778216,0.474996,0.224895,0.1883,0.595887,0.517449,0.282968,0.0508,0.726418,0.496005,0.269465,0.0237,0.586428,0.527321,0.293172,0.0727,0.73568,0.503577,0.290945,0.0339,0.601133,0.528854,0.294234,0.0745,0.715385,0.498075,0.294593,0.0354,0.606924,0.525731,0.286658,0.0756,0.709292,0.495424,0.276282,0.0439,0.461275,0.463925,0.053862,1.0,0.623504,0.484401,-0.053152,0.9999,0.391798,0.570476,0.055323,0.8428,0.661313,0.612893,-0.04938,0.97,0.194285,0.648514,-0.383677,0.9775,0.428209,0.692692,-0.513481,0.9887,0.164208,0.647371,-0.434547,0.9917,0.385343,0.684448,-0.554224,0.9945,0.104041,0.720762,-0.478039,0.954,0.325708,0.777722,-0.575809,0.9671
marjaryasana_zen_0083,0.817236,0.3934,0.354121,0.9997,0.815778,0.383585,0.34232,0.9995,0.809412,0.381547,0.343183,0.9995,0.802914,0.379514,0.343143,0.9996,0.831432,0.38767,0.327093,0.9996,0.835049,0.388337,0.326604,0.9996,0.838047,0.388836,0.327155,0.9997,0.788528,0.378346,0.284785,0.9994,0.832687,0.390527,0.193299,0.9996,0.795607,0.394777,0.337765,0.9985,0.813639,0.40036,0.308629,0.9988,0.67527,0.396861,0.329457,0.9992,0.809011,0.432456,0.048721,0.9999,0.654625,0.480317,0.37988,0.0581,0.815399,0.519175,0.092556,0.9866,0.712381,0.548425,0.38424,0.2083,0.85842,0.577769,0.298697,0.8965,0.723648,0.559097,0.41351,0.3213,0.894874,0.583067,0.333054,0.8715,0.744011,0.56124,0.403892,0.3258,0.887317,0.577739,0.350824,0.8581,0.739646,0.558621,0.385612,0.2929,0.868769,0.575145,0.316659,0.8462,0.398316,0.486684,0.09373,0.9998,0.457031,0.51552,-0.092881,0.9997,0.35878,0.579285,0.219901,0.6226,0.480962,0.649979,-0.035278,0.9842,0.133576,0.602585,-0.04662,0.9581,0.186388,0.663211,-0.3024,0.9955,0.102758,0.59577,-0.080616,0.9828,0.149425,0.648441,-0.319413,0.9954,0.050564,0.645193,-0.069248,0.9703,0.058738,0.711531,-0.288802,0.993
marjaryasana_zen_0084,0.927833,0.413575,-0.084093,0.9958,0.927978,0.400568,-0.084876,0.9955,0.925796,0.398799,-0.083934,0.9956,0.923794,0.397234,-0.083905,0.9955,0.927372,0.402654,-0.112235,0.9962,0.925096,0.402775,-0.112615,0.9963,0.922905,0.402813,-0.111952,0.9963,0.891907,0.393912,-0.044937,0.9962,0.890733,0.402233,-0.186013,0.9972,0.90567,0.419118,-0.064437,0.9954,0.901747,0.420782,-0.105309,0.9958,0.743759,0.400218,0.075993,0.9977,0.776056,0.458746,-0.245624,0.9983,0.721365,0.481531,0.146461,0.0792,0.726674,0.565072,-0.229629,0.9586,0.751842,0.551291,0.163795,0.2013,0.783028,0.649665,-0.149011,0.9606,0.783291,0.558957,0.182745,0.2861,0.834876,0.660461,-0.180744,0.9552,0.784375,0.567586,0.152141,0.294,0.845271,0.654959,-0.154048,0.953,0.77908,0.567792,0.155858,0.2977,0.823254,0.651679,-0.139908,0.9236,0.363859,0.456068,0.112984,0.9989,0.355001,0.502611,-0.111656,0.9994,0.334862,0.549386,0.392622,0.1803,0.306924,0.622807,0.032776,0.9497,0.157507,0.533285,0.43939,0.6419,0.073845,0.582601,0.061454,0.9855,0.122697,0.515897,0.441516,0.7668,0.06218,0.563851,0.068444,0.9785,0.070068,0.568912,0.48702,0.8156,0.014357,0.601451,0.110547,0.9797
marjaryasana_zen_0085,0.753109,0.47444,-0.379074,0.9998,0.760139,0.460396,-0.371929,0.9997,0.761306,0.459057,-0.37125,0.9996,0.762036,0.457702,-0.371186,0.9996,0.747683,0.461095,-0.401716,0.9997,0.739601,0.460098,-0.402579,0.9997,0.730172,0.458822,-0.401891,0.9997,0.724961,0.449326,-0.280342,0.9996,0.674732,0.4501,-0.42519,0.9996,0.731897,0.480346,-0.341373,0.9998,0.714782,0.480907,-0.382427,0.9998,0.647726,0.460668,-0.168041,0.9993,0.491191,0.497077,-0.420905,0.9992,0.677477,0.530469,-0.073577,0.6515,0.444033,0.603555,-0.41785,0.9934,0.716428,0.608078,-0.070105,0.79,0.492546,0.707126,-0.398528,0.9856,0.762202,0.619451,-0.079282,0.7279,0.524507,0.730859,-0.452994,0.9638,0.753943,0.620768,-0.113218,0.7541,0.554432,0.71782,-0.439586,0.9661,0.728424,0.617431,-0.082468,0.7454,0.546721,0.707748,-0.39799,0.9519,0.327129,0.487676,0.093967,0.9972,0.227911,0.508121,-0.092096,0.9988,0.434368,0.560005,0.278186,0.2636,0.220919,0.611241,-0.013146,0.852,0.220862,0.520113,0.467465,0.169,0.134886,0.53825,0.255139,0.6429,0.194939,0.505368,0.4901,0.2255,0.124231,0.515126,0.286131,0.7114,0.195782,0.539116,0.573666,0.2508,0.133826,0.553976,0.358885,0.6801
marjaryasana_zen_0086,0.538856,0.381264,-0.761438,0.9999,0.564583,0.364949,-0.75455,0.9999,0.578489,0.363667,-0.753952,0.9999,0.591147,0.362142,-0.754177,0.9999,0.512915,0.364914,-0.756288,0.9999,0.49791,0.36385,-0.757484,0.9998,0.487386,0.362593,-0.756914,0.9998,0.615899,0.356818,-0.639476,0.9998,0.462446,0.354435,-0.643111,0.9996,0.558422,0.393941,-0.715251,0.9998,0.511373,0.394515,-0.718029,0.9997,0.690809,0.395163,-0.499852,1.0,0.369464,0.386405,-0.52242,0.9992,0.706777,0.509133,-0.544048,0.997,0.300271,0.496231,-0.544681,0.9585,0.725424,0.6074,-0.618762,0.9969,0.277037,0.595695,-0.596759,0.9641,0.746518,0.627334,-0.683838,0.9858,0.242753,0.614872,-0.647114,0.8871,0.70935,0.624798,-0.701876,0.9893,0.285425,0.619591,-0.667307,0.9004,0.690664,0.618035,-0.632831,0.985,0.3072,0.612885,-0.615039,0.8685,0.598819,0.43999,-0.001887,0.9999,0.450392,0.436108,0.004003,0.9999,0.600544,0.4823,0.319274,0.2547,0.451855,0.459414,0.362942,0.0741,0.573816,0.451479,0.684529,0.1136,0.445029,0.445812,0.752975,0.078,0.559416,0.440641,0.721596,0.067,0.45226,0.442128,0.789284,0.0267,0.567047,0.477146,0.664117,0.2294,0.433273,0.470566,0.740295,0.1612
marjaryasana_zen_0087,0.312261,0.467017,-0.497757,0.9995,0.32747,0.452025,-0.518104,0.9997,0.338658,0.44974,-0.517662,0.9997,0.35629,0.445772,-0.517316,0.9997,0.304096,0.452802,-0.493183,0.9996,0.298101,0.451513,-0.494572,0.9996,0.29462,0.450352,-0.493466,0.9996,0.39081,0.436646,-0.516143,0.9996,0.310976,0.442971,-0.416664,0.9998,0.348007,0.470447,-0.489931,0.9998,0.31802,0.471434,-0.4604,0.9999,0.524657,0.461427,-0.484108,0.9995,0.327036,0.44435,-0.289365,1.0,0.593652,0.555375,-0.513142,0.9944,0.323041,0.511258,-0.184093,0.7967,0.576946,0.642022,-0.503047,0.9921,0.295422,0.586122,-0.21836,0.9242,0.566469,0.665042,-0.568534,0.9793,0.258746,0.599095,-0.246489,0.9089,0.540089,0.658328,-0.571035,0.9796,0.274148,0.601277,-0.289831,0.9268,0.541749,0.650578,-0.51009,0.9625,0.297874,0.595286,-0.237892,0.9207,0.66773,0.473104,-0.051008,0.9999,0.547033,0.462204,0.05159,0.9999,0.679757,0.532163,-0.009362,0.7956,0.453804,0.472533,0.218211,0.1983,0.652067,0.482593,0.351498,0.211,0.565229,0.478764,0.462992,0.0919,0.648406,0.466025,0.390836,0.2051,0.590203,0.475047,0.493171,0.1331,0.606662,0.502799,0.466322,0.294,0.550854,0.498888,0.56913,0.2337
marjaryasana_zen_0088,0.109757,0.460339,-0.084101,0.9981,0.102053,0.448239,-0.111444,0.9986,0.104314,0.447514,-0.11034,0.9987,0.106576,0.446661,-0.110223,0.9988,0.102227,0.447087,-0.081936,0.9985,0.104922,0.445293,-0.08237,0.9984,0.107585,0.443441,-0.081553,0.9984,0.137468,0.438005,-0.168769,0.9989,0.138626,0.433241,-0.053724,0.9992,0.141076,0.464843,-0.097396,0.9986,0.138544,0.463526,-0.064065,0.9988,0.284462,0.493093,-0.217264,0.9999,0.280077,0.422563,0.074703,0.9997,0.33369,0.583954,-0.228973,0.9986,0.31181,0.492166,0.209249,0.0719,0.303396,0.671904,-0.165144,0.9966,0.274412,0.559853,0.27981,0.2718,0.265637,0.685774,-0.185192,0.9946,0.238378,0.565621,0.303033,0.3338,0.24984,0.679129,-0.170522,0.9945,0.235356,0.56779,0.281268,0.3373,0.265373,0.674636,-0.156368,0.9905,0.249796,0.567668,0.274404,0.3426,0.688661,0.492137,-0.083495,1.0,0.660402,0.442695,0.084892,1.0,0.754014,0.597033,0.083533,0.977,0.648223,0.520199,0.379652,0.225,0.940233,0.533163,0.086945,0.9653,0.816918,0.5107,0.324884,0.6076,0.956743,0.519211,0.091034,0.9775,0.84136,0.500847,0.321233,0.8095,1.009298,0.549786,0.16912,0.9578,0.859456,0.531453,0.392824,0.79
marjaryasana_zen_0089,0.257869,0.462832,0.371898,1.0,0.249306,0.456411,0.351052,1.0,0.245763,0.456899,0.351513,1.0,0.241946,0.457789,0.351503,1.0,0.26251,0.453279,0.3561,1.0,0.267244,0.451667,0.355326,1.0,0.27176,0.450135,0.356637,1.0,0.242866,0.458953,0.24998,1.0,0.27855,0.448968,0.267448,1.0,0.255099,0.467941,0.333645,1.0,0.270735,0.464599,0.334119,1.0,0.233087,0.498657,0.118685,0.9999,0.368285,0.461575,0.250086,0.9998,0.226159,0.563453,0.195783,0.9595,0.432026,0.510674,0.366688,0.0316,0.208533,0.59861,0.363445,0.4737,0.40028,0.5572,0.397065,0.0501,0.192402,0.604311,0.392248,0.432,0.395186,0.56539,0.428168,0.0994,0.194954,0.600326,0.407445,0.4583,0.384475,0.570441,0.405505,0.116,0.202871,0.598347,0.376973,0.4693,0.385694,0.568092,0.395756,0.136,0.490596,0.565519,-0.080476,1.0,0.554851,0.534275,0.08129,1.0,0.47312,0.6781,0.087927,0.9999,0.589177,0.60118,0.247175,0.9795,0.700965,0.703387,-0.371874,1.0,0.764681,0.644397,-0.146173,0.9999,0.738955,0.694695,-0.404918,1.0,0.778003,0.645993,-0.177457,1.0,0.783475,0.757002,-0.344348,0.9998,0.849222,0.687415,-0.141467,0.9985
marjaryasana_zen_0090,0.479269,0.615761,-0.079288,0.9991,0.486726,0.616452,-0.073631,0.9984,0.491067,0.614868,-0.073541,0.9987,0.495453,0.613229,-0.073394,0.9983,0.476958,0.621077,-0.090176,0.9982,0.475842,0.622634,-0.091688,0.9987,0.474599,0.624221,-0.088809,0.9983,0.522789,0.60973,-0.019111,0.9986,0.487628,0.62376,-0.103428,0.9977,0.497482,0.613159,-0.056916,0.9979,0.489233,0.617957,-0.081538,0.9975,0.568049,0.591327,-0.027988,0.9986,0.50135,0.644935,-0.093093,0.9999,0.553539,0.56604,-0.117916,0.0353,0.47088,0.720279,-0.209675,0.8235,0.497092,0.51381,-0.214596,0.063,0.459678,0.783358,-0.373062,0.8698,0.482118,0.498576,-0.256554,0.0783,0.456343,0.804121,-0.406232,0.9146,0.485517,0.495777,-0.265637,0.074,0.464283,0.79717,-0.420298,0.8942,0.493176,0.500319,-0.222812,0.0791,0.459861,0.788401,-0.383097,0.8623,0.538223,0.570618,0.030875,1.0,0.470355,0.581909,-0.029156,1.0,0.506844,0.647341,0.227816,0.6721,0.365607,0.596428,0.169622,0.9488,0.471602,0.738753,0.306069,0.8549,0.396367,0.657118,0.371296,0.8893,0.477817,0.746632,0.311458,0.9185,0.412119,0.666756,0.393349,0.9164,0.471062,0.772158,0.281222,0.8655,0.394155,0.669539,0.360989,0.8149
marjaryasana_zen_0091,0.838405,0.499801,0.185636,1.0,0.841045,0.490358,0.170442,0.9999,0.837061,0.487813,0.171092,0.9999,0.832565,0.485131,0.171507,0.9999,0.85039,0.495464,0.154635,0.9999,0.852909,0.496531,0.154128,0.9999,0.85499,0.49747,0.154552,0.9999,0.818058,0.481218,0.129832,0.9999,0.851858,0.498077,0.038613,0.9999,0.822317,0.501103,0.177476,0.9998,0.831484,0.506812,0.150408,0.9998,0.699459,0.483869,0.210395,0.9993,0.807082,0.544271,-0.08615,0.9999,0.667269,0.575312,0.261724,0.0612,0.793088,0.626263,-0.063995,0.9882,0.738373,0.633441,0.26942,0.2291,0.854725,0.686636,0.102284,0.9314,0.753309,0.644216,0.295542,0.3038,0.891334,0.690707,0.109581,0.9028,0.773095,0.646651,0.277237,0.3044,0.889581,0.682411,0.125995,0.894,0.766532,0.645059,0.266495,0.2764,0.873626,0.680844,0.115353,0.8728,0.384055,0.574099,0.102876,0.9998,0.435017,0.622136,-0.101338,0.9998,0.353599,0.627792,0.288207,0.4707,0.437671,0.733328,-0.000424,0.9673,0.157933,0.652751,0.097988,0.9536,0.149337,0.725767,-0.191209,0.9943,0.12239,0.646735,0.072816,0.975,0.123237,0.709501,-0.202778,0.9907,0.077348,0.690415,0.094666,0.9773,0.059161,0.763874,-0.175919,0.9933
marjaryasana_zen_0092,0.545169,0.623362,-0.662051,1.0,0.55858,0.612619,-0.682337,1.0,0.56706,0.611181,-0.681148,0.9999,0.573415,0.610163,-0.680873,0.9999,0.523032,0.614958,-0.679048,1.0,0.515267,0.614724,-0.679599,1.0,0.505788,0.611516,-0.679161,0.9999,0.587304,0.599711,-0.604509,0.9999,0.483722,0.603268,-0.597243,0.9999,0.557515,0.622973,-0.616483,0.9999,0.522502,0.624248,-0.618276,0.9999,0.648902,0.596414,-0.422501,0.9995,0.409941,0.603184,-0.424533,0.9994,0.668171,0.649812,-0.361357,0.9306,0.3493,0.666303,-0.340555,0.9925,0.692021,0.722316,-0.437966,0.9808,0.358108,0.737209,-0.407959,0.9961,0.704199,0.732632,-0.493928,0.975,0.352731,0.755625,-0.454971,0.9935,0.687244,0.735247,-0.517291,0.974,0.37993,0.754639,-0.476106,0.9929,0.679028,0.732388,-0.452363,0.9527,0.387783,0.747419,-0.424312,0.9875,0.5433,0.545444,-0.012542,0.9997,0.444085,0.548171,0.014817,0.9997,0.577478,0.583623,0.220608,0.0809,0.439494,0.582239,0.241946,0.0853,0.547901,0.579448,0.624794,0.0371,0.46189,0.58089,0.684283,0.0179,0.53715,0.573705,0.665506,0.0379,0.462876,0.5765,0.730821,0.0217,0.557248,0.601004,0.674438,0.0635,0.468064,0.601441,0.748387,0.025
marjaryasana_zen_0093,0.242496,0.518094,-0.147412,0.9998,0.239467,0.510932,-0.18079,0.9998,0.246163,0.511147,-0.180276,0.9998,0.252851,0.511538,-0.179872,0.9998,0.224325,0.507018,-0.163246,0.9998,0.223249,0.505485,-0.163829,0.9997,0.222994,0.504203,-0.163155,0.9998,0.288481,0.505053,-0.238475,0.9997,0.250182,0.49462,-0.170278,0.9999,0.282726,0.523308,-0.158422,0.9995,0.266363,0.518588,-0.138136,0.9997,0.47425,0.528383,-0.237294,0.9994,0.301184,0.449881,-0.064827,0.9996,0.519201,0.595714,-0.12099,0.9565,0.315375,0.490686,0.140799,0.3082,0.497507,0.651407,0.022325,0.9687,0.305639,0.547037,0.234105,0.8419,0.479288,0.670169,-0.000134,0.9694,0.280643,0.560626,0.231143,0.8609,0.461735,0.664277,-0.002726,0.9717,0.289474,0.563352,0.199083,0.8759,0.469533,0.654928,0.024207,0.9632,0.30347,0.560136,0.224328,0.8613,0.776065,0.432983,-0.062887,0.9999,0.675809,0.387298,0.064298,0.9997,0.73617,0.517987,0.147051,0.7518,0.636046,0.443357,0.346685,0.0902,0.834081,0.460328,0.374953,0.5787,0.764184,0.42863,0.538091,0.2013,0.85347,0.443718,0.402764,0.603,0.78778,0.416706,0.560041,0.4134,0.835504,0.47928,0.470286,0.4228,0.796194,0.456142,0.640902,0.1995
marjaryasana_zen_0094,0.214403,0.432262,0.328638,0.9999,0.203185,0.425679,0.300277,1.0,0.198478,0.426673,0.301138,1.0,0.193988,0.427917,0.301287,1.0,0.219108,0.421733,0.308713,0.9999,0.224924,0.4201,0.308184,0.9999,0.23142,0.418734,0.30879,1.0,0.19701,0.431795,0.175901,0.9999,0.243938,0.419103,0.194666,1.0,0.212279,0.43903,0.285564,0.9999,0.233045,0.435349,0.288994,0.9999,0.194606,0.480408,0.059495,0.9999,0.358071,0.437589,0.217182,0.9996,0.205321,0.557309,0.146929,0.9162,0.395081,0.510495,0.350898,0.024,0.189454,0.58067,0.328544,0.4456,0.335273,0.558977,0.412695,0.0389,0.173373,0.584471,0.361982,0.4472,0.325696,0.56836,0.440697,0.0732,0.174136,0.578167,0.368895,0.4671,0.312491,0.571256,0.426342,0.083,0.180049,0.577867,0.342436,0.4546,0.312656,0.568622,0.410674,0.0938,0.487039,0.562775,-0.070909,1.0,0.573807,0.526668,0.071571,1.0,0.493218,0.673914,0.056566,0.9998,0.616135,0.586836,0.279211,0.8544,0.733577,0.712278,-0.279158,0.9998,0.78602,0.642237,-0.043573,0.9928,0.770656,0.706654,-0.307446,0.9999,0.805171,0.645672,-0.069154,0.9973,0.807143,0.76372,-0.241944,0.999,0.859415,0.681151,-0.042119,0.9863
marjaryasana_zen_0095,0.715143,0.395259,0.341692,1.0,0.714716,0.386474,0.321075,1.0,0.708405,0.384754,0.321791,1.0,0.70223,0.383435,0.32157,1.0,0.732166,0.390831,0.316496,1.0,0.737706,0.392085,0.315836,1.0,0.74258,0.393247,0.316798,1.0,0.689278,0.385059,0.230923,1.0,0.745208,0.398488,0.195899,1.0,0.69983,0.398802,0.314265,1.0,0.720635,0.403714,0.298968,1.0,0.583999,0.405305,0.259591,0.9998,0.765113,0.451634,0.067092,1.0,0.596122,0.472533,0.363641,0.0419,0.761158,0.52468,0.156238,0.9774,0.653643,0.49066,0.456647,0.0753,0.77256,0.534588,0.335156,0.7515,0.665191,0.491049,0.493371,0.1213,0.792969,0.54196,0.378942,0.7303,0.684482,0.490422,0.501698,0.1217,0.789655,0.537721,0.381174,0.7281,0.680499,0.492447,0.468441,0.1096,0.779692,0.534048,0.348105,0.731,0.414355,0.523849,0.059397,1.0,0.528949,0.553216,-0.058736,1.0,0.358025,0.590138,0.274063,0.9199,0.568141,0.652092,0.076419,0.9925,0.194936,0.661738,-0.176132,0.9986,0.329824,0.712986,-0.358949,0.9999,0.174312,0.666149,-0.22274,0.9996,0.290885,0.704766,-0.388898,0.9999,0.131727,0.715471,-0.197269,0.9966,0.256624,0.772997,-0.324756,0.9992
marjaryasana_zen_0096,0.6759,0.552281,-0.34564,0.9999,0.679618,0.543145,-0.351998,0.9999,0.683138,0.541444,-0.351326,0.9999,0.684933,0.539838,-0.350917,0.9998,0.666388,0.546653,-0.370553,0.9999,0.657467,0.546978,-0.371024,0.9999,0.649183,0.54728,-0.370488,0.9999,0.663383,0.530912,-0.290866,0.9998,0.606695,0.542172,-0.386252,0.9999,0.666557,0.55222,-0.315071,0.9999,0.64984,0.555593,-0.343215,0.9999,0.624825,0.494535,-0.174861,0.9996,0.458866,0.566149,-0.347816,0.9997,0.667972,0.537884,-0.008108,0.4535,0.43106,0.638996,-0.327909,0.996,0.684135,0.595931,0.03937,0.7261,0.502336,0.705216,-0.301249,0.9951,0.713003,0.602101,0.038432,0.7184,0.529258,0.723361,-0.341528,0.9894,0.702704,0.604359,0.00873,0.7266,0.549247,0.717575,-0.340872,0.9899,0.687849,0.601765,0.031006,0.7274,0.537866,0.710161,-0.303427,0.9835,0.330472,0.489438,0.073398,0.9997,0.252374,0.523553,-0.07145,0.9999,0.352946,0.551675,0.304765,0.2084,0.274579,0.602523,0.08314,0.7689,0.228292,0.520169,0.500128,0.2411,0.176085,0.542865,0.302807,0.8156,0.216765,0.508413,0.523375,0.2919,0.158524,0.529661,0.328459,0.8202,0.197301,0.53726,0.583593,0.332,0.165439,0.557834,0.37047,0.8064
marjaryasana_zen_0097,0.477119,0.468454,-0.577871,1.0,0.4962,0.459906,-0.603348,0.9999,0.512448,0.44969,-0.602945,0.9999,0.527316,0.447329,-0.602511,0.9999,0.457538,0.462499,-0.602828,0.9999,0.444446,0.461434,-0.604125,0.9999,0.431469,0.460621,-0.603335,0.9999,0.561031,0.432573,-0.557066,0.9998,0.405785,0.444081,-0.564891,0.9999,0.501352,0.459289,-0.54482,1.0,0.450321,0.462459,-0.548157,1.0,0.666679,0.386427,-0.425683,0.9994,0.288433,0.411533,-0.444786,0.9997,0.783298,0.456625,-0.361273,0.9988,0.167108,0.454031,-0.339857,0.9937,0.7378,0.564214,-0.419068,0.9979,0.218998,0.54971,-0.36338,0.9968,0.776693,0.585332,-0.471063,0.9955,0.185552,0.570904,-0.419512,0.9943,0.723255,0.585483,-0.500553,0.9956,0.229667,0.568342,-0.451756,0.9947,0.696031,0.57509,-0.434381,0.9924,0.251188,0.560039,-0.38028,0.9915,0.548807,0.316962,0.013932,0.9993,0.376665,0.328596,-0.012923,0.9987,0.62386,0.393361,0.17114,0.2279,0.395359,0.409619,0.126177,0.5421,0.552421,0.417365,0.516683,0.3824,0.387648,0.434868,0.477681,0.4601,0.528734,0.415452,0.550802,0.1968,0.390973,0.432294,0.512646,0.2433,0.568056,0.445198,0.513136,0.4967,0.393215,0.464549,0.458468,0.5298
marjaryasana_zen_0098,0.414497,0.491359,-0.307279,0.9981,0.40949,0.489798,-0.349188,0.999,0.413902,0.48885,-0.349265,0.999,0.420287,0.487851,-0.349017,0.9992,0.39062,0.491342,-0.322953,0.9973,0.383803,0.490826,-0.324299,0.9972,0.376947,0.48953,-0.323409,0.9984,0.435293,0.46498,-0.431202,0.9974,0.374401,0.471514,-0.320809,0.9984,0.438392,0.480422,-0.326441,0.9995,0.418774,0.483576,-0.292953,0.9995,0.575753,0.435058,-0.394924,0.999,0.331802,0.409644,-0.245712,0.9998,0.661502,0.517493,-0.396505,0.9812,0.303706,0.475692,-0.135228,0.7107,0.57645,0.615431,-0.41527,0.9882,0.2686,0.538282,-0.170449,0.9678,0.550675,0.63724,-0.479777,0.9796,0.218349,0.551272,-0.207636,0.9571,0.5165,0.628446,-0.483411,0.9816,0.243646,0.550834,-0.25242,0.9628,0.520437,0.619916,-0.424384,0.9718,0.269902,0.546767,-0.192687,0.9575,0.738301,0.40629,-0.062507,0.9997,0.598233,0.393878,0.062793,0.999,0.753298,0.509768,0.021352,0.8803,0.569401,0.456546,0.283294,0.1262,0.820479,0.48051,0.378269,0.4378,0.696891,0.460389,0.563677,0.0515,0.838233,0.472085,0.416357,0.4313,0.720653,0.451645,0.595469,0.0581,0.83129,0.521575,0.46714,0.4577,0.715619,0.49114,0.644165,0.1304
marjaryasana_zen_0099,0.185624,0.43471,-0.047263,0.9994,0.165509,0.435813,-0.087454,0.9998,0.16464,0.436427,-0.0867,0.9998,0.163264,0.437263,-0.08684,0.9998,0.163524,0.43309,-0.062164,0.9997,0.161223,0.43185,-0.062985,0.9996,0.15846,0.431016,-0.062342,0.9997,0.157081,0.429722,-0.187921,0.9997,0.140588,0.416693,-0.08493,0.9999,0.203186,0.430929,-0.075466,0.9996,0.201026,0.427232,-0.046157,0.9996,0.233465,0.424088,-0.219997,0.9999,0.188869,0.347485,-0.005661,0.9996,0.202075,0.499445,-0.187793,0.9949,0.180192,0.414593,0.200328,0.0746,0.134154,0.570183,-0.074257,0.9866,0.143093,0.488291,0.315702,0.2486,0.082954,0.582906,-0.096559,0.9819,0.119112,0.493888,0.319223,0.3245,0.072387,0.57498,-0.099077,0.9836,0.11705,0.503062,0.298111,0.3392,0.087809,0.571103,-0.075937,0.9788,0.133023,0.494577,0.307842,0.3538,0.633485,0.397612,-0.081,1.0,0.594581,0.353727,0.081573,0.9999,0.638654,0.520164,0.035294,0.975,0.570898,0.454834,0.298249,0.2115,0.87374,0.485952,0.162845,0.9453,0.767332,0.456688,0.42695,0.407,0.908302,0.469571,0.179334,0.944,0.815414,0.449859,0.441737,0.5072,0.931225,0.522419,0.238872,0.9219,0.842096,0.497733,0.484061,0.5302
marjaryasana_zen_0100,0.213761,0.466332,0.067335,0.9951,0.187367,0.473922,0.039079,0.9969,0.18491,0.474915,0.039938,0.997,0.182983,0.476177,0.040059,0.9971,0.187968,0.471128,0.070187,0.9967,0.185805,0.470231,0.06939,0.9963,0.183296,0.467656,0.070042,0.9969,0.156029,0.472516,-0.043554,0.9959,0.157124,0.462644,0.081612,0.9983,0.207206,0.460111,0.041107,0.9955,0.212082,0.453294,0.077056,0.9956,0.144684,0.447479,-0.102482,1.0,0.165624,0.39682,0.132124,0.9993,0.067636,0.527152,-0.087197,0.9462,0.335991,0.405828,0.267014,0.0161,0.043902,0.539341,0.088599,0.7835,0.480993,0.441116,0.326617,0.0216,0.00764,0.532968,0.087251,0.6948,0.516996,0.449071,0.35027,0.037,0.039219,0.535983,0.091012,0.6914,0.524775,0.45097,0.323328,0.0375,0.025481,0.522473,0.092202,0.6674,0.512597,0.447506,0.317774,0.0411,0.550456,0.387111,-0.095302,1.0,0.535633,0.348592,0.09622,0.9998,0.526288,0.513582,-0.051685,0.9656,0.445629,0.465185,0.262732,0.1504,0.781418,0.467072,-0.080291,0.9695,0.699009,0.43945,0.265419,0.406,0.812799,0.450263,-0.080199,0.9642,0.722537,0.423928,0.263961,0.5522,0.859962,0.503128,-0.0557,0.9482,0.785906,0.462276,0.29165,0.4935
marjaryasana_zen_0101,0.37386,0.399952,0.48601,0.9896,0.379257,0.393582,0.49762,0.9972,0.380471,0.391875,0.498638,0.9958,0.381952,0.390113,0.499142,0.9975,0.378868,0.397052,0.513208,0.997,0.379416,0.397759,0.512273,0.9951,0.379953,0.398514,0.513287,0.9974,0.394976,0.385672,0.50144,0.998,0.388183,0.397544,0.558038,0.9978,0.380779,0.400266,0.475354,0.9989,0.378793,0.404053,0.489059,0.9986,0.411792,0.370363,0.355939,0.9997,0.401617,0.42555,0.48884,0.9978,0.382971,0.37396,0.340976,0.2762,0.398564,0.468998,0.388084,0.0041,0.355136,0.39715,0.44797,0.0336,0.367057,0.435725,0.227639,0.0088,0.351855,0.412048,0.454893,0.0437,0.369216,0.428909,0.223464,0.0155,0.353442,0.407317,0.451317,0.0423,0.345087,0.423502,0.245626,0.0156,0.356095,0.402634,0.453821,0.0488,0.346756,0.422606,0.233779,0.0208,0.519363,0.436779,-0.047053,1.0,0.511079,0.464806,0.047332,1.0,0.358687,0.49815,-0.152837,0.9928,0.346593,0.505176,-0.023387,0.7951,0.539266,0.612079,-0.476843,0.9465,0.613178,0.595565,-0.401036,0.7521,0.58129,0.620556,-0.505989,0.9884,0.6801,0.599545,-0.437518,0.886,0.566624,0.67257,-0.557199,0.9415,0.661577,0.639433,-0.574642,0.7837
marjaryasana_zen_0102,0.656643,0.477269,0.051508,0.9998,0.67634,0.474219,0.055541,0.9998,0.678528,0.472471,0.056552,0.9998,0.681547,0.470996,0.056539,0.9997,0.67418,0.476637,0.026353,0.9998,0.674666,0.476596,0.02529,0.9999,0.675717,0.476812,0.026398,0.9999,0.694174,0.455848,0.093834,0.9998,0.690646,0.46683,-0.05831,0.9999,0.643887,0.467116,0.067298,0.9997,0.643948,0.470084,0.024452,0.9997,0.652563,0.407659,0.184612,0.9987,0.653728,0.452461,-0.125996,1.0,0.650998,0.46752,0.332997,0.3841,0.659282,0.53623,-0.097619,0.9824,0.783624,0.477682,0.386275,0.5614,0.825544,0.529525,0.088198,0.9787,0.824708,0.475833,0.410133,0.5815,0.877514,0.535104,0.091669,0.9664,0.826468,0.478786,0.404064,0.5777,0.88413,0.523932,0.097334,0.9648,0.809983,0.480476,0.387341,0.5548,0.862473,0.51806,0.097023,0.9589,0.316353,0.361186,0.113731,0.9998,0.277249,0.38057,-0.112583,1.0,0.404599,0.465123,0.22096,0.2602,0.353272,0.519905,-0.107983,0.9907,0.169073,0.459224,0.296831,0.3709,0.097602,0.482849,-0.043188,0.9846,0.122925,0.446503,0.301225,0.3737,0.059751,0.462917,-0.031905,0.9722,0.143421,0.490036,0.327867,0.5172,0.023976,0.523838,0.006557,0.9761
marjaryasana_zen_0103,0.591233,0.506992,-0.313541,0.9999,0.614588,0.506995,-0.335354,0.9999,0.627913,0.50473,-0.334549,0.9999,0.637827,0.499474,-0.334687,0.9999,0.57929,0.508194,-0.33356,0.9999,0.566475,0.508289,-0.334598,0.9999,0.555047,0.507689,-0.334113,0.9999,0.648932,0.481137,-0.322426,0.9999,0.521674,0.492309,-0.332946,0.9998,0.601182,0.494261,-0.298089,1.0,0.565056,0.497396,-0.300886,0.9999,0.69639,0.421595,-0.257685,0.9996,0.422368,0.453491,-0.29189,0.9995,0.767333,0.487132,-0.264841,0.9705,0.322956,0.513283,-0.274564,0.9496,0.767349,0.554338,-0.355539,0.9842,0.395716,0.57459,-0.324429,0.9861,0.806392,0.573258,-0.401509,0.9846,0.389175,0.601831,-0.38075,0.984,0.749399,0.574625,-0.434012,0.9858,0.438831,0.591521,-0.412619,0.9865,0.726134,0.564436,-0.370726,0.9778,0.450684,0.579417,-0.342072,0.9836,0.561538,0.32803,0.025666,0.9996,0.40466,0.339694,-0.024535,0.9995,0.636348,0.411119,0.25601,0.0494,0.400984,0.443065,0.151749,0.1411,0.530296,0.404435,0.561195,0.0977,0.384926,0.415025,0.492195,0.1315,0.503244,0.398457,0.59198,0.0792,0.381381,0.408483,0.525581,0.1085,0.53996,0.423935,0.56928,0.1797,0.388233,0.431987,0.496289,0.2091
marjaryasana_zen_0104,0.282631,0.584549,0.036739,1.0,0.265407,0.583027,0.005464,1.0,0.266072,0.583295,0.006415,1.0,0.266902,0.58376,0.006548,1.0,0.26351,0.580831,0.029556,1.0,0.262934,0.579356,0.028917,1.0,0.262276,0.577694,0.029542,0.9999,0.277919,0.575336,-0.071536,1.0,0.26794,0.565926,0.016478,1.0,0.304377,0.583195,0.017451,0.9999,0.304151,0.57974,0.042107,0.9999,0.383804,0.587591,-0.123193,0.9999,0.341433,0.523871,0.124545,0.9996,0.379086,0.666199,-0.116069,0.984,0.324993,0.565138,0.332037,0.1393,0.2247,0.661545,-0.02251,0.9886,0.220635,0.592381,0.477694,0.6501,0.174435,0.66747,-0.026441,0.9851,0.192479,0.598849,0.496673,0.6737,0.170122,0.656541,-0.040295,0.9865,0.193143,0.600435,0.49916,0.686,0.189184,0.651041,-0.024554,0.9837,0.201047,0.602162,0.482738,0.662,0.736136,0.511643,-0.083835,1.0,0.690855,0.473164,0.084936,1.0,0.7154,0.621741,0.046785,0.8824,0.604125,0.557739,0.323502,0.1738,0.898474,0.578381,0.109792,0.8514,0.7953,0.536779,0.382997,0.4118,0.92821,0.564924,0.119414,0.8569,0.827677,0.521899,0.388421,0.5772,0.943773,0.627945,0.174492,0.8209,0.85703,0.576731,0.448666,0.5657
marjaryasana_zen_0105,0.410082,0.666832,0.15109,0.999,0.401568,0.669406,0.180866,0.9987,0.389316,0.669521,0.1817,0.9991,0.381186,0.668572,0.182135,0.9989,0.417902,0.669758,0.179171,0.9985,0.402342,0.659316,0.178435,0.9988,0.408965,0.659155,0.179736,0.9984,0.366139,0.656314,0.269815,0.9978,0.428778,0.645108,0.248791,0.9971,0.402789,0.656273,0.175706,0.9935,0.424384,0.663579,0.167168,0.9941,0.316772,0.604403,0.234853,0.9966,0.529723,0.602446,0.195463,0.9977,0.276941,0.602591,0.067215,0.0183,0.565441,0.599954,0.026132,0.0127,0.278199,0.588097,-0.084032,0.026,0.559706,0.602006,-0.103988,0.0159,0.253549,0.582166,-0.086131,0.0641,0.561526,0.598862,-0.107209,0.0329,0.268625,0.581785,-0.08965,0.0686,0.558035,0.600386,-0.085366,0.0335,0.286209,0.585567,-0.081995,0.0575,0.552587,0.602943,-0.09745,0.0348,0.341947,0.506984,0.018182,0.9871,0.533994,0.50085,-0.017028,0.9815,0.333343,0.660152,-0.074543,0.4334,0.528052,0.660005,-0.06706,0.6523,0.318448,0.770478,-0.252005,0.4304,0.498018,0.780115,-0.266614,0.5753,0.322132,0.783574,-0.2669,0.6914,0.525124,0.791082,-0.286843,0.7788,0.338554,0.838976,-0.299445,0.422,0.523594,0.853843,-0.336401,0.5413
marjaryasana_zen_0106,0.732494,0.583475,-0.010783,0.9997,0.755282,0.578105,-0.015369,0.9996,0.758127,0.575816,-0.014383,0.9996,0.760662,0.573501,-0.014302,0.9995,0.751107,0.582418,-0.042269,0.9997,0.750766,0.583221,-0.0433,0.9997,0.750229,0.584131,-0.042331,0.9997,0.759671,0.562237,0.000761,0.9997,0.745477,0.580526,-0.139657,0.9999,0.721431,0.577444,-0.000961,0.9997,0.714513,0.582313,-0.040362,0.9996,0.684958,0.512101,0.103674,0.9994,0.642972,0.589746,-0.190367,0.9999,0.699016,0.555392,0.278883,0.3408,0.63778,0.660222,-0.15224,0.9605,0.805907,0.578414,0.371628,0.5308,0.808133,0.652677,-0.009612,0.9664,0.836812,0.578749,0.399982,0.5795,0.858697,0.660148,-0.028848,0.9442,0.841287,0.583931,0.386388,0.5868,0.862109,0.648982,-0.02222,0.942,0.824432,0.585659,0.370808,0.5683,0.846256,0.642953,-0.00455,0.9286,0.344434,0.475469,0.110246,1.0,0.30082,0.508738,-0.10922,1.0,0.377439,0.568618,0.297315,0.2594,0.31692,0.619816,-0.050792,0.965,0.201839,0.5377,0.415378,0.4547,0.157615,0.565295,0.149693,0.8864,0.177909,0.525609,0.425837,0.4885,0.145351,0.55295,0.173434,0.8436,0.155518,0.553275,0.482473,0.5773,0.111301,0.585506,0.240673,0.868
marjaryasana_zen_0107,0.378105,0.52402,-0.020379,0.9996,0.380394,0.530333,-0.054237,0.9997,0.388629,0.530762,-0.053799,0.9996,0.397798,0.531395,-0.053642,0.9997,0.360962,0.527495,-0.05178,0.9997,0.35447,0.525513,-0.052709,0.9996,0.346927,0.523564,-0.052093,0.9997,0.422755,0.52103,-0.129737,0.9993,0.343708,0.507467,-0.132138,0.9997,0.403629,0.514722,-0.036939,0.9996,0.379126,0.509617,-0.037381,0.9997,0.572313,0.487787,-0.138162,0.9993,0.31891,0.447563,-0.080446,0.9996,0.612788,0.549503,-0.099744,0.7277,0.301726,0.502335,0.00494,0.486,0.480425,0.598766,-0.115901,0.8884,0.264836,0.558869,0.049582,0.8453,0.470933,0.620614,-0.146023,0.8926,0.234776,0.578596,0.036009,0.8407,0.445376,0.617313,-0.155906,0.8985,0.254562,0.581528,0.007609,0.8532,0.442088,0.608599,-0.120172,0.8848,0.272638,0.575183,0.039565,0.8332,0.669083,0.294898,-0.019075,0.9982,0.519723,0.274068,0.020248,0.9978,0.622842,0.382054,0.229352,0.1324,0.468849,0.353465,0.282441,0.0208,0.583749,0.3978,0.516623,0.1252,0.521899,0.388949,0.566789,0.0417,0.581706,0.389303,0.545102,0.1292,0.533573,0.388046,0.593193,0.0778,0.552901,0.43593,0.520822,0.1479,0.540585,0.421971,0.577996,0.083
marjaryasana_zen_0108,0.414396,0.369677,0.283635,1.0,0.402278,0.363418,0.263218,1.0,0.394755,0.363217,0.263383,1.0,0.383802,0.362989,0.263366,1.0,0.427428,0.36356,0.262488,1.0,0.43852,0.363526,0.261115,1.0,0.445544,0.363023,0.262753,1.0,0.369787,0.362049,0.175791,1.0,0.453997,0.361757,0.168363,1.0,0.398745,0.372807,0.252083,1.0,0.427614,0.372901,0.241541,1.0,0.306156,0.382753,0.109636,1.0,0.532082,0.380164,0.089238,1.0,0.321657,0.449979,0.210679,0.4039,0.552534,0.465764,0.234627,0.187,0.38505,0.463245,0.335883,0.0804,0.498802,0.491739,0.386078,0.0165,0.377344,0.459991,0.366926,0.0864,0.497494,0.492692,0.453027,0.0226,0.405685,0.454652,0.392284,0.0926,0.469609,0.492218,0.445375,0.0261,0.413196,0.456962,0.350806,0.0954,0.467108,0.492115,0.399426,0.0354,0.370587,0.497924,-0.029541,1.0,0.520566,0.49567,0.030677,1.0,0.278039,0.564062,0.319368,0.9999,0.607599,0.541698,0.276047,0.9987,0.344704,0.663298,-0.147074,1.0,0.541045,0.641577,-0.111568,1.0,0.370384,0.673887,-0.175199,1.0,0.516492,0.649414,-0.133913,1.0,0.320371,0.715191,-0.062012,0.9998,0.552217,0.700832,-0.023562,0.9995
marjaryasana_zen_0109,0.467856,0.359304,-0.75928,1.0,0.499926,0.339217,-0.759041,1.0,0.515389,0.338006,-0.758433,1.0,0.529495,0.336849,-0.758477,1.0,0.439908,0.340287,-0.760609,0.9999,0.425666,0.339088,-0.762389,0.9999,0.414984,0.337567,-0.761114,0.9999,0.560517,0.333852,-0.654259,0.9999,0.389187,0.331178,-0.661206,0.9998,0.496826,0.373184,-0.712291,0.9999,0.442119,0.375483,-0.714254,0.9999,0.658108,0.376566,-0.49619,0.9999,0.302024,0.370256,-0.52438,0.9987,0.716532,0.482928,-0.496344,0.9935,0.231231,0.473829,-0.486207,0.9803,0.71509,0.586629,-0.530515,0.9918,0.230959,0.577911,-0.522288,0.9727,0.742486,0.609037,-0.567752,0.9679,0.205789,0.59797,-0.561226,0.9161,0.696653,0.606256,-0.592622,0.9772,0.252398,0.598424,-0.577701,0.9376,0.678626,0.600173,-0.541481,0.976,0.272122,0.593914,-0.534272,0.9402,0.564771,0.42906,0.00428,0.9999,0.395054,0.427451,-0.002563,0.9999,0.607381,0.47516,0.089503,0.4212,0.39123,0.46051,0.160083,0.233,0.562196,0.427067,0.462152,0.0686,0.422564,0.427012,0.492211,0.0664,0.541594,0.414865,0.502653,0.057,0.430955,0.418431,0.525561,0.0437,0.570302,0.449332,0.486862,0.1338,0.436955,0.447437,0.506721,0.1365
marjaryasana_zen_0110,0.225445,0.414997,-0.422413,0.9999,0.235711,0.399305,-0.443541,0.9999,0.24503,0.397186,-0.442806,0.9999,0.25929,0.394559,-0.442377,0.9999,0.212496,0.400206,-0.416387,0.9999,0.208392,0.399024,-0.417668,0.9999,0.20444,0.397935,-0.416617,0.9999,0.293878,0.385667,-0.452486,0.9999,0.229237,0.392981,-0.344531,1.0,0.263669,0.41824,-0.418889,0.9999,0.236533,0.418804,-0.386469,1.0,0.454024,0.418218,-0.432097,0.9995,0.263987,0.403731,-0.215462,1.0,0.551018,0.515162,-0.424889,0.9941,0.256951,0.468718,-0.067378,0.9497,0.478432,0.603791,-0.416053,0.9924,0.229132,0.545186,-0.038476,0.9807,0.455014,0.622015,-0.477835,0.9852,0.189554,0.559131,-0.048009,0.9701,0.424722,0.614593,-0.476423,0.986,0.201883,0.560676,-0.094086,0.9759,0.428921,0.607886,-0.42001,0.9764,0.221285,0.555101,-0.056898,0.9759,0.63839,0.423751,-0.06516,1.0,0.54402,0.419642,0.065945,1.0,0.702793,0.520263,-0.114534,0.9322,0.535355,0.487435,0.141619,0.4889,0.711668,0.480495,0.204445,0.3239,0.650788,0.470896,0.362316,0.1371,0.70059,0.465832,0.244055,0.4221,0.662236,0.461826,0.391538,0.1961,0.716123,0.493868,0.349661,0.4278,0.683012,0.483732,0.48358,0.2675
marjaryasana_zen_0111,0.050397,0.382521,-0.056927,0.9965,0.046909,0.368083,-0.083234,0.9971,0.049283,0.366854,-0.082277,0.9973,0.052223,0.36567,-0.082148,0.9974,0.046181,0.367735,-0.050639,0.9968,0.048025,0.366346,-0.051179,0.9971,0.049676,0.364998,-0.050454,0.9972,0.084047,0.359716,-0.139504,0.9965,0.083361,0.357639,-0.007858,0.9981,0.073362,0.388201,-0.072398,0.9961,0.071829,0.387667,-0.033605,0.9957,0.211318,0.409732,-0.203735,0.9996,0.230247,0.360757,0.115392,0.9992,0.263331,0.499485,-0.207829,0.9866,0.273889,0.446787,0.188168,0.112,0.209247,0.580628,-0.128762,0.9832,0.246197,0.512057,0.161117,0.2416,0.163426,0.591835,-0.156861,0.9812,0.209416,0.514334,0.171603,0.3104,0.150398,0.587457,-0.128262,0.9798,0.200458,0.51431,0.139303,0.3178,0.16486,0.584081,-0.116705,0.9718,0.217492,0.517208,0.146652,0.3278,0.646932,0.427139,-0.094209,1.0,0.621523,0.386984,0.095456,0.9998,0.66597,0.554472,-0.015432,0.98,0.603241,0.488824,0.301318,0.2099,0.909814,0.504218,0.065054,0.9682,0.826092,0.479452,0.33272,0.5488,0.938757,0.487168,0.077571,0.9726,0.854624,0.465772,0.335929,0.7272,0.974785,0.537349,0.154807,0.948,0.873771,0.504719,0.402011,0.6809
marjaryasana_zen_0112,0.159871,0.444114,0.328906,0.9999,0.146875,0.432581,0.300702,1.0,0.144643,0.432453,0.302026,1.0,0.14207,0.432404,0.302461,1.0,0.153873,0.430335,0.328986,1.0,0.156439,0.425889,0.3286,1.0,0.159343,0.42429,0.329067,1.0,0.157565,0.436251,0.1994,0.9999,0.171703,0.418213,0.297408,1.0,0.179144,0.444894,0.294546,0.9998,0.186334,0.441853,0.320713,0.9999,0.174853,0.472539,0.081418,1.0,0.265165,0.41781,0.315237,0.9999,0.179765,0.54912,0.141058,0.962,0.324628,0.459177,0.445064,0.0266,0.126936,0.528461,0.340177,0.8229,0.238054,0.48718,0.557326,0.0273,0.101235,0.523213,0.368406,0.818,0.211034,0.488523,0.592662,0.0457,0.113693,0.514328,0.366266,0.8078,0.20623,0.49027,0.600773,0.0425,0.122381,0.51465,0.349246,0.789,0.204623,0.49299,0.56367,0.0509,0.488491,0.464602,-0.072146,1.0,0.559571,0.419043,0.072869,1.0,0.474064,0.596742,0.057569,0.9978,0.587392,0.508037,0.270242,0.264,0.767084,0.585204,-0.272635,0.9975,0.791118,0.538205,-0.060489,0.899,0.798029,0.570903,-0.30119,0.999,0.812992,0.533503,-0.092399,0.9521,0.880779,0.625646,-0.259127,0.9966,0.876142,0.569647,-0.121873,0.9408
marjaryasana_zen_0113,0.697189,0.372403,0.474887,0.9986,0.703657,0.357059,0.47713,0.9987,0.693831,0.365527,0.477752,0.9985,0.690186,0.364227,0.477794,0.9983,0.707134,0.36937,0.478035,0.9989,0.711001,0.369734,0.477055,0.9989,0.714872,0.370128,0.477037,0.9986,0.68122,0.361043,0.445409,0.9989,0.715833,0.369894,0.421974,0.9993,0.689655,0.367104,0.461077,0.9995,0.698944,0.367217,0.451797,0.9996,0.621163,0.369202,0.360573,0.9999,0.719486,0.381801,0.306819,1.0,0.645359,0.441608,0.242737,0.0449,0.646379,0.419853,0.216109,0.0306,0.708309,0.467692,0.141385,0.0386,0.558444,0.438194,0.167089,0.008,0.71358,0.471497,0.130543,0.0717,0.539868,0.443854,0.18662,0.0168,0.733266,0.470359,0.141316,0.0791,0.52808,0.440021,0.180871,0.0191,0.731515,0.469139,0.148547,0.0745,0.534903,0.438203,0.167636,0.0262,0.421851,0.442156,0.04901,1.0,0.570125,0.472356,-0.048733,1.0,0.411916,0.509805,0.094671,0.6229,0.73109,0.576874,0.001975,0.807,0.27429,0.614403,-0.423602,0.9555,0.498831,0.661345,-0.53331,0.9839,0.266069,0.61485,-0.480682,0.9908,0.453406,0.657901,-0.5797,0.9952,0.192568,0.707644,-0.525906,0.9417,0.382968,0.762048,-0.622021,0.9629
marjaryasana_zen_0114,0.800647,0.426404,-0.097886,0.9999,0.803155,0.413935,-0.096838,0.9998,0.80168,0.412225,-0.095981,0.9997,0.800179,0.410308,-0.096024,0.9997,0.800096,0.417147,-0.123675,0.9999,0.795922,0.417588,-0.124417,0.9999,0.79212,0.417916,-0.123798,0.9999,0.769992,0.405,-0.049677,0.9998,0.759071,0.417411,-0.18618,0.9999,0.776502,0.432532,-0.077342,0.9998,0.772981,0.434913,-0.116354,0.9999,0.650018,0.399331,0.060506,0.9996,0.621639,0.473387,-0.243518,0.9999,0.711663,0.464034,0.186836,0.1945,0.634045,0.562446,-0.209258,0.989,0.784292,0.518205,0.221947,0.5132,0.777303,0.588838,-0.08587,0.9854,0.823848,0.521588,0.235112,0.6083,0.842214,0.603846,-0.11471,0.9737,0.817454,0.523643,0.20087,0.619,0.839469,0.589392,-0.103493,0.9734,0.808181,0.527472,0.212041,0.5988,0.814955,0.582845,-0.081335,0.9648,0.231447,0.427412,0.107493,0.9999,0.191629,0.471207,-0.106043,1.0,0.360498,0.523651,0.316402,0.3446,0.258323,0.594892,-0.049858,0.9649,0.135592,0.499132,0.387653,0.4624,0.086889,0.525055,0.130363,0.8344,0.117607,0.4791,0.396632,0.5094,0.081765,0.504869,0.154715,0.8389,0.08124,0.529609,0.476637,0.6034,0.048476,0.550177,0.25609,0.8316
marjaryasana_zen_0115,0.439716,0.473637,-0.61702,0.9526,0.431379,0.473224,-0.646166,0.9818,0.428817,0.472213,-0.645039,0.979,0.42628,0.471213,-0.645633,0.9844,0.436881,0.476758,-0.6445,0.9817,0.438118,0.477847,-0.645587,0.9718,0.439375,0.478938,-0.644139,0.9766,0.414232,0.470277,-0.623866,0.9888,0.432781,0.482443,-0.621203,0.988,0.435895,0.471776,-0.592701,0.9822,0.441327,0.474664,-0.594869,0.9806,0.390393,0.462373,-0.483784,0.9999,0.443769,0.490858,-0.480616,0.9986,0.421488,0.436096,-0.426828,0.7506,0.486859,0.482428,-0.338555,0.3769,0.471136,0.414462,-0.483081,0.8753,0.514979,0.453711,-0.30484,0.6251,0.472161,0.407191,-0.532642,0.828,0.523419,0.448688,-0.321276,0.5764,0.477639,0.409562,-0.55148,0.864,0.512736,0.444993,-0.340855,0.5965,0.480605,0.413275,-0.493787,0.7865,0.508703,0.446092,-0.31258,0.4717,0.439343,0.468158,-0.003043,0.9994,0.464243,0.483405,0.004813,0.9998,0.434107,0.466557,0.374552,0.0601,0.469422,0.479397,0.392331,0.0943,0.447138,0.472821,0.743221,0.1719,0.490525,0.483974,0.774246,0.1214,0.447837,0.473823,0.781938,0.1781,0.48863,0.48379,0.814253,0.0695,0.457369,0.470843,0.775088,0.1936,0.514561,0.481178,0.800106,0.1481
marjaryasana_zen_0116,0.162759,0.468027,0.007522,0.9995,0.157666,0.45908,-0.02064,0.9996,0.15883,0.459126,-0.019554,0.9996,0.160037,0.459075,-0.019306,0.9996,0.159562,0.457067,0.002518,0.9996,0.162271,0.455794,0.002118,0.9996,0.164728,0.454521,0.002805,0.9995,0.182209,0.456517,-0.088609,0.9997,0.189022,0.449164,-0.002876,0.9997,0.180218,0.474975,-0.008252,0.999,0.182357,0.471795,0.015984,0.9993,0.2609,0.49965,-0.150096,0.9999,0.307004,0.448202,0.113359,0.9996,0.266831,0.569579,-0.119945,0.9978,0.302721,0.510893,0.265801,0.0559,0.18859,0.627152,0.013341,0.9916,0.250697,0.562325,0.335234,0.2812,0.160936,0.63458,0.008341,0.9879,0.215178,0.568073,0.349889,0.3451,0.153827,0.630491,0.012991,0.9882,0.210679,0.569436,0.334974,0.3624,0.164238,0.628428,0.020824,0.9835,0.22606,0.568599,0.332029,0.3792,0.640419,0.526678,-0.085139,1.0,0.637334,0.478943,0.086235,1.0,0.691473,0.624643,0.079508,0.9587,0.659119,0.543055,0.367612,0.1614,0.839118,0.559229,0.09111,0.8954,0.810317,0.544641,0.328967,0.4256,0.850254,0.545697,0.097225,0.9398,0.829901,0.535124,0.326987,0.6529,0.913817,0.574488,0.187701,0.8973,0.862567,0.568858,0.391072,0.5848
marjaryasana_zen_0117,0.463884,0.440245,0.54124,0.9999,0.459583,0.433736,0.541423,0.9999,0.458398,0.432263,0.5421,0.9998,0.46593,0.43706,0.542083,0.9999,0.463625,0.434755,0.536568,1.0,0.464826,0.434475,0.535214,0.9999,0.466315,0.434181,0.536356,1.0,0.45174,0.438902,0.500102,0.9999,0.467509,0.433433,0.455312,1.0,0.462487,0.444582,0.521752,0.9998,0.464904,0.44671,0.502855,0.9999,0.373332,0.463051,0.383542,0.9999,0.526385,0.45188,0.351499,0.9999,0.438386,0.528573,0.450685,0.0461,0.522876,0.525321,0.430928,0.0214,0.476194,0.558807,0.59822,0.012,0.521704,0.544847,0.542003,0.0028,0.47306,0.566006,0.62693,0.0167,0.531178,0.546822,0.605732,0.0056,0.487372,0.560753,0.646933,0.0172,0.511462,0.54367,0.60226,0.0058,0.490975,0.557769,0.611722,0.0209,0.506097,0.542228,0.555215,0.0082,0.435593,0.558585,-0.004222,1.0,0.550335,0.544503,0.004594,1.0,0.384798,0.652316,0.117331,0.9963,0.639484,0.615042,0.09638,0.8965,0.539925,0.71946,-0.225932,0.9955,0.643532,0.689606,-0.225483,0.987,0.562269,0.718824,-0.257855,0.998,0.649652,0.701481,-0.247968,0.9942,0.586592,0.773039,-0.204746,0.9545,0.66166,0.738156,-0.235287,0.9107
marjaryasana_zen_0118,0.523036,0.577063,-0.310298,0.9971,0.531753,0.573919,-0.331125,0.9986,0.5378,0.571963,-0.330401,0.9984,0.544972,0.56965,-0.330218,0.9989,0.513323,0.576695,-0.339142,0.9986,0.506154,0.577063,-0.339998,0.9982,0.49915,0.577312,-0.33973,0.9987,0.548223,0.55606,-0.334763,0.9973,0.471686,0.570158,-0.385881,0.9963,0.524,0.569705,-0.300923,0.998,0.503544,0.573545,-0.315812,0.9972,0.592642,0.52515,-0.264263,0.9987,0.379899,0.566439,-0.355556,0.999,0.635985,0.577824,-0.248789,0.6759,0.384691,0.65053,-0.362377,0.8904,0.644881,0.645346,-0.326663,0.8512,0.491809,0.700778,-0.438398,0.9816,0.672526,0.661888,-0.366036,0.8457,0.510533,0.723541,-0.505707,0.9799,0.656743,0.663853,-0.399611,0.8475,0.530746,0.713389,-0.522434,0.9831,0.638598,0.658062,-0.343081,0.8328,0.525401,0.702948,-0.452303,0.977,0.405801,0.45745,0.044593,0.9995,0.301572,0.489742,-0.042922,0.9997,0.493785,0.50208,0.225573,0.0278,0.340542,0.579781,0.076519,0.142,0.378535,0.50206,0.520993,0.0252,0.323058,0.530175,0.427905,0.0521,0.356979,0.502751,0.55247,0.0259,0.300732,0.522903,0.463487,0.0574,0.368834,0.512033,0.580788,0.0461,0.311558,0.539877,0.49925,0.0769
marjaryasana_zen_0119,0.180491,0.487792,0.011656,1.0,0.171762,0.484024,-0.020189,1.0,0.174527,0.484914,-0.019164,1.0,0.177175,0.48605,-0.018954,1.0,0.167774,0.479177,-0.001811,1.0,0.167916,0.477037,-0.00225,1.0,0.168387,0.475113,-0.00156,1.0,0.199329,0.485012,-0.104746,1.0,0.190208,0.468934,-0.041329,1.0,0.203909,0.491729,-0.007926,0.9999,0.202507,0.485791,0.009837,1.0,0.325726,0.530361,-0.134337,0.9999,0.275552,0.443954,0.068612,0.9999,0.333966,0.594014,-0.029042,0.9551,0.240293,0.500631,0.282472,0.1599,0.275438,0.621089,0.16642,0.9205,0.205839,0.551724,0.42031,0.6967,0.249216,0.639213,0.169539,0.9165,0.177683,0.559702,0.440206,0.7532,0.244938,0.628388,0.16515,0.9228,0.183258,0.560386,0.424442,0.7673,0.256656,0.620309,0.172338,0.9111,0.195023,0.559525,0.420478,0.7458,0.722192,0.478738,-0.078205,1.0,0.67095,0.423509,0.079601,1.0,0.742104,0.561838,0.137406,0.9198,0.664674,0.477054,0.359791,0.1735,0.832854,0.489519,0.149846,0.8916,0.801645,0.471906,0.341931,0.5007,0.845338,0.476194,0.154955,0.932,0.815238,0.462487,0.34382,0.6982,0.885967,0.502749,0.229628,0.9194,0.865499,0.497357,0.407865,0.6978
marjaryasana_zen_0120,0.715125,0.360004,0.305079,0.9997,0.71532,0.351795,0.273206,0.9996,0.709965,0.349957,0.274371,0.9995,0.703657,0.348363,0.274246,0.9996,0.729973,0.356466,0.272884,0.9997,0.73452,0.357822,0.27247,0.9997,0.738658,0.359286,0.273179,0.9998,0.691359,0.349104,0.167446,0.9995,0.737718,0.363386,0.146961,0.9998,0.700937,0.362365,0.277394,0.999,0.717011,0.367583,0.268772,0.9991,0.603796,0.364455,0.193652,0.9996,0.738999,0.409068,0.048451,0.9999,0.601422,0.425732,0.343,0.032,0.732034,0.459551,0.182401,0.9317,0.663276,0.456254,0.506508,0.0367,0.758324,0.455858,0.497326,0.3809,0.67239,0.465232,0.54055,0.0676,0.781104,0.460153,0.539155,0.3999,0.687701,0.464344,0.540717,0.0673,0.772234,0.453122,0.542875,0.3787,0.685833,0.46268,0.512343,0.0681,0.764628,0.452359,0.509472,0.3811,0.406094,0.471453,0.071506,0.9999,0.482122,0.496925,-0.070238,0.9999,0.394706,0.554959,0.237073,0.457,0.522951,0.591856,0.017738,0.9686,0.238203,0.589274,0.015319,0.8725,0.292319,0.587713,-0.19908,0.9903,0.205358,0.58598,-0.013493,0.9463,0.24666,0.579049,-0.212344,0.9903,0.200724,0.634689,-0.000884,0.85,0.214217,0.636692,-0.174409,0.9808
marjaryasana_zen_0121,0.501222,0.450525,-0.460907,0.9999,0.518351,0.453447,-0.482271,0.9997,0.531334,0.451571,-0.481458,0.9997,0.545847,0.449415,-0.481243,0.9997,0.485141,0.455314,-0.478645,0.9997,0.473718,0.454887,-0.479489,0.9996,0.460708,0.454527,-0.479046,0.9995,0.570576,0.436427,-0.455506,0.9995,0.431572,0.437864,-0.454221,0.999,0.520891,0.441108,-0.438886,0.9999,0.480071,0.443169,-0.439164,0.9998,0.680959,0.384343,-0.363037,0.9988,0.324879,0.387888,-0.375378,0.9979,0.772221,0.466134,-0.335924,0.9803,0.25099,0.468006,-0.346649,0.9494,0.759742,0.562951,-0.4008,0.9895,0.262769,0.55752,-0.38509,0.9818,0.782861,0.58909,-0.458429,0.9877,0.230946,0.579388,-0.440053,0.9808,0.740823,0.589847,-0.485389,0.9886,0.267097,0.57804,-0.469395,0.9835,0.720167,0.576733,-0.414881,0.98,0.284896,0.569514,-0.40099,0.9742,0.58393,0.294071,0.017446,0.9993,0.412163,0.302189,-0.01597,0.9985,0.611662,0.375112,0.224409,0.0642,0.392737,0.407635,0.185408,0.0841,0.541708,0.396071,0.568569,0.117,0.417188,0.409092,0.542965,0.0939,0.524042,0.396334,0.602689,0.0656,0.416237,0.409366,0.578384,0.0525,0.541306,0.421239,0.549919,0.2393,0.399543,0.427749,0.530333,0.1782
marjaryasana_zen_0122,0.318093,0.494713,-0.020219,0.9997,0.303788,0.499892,-0.056563,0.9999,0.304588,0.501117,-0.055893,0.9999,0.305195,0.50278,-0.0561,0.9999,0.294712,0.496939,-0.029938,0.9999,0.288693,0.495952,-0.030988,0.9999,0.28351,0.495413,-0.030476,0.9999,0.292387,0.50052,-0.155187,0.9999,0.265248,0.486351,-0.052163,0.9999,0.327607,0.490639,-0.050445,0.9998,0.317771,0.485685,-0.021103,0.9999,0.350616,0.490948,-0.210333,1.0,0.265726,0.409048,0.006732,0.9998,0.351157,0.573465,-0.223186,0.9952,0.284587,0.463656,0.21967,0.1445,0.237947,0.635989,-0.133432,0.9926,0.218904,0.514166,0.391864,0.338,0.193063,0.649981,-0.149705,0.9875,0.186226,0.526218,0.412072,0.3759,0.180779,0.641759,-0.158918,0.9883,0.187081,0.528422,0.404032,0.3895,0.194811,0.636787,-0.137239,0.9821,0.206096,0.524573,0.39186,0.3923,0.715502,0.436697,-0.086069,1.0,0.643766,0.390999,0.086995,1.0,0.679566,0.563596,-0.047641,0.9754,0.408799,0.484328,0.240161,0.1855,0.891126,0.507972,0.067842,0.7986,0.606611,0.503125,0.380063,0.2755,0.916997,0.490617,0.083185,0.7976,0.647518,0.494289,0.394046,0.4547,0.961696,0.543803,0.15114,0.7023,0.636655,0.550497,0.45828,0.3639
marjaryasana_zen_0123,0.187486,0.490834,0.243646,0.9997,0.158242,0.48725,0.228161,0.9998,0.155671,0.487317,0.22913,0.9998,0.160242,0.493061,0.229262,0.9998,0.16357,0.486041,0.25612,0.9998,0.161623,0.481392,0.255283,0.9998,0.163442,0.480773,0.256175,0.9998,0.133071,0.482843,0.166417,0.9994,0.160025,0.470985,0.276404,0.9998,0.18353,0.485545,0.220605,0.9994,0.188634,0.483841,0.251382,0.9996,0.117108,0.468006,0.054198,1.0,0.238674,0.427701,0.294199,0.9995,0.120923,0.541449,0.058249,0.8998,0.43438,0.464554,0.361022,0.0067,0.073592,0.573557,0.1849,0.6731,0.528744,0.518876,0.324237,0.0151,0.04767,0.582177,0.188039,0.5986,0.552609,0.527595,0.342101,0.0294,0.05505,0.57195,0.193394,0.5805,0.553096,0.537394,0.313249,0.03,0.066342,0.570647,0.190426,0.5822,0.540154,0.534729,0.311088,0.0328,0.518494,0.448437,-0.09021,1.0,0.573273,0.429356,0.091166,1.0,0.474992,0.61676,-0.082321,0.9962,0.495547,0.561599,0.189281,0.2674,0.804926,0.592684,-0.282738,0.9939,0.789532,0.570517,0.04133,0.5946,0.842329,0.57481,-0.301538,0.9944,0.827577,0.55886,0.022536,0.7446,0.891892,0.629439,-0.303957,0.991,0.869748,0.607204,-0.015106,0.7668
marjaryasana_zen_0125,0.661758,0.438746,0.339508,0.9936,0.681706,0.43177,0.347931,0.995,0.681149,0.429685,0.34904,0.9915,0.680376,0.427581,0.348748,0.9937,0.688032,0.433239,0.324856,0.9961,0.692198,0.431974,0.323452,0.9956,0.696509,0.430801,0.325289,0.9964,0.691262,0.411881,0.3754,0.9925,0.711989,0.417813,0.252127,0.9939,0.65534,0.431265,0.349154,0.9949,0.66185,0.431384,0.311267,0.9948,0.604376,0.377938,0.370539,0.9994,0.765807,0.406161,0.130498,1.0,0.581233,0.438462,0.355269,0.1021,0.878186,0.486852,0.111862,0.9792,0.549307,0.468584,0.277871,0.0121,0.832263,0.489395,0.19186,0.5453,0.507735,0.486633,0.273172,0.0214,0.840458,0.486921,0.220452,0.4747,0.519397,0.479661,0.283572,0.0224,0.811987,0.486354,0.211959,0.4585,0.529064,0.475758,0.284929,0.0285,0.807262,0.486684,0.19587,0.527,0.320081,0.428858,0.087128,1.0,0.392692,0.448482,-0.086511,1.0,0.49595,0.581643,0.144272,0.3782,0.513087,0.605064,-0.049554,0.9692,0.140132,0.621109,-0.19118,0.8394,0.131322,0.637005,-0.386101,0.9816,0.085259,0.604787,-0.229156,0.9385,0.0698,0.617681,-0.408338,0.9889,0.042815,0.681382,-0.264701,0.8844,0.008578,0.697597,-0.418268,0.9665
marjaryasana_zen_0126,0.614924,0.508181,-0.03364,0.9995,0.640339,0.507614,-0.044123,0.9995,0.645277,0.506109,-0.04312,0.9993,0.649553,0.505384,-0.043157,0.9995,0.624581,0.510225,-0.06701,0.9997,0.620594,0.510851,-0.067669,0.9996,0.61669,0.511764,-0.066993,0.9997,0.65053,0.4938,-0.045358,0.9996,0.609523,0.50473,-0.165244,0.9992,0.61133,0.498454,-0.028545,0.9995,0.591987,0.501561,-0.062275,0.9993,0.646997,0.418864,0.029721,0.9994,0.517844,0.495497,-0.216825,0.9998,0.685328,0.474019,0.157898,0.1998,0.514111,0.589555,-0.214114,0.9834,0.758965,0.535836,0.170576,0.5416,0.709968,0.645512,-0.127698,0.9908,0.792258,0.542307,0.171415,0.6117,0.75313,0.655131,-0.161868,0.9845,0.791636,0.545756,0.139959,0.6202,0.767591,0.645152,-0.157541,0.9856,0.777241,0.5449,0.159436,0.6137,0.752627,0.6401,-0.128594,0.9778,0.241939,0.426723,0.099525,0.9998,0.155516,0.459148,-0.098014,0.9999,0.477158,0.52122,0.217975,0.3385,0.282141,0.595276,-0.050927,0.8719,0.198949,0.498012,0.341575,0.3006,0.10045,0.515574,0.155703,0.7558,0.171945,0.479578,0.353914,0.2641,0.090109,0.491389,0.179653,0.7026,0.135713,0.515048,0.42189,0.4208,0.058568,0.540048,0.259327,0.8072
marjaryasana_zen_0127,0.445282,0.5188,-0.393029,1.0,0.46021,0.520688,-0.418732,0.9999,0.47208,0.518945,-0.41813,0.9999,0.484363,0.51725,-0.417895,0.9999,0.431526,0.520394,-0.412584,0.9999,0.420985,0.519281,-0.413461,0.9999,0.410172,0.517944,-0.413059,0.9999,0.517323,0.499651,-0.419071,0.9998,0.390011,0.500213,-0.40579,0.9997,0.467367,0.51051,-0.381383,1.0,0.427719,0.510126,-0.377217,1.0,0.632512,0.456263,-0.335063,0.9995,0.3004,0.448005,-0.346107,0.9991,0.689556,0.53419,-0.320872,0.99,0.270421,0.520622,-0.296601,0.923,0.681774,0.619179,-0.390259,0.9927,0.268533,0.596441,-0.338951,0.9801,0.69654,0.645901,-0.446977,0.9918,0.242809,0.619783,-0.392174,0.9809,0.655169,0.643238,-0.47376,0.9923,0.276141,0.618217,-0.429214,0.9838,0.640431,0.629454,-0.404359,0.9862,0.298565,0.609004,-0.357059,0.9777,0.567264,0.354428,0.009687,0.9997,0.401108,0.354794,-0.008351,0.9993,0.593353,0.437283,0.234288,0.1151,0.371684,0.436819,0.178112,0.1078,0.551049,0.43478,0.56317,0.184,0.394629,0.433359,0.551134,0.13,0.537768,0.433382,0.596143,0.129,0.403494,0.4303,0.588415,0.0775,0.519559,0.458676,0.550239,0.3362,0.390426,0.450688,0.543621,0.2388
marjaryasana_zen_0128,0.307692,0.512726,0.060283,0.9922,0.284766,0.514943,0.026195,0.9975,0.282278,0.51509,0.026956,0.9975,0.279534,0.512967,0.027062,0.9978,0.286411,0.514393,0.053366,0.9959,0.28534,0.514148,0.052416,0.9954,0.284742,0.514183,0.053284,0.9972,0.254491,0.505423,-0.063788,0.9962,0.254672,0.50414,0.046374,0.9977,0.29686,0.504562,0.034715,0.995,0.299338,0.504568,0.065653,0.995,0.251212,0.496702,-0.110675,0.9999,0.253358,0.443008,0.12433,0.9992,0.242725,0.573545,-0.016862,0.942,0.291317,0.5052,0.313841,0.0261,0.147192,0.617631,0.194119,0.847,0.21668,0.56835,0.397905,0.0996,0.104565,0.620543,0.189782,0.8451,0.164156,0.584203,0.395312,0.1638,0.106629,0.613908,0.185124,0.8514,0.16583,0.587364,0.388438,0.1628,0.129032,0.610069,0.195482,0.8569,0.195581,0.576049,0.393513,0.1505,0.636147,0.481835,-0.094769,1.0,0.635731,0.442733,0.09535,0.9999,0.599216,0.623889,-0.04381,0.9935,0.54515,0.556176,0.225146,0.135,0.861638,0.577066,0.002751,0.98,0.781916,0.549088,0.238243,0.4355,0.886165,0.562015,0.013876,0.9785,0.823353,0.539918,0.236858,0.4531,0.943065,0.614257,0.0836,0.9679,0.893678,0.577258,0.252486,0.5451
marjaryasana_zen_0130,0.704414,0.574244,-0.07494,0.9998,0.718544,0.572088,-0.095712,0.9998,0.723252,0.569544,-0.094834,0.9998,0.728409,0.567165,-0.09483,0.9997,0.704643,0.578591,-0.106815,0.9999,0.695946,0.579504,-0.107375,0.9999,0.690023,0.581612,-0.106855,0.9999,0.728728,0.555422,-0.120022,0.9997,0.671374,0.576529,-0.187706,0.9999,0.694474,0.563723,-0.076898,0.9998,0.677893,0.571023,-0.09573,0.9998,0.705219,0.492288,-0.043218,0.9996,0.524947,0.568996,-0.208177,0.9999,0.716609,0.557485,0.116696,0.2361,0.525787,0.651733,-0.154351,0.9669,0.752742,0.606574,0.198435,0.4594,0.570894,0.718235,-0.070279,0.9813,0.79464,0.616393,0.208003,0.5444,0.59811,0.739948,-0.100641,0.9738,0.782791,0.616901,0.168434,0.5489,0.619941,0.733541,-0.102573,0.9761,0.765102,0.61311,0.188203,0.5328,0.606935,0.724054,-0.072303,0.9631,0.328843,0.447456,0.072219,0.9998,0.245337,0.490945,-0.070164,0.9999,0.481701,0.525287,0.288487,0.1127,0.306129,0.614726,0.010829,0.4428,0.346506,0.50378,0.480424,0.068,0.316357,0.534459,0.323241,0.1454,0.328454,0.494375,0.501888,0.0707,0.319442,0.512257,0.357796,0.211,0.326316,0.51945,0.545388,0.1273,0.320685,0.530721,0.438261,0.2356
marjaryasana_zen_0131,0.344235,0.565229,-0.047193,0.9995,0.335919,0.571321,-0.083354,0.9998,0.340858,0.572714,-0.082875,0.9998,0.348045,0.574122,-0.082891,0.9998,0.322058,0.567489,-0.06419,0.9997,0.318355,0.56658,-0.065139,0.9996,0.315196,0.566001,-0.064525,0.9997,0.358015,0.573358,-0.166886,0.9996,0.314448,0.557353,-0.094579,0.9998,0.365878,0.560669,-0.069428,0.9997,0.35026,0.555716,-0.048361,0.9998,0.45043,0.56924,-0.197792,0.9999,0.296086,0.493352,-0.046604,0.9997,0.466572,0.642647,-0.177586,0.9784,0.287219,0.551479,0.136171,0.2281,0.422063,0.704907,-0.118598,0.9872,0.248211,0.597946,0.251086,0.6616,0.407034,0.722904,-0.138666,0.983,0.21063,0.605966,0.24844,0.6855,0.39133,0.715854,-0.15596,0.9848,0.215805,0.608956,0.229238,0.7064,0.398223,0.708162,-0.123536,0.9769,0.23679,0.604803,0.246808,0.6818,0.716228,0.463601,-0.057205,1.0,0.620432,0.424019,0.058352,0.9999,0.681126,0.554712,0.103241,0.593,0.499664,0.507183,0.313571,0.07,0.752304,0.50448,0.359823,0.2834,0.637942,0.495624,0.527886,0.0964,0.752532,0.486529,0.391715,0.2529,0.658742,0.484419,0.550387,0.1734,0.785802,0.522476,0.461843,0.1846,0.684502,0.52174,0.615113,0.1146
marjaryasana_zen_0132,0.645871,0.500051,0.37571,0.9988,0.649118,0.495388,0.370044,0.9986,0.647157,0.493879,0.370918,0.9974,0.645029,0.492362,0.371022,0.9986,0.655753,0.496883,0.354352,0.999,0.658753,0.496337,0.353479,0.9986,0.661891,0.495838,0.354556,0.9992,0.642465,0.482413,0.336964,0.998,0.666241,0.488584,0.24001,0.9981,0.629577,0.495062,0.367303,0.9976,0.636587,0.495969,0.336845,0.9974,0.548355,0.456951,0.324876,0.9998,0.694486,0.491911,0.137075,1.0,0.524588,0.533588,0.430819,0.0497,0.710379,0.550034,0.195157,0.9182,0.528102,0.578526,0.537852,0.0286,0.741567,0.573059,0.400162,0.4766,0.521513,0.588927,0.561147,0.0405,0.765688,0.574731,0.459937,0.3969,0.532721,0.587027,0.570578,0.0401,0.758295,0.569587,0.454146,0.3832,0.534573,0.583223,0.548156,0.0427,0.745697,0.568348,0.411868,0.4105,0.368449,0.553644,0.081871,1.0,0.45676,0.577495,-0.081067,1.0,0.405579,0.635196,0.176296,0.3562,0.50914,0.689096,-0.052883,0.9477,0.213869,0.696174,-0.108384,0.8035,0.248213,0.71338,-0.343382,0.9868,0.188856,0.695693,-0.143674,0.8736,0.217478,0.703054,-0.35829,0.9838,0.156642,0.745986,-0.17475,0.8142,0.162225,0.760138,-0.345922,0.9777
marjaryasana_zen_0134,0.179286,0.49019,-0.142872,0.999,0.176871,0.47944,-0.168633,0.999,0.181129,0.478286,-0.167766,0.9991,0.185769,0.476845,-0.167696,0.9992,0.171092,0.478772,-0.135267,0.9988,0.171749,0.477335,-0.136032,0.9987,0.172909,0.475591,-0.135191,0.9987,0.220219,0.467218,-0.22293,0.9988,0.205501,0.465735,-0.089449,0.9987,0.208545,0.492958,-0.155965,0.9991,0.201553,0.492141,-0.116717,0.9991,0.367629,0.497404,-0.260444,0.9985,0.296551,0.458972,0.026983,0.9995,0.4373,0.581635,-0.280301,0.9921,0.287894,0.512421,0.15335,0.5398,0.35322,0.653529,-0.262274,0.9933,0.266621,0.570826,0.153999,0.8573,0.311728,0.669321,-0.308893,0.9909,0.225351,0.573445,0.158705,0.8563,0.298766,0.656813,-0.294722,0.9911,0.230426,0.579302,0.124858,0.8696,0.315308,0.649068,-0.257341,0.9849,0.248686,0.580914,0.139915,0.8633,0.68699,0.485239,-0.086676,0.9998,0.629321,0.457713,0.087762,0.9998,0.711928,0.591899,0.048709,0.9547,0.641465,0.540123,0.307242,0.2193,0.878317,0.546647,0.140416,0.9162,0.824695,0.52152,0.362444,0.4539,0.903282,0.528021,0.152135,0.9377,0.855981,0.514942,0.370595,0.6502,0.932944,0.572975,0.206243,0.8984,0.859382,0.546628,0.431692,0.6368
marjaryasana_zen_0135,0.240622,0.494009,0.310891,0.974,0.221718,0.489072,0.293301,0.9849,0.219509,0.488137,0.294519,0.9853,0.217412,0.487206,0.294843,0.987,0.226405,0.488485,0.319952,0.9786,0.227479,0.48723,0.319122,0.976,0.228562,0.485829,0.320054,0.9856,0.216379,0.479555,0.239928,0.968,0.23141,0.47777,0.336985,0.992,0.250612,0.49178,0.291233,0.9571,0.255431,0.49158,0.316423,0.9612,0.235112,0.484287,0.128907,0.9999,0.321481,0.459252,0.352271,0.9983,0.166857,0.550914,0.085776,0.8102,0.373663,0.511263,0.491436,0.0014,0.144695,0.598886,0.255205,0.276,0.343768,0.561719,0.587376,0.002,0.127172,0.604444,0.273409,0.3378,0.330823,0.566851,0.629996,0.0065,0.138157,0.600889,0.283576,0.3221,0.320561,0.57385,0.624119,0.0067,0.150848,0.600938,0.263639,0.3088,0.32308,0.572824,0.592414,0.0088,0.536657,0.518737,-0.075215,1.0,0.601116,0.501787,0.075652,1.0,0.504371,0.657306,-0.06456,0.9933,0.567412,0.598733,0.200316,0.1267,0.780412,0.645397,-0.302781,0.9925,0.785143,0.603198,-0.040609,0.5356,0.815377,0.625896,-0.322307,0.998,0.822396,0.592826,-0.067425,0.8205,0.883671,0.678229,-0.284616,0.9936,0.860778,0.636332,-0.117141,0.7223
marjaryasana_zen_0136,0.773845,0.497525,0.333283,0.9161,0.781688,0.495563,0.337871,0.8694,0.782066,0.494277,0.339262,0.8187,0.78226,0.492966,0.339278,0.8665,0.785779,0.496216,0.326736,0.9176,0.788952,0.495759,0.325069,0.9142,0.792254,0.495387,0.327668,0.9253,0.79362,0.483097,0.328838,0.8597,0.805078,0.486365,0.258627,0.8749,0.778482,0.493396,0.328345,0.9743,0.791611,0.496293,0.305523,0.9601,0.777529,0.431945,0.302917,0.9992,0.858078,0.485819,0.148343,1.0,0.865842,0.461438,0.258104,0.1414,0.948476,0.532421,0.087605,0.4644,0.814305,0.477767,0.16924,0.0155,0.939525,0.521822,0.000274,0.0517,0.798103,0.478031,0.166635,0.0414,0.925753,0.516072,0.014603,0.1456,0.796139,0.47453,0.178271,0.0425,0.91526,0.512466,0.013723,0.1173,0.80164,0.476262,0.177856,0.0419,0.917822,0.515572,0.001882,0.1036,0.539286,0.47235,0.078854,1.0,0.618179,0.494152,-0.078329,1.0,0.617042,0.5865,0.110617,0.6151,0.697396,0.624747,-0.040997,0.9277,0.346898,0.624004,-0.268639,0.8592,0.378708,0.649439,-0.437505,0.9387,0.316091,0.61736,-0.314326,0.9843,0.332173,0.6455,-0.474895,0.9858,0.257114,0.66293,-0.33181,0.9794,0.249407,0.679999,-0.513471,0.9807
marjaryasana_zen_0137,0.909414,0.495496,0.130917,0.9998,0.922804,0.484879,0.119716,0.9997,0.920706,0.481426,0.120904,0.9997,0.918177,0.478067,0.120987,0.9997,0.927781,0.492865,0.098785,0.9998,0.92941,0.494724,0.098077,0.9998,0.93068,0.496378,0.099351,0.9998,0.902748,0.473752,0.102926,0.9998,0.91873,0.496836,-0.013503,0.9999,0.885957,0.492408,0.132464,0.9997,0.89381,0.502507,0.097578,0.9998,0.762797,0.452205,0.199092,0.9997,0.819783,0.539847,-0.091252,0.9999,0.71824,0.520928,0.319688,0.3638,0.781465,0.625274,-0.026733,0.9632,0.840133,0.531427,0.427302,0.3192,0.904045,0.605173,0.145509,0.9242,0.89228,0.535937,0.470236,0.3312,0.949296,0.605425,0.155785,0.9045,0.886686,0.537571,0.474578,0.3248,0.943561,0.595418,0.163246,0.9,0.873219,0.546206,0.437611,0.3231,0.92307,0.592461,0.154782,0.8855,0.384787,0.470652,0.10824,1.0,0.401836,0.52267,-0.107049,1.0,0.371475,0.548444,0.382296,0.1634,0.402164,0.652806,-0.021789,0.9829,0.13433,0.574677,0.276168,0.7643,0.127126,0.61004,-0.151416,0.9936,0.097665,0.563078,0.262396,0.8542,0.094451,0.586374,-0.154744,0.9881,0.08011,0.610752,0.307715,0.8792,0.033779,0.630609,-0.097388,0.992
marjaryasana_zen_0138,0.709081,0.568063,-0.580908,0.9999,0.73075,0.560603,-0.595659,1.0,0.740339,0.560171,-0.594774,0.9999,0.746543,0.558638,-0.594732,1.0,0.701833,0.562193,-0.605833,1.0,0.694118,0.561204,-0.606829,1.0,0.681021,0.56045,-0.606254,1.0,0.733745,0.540015,-0.52177,0.9999,0.650221,0.549288,-0.580757,0.9999,0.708513,0.566183,-0.540304,1.0,0.684318,0.565659,-0.558198,1.0,0.75159,0.517459,-0.372091,0.9996,0.523593,0.536497,-0.476134,0.9997,0.787377,0.582082,-0.353599,0.7848,0.478675,0.619696,-0.485827,0.9861,0.818815,0.647313,-0.484884,0.9417,0.599959,0.676328,-0.582463,0.9937,0.846703,0.663715,-0.543197,0.9409,0.614313,0.69687,-0.65725,0.9881,0.830114,0.667195,-0.584413,0.9426,0.645935,0.684383,-0.670753,0.9887,0.811586,0.660802,-0.507451,0.9278,0.648443,0.67667,-0.598433,0.9804,0.555125,0.466047,0.043086,0.9999,0.446881,0.48293,-0.04113,0.9999,0.594336,0.532408,0.23117,0.096,0.47319,0.563949,0.086735,0.5328,0.540128,0.530731,0.578795,0.042,0.474257,0.542596,0.494604,0.1152,0.529852,0.527249,0.615433,0.0504,0.464147,0.534654,0.535325,0.1032,0.541986,0.553928,0.641755,0.124,0.500709,0.568342,0.554875,0.1988
marjaryasana_zen_0139,0.197894,0.482319,-0.171461,0.9993,0.198446,0.469534,-0.192852,0.9993,0.204131,0.468261,-0.192241,0.9992,0.209714,0.466834,-0.191964,0.9992,0.18863,0.469434,-0.164551,0.9989,0.187975,0.46828,-0.165348,0.9986,0.187392,0.466846,-0.164712,0.9992,0.242854,0.458017,-0.23048,0.9983,0.21581,0.458218,-0.112687,0.9994,0.229001,0.485123,-0.179901,0.9985,0.216198,0.485317,-0.144708,0.9991,0.38633,0.484597,-0.28585,0.9957,0.289067,0.45088,-0.011847,0.9996,0.379799,0.580937,-0.308943,0.9809,0.267893,0.517134,0.051871,0.7535,0.323939,0.642242,-0.268774,0.9622,0.226868,0.600964,0.005693,0.9026,0.295264,0.662157,-0.308574,0.9445,0.186571,0.612015,-0.004343,0.8715,0.276892,0.656971,-0.301789,0.9452,0.190845,0.615109,-0.040414,0.8867,0.285986,0.646996,-0.265367,0.9279,0.206694,0.612483,-0.011955,0.8883,0.711048,0.451933,-0.081874,0.9978,0.635204,0.426414,0.083067,0.9989,0.788459,0.539473,-0.051213,0.5107,0.596194,0.477636,0.259438,0.0903,0.694051,0.455108,0.173264,0.0497,0.694642,0.452488,0.364306,0.0423,0.670517,0.433071,0.20038,0.1115,0.709183,0.442213,0.376274,0.134,0.666608,0.454434,0.283731,0.0664,0.715981,0.465437,0.445602,0.0734
marjaryasana_zen_0140,0.225043,0.521758,0.33687,0.9999,0.216108,0.516868,0.307985,0.9999,0.213758,0.517193,0.308941,0.9999,0.211397,0.517428,0.309142,0.9999,0.227135,0.512216,0.333061,0.9999,0.234348,0.510142,0.332549,0.9999,0.238971,0.508216,0.333383,1.0,0.215831,0.515314,0.205583,0.9999,0.250026,0.503239,0.298566,1.0,0.229568,0.525935,0.30331,0.9997,0.246558,0.521519,0.328146,0.9998,0.219476,0.545174,0.086948,0.9999,0.34416,0.512343,0.31778,0.9998,0.1926,0.601174,0.110254,0.9202,0.361562,0.571802,0.409729,0.0387,0.181763,0.631846,0.258663,0.7446,0.286158,0.612004,0.424126,0.1299,0.154531,0.636244,0.275587,0.7475,0.274584,0.61472,0.441677,0.2164,0.162244,0.632039,0.287454,0.7455,0.266906,0.615103,0.419096,0.228,0.176804,0.629829,0.271294,0.7405,0.267093,0.615985,0.418333,0.2469,0.5208,0.596816,-0.080986,1.0,0.575551,0.566545,0.081819,1.0,0.536313,0.72288,-0.009958,0.9976,0.617786,0.651065,0.204271,0.4344,0.792017,0.716124,-0.296373,0.9991,0.818763,0.671431,-0.055882,0.9044,0.8265,0.705813,-0.323301,0.9996,0.844808,0.668096,-0.083217,0.962,0.872661,0.757082,-0.297157,0.9982,0.891273,0.701677,-0.102344,0.9337
marjaryasana_zen_0141,0.817757,0.47074,0.438999,0.9996,0.816635,0.463026,0.426212,0.9996,0.811878,0.461156,0.426714,0.9994,0.807208,0.459585,0.426612,0.9996,0.831882,0.468111,0.421969,0.9997,0.836846,0.469439,0.421179,0.9996,0.841297,0.470793,0.4218,0.9997,0.797983,0.459552,0.356548,0.9995,0.842983,0.47472,0.314295,0.9998,0.804011,0.47205,0.416526,0.9994,0.821348,0.47751,0.400155,0.9996,0.69821,0.465906,0.345178,0.9997,0.852159,0.516418,0.166962,0.9999,0.696795,0.54037,0.341115,0.0274,0.818157,0.577826,0.210994,0.8082,0.758309,0.580315,0.307225,0.0976,0.811995,0.58521,0.392927,0.2486,0.762103,0.583361,0.317565,0.1757,0.841274,0.590015,0.443815,0.2629,0.789974,0.587274,0.324181,0.1811,0.830845,0.583261,0.436597,0.2585,0.782685,0.58577,0.313796,0.1615,0.817435,0.584321,0.402399,0.3099,0.500632,0.554189,0.072237,0.9999,0.599424,0.589105,-0.071839,0.9998,0.404465,0.629531,0.259286,0.6575,0.627909,0.70732,0.010985,0.9771,0.226243,0.683828,-0.224038,0.9789,0.331087,0.740768,-0.447386,0.9986,0.206033,0.683511,-0.279478,0.9941,0.299184,0.72773,-0.481715,0.9995,0.153698,0.738438,-0.280423,0.966,0.246876,0.794404,-0.447077,0.9953
marjaryasana_zen_0142,0.545884,0.555895,-0.664278,1.0,0.555007,0.547176,-0.673948,1.0,0.562287,0.545757,-0.672703,1.0,0.570319,0.544151,-0.67235,0.9999,0.53467,0.548096,-0.67287,1.0,0.526558,0.547546,-0.673319,1.0,0.518079,0.546969,-0.672911,0.9999,0.586742,0.533774,-0.570418,0.9999,0.493137,0.537802,-0.577952,0.9999,0.55909,0.554853,-0.611826,0.9999,0.532098,0.556219,-0.616862,0.9999,0.64726,0.535791,-0.382074,0.9994,0.422136,0.539414,-0.412958,0.9987,0.640845,0.598895,-0.326635,0.9761,0.417161,0.604915,-0.327842,0.9694,0.607772,0.674155,-0.429091,0.9849,0.431319,0.675835,-0.394864,0.9845,0.626208,0.690176,-0.484687,0.9719,0.418643,0.693422,-0.448821,0.9795,0.598176,0.690391,-0.506704,0.9708,0.444805,0.692749,-0.462024,0.9777,0.581931,0.683211,-0.44404,0.9523,0.455943,0.686339,-0.407304,0.9659,0.582044,0.4708,-0.004606,0.9995,0.46305,0.472516,0.006602,0.9996,0.603282,0.520483,0.246081,0.0802,0.448759,0.523376,0.242605,0.1001,0.560892,0.518714,0.629099,0.1024,0.476814,0.519909,0.644051,0.0903,0.549401,0.51396,0.666677,0.0956,0.480956,0.5166,0.686749,0.0918,0.562244,0.540882,0.637643,0.1065,0.486094,0.53592,0.672184,0.0802
marjaryasana_zen_0143,0.115487,0.498092,-0.006385,0.9998,0.102807,0.490951,-0.037188,0.9999,0.102851,0.492553,-0.036002,0.9999,0.102892,0.493395,-0.035647,0.9999,0.105655,0.486916,-0.017995,0.9999,0.108107,0.48497,-0.018371,0.9998,0.110448,0.483384,-0.017814,0.9998,0.118543,0.491688,-0.110531,0.9999,0.132988,0.476426,-0.045968,0.9999,0.136042,0.503384,-0.02297,0.9995,0.141236,0.498316,-0.004751,0.9995,0.228055,0.53831,-0.154351,0.9999,0.266931,0.463498,0.069294,0.9995,0.238097,0.607963,-0.059764,0.99,0.268923,0.512128,0.245124,0.0655,0.195565,0.645724,0.141368,0.9649,0.211358,0.57328,0.353379,0.2466,0.160063,0.653246,0.145643,0.9567,0.191759,0.582001,0.368723,0.331,0.154724,0.64546,0.140327,0.9591,0.185194,0.583407,0.356171,0.3531,0.168684,0.643206,0.146118,0.9477,0.196888,0.580428,0.352112,0.3556,0.630187,0.540009,-0.081479,1.0,0.62261,0.481768,0.082765,1.0,0.695291,0.619987,0.112671,0.9719,0.631496,0.541336,0.386599,0.2136,0.886994,0.565823,0.089016,0.9702,0.808508,0.532075,0.395058,0.6106,0.911637,0.553144,0.090076,0.9758,0.841622,0.527375,0.398327,0.7636,0.946271,0.587062,0.141953,0.9712,0.877186,0.557509,0.459223,0.7684
marjaryasana_zen_0144,0.771079,0.438642,0.251195,0.9999,0.77301,0.430073,0.229302,0.9998,0.767722,0.427768,0.229992,0.9998,0.762583,0.426023,0.230108,0.9997,0.786474,0.435883,0.222292,0.9999,0.790444,0.437646,0.221655,0.9998,0.793798,0.439452,0.222343,0.9998,0.748906,0.42509,0.146191,0.9998,0.789183,0.443504,0.095839,0.9999,0.757244,0.439683,0.229203,0.9998,0.771235,0.445834,0.211559,0.9998,0.640193,0.435445,0.187957,0.9997,0.77864,0.492195,0.003928,0.9998,0.628967,0.507396,0.295324,0.0387,0.701169,0.538984,0.094119,0.7384,0.715667,0.531172,0.433655,0.0853,0.729372,0.537328,0.313233,0.3049,0.755153,0.538274,0.473388,0.1218,0.737963,0.534024,0.362184,0.3263,0.760707,0.536389,0.472421,0.1231,0.743314,0.530816,0.37204,0.3205,0.754999,0.536627,0.441574,0.1146,0.726296,0.525005,0.328767,0.3366,0.402098,0.534301,0.068752,0.9999,0.485704,0.571908,-0.067702,0.9999,0.324498,0.584475,0.272551,0.6428,0.494532,0.665879,0.050244,0.969,0.160913,0.643742,-0.024903,0.9735,0.239324,0.697721,-0.256016,0.9986,0.136144,0.648838,-0.059031,0.9889,0.209631,0.68972,-0.274788,0.9986,0.11048,0.680978,-0.038808,0.9787,0.160441,0.742408,-0.227951,0.9977
