image_id,pose,variant,source,split,quality,fault,licence,image,image_in_repo,width,height,usable,torso_visibility,min_visibility,left_knee_angle,right_knee_angle,left_elbow_angle,right_elbow_angle,left_shoulder_angle,right_shoulder_angle,left_hip_angle,right_hip_angle,left_arm_raise,right_arm_raise,knee_bent,knee_straight,elbow_bent,elbow_straight,arm_raise_high,arm_raise_low,hip_angle_min,hip_angle_max,arm_torso_min,arm_torso_max,hip_angle_vis,knee_angle_vis,elbow_angle_vis,arm_torso_vis,spine_tilt,spine_tilt_signed,neck_dev,shoulder_level,hip_level,thigh_level,hip_rise,head_drop,stance_width,frontality,NOSE_x,NOSE_y,NOSE_z,NOSE_vis,LEFT_EYE_INNER_x,LEFT_EYE_INNER_y,LEFT_EYE_INNER_z,LEFT_EYE_INNER_vis,LEFT_EYE_x,LEFT_EYE_y,LEFT_EYE_z,LEFT_EYE_vis,LEFT_EYE_OUTER_x,LEFT_EYE_OUTER_y,LEFT_EYE_OUTER_z,LEFT_EYE_OUTER_vis,RIGHT_EYE_INNER_x,RIGHT_EYE_INNER_y,RIGHT_EYE_INNER_z,RIGHT_EYE_INNER_vis,RIGHT_EYE_x,RIGHT_EYE_y,RIGHT_EYE_z,RIGHT_EYE_vis,RIGHT_EYE_OUTER_x,RIGHT_EYE_OUTER_y,RIGHT_EYE_OUTER_z,RIGHT_EYE_OUTER_vis,LEFT_EAR_x,LEFT_EAR_y,LEFT_EAR_z,LEFT_EAR_vis,RIGHT_EAR_x,RIGHT_EAR_y,RIGHT_EAR_z,RIGHT_EAR_vis,MOUTH_LEFT_x,MOUTH_LEFT_y,MOUTH_LEFT_z,MOUTH_LEFT_vis,MOUTH_RIGHT_x,MOUTH_RIGHT_y,MOUTH_RIGHT_z,MOUTH_RIGHT_vis,LEFT_SHOULDER_x,LEFT_SHOULDER_y,LEFT_SHOULDER_z,LEFT_SHOULDER_vis,RIGHT_SHOULDER_x,RIGHT_SHOULDER_y,RIGHT_SHOULDER_z,RIGHT_SHOULDER_vis,LEFT_ELBOW_x,LEFT_ELBOW_y,LEFT_ELBOW_z,LEFT_ELBOW_vis,RIGHT_ELBOW_x,RIGHT_ELBOW_y,RIGHT_ELBOW_z,RIGHT_ELBOW_vis,LEFT_WRIST_x,LEFT_WRIST_y,LEFT_WRIST_z,LEFT_WRIST_vis,RIGHT_WRIST_x,RIGHT_WRIST_y,RIGHT_WRIST_z,RIGHT_WRIST_vis,LEFT_PINKY_x,LEFT_PINKY_y,LEFT_PINKY_z,LEFT_PINKY_vis,RIGHT_PINKY_x,RIGHT_PINKY_y,RIGHT_PINKY_z,RIGHT_PINKY_vis,LEFT_INDEX_x,LEFT_INDEX_y,LEFT_INDEX_z,LEFT_INDEX_vis,RIGHT_INDEX_x,RIGHT_INDEX_y,RIGHT_INDEX_z,RIGHT_INDEX_vis,LEFT_THUMB_x,LEFT_THUMB_y,LEFT_THUMB_z,LEFT_THUMB_vis,RIGHT_THUMB_x,RIGHT_THUMB_y,RIGHT_THUMB_z,RIGHT_THUMB_vis,LEFT_HIP_x,LEFT_HIP_y,LEFT_HIP_z,LEFT_HIP_vis,RIGHT_HIP_x,RIGHT_HIP_y,RIGHT_HIP_z,RIGHT_HIP_vis,LEFT_KNEE_x,LEFT_KNEE_y,LEFT_KNEE_z,LEFT_KNEE_vis,RIGHT_KNEE_x,RIGHT_KNEE_y,RIGHT_KNEE_z,RIGHT_KNEE_vis,LEFT_ANKLE_x,LEFT_ANKLE_y,LEFT_ANKLE_z,LEFT_ANKLE_vis,RIGHT_ANKLE_x,RIGHT_ANKLE_y,RIGHT_ANKLE_z,RIGHT_ANKLE_vis,LEFT_HEEL_x,LEFT_HEEL_y,LEFT_HEEL_z,LEFT_HEEL_vis,RIGHT_HEEL_x,RIGHT_HEEL_y,RIGHT_HEEL_z,RIGHT_HEEL_vis,LEFT_FOOT_INDEX_x,LEFT_FOOT_INDEX_y,LEFT_FOOT_INDEX_z,LEFT_FOOT_INDEX_vis,RIGHT_FOOT_INDEX_x,RIGHT_FOOT_INDEX_y,RIGHT_FOOT_INDEX_z,RIGHT_FOOT_INDEX_vis
tadasana_y107_0001,tadasana,arms down,Y107,train,unlabelled,,not stated by the host (web photographs); included for research and education,data/datasets/yoga107/tadasana/001.jpg,True,187,503,True,0.9712,0.2646,178.729,175.937,175.636,175.737,174.178,172.932,161.262,164.086,5.942,4.281,175.937,178.729,175.636,175.737,4.281,5.942,161.262,164.086,174.855,176.321,161.262,178.729,175.636,176.321,9.526,9.526,26.587,46.112,0.514,80.883,-0.9862,-0.3697,0.055,0.0673,0.562219,0.241303,-0.045882,0.9987,0.600346,0.244222,-0.061995,0.9989,0.60095,0.246596,-0.061596,0.9988,0.601826,0.249133,-0.061822,0.9986,0.60197,0.243448,-0.031357,0.9987,0.60357,0.245099,-0.032319,0.9987,0.605765,0.246928,-0.0318,0.9987,0.594636,0.270899,-0.106795,0.9977,0.607932,0.269288,0.025397,0.9989,0.530412,0.254996,-0.061274,0.9965,0.532528,0.253101,-0.022385,0.9971,0.477765,0.3202,-0.18657,0.9928,0.506413,0.331272,0.089452,0.9892,0.4987,0.202989,-0.280294,0.9955,0.519988,0.208735,0.120424,0.4179,0.541979,0.090817,-0.338057,0.9787,0.55125,0.108617,0.049333,0.6662,0.554119,0.054907,-0.375271,0.9623,0.569978,0.078954,0.050863,0.7002,0.575733,0.056919,-0.363196,0.9573,0.578161,0.071867,0.033027,0.6954,0.5734,0.068201,-0.335098,0.9507,0.573488,0.086291,0.038549,0.707,0.37251,0.551044,-0.09822,0.9712,0.408319,0.550925,0.099607,0.9749,0.451077,0.733045,-0.073374,0.9444,0.46175,0.725614,0.117786,0.2706,0.533033,0.899246,-0.0211,0.8714,0.542701,0.887206,0.186205,0.2646,0.57429,0.921274,-0.020112,0.9157,0.579385,0.906409,0.186172,0.5676,0.415406,0.940272,-0.11021,0.8704,0.484959,0.923957,0.106483,0.3942
tadasana_y107_0002,tadasana,arms down,Y107,train,unlabelled,,not stated by the host (web photographs); included for research and education,data/datasets/yoga107/tadasana/002.jpg,True,186,519,True,0.9987,0.9581,177.587,178.583,175.924,170.529,13.49,9.654,176.356,177.152,174.058,172.398,177.587,178.583,170.529,175.924,172.398,174.058,176.356,177.152,14.157,15.35,176.356,177.587,175.924,15.35,1.478,1.478,1.1,0.004,0.926,84.236,-0.9997,-0.4231,0.126,0.6427,0.506543,0.088114,-0.230016,0.9998,0.542959,0.071098,-0.212714,0.9996,0.564436,0.07138,-0.212219,0.9996,0.578372,0.071541,-0.212375,0.9996,0.480337,0.071606,-0.210518,0.9995,0.460443,0.072473,-0.211322,0.9994,0.440536,0.073143,-0.210656,0.9994,0.609785,0.081438,-0.108054,0.9997,0.420231,0.08243,-0.108644,0.9995,0.54386,0.110597,-0.194915,0.9999,0.468215,0.110202,-0.193514,0.9999,0.764231,0.206783,-0.049166,1.0,0.261188,0.206797,-0.049681,0.9998,0.796067,0.366652,-0.02205,0.9927,0.238358,0.357901,-0.007323,0.9593,0.849348,0.499862,-0.121443,0.988,0.155034,0.491827,-0.099275,0.9581,0.86502,0.540232,-0.147237,0.9747,0.129192,0.533156,-0.122582,0.9313,0.840591,0.54167,-0.182506,0.9767,0.155176,0.533272,-0.158171,0.9365,0.825839,0.528238,-0.134094,0.9702,0.173868,0.518586,-0.115592,0.9259,0.634205,0.488008,-0.006497,0.9995,0.350826,0.486367,0.007605,0.9987,0.572461,0.707219,-0.01006,0.9857,0.390259,0.704486,0.015334,0.9701,0.539569,0.908531,0.134693,0.9849,0.440984,0.907221,0.158426,0.9691,0.534449,0.929954,0.1379,0.7728,0.457689,0.927425,0.163663,0.7515,0.500094,0.973984,0.006008,0.9766,0.401565,0.973154,0.03864,0.9655
tadasana_y107_0003,tadasana,arms down,Y107,train,unlabelled,,not stated by the host (web photographs); included for research and education,data/datasets/yoga107/tadasana/003.jpg,True,192,329,True,0.9997,0.9571,177.182,173.978,174.298,175.282,39.845,34.235,174.148,174.486,144.733,152.495,173.978,177.182,174.298,175.282,144.733,152.495,174.148,174.486,36.39,42.537,174.148,173.978,174.298,42.537,0.807,-0.807,0.214,0.155,0.898,86.629,-0.9999,-0.493,0.1752,0.6692,0.457327,0.090231,-0.229777,0.9999,0.47335,0.075184,-0.212648,0.9996,0.483674,0.075108,-0.211782,0.9996,0.494721,0.075193,-0.212184,0.9996,0.439762,0.076527,-0.209943,0.9995,0.428496,0.077447,-0.210721,0.9994,0.418289,0.078371,-0.209593,0.9994,0.514162,0.086993,-0.112831,0.9997,0.407139,0.091382,-0.111143,0.9995,0.482752,0.110984,-0.195899,0.9999,0.438959,0.110236,-0.194506,0.9999,0.617222,0.221619,-0.075356,1.0,0.31215,0.221136,-0.0566,0.9998,0.749019,0.342004,-0.072316,0.9943,0.211336,0.345322,-0.009649,0.9727,0.884694,0.442344,-0.148636,0.9832,0.112081,0.445377,-0.067535,0.9571,0.925823,0.471552,-0.158766,0.9621,0.069855,0.479081,-0.070231,0.9268,0.920143,0.474309,-0.197334,0.9657,0.072086,0.481191,-0.108526,0.9353,0.902249,0.465343,-0.161908,0.9653,0.09217,0.47073,-0.084517,0.9333,0.558953,0.488187,-0.002673,0.9998,0.383256,0.486579,0.003632,0.9997,0.550062,0.697778,0.027037,0.9938,0.404893,0.700923,0.055836,0.9927,0.529731,0.85796,0.239758,0.9891,0.449902,0.859699,0.257263,0.9896,0.522944,0.870532,0.250962,0.8271,0.462946,0.872028,0.268636,0.8261,0.524233,0.926275,0.137607,0.9825,0.430157,0.929348,0.147629,0.9863
tadasana_y107_0006,tadasana,arms down,Y107,train,unlabelled,,not stated by the host (web photographs); included for research and education,data/datasets/yoga107/tadasana/006.jpg,True,223,707,True,0.986,0.2505,176.954,179.13,164.709,169.898,165.481,170.558,171.156,169.019,2.771,1.368,176.954,179.13,164.709,169.898,1.368,2.771,169.019,171.156,173.224,175.561,171.156,176.954,164.709,173.224,4.891,4.891,4.389,25.292,1.486,84.825,-0.9964,-0.2068,0.1111,0.0756,0.541406,0.279874,-0.052001,0.9934,0.594662,0.269282,-0.067619,0.9935,0.600671,0.269401,-0.067154,0.9932,0.605109,0.269675,-0.067314,0.9924,0.588085,0.270322,-0.040094,0.995,0.590812,0.270437,-0.041008,0.995,0.592887,0.270447,-0.040521,0.9954,0.615147,0.280274,-0.107658,0.9912,0.600685,0.278006,0.004789,0.9953,0.549952,0.288509,-0.064234,0.9897,0.539746,0.289528,-0.031856,0.9911,0.607829,0.325023,-0.190452,0.9919,0.556504,0.332673,0.064399,0.986,0.540335,0.210321,-0.280813,0.9898,0.533248,0.217201,0.094319,0.2505,0.571923,0.091074,-0.318922,0.952,0.57379,0.1044,4.1e-05,0.5326,0.567204,0.067247,-0.348444,0.929,0.57876,0.075386,-0.010598,0.6014,0.58626,0.065851,-0.341062,0.9141,0.583498,0.071782,-0.022642,0.5945,0.589577,0.07186,-0.316371,0.9185,0.584014,0.080258,-0.009489,0.613,0.554545,0.565111,-0.093968,0.9932,0.481755,0.564515,0.095047,0.9938,0.601409,0.739675,-0.061057,0.9504,0.528427,0.727073,0.109312,0.3432,0.616892,0.895552,-0.006615,0.9155,0.577218,0.872419,0.180159,0.4153,0.656813,0.922806,-0.005313,0.8646,0.620958,0.899078,0.180378,0.5546,0.401302,0.92804,-0.083598,0.8884,0.37622,0.910258,0.115865,0.5426
tadasana_y107_0007,tadasana,arms down,Y107,train,unlabelled,,not stated by the host (web photographs); included for research and education,data/datasets/yoga107/tadasana/007.jpg,True,275,406,True,0.9994,0.951,178.255,178.157,178.002,177.871,18.113,17.372,178.236,177.697,171.223,171.348,178.157,178.255,177.871,178.002,171.223,171.348,177.697,178.236,16.369,17.155,178.236,178.255,178.002,17.155,0.233,0.233,0.862,2.074,0.01,83.386,-1.0,-0.3948,0.1598,0.7081,0.482008,0.138577,-0.263761,0.9998,0.501814,0.121987,-0.249011,0.9993,0.511773,0.122497,-0.24846,0.9993,0.520919,0.122852,-0.248549,0.9993,0.468596,0.119776,-0.248036,0.9992,0.457532,0.119099,-0.248699,0.9992,0.447255,0.118993,-0.247991,0.9991,0.537189,0.130254,-0.141583,0.9993,0.435792,0.128026,-0.14909,0.9992,0.502687,0.159935,-0.225345,0.9999,0.461377,0.158409,-0.225958,0.9998,0.624943,0.245197,-0.060014,0.9999,0.35169,0.238496,-0.090395,0.9999,0.659129,0.380167,-0.008386,0.9806,0.317199,0.375823,-0.03125,0.9804,0.684192,0.505121,-0.096169,0.9568,0.293197,0.498883,-0.104398,0.951,0.688123,0.543915,-0.112563,0.9174,0.289664,0.541346,-0.123932,0.91,0.67782,0.54243,-0.150668,0.9252,0.303023,0.539663,-0.16011,0.9161,0.670692,0.532882,-0.109335,0.9107,0.31044,0.529168,-0.119946,0.902,0.568801,0.503409,0.00676,0.9996,0.404684,0.50339,-0.005565,0.9994,0.535662,0.697002,0.01564,0.9741,0.431848,0.697514,0.007859,0.9733,0.511391,0.890001,0.136665,0.9798,0.4499,0.89344,0.149607,0.9674,0.507517,0.910168,0.13808,0.7954,0.450739,0.911603,0.153163,0.7005,0.513164,0.949344,0.009091,0.9762,0.453573,0.951418,0.021987,0.9661
tadasana_y107_0008,tadasana,arms down,Y107,holdout,unlabelled,,not stated by the host (web photographs); included for research and education,data/datasets/yoga107/tadasana/008.jpg,True,240,425,True,0.9984,0.9645,179.811,177.35,167.802,168.598,15.807,20.746,174.317,178.617,167.114,160.767,177.35,179.811,167.802,168.598,160.767,167.114,174.317,178.617,21.746,26.346,174.317,179.811,167.802,21.746,0.838,0.838,1.645,0.221,1.556,84.271,-0.9999,-0.4466,0.1328,0.6709,0.529672,0.105786,-0.347032,0.9997,0.547468,0.089473,-0.33332,0.9992,0.559628,0.089081,-0.332572,0.9992,0.571937,0.088811,-0.332782,0.9992,0.507066,0.090182,-0.332775,0.999,0.493,0.090681,-0.333691,0.9989,0.480047,0.091545,-0.332674,0.9988,0.590106,0.096812,-0.224812,0.9994,0.464335,0.102317,-0.232538,0.9988,0.554255,0.127858,-0.307691,0.9998,0.508407,0.129246,-0.308727,0.9997,0.682866,0.220863,-0.143939,0.9999,0.377615,0.220197,-0.15554,0.9997,0.713239,0.361628,-0.10843,0.9866,0.319588,0.355297,-0.101654,0.9647,0.791387,0.488744,-0.188413,0.9805,0.21905,0.476853,-0.172483,0.9645,0.819829,0.520821,-0.203288,0.962,0.179968,0.508795,-0.183041,0.9404,0.810709,0.523025,-0.240759,0.9659,0.182142,0.509046,-0.225678,0.9481,0.798706,0.512596,-0.202069,0.9632,0.198103,0.50108,-0.191488,0.9449,0.612417,0.476077,-0.003446,0.9995,0.434759,0.478803,0.004526,0.9984,0.59285,0.675165,-0.006104,0.9852,0.470175,0.678142,0.017725,0.9727,0.576442,0.852697,0.144079,0.9836,0.516055,0.854027,0.168047,0.9647,0.575342,0.866559,0.147856,0.6932,0.526598,0.865521,0.17385,0.6771,0.573046,0.9237,0.017272,0.9739,0.524083,0.917352,0.048091,0.9619
tadasana_y107_0009,tadasana,arms down,Y107,train,unlabelled,,not stated by the host (web photographs); included for research and education,data/datasets/yoga107/tadasana/009.jpg,True,177,330,True,0.9969,0.9164,176.558,178.585,166.552,176.343,20.605,22.221,169.505,178.628,163.438,161.779,176.558,178.585,166.552,176.343,161.779,163.438,169.505,178.628,24.041,27.058,169.505,176.558,166.552,27.058,2.339,2.339,5.412,1.001,3.415,85.552,-0.9992,-0.5109,0.1865,0.6764,0.438752,0.122106,-0.352676,0.9998,0.465332,0.107061,-0.341978,0.9995,0.481397,0.107392,-0.34124,0.9996,0.495077,0.107609,-0.341601,0.9996,0.419287,0.106829,-0.336509,0.9992,0.405609,0.107045,-0.337377,0.999,0.396499,0.107576,-0.336513,0.9988,0.516864,0.117218,-0.244402,0.9997,0.389111,0.119779,-0.228366,0.9988,0.473061,0.145098,-0.317567,0.9999,0.411719,0.143661,-0.311811,0.9998,0.626281,0.250235,-0.171688,1.0,0.306363,0.253233,-0.136793,0.9994,0.676118,0.400155,-0.142402,0.9957,0.229342,0.393584,-0.083493,0.9164,0.780828,0.528967,-0.216867,0.9913,0.13667,0.529715,-0.152524,0.9177,0.82049,0.567178,-0.2355,0.9794,0.102052,0.567152,-0.163531,0.8739,0.813088,0.569941,-0.275465,0.9819,0.110793,0.570102,-0.202866,0.8865,0.797171,0.559498,-0.230795,0.9793,0.129232,0.558562,-0.170923,0.8811,0.539213,0.50231,-0.013434,0.9995,0.354816,0.508212,0.014522,0.9969,0.53921,0.71833,-0.040415,0.9729,0.385814,0.721948,0.02063,0.953,0.515033,0.933915,0.096061,0.9679,0.426994,0.937035,0.149923,0.9411,0.507114,0.954433,0.097946,0.6168,0.441077,0.955551,0.153489,0.6596,0.492918,0.997622,-0.037504,0.9381,0.408135,0.99978,0.02384,0.9329
tadasana_y107_0010,tadasana,arms down,Y107,train,unlabelled,,not stated by the host (web photographs); included for research and education,data/datasets/yoga107/tadasana/010.jpg,True,236,614,True,0.9973,0.0908,83.587,113.701,175.101,161.539,164.383,163.73,17.825,0.04,3.44,15.229,83.587,113.701,161.539,175.101,3.44,15.229,0.04,17.825,155.582,162.105,0.04,113.701,175.101,162.105,1.432,-1.432,11.232,15.934,7.998,57.72,-0.9997,-0.3094,0.5604,1.1616,0.455948,0.289808,-0.470836,0.9997,0.444002,0.289028,-0.489035,0.9988,0.434971,0.289034,-0.488385,0.9988,0.425309,0.289265,-0.488397,0.9989,0.470572,0.283901,-0.490352,0.9986,0.480269,0.283932,-0.491756,0.9983,0.490175,0.283873,-0.490896,0.9981,0.410078,0.298028,-0.434857,0.9985,0.527264,0.298008,-0.456923,0.9979,0.440829,0.295417,-0.437854,0.9997,0.47194,0.296099,-0.443338,0.9996,0.355754,0.329652,-0.339639,0.9973,0.60273,0.30255,-0.365094,0.9981,0.36126,0.225347,-0.369616,0.9756,0.565437,0.187168,-0.376057,0.9681,0.386175,0.135154,-0.446067,0.9708,0.462189,0.104125,-0.427261,0.9751,0.393668,0.097723,-0.494054,0.9773,0.454516,0.086132,-0.479777,0.9745,0.409805,0.096965,-0.514905,0.9769,0.441224,0.086377,-0.500883,0.9746,0.424169,0.126642,-0.457725,0.9666,0.441819,0.09362,-0.44086,0.9684,0.406484,0.405292,0.01414,0.9993,0.563049,0.396836,-0.013418,0.9986,0.269116,0.321707,0.065178,0.0908,0.59849,0.312994,-0.029896,0.3475,0.414977,0.294524,0.351528,0.1022,0.538536,0.298069,0.280557,0.2678,0.448325,0.30056,0.372357,0.0639,0.522434,0.303855,0.309269,0.1401,0.43465,0.255815,0.296183,0.2816,0.538897,0.262257,0.256015,0.3801
tadasana_y107_0011,tadasana,arms down,Y107,train,unlabelled,,not stated by the host (web photographs); included for research and education,data/datasets/yoga107/tadasana/011.jpg,True,343,483,True,0.9976,0.9659,172.925,176.589,172.708,160.416,176.939,158.071,173.719,176.588,8.254,13.551,172.925,176.589,160.416,172.708,8.254,13.551,173.719,176.588,167.77,179.61,173.719,172.925,172.708,179.61,3.661,3.661,10.731,2.16,1.361,85.267,-0.998,-0.2537,0.2708,0.4959,0.4939,0.268418,-0.225161,0.9998,0.506591,0.251124,-0.216494,0.9998,0.515201,0.250854,-0.215904,0.9998,0.522361,0.250793,-0.215896,0.9998,0.484067,0.25146,-0.203609,0.9997,0.476581,0.251361,-0.204432,0.9997,0.47019,0.251455,-0.203846,0.9996,0.541207,0.257008,-0.148995,0.9997,0.476378,0.258018,-0.100739,0.9995,0.514094,0.28547,-0.200537,0.9993,0.486065,0.283916,-0.185993,0.9991,0.605054,0.331541,-0.174113,0.9989,0.437603,0.327055,-0.044056,0.9976,0.639759,0.212586,-0.301771,0.9984,0.371151,0.217217,-0.057843,0.9659,0.651588,0.103746,-0.376013,0.9934,0.360589,0.100139,-0.147182,0.9747,0.65892,0.060865,-0.413445,0.9814,0.351969,0.068617,-0.169301,0.9454,0.649705,0.058704,-0.406219,0.9796,0.365704,0.06219,-0.173313,0.9438,0.643718,0.072208,-0.377849,0.9786,0.374545,0.073024,-0.156231,0.9471,0.554077,0.569682,-0.045319,0.9986,0.445423,0.567849,0.046237,0.998,0.544013,0.742894,-0.019528,0.9959,0.466083,0.74504,0.083921,0.9885,0.561383,0.892539,0.11948,0.9945,0.470611,0.884399,0.221029,0.9849,0.566498,0.910329,0.124055,0.9345,0.485058,0.904358,0.226926,0.9114,0.510166,0.944063,0.003546,0.9904,0.42549,0.938113,0.123072,0.9793
tadasana_y107_0013,tadasana,arms down,Y107,train,unlabelled,,not stated by the host (web photographs); included for research and education,data/datasets/yoga107/tadasana/013.jpg,True,144,311,True,0.9924,0.8908,178.317,176.355,167.486,165.222,179.845,179.685,175.787,175.175,2.142,5.505,176.355,178.317,165.222,167.486,2.142,5.505,175.175,175.787,172.335,173.352,175.175,178.317,165.222,172.335,1.178,1.178,3.668,0.463,0.525,87.335,-0.9998,-0.2606,0.4095,0.4894,0.54309,0.229487,-0.238069,0.9988,0.560898,0.214355,-0.218495,0.9985,0.571631,0.214256,-0.217635,0.9984,0.581641,0.214096,-0.217792,0.9982,0.524207,0.21621,-0.220404,0.9988,0.50943,0.216882,-0.221198,0.9987,0.495834,0.217378,-0.221024,0.9986,0.597522,0.225077,-0.113398,0.9979,0.47839,0.227084,-0.136825,0.9981,0.566192,0.245409,-0.199752,0.9965,0.520801,0.24502,-0.207415,0.9961,0.674478,0.293188,-0.103488,0.9955,0.414135,0.294162,-0.154625,0.9924,0.693913,0.174922,-0.188635,0.9802,0.405415,0.168863,-0.258217,0.9939,0.6547,0.048345,-0.232805,0.9512,0.46538,0.047948,-0.277008,0.9554,0.62243,0.025797,-0.264843,0.8764,0.498361,0.025868,-0.303496,0.9229,0.608803,0.023555,-0.254326,0.8604,0.508951,0.022892,-0.285874,0.9177,0.611206,0.029744,-0.233611,0.8736,0.504392,0.029501,-0.27534,0.9321,0.632554,0.539522,0.008121,0.9982,0.434195,0.540364,-0.00717,0.9972,0.630472,0.728364,-0.013039,0.945,0.415297,0.728367,-0.002211,0.9478,0.639374,0.898204,0.12597,0.9255,0.421555,0.897729,0.124077,0.8908,0.61413,0.919331,0.132299,0.6203,0.430368,0.916742,0.128854,0.5115,0.642534,0.96154,0.014159,0.85,0.415463,0.960058,0.01375,0.7864
tadasana_y107_0015,tadasana,arms down,Y107,train,unlabelled,,not stated by the host (web photographs); included for research and education,data/datasets/yoga107/tadasana/015.jpg,True,443,544,True,0.9989,0.9406,178.444,177.301,175.372,176.549,16.998,12.102,174.859,178.676,173.963,173.654,177.301,178.444,175.372,176.549,173.654,173.963,174.859,178.676,13.768,14.817,174.859,178.444,175.372,14.817,0.711,0.711,1.98,1.374,1.698,83.902,-0.9999,-0.4119,0.1726,0.6824,0.485921,0.105609,-0.287221,0.9999,0.501347,0.08751,-0.270479,0.9997,0.510139,0.087648,-0.269936,0.9997,0.517335,0.087859,-0.269993,0.9997,0.474883,0.087934,-0.270759,0.9996,0.466096,0.088018,-0.271565,0.9996,0.458222,0.088077,-0.27084,0.9995,0.531759,0.097512,-0.156966,0.9998,0.447371,0.098394,-0.169906,0.9995,0.504329,0.124954,-0.247324,0.9999,0.470228,0.124927,-0.249609,0.9999,0.602575,0.211502,-0.076226,0.9999,0.382851,0.215792,-0.099972,0.9996,0.629404,0.362762,-0.03945,0.9853,0.36758,0.367703,-0.057466,0.965,0.639891,0.498832,-0.135574,0.977,0.342869,0.508559,-0.143393,0.9406,0.643588,0.53912,-0.161398,0.9525,0.344332,0.550767,-0.169199,0.9014,0.631804,0.540973,-0.197399,0.9562,0.355367,0.551135,-0.197752,0.9073,0.626336,0.527979,-0.148812,0.9447,0.358443,0.536103,-0.156761,0.8895,0.552723,0.474365,0.001031,0.9997,0.424711,0.477455,0.000279,0.9989,0.535335,0.697033,-0.030145,0.9774,0.45361,0.69772,-0.009742,0.9618,0.525341,0.920853,0.067409,0.9795,0.469779,0.919353,0.098377,0.9578,0.523709,0.940637,0.066749,0.715,0.474282,0.936919,0.099618,0.6448,0.509082,0.974961,-0.06943,0.9713,0.454535,0.975026,-0.032299,0.9519
tadasana_y107_0016,tadasana,arms down,Y107,holdout,unlabelled,,not stated by the host (web photographs); included for research and education,data/datasets/yoga107/tadasana/016.jpg,True,640,958,True,0.9987,0.9579,179.721,176.596,163.09,163.63,22.784,24.037,171.741,173.776,160.694,157.408,176.596,179.721,163.09,163.63,157.408,160.694,171.741,173.776,30.732,31.937,171.741,179.721,163.09,30.732,1.184,1.184,2.317,1.216,0.588,86.833,-0.9998,-0.5607,0.1926,0.7728,0.505811,0.099009,-0.423386,0.9998,0.524728,0.084247,-0.406747,0.9993,0.534171,0.084715,-0.405947,0.9994,0.544171,0.085075,-0.406464,0.9994,0.490444,0.084362,-0.406392,0.9992,0.478465,0.08521,-0.407438,0.9991,0.468011,0.085992,-0.406399,0.999,0.559937,0.096556,-0.297119,0.9996,0.455372,0.098118,-0.301627,0.9992,0.52703,0.12162,-0.385442,0.9999,0.482583,0.121563,-0.385857,0.9999,0.661237,0.241607,-0.215169,1.0,0.362737,0.245842,-0.216036,0.9998,0.707344,0.394953,-0.1873,0.9951,0.303462,0.396864,-0.16689,0.9844,0.805762,0.517227,-0.262434,0.9804,0.190957,0.52164,-0.237951,0.9713,0.8439,0.546975,-0.281621,0.9552,0.153926,0.550615,-0.246569,0.945,0.842382,0.547676,-0.32242,0.9606,0.158403,0.549345,-0.292523,0.9523,0.828904,0.538793,-0.277142,0.9619,0.175047,0.540653,-0.258512,0.9531,0.582368,0.502292,-0.004568,0.9994,0.42564,0.501217,0.00579,0.9987,0.563597,0.728914,-0.006841,0.9892,0.44427,0.729537,0.031679,0.9767,0.548166,0.900097,0.191581,0.978,0.473815,0.902116,0.227197,0.9579,0.544634,0.916959,0.200998,0.7065,0.486982,0.917191,0.238425,0.6891,0.537383,0.965465,0.075245,0.8497,0.448187,0.966069,0.11586,0.8899
tadasana_y107_0017,tadasana,arms down,Y107,train,unlabelled,,not stated by the host (web photographs); included for research and education,data/datasets/yoga107/tadasana/017.jpg,True,169,413,True,0.9984,0.8627,177.912,177.358,177.042,176.153,16.492,14.515,173.674,173.299,172.785,173.351,177.358,177.912,176.153,177.042,172.785,173.351,173.299,173.674,16.232,17.813,173.674,177.912,177.042,17.813,0.595,0.595,0.958,2.55,2.92,85.728,-0.9999,-0.5013,0.1614,0.6476,0.4941,0.144774,-0.335431,0.9992,0.527952,0.122303,-0.322128,0.9977,0.547635,0.123936,-0.321295,0.9979,0.56527,0.125775,-0.321847,0.998,0.466424,0.119728,-0.322498,0.997,0.445159,0.119847,-0.323352,0.9965,0.426987,0.120434,-0.322587,0.9958,0.587927,0.137328,-0.216475,0.9985,0.402872,0.13179,-0.228703,0.9957,0.525013,0.171908,-0.297313,0.9995,0.451444,0.167825,-0.300226,0.9992,0.691567,0.271314,-0.144331,0.9999,0.280617,0.278803,-0.16057,0.9984,0.731821,0.430868,-0.109078,0.9748,0.247941,0.433768,-0.122307,0.9214,0.780509,0.558789,-0.172557,0.9476,0.201181,0.557671,-0.177332,0.8627,0.807178,0.594996,-0.19169,0.9115,0.165724,0.599477,-0.187566,0.8147,0.795035,0.597926,-0.224519,0.9176,0.192392,0.601197,-0.222686,0.8299,0.775254,0.585627,-0.183849,0.9178,0.213832,0.587105,-0.192732,0.8301,0.571898,0.533032,-0.002052,0.9997,0.387106,0.536889,0.003069,0.9984,0.534217,0.739441,8.8e-05,0.9724,0.412292,0.741583,0.028487,0.9459,0.516353,0.931093,0.164889,0.9702,0.414199,0.927433,0.188102,0.933,0.508048,0.944819,0.170959,0.6953,0.418652,0.93954,0.196,0.6217,0.511632,1.02074,0.051018,0.9052,0.418489,1.007704,0.075965,0.9144
tadasana_y107_0018,tadasana,arms down,Y107,train,unlabelled,,not stated by the host (web photographs); included for research and education,data/datasets/yoga107/tadasana/018.jpg,True,370,505,True,0.9994,0.9513,179.906,178.835,164.721,168.541,11.975,12.683,171.934,177.034,170.028,168.97,178.835,179.906,164.721,168.541,168.97,170.028,171.934,177.034,18.192,19.045,171.934,179.906,164.721,19.045,1.026,1.026,3.622,1.966,1.566,85.804,-0.9998,-0.4565,0.2504,0.6582,0.496955,0.111808,-0.306885,0.9999,0.514451,0.095812,-0.292044,0.9995,0.522403,0.095909,-0.291386,0.9996,0.530855,0.09604,-0.291602,0.9996,0.483829,0.0966,-0.290529,0.9994,0.473459,0.097389,-0.291314,0.9994,0.4649,0.098467,-0.290349,0.9993,0.545892,0.104739,-0.186303,0.9997,0.453902,0.108017,-0.189424,0.9993,0.516104,0.131262,-0.269539,0.9999,0.478601,0.131103,-0.26931,0.9999,0.626036,0.229189,-0.111969,1.0,0.389329,0.235141,-0.121486,0.9998,0.636546,0.381111,-0.070924,0.9884,0.369629,0.384481,-0.063315,0.9566,0.692388,0.505692,-0.153559,0.9812,0.31424,0.51739,-0.13022,0.9513,0.7138,0.54173,-0.170818,0.9634,0.293248,0.556251,-0.142919,0.9227,0.7064,0.542554,-0.209146,0.967,0.30324,0.5564,-0.184523,0.9304,0.697915,0.531148,-0.167305,0.9624,0.313965,0.544052,-0.148306,0.9238,0.56822,0.494445,-0.000844,0.9998,0.434261,0.497128,0.001914,0.9994,0.56342,0.694589,-0.015929,0.9864,0.454214,0.696411,0.003187,0.9788,0.558987,0.898514,0.117673,0.9869,0.468904,0.899688,0.14326,0.9726,0.551237,0.917538,0.119539,0.7228,0.47977,0.914215,0.146812,0.6991,0.542846,0.971974,-0.010941,0.9783,0.461664,0.9673,0.018364,0.9691
tadasana_y107_0021,tadasana,arms down,Y107,train,unlabelled,,not stated by the host (web photographs); included for research and education,data/datasets/yoga107/tadasana/021.jpg,True,244,430,True,0.9973,0.9374,175.104,178.622,165.515,160.483,15.874,17.054,174.727,175.52,167.243,161.653,175.104,178.622,160.483,165.515,161.653,167.243,174.727,175.52,22.561,26.764,174.727,175.104,165.515,22.561,0.759,0.759,3.74,1.91,1.948,85.469,-0.9999,-0.4619,0.2349,0.7006,0.527193,0.145343,-0.380109,0.9998,0.544392,0.127434,-0.364502,0.9995,0.554482,0.126644,-0.363743,0.9996,0.564052,0.126066,-0.364098,0.9996,0.508856,0.130026,-0.362858,0.9993,0.496643,0.13089,-0.363644,0.9992,0.48546,0.131871,-0.362836,0.999,0.582877,0.133596,-0.255336,0.9997,0.469774,0.141598,-0.257131,0.9989,0.551339,0.164982,-0.341453,0.9999,0.507522,0.165827,-0.340861,0.9998,0.689286,0.256137,-0.174902,1.0,0.385647,0.261883,-0.170536,0.9994,0.71628,0.400176,-0.151431,0.9913,0.349322,0.397581,-0.118855,0.9499,0.7932,0.51657,-0.249036,0.9865,0.236322,0.517396,-0.202826,0.952,0.830984,0.550466,-0.271751,0.9698,0.19949,0.549154,-0.217151,0.9244,0.826393,0.553115,-0.311701,0.9742,0.195031,0.549614,-0.263139,0.9353,0.813232,0.542135,-0.264254,0.9711,0.209675,0.540698,-0.223821,0.9323,0.61397,0.503472,-0.004402,0.9993,0.449474,0.506647,0.005609,0.9973,0.586069,0.703277,-0.002529,0.9648,0.47317,0.702035,0.028854,0.9374,0.587937,0.869373,0.147258,0.9724,0.486169,0.86711,0.187318,0.94,0.57781,0.888245,0.150674,0.7967,0.498118,0.883143,0.193307,0.6479,0.573491,0.934071,0.023945,0.9602,0.483325,0.931915,0.062326,0.9331
tadasana_y107_0022,tadasana,arms down,Y107,train,unlabelled,,not stated by the host (web photographs); included for research and education,data/datasets/yoga107/tadasana/022.jpg,True,327,426,True,0.9977,0.8285,177.612,179.5,173.572,177.494,15.082,19.033,178.71,176.014,169.825,167.361,177.612,179.5,173.572,177.494,167.361,169.825,176.014,178.71,18.069,20.229,178.71,177.612,173.572,18.069,0.192,0.192,2.174,1.555,1.248,83.397,-1.0,-0.4962,0.1492,0.6685,0.477449,0.088144,-0.30271,0.9995,0.493935,0.073999,-0.286888,0.9988,0.502626,0.073956,-0.286255,0.999,0.50886,0.074132,-0.286506,0.9991,0.466144,0.074958,-0.285992,0.9982,0.456816,0.07551,-0.286709,0.9978,0.448978,0.076295,-0.286023,0.9974,0.525116,0.084204,-0.179463,0.9993,0.440045,0.090308,-0.185593,0.9972,0.497825,0.107658,-0.265379,0.9998,0.461516,0.108053,-0.265825,0.9995,0.598308,0.211297,-0.105515,0.9999,0.378245,0.215882,-0.110471,0.999,0.620947,0.34908,-0.062627,0.9813,0.343325,0.348312,-0.04961,0.9204,0.657918,0.46624,-0.146199,0.9627,0.304564,0.468106,-0.122254,0.8285,0.6719,0.503827,-0.167919,0.9306,0.282754,0.509967,-0.139631,0.765,0.670493,0.506511,-0.205851,0.9372,0.28596,0.512135,-0.177618,0.7836,0.66188,0.49731,-0.159791,0.9255,0.298401,0.500643,-0.139921,0.7725,0.552432,0.465288,0.002026,0.9994,0.421919,0.467471,-0.000781,0.9977,0.520034,0.680122,-0.005382,0.9786,0.439131,0.677237,-8.8e-05,0.9641,0.501877,0.869231,0.13563,0.9789,0.452939,0.872695,0.14957,0.9454,0.496507,0.877777,0.138188,0.6604,0.452009,0.882972,0.154004,0.5457,0.497035,0.941839,-0.000101,0.9657,0.462823,0.939279,0.013758,0.9401
tadasana_y107_0023,tadasana,arms down,Y107,train,unlabelled,,not stated by the host (web photographs); included for research and education,data/datasets/yoga107/tadasana/023.jpg,True,243,757,True,0.9928,0.9403,179.726,179.873,157.228,154.491,169.92,167.001,175.827,177.298,6.927,6.465,179.726,179.873,154.491,157.228,6.465,6.927,175.827,177.298,179.237,179.345,175.827,179.726,154.491,179.237,0.959,0.959,2.382,0.454,1.065,86.591,-0.9999,-0.3233,0.1926,0.5798,0.516441,0.255541,-0.240258,0.9995,0.55365,0.241567,-0.218164,0.9994,0.573299,0.241749,-0.217385,0.9994,0.589956,0.242379,-0.217534,0.9993,0.489083,0.242094,-0.215037,0.9996,0.466948,0.24284,-0.215682,0.9995,0.445544,0.243947,-0.215504,0.9995,0.615705,0.252053,-0.113876,0.9991,0.428033,0.253841,-0.110076,0.9995,0.560545,0.277472,-0.206185,0.9984,0.480813,0.276493,-0.205531,0.9985,0.74897,0.335135,-0.116824,0.9961,0.307398,0.334011,-0.09374,0.9928,0.865133,0.218024,-0.213116,0.9917,0.182214,0.215293,-0.16135,0.9924,0.834675,0.1087,-0.275985,0.9403,0.224939,0.10042,-0.211625,0.9585,0.838728,0.08009,-0.315778,0.8463,0.226446,0.069564,-0.248029,0.8862,0.817439,0.077618,-0.313135,0.8293,0.258709,0.064754,-0.234456,0.8764,0.80624,0.089043,-0.280743,0.8479,0.263456,0.078569,-0.215037,0.8929,0.64751,0.579809,-0.009242,0.999,0.383359,0.578233,0.010037,0.9977,0.613666,0.762165,0.003638,0.9865,0.412601,0.757393,0.027036,0.9832,0.583619,0.911969,0.198056,0.9789,0.437011,0.913582,0.196777,0.966,0.57653,0.921438,0.208036,0.6545,0.451828,0.927156,0.203672,0.6975,0.543779,0.97486,0.06913,0.9546,0.440929,0.974682,0.073544,0.9372
tadasana_y107_0024,tadasana,arms down,Y107,holdout,unlabelled,,not stated by the host (web photographs); included for research and education,data/datasets/yoga107/tadasana/024.jpg,True,166,662,True,0.9877,0.2522,177.004,177.059,167.743,174.68,169.465,175.547,172.496,171.093,1.475,2.859,177.004,177.059,167.743,174.68,1.475,2.859,171.093,172.496,175.51,178.082,172.496,177.004,167.743,175.51,3.88,3.88,13.898,29.246,0.957,85.511,-0.9977,-0.211,0.0945,0.0857,0.492648,0.285071,-0.054811,0.9956,0.561423,0.27547,-0.069933,0.9956,0.569964,0.276508,-0.069502,0.9952,0.576842,0.277805,-0.069595,0.9946,0.533638,0.274429,-0.043863,0.9967,0.533156,0.274192,-0.044731,0.9963,0.544943,0.27428,-0.044094,0.9968,0.588373,0.288589,-0.104879,0.9931,0.551517,0.283748,0.001716,0.9965,0.497857,0.298846,-0.064624,0.9921,0.479216,0.298856,-0.034104,0.9936,0.54164,0.331845,-0.188063,0.9951,0.46827,0.342147,0.066861,0.9877,0.47523,0.205701,-0.271969,0.9925,0.470973,0.222416,0.100607,0.2522,0.516014,0.082274,-0.301075,0.9629,0.513722,0.113952,0.013243,0.5026,0.518728,0.05344,-0.330865,0.9456,0.473288,0.099403,0.002951,0.5717,0.539858,0.052423,-0.323594,0.9382,0.531636,0.079087,-0.008634,0.5668,0.537954,0.062198,-0.298554,0.9336,0.525858,0.085518,0.003116,0.5834,0.489021,0.582345,-0.094693,0.9967,0.38807,0.582767,0.095755,0.9959,0.549284,0.774829,-0.06313,0.9759,0.439573,0.761658,0.105729,0.4462,0.566909,0.944428,-0.022956,0.9629,0.520052,0.924367,0.170533,0.6125,0.624661,0.967742,-0.022808,0.928,0.58157,0.947778,0.169254,0.6811,0.252162,0.976905,-0.098615,0.9528,0.251676,0.959378,0.104319,0.7291
tadasana_y107_0025,tadasana,arms down,Y107,train,unlabelled,,not stated by the host (web photographs); included for research and education,data/datasets/yoga107/tadasana/025.jpg,True,143,330,True,0.9961,0.9618,179.814,179.295,44.463,36.307,25.64,33.434,175.442,179.787,124.467,155.909,179.295,179.814,36.307,44.463,124.467,155.909,175.442,179.787,18.679,47.111,175.442,179.814,36.307,18.679,1.702,1.702,5.308,3.243,2.289,84.375,-0.9996,-0.3361,0.1189,0.6246,0.505857,0.102271,-0.114031,0.9998,0.534217,0.080825,-0.101282,0.9997,0.552158,0.080277,-0.100851,0.9996,0.565815,0.079849,-0.101183,0.9995,0.477676,0.083494,-0.096265,0.9997,0.460104,0.084253,-0.097203,0.9997,0.444702,0.085083,-0.096534,0.9997,0.598637,0.08698,0.004487,0.9996,0.435612,0.093898,0.014792,0.9998,0.543131,0.123219,-0.075204,0.9997,0.479544,0.1251,-0.071377,0.9998,0.737822,0.193021,0.057727,0.9991,0.327726,0.203092,0.075485,0.999,0.826282,0.316708,-0.062067,0.9849,0.183233,0.320744,-0.027933,0.9859,0.543776,0.250742,-0.206922,0.9714,0.402089,0.27516,-0.200791,0.9781,0.497525,0.226735,-0.232703,0.9192,0.449642,0.253674,-0.233092,0.9326,0.497946,0.21364,-0.227646,0.9098,0.45952,0.241515,-0.214733,0.9216,0.511102,0.221729,-0.204085,0.8731,0.456683,0.247004,-0.19655,0.892,0.638051,0.485053,-0.008103,0.9978,0.388428,0.48073,0.008594,0.9961,0.603713,0.705393,-0.022299,0.981,0.43896,0.703053,0.007943,0.9719,0.571845,0.920267,0.130111,0.967,0.493898,0.917653,0.141207,0.9618,0.575827,0.94105,0.135216,0.7535,0.503363,0.941181,0.147571,0.7428,0.557705,0.969236,0.004716,0.9517,0.481949,0.971134,0.017994,0.9387
tadasana_y107_0026,tadasana,arms down,Y107,train,unlabelled,,not stated by the host (web photographs); included for research and education,data/datasets/yoga107/tadasana/026.jpg,True,130,297,True,0.859,0.1123,171.745,171.387,164.671,162.81,179.21,176.792,178.473,169.71,1.002,6.315,171.387,171.745,162.81,164.671,1.002,6.315,169.71,178.473,168.327,173.097,169.71,171.387,164.671,173.097,0.301,0.301,3.676,0.296,1.835,85.068,-1.0,-0.2052,0.4023,0.5884,0.567571,0.324995,-0.304043,0.9864,0.589195,0.305237,-0.289286,0.9866,0.606046,0.304911,-0.288244,0.9862,0.6224,0.304916,-0.28871,0.9851,0.534557,0.306514,-0.286065,0.9875,0.512924,0.306878,-0.286904,0.986,0.493004,0.307618,-0.286938,0.9843,0.6491,0.313616,-0.186969,0.9815,0.461067,0.315967,-0.185048,0.9801,0.594291,0.347329,-0.265166,0.9457,0.534087,0.3492,-0.265601,0.9321,0.734215,0.383431,-0.183666,0.9596,0.354284,0.382572,-0.164561,0.859,0.775687,0.228694,-0.311107,0.9885,0.340672,0.223879,-0.257208,0.9812,0.721834,0.073535,-0.362179,0.8748,0.432037,0.075047,-0.29283,0.7114,0.672617,0.048777,-0.399548,0.7252,0.475791,0.053498,-0.326318,0.5547,0.638088,0.048678,-0.388199,0.7183,0.496421,0.050762,-0.30658,0.5543,0.64198,0.058113,-0.363234,0.7722,0.487754,0.059575,-0.293015,0.6054,0.667162,0.667394,-0.003214,0.9414,0.414553,0.663852,0.004232,0.9175,0.633409,0.860567,-0.046797,0.6076,0.375198,0.863484,-0.032034,0.6138,0.657328,1.01489,0.130632,0.1123,0.397548,1.015542,0.097984,0.1601,0.639379,1.037453,0.140433,0.0797,0.417067,1.035738,0.104308,0.1036,0.712005,1.072936,0.026668,0.0505,0.394518,1.081052,-0.023837,0.0604
tadasana_y107_0027,tadasana,arms down,Y107,train,unlabelled,,not stated by the host (web photographs); included for research and education,data/datasets/yoga107/tadasana/027.jpg,True,115,242,True,0.999,0.9177,178.375,178.951,170.506,170.131,24.653,20.493,172.402,179.539,158.802,161.69,178.375,178.951,170.131,170.506,158.802,161.69,172.402,179.539,25.337,29.378,172.402,178.375,170.506,29.378,0.593,0.593,0.334,1.938,3.041,83.434,-0.9999,-0.5571,0.1504,0.6533,0.513887,0.077353,-0.298303,0.9993,0.54228,0.066861,-0.283549,0.9977,0.556427,0.068653,-0.28281,0.9977,0.568685,0.070317,-0.283048,0.9976,0.500181,0.06564,-0.281781,0.9979,0.486049,0.066479,-0.282659,0.9979,0.473424,0.067669,-0.28171,0.9979,0.592207,0.08449,-0.185672,0.9981,0.457956,0.084006,-0.18792,0.9985,0.540516,0.098998,-0.264779,0.9996,0.486779,0.098242,-0.264597,0.9996,0.696038,0.216905,-0.137603,0.9999,0.344901,0.222553,-0.11962,0.9998,0.780845,0.353196,-0.119553,0.9795,0.275089,0.361099,-0.074486,0.9229,0.910589,0.479795,-0.175445,0.9323,0.160616,0.487196,-0.114372,0.9177,0.941895,0.513803,-0.187863,0.8831,0.119444,0.529452,-0.115853,0.8666,0.934146,0.519717,-0.221927,0.89,0.131691,0.531191,-0.151177,0.8795,0.917545,0.504159,-0.187249,0.8915,0.147774,0.515999,-0.129446,0.8809,0.618679,0.472653,-0.012911,0.999,0.411134,0.477893,0.014171,0.999,0.614106,0.686798,-0.033668,0.9711,0.461544,0.686006,0.01628,0.9333,0.597858,0.887254,0.057679,0.9625,0.517249,0.884004,0.121822,0.9268,0.600321,0.906271,0.055856,0.4233,0.54203,0.903084,0.12352,0.5927,0.550314,0.961444,-0.073181,0.8931,0.459131,0.957132,0.007167,0.9253
tadasana_y107_0028,tadasana,arms down,Y107,holdout,unlabelled,,not stated by the host (web photographs); included for research and education,data/datasets/yoga107/tadasana/028.jpg,True,567,567,True,0.9988,0.9627,175.605,177.098,167.798,162.892,11.956,13.029,178.545,177.66,170.699,166.131,175.605,177.098,162.892,167.798,166.131,170.699,177.66,178.545,17.806,21.181,178.545,175.605,167.798,17.806,0.623,0.623,2.2,0.992,1.174,82.95,-0.9999,-0.4057,0.1426,0.6418,0.509583,0.12573,-0.319195,0.9999,0.518616,0.10821,-0.304214,0.9998,0.524839,0.107354,-0.303508,0.9998,0.531675,0.106932,-0.303872,0.9998,0.497463,0.111284,-0.304884,0.9997,0.488844,0.112457,-0.305633,0.9997,0.481649,0.113546,-0.30481,0.9996,0.540595,0.115775,-0.189935,0.9999,0.470751,0.122921,-0.203668,0.9996,0.521289,0.145483,-0.277656,1.0,0.495851,0.146171,-0.2804,0.9999,0.591671,0.229168,-0.101364,1.0,0.425802,0.23204,-0.12086,0.9998,0.600182,0.370294,-0.061249,0.9931,0.411481,0.375058,-0.066471,0.9668,0.635326,0.495714,-0.176408,0.9929,0.360698,0.495715,-0.162573,0.969,0.6498,0.534389,-0.202582,0.9845,0.345411,0.534546,-0.185451,0.9503,0.644385,0.534941,-0.243104,0.9865,0.353634,0.533156,-0.230279,0.957,0.638661,0.523848,-0.191603,0.9828,0.361399,0.521916,-0.183283,0.9504,0.552947,0.488114,0.002088,0.9997,0.458903,0.490042,-0.00104,0.9988,0.527556,0.693434,-0.007023,0.9791,0.476233,0.689288,0.009695,0.9627,0.518415,0.890589,0.133116,0.9848,0.48312,0.87994,0.153436,0.9651,0.515461,0.910969,0.134915,0.8313,0.485855,0.900808,0.157303,0.7292,0.520278,0.958167,0.002082,0.9785,0.483884,0.95406,0.024429,0.9648
tadasana_y107_0029,tadasana,arms down,Y107,train,unlabelled,,not stated by the host (web photographs); included for research and education,data/datasets/yoga107/tadasana/029.jpg,True,327,640,True,0.9984,0.942,178.804,177.935,177.795,168.954,22.543,20.974,176.779,172.333,163.339,162.696,177.935,178.804,168.954,177.795,162.696,163.339,172.333,176.779,23.596,26.333,176.779,178.804,177.795,23.596,1.101,-1.101,2.237,1.379,1.144,86.286,-0.9998,-0.5031,0.1944,0.6704,0.54976,0.099328,-0.349538,0.9998,0.564653,0.084223,-0.332236,0.9995,0.577632,0.084396,-0.331473,0.9996,0.588432,0.084617,-0.331787,0.9996,0.523728,0.084421,-0.33476,0.9994,0.505828,0.084927,-0.335534,0.9993,0.488691,0.085841,-0.334723,0.9991,0.599174,0.093391,-0.215275,0.9997,0.461451,0.097775,-0.237169,0.9991,0.570388,0.12001,-0.30802,0.9999,0.519155,0.119452,-0.313194,0.9998,0.696013,0.232555,-0.124789,1.0,0.354145,0.22835,-0.163194,0.9996,0.77474,0.37654,-0.080339,0.987,0.291043,0.380746,-0.115131,0.9614,0.856535,0.506601,-0.16368,0.9772,0.178825,0.515879,-0.19155,0.942,0.899438,0.546142,-0.180496,0.9492,0.137145,0.557389,-0.209098,0.9085,0.889364,0.548212,-0.222224,0.9557,0.142062,0.559527,-0.250458,0.9193,0.873852,0.537715,-0.179409,0.9513,0.159233,0.547695,-0.210679,0.9108,0.634239,0.492055,0.01234,0.9996,0.435524,0.490028,-0.011069,0.9984,0.606732,0.708586,-0.01163,0.9674,0.445458,0.703578,-0.010309,0.9545,0.570267,0.925475,0.123376,0.9721,0.471194,0.92319,0.130426,0.9454,0.558925,0.944584,0.125987,0.6938,0.476989,0.940488,0.133934,0.5752,0.574844,0.998174,-0.004757,0.9623,0.483947,0.996929,-0.001767,0.9437
tadasana_y107_0032,tadasana,arms down,Y107,holdout,unlabelled,,not stated by the host (web photographs); included for research and education,data/datasets/yoga107/tadasana/032.jpg,True,203,550,True,0.9987,0.9499,177.313,176.579,178.123,178.033,15.104,11.07,174.075,176.558,174.692,176.225,176.579,177.313,178.033,178.123,174.692,176.225,174.075,176.558,11.963,14.234,174.075,177.313,178.123,14.234,0.304,0.304,0.357,1.292,0.246,85.254,-1.0,-0.4078,0.2358,0.6753,0.495037,0.133015,-0.281403,0.9998,0.530457,0.114889,-0.267155,0.9995,0.547901,0.114775,-0.266592,0.9995,0.559037,0.115141,-0.266771,0.9995,0.470435,0.114785,-0.266495,0.9994,0.451513,0.114711,-0.267315,0.9993,0.432641,0.114457,-0.266538,0.9992,0.576165,0.120727,-0.158688,0.9996,0.411492,0.120116,-0.166322,0.9993,0.530159,0.1515,-0.242543,0.9999,0.45788,0.150102,-0.243609,0.9998,0.723184,0.238837,-0.076328,0.9999,0.257186,0.234958,-0.095883,0.9997,0.765332,0.382548,-0.029132,0.9883,0.236714,0.385103,-0.037631,0.9699,0.790693,0.507016,-0.114592,0.9765,0.208053,0.509821,-0.111402,0.9566,0.80931,0.543372,-0.136468,0.9529,0.183598,0.54554,-0.131939,0.9273,0.787401,0.545254,-0.171992,0.9559,0.19819,0.547405,-0.165931,0.9324,0.771652,0.532021,-0.126799,0.9466,0.213695,0.535612,-0.126424,0.9211,0.615696,0.491446,0.001104,0.9996,0.357343,0.491855,3.6e-05,0.9987,0.58443,0.711567,-0.023408,0.9798,0.406571,0.710693,-0.010391,0.9631,0.581463,0.911465,0.094451,0.9759,0.418942,0.908115,0.108877,0.9499,0.569869,0.933326,0.094891,0.6683,0.426536,0.929359,0.111344,0.6159,0.554986,0.96313,-0.037652,0.9611,0.405794,0.962388,-0.019973,0.9424
tadasana_y107_0033,tadasana,arms down,Y107,train,unlabelled,,not stated by the host (web photographs); included for research and education,data/datasets/yoga107/tadasana/033.jpg,True,1000,667,True,0.9987,0.9564,178.911,177.602,175.986,168.789,22.12,20.886,176.799,171.752,163.228,163.23,177.602,178.911,168.789,175.986,163.228,163.23,171.752,176.799,24.04,26.164,171.752,178.911,175.986,24.04,1.173,-1.173,1.066,3.406,2.931,85.933,-0.9998,-0.5108,0.1911,0.6953,0.485838,0.137976,-0.360335,0.9999,0.490324,0.12212,-0.340694,0.9998,0.493151,0.122436,-0.340023,0.9998,0.496328,0.122866,-0.340115,0.9998,0.477338,0.122034,-0.343577,0.9997,0.47203,0.122707,-0.344292,0.9997,0.467187,0.12332,-0.343513,0.9997,0.500114,0.132808,-0.221413,0.9998,0.458105,0.134509,-0.245279,0.9997,0.492679,0.157757,-0.318532,0.9999,0.475751,0.157564,-0.323987,0.9999,0.535686,0.267495,-0.128033,0.9999,0.422855,0.257427,-0.173404,0.9998,0.560584,0.408259,-0.076311,0.9872,0.402692,0.406121,-0.117271,0.9855,0.589374,0.534568,-0.155939,0.9782,0.367921,0.530726,-0.188961,0.9691,0.600816,0.570787,-0.173341,0.9466,0.353947,0.569858,-0.21026,0.9382,0.597729,0.574957,-0.213675,0.954,0.354515,0.573945,-0.248792,0.9451,0.593135,0.563429,-0.172014,0.9489,0.360613,0.561459,-0.207316,0.9381,0.515173,0.50863,0.01965,0.9994,0.450023,0.50363,-0.018186,0.9987,0.504988,0.723362,0.012439,0.9669,0.452845,0.715122,-0.017401,0.9682,0.492651,0.928333,0.135649,0.9723,0.461593,0.926885,0.117644,0.9564,0.487781,0.945497,0.137768,0.7793,0.46226,0.943991,0.121184,0.586,0.500609,0.988054,0.011416,0.9651,0.465652,0.983331,-0.015522,0.9479
tadasana_y107_0035,tadasana,arms down,Y107,train,unlabelled,,not stated by the host (web photographs); included for research and education,data/datasets/yoga107/tadasana/035.jpg,True,169,441,True,0.9956,0.0895,176.773,176.112,167.762,159.423,0.592,6.42,179.505,179.869,178.008,177.402,176.112,176.773,159.423,167.762,177.402,178.008,179.505,179.869,3.201,4.774,179.869,176.112,159.423,3.201,1.674,1.674,12.921,20.796,8.673,86.723,-0.9996,-0.3744,0.1025,0.0799,0.670888,0.104888,-0.111177,0.9968,0.643103,0.088164,-0.101142,0.9952,0.63915,0.088021,-0.100599,0.995,0.635128,0.087981,-0.100596,0.9948,0.636555,0.088017,-0.132277,0.996,0.628675,0.087806,-0.13297,0.9961,0.619671,0.087688,-0.132487,0.9962,0.575954,0.097156,-0.030795,0.9939,0.555574,0.097058,-0.17954,0.9977,0.659182,0.123738,-0.082823,0.9977,0.650223,0.122468,-0.123698,0.9982,0.517935,0.210217,0.084913,0.9988,0.465105,0.202528,-0.242449,0.9998,0.49434,0.363564,0.088882,0.0895,0.414431,0.360164,-0.260271,0.9741,0.542614,0.482192,0.017066,0.1829,0.499853,0.495949,-0.206301,0.9169,0.549264,0.516751,0.007118,0.1789,0.489146,0.533719,-0.229385,0.8701,0.5652,0.520265,-0.010833,0.1861,0.537584,0.53427,-0.228333,0.8576,0.569674,0.504654,0.004501,0.1799,0.548384,0.519209,-0.205042,0.8217,0.484163,0.476524,0.104364,0.9956,0.457544,0.47808,-0.10267,0.9973,0.455221,0.670228,0.163546,0.2358,0.450703,0.682969,-0.031457,0.8083,0.397125,0.865515,0.240022,0.335,0.406391,0.893065,0.054892,0.8069,0.356493,0.906532,0.238631,0.443,0.367082,0.927047,0.055396,0.7655,0.608428,0.895342,0.197599,0.5374,0.657976,0.926813,-0.027978,0.8068
tadasana_y107_0036,tadasana,arms down,Y107,holdout,unlabelled,,not stated by the host (web photographs); included for research and education,data/datasets/yoga107/tadasana/036.jpg,True,296,444,True,0.9994,0.959,177.348,177.665,168.658,166.8,15.242,14.44,177.361,179.136,168.154,166.668,177.348,177.665,166.8,168.658,166.668,168.154,177.361,179.136,20.56,20.897,177.361,177.348,168.658,20.56,0.625,0.625,2.245,1.108,0.495,83.298,-0.9999,-0.39,0.1126,0.6534,0.510247,0.162334,-0.331028,0.9997,0.526771,0.145418,-0.318917,0.9991,0.53573,0.14497,-0.318201,0.9992,0.54465,0.144775,-0.318429,0.9992,0.494339,0.145789,-0.318255,0.999,0.483929,0.145896,-0.319102,0.9989,0.474302,0.14616,-0.318156,0.9987,0.558022,0.149844,-0.212059,0.9993,0.462548,0.152709,-0.22045,0.9988,0.530132,0.180449,-0.291284,0.9998,0.492718,0.182414,-0.292712,0.9998,0.637334,0.258216,-0.134694,1.0,0.392446,0.261373,-0.15035,0.9998,0.662418,0.404354,-0.105672,0.9882,0.367371,0.400026,-0.104873,0.9631,0.722216,0.528002,-0.187445,0.9842,0.298501,0.525659,-0.178269,0.9663,0.748959,0.561494,-0.20333,0.9695,0.271901,0.561252,-0.189333,0.9477,0.741473,0.565561,-0.240825,0.9726,0.278163,0.562248,-0.233568,0.9541,0.732024,0.554875,-0.201212,0.9706,0.288749,0.551055,-0.197232,0.9497,0.579611,0.509296,-0.003043,0.9997,0.441997,0.510089,0.004018,0.9994,0.549962,0.695032,0.004519,0.9769,0.474123,0.692355,0.024163,0.9688,0.534778,0.864309,0.148347,0.9778,0.493247,0.859307,0.168879,0.959,0.532498,0.878826,0.151847,0.7025,0.496751,0.869485,0.174175,0.6666,0.525995,0.934983,0.024954,0.9666,0.482644,0.932065,0.050564,0.9564
tadasana_y107_0037,tadasana,arms down,Y107,train,unlabelled,,not stated by the host (web photographs); included for research and education,data/datasets/yoga107/tadasana/037.jpg,True,148,400,True,0.9567,0.0773,173.624,174.459,179.442,178.813,177.898,178.223,173.319,172.423,4.453,4.599,173.624,174.459,178.813,179.442,4.453,4.599,172.423,173.319,177.625,178.829,172.423,174.459,178.813,178.829,2.774,-2.774,14.364,25.365,87.943,85.397,-0.9988,-0.2657,0.0779,0.0313,0.6324,0.240552,-0.076907,0.9633,0.601563,0.229904,-0.064367,0.9663,0.596504,0.230347,-0.0637,0.9479,0.590648,0.230765,-0.063738,0.9682,0.59858,0.230226,-0.095796,0.972,0.591887,0.230838,-0.096328,0.9636,0.584396,0.231371,-0.096618,0.9728,0.53438,0.241143,0.005197,0.9556,0.533375,0.241644,-0.14968,0.9653,0.623104,0.256811,-0.049385,0.9666,0.616886,0.256141,-0.092252,0.9639,0.507034,0.30879,0.080091,0.9567,0.487873,0.305429,-0.219242,0.9794,0.484677,0.195612,0.155435,0.0773,0.459438,0.189938,-0.364303,0.9479,0.460404,0.087248,0.061433,0.2176,0.436528,0.06927,-0.41138,0.922,0.416734,0.061324,0.038538,0.2701,0.411445,0.048172,-0.444184,0.912,0.419761,0.057437,0.022254,0.2721,0.408547,0.047188,-0.432627,0.8961,0.430412,0.065524,0.046675,0.2859,0.415504,0.052878,-0.408289,0.855,0.530813,0.551241,0.108725,0.9925,0.529635,0.563376,-0.107003,0.9904,0.494969,0.715971,0.149125,0.1429,0.497288,0.728361,-0.081982,0.795,0.408617,0.880664,0.2154,0.2129,0.418135,0.899865,-0.032195,0.8075,0.351188,0.907107,0.214155,0.3967,0.357797,0.925261,-0.031199,0.8845,0.535944,0.931919,0.157245,0.2594,0.553859,0.952369,-0.114331,0.7128
tadasana_y107_0038,tadasana,arms down,Y107,train,unlabelled,,not stated by the host (web photographs); included for research and education,data/datasets/yoga107/tadasana/038.jpg,True,118,313,True,0.9947,0.926,179.185,179.864,169.757,162.904,179.703,177.462,175.516,175.088,2.001,7.475,179.185,179.864,162.904,169.757,2.001,7.475,175.088,175.516,169.002,174.311,175.088,179.185,162.904,169.002,0.085,0.085,0.813,0.802,0.846,88.611,-1.0,-0.2479,0.4151,0.4934,0.483938,0.23555,-0.239807,0.9991,0.509286,0.221022,-0.220901,0.9988,0.525931,0.221337,-0.219994,0.9987,0.538675,0.221705,-0.220145,0.9985,0.461727,0.220891,-0.222225,0.999,0.444194,0.221281,-0.222971,0.9989,0.429957,0.221669,-0.222792,0.9989,0.551936,0.230494,-0.115882,0.9981,0.408181,0.228612,-0.13688,0.9986,0.508734,0.254311,-0.201405,0.9975,0.4509,0.252867,-0.20838,0.9972,0.637476,0.295396,-0.109399,0.9969,0.317093,0.297086,-0.151732,0.9947,0.655621,0.179953,-0.195705,0.9836,0.311371,0.171612,-0.255319,0.994,0.614951,0.052351,-0.239878,0.9604,0.401884,0.053472,-0.268044,0.9627,0.572371,0.027577,-0.273073,0.8964,0.449025,0.026211,-0.295468,0.934,0.560335,0.023574,-0.263925,0.882,0.460853,0.021963,-0.275472,0.9302,0.561884,0.03326,-0.241595,0.8921,0.449652,0.034593,-0.2657,0.9382,0.595586,0.540419,0.010603,0.9989,0.357046,0.541746,-0.009603,0.9982,0.60267,0.732515,0.006098,0.9625,0.344873,0.731066,-0.001863,0.9685,0.602524,0.898972,0.149368,0.9425,0.332951,0.899966,0.130803,0.926,0.578515,0.916364,0.156364,0.6448,0.346021,0.918258,0.135672,0.5371,0.620019,0.961075,0.038276,0.8847,0.321142,0.965091,0.017197,0.8411
tadasana_y107_0039,tadasana,arms down,Y107,train,unlabelled,,not stated by the host (web photographs); included for research and education,data/datasets/yoga107/tadasana/039.jpg,True,102,268,True,0.999,0.9036,179.017,179.415,173.883,176.093,15.552,18.016,178.162,175.968,166.387,169.716,179.017,179.415,173.883,176.093,166.387,169.716,175.968,178.162,18.399,19.879,178.162,179.017,173.883,18.399,2.527,-2.527,3.842,1.199,1.496,84.437,-0.999,-0.4441,0.14,0.6334,0.500685,0.110807,-0.230107,0.9998,0.519937,0.095929,-0.214217,0.9995,0.536318,0.096274,-0.213498,0.9995,0.552583,0.096901,-0.213626,0.9995,0.471054,0.094982,-0.215678,0.9993,0.449806,0.095325,-0.216446,0.9992,0.427468,0.096109,-0.215751,0.9991,0.568906,0.106423,-0.105367,0.9996,0.396818,0.108064,-0.126727,0.999,0.524838,0.131805,-0.190675,0.9999,0.461839,0.132197,-0.195711,0.9998,0.685946,0.224633,-0.03403,1.0,0.265812,0.221287,-0.072854,0.9997,0.755696,0.364247,0.002099,0.9787,0.211731,0.360319,-0.032145,0.9763,0.850109,0.482648,-0.080839,0.9816,0.139857,0.485482,-0.095147,0.965,0.888261,0.524383,-0.100819,0.9645,0.108761,0.530767,-0.11358,0.9382,0.870077,0.527002,-0.138344,0.9674,0.135819,0.532365,-0.140108,0.9427,0.846467,0.515281,-0.095104,0.9623,0.159114,0.519547,-0.107372,0.9359,0.631092,0.47398,0.009789,0.9996,0.37916,0.476483,-0.008506,0.999,0.601503,0.69262,-0.029242,0.9582,0.433491,0.6888,-0.033236,0.9355,0.583707,0.889943,0.074996,0.9439,0.490894,0.891642,0.074633,0.9036,0.568665,0.909127,0.076084,0.5391,0.486853,0.908619,0.07694,0.4302,0.618079,0.95528,-0.04812,0.9172,0.525411,0.949676,-0.051257,0.8913
tadasana_y107_0040,tadasana,arms down,Y107,holdout,unlabelled,,not stated by the host (web photographs); included for research and education,data/datasets/yoga107/tadasana/040.jpg,True,330,399,True,0.9991,0.9644,173.375,172.632,167.778,164.389,13.521,13.975,172.881,172.642,168.408,167.907,172.632,173.375,164.389,167.778,167.907,168.408,172.642,172.881,19.369,21.416,172.881,173.375,167.778,19.369,0.82,-0.82,0.403,0.185,0.677,88.035,-0.9999,-0.4469,0.1384,0.6889,0.487296,0.085342,-0.31964,0.9999,0.499371,0.070409,-0.30294,0.9997,0.507549,0.070304,-0.302349,0.9997,0.516727,0.070418,-0.302476,0.9997,0.473305,0.070428,-0.30234,0.9997,0.463491,0.070593,-0.303175,0.9996,0.454247,0.071064,-0.302339,0.9996,0.52895,0.079055,-0.190898,0.9997,0.441356,0.080314,-0.198684,0.9996,0.504484,0.108678,-0.280502,0.9999,0.47028,0.111131,-0.281141,0.9999,0.602602,0.20812,-0.110744,0.9999,0.374318,0.207508,-0.122151,0.9998,0.620938,0.3589,-0.067421,0.9918,0.358978,0.363429,-0.061131,0.9708,0.672819,0.491229,-0.159967,0.986,0.299282,0.497169,-0.144986,0.9644,0.691121,0.534581,-0.181404,0.9697,0.275183,0.539889,-0.165906,0.9385,0.685454,0.535608,-0.221327,0.9726,0.277418,0.540268,-0.207051,0.9458,0.677292,0.52476,-0.174655,0.9674,0.287972,0.529214,-0.164233,0.9409,0.557502,0.481229,-0.000932,0.9994,0.428902,0.482486,0.002234,0.9991,0.554377,0.706085,-0.021957,0.9891,0.438425,0.712066,-0.012165,0.9825,0.523469,0.906087,0.121354,0.9844,0.478266,0.912556,0.123021,0.9753,0.519565,0.925339,0.124438,0.7388,0.48675,0.934762,0.126442,0.7558,0.511577,0.965692,-0.008528,0.9754,0.464837,0.970481,-0.004145,0.9696
tadasana_y107_0041,tadasana,arms down,Y107,train,unlabelled,,not stated by the host (web photographs); included for research and education,data/datasets/yoga107/tadasana/041.jpg,True,120,295,True,0.9996,0.9435,179.231,179.354,164.615,170.579,12.047,10.387,169.538,175.517,170.785,171.904,179.231,179.354,164.615,170.579,170.785,171.904,169.538,175.517,14.716,19.262,169.538,179.231,164.615,19.262,1.717,1.717,4.04,0.218,1.549,87.863,-0.9996,-0.477,0.3475,0.6787,0.474548,0.145139,-0.349774,0.9999,0.509499,0.1267,-0.336177,0.9997,0.529058,0.126496,-0.335428,0.9997,0.541234,0.126672,-0.335688,0.9997,0.449307,0.127219,-0.333421,0.9995,0.429216,0.127504,-0.334287,0.9994,0.413784,0.128283,-0.333214,0.9993,0.571341,0.136374,-0.229018,0.9998,0.39926,0.138893,-0.226133,0.9992,0.511731,0.168067,-0.311318,0.9999,0.438067,0.167145,-0.309241,0.9998,0.707675,0.264688,-0.144538,1.0,0.28833,0.265337,-0.158455,0.9996,0.720001,0.408278,-0.094684,0.9888,0.264792,0.41078,-0.093851,0.9478,0.813264,0.529448,-0.173269,0.9852,0.195254,0.531504,-0.159223,0.9435,0.851841,0.562062,-0.191921,0.9703,0.15226,0.566096,-0.174834,0.9166,0.845706,0.563846,-0.229468,0.9735,0.166476,0.567736,-0.213293,0.9245,0.829385,0.553921,-0.186713,0.9707,0.188084,0.556382,-0.176716,0.9171,0.59869,0.514907,0.001882,0.9999,0.360287,0.517529,-0.000697,0.9996,0.602181,0.711228,0.01593,0.996,0.377951,0.710077,0.02328,0.9954,0.609047,0.846403,0.284255,0.9918,0.395149,0.854005,0.284978,0.9856,0.58643,0.853981,0.30171,0.8627,0.405906,0.86122,0.304383,0.7992,0.607476,0.921112,0.197553,0.9864,0.39489,0.926976,0.202745,0.9816
tadasana_y107_0042,tadasana,arms down,Y107,train,unlabelled,,not stated by the host (web photographs); included for research and education,data/datasets/yoga107/tadasana/042.jpg,True,122,456,True,0.9956,0.0409,179.314,179.648,172.703,164.421,1.154,2.502,174.577,171.004,173.267,170.878,179.314,179.648,164.421,172.703,170.878,173.267,171.004,174.577,4.396,4.853,171.004,179.648,164.421,4.853,3.304,-3.304,17.644,6.028,0.73,85.274,-0.9983,-0.309,0.0072,0.001,0.780075,0.137527,-0.092701,0.9935,0.747919,0.119814,-0.081,0.9898,0.741848,0.119364,-0.080455,0.9874,0.735259,0.118945,-0.080553,0.9903,0.739109,0.11959,-0.110793,0.9915,0.727187,0.118973,-0.111462,0.991,0.714207,0.118431,-0.111027,0.9933,0.645677,0.122932,-0.012116,0.9737,0.626804,0.123748,-0.156148,0.9933,0.759659,0.153981,-0.065299,0.9947,0.749252,0.153666,-0.105056,0.9965,0.544287,0.220096,0.099928,0.998,0.543316,0.220068,-0.230223,0.9997,0.579413,0.374151,0.092371,0.0409,0.561054,0.373853,-0.25349,0.9568,0.665762,0.495395,0.021263,0.0715,0.714495,0.505279,-0.205923,0.8649,0.686256,0.530295,0.014326,0.0809,0.717641,0.544773,-0.234338,0.8043,0.719823,0.532941,-0.004019,0.0835,0.773203,0.545292,-0.230142,0.7876,0.717448,0.517826,0.009096,0.0808,0.779963,0.532444,-0.204446,0.7286,0.584984,0.486888,0.105496,0.9956,0.617734,0.486776,-0.10404,0.9964,0.544894,0.68581,0.158238,0.2515,0.556421,0.685182,-0.030692,0.7971,0.498869,0.872571,0.240038,0.4856,0.502367,0.874244,0.061561,0.8593,0.435247,0.903781,0.238122,0.5761,0.430367,0.90638,0.063334,0.801,0.811101,0.898302,0.186434,0.6546,0.821413,0.900042,-0.018412,0.8587
tadasana_y107_0043,tadasana,arms down,Y107,train,unlabelled,,not stated by the host (web photographs); included for research and education,data/datasets/yoga107/tadasana/043.jpg,True,353,825,True,0.9945,0.105,176.216,175.224,50.553,54.714,15.669,15.509,179.238,177.18,126.355,119.12,175.224,176.216,50.553,54.714,119.12,126.355,177.18,179.238,54.402,59.904,177.18,175.224,54.714,59.904,0.109,-0.109,7.873,71.294,46.827,88.155,-1.0,-0.4117,0.0581,0.0253,0.635937,0.086138,-0.088336,0.9996,0.600178,0.067031,-0.080149,0.9994,0.596773,0.066582,-0.079994,0.9993,0.592783,0.066342,-0.079852,0.9993,0.593595,0.067842,-0.109935,0.9994,0.585463,0.068033,-0.110784,0.9994,0.575241,0.068432,-0.110316,0.9994,0.528815,0.078594,-0.004274,0.9995,0.512951,0.080894,-0.151804,0.9998,0.63142,0.107204,-0.058792,0.9998,0.62073,0.107727,-0.100321,0.9998,0.483564,0.202016,0.114915,0.9996,0.47807,0.208959,-0.19471,0.9998,0.581492,0.359356,0.024518,0.105,0.589422,0.369967,-0.115462,0.9566,0.720241,0.276556,-0.190912,0.264,0.761484,0.276511,0.064266,0.8997,0.745687,0.244424,-0.224694,0.2818,0.802541,0.247083,0.063965,0.8448,0.732841,0.23432,-0.212675,0.2873,0.772839,0.234105,0.047248,0.8249,0.718378,0.245331,-0.196599,0.2759,0.751852,0.241457,0.061769,0.7752,0.47461,0.491951,0.101481,0.9971,0.489607,0.49879,-0.100082,0.9945,0.46102,0.711211,0.152601,0.3333,0.473332,0.715016,-0.03566,0.9009,0.416155,0.918021,0.19592,0.5702,0.413707,0.934823,0.033157,0.9101,0.382278,0.951225,0.190473,0.6248,0.378411,0.959661,0.033848,0.844,0.628944,0.951541,0.149117,0.7341,0.64061,0.964628,-0.043068,0.9048
tadasana_y107_0044,tadasana,arms down,Y107,holdout,unlabelled,,not stated by the host (web photographs); included for research and education,data/datasets/yoga107/tadasana/044.jpg,True,176,808,True,0.9815,0.1228,174.83,176.254,174.935,171.713,164.804,166.687,171.818,172.365,5.993,3.279,174.83,176.254,171.713,174.935,3.279,5.993,171.818,172.365,167.242,170.987,172.365,176.254,171.713,170.987,6.242,-6.242,6.485,55.773,6.378,88.1,-0.9941,-0.2604,0.0772,0.0389,0.614361,0.281275,-0.04423,0.9926,0.546169,0.271287,-0.032104,0.9936,0.537029,0.271599,-0.031469,0.9905,0.52655,0.271957,-0.031461,0.994,0.536787,0.272324,-0.065501,0.9939,0.5226,0.273197,-0.066093,0.992,0.507129,0.27403,-0.066227,0.9937,0.442031,0.287185,0.032259,0.9931,0.433596,0.288443,-0.130991,0.9931,0.61121,0.296026,-0.018259,0.9932,0.598631,0.296722,-0.064022,0.9914,0.424736,0.347307,0.106735,0.9815,0.448729,0.339625,-0.21093,0.9883,0.504777,0.229678,0.167599,0.1228,0.519692,0.223436,-0.323914,0.9818,0.534533,0.119487,0.048095,0.3602,0.512513,0.097099,-0.323809,0.9505,0.54113,0.086051,0.024534,0.4171,0.512163,0.066453,-0.353211,0.9403,0.526413,0.079669,0.002696,0.4152,0.49285,0.061815,-0.339523,0.9334,0.524519,0.088654,0.030224,0.4353,0.498501,0.074446,-0.317902,0.9408,0.551994,0.580969,0.107517,0.9962,0.559909,0.580776,-0.105964,0.9916,0.53306,0.747735,0.136677,0.1758,0.533201,0.756151,-0.083075,0.7917,0.453066,0.898644,0.1974,0.2135,0.460189,0.917006,-0.038486,0.7452,0.387965,0.913762,0.197523,0.3985,0.38823,0.932186,-0.038211,0.8646,0.595294,0.952411,0.150006,0.2664,0.598859,0.97257,-0.113242,0.6573
tadasana_y107_0046,tadasana,arms down,Y107,train,unlabelled,,not stated by the host (web photographs); included for research and education,data/datasets/yoga107/tadasana/046.jpg,True,190,549,True,0.9983,0.9173,177.306,177.11,177.92,177.411,12.75,15.035,175.909,177.46,174.971,173.566,177.11,177.306,177.411,177.92,173.566,174.971,175.909,177.46,13.696,13.797,175.909,177.306,177.92,13.696,0.667,0.667,3.612,1.488,2.53,85.178,-0.9999,-0.4416,0.1987,0.6644,0.482652,0.091156,-0.262773,0.9997,0.519694,0.072564,-0.246701,0.9992,0.538518,0.072719,-0.246029,0.9992,0.559502,0.07316,-0.246486,0.9992,0.452648,0.07431,-0.245239,0.999,0.430243,0.075451,-0.246004,0.9989,0.410404,0.076247,-0.245381,0.9987,0.597033,0.083364,-0.138818,0.9994,0.38594,0.087554,-0.142253,0.9989,0.529187,0.112015,-0.225354,0.9998,0.443741,0.112323,-0.225116,0.9997,0.769633,0.208279,-0.063472,0.9999,0.250557,0.212945,-0.080716,0.9994,0.801624,0.363359,-0.031549,0.9822,0.194107,0.35797,-0.036106,0.9635,0.841862,0.492315,-0.130231,0.9661,0.159765,0.491574,-0.121771,0.9173,0.842782,0.530733,-0.156111,0.9378,0.142584,0.529973,-0.14186,0.867,0.818368,0.531073,-0.190575,0.9431,0.167789,0.530442,-0.178675,0.8788,0.807117,0.517108,-0.143122,0.9329,0.181979,0.517396,-0.138518,0.8677,0.650489,0.478789,0.005972,0.9996,0.351517,0.483361,-0.004877,0.9983,0.599363,0.699856,-0.025182,0.9753,0.404823,0.702037,-0.015129,0.9599,0.579891,0.904905,0.13297,0.9757,0.424964,0.908688,0.129008,0.9452,0.57073,0.925682,0.136723,0.7126,0.429341,0.929737,0.133429,0.5747,0.578778,0.966029,-0.003336,0.9628,0.463662,0.964004,-0.009964,0.9391
tadasana_y107_0047,tadasana,arms down,Y107,train,unlabelled,,not stated by the host (web photographs); included for research and education,data/datasets/yoga107/tadasana/047.jpg,True,204,437,True,0.9993,0.916,178.884,178.669,174.989,176.755,15.582,17.954,178.158,176.87,169.848,167.236,178.669,178.884,174.989,176.755,167.236,169.848,176.87,178.158,17.899,19.493,178.158,178.884,174.989,17.899,0.581,0.581,2.997,1.606,0.034,84.095,-0.9999,-0.4719,0.1602,0.6354,0.480137,0.110433,-0.226507,0.9997,0.503941,0.097855,-0.210244,0.9993,0.518139,0.098,-0.209608,0.9994,0.529431,0.09817,-0.209834,0.9994,0.458808,0.098381,-0.207303,0.999,0.44504,0.098989,-0.207891,0.9989,0.433569,0.100049,-0.207148,0.9987,0.554987,0.107478,-0.11051,0.9996,0.421365,0.112184,-0.107123,0.9987,0.513674,0.131812,-0.192326,0.9999,0.455065,0.13366,-0.190155,0.9998,0.67216,0.22823,-0.052151,1.0,0.326,0.23276,-0.046872,0.9996,0.711616,0.362083,-0.022345,0.9853,0.270593,0.363091,0.011571,0.94,0.766963,0.475383,-0.112201,0.9789,0.206428,0.479164,-0.057206,0.916,0.791101,0.511119,-0.13526,0.9596,0.178964,0.514242,-0.071091,0.875,0.785113,0.516791,-0.169163,0.9634,0.188347,0.51769,-0.112095,0.8868,0.768542,0.504055,-0.125169,0.9559,0.203969,0.504934,-0.07537,0.8786,0.59737,0.484869,0.002211,0.9998,0.389736,0.484926,-0.001083,0.9993,0.550757,0.695251,-0.023239,0.9872,0.417718,0.692614,-0.012167,0.9806,0.519916,0.867079,0.139474,0.9877,0.432682,0.86903,0.147258,0.9705,0.503589,0.885055,0.144076,0.7563,0.440047,0.884846,0.153425,0.6363,0.524048,0.939898,0.012734,0.9791,0.452892,0.93758,0.022905,0.9667
tadasana_y107_0048,tadasana,arms down,Y107,holdout,unlabelled,,not stated by the host (web photographs); included for research and education,data/datasets/yoga107/tadasana/048.jpg,True,354,1024,True,0.9863,0.8291,175.224,179.563,125.49,128.883,167.577,172.995,178.189,177.403,8.19,11.028,175.224,179.563,125.49,128.883,8.19,11.028,177.403,178.189,162.387,166.715,177.403,179.563,128.883,162.387,0.697,-0.697,1.668,3.162,1.855,86.011,-0.9999,-0.2853,0.2201,0.5478,0.503394,0.266575,-0.15451,0.9997,0.532812,0.248122,-0.132371,0.9996,0.553535,0.247432,-0.131808,0.9994,0.572489,0.247156,-0.13171,0.9995,0.460753,0.250729,-0.134721,0.9996,0.436325,0.251868,-0.135381,0.9994,0.415679,0.253085,-0.135186,0.9996,0.602007,0.255403,-0.019241,0.9995,0.394539,0.259733,-0.039079,0.9997,0.540344,0.286676,-0.113791,0.9989,0.470337,0.290081,-0.120436,0.999,0.661135,0.323356,0.003247,0.9978,0.328646,0.329705,-0.036818,0.996,0.763263,0.211509,-0.055184,0.9943,0.247336,0.213429,-0.121526,0.9982,0.579458,0.127161,-0.070681,0.9768,0.444127,0.124855,-0.111279,0.9824,0.541117,0.096988,-0.101323,0.9126,0.490242,0.096941,-0.13812,0.9249,0.528647,0.09987,-0.087997,0.8999,0.49208,0.100431,-0.119008,0.9125,0.532939,0.114556,-0.069025,0.8992,0.48603,0.114935,-0.10958,0.9121,0.606415,0.535494,0.014474,0.9889,0.398149,0.537826,-0.013621,0.9863,0.579409,0.698162,-0.005074,0.9214,0.431588,0.703603,-0.023283,0.9216,0.59005,0.839441,0.117739,0.8291,0.456475,0.84219,0.06475,0.8627,0.572235,0.841852,0.121081,0.5736,0.457561,0.844069,0.065997,0.5686,0.623303,0.892133,-0.013154,0.7885,0.49471,0.90532,-0.070451,0.7976
tadasana_y107_0049,tadasana,arms down,Y107,train,unlabelled,,not stated by the host (web photographs); included for research and education,data/datasets/yoga107/tadasana/049.jpg,True,207,263,True,0.9326,0.0133,170.919,171.147,167.874,169.354,23.365,9.734,172.911,178.567,152.444,179.103,170.919,171.147,167.874,169.354,152.444,179.103,172.911,178.567,14.788,29.387,172.911,170.919,167.874,29.387,6.437,-6.437,11.554,1.251,7.161,74.676,-0.9937,-0.5767,0.4194,0.7403,0.41756,0.086181,-0.253331,0.8517,0.445896,0.088589,-0.254915,0.77,0.457316,0.096408,-0.25421,0.8203,0.46837,0.10251,-0.255007,0.8469,0.414913,0.082001,-0.243731,0.689,0.405772,0.083429,-0.245014,0.6782,0.396473,0.084948,-0.244988,0.6729,0.481146,0.139238,-0.216815,0.9019,0.376325,0.122889,-0.177656,0.7305,0.431056,0.119963,-0.238435,0.9758,0.387516,0.114751,-0.225561,0.9564,0.593696,0.31721,-0.153882,0.9991,0.222148,0.310822,-0.132926,0.9952,0.700137,0.529505,-0.120521,0.9931,0.239703,0.500902,-0.026929,0.8747,0.858663,0.716865,-0.187583,0.9776,0.21496,0.672137,-0.034129,0.9355,0.915752,0.76598,-0.20539,0.9125,0.190474,0.720892,-0.033128,0.9209,0.902741,0.769548,-0.23933,0.9203,0.195065,0.720304,-0.068354,0.9353,0.880211,0.757364,-0.198115,0.9527,0.208051,0.707054,-0.046858,0.9326,0.578344,0.695332,0.003599,0.9666,0.350061,0.717906,-0.002083,0.9326,0.611117,0.97559,-0.059387,0.1953,0.448293,1.000053,-0.060235,0.1333,0.685101,1.203375,0.205765,0.014,0.485033,1.25498,0.162899,0.0133,0.691302,1.223303,0.22715,0.0152,0.493472,1.27261,0.182929,0.0136,0.712227,1.301779,0.1541,0.0137,0.52185,1.348244,0.099892,0.0081
tadasana_y107_0050,tadasana,arms down,Y107,train,unlabelled,,not stated by the host (web photographs); included for research and education,data/datasets/yoga107/tadasana/050.jpg,True,136,567,True,0.9232,0.0966,157.502,141.872,108.435,120.985,171.36,170.032,10.361,12.645,34.785,12.406,141.872,157.502,108.435,120.985,12.406,34.785,10.361,12.645,129.357,158.366,12.645,141.872,120.985,158.366,3.197,-3.197,9.88,3.101,1.019,68.126,-0.9984,-0.3556,0.4599,0.9976,0.507691,0.270515,-0.270554,0.9978,0.455534,0.275604,-0.299512,0.9972,0.440771,0.275156,-0.298868,0.9976,0.423092,0.274524,-0.298967,0.9972,0.534171,0.271184,-0.300242,0.9975,0.549626,0.271282,-0.301693,0.9974,0.56504,0.271379,-0.300548,0.9967,0.395813,0.280789,-0.305465,0.9932,0.592706,0.283032,-0.329545,0.995,0.474504,0.276073,-0.260254,0.997,0.527323,0.276124,-0.265653,0.9969,0.267702,0.309983,-0.238826,0.9889,0.69611,0.304415,-0.272643,0.9931,0.250666,0.277716,-0.286385,0.5516,0.737708,0.275758,-0.309517,0.31,0.416452,0.258619,-0.401651,0.2916,0.645501,0.249229,-0.364565,0.3529,0.433065,0.2552,-0.429648,0.3527,0.661231,0.24353,-0.3992,0.3778,0.486236,0.260507,-0.455581,0.3567,0.587727,0.248021,-0.420831,0.3845,0.484499,0.263646,-0.410373,0.3759,0.571823,0.252216,-0.377871,0.4328,0.386986,0.410706,0.013795,0.9352,0.624796,0.409692,-0.012785,0.9232,0.348933,0.315847,0.023463,0.0966,0.778912,0.317615,-0.036177,0.2719,0.464509,0.225183,0.145308,0.248,0.661585,0.221091,0.124308,0.4227,0.488268,0.222601,0.152995,0.2326,0.617546,0.210735,0.140988,0.4639,0.4688,0.173381,0.100716,0.1819,0.652923,0.180239,0.088562,0.4725
tadasana_y107_0051,tadasana,arms down,Y107,train,unlabelled,,not stated by the host (web photographs); included for research and education,data/datasets/yoga107/tadasana/051.jpg,True,277,536,True,0.9882,0.9396,177.301,176.456,157.156,157.917,178.073,177.999,175.983,176.014,7.705,4.628,176.456,177.301,157.156,157.917,4.628,7.705,175.983,176.014,166.515,171.005,175.983,177.301,157.917,171.005,0.743,0.743,5.664,2.665,1.993,88.237,-0.9999,-0.2118,0.2081,0.5027,0.509392,0.254939,-0.285131,0.9979,0.525422,0.240104,-0.266807,0.9977,0.53433,0.239468,-0.266115,0.9976,0.54302,0.238926,-0.266087,0.9974,0.497219,0.242053,-0.267554,0.9979,0.48753,0.242312,-0.268345,0.9975,0.47575,0.242757,-0.268035,0.9976,0.565376,0.247583,-0.165223,0.9963,0.464613,0.25121,-0.180316,0.9965,0.531932,0.271918,-0.248476,0.9942,0.495457,0.271731,-0.253332,0.9933,0.646655,0.305151,-0.158892,0.9941,0.402888,0.311015,-0.185452,0.9882,0.662086,0.18677,-0.242054,0.9889,0.376987,0.191065,-0.276866,0.9934,0.585594,0.071899,-0.275107,0.9588,0.439725,0.075843,-0.287895,0.9765,0.546988,0.053049,-0.305563,0.8852,0.473804,0.053122,-0.316685,0.9342,0.536615,0.052839,-0.296658,0.873,0.479446,0.051133,-0.297862,0.9249,0.542229,0.059454,-0.27623,0.8829,0.476128,0.057891,-0.286539,0.9225,0.597219,0.557525,0.000664,0.9973,0.439731,0.560357,0.000402,0.9949,0.587242,0.725017,0.018317,0.9629,0.441864,0.726248,0.039031,0.9586,0.563471,0.882425,0.185256,0.9612,0.462454,0.881364,0.197862,0.9396,0.553974,0.890427,0.195094,0.7744,0.459261,0.89088,0.206993,0.6816,0.566482,0.930063,0.080727,0.932,0.487665,0.929205,0.099651,0.9027
tadasana_y107_0052,tadasana,arms down,Y107,holdout,unlabelled,,not stated by the host (web photographs); included for research and education,data/datasets/yoga107/tadasana/052.jpg,True,364,449,True,0.9953,0.9496,177.828,176.599,166.136,162.653,175.526,179.099,177.592,176.845,6.726,2.699,176.599,177.828,162.653,166.136,2.699,6.726,176.845,177.592,168.901,172.507,177.592,177.828,162.653,172.507,0.191,-0.191,2.519,1.951,1.371,83.219,-1.0,-0.2346,0.1197,0.5109,0.505594,0.229875,-0.309293,0.9994,0.515598,0.215665,-0.289223,0.9995,0.521077,0.215538,-0.288387,0.9994,0.527096,0.215318,-0.288241,0.9994,0.494761,0.217162,-0.288966,0.9995,0.486628,0.217806,-0.289586,0.9994,0.478279,0.218323,-0.28948,0.9994,0.534091,0.223816,-0.179653,0.9993,0.469254,0.226582,-0.190285,0.9991,0.518644,0.247437,-0.270319,0.9986,0.491539,0.247629,-0.274104,0.9982,0.582961,0.285555,-0.171658,0.9984,0.427682,0.289843,-0.180641,0.9953,0.582695,0.162416,-0.268596,0.99,0.412438,0.165907,-0.287757,0.992,0.549126,0.052972,-0.308637,0.963,0.441541,0.051496,-0.340904,0.9792,0.524866,0.036209,-0.342689,0.8922,0.466275,0.033974,-0.375076,0.9453,0.517015,0.035265,-0.330622,0.8809,0.472786,0.031195,-0.358097,0.9367,0.518347,0.040995,-0.309222,0.8773,0.465985,0.038099,-0.34167,0.9332,0.559599,0.533182,-0.004618,0.9984,0.453068,0.535249,0.005763,0.9956,0.531842,0.722412,-0.000999,0.9741,0.459834,0.726985,0.022049,0.9712,0.514585,0.895937,0.149388,0.9745,0.4782,0.895808,0.16983,0.9496,0.508356,0.913116,0.155479,0.7579,0.478799,0.910908,0.175703,0.6284,0.520533,0.949574,0.029802,0.9533,0.478924,0.947956,0.058244,0.9214
tadasana_y107_0053,tadasana,arms down,Y107,train,unlabelled,,not stated by the host (web photographs); included for research and education,data/datasets/yoga107/tadasana/053.jpg,True,129,281,True,0.9687,0.1589,170.751,178.807,152.89,157.134,179.787,179.743,176.495,171.603,5.402,2.154,170.751,178.807,152.89,157.134,2.154,5.402,171.603,176.495,165.696,168.185,171.603,178.807,157.134,168.185,0.203,-0.203,1.062,5.635,4.54,84.603,-1.0,-0.2575,0.316,0.7311,0.505117,0.313884,-0.343206,0.9994,0.535632,0.291532,-0.329218,0.9995,0.554424,0.290575,-0.328045,0.999,0.573647,0.289585,-0.328558,0.9993,0.475677,0.29364,-0.323693,0.9994,0.456914,0.293894,-0.32439,0.9989,0.44052,0.294242,-0.324215,0.9994,0.603039,0.294723,-0.228239,0.9989,0.415623,0.29969,-0.217907,0.9995,0.538921,0.33584,-0.306382,0.9967,0.476999,0.337207,-0.304857,0.997,0.692657,0.364137,-0.218958,0.9884,0.333225,0.380417,-0.189204,0.9803,0.738542,0.232846,-0.365685,0.9886,0.277697,0.226505,-0.285039,0.994,0.635662,0.087448,-0.400935,0.8869,0.358537,0.071477,-0.305598,0.922,0.579279,0.060933,-0.43048,0.7753,0.405605,0.05701,-0.335473,0.742,0.556585,0.060264,-0.421149,0.7564,0.427204,0.057423,-0.302378,0.6959,0.555301,0.06839,-0.401013,0.7885,0.417689,0.064561,-0.30088,0.7104,0.613734,0.595452,-0.006196,0.981,0.415643,0.602674,0.007265,0.9687,0.572201,0.797276,-0.072493,0.4198,0.424596,0.788891,-0.06306,0.5007,0.596073,0.960032,0.05658,0.1589,0.441539,0.970127,0.021258,0.2237,0.591452,0.981232,0.061991,0.1198,0.455447,0.991778,0.021962,0.1307,0.630534,1.014179,-0.060953,0.1425,0.444592,1.034764,-0.124843,0.2063
tadasana_y107_0054,tadasana,arms down,Y107,train,unlabelled,,not stated by the host (web photographs); included for research and education,data/datasets/yoga107/tadasana/054.jpg,True,578,1024,True,0.9804,0.8981,177.281,175.76,161.129,163.485,178.24,178.086,176.93,178.911,2.783,6.09,175.76,177.281,161.129,163.485,2.783,6.09,176.93,178.911,169.235,174.039,176.93,177.281,161.129,169.235,4.066,4.066,2.591,1.908,1.928,85.087,-0.9975,-0.3221,0.2496,0.4926,0.524146,0.224068,-0.213301,0.999,0.541445,0.212123,-0.191339,0.9989,0.550604,0.213081,-0.190691,0.9986,0.559514,0.214111,-0.190608,0.9989,0.508348,0.211319,-0.191759,0.9984,0.494916,0.211741,-0.192459,0.9978,0.483037,0.212397,-0.192237,0.9983,0.572332,0.226153,-0.083442,0.9984,0.470527,0.224554,-0.096505,0.9977,0.544007,0.244389,-0.17628,0.9974,0.502237,0.243673,-0.180497,0.9961,0.628924,0.308278,-0.089135,0.9969,0.406559,0.304097,-0.089442,0.9804,0.652826,0.18453,-0.16677,0.9796,0.399725,0.180351,-0.161744,0.9774,0.608715,0.073579,-0.197774,0.9187,0.450589,0.071141,-0.186191,0.8981,0.57402,0.057964,-0.231082,0.8117,0.478599,0.055975,-0.217329,0.7871,0.560477,0.056977,-0.223471,0.7936,0.487812,0.056335,-0.20061,0.7683,0.565295,0.061592,-0.199074,0.8094,0.483269,0.060763,-0.186544,0.7839,0.565896,0.561989,-0.000792,0.9989,0.405545,0.558943,0.001856,0.9954,0.536338,0.756101,0.005981,0.9859,0.398091,0.75681,0.012722,0.9807,0.525371,0.917681,0.181828,0.9821,0.412806,0.914145,0.183696,0.9597,0.517406,0.930951,0.19197,0.6801,0.421218,0.926899,0.192809,0.6431,0.494453,0.980941,0.063496,0.9579,0.429417,0.978096,0.078398,0.9276
tadasana_y107_0055,tadasana,arms down,Y107,train,unlabelled,,not stated by the host (web photographs); included for research and education,data/datasets/yoga107/tadasana/055.jpg,True,157,301,True,0.9994,0.9456,177.753,179.478,168.623,164.378,21.558,23.87,176.241,175.997,160.315,158.753,177.753,179.478,164.378,168.623,158.753,160.315,175.997,176.241,26.889,31.471,176.241,177.753,168.623,26.889,1.277,-1.277,4.435,5.319,0.736,83.779,-0.9998,-0.5206,0.1766,0.7147,0.496905,0.090482,-0.348057,0.9998,0.518337,0.075306,-0.33677,0.9991,0.532961,0.074864,-0.335805,0.9993,0.54347,0.074554,-0.336127,0.9993,0.472941,0.077579,-0.335117,0.9986,0.458008,0.07913,-0.336067,0.9983,0.448008,0.080675,-0.335033,0.998,0.566339,0.085272,-0.235654,0.9996,0.438203,0.094779,-0.240542,0.9982,0.528519,0.111334,-0.310516,0.9999,0.471648,0.112933,-0.311607,0.9999,0.697862,0.212347,-0.185744,1.0,0.356768,0.22891,-0.188589,0.9998,0.769844,0.359076,-0.173421,0.9941,0.291227,0.369714,-0.150873,0.9778,0.881072,0.479464,-0.219149,0.9874,0.162496,0.489517,-0.18832,0.9574,0.925108,0.517755,-0.239263,0.977,0.117354,0.524747,-0.197544,0.9347,0.912271,0.522085,-0.275713,0.9786,0.123654,0.524906,-0.228673,0.9411,0.894548,0.512218,-0.23197,0.9782,0.146859,0.513452,-0.202756,0.9448,0.63544,0.469911,-0.001447,0.9996,0.440549,0.471217,0.002612,0.9994,0.611229,0.679689,-0.025739,0.9723,0.484049,0.67937,-0.003206,0.9586,0.603395,0.875066,0.087223,0.9686,0.520024,0.867401,0.123519,0.9456,0.602999,0.894645,0.087905,0.5036,0.531477,0.884502,0.126907,0.5389,0.585394,0.947813,-0.039342,0.9333,0.508724,0.943322,0.000776,0.935
tadasana_y107_0057,tadasana,arms up,Y107,train,unlabelled,,not stated by the host (web photographs); included for research and education,data/datasets/yoga107/urdhva_hastasana/001.jpg,True,134,573,True,0.9797,0.3026,175.862,177.9,154.721,155.837,168.163,168.518,168.116,171.665,5.254,4.078,175.862,177.9,154.721,155.837,4.078,5.254,168.116,171.665,179.385,179.768,168.116,175.862,154.721,179.768,4.86,4.86,20.492,53.568,7.534,83.138,-0.9964,-0.3273,0.0448,0.0419,0.450837,0.225295,-0.041262,0.9992,0.517897,0.224899,-0.057463,0.9993,0.523499,0.226902,-0.057013,0.9993,0.528841,0.229002,-0.057132,0.9992,0.514984,0.22434,-0.025622,0.9991,0.519521,0.225843,-0.026497,0.999,0.52452,0.227332,-0.026068,0.9991,0.547088,0.254453,-0.104248,0.9986,0.552339,0.25277,0.033113,0.9992,0.425016,0.241428,-0.057439,0.9974,0.423274,0.23907,-0.017252,0.9978,0.413764,0.309067,-0.179313,0.9938,0.442505,0.318173,0.095291,0.9883,0.349102,0.182536,-0.263943,0.9978,0.378097,0.191641,0.138126,0.4376,0.507015,0.071935,-0.294912,0.9855,0.511467,0.091962,0.061617,0.5803,0.585925,0.046668,-0.330965,0.9717,0.596454,0.064693,0.060452,0.5879,0.638972,0.052544,-0.318059,0.967,0.639415,0.068324,0.048049,0.5857,0.624935,0.063332,-0.29021,0.9581,0.618559,0.081781,0.051423,0.611,0.311242,0.58191,-0.098223,0.9797,0.349505,0.583094,0.099584,0.9818,0.406111,0.766277,-0.060236,0.9767,0.397808,0.760546,0.121551,0.3026,0.442222,0.943809,-0.017589,0.9354,0.417685,0.933171,0.17157,0.3293,0.507161,0.972403,-0.019449,0.9427,0.474578,0.962567,0.170552,0.5733,0.075185,0.969615,-0.109848,0.9037,0.094645,0.960642,0.099973,0.4392
tadasana_y107_0059,tadasana,arms up,Y107,train,unlabelled,,not stated by the host (web photographs); included for research and education,data/datasets/yoga107/urdhva_hastasana/003.jpg,True,112,419,True,0.9939,0.9235,179.087,179.612,179.461,166.631,164.666,172.888,171.686,172.695,10.246,10.985,179.087,179.612,166.631,179.461,10.246,10.985,171.686,172.695,164.42,166.606,171.686,179.087,166.631,166.606,1.423,1.423,1.984,1.062,5.883,80.286,-0.9997,-0.3153,0.1282,0.4432,0.466409,0.219227,-0.030007,0.9984,0.494708,0.208642,-0.015824,0.9985,0.511532,0.209247,-0.015344,0.9983,0.528038,0.210083,-0.015119,0.998,0.446066,0.209431,-0.006399,0.9983,0.431868,0.210089,-0.007136,0.9977,0.419097,0.210726,-0.006638,0.9987,0.538601,0.225409,0.044433,0.9967,0.384192,0.226306,0.07752,0.9988,0.49648,0.234445,-0.009898,0.9971,0.440983,0.234856,-0.001251,0.9977,0.676331,0.298902,0.005141,0.9972,0.251894,0.301005,0.089219,0.9985,0.590417,0.168657,-0.048836,0.9865,0.291898,0.171017,0.070617,0.9569,0.514379,0.059405,-0.034906,0.9235,0.426144,0.061042,0.076484,0.9501,0.495096,0.037288,-0.060022,0.864,0.451383,0.038023,0.052782,0.8965,0.488223,0.043192,-0.055697,0.8498,0.442725,0.037261,0.064689,0.8896,0.490746,0.04845,-0.034663,0.8653,0.43539,0.047898,0.075036,0.8948,0.587986,0.551841,-0.036519,0.9939,0.292664,0.559976,0.037677,0.9955,0.626579,0.750009,-0.039166,0.9837,0.414372,0.750016,0.04436,0.9388,0.64963,0.920744,0.06357,0.9658,0.526981,0.918963,0.130208,0.9373,0.670929,0.942606,0.068152,0.6208,0.565271,0.941279,0.133424,0.7827,0.541454,0.972178,-0.059448,0.931,0.392476,0.973303,0.035631,0.9296
tadasana_y107_0060,tadasana,arms up,Y107,holdout,unlabelled,,not stated by the host (web photographs); included for research and education,data/datasets/yoga107/urdhva_hastasana/004.jpg,True,243,302,True,0.9725,0.0254,170.896,171.364,157.091,162.771,164.313,169.645,114.412,112.849,82.379,77.564,170.896,171.364,157.091,162.771,77.564,82.379,112.849,114.412,152.552,160.936,114.412,170.896,157.091,152.552,56.592,56.592,66.529,83.034,6.321,79.343,-0.5506,0.0193,0.1053,0.14,0.563716,0.126444,-0.069229,0.9943,0.550204,0.15726,-0.077765,0.9957,0.544544,0.159588,-0.077206,0.9958,0.538725,0.161668,-0.077484,0.9956,0.554478,0.156104,-0.051823,0.9956,0.552222,0.157604,-0.052989,0.9954,0.549412,0.159368,-0.05249,0.9951,0.495206,0.16128,-0.080011,0.9956,0.508085,0.167349,0.025466,0.995,0.535995,0.111417,-0.074521,0.9927,0.541256,0.112207,-0.041352,0.9923,0.415692,0.100549,-0.157992,0.9986,0.421844,0.141067,0.094678,0.9913,0.633197,0.038979,-0.262655,0.9949,0.623035,0.078455,0.107644,0.0254,0.875824,0.051012,-0.291625,0.9768,0.842953,0.066343,0.064427,0.0879,0.923869,0.07099,-0.327404,0.9553,0.905019,0.091868,0.049193,0.129,0.926107,0.084936,-0.309616,0.9443,0.912697,0.101592,0.053287,0.1304,0.906519,0.076219,-0.282994,0.9255,0.892789,0.095624,0.059472,0.1389,0.098498,0.279717,-0.091332,0.9944,0.134201,0.282899,0.093007,0.9725,0.175384,0.608495,-0.122785,0.9531,0.193199,0.594915,0.094347,0.1213,0.310526,0.91118,-0.165762,0.935,0.303843,0.88097,0.143395,0.2087,0.355641,0.948984,-0.168707,0.9114,0.359511,0.924077,0.144336,0.4658,0.204785,0.973225,-0.263804,0.8076,0.220678,0.952039,0.069629,0.2985
tadasana_y107_0061,tadasana,arms up,Y107,train,unlabelled,,not stated by the host (web photographs); included for research and education,data/datasets/yoga107/urdhva_hastasana/005.jpg,True,148,688,True,0.9836,0.173,175.892,174.29,164.869,162.071,167.413,166.076,175.167,179.317,0.187,2.888,174.29,175.892,162.071,164.869,0.187,2.888,175.167,179.317,174.303,175.01,175.167,175.892,164.869,175.01,3.805,3.805,18.446,71.017,37.71,87.874,-0.9978,-0.3455,0.1872,0.046,0.522415,0.221827,-0.079552,0.9988,0.596096,0.222203,-0.097053,0.9986,0.605532,0.225419,-0.096707,0.9985,0.615239,0.228858,-0.096723,0.9983,0.583587,0.220242,-0.066457,0.9989,0.584689,0.22177,-0.067237,0.9988,0.586891,0.223534,-0.067045,0.9988,0.627784,0.254878,-0.14261,0.9975,0.612706,0.247726,-0.011591,0.9985,0.490033,0.243804,-0.09314,0.9965,0.479056,0.240208,-0.054683,0.997,0.486257,0.322704,-0.201278,0.9886,0.505368,0.310754,0.04459,0.9836,0.398341,0.184346,-0.28801,0.9948,0.386774,0.180901,0.065787,0.4175,0.48204,0.044711,-0.315457,0.9554,0.448745,0.069333,-0.02403,0.6295,0.475278,0.023305,-0.36028,0.9324,0.464009,0.035079,-0.023881,0.6833,0.516497,0.023975,-0.341486,0.928,0.486373,0.031119,-0.050297,0.6775,0.519576,0.0305,-0.30938,0.9319,0.484148,0.04215,-0.038648,0.7033,0.379482,0.596046,-0.086947,0.9921,0.442691,0.585533,0.088027,0.9929,0.37993,0.784259,-0.050462,0.96,0.413103,0.756945,0.121149,0.2211,0.43768,0.955981,0.023778,0.8429,0.45612,0.904718,0.215947,0.173,0.513183,0.978619,0.026824,0.7757,0.484789,0.93829,0.220314,0.371,0.114302,0.978034,-0.047986,0.7949,0.291196,0.949169,0.154034,0.2379
tadasana_y107_0063,tadasana,arms up,Y107,train,unlabelled,,not stated by the host (web photographs); included for research and education,data/datasets/yoga107/urdhva_hastasana/007.jpg,True,115,635,True,0.9916,0.9305,178.945,179.194,166.699,162.595,173.883,175.473,177.192,179.624,8.775,8.266,178.945,179.194,162.595,166.699,8.266,8.775,177.192,179.624,167.238,167.409,179.624,178.945,162.595,167.238,0.299,-0.299,1.363,3.544,1.589,85.881,-1.0,-0.3628,0.2118,0.4827,0.525379,0.235726,-0.235986,0.9992,0.557588,0.228768,-0.21474,0.9992,0.584489,0.229487,-0.214047,0.999,0.610257,0.230541,-0.214095,0.9991,0.477758,0.229992,-0.214296,0.9989,0.451075,0.23131,-0.215044,0.9986,0.426525,0.232821,-0.214678,0.9988,0.637876,0.246965,-0.112422,0.9986,0.376463,0.250302,-0.122713,0.9984,0.585741,0.251168,-0.200585,0.9974,0.48893,0.251955,-0.204212,0.997,0.843195,0.320446,-0.111558,0.9952,0.195318,0.327713,-0.135373,0.9916,0.816705,0.201089,-0.198509,0.971,0.195705,0.199935,-0.237385,0.9866,0.648459,0.091981,-0.251476,0.9305,0.385716,0.090373,-0.254474,0.9609,0.608119,0.06824,-0.284006,0.8428,0.46456,0.069431,-0.281995,0.9016,0.590521,0.068786,-0.280074,0.8296,0.471749,0.066368,-0.267122,0.89,0.590625,0.078375,-0.254531,0.84,0.457345,0.074731,-0.254358,0.8921,0.752593,0.566478,-0.002982,0.9989,0.299956,0.568752,0.003798,0.9981,0.735525,0.742309,-0.00131,0.983,0.368256,0.740506,0.029126,0.9839,0.736339,0.919454,0.13216,0.987,0.451965,0.916449,0.147583,0.9793,0.697912,0.935521,0.136488,0.837,0.48189,0.932897,0.151011,0.8204,0.761178,0.970689,0.010614,0.9764,0.414696,0.972621,0.041994,0.9656
tadasana_y107_0064,tadasana,arms up,Y107,holdout,unlabelled,,not stated by the host (web photographs); included for research and education,data/datasets/yoga107/urdhva_hastasana/008.jpg,True,113,428,True,0.991,0.874,175.511,170.81,168.995,167.302,169.883,169.854,179.923,172.128,10.382,11.843,170.81,175.511,167.302,168.995,10.382,11.843,172.128,179.923,163.823,164.627,172.128,170.81,167.302,163.823,0.36,0.36,0.32,0.778,3.445,85.085,-1.0,-0.2984,0.119,0.4754,0.555059,0.217995,-0.063215,0.9983,0.576212,0.210531,-0.039986,0.998,0.593304,0.211545,-0.039151,0.9978,0.610002,0.212434,-0.039214,0.9976,0.520928,0.21139,-0.044971,0.9984,0.500494,0.212932,-0.045718,0.9984,0.484115,0.214914,-0.045574,0.9983,0.612118,0.22738,0.056774,0.9971,0.448519,0.22824,0.021772,0.9982,0.591101,0.234097,-0.029474,0.996,0.521878,0.235206,-0.040803,0.9961,0.768484,0.297872,0.049297,0.9956,0.291782,0.296163,-0.009499,0.9951,0.723817,0.166385,0.000623,0.9619,0.343381,0.162344,-0.095191,0.9934,0.596752,0.050382,-0.026143,0.8884,0.489744,0.046926,-0.052275,0.9605,0.586018,0.031887,-0.05568,0.7757,0.521813,0.025322,-0.076181,0.9007,0.571988,0.030946,-0.052071,0.7597,0.516323,0.021298,-0.056836,0.8848,0.570077,0.037971,-0.029486,0.786,0.511641,0.033451,-0.048854,0.8871,0.680347,0.564277,0.021728,0.992,0.367306,0.559301,-0.02069,0.991,0.617537,0.757103,0.015356,0.9078,0.320474,0.759248,-0.035512,0.9628,0.504884,0.936685,0.119839,0.874,0.39028,0.945482,0.047088,0.9189,0.470762,0.951068,0.123498,0.6263,0.368777,0.959647,0.047813,0.5922,0.599379,1.000018,0.011409,0.8188,0.486483,1.003549,-0.075927,0.8445
tadasana_y107_0065,tadasana,arms up,Y107,train,unlabelled,,not stated by the host (web photographs); included for research and education,data/datasets/yoga107/urdhva_hastasana/009.jpg,True,336,558,True,0.9263,0.0903,174.482,178.824,165.827,173.084,161.579,161.005,128.433,131.711,60.503,55.332,174.482,178.824,165.827,173.084,55.332,60.503,128.433,131.711,154.178,157.465,128.433,174.482,165.827,154.178,33.77,33.77,69.93,75.741,29.476,73.114,-0.8313,-0.0672,0.1071,0.0877,0.563158,0.20057,-0.060072,0.975,0.564659,0.220832,-0.070057,0.9786,0.560959,0.22261,-0.069731,0.9777,0.556838,0.224829,-0.06973,0.9743,0.566786,0.22228,-0.045483,0.985,0.564898,0.224575,-0.046643,0.986,0.562923,0.227472,-0.045943,0.987,0.51064,0.234587,-0.084315,0.964,0.521271,0.239433,0.017912,0.9871,0.529509,0.193061,-0.068147,0.9588,0.532519,0.194378,-0.037123,0.9755,0.390927,0.207493,-0.164488,0.9759,0.400972,0.231295,0.085906,0.9822,0.587299,0.11872,-0.262877,0.9882,0.576631,0.148036,0.09824,0.0903,0.834695,0.056329,-0.294632,0.869,0.776992,0.074703,0.031319,0.2886,0.908769,0.057317,-0.323367,0.8508,0.83652,0.077763,0.0216,0.3145,0.922696,0.062325,-0.302345,0.8391,0.847136,0.075854,0.024904,0.3216,0.890507,0.062289,-0.285743,0.8422,0.832409,0.074323,0.027767,0.3362,0.11763,0.445319,-0.097514,0.9525,0.157439,0.458869,0.099282,0.9263,0.240805,0.689662,-0.120805,0.9788,0.263892,0.690133,0.094585,0.3617,0.320249,0.9276,-0.104857,0.9269,0.355581,0.906486,0.143514,0.5488,0.363381,0.961852,-0.104109,0.9069,0.392886,0.941139,0.144341,0.7373,0.162211,0.97017,-0.191197,0.887,0.271736,0.997759,0.092351,0.6375
tadasana_y107_0066,tadasana,arms up,Y107,train,unlabelled,,not stated by the host (web photographs); included for research and education,data/datasets/yoga107/urdhva_hastasana/010.jpg,True,66,350,True,0.9702,0.1459,178.231,172.019,164.489,168.855,177.525,178.586,172.529,168.942,13.337,9.809,172.019,178.231,164.489,168.855,9.809,13.337,168.942,172.529,170.128,175.743,168.942,172.019,168.855,175.743,4.495,-4.495,0.803,21.022,7.629,84.494,-0.9969,-0.3018,0.084,0.1051,0.596883,0.221769,-0.072271,0.9881,0.532205,0.209758,-0.05931,0.9889,0.528126,0.210112,-0.05864,0.9854,0.523133,0.210427,-0.058539,0.9895,0.511956,0.210924,-0.08954,0.9882,0.496167,0.212016,-0.090216,0.9863,0.477616,0.213077,-0.090213,0.9881,0.437071,0.228436,0.01176,0.9902,0.390372,0.231865,-0.13654,0.9875,0.608484,0.239239,-0.044274,0.9893,0.575242,0.239773,-0.085718,0.9839,0.519532,0.297914,0.077537,0.9702,0.379535,0.308059,-0.197867,0.9751,0.454078,0.179288,0.137968,0.1459,0.332689,0.185964,-0.309254,0.96,0.243125,0.07805,0.039097,0.3038,0.155456,0.063653,-0.320322,0.8796,0.182662,0.048989,0.012982,0.324,0.101665,0.037302,-0.34763,0.8711,0.15439,0.048649,0.00159,0.3251,0.073876,0.037681,-0.34027,0.8603,0.175673,0.059344,0.026365,0.3506,0.092816,0.044877,-0.318017,0.8764,0.606922,0.570095,0.101022,0.9957,0.515795,0.572397,-0.099754,0.9872,0.538393,0.754594,0.140069,0.2405,0.411921,0.775601,-0.06044,0.8936,0.503844,0.921358,0.215664,0.3632,0.449949,0.941537,0.005457,0.8266,0.430473,0.943606,0.217383,0.489,0.355577,0.965975,0.007482,0.8525,0.870353,0.959536,0.165663,0.3945,0.843543,0.976725,-0.071222,0.7283
tadasana_y107_0067,tadasana,arms up,Y107,train,unlabelled,,not stated by the host (web photographs); included for research and education,data/datasets/yoga107/urdhva_hastasana/011.jpg,True,147,731,True,0.989,0.7706,177.682,179.115,173.224,175.431,172.254,170.891,177.893,176.074,7.46,7.502,177.682,179.115,173.224,175.431,7.46,7.502,176.074,177.893,168.602,169.061,177.893,177.682,175.431,168.602,0.187,-0.187,1.166,0.531,1.31,88.628,-1.0,-0.3748,0.3229,0.4682,0.521356,0.231336,-0.116362,0.9904,0.552202,0.230167,-0.095136,0.9914,0.579703,0.231658,-0.094276,0.991,0.606491,0.233245,-0.094528,0.9911,0.480976,0.23008,-0.0918,0.9926,0.459163,0.23125,-0.092375,0.9926,0.438732,0.232557,-0.092177,0.9927,0.645421,0.252653,-0.003837,0.99,0.392004,0.252472,-0.000502,0.9932,0.573887,0.245254,-0.086426,0.9898,0.491266,0.245016,-0.086643,0.9878,0.818955,0.32472,-0.018622,0.9942,0.235555,0.325808,-0.028319,0.989,0.77162,0.197128,-0.099131,0.9349,0.290919,0.203758,-0.112317,0.9543,0.662974,0.085173,-0.129006,0.7706,0.394906,0.082458,-0.111886,0.8796,0.627924,0.078797,-0.161018,0.6617,0.41892,0.075205,-0.143354,0.8007,0.61043,0.079977,-0.155982,0.6347,0.435862,0.075921,-0.135596,0.7788,0.61201,0.08218,-0.132434,0.6673,0.435324,0.078905,-0.115558,0.7915,0.742727,0.576842,-0.001334,0.9994,0.319923,0.574898,0.002151,0.9987,0.719881,0.768623,0.003919,0.9893,0.319429,0.768204,0.009614,0.9904,0.73219,0.918527,0.19421,0.9865,0.331078,0.925053,0.176804,0.9833,0.69828,0.932896,0.205488,0.7041,0.369755,0.93938,0.183813,0.7379,0.725724,0.97817,0.080671,0.9695,0.391944,0.986761,0.059269,0.9655
tadasana_y107_0068,tadasana,arms up,Y107,holdout,unlabelled,,not stated by the host (web photographs); included for research and education,data/datasets/yoga107/urdhva_hastasana/012.jpg,True,150,492,True,0.9935,0.6096,179.92,175.981,162.152,174.47,168.487,179.915,155.349,154.583,7.231,18.418,175.981,179.92,162.152,174.47,7.231,18.418,154.583,155.349,176.906,177.24,154.583,175.981,174.47,177.24,12.904,-12.904,17.211,13.611,0.294,75.674,-0.9747,-0.3221,0.1333,0.3546,0.456936,0.225189,-0.069008,0.9995,0.451621,0.226615,-0.04886,0.9993,0.460113,0.226975,-0.047994,0.999,0.468122,0.227708,-0.047799,0.9993,0.423175,0.232127,-0.071316,0.9996,0.412932,0.236079,-0.071775,0.9995,0.402073,0.240008,-0.071675,0.9996,0.473644,0.252747,0.042039,0.9991,0.380658,0.263653,-0.073991,0.9996,0.492037,0.236319,-0.036448,0.9991,0.462416,0.242538,-0.068594,0.9991,0.673029,0.298667,0.10149,0.9935,0.376847,0.320532,-0.151063,0.9994,0.68068,0.186211,0.150468,0.6096,0.262049,0.194957,-0.316517,0.9988,0.586149,0.089903,0.118375,0.84,0.099024,0.066176,-0.362293,0.9977,0.560066,0.073864,0.105319,0.801,0.06123,0.052329,-0.396553,0.9938,0.532308,0.071947,0.099424,0.814,0.074985,0.047572,-0.375778,0.9929,0.526825,0.077864,0.109464,0.8152,0.094436,0.051725,-0.359055,0.9897,0.8323,0.565205,0.080564,0.9981,0.601467,0.564844,-0.079305,0.9989,0.684272,0.741926,0.125513,0.792,0.501407,0.742219,-0.061236,0.9785,0.546995,0.906771,0.207583,0.8898,0.442454,0.921033,-0.001437,0.9791,0.48794,0.93038,0.209188,0.8863,0.387478,0.94877,-0.001333,0.9313,0.726503,0.965293,0.136563,0.9188,0.610852,0.969654,-0.102627,0.9705
tadasana_y107_0069,tadasana,arms up,Y107,train,unlabelled,,not stated by the host (web photographs); included for research and education,data/datasets/yoga107/urdhva_hastasana/013.jpg,True,50,207,True,0.9683,0.2097,177.637,176.515,162.352,164.844,163.179,164.407,165.76,162.532,0.356,1.742,176.515,177.637,162.352,164.844,0.356,1.742,162.532,165.76,171.64,172.284,162.532,176.515,164.844,172.284,8.734,-8.734,26.517,9.218,2.813,81.99,-0.9884,-0.315,0.0264,0.0082,0.440488,0.248389,-0.079619,0.9794,0.381954,0.250614,-0.06364,0.9746,0.378132,0.252117,-0.063104,0.9705,0.373513,0.253896,-0.06308,0.9854,0.381665,0.251207,-0.097227,0.9858,0.377648,0.25291,-0.097882,0.984,0.372817,0.2549,-0.098223,0.9848,0.360216,0.275023,0.007091,0.9839,0.363365,0.274744,-0.155314,0.9773,0.477877,0.260314,-0.052987,0.9822,0.473425,0.261163,-0.098358,0.9722,0.498821,0.323225,0.078527,0.9683,0.506732,0.322914,-0.229865,0.9857,0.573362,0.207146,0.101085,0.2844,0.560187,0.20279,-0.333294,0.9875,0.504552,0.100164,0.004477,0.4774,0.475359,0.073727,-0.3462,0.9544,0.437454,0.064748,-0.019616,0.5778,0.423669,0.040782,-0.379409,0.9524,0.408722,0.058093,-0.033521,0.6033,0.391167,0.040602,-0.371431,0.9487,0.428017,0.065852,-0.010546,0.5939,0.40232,0.050278,-0.345169,0.9196,0.635018,0.557188,0.105789,0.997,0.668587,0.557587,-0.104227,0.9922,0.561544,0.719593,0.139182,0.2097,0.574578,0.718961,-0.085855,0.8466,0.515997,0.882073,0.21082,0.2297,0.519107,0.888286,-0.042742,0.8462,0.447323,0.907244,0.210992,0.4302,0.442401,0.916285,-0.042569,0.9098,0.769385,0.908849,0.155518,0.3582,0.763821,0.914988,-0.120242,0.82
tadasana_y107_0070,tadasana,arms up,Y107,train,unlabelled,,not stated by the host (web photographs); included for research and education,data/datasets/yoga107/urdhva_hastasana/014.jpg,True,189,473,True,0.9961,0.925,178.215,168.713,163.55,154.381,161.664,158.681,153.922,155.301,27.832,43.272,168.713,178.215,154.381,163.55,27.832,43.272,153.922,155.301,146.283,169.8,153.922,178.215,154.381,146.283,13.167,13.167,13.233,37.312,11.928,74.855,-0.9737,-0.3038,0.3316,0.501,0.455621,0.260444,-0.323633,0.9986,0.511757,0.255054,-0.319811,0.9989,0.525302,0.26047,-0.319103,0.9989,0.538064,0.266091,-0.319125,0.9989,0.48082,0.244495,-0.305942,0.999,0.472141,0.241841,-0.306892,0.999,0.465083,0.239212,-0.305717,0.999,0.561314,0.288366,-0.267686,0.9983,0.470949,0.247828,-0.220653,0.999,0.459484,0.287696,-0.303673,0.9962,0.412565,0.272546,-0.290863,0.997,0.558251,0.383095,-0.266594,0.9961,0.289833,0.301354,-0.202168,0.9983,0.797925,0.251127,-0.332878,0.9914,0.495975,0.163579,-0.20979,0.9658,0.931363,0.100708,-0.387137,0.9542,0.81047,0.080377,-0.22037,0.9615,0.962806,0.064619,-0.417796,0.91,0.882111,0.058269,-0.256021,0.9065,0.965323,0.062371,-0.422787,0.908,0.893262,0.056655,-0.24389,0.9007,0.943464,0.071472,-0.391938,0.8963,0.873563,0.066945,-0.222351,0.8903,0.375251,0.613157,-0.045004,0.9995,0.16593,0.595489,0.046037,0.9991,0.435136,0.774314,0.04667,0.9936,0.27939,0.762992,0.22475,0.925,0.50627,0.931808,0.22165,0.9903,0.301813,0.895857,0.478456,0.9676,0.521168,0.94782,0.234367,0.91,0.346436,0.913444,0.498894,0.9027,0.380673,0.998237,0.132436,0.9834,0.222081,0.955407,0.441256,0.9694
tadasana_y107_0071,tadasana,arms up,Y107,train,unlabelled,,not stated by the host (web photographs); included for research and education,data/datasets/yoga107/urdhva_hastasana/015.jpg,True,153,658,True,0.9885,0.1076,178.44,176.872,168.888,168.854,164.31,168.056,156.558,152.718,2.737,5.566,176.872,178.44,168.854,168.888,2.737,5.566,152.718,156.558,169.795,173.592,152.718,176.872,168.854,173.592,12.435,-12.435,59.24,57.277,11.341,74.692,-0.9765,-0.2042,0.0779,0.1308,0.306255,0.274794,0.008604,0.9975,0.273634,0.285339,0.028875,0.9943,0.275059,0.287605,0.029562,0.9933,0.276227,0.290122,0.029362,0.998,0.276815,0.285442,-0.008505,0.9981,0.280565,0.287423,-0.009417,0.998,0.284223,0.28958,-0.009821,0.9979,0.316962,0.308536,0.102682,0.9983,0.327896,0.306205,-0.077703,0.9977,0.366095,0.282232,0.035569,0.9978,0.366382,0.281392,-0.015948,0.997,0.499847,0.337065,0.179441,0.9885,0.572903,0.310628,-0.166497,0.9978,0.521271,0.23329,0.20923,0.1587,0.572646,0.194204,-0.278095,0.9977,0.457909,0.133077,0.147816,0.5396,0.476863,0.08147,-0.29272,0.9698,0.420432,0.117533,0.150912,0.7827,0.440085,0.054429,-0.33109,0.9623,0.400481,0.110939,0.131219,0.8291,0.419211,0.055382,-0.309624,0.9688,0.423782,0.113089,0.133947,0.7889,0.425584,0.065796,-0.287539,0.9698,0.7204,0.560226,0.124472,0.9974,0.797282,0.55664,-0.123347,0.995,0.572554,0.745721,0.155576,0.1442,0.566429,0.752746,-0.140716,0.9631,0.42036,0.911368,0.222841,0.1076,0.402266,0.929599,-0.154687,0.9519,0.338972,0.944261,0.223451,0.3029,0.310942,0.962291,-0.156411,0.9664,0.723834,0.942664,0.177751,0.2412,0.721014,0.958132,-0.222347,0.9326
tadasana_y107_0072,tadasana,arms up,Y107,holdout,unlabelled,,not stated by the host (web photographs); included for research and education,data/datasets/yoga107/urdhva_hastasana/016.jpg,True,70,281,True,0.9848,0.6567,176.146,178.402,174.91,178.507,173.369,173.844,175.475,177.045,9.837,9.791,176.146,178.402,174.91,178.507,9.791,9.837,175.475,177.045,174.455,176.41,175.475,178.402,178.507,174.455,0.937,0.937,7.91,2.624,0.517,88.278,-0.9999,-0.3028,0.3376,0.5326,0.472566,0.173122,-0.186905,0.9967,0.523938,0.154798,-0.16881,0.9949,0.553741,0.15427,-0.167912,0.9946,0.581626,0.15418,-0.168327,0.9941,0.425361,0.157517,-0.165685,0.9955,0.395677,0.158629,-0.166533,0.9953,0.368408,0.159809,-0.166203,0.995,0.634778,0.163481,-0.067766,0.9952,0.352027,0.168262,-0.067771,0.9967,0.546144,0.191638,-0.152002,0.9956,0.426947,0.19238,-0.152433,0.995,0.861195,0.267417,-0.081063,0.9848,0.221736,0.260115,-0.065926,0.9882,0.93414,0.187938,-0.249515,0.9463,0.113356,0.113031,-0.182253,0.9678,0.999976,0.068028,-0.383772,0.6567,0.049083,0.010882,-0.252089,0.7871,1.032727,0.043042,-0.422043,0.592,0.051527,-0.014175,-0.286102,0.6714,1.009829,0.045623,-0.431107,0.5662,0.073776,-0.006092,-0.278187,0.624,0.981303,0.05617,-0.39429,0.5712,0.091969,0.004717,-0.259043,0.6579,0.731463,0.562645,-0.009054,0.999,0.312172,0.563587,0.009577,0.9978,0.703256,0.79635,-0.023903,0.9628,0.333311,0.797262,-0.024981,0.9614,0.732041,0.989004,0.115785,0.9115,0.328934,1.000611,0.095168,0.9171,0.722061,0.997939,0.11934,0.2428,0.353917,1.016302,0.094545,0.4294,0.645493,1.038013,-0.016413,0.811,0.316716,1.046776,-0.053278,0.745
tadasana_y107_0073,tadasana,arms up,Y107,train,unlabelled,,not stated by the host (web photographs); included for research and education,data/datasets/yoga107/urdhva_hastasana/017.jpg,True,121,474,True,0.9827,0.9208,178.945,179.661,166.87,163.639,171.716,175.299,178.598,179.787,8.262,8.345,178.945,179.661,163.639,166.87,8.262,8.345,178.598,179.787,165.072,167.341,179.787,178.945,166.87,165.072,1.19,1.19,0.419,0.334,0.719,84.736,-0.9998,-0.3434,0.1272,0.5542,0.447157,0.255131,-0.102725,0.9991,0.478998,0.24399,-0.078992,0.9988,0.500806,0.245435,-0.078391,0.9987,0.524286,0.24704,-0.078413,0.9987,0.411738,0.242744,-0.076302,0.9988,0.388094,0.243237,-0.076998,0.9987,0.364106,0.24387,-0.076982,0.9985,0.556131,0.259752,0.020521,0.998,0.336463,0.258117,0.019044,0.9979,0.491301,0.275602,-0.069336,0.9969,0.408688,0.274142,-0.070537,0.9963,0.71098,0.340636,-0.013613,0.99,0.17304,0.339835,0.001487,0.9827,0.698967,0.232096,-0.143805,0.9787,0.176113,0.2236,-0.093148,0.9808,0.588051,0.124536,-0.216072,0.9555,0.300422,0.118146,-0.128467,0.936,0.580717,0.095453,-0.249951,0.9051,0.31195,0.096168,-0.159319,0.8604,0.536803,0.095258,-0.247608,0.8973,0.324242,0.095523,-0.146239,0.8503,0.533346,0.106315,-0.219348,0.9027,0.33019,0.101807,-0.130385,0.8641,0.597486,0.588552,-0.003391,0.9952,0.246205,0.587427,0.004391,0.9934,0.534044,0.764333,-0.042935,0.9444,0.301032,0.764182,-0.016696,0.9606,0.479306,0.954224,0.051683,0.9309,0.356034,0.955922,0.043977,0.9208,0.474281,0.967521,0.05292,0.6228,0.371021,0.971218,0.041156,0.6093,0.504293,1.00927,-0.074649,0.8882,0.356273,1.012818,-0.078771,0.8564
tadasana_y107_0074,tadasana,arms up,Y107,train,unlabelled,,not stated by the host (web photographs); included for research and education,data/datasets/yoga107/urdhva_hastasana/018.jpg,True,70,306,True,0.9955,0.4332,179.152,177.725,147.026,165.95,179.146,176.407,179.702,175.803,12.727,3.073,177.725,179.152,147.026,165.95,3.073,12.727,175.803,179.702,165.903,177.54,175.803,177.725,165.95,177.54,2.081,-2.081,0.64,1.194,0.871,88.332,-0.9993,-0.2629,0.3061,0.4654,0.523447,0.148685,-0.172876,0.9996,0.561816,0.135069,-0.153999,0.9994,0.58737,0.135069,-0.153059,0.9993,0.611203,0.135075,-0.153096,0.9992,0.474093,0.136641,-0.153715,0.9995,0.440548,0.137564,-0.154315,0.9994,0.410231,0.13837,-0.153872,0.9995,0.641608,0.142543,-0.052231,0.9991,0.364005,0.147192,-0.063152,0.9996,0.578049,0.165416,-0.137502,0.9983,0.464816,0.164842,-0.141824,0.9984,0.808305,0.223948,-0.065792,0.9955,0.215012,0.226777,-0.046105,0.9958,0.813665,0.087921,-0.123476,0.9562,0.11871,0.089633,-0.090286,0.9754,0.597115,0.010035,-0.125733,0.4332,0.158208,-0.015237,-0.064079,0.713,0.542793,-0.005078,-0.150073,0.2589,0.219498,-0.03992,-0.091042,0.5285,0.531711,0.005249,-0.148263,0.2402,0.240428,-0.031786,-0.082471,0.4918,0.549174,0.013016,-0.128232,0.2727,0.22192,-0.017642,-0.067901,0.5088,0.777743,0.516101,-0.005222,0.9994,0.338176,0.517629,0.006056,0.9988,0.749419,0.738541,0.008196,0.9807,0.360816,0.739703,0.022938,0.9875,0.736802,0.940045,0.146385,0.9839,0.346436,0.940423,0.147767,0.9841,0.71754,0.958485,0.151983,0.6851,0.386381,0.958236,0.149076,0.7477,0.754058,0.986725,0.0242,0.9724,0.351487,0.99216,0.013227,0.9691
tadasana_y107_0075,tadasana,arms up,Y107,train,unlabelled,,not stated by the host (web photographs); included for research and education,data/datasets/yoga107/urdhva_hastasana/019.jpg,True,91,484,True,0.9876,0.0797,176.001,176.058,179.814,166.707,170.786,162.752,165.358,165.641,0.373,4.05,176.001,176.058,166.707,179.814,0.373,4.05,165.358,165.641,169.216,170.725,165.641,176.058,166.707,169.216,7.772,-7.772,27.129,43.697,9.118,82.375,-0.9908,-0.3478,0.0533,0.1467,0.493101,0.22939,-0.018344,0.9922,0.4062,0.232098,-0.000181,0.9907,0.400967,0.233352,0.000471,0.9882,0.396524,0.23466,0.000425,0.9947,0.40763,0.233336,-0.036481,0.992,0.402918,0.235395,-0.037115,0.9897,0.398445,0.237587,-0.037326,0.9928,0.3805,0.257321,0.075397,0.9937,0.383722,0.258207,-0.096966,0.9906,0.541211,0.241044,0.010086,0.9936,0.539284,0.242011,-0.038649,0.9892,0.515143,0.323569,0.147002,0.992,0.648516,0.299608,-0.174555,0.9948,0.517541,0.240752,0.206192,0.1047,0.760271,0.186392,-0.27127,0.9938,0.519416,0.200226,0.115399,0.1701,0.732158,0.077499,-0.253871,0.9676,0.487129,0.191014,0.096456,0.2241,0.713094,0.049149,-0.29239,0.9523,0.470624,0.190356,0.074751,0.2352,0.683518,0.046069,-0.277427,0.9465,0.489945,0.193514,0.098362,0.2548,0.68318,0.056608,-0.250369,0.9369,0.701522,0.547288,0.111559,0.995,0.802146,0.544251,-0.110274,0.9876,0.59674,0.74328,0.115762,0.0797,0.657447,0.747473,-0.106114,0.8172,0.566666,0.929321,0.161515,0.1093,0.591181,0.941033,-0.095579,0.7669,0.491277,0.957975,0.158881,0.2542,0.49767,0.97046,-0.097483,0.8841,0.92897,0.954973,0.088995,0.1747,0.978805,0.966738,-0.185879,0.7126
tadasana_y107_0076,tadasana,arms up,Y107,holdout,unlabelled,,not stated by the host (web photographs); included for research and education,data/datasets/yoga107/urdhva_hastasana/020.jpg,True,175,944,True,0.9947,0.9625,177.473,178.574,168.501,163.7,172.78,174.45,178.202,179.465,8.974,8.529,177.473,178.574,163.7,168.501,8.529,8.974,178.202,179.465,167.027,167.197,178.202,177.473,168.501,167.197,0.289,-0.289,1.85,2.741,2.333,86.091,-1.0,-0.3778,0.2069,0.4894,0.516871,0.233012,-0.212153,0.9991,0.558206,0.22526,-0.191064,0.9992,0.585466,0.225683,-0.190407,0.9991,0.611411,0.226429,-0.190511,0.9991,0.474852,0.227947,-0.187367,0.9992,0.447748,0.229874,-0.188136,0.999,0.422901,0.231867,-0.187791,0.999,0.636422,0.24499,-0.093266,0.9987,0.37598,0.250345,-0.087808,0.9987,0.57258,0.249926,-0.17923,0.9981,0.471972,0.251989,-0.178471,0.9977,0.842739,0.322132,-0.105356,0.9979,0.200816,0.32783,-0.093526,0.9947,0.803871,0.200529,-0.206411,0.9869,0.214679,0.194832,-0.182549,0.9853,0.644516,0.089428,-0.259099,0.9634,0.394371,0.088581,-0.205639,0.9625,0.599234,0.066221,-0.294683,0.9103,0.463191,0.066049,-0.23438,0.9074,0.584154,0.064824,-0.287838,0.8998,0.463397,0.061799,-0.225135,0.8984,0.587626,0.073151,-0.261027,0.9034,0.452637,0.070875,-0.208217,0.9061,0.754431,0.566712,-0.012618,0.9988,0.302383,0.570127,0.013362,0.9979,0.718548,0.754301,0.004311,0.9873,0.369476,0.752166,0.043413,0.9816,0.726273,0.919847,0.159886,0.9854,0.454792,0.921544,0.177891,0.9718,0.710707,0.932431,0.166341,0.7205,0.502494,0.933746,0.182333,0.755,0.6906,0.97457,0.034213,0.9709,0.403,0.972448,0.068199,0.9535
tadasana_y107_0077,tadasana,arms up,Y107,train,unlabelled,,not stated by the host (web photographs); included for research and education,data/datasets/yoga107/urdhva_hastasana/021.jpg,True,87,385,True,0.9668,0.0874,179.41,176.331,166.599,169.911,150.268,146.347,163.39,166.219,13.872,19.204,176.331,179.41,166.599,169.911,13.872,19.204,163.39,166.219,150.626,157.059,163.39,179.41,166.599,157.059,9.605,9.605,10.834,33.893,4.188,82.459,-0.986,-0.3216,0.0647,0.1117,0.399094,0.194549,-0.018823,0.9957,0.45907,0.184704,-0.03924,0.9966,0.465981,0.185586,-0.038986,0.9966,0.473619,0.186552,-0.03903,0.9962,0.462797,0.184713,-0.005515,0.9964,0.471435,0.185484,-0.006199,0.9954,0.48112,0.186204,-0.005813,0.996,0.531442,0.204031,-0.096183,0.9945,0.549363,0.202211,0.048066,0.9953,0.405076,0.210945,-0.036106,0.9874,0.405099,0.21009,0.005631,0.9882,0.492414,0.273053,-0.182693,0.9814,0.603277,0.289883,0.129423,0.9668,0.295764,0.155225,-0.299746,0.9954,0.378705,0.17308,0.201747,0.0874,0.223386,0.026889,-0.328995,0.976,0.282462,0.08175,0.127335,0.2804,0.194887,-0.006845,-0.356136,0.9612,0.281388,0.056241,0.128267,0.3675,0.232251,-0.007405,-0.344837,0.958,0.296557,0.056309,0.10797,0.3742,0.243145,0.005637,-0.322421,0.9528,0.292223,0.05827,0.115202,0.3924,0.298837,0.547111,-0.100362,0.9891,0.39778,0.548749,0.101646,0.9879,0.419541,0.753144,-0.07895,0.8938,0.453634,0.748737,0.110048,0.1936,0.525343,0.949241,-0.038567,0.8392,0.558021,0.933381,0.174399,0.1851,0.629761,0.981092,-0.039161,0.9092,0.648064,0.967974,0.175573,0.3997,0.16572,0.978351,-0.110009,0.8284,0.226225,0.967075,0.106815,0.3208
tadasana_y107_0078,tadasana,arms up,Y107,train,unlabelled,,not stated by the host (web photographs); included for research and education,data/datasets/yoga107/urdhva_hastasana/022.jpg,True,174,583,True,0.9829,0.0992,178.338,177.913,170.463,169.87,175.883,171.278,174.234,173.276,1.299,2.345,177.913,178.338,169.87,170.463,1.299,2.345,173.276,174.234,176.44,179.831,173.276,177.913,169.87,176.44,3.561,-3.561,18.981,14.521,4.883,85.363,-0.9981,-0.255,0.0264,0.143,0.582021,0.270187,-0.062918,0.9956,0.550425,0.253822,-0.051339,0.9954,0.546526,0.253599,-0.050561,0.9923,0.542537,0.253666,-0.050549,0.9951,0.538181,0.252998,-0.082826,0.9963,0.526672,0.252186,-0.083406,0.9955,0.515244,0.251586,-0.083525,0.9967,0.467949,0.258971,0.017592,0.9941,0.439882,0.25604,-0.136033,0.9972,0.559645,0.287418,-0.034621,0.9964,0.546236,0.287404,-0.077539,0.9962,0.441287,0.337174,0.090584,0.9829,0.32742,0.328371,-0.196584,0.9952,0.461531,0.22143,0.174365,0.0992,0.346324,0.213714,-0.347868,0.982,0.425351,0.127367,0.089672,0.298,0.295446,0.095383,-0.422207,0.9767,0.395871,0.110152,0.06535,0.3605,0.272702,0.061444,-0.462431,0.9684,0.380986,0.10396,0.051599,0.3682,0.253551,0.057196,-0.456634,0.9665,0.394545,0.109568,0.075601,0.3875,0.272521,0.068454,-0.423129,0.9583,0.457213,0.578295,0.102069,0.9962,0.413644,0.577184,-0.10071,0.9939,0.405523,0.768518,0.117751,0.1713,0.40458,0.76655,-0.07119,0.8528,0.376582,0.934747,0.164968,0.2671,0.374877,0.941203,-0.037392,0.8464,0.322899,0.961504,0.160334,0.4346,0.315776,0.969134,-0.040886,0.8814,0.651362,0.967678,0.102353,0.3709,0.662526,0.974594,-0.128311,0.7731
tadasana_y107_0079,tadasana,arms up,Y107,train,unlabelled,,not stated by the host (web photographs); included for research and education,data/datasets/yoga107/urdhva_hastasana/023.jpg,True,159,664,True,0.9982,0.8551,179.475,178.896,166.696,175.259,164.461,177.551,179.941,179.268,11.218,6.84,178.896,179.475,166.696,175.259,6.84,11.218,179.268,179.941,170.908,179.751,179.941,179.475,175.259,179.751,2.175,-2.175,3.469,4.663,1.644,84.14,-0.9993,-0.3847,0.1974,0.5306,0.467458,0.25997,-0.229729,0.9997,0.485082,0.256307,-0.209403,0.9995,0.502999,0.257508,-0.208369,0.9995,0.519556,0.258938,-0.208741,0.9994,0.42346,0.256089,-0.209756,0.9996,0.40064,0.257189,-0.210437,0.9996,0.376042,0.258611,-0.210102,0.9995,0.530735,0.273013,-0.113469,0.9995,0.333094,0.276764,-0.127876,0.9996,0.512868,0.275315,-0.197804,0.9995,0.427203,0.274247,-0.202972,0.9994,0.719139,0.344317,-0.097633,0.9987,0.206138,0.354337,-0.15629,0.9982,0.864427,0.235074,-0.174916,0.9502,0.125528,0.233014,-0.250075,0.9899,0.898673,0.127547,-0.247607,0.8551,0.092235,0.126967,-0.265016,0.9263,0.915551,0.107339,-0.277124,0.7395,0.078455,0.113615,-0.296127,0.8823,0.893414,0.106617,-0.281861,0.7211,0.097824,0.113199,-0.289298,0.8696,0.880557,0.111484,-0.25668,0.749,0.106073,0.115967,-0.269379,0.8874,0.682578,0.58019,0.002928,0.9999,0.316339,0.582707,-0.002439,0.9997,0.654551,0.756147,0.018637,0.9873,0.389729,0.753937,0.015077,0.9845,0.635602,0.91283,0.171885,0.9888,0.444262,0.910909,0.164361,0.9811,0.625774,0.920024,0.177984,0.7402,0.46937,0.921505,0.167513,0.7169,0.638893,0.966482,0.056957,0.9822,0.437542,0.967995,0.041111,0.9675
tadasana_y107_0081,tadasana,arms up,Y107,train,unlabelled,,not stated by the host (web photographs); included for research and education,data/datasets/yoga107/urdhva_hastasana/025.jpg,True,63,489,True,0.972,0.1306,175.237,175.608,176.877,178.814,169.34,174.867,174.248,174.677,5.029,2.213,175.237,175.608,176.877,178.814,2.213,5.029,174.248,174.677,170.881,175.426,174.248,175.237,176.877,170.881,3.228,3.228,12.777,9.35,13.212,87.038,-0.9984,-0.2642,0.0539,0.0462,0.200512,0.263594,-0.054394,0.9948,0.274456,0.248853,-0.071605,0.9959,0.291444,0.249135,-0.071019,0.9957,0.310546,0.249361,-0.071128,0.9953,0.267423,0.248434,-0.039695,0.9962,0.277762,0.248455,-0.040277,0.994,0.290016,0.248348,-0.039881,0.9954,0.464751,0.258063,-0.114723,0.9941,0.429177,0.255722,0.017602,0.9948,0.241094,0.279435,-0.068075,0.9857,0.225841,0.27957,-0.030105,0.9853,0.586389,0.328795,-0.195846,0.988,0.497763,0.330675,0.089885,0.972,0.477764,0.207283,-0.28714,0.9957,0.452775,0.210988,0.147926,0.1306,0.422149,0.088317,-0.288073,0.9675,0.429763,0.103966,0.069221,0.3257,0.422954,0.052692,-0.316862,0.9397,0.441935,0.069477,0.050043,0.3877,0.469528,0.050988,-0.308232,0.9299,0.446124,0.063297,0.040215,0.3838,0.476525,0.061968,-0.284889,0.9249,0.451274,0.076244,0.056688,0.4152,0.447388,0.579219,-0.097498,0.9925,0.417942,0.58011,0.098732,0.9868,0.489606,0.76672,-0.037065,0.8645,0.490062,0.759698,0.133533,0.1805,0.644445,0.943865,0.005139,0.8791,0.661196,0.930541,0.199696,0.3004,0.758185,0.965778,0.003802,0.9169,0.757238,0.962415,0.199849,0.4901,0.070839,0.971593,-0.083592,0.822,0.117238,0.96239,0.125488,0.409
tadasana_y107_0082,tadasana,arms up,Y107,train,unlabelled,,not stated by the host (web photographs); included for research and education,data/datasets/yoga107/urdhva_hastasana/026.jpg,True,234,515,True,0.92,0.1286,168.802,179.695,163.115,160.619,174.93,174.478,166.023,179.671,7.582,6.957,168.802,179.695,160.619,163.115,6.957,7.582,166.023,179.671,165.053,165.815,179.671,179.695,163.115,165.815,1.083,-1.083,4.311,6.289,4.73,82.339,-0.9998,-0.4851,0.3025,0.6495,0.443512,0.288504,-0.294951,0.9958,0.469341,0.281674,-0.277739,0.996,0.484537,0.282608,-0.276922,0.9957,0.499944,0.283599,-0.277334,0.9951,0.429247,0.282637,-0.275032,0.9962,0.416326,0.284023,-0.27599,0.9943,0.40365,0.285232,-0.276178,0.9958,0.526879,0.305713,-0.179954,0.9931,0.395423,0.306535,-0.178185,0.9947,0.474366,0.307494,-0.261076,0.9829,0.421187,0.306949,-0.26142,0.9811,0.617401,0.411872,-0.17198,0.9581,0.280745,0.395014,-0.174726,0.9368,0.626382,0.259433,-0.270082,0.97,0.264807,0.226973,-0.269034,0.9842,0.522265,0.087116,-0.317926,0.7068,0.366794,0.074581,-0.283961,0.6963,0.516664,0.058739,-0.351086,0.5731,0.397414,0.0323,-0.309248,0.5464,0.51234,0.0569,-0.347405,0.5536,0.405299,0.029221,-0.288421,0.532,0.498355,0.062561,-0.322355,0.5819,0.402222,0.043216,-0.282447,0.5875,0.560161,0.636529,0.006939,0.9508,0.357704,0.64414,-0.005709,0.92,0.616765,0.83528,-0.095955,0.3843,0.417034,0.844539,-0.106411,0.5223,0.592443,1.0006,-0.011741,0.1286,0.474974,1.048448,-0.067379,0.2008,0.589508,1.057885,-0.010889,0.0818,0.489543,1.070491,-0.06928,0.1069,0.634125,1.106275,-0.136506,0.0952,0.517692,1.117618,-0.203121,0.1238
tadasana_y107_0083,tadasana,arms up,Y107,train,unlabelled,,not stated by the host (web photographs); included for research and education,data/datasets/yoga107/urdhva_hastasana/027.jpg,True,79,299,True,0.9819,0.0713,176.302,175.197,164.984,159.51,164.431,165.108,162.393,165.167,1.321,2.437,175.197,176.302,159.51,164.984,1.321,2.437,162.393,165.167,171.672,175.454,165.167,175.197,159.51,175.454,8.316,-8.316,35.746,1.088,75.573,82.042,-0.9895,-0.4063,0.0288,0.0476,0.427863,0.227259,-0.085833,0.9827,0.369459,0.233655,-0.067786,0.9807,0.368228,0.235909,-0.067117,0.9756,0.366846,0.238427,-0.067236,0.9894,0.370433,0.234734,-0.102868,0.9872,0.369811,0.237762,-0.103441,0.9847,0.36883,0.241098,-0.103765,0.9874,0.367624,0.270123,0.007753,0.9868,0.375095,0.269686,-0.161201,0.9839,0.478914,0.238604,-0.057349,0.9879,0.476883,0.239843,-0.105438,0.9774,0.554597,0.32601,0.074642,0.9819,0.598331,0.325791,-0.239859,0.9899,0.604001,0.200118,0.108934,0.1705,0.666133,0.196853,-0.322686,0.9823,0.533452,0.083701,0.029842,0.3158,0.5567,0.067293,-0.316763,0.9274,0.47252,0.054063,0.010384,0.3936,0.513384,0.038931,-0.359681,0.9214,0.466285,0.051312,-0.007906,0.4167,0.48843,0.03992,-0.346526,0.9108,0.476246,0.058969,0.013507,0.4286,0.49493,0.047866,-0.31501,0.8949,0.708634,0.565389,0.10934,0.9986,0.710085,0.566879,-0.107867,0.9946,0.599888,0.770931,0.122765,0.0713,0.601008,0.775882,-0.085829,0.7392,0.550132,0.947447,0.174588,0.1276,0.56527,0.953179,-0.052109,0.7646,0.495463,0.975773,0.172745,0.2886,0.500494,0.981412,-0.05396,0.8801,0.776838,0.975628,0.110022,0.1944,0.823079,0.978571,-0.140935,0.7302
tadasana_y107_0084,tadasana,arms up,Y107,holdout,unlabelled,,not stated by the host (web photographs); included for research and education,data/datasets/yoga107/urdhva_hastasana/028.jpg,True,115,611,True,0.9831,0.8447,175.82,172.64,179.318,174.885,167.978,165.071,176.502,176.692,9.451,8.03,172.64,175.82,174.885,179.318,8.03,9.451,176.502,176.692,167.565,168.292,176.502,175.82,174.885,167.565,1.08,-1.08,1.306,1.402,1.6,82.287,-0.9998,-0.3559,0.1293,0.4364,0.540644,0.264071,-0.203427,0.9971,0.56222,0.256085,-0.182041,0.9974,0.581222,0.257348,-0.18128,0.9973,0.599209,0.25877,-0.181478,0.9972,0.493613,0.25704,-0.186827,0.9975,0.469569,0.25891,-0.187652,0.9972,0.446674,0.260861,-0.187339,0.997,0.607172,0.277256,-0.079526,0.9964,0.382151,0.282413,-0.114134,0.9955,0.588028,0.282767,-0.167144,0.9939,0.508027,0.282192,-0.177575,0.9929,0.798777,0.353841,-0.06704,0.9924,0.222735,0.351187,-0.142826,0.9831,0.673771,0.217133,-0.130792,0.9208,0.35408,0.218119,-0.254911,0.9838,0.574251,0.099968,-0.187583,0.8447,0.418605,0.089856,-0.255533,0.937,0.548054,0.070043,-0.219671,0.7231,0.472852,0.062678,-0.279834,0.8781,0.538541,0.069124,-0.217922,0.7036,0.464476,0.059987,-0.258535,0.8588,0.535974,0.080693,-0.19219,0.7292,0.451796,0.067476,-0.251376,0.8583,0.746787,0.602095,0.012065,0.9982,0.324516,0.599875,-0.011061,0.9966,0.655055,0.773416,0.029713,0.9724,0.455219,0.781513,0.015326,0.9664,0.630608,0.940746,0.182672,0.9737,0.460521,0.943496,0.159939,0.9585,0.613388,0.954016,0.191091,0.7792,0.461463,0.9547,0.167518,0.7583,0.620443,0.999821,0.075058,0.9428,0.44264,0.999293,0.058051,0.927
tadasana_y107_0085,tadasana,arms up,Y107,train,unlabelled,,not stated by the host (web photographs); included for research and education,data/datasets/yoga107/urdhva_hastasana/029.jpg,True,52,184,True,0.9644,0.2739,178.744,175.613,161.43,162.045,162.241,161.878,167.64,161.99,0.074,1.341,175.613,178.744,161.43,162.045,0.074,1.341,161.99,167.64,171.124,171.316,161.99,175.613,162.045,171.124,9.492,-9.492,30.382,3.843,10.926,82.207,-0.9863,-0.3217,0.0368,0.0259,0.492818,0.315117,-0.100637,0.984,0.444799,0.319188,-0.085102,0.9782,0.442916,0.32113,-0.084576,0.9772,0.440549,0.323473,-0.084598,0.9882,0.445916,0.320123,-0.118816,0.9892,0.444709,0.32237,-0.119592,0.989,0.443016,0.324868,-0.119843,0.9887,0.434913,0.346868,-0.014636,0.9889,0.441239,0.347108,-0.177631,0.9825,0.532882,0.327644,-0.074134,0.9852,0.530282,0.328655,-0.119567,0.9787,0.56276,0.3927,0.063999,0.9644,0.584869,0.393119,-0.248555,0.985,0.629213,0.274148,0.082643,0.409,0.646206,0.268279,-0.353218,0.9908,0.561706,0.160971,-0.008862,0.6177,0.563623,0.136592,-0.384321,0.9358,0.485265,0.133902,-0.02991,0.7109,0.514501,0.106741,-0.41861,0.9334,0.463769,0.133105,-0.04672,0.7325,0.47688,0.109517,-0.407904,0.9286,0.487094,0.141203,-0.024245,0.7172,0.489611,0.118973,-0.382918,0.9294,0.692189,0.63014,0.109306,0.9953,0.737601,0.632617,-0.107705,0.9896,0.654503,0.799307,0.156733,0.3505,0.655443,0.802264,-0.089849,0.9308,0.607474,0.955682,0.24873,0.2739,0.621453,0.963657,-0.046266,0.9128,0.536496,0.981556,0.251169,0.4938,0.54904,0.98803,-0.045455,0.9457,0.796991,0.982666,0.198935,0.424,0.797415,0.985822,-0.122434,0.8771
tadasana_y107_0086,tadasana,arms up,Y107,train,unlabelled,,not stated by the host (web photographs); included for research and education,data/datasets/yoga107/urdhva_hastasana/030.jpg,True,81,396,True,0.9181,0.0638,174.437,171.81,165.491,170.495,167.133,157.572,179.741,179.568,6.911,16.223,171.81,174.437,165.491,170.495,6.911,16.223,179.568,179.741,162.133,174.543,179.741,174.437,165.491,174.543,0.044,0.044,2.386,42.984,26.446,88.788,-1.0,-0.3336,0.0263,0.1209,0.375327,0.143361,-0.042865,0.983,0.461991,0.135285,-0.059331,0.989,0.469058,0.136762,-0.058786,0.9891,0.477498,0.138322,-0.05905,0.9887,0.465377,0.135732,-0.025959,0.9865,0.474374,0.137558,-0.02664,0.9796,0.483978,0.139323,-0.02627,0.9848,0.527786,0.159279,-0.107168,0.9851,0.5482,0.15816,0.031971,0.9818,0.364021,0.160897,-0.059039,0.9569,0.365606,0.160975,-0.018848,0.9503,0.461348,0.225109,-0.19843,0.9621,0.582295,0.248165,0.108289,0.9181,0.297838,0.094101,-0.297686,0.9905,0.360676,0.128727,0.170211,0.0638,0.300101,-0.047,-0.322704,0.9404,0.247968,0.013133,0.107088,0.1046,0.251846,-0.077842,-0.357364,0.9049,0.270881,-0.016868,0.100062,0.1359,0.300856,-0.064786,-0.350788,0.8964,0.255519,-0.021495,0.083611,0.1396,0.331772,-0.059749,-0.320949,0.8686,0.23942,-0.012915,0.093277,0.1636,0.497187,0.513859,-0.100136,0.978,0.544336,0.518656,0.10161,0.9593,0.519501,0.732593,-0.048909,0.8247,0.522456,0.730159,0.12731,0.0929,0.634751,0.931527,-0.020257,0.7587,0.638559,0.924202,0.181157,0.1512,0.720058,0.965511,-0.022937,0.8493,0.711715,0.959952,0.180857,0.3266,0.207276,0.958132,-0.108949,0.6734,0.237058,0.951321,0.10382,0.2285
tadasana_y107_0087,tadasana,arms up,Y107,train,unlabelled,,not stated by the host (web photographs); included for research and education,data/datasets/yoga107/urdhva_hastasana/031.jpg,True,160,678,True,0.9964,0.4236,177.852,179.831,160.032,176.275,177.22,153.701,172.77,170.936,10.846,16.654,177.852,179.831,160.032,176.275,10.846,16.654,170.936,172.77,151.836,172.097,172.77,177.852,160.032,172.097,6.967,6.967,11.28,20.99,5.801,85.713,-0.9926,-0.1974,0.1105,0.4755,0.6765,0.158554,0.107357,0.9984,0.680748,0.142265,0.080652,0.9984,0.664603,0.141226,0.08118,0.9983,0.640873,0.13951,0.081104,0.998,0.719177,0.144852,0.087509,0.9984,0.731346,0.145764,0.086857,0.998,0.744874,0.146552,0.087632,0.9985,0.586514,0.147763,-0.001255,0.9977,0.752683,0.156956,0.017276,0.9986,0.642075,0.169517,0.083628,0.9958,0.674794,0.172012,0.088074,0.997,0.3063,0.191282,-0.073335,0.9968,0.854766,0.24094,0.041526,0.9964,0.307495,0.092135,-0.067517,0.9435,0.717354,0.118104,0.109031,0.4236,0.47364,-0.014825,-0.067973,0.9434,0.545812,-0.002795,0.146853,0.7066,0.439205,-0.043364,-0.085833,0.9321,0.538536,-0.022412,0.146315,0.7296,0.478454,-0.039828,-0.092351,0.9334,0.532073,-0.021106,0.131439,0.7318,0.487562,-0.027209,-0.070738,0.9193,0.550164,-0.015833,0.143358,0.726,0.23885,0.500892,-0.051711,0.9989,0.622505,0.51009,0.053114,0.9991,0.310695,0.72707,-0.022456,0.9346,0.583355,0.726313,0.053332,0.6517,0.410212,0.935303,-0.025542,0.8782,0.544105,0.929059,0.081245,0.6855,0.439523,0.963762,-0.028217,0.9122,0.577978,0.962521,0.082893,0.7288,0.12606,0.964542,-0.051693,0.6457,0.400368,0.948839,0.054432,0.467
tadasana_y107_0088,tadasana,arms up,Y107,holdout,unlabelled,,not stated by the host (web photographs); included for research and education,data/datasets/yoga107/urdhva_hastasana/032.jpg,True,363,843,True,0.9926,0.0809,171.46,173.784,173.419,165.504,170.345,172.863,130.106,131.861,42.531,43.713,171.46,173.784,165.504,173.419,42.531,43.713,130.106,131.861,165.388,167.144,131.861,173.784,165.504,165.388,29.382,-29.382,31.61,72.427,87.142,69.78,-0.8714,-0.2726,0.054,0.0337,0.445819,0.176704,-0.009507,0.9977,0.412827,0.187667,0.010053,0.9972,0.412745,0.190232,0.010681,0.9963,0.412817,0.193037,0.010706,0.998,0.413942,0.188324,-0.022854,0.9984,0.414032,0.191171,-0.02352,0.998,0.414191,0.194244,-0.023926,0.9984,0.437585,0.221618,0.083321,0.9985,0.441896,0.220656,-0.078059,0.9981,0.490168,0.190171,0.01745,0.9979,0.489293,0.19111,-0.027093,0.9972,0.591805,0.261323,0.140317,0.9926,0.584885,0.251915,-0.168123,0.9983,0.399539,0.160278,0.131387,0.1411,0.399017,0.142711,-0.26734,0.9911,0.193116,0.074172,0.020421,0.4291,0.139932,0.051508,-0.312114,0.976,0.124889,0.062049,0.004785,0.5046,0.077239,0.033772,-0.34019,0.9731,0.109876,0.060675,-0.011124,0.5087,0.064907,0.040353,-0.327053,0.9701,0.130768,0.065814,0.004985,0.5089,0.08303,0.046302,-0.309381,0.9614,0.92228,0.511067,0.117165,0.9971,0.922518,0.513119,-0.115678,0.9953,0.737018,0.72766,0.140231,0.1301,0.746184,0.733152,-0.113751,0.9337,0.638305,0.933285,0.189799,0.0809,0.632139,0.948903,-0.102382,0.8614,0.593788,0.970374,0.19046,0.2713,0.579843,0.983397,-0.101924,0.9541,0.794423,0.973135,0.143614,0.1579,0.782762,0.994486,-0.172953,0.863
tadasana_y107_0089,tadasana,arms up,Y107,train,unlabelled,,not stated by the host (web photographs); included for research and education,data/datasets/yoga107/urdhva_hastasana/033.jpg,True,98,466,True,0.9788,0.0975,179.619,178.456,163.456,168.549,156.079,155.165,171.486,174.226,12.744,15.721,178.456,179.619,163.456,168.549,12.744,15.721,171.486,174.226,160.772,164.056,171.486,179.619,163.456,164.056,3.351,3.351,22.369,26.899,1.117,84.686,-0.9983,-0.3636,0.0606,0.0941,0.539221,0.208924,-0.03812,0.9972,0.619702,0.208073,-0.053588,0.9976,0.624945,0.210277,-0.053023,0.9975,0.631309,0.212638,-0.053076,0.9973,0.618254,0.207013,-0.022921,0.9979,0.621265,0.208475,-0.023571,0.9973,0.625706,0.210158,-0.023115,0.9978,0.641346,0.237824,-0.100185,0.9959,0.649043,0.233996,0.028666,0.997,0.492091,0.2265,-0.053247,0.9911,0.491242,0.225413,-0.016083,0.9903,0.439811,0.297534,-0.188343,0.9866,0.543055,0.308549,0.098003,0.9788,0.223724,0.1774,-0.271181,0.993,0.329293,0.193407,0.138734,0.2978,0.182291,0.058075,-0.298007,0.9777,0.232582,0.076584,0.082408,0.513,0.182688,0.024122,-0.33611,0.9652,0.232523,0.049335,0.082587,0.5389,0.221709,0.021594,-0.319956,0.9535,0.246074,0.045374,0.058901,0.5347,0.223142,0.034742,-0.293703,0.9574,0.247436,0.05642,0.06756,0.571,0.369583,0.561665,-0.099086,0.995,0.469399,0.561256,0.099939,0.9923,0.459672,0.765355,-0.066726,0.82,0.507719,0.764871,0.110766,0.0975,0.540974,0.963473,-0.023275,0.6894,0.565938,0.948686,0.168998,0.1152,0.614465,0.986618,-0.02283,0.7736,0.656289,0.974932,0.169566,0.2622,0.155801,0.989491,-0.106363,0.614,0.250247,0.977857,0.081691,0.1826
tadasana_y107_0090,tadasana,arms up,Y107,train,unlabelled,,not stated by the host (web photographs); included for research and education,data/datasets/yoga107/urdhva_hastasana/034.jpg,True,628,720,True,0.976,0.248,175.863,179.49,174.231,167.584,170.34,173.271,179.726,156.018,27.315,26.523,175.863,179.49,167.584,174.231,26.523,27.315,156.018,179.726,166.64,167.92,156.018,179.49,167.584,166.64,14.199,-14.199,18.032,12.952,13.783,75.039,-0.9695,-0.3038,0.7469,0.0876,0.494503,0.23135,-0.092471,0.9921,0.471649,0.229561,-0.076079,0.9908,0.470751,0.23063,-0.07528,0.9896,0.469705,0.232091,-0.075173,0.9921,0.468128,0.23226,-0.106412,0.9905,0.464899,0.235048,-0.107195,0.9891,0.461539,0.238355,-0.106936,0.9878,0.460818,0.254913,0.002261,0.9891,0.453215,0.262109,-0.147869,0.9873,0.505859,0.24559,-0.064061,0.9882,0.501299,0.249006,-0.106098,0.9829,0.510811,0.311728,0.052937,0.9829,0.48404,0.317098,-0.210481,0.976,0.447114,0.192013,0.069337,0.248,0.430091,0.187054,-0.3354,0.9843,0.39135,0.109982,-0.040853,0.506,0.333015,0.053164,-0.375503,0.8871,0.370525,0.085151,-0.064362,0.5053,0.305502,0.008495,-0.401431,0.8859,0.370049,0.084902,-0.076903,0.5182,0.304145,0.008123,-0.393341,0.8751,0.370747,0.08578,-0.054779,0.5503,0.31466,0.029878,-0.374426,0.8849,0.593167,0.575476,0.087048,0.9981,0.555484,0.583539,-0.085869,0.9956,0.648658,0.756598,0.120509,0.7008,0.513488,0.775222,-0.061914,0.9844,0.709455,0.909745,0.193245,0.8405,0.476983,0.934164,0.041528,0.9767,0.701105,0.940271,0.194807,0.8329,0.459009,0.959562,0.046884,0.9352,0.800416,0.947607,0.127865,0.8467,0.568273,0.97201,-0.044488,0.9445
tadasana_y107_0091,tadasana,arms up,Y107,train,unlabelled,,not stated by the host (web photographs); included for research and education,data/datasets/yoga107/urdhva_hastasana/035.jpg,True,84,297,True,0.9747,0.1871,159.098,159.139,164.175,160.947,158.92,158.025,159.064,158.179,6.515,7.756,159.098,159.139,160.947,164.175,6.515,7.756,158.179,159.064,166.391,167.711,158.179,159.139,160.947,167.711,20.083,-20.083,30.468,87.543,22.881,88.224,-0.9392,-0.2534,0.053,0.0572,0.238807,0.222329,-0.027698,0.9935,0.200971,0.225078,-0.009632,0.9853,0.201843,0.22679,-0.009036,0.9819,0.201837,0.228465,-0.009172,0.9927,0.197888,0.225664,-0.045729,0.9945,0.196083,0.227666,-0.04649,0.994,0.193549,0.229627,-0.046788,0.9944,0.201577,0.252231,0.063886,0.9943,0.198308,0.251251,-0.110186,0.9928,0.284722,0.235156,-0.000687,0.9932,0.277744,0.235579,-0.049395,0.9914,0.375012,0.300699,0.137573,0.9747,0.37742,0.284828,-0.193537,0.9954,0.382397,0.1756,0.164805,0.1964,0.392456,0.158643,-0.316052,0.9958,0.280798,0.067367,0.070939,0.4077,0.256594,0.033916,-0.322209,0.9539,0.212749,0.049934,0.05716,0.6004,0.192309,0.011869,-0.350502,0.9425,0.185278,0.048842,0.042229,0.6469,0.156363,0.015633,-0.338593,0.9448,0.206848,0.05436,0.056147,0.6261,0.175364,0.022217,-0.318923,0.9467,0.700918,0.552255,0.116081,0.9966,0.726323,0.555287,-0.114591,0.9957,0.691129,0.747575,0.155792,0.2298,0.704419,0.755105,-0.123689,0.9205,0.462762,0.909759,0.230662,0.1871,0.454937,0.924312,-0.097985,0.9234,0.378713,0.931667,0.232933,0.4288,0.347316,0.943591,-0.096893,0.9576,0.627524,0.958054,0.189982,0.344,0.656293,0.967948,-0.163968,0.9
tadasana_y107_0092,tadasana,arms up,Y107,holdout,unlabelled,,not stated by the host (web photographs); included for research and education,data/datasets/yoga107/urdhva_hastasana/036.jpg,True,94,401,True,0.9957,0.7234,176.574,178.575,174.662,177.889,179.16,179.01,178.12,177.39,4.738,5.465,176.574,178.575,174.662,177.889,4.738,5.465,177.39,178.12,178.511,179.911,177.39,178.575,177.889,179.911,1.011,-1.011,1.546,4.361,1.8,82.014,-0.9998,-0.233,0.0769,0.5006,0.476011,0.169154,-0.126984,0.9994,0.510851,0.152297,-0.108349,0.9992,0.53866,0.1524,-0.107486,0.9991,0.565597,0.15257,-0.107589,0.999,0.412775,0.152234,-0.107835,0.9993,0.373237,0.152477,-0.108513,0.9993,0.339659,0.152882,-0.108146,0.9992,0.60092,0.157783,-0.008167,0.9991,0.284915,0.159775,-0.020533,0.9994,0.530152,0.187809,-0.091519,0.9979,0.421394,0.188701,-0.096068,0.998,0.73262,0.227968,-0.020841,0.997,0.147288,0.238432,0.003017,0.9957,0.75627,0.096136,-0.081303,0.9589,0.082656,0.102629,-0.035103,0.9567,0.815034,-0.005133,-0.117366,0.7234,0.050453,0.001161,-0.053764,0.8216,0.803175,-0.008308,-0.146628,0.5922,0.046564,-0.006017,-0.08302,0.7106,0.785812,-0.008679,-0.150833,0.5676,0.063772,-0.005128,-0.074262,0.6851,0.782734,-0.007093,-0.123922,0.6046,0.083889,-0.002226,-0.058193,0.7117,0.665182,0.506512,-0.010275,0.9986,0.256118,0.509525,0.011019,0.9969,0.585788,0.713887,-0.009313,0.8712,0.379022,0.714875,-0.019961,0.8821,0.561855,0.902609,0.077014,0.825,0.472396,0.905172,0.069383,0.8462,0.555191,0.915933,0.076879,0.3242,0.483661,0.917082,0.068074,0.5056,0.564552,0.917578,-0.04495,0.7752,0.377671,0.945744,-0.064847,0.7891
tadasana_y107_0093,tadasana,arms up,Y107,train,unlabelled,,not stated by the host (web photographs); included for research and education,data/datasets/yoga107/urdhva_hastasana/037.jpg,True,83,283,True,0.9914,0.8507,177.156,177.672,176.37,169.906,170.737,172.895,176.974,177.21,11.969,7.019,177.156,177.672,169.906,176.37,7.019,11.969,176.974,177.21,172.595,177.612,176.974,177.156,176.37,172.595,0.028,-0.028,5.872,0.84,1.682,88.159,-1.0,-0.266,0.3134,0.4986,0.537565,0.179984,-0.152017,0.9983,0.573229,0.163026,-0.133178,0.9976,0.59784,0.162948,-0.132311,0.9976,0.621474,0.162758,-0.132615,0.9975,0.49735,0.164329,-0.13083,0.9978,0.473457,0.164921,-0.131479,0.9976,0.451365,0.165425,-0.13134,0.9974,0.664024,0.173078,-0.034218,0.9978,0.432951,0.17541,-0.037405,0.9978,0.595523,0.199723,-0.117434,0.9972,0.497961,0.199284,-0.119233,0.9963,0.836146,0.261598,-0.043662,0.9966,0.321608,0.259385,-0.049265,0.9914,0.938524,0.139604,-0.152868,0.965,0.223874,0.121412,-0.126581,0.9773,1.018027,0.009976,-0.241665,0.8873,0.211793,-0.002187,-0.154751,0.8507,1.06729,-0.019482,-0.279388,0.8006,0.214911,-0.01508,-0.187744,0.7612,1.035771,-0.016686,-0.28759,0.7881,0.239306,-0.014426,-0.178557,0.7332,1.002348,-0.00604,-0.252169,0.8134,0.243929,-0.011146,-0.159627,0.7662,0.753661,0.56466,-0.006113,0.999,0.405092,0.561659,0.006893,0.9971,0.732601,0.79468,-0.021766,0.9484,0.43074,0.795721,-0.016632,0.9475,0.747922,0.991758,0.096569,0.9157,0.425244,0.9854,0.093263,0.8795,0.733002,0.996323,0.098613,0.2921,0.485773,1.003061,0.092569,0.3938,0.73238,1.086638,-0.036295,0.7792,0.486292,1.064771,-0.045215,0.7498
tadasana_y107_0094,tadasana,arms up,Y107,train,unlabelled,,not stated by the host (web photographs); included for research and education,data/datasets/yoga107/urdhva_hastasana/038.jpg,True,181,621,True,0.9841,0.6849,173.185,175.371,176.677,173.24,168.807,164.497,167.428,172.656,18.232,12.132,173.185,175.371,173.24,176.677,12.132,18.232,167.428,172.656,168.028,170.438,172.656,175.371,173.24,168.028,4.234,-4.234,8.167,0.647,3.327,82.496,-0.9973,-0.2806,0.1738,0.4337,0.686647,0.261453,-0.019617,0.9948,0.646218,0.251544,-0.038245,0.9942,0.626735,0.252735,-0.03769,0.9946,0.608859,0.254074,-0.03782,0.9947,0.688457,0.250863,-0.053478,0.993,0.699364,0.251411,-0.053961,0.9918,0.710899,0.251962,-0.053818,0.9907,0.553461,0.268268,-0.077487,0.9947,0.697811,0.265152,-0.161339,0.9881,0.665014,0.27875,-0.025385,0.9942,0.706103,0.277516,-0.048641,0.9919,0.416029,0.335124,-0.042272,0.9924,0.803265,0.333848,-0.201032,0.9841,0.260175,0.209384,-0.014566,0.8398,0.918691,0.213858,-0.251317,0.984,0.13432,0.085864,-0.073324,0.9507,0.991024,0.079263,-0.305258,0.954,0.091167,0.057347,-0.096361,0.9448,1.017266,0.048301,-0.343055,0.9332,0.145586,0.054109,-0.116793,0.9417,0.961098,0.049082,-0.333236,0.9352,0.164171,0.062648,-0.084516,0.9328,0.952171,0.059232,-0.302082,0.9435,0.550387,0.59192,0.056515,0.9949,0.800758,0.596162,-0.05473,0.9892,0.503904,0.790599,0.096467,0.6849,0.714478,0.787078,-0.01539,0.868,0.532375,0.953597,0.179319,0.6866,0.684176,0.962964,0.031985,0.884,0.513534,0.974769,0.182099,0.7769,0.659287,0.982391,0.034325,0.9266,0.627935,0.961923,0.136027,0.5793,0.810087,0.980011,-0.021348,0.792
tadasana_y107_0095,tadasana,arms up,Y107,train,unlabelled,,not stated by the host (web photographs); included for research and education,data/datasets/yoga107/urdhva_hastasana/039.jpg,True,261,765,True,0.9575,0.0937,177.226,176.743,162.113,163.246,173.99,172.811,150.138,150.95,31.82,32.496,176.743,177.226,162.113,163.246,31.82,32.496,150.138,150.95,164.056,165.578,150.95,176.743,163.246,164.056,16.967,-16.967,14.195,52.61,12.163,77.501,-0.9565,-0.2915,0.1375,0.0647,0.548353,0.203052,-0.033766,0.9833,0.495847,0.200555,-0.017549,0.9797,0.49396,0.201933,-0.016956,0.9758,0.491701,0.203473,-0.01692,0.9872,0.492091,0.201162,-0.053608,0.9878,0.486676,0.203152,-0.054352,0.9859,0.479875,0.205491,-0.054398,0.9882,0.469523,0.228432,0.055734,0.9888,0.453595,0.230911,-0.118687,0.9866,0.575637,0.218402,-0.006247,0.982,0.568822,0.219189,-0.055422,0.9784,0.569995,0.289013,0.106907,0.9575,0.538804,0.27509,-0.188362,0.978,0.417103,0.168524,0.130329,0.0937,0.386491,0.156937,-0.298221,0.9895,0.191449,0.080879,0.013551,0.2227,0.117776,0.049576,-0.320444,0.9084,0.118141,0.06141,-0.010333,0.2961,0.054931,0.03067,-0.344879,0.9057,0.10572,0.062733,-0.017495,0.3153,0.032562,0.033608,-0.340171,0.9029,0.131099,0.06888,0.000728,0.3213,0.057008,0.039603,-0.319912,0.9081,0.802821,0.542509,0.113343,0.9789,0.769625,0.540069,-0.112013,0.9697,0.678877,0.733832,0.146646,0.1782,0.638555,0.741801,-0.09502,0.935,0.594066,0.903311,0.209704,0.2095,0.545604,0.936712,-0.086165,0.8973,0.53977,0.937182,0.20998,0.4126,0.486456,0.966405,-0.087385,0.936,0.789754,0.960534,0.147297,0.3005,0.725694,0.979405,-0.174582,0.8335
tadasana_y107_0096,tadasana,arms up,Y107,holdout,unlabelled,,not stated by the host (web photographs); included for research and education,data/datasets/yoga107/urdhva_hastasana/040.jpg,True,209,478,True,0.9973,0.8856,178.34,179.01,160.807,165.267,170.735,178.602,177.785,179.469,6.973,4.222,178.34,179.01,160.807,165.267,4.222,6.973,177.785,179.469,171.533,179.278,179.469,178.34,165.267,171.533,1.724,1.724,4.465,0.03,0.998,84.52,-0.9995,-0.4014,0.1588,0.5762,0.332549,0.266785,-0.107588,0.9997,0.35143,0.256711,-0.082156,0.9996,0.36522,0.258164,-0.081509,0.9995,0.378174,0.259816,-0.081501,0.9995,0.31191,0.257738,-0.082796,0.9996,0.299687,0.259641,-0.083454,0.9996,0.288345,0.261427,-0.083305,0.9995,0.398214,0.278681,0.022171,0.9994,0.276174,0.280054,0.006197,0.9994,0.364444,0.2909,-0.07268,0.9992,0.314908,0.290829,-0.078013,0.9991,0.505115,0.363513,0.008904,0.9983,0.187691,0.36344,-0.026718,0.9973,0.497534,0.242616,-0.079129,0.9816,0.174262,0.245374,-0.140097,0.9931,0.564848,0.149961,-0.146314,0.9668,0.225651,0.138621,-0.184497,0.9773,0.570984,0.129639,-0.177058,0.9257,0.240602,0.118427,-0.218122,0.935,0.550829,0.126782,-0.184262,0.9206,0.250931,0.119211,-0.200023,0.9279,0.44353,0.123294,-0.153835,0.9241,0.253776,0.12449,-0.185091,0.9316,0.430965,0.603463,0.00516,0.9984,0.228696,0.605005,-0.004135,0.998,0.391189,0.784747,-0.054673,0.9277,0.2558,0.787581,-0.040788,0.9296,0.362398,0.973269,0.021941,0.9051,0.275522,0.968865,0.021196,0.8856,0.356849,0.991003,0.020881,0.5339,0.290545,0.984117,0.017839,0.5527,0.387718,1.019441,-0.108911,0.8645,0.259697,1.030071,-0.103833,0.842
tadasana_y107_0097,tadasana,arms up,Y107,train,unlabelled,,not stated by the host (web photographs); included for research and education,data/datasets/yoga107/urdhva_hastasana/041.jpg,True,127,567,True,0.9936,0.9184,178.845,179.434,171.558,166.132,179.643,174.825,177.797,179.586,1.893,2.549,178.845,179.434,166.132,171.558,1.893,2.549,177.797,179.586,176.475,178.953,179.586,179.434,166.132,178.953,0.935,0.935,1.61,1.58,0.973,85.99,-0.9999,-0.2769,0.1685,0.4932,0.549157,0.250286,-0.234223,0.9998,0.591946,0.23427,-0.213165,0.9997,0.618838,0.234361,-0.21212,0.9997,0.644281,0.234544,-0.212281,0.9997,0.498773,0.235926,-0.213682,0.9997,0.467583,0.23688,-0.21421,0.9997,0.438563,0.237737,-0.213978,0.9996,0.670938,0.244764,-0.102678,0.9996,0.395047,0.247488,-0.116752,0.9995,0.606004,0.270654,-0.195355,0.9992,0.491767,0.269232,-0.199771,0.9989,0.801194,0.319771,-0.107703,0.9983,0.23487,0.323271,-0.097486,0.9936,0.857308,0.195491,-0.216205,0.9763,0.143112,0.19006,-0.188769,0.9879,0.835214,0.089249,-0.290455,0.9184,0.186656,0.080717,-0.221869,0.9567,0.833982,0.076858,-0.328129,0.8094,0.2026,0.059645,-0.249246,0.9017,0.792652,0.076182,-0.322089,0.7923,0.236297,0.059521,-0.242763,0.8908,0.77649,0.079923,-0.293514,0.7993,0.238737,0.06501,-0.226523,0.8969,0.691832,0.578038,-0.005816,0.999,0.306762,0.579503,0.006538,0.9984,0.643875,0.769288,0.011736,0.9907,0.365513,0.767233,0.038259,0.9936,0.617894,0.931108,0.158225,0.9893,0.424468,0.932248,0.182088,0.9898,0.607287,0.957014,0.162328,0.8981,0.457735,0.954671,0.186435,0.8852,0.690658,0.976474,0.041647,0.9784,0.313008,0.990337,0.069542,0.9747
tadasana_y107_0098,tadasana,arms up,Y107,train,unlabelled,,not stated by the host (web photographs); included for research and education,data/datasets/yoga107/urdhva_hastasana/042.jpg,True,116,465,True,0.9935,0.3499,178.926,175.203,171.474,178.666,167.908,157.719,173.579,176.726,9.302,17.429,175.203,178.926,171.474,178.666,9.302,17.429,173.579,176.726,158.374,172.18,173.579,178.926,171.474,172.18,1.257,1.257,6.82,12.761,1.29,82.098,-0.9998,-0.3274,0.0918,0.3577,0.46641,0.213622,0.069693,0.9993,0.487051,0.209758,0.043279,0.9992,0.47564,0.210716,0.043566,0.9991,0.462588,0.211403,0.043322,0.9989,0.523692,0.210362,0.07081,0.9993,0.536592,0.211933,0.070046,0.9991,0.54986,0.213356,0.07081,0.9993,0.461004,0.230674,-0.044271,0.9981,0.595916,0.235546,0.071034,0.9991,0.428743,0.227785,0.043332,0.9981,0.470252,0.228779,0.076681,0.9986,0.305549,0.289701,-0.128032,0.9935,0.675109,0.310579,0.116853,0.9965,0.191586,0.171955,-0.193314,0.9929,0.521748,0.193422,0.16628,0.5912,0.148675,0.050774,-0.232313,0.9864,0.384159,0.079383,0.102784,0.8764,0.114885,0.021594,-0.256689,0.9785,0.413189,0.053114,0.11093,0.8881,0.177271,0.026776,-0.246977,0.9762,0.39264,0.04848,0.087443,0.8859,0.196248,0.035532,-0.227414,0.9703,0.383089,0.056604,0.094109,0.8795,0.333948,0.56361,-0.089077,0.9967,0.600243,0.565106,0.090516,0.9984,0.45044,0.772971,-0.058252,0.9505,0.587252,0.766347,0.084208,0.3761,0.54961,0.979555,-0.04334,0.9014,0.643389,0.973135,0.10722,0.3499,0.59178,1.002727,-0.044996,0.9484,0.685934,1.000148,0.105153,0.5748,0.232813,1.00546,-0.089147,0.8808,0.40851,0.995006,0.058214,0.394
tadasana_y107_0099,tadasana,arms up,Y107,train,unlabelled,,not stated by the host (web photographs); included for research and education,data/datasets/yoga107/urdhva_hastasana/043.jpg,True,600,600,True,0.9866,0.1112,176.978,177.028,173.656,173.498,161.601,161.998,173.663,170.999,12.221,10.872,176.978,177.028,173.498,173.656,10.872,12.221,170.999,173.663,164.566,165.229,170.999,177.028,173.498,165.229,3.563,-3.563,9.474,62.011,18.001,84.898,-0.9981,-0.2884,0.0365,0.0663,0.770537,0.262314,-0.043199,0.9938,0.758662,0.260298,-0.027683,0.9929,0.757315,0.261623,-0.026956,0.9901,0.755952,0.262836,-0.027109,0.9943,0.75802,0.260747,-0.059319,0.9938,0.756139,0.262293,-0.059954,0.9927,0.754264,0.263772,-0.060072,0.994,0.745061,0.280476,0.047662,0.992,0.745662,0.280985,-0.107825,0.9944,0.772806,0.276327,-0.013626,0.9938,0.771361,0.276224,-0.057374,0.9915,0.753269,0.337816,0.12436,0.9866,0.760667,0.323896,-0.205981,0.9954,0.780837,0.236253,0.173817,0.1112,0.784908,0.22741,-0.33157,0.9924,0.795041,0.14495,0.043382,0.2753,0.797908,0.129998,-0.315424,0.982,0.794298,0.120306,0.019274,0.3271,0.798938,0.107519,-0.347534,0.9717,0.791058,0.118498,-0.001644,0.3316,0.791277,0.106463,-0.336453,0.9642,0.790227,0.125437,0.025248,0.3632,0.790693,0.113579,-0.310739,0.9473,0.766295,0.569846,0.111542,0.9973,0.777187,0.566307,-0.110267,0.9947,0.756593,0.747584,0.118336,0.1381,0.760881,0.748938,-0.093883,0.8965,0.738871,0.912145,0.171732,0.2104,0.736543,0.920506,-0.069274,0.8724,0.724182,0.938345,0.169155,0.4065,0.719869,0.95033,-0.07196,0.9196,0.80783,0.934077,0.111319,0.2995,0.800027,0.946291,-0.15773,0.8068
tadasana_y107_0100,tadasana,arms up,Y107,holdout,unlabelled,,not stated by the host (web photographs); included for research and education,data/datasets/yoga107/urdhva_hastasana/044.jpg,True,296,699,True,0.9393,0.0773,174.298,169.571,163.571,166.315,143.781,141.708,164.174,162.02,47.72,48.893,169.571,174.298,163.571,166.315,47.72,48.893,162.02,164.174,135.47,136.677,162.02,169.571,166.315,135.47,4.379,-4.379,66.54,66.802,47.926,76.383,-0.9971,-0.2539,0.06,0.0728,0.493653,0.169228,-0.022782,0.9914,0.473123,0.186237,-0.007479,0.9918,0.475488,0.18954,-0.006822,0.99,0.477713,0.19312,-0.006829,0.9937,0.474197,0.185178,-0.036143,0.9923,0.477142,0.187604,-0.036977,0.991,0.479757,0.189992,-0.037204,0.9924,0.516343,0.217958,0.066469,0.9951,0.521965,0.214425,-0.074544,0.9906,0.545397,0.176138,0.00416,0.9929,0.544452,0.17414,-0.03477,0.9906,0.665737,0.248219,0.112114,0.9753,0.684346,0.229832,-0.142254,0.9777,0.437008,0.135274,0.114889,0.1606,0.4349,0.115177,-0.226827,0.9777,0.211965,0.073491,0.075414,0.3754,0.177976,0.042727,-0.279208,0.8967,0.142761,0.068871,0.073582,0.3443,0.107578,0.037425,-0.310108,0.8836,0.141479,0.068331,0.068223,0.3468,0.10452,0.043406,-0.301262,0.8777,0.169628,0.072247,0.069918,0.3502,0.128754,0.047938,-0.27774,0.852,0.714669,0.517729,0.112747,0.9729,0.734533,0.508412,-0.111396,0.9393,0.6152,0.726081,0.112771,0.0773,0.609855,0.726358,-0.095419,0.8987,0.569502,0.919012,0.154508,0.0949,0.58247,0.934557,-0.090062,0.6212,0.519103,0.949609,0.155721,0.2756,0.526248,0.963618,-0.08845,0.7538,0.715639,0.961657,0.113449,0.1089,0.764964,0.972787,-0.153346,0.4926
tadasana_y107_0101,tadasana,arms up,Y107,train,unlabelled,,not stated by the host (web photographs); included for research and education,data/datasets/yoga107/urdhva_hastasana/045.jpg,True,190,951,True,0.9992,0.193,39.88,17.721,37.139,69.064,47.89,7.006,25.983,40.775,77.21,119.891,17.721,39.88,37.139,69.064,77.21,119.891,25.983,40.775,67.802,95.105,25.983,39.88,37.139,95.105,7.689,-7.689,21.069,14.523,10.048,56.919,-0.991,-0.4119,0.0396,0.1054,0.499151,0.231514,-0.380443,0.9996,0.501905,0.232649,-0.413181,0.9994,0.499645,0.232976,-0.411909,0.9995,0.497332,0.233317,-0.41187,0.9995,0.508232,0.232156,-0.409887,0.9994,0.51027,0.23211,-0.411091,0.9994,0.512253,0.232061,-0.409931,0.9993,0.486013,0.236701,-0.420178,0.9997,0.510668,0.23516,-0.421248,0.9997,0.488099,0.233848,-0.370538,0.9999,0.495031,0.232927,-0.369605,0.9999,0.474047,0.247312,-0.32133,0.9998,0.494287,0.248359,-0.303149,0.9992,0.567066,0.260049,-0.177563,0.5764,0.495061,0.261236,-0.11322,0.2113,0.540765,0.244286,-0.088389,0.4479,0.426293,0.256168,0.046013,0.2933,0.527177,0.240523,-0.095074,0.4764,0.417674,0.255112,0.060858,0.3671,0.536433,0.2399,-0.100126,0.483,0.397302,0.256301,0.037831,0.4213,0.540584,0.24105,-0.084711,0.4553,0.401512,0.256735,0.039057,0.4298,0.500685,0.286752,-0.002923,0.9999,0.520727,0.287462,0.004089,0.9999,0.528117,0.270178,0.069856,0.4703,0.58854,0.266663,0.088703,0.2355,0.534806,0.273556,0.28874,0.4058,0.541752,0.274287,0.357649,0.193,0.53695,0.275251,0.31784,0.3338,0.540993,0.27654,0.388324,0.1401,0.536702,0.269383,0.339187,0.4845,0.515699,0.272248,0.413838,0.2572
tadasana_y107_0102,tadasana,arms up,Y107,train,unlabelled,,not stated by the host (web photographs); included for research and education,data/datasets/yoga107/urdhva_hastasana/046.jpg,True,157,473,True,0.9972,0.792,173.155,174.686,47.319,48.601,31.472,30.931,177.504,171.761,148.641,143.385,173.155,174.686,47.319,48.601,143.385,148.641,171.761,177.504,26.43,27.607,177.504,174.686,48.601,27.607,2.016,-2.016,3.479,1.151,0.414,87.568,-0.9994,-0.4346,0.4425,0.6307,0.506721,0.071077,-0.105283,0.9991,0.537801,0.057476,-0.088928,0.9968,0.558894,0.058163,-0.088251,0.9962,0.577618,0.059028,-0.088803,0.9955,0.473526,0.056578,-0.086678,0.9978,0.446422,0.05692,-0.08774,0.9979,0.425011,0.057558,-0.086946,0.9979,0.603367,0.070183,0.014696,0.9962,0.389954,0.070639,0.011444,0.9989,0.54277,0.094382,-0.068785,0.9989,0.461149,0.091885,-0.069205,0.9994,0.754898,0.191773,0.062793,0.9974,0.21948,0.195344,0.042933,0.9991,0.963352,0.330283,-0.037944,0.9661,0.050794,0.334466,-0.058391,0.9887,0.569959,0.292501,-0.148499,0.888,0.431016,0.289834,-0.152154,0.9508,0.522306,0.263982,-0.161485,0.7364,0.496634,0.261441,-0.170318,0.8465,0.525152,0.256396,-0.152726,0.7115,0.492872,0.254157,-0.140898,0.8145,0.530389,0.261552,-0.143288,0.6611,0.478038,0.260951,-0.142187,0.7731,0.681164,0.475597,0.009296,0.9972,0.352959,0.47481,-0.008737,0.9973,0.650119,0.718209,0.001817,0.921,0.362808,0.718303,-0.028562,0.8992,0.693667,0.905506,0.160433,0.792,0.317978,0.905508,0.092584,0.8146,0.675738,0.903712,0.167119,0.3967,0.321407,0.906038,0.098212,0.3966,0.71438,0.967979,0.051109,0.4945,0.282929,0.964477,-0.029858,0.5123
tadasana_y107_0103,tadasana,arms up,Y107,train,unlabelled,,not stated by the host (web photographs); included for research and education,data/datasets/yoga107/urdhva_hastasana/047.jpg,True,68,353,True,0.9814,0.4937,179.714,179.888,176.414,175.42,176.609,174.488,178.109,178.718,9.193,7.233,179.714,179.888,175.42,176.414,7.233,9.193,178.109,178.718,174.958,176.626,178.109,179.714,175.42,176.626,0.251,0.251,0.202,4.771,2.04,83.958,-1.0,-0.2704,0.1168,0.4795,0.509669,0.193475,-0.171515,0.999,0.562264,0.179101,-0.151222,0.999,0.59101,0.179584,-0.150402,0.9989,0.615392,0.180224,-0.15063,0.9989,0.457491,0.178885,-0.151715,0.999,0.42214,0.17907,-0.152387,0.9989,0.386819,0.179829,-0.15213,0.9988,0.65839,0.189876,-0.043402,0.9989,0.352474,0.189851,-0.057651,0.9988,0.578755,0.211275,-0.134057,0.9965,0.439125,0.210379,-0.138876,0.9957,0.816617,0.256898,-0.047534,0.9944,0.188335,0.267001,-0.028123,0.9814,0.896423,0.140788,-0.115137,0.8913,0.079912,0.140445,-0.079057,0.8892,0.996501,0.04278,-0.16787,0.4937,0.031206,0.028514,-0.110398,0.578,0.978638,0.031941,-0.201139,0.3502,0.043802,0.016628,-0.140214,0.4593,0.929148,0.037295,-0.204322,0.3325,0.08999,0.017624,-0.13623,0.4339,0.934952,0.036301,-0.175263,0.3776,0.083148,0.019085,-0.116589,0.4781,0.718722,0.516728,-0.009206,0.999,0.274729,0.513681,0.009977,0.9967,0.608755,0.716863,0.024763,0.9717,0.322055,0.716202,0.023126,0.9716,0.514994,0.896061,0.141547,0.9747,0.363283,0.900625,0.141246,0.9651,0.506216,0.908856,0.144458,0.593,0.378879,0.917215,0.141387,0.6941,0.478242,0.958639,0.014407,0.959,0.323425,0.958472,0.00716,0.9368
tadasana_zen_0001,tadasana,step 1,ZEN,external,right,,CC BY 4.0,data/datasets/yoga_for_all/tadasana/right/step_1/20230312_104028.jpg,True,472,1024,True,0.9997,0.9519,175.041,172.079,165.298,170.045,21.005,19.172,175.064,172.624,175.665,172.114,172.079,175.041,165.298,170.045,172.114,175.665,172.624,175.064,14.145,14.473,172.624,172.079,165.298,14.145,1.516,1.516,1.18,2.221,0.653,85.127,-0.9997,-0.4152,0.1699,0.6873,0.490262,0.16597,-0.360497,0.9999,0.503764,0.157735,-0.346394,0.9998,0.51204,0.158521,-0.34582,0.9997,0.519126,0.159533,-0.345809,0.9997,0.479361,0.156572,-0.34622,0.9998,0.47086,0.156383,-0.347123,0.9998,0.462253,0.156284,-0.346226,0.9997,0.53116,0.168583,-0.238097,0.9997,0.444045,0.163334,-0.250024,0.9997,0.505793,0.17946,-0.321192,0.9999,0.471801,0.177745,-0.323337,0.9999,0.607725,0.235554,-0.155647,1.0,0.365766,0.231228,-0.198522,0.9999,0.646588,0.326061,-0.113015,0.9944,0.324294,0.316854,-0.159904,0.9941,0.635871,0.406685,-0.181385,0.9931,0.316481,0.395247,-0.224234,0.9836,0.636686,0.429356,-0.204592,0.9821,0.312917,0.421553,-0.246841,0.964,0.617227,0.427284,-0.237135,0.983,0.33049,0.421297,-0.270654,0.9648,0.611935,0.42014,-0.19257,0.9808,0.335848,0.414296,-0.235005,0.9621,0.547785,0.395351,0.016841,0.9997,0.407068,0.396091,-0.01533,0.9998,0.525288,0.516983,0.066426,0.966,0.403437,0.517601,0.04235,0.9757,0.489393,0.612454,0.242739,0.9519,0.430553,0.617495,0.207523,0.9546,0.481024,0.620742,0.254128,0.8157,0.4304,0.627285,0.21778,0.7001,0.506731,0.64729,0.146651,0.9355,0.431365,0.65294,0.102719,0.9308
tadasana_zen_0002,tadasana,step 1,ZEN,external,right,,CC BY 4.0,data/datasets/yoga_for_all/tadasana/right/step_1/20230312_104034(0).jpg,True,472,1024,True,0.9996,0.921,175.604,172.983,165.426,173.847,22.013,15.381,169.297,178.787,178.171,171.43,172.983,175.604,165.426,173.847,171.43,178.171,169.297,178.787,12.624,15.16,169.297,172.983,165.426,15.16,4.89,4.89,11.388,0.272,4.556,87.16,-0.9964,-0.4401,0.139,0.6769,0.505599,0.12398,-0.291098,0.9998,0.524626,0.11489,-0.282809,0.9993,0.536953,0.115586,-0.282228,0.9994,0.549078,0.116289,-0.282532,0.9994,0.495388,0.113628,-0.272952,0.9992,0.487409,0.113613,-0.27389,0.9991,0.481344,0.113619,-0.27292,0.999,0.569486,0.123737,-0.20245,0.9995,0.479479,0.12131,-0.167068,0.9992,0.528095,0.138929,-0.26272,0.9999,0.490877,0.13667,-0.251152,0.9998,0.676617,0.202921,-0.164782,1.0,0.412221,0.203501,-0.099558,0.9999,0.710759,0.305969,-0.160084,0.9983,0.371854,0.296387,-0.040625,0.9594,0.690139,0.398084,-0.233374,0.9964,0.356804,0.372996,-0.119777,0.9669,0.680507,0.424421,-0.265777,0.9913,0.346679,0.401684,-0.136307,0.9447,0.658439,0.420165,-0.290858,0.9915,0.364151,0.401352,-0.16623,0.9471,0.654869,0.411887,-0.24111,0.9901,0.372309,0.392271,-0.133475,0.9427,0.582896,0.385235,-0.019827,0.9997,0.43935,0.379962,0.020978,0.9996,0.570183,0.512912,0.006362,0.9674,0.452916,0.505996,0.097471,0.9477,0.545097,0.606767,0.220698,0.921,0.490804,0.606497,0.280463,0.923,0.545385,0.613045,0.234119,0.6914,0.504198,0.615245,0.293061,0.776,0.516219,0.645881,0.130864,0.8781,0.456622,0.645047,0.195072,0.9078
tadasana_zen_0003,tadasana,step 1,ZEN,external,right,,CC BY 4.0,data/datasets/yoga_for_all/tadasana/right/step_1/20230312_104039(0).jpg,True,472,1024,True,0.9993,0.7507,179.54,170.35,161.495,178.961,21.749,12.275,170.708,179.916,179.292,170.17,170.35,179.54,161.495,178.961,170.17,179.292,170.708,179.916,11.81,13.112,170.708,179.54,161.495,13.112,5.427,5.427,13.17,3.198,0.358,86.887,-0.9955,-0.4484,0.1386,0.6092,0.39189,0.203618,-0.2483,0.9998,0.411681,0.1931,-0.241503,0.9996,0.424194,0.193441,-0.240961,0.9996,0.436521,0.193992,-0.241165,0.9996,0.384141,0.192807,-0.226808,0.9995,0.37703,0.192847,-0.22779,0.9994,0.37157,0.193018,-0.226738,0.9993,0.461633,0.202402,-0.177569,0.9997,0.376876,0.201325,-0.119884,0.9995,0.416538,0.217439,-0.226989,0.9999,0.380041,0.216789,-0.208698,0.9998,0.561727,0.280936,-0.171019,1.0,0.325234,0.287026,-0.037599,0.9998,0.59935,0.386318,-0.188182,0.9987,0.287598,0.382538,0.020932,0.7507,0.567028,0.478714,-0.243977,0.9956,0.260226,0.459964,-0.067489,0.8346,0.556903,0.506875,-0.271476,0.9893,0.253271,0.48738,-0.081376,0.7903,0.533669,0.501794,-0.291069,0.9895,0.264586,0.48605,-0.107833,0.7972,0.529329,0.493,-0.24854,0.9875,0.271031,0.478102,-0.080644,0.7897,0.475047,0.462591,-0.053295,0.9997,0.338375,0.462198,0.05437,0.9993,0.460178,0.58862,-0.051254,0.9463,0.346935,0.581332,0.093009,0.8262,0.4492,0.697831,0.090718,0.921,0.396386,0.692896,0.226448,0.8474,0.467003,0.711806,0.097199,0.6391,0.425648,0.707994,0.233641,0.7316,0.372439,0.738867,-0.011109,0.8903,0.326365,0.73241,0.147594,0.8778
tadasana_zen_0004,tadasana,step 1,ZEN,external,right,,CC BY 4.0,data/datasets/yoga_for_all/tadasana/right/step_1/20230312_104043.jpg,True,472,1024,True,0.9984,0.1814,176.967,169.924,160.598,171.552,19.741,6.242,171.636,178.851,176.641,168.568,169.924,176.967,160.598,171.552,168.568,176.641,171.636,178.851,9.899,10.576,171.636,176.967,160.598,10.576,7.925,7.925,16.589,1.823,2.674,84.429,-0.9905,-0.4146,0.14,0.5335,0.429962,0.160772,-0.224822,0.9957,0.453949,0.148275,-0.22985,0.9946,0.466633,0.148197,-0.229318,0.9955,0.480137,0.148212,-0.229542,0.996,0.432278,0.148778,-0.208093,0.9921,0.427591,0.149015,-0.208965,0.9909,0.42161,0.149027,-0.207877,0.9899,0.524567,0.159788,-0.197789,0.9977,0.440132,0.157782,-0.110213,0.9928,0.450492,0.177874,-0.213073,0.9986,0.422781,0.177641,-0.186139,0.9969,0.63437,0.246695,-0.21934,0.9999,0.38964,0.250286,-0.012093,0.9984,0.661234,0.368477,-0.244118,0.998,0.357648,0.35829,0.052321,0.1814,0.605283,0.475109,-0.244844,0.9913,0.307189,0.438226,-0.016204,0.2957,0.587361,0.508352,-0.267047,0.9804,0.305349,0.46442,-0.021048,0.3044,0.557763,0.503946,-0.284183,0.9804,0.305461,0.462806,-0.043504,0.3189,0.553097,0.492477,-0.2471,0.9775,0.309415,0.454013,-0.02865,0.3215,0.519786,0.45956,-0.063284,0.9993,0.377665,0.456501,0.064484,0.9985,0.486455,0.617079,-0.021453,0.961,0.375582,0.599711,0.145503,0.8123,0.476903,0.71642,0.156144,0.9017,0.415555,0.707597,0.31204,0.8248,0.494919,0.733891,0.166865,0.6536,0.446632,0.727439,0.322165,0.703,0.380927,0.760034,0.073927,0.8376,0.321739,0.75277,0.247322,0.861
tadasana_zen_0005,tadasana,step 1,ZEN,external,right,,CC BY 4.0,data/datasets/yoga_for_all/tadasana/right/step_1/20230312_104051.jpg,True,472,1024,True,0.9947,0.1255,171.721,174.736,163.354,166.484,8.508,1.631,173.053,172.354,172.432,170.09,171.721,174.736,163.354,166.484,170.09,172.432,172.354,173.053,0.393,7.714,173.053,171.721,163.354,0.393,5.163,5.163,22.146,7.034,10.145,84.55,-0.9959,-0.3195,0.1484,0.2285,0.383238,0.15152,-0.16142,0.9955,0.409581,0.135807,-0.185496,0.9946,0.416835,0.1359,-0.185015,0.9952,0.424621,0.135989,-0.185001,0.9957,0.401608,0.13543,-0.153306,0.9921,0.403249,0.1353,-0.153996,0.9907,0.404848,0.135038,-0.152871,0.9889,0.478205,0.144633,-0.225315,0.9974,0.4477,0.142479,-0.093687,0.9882,0.409375,0.169339,-0.173714,0.9984,0.39738,0.168752,-0.133505,0.9964,0.583075,0.228181,-0.270161,0.9999,0.459623,0.235203,0.014637,0.9977,0.585974,0.368065,-0.28928,0.9989,0.442007,0.356577,0.087052,0.1255,0.505896,0.495957,-0.286336,0.9979,0.37757,0.451686,0.059268,0.2305,0.502029,0.532182,-0.328082,0.9943,0.358096,0.479023,0.068988,0.2273,0.462483,0.527746,-0.331075,0.994,0.346555,0.4782,0.044588,0.2315,0.457642,0.516275,-0.28564,0.9909,0.381288,0.475164,0.047073,0.242,0.505359,0.484337,-0.08609,0.9985,0.43935,0.478892,0.087311,0.9947,0.498727,0.657158,0.010189,0.9844,0.471546,0.634446,0.195395,0.5915,0.537282,0.796543,0.126733,0.9385,0.523036,0.759884,0.338365,0.5432,0.56588,0.828238,0.130526,0.882,0.551973,0.785273,0.349008,0.6043,0.385576,0.815837,0.053247,0.8502,0.382989,0.789227,0.304564,0.7052
tadasana_zen_0006,tadasana,step 1,ZEN,external,right,,CC BY 4.0,data/datasets/yoga_for_all/tadasana/right/step_1/20230312_104059.jpg,True,472,1024,True,0.9951,0.1526,166.627,169.878,175.118,160.676,7.23,7.587,177.472,179.452,169.825,170.49,166.627,169.878,160.676,175.118,169.825,170.49,177.472,179.452,0.732,9.733,177.472,166.627,175.118,9.733,4.525,4.525,11.176,10.059,3.371,80.673,-0.9969,-0.3352,0.1167,0.3774,0.548817,0.093069,0.079431,0.9966,0.547224,0.079827,0.046235,0.9953,0.541531,0.079856,0.046617,0.9953,0.535742,0.079885,0.046447,0.9952,0.567443,0.080239,0.066721,0.9951,0.575018,0.080669,0.066133,0.9948,0.58549,0.081204,0.066863,0.9939,0.535625,0.088882,-0.057936,0.9966,0.604407,0.091946,0.023153,0.9938,0.538868,0.107617,0.04598,0.9968,0.562401,0.108859,0.071304,0.9961,0.495566,0.164425,-0.152837,0.9995,0.685847,0.179983,0.074071,0.9956,0.459976,0.286201,-0.191964,0.9939,0.680003,0.309502,0.082387,0.1559,0.399021,0.412367,-0.158555,0.9726,0.60535,0.401461,0.067342,0.1526,0.390003,0.442489,-0.171218,0.937,0.599629,0.430744,0.082412,0.1363,0.382119,0.444361,-0.165985,0.9324,0.596692,0.432509,0.060994,0.1341,0.390399,0.433646,-0.154683,0.9089,0.593924,0.425497,0.05816,0.1393,0.491525,0.405921,-0.074605,0.9982,0.60908,0.409113,0.07623,0.9951,0.473113,0.569514,0.009377,0.9463,0.55516,0.560439,0.154028,0.4997,0.532792,0.719351,0.071334,0.923,0.559202,0.694642,0.24022,0.5932,0.558528,0.748689,0.070256,0.9481,0.579929,0.726325,0.24637,0.7039,0.399386,0.725359,0.026893,0.8466,0.434132,0.710117,0.219763,0.579
tadasana_zen_0007,tadasana,step 1,ZEN,external,right,,CC BY 4.0,data/datasets/yoga_for_all/tadasana/right/step_1/20230312_104106.jpg,True,472,1024,True,0.9971,0.2907,166.489,178.911,175.682,154.248,16.148,13.061,175.792,172.575,167.621,170.994,166.489,178.911,154.248,175.682,167.621,170.994,172.575,175.792,3.562,14.073,175.792,166.489,175.682,14.073,5.249,5.249,20.953,10.536,5.454,84.857,-0.9958,-0.2815,0.1395,0.5889,0.665305,0.151441,0.089973,0.9984,0.665396,0.13709,0.054235,0.9982,0.661203,0.136918,0.054349,0.9984,0.656046,0.13675,0.054652,0.9979,0.683134,0.137274,0.077169,0.9978,0.690691,0.137319,0.076801,0.9982,0.699156,0.137456,0.077509,0.9978,0.660579,0.142588,-0.061653,0.9982,0.726977,0.142908,0.025979,0.9988,0.66706,0.160924,0.05059,0.9987,0.684265,0.162119,0.078643,0.9985,0.595959,0.202905,-0.145524,0.9993,0.879829,0.227242,0.05217,0.9994,0.525997,0.328025,-0.1695,0.9929,0.882281,0.358538,0.092529,0.4797,0.480405,0.445592,-0.127142,0.9681,0.810604,0.428561,0.121702,0.2907,0.47182,0.473777,-0.132352,0.9297,0.785296,0.446857,0.137031,0.2336,0.479616,0.475906,-0.136843,0.9258,0.77299,0.444461,0.121743,0.2261,0.49068,0.464239,-0.126825,0.9065,0.775988,0.438893,0.115436,0.2387,0.610956,0.436529,-0.063719,0.9975,0.775112,0.443753,0.065192,0.9971,0.594665,0.607604,-0.006702,0.9781,0.743686,0.604701,0.138919,0.6064,0.660351,0.763396,0.050488,0.8903,0.721467,0.749228,0.235805,0.6652,0.682212,0.795731,0.05074,0.8615,0.730031,0.77738,0.243567,0.7577,0.540324,0.767663,0.013472,0.7783,0.630748,0.744544,0.212708,0.6064
tadasana_zen_0008,tadasana,step 1,ZEN,external,right,,CC BY 4.0,data/datasets/yoga_for_all/tadasana/right/step_1/20230312_104113.jpg,True,472,1024,True,0.9974,0.5582,177.345,175.929,166.487,167.003,19.811,19.423,176.418,170.409,172.843,179.03,175.929,177.345,166.487,167.003,172.843,179.03,170.409,176.418,13.546,13.763,176.418,177.345,167.003,13.546,2.937,2.937,1.991,2.226,0.13,86.976,-0.9987,-0.362,0.1438,0.6905,0.52788,0.099046,0.128886,0.9987,0.513674,0.0868,0.093798,0.9976,0.502758,0.08678,0.094609,0.9975,0.491079,0.086576,0.094195,0.9973,0.545298,0.087444,0.09576,0.9979,0.555734,0.088014,0.095134,0.9978,0.566339,0.088641,0.09595,0.9976,0.474782,0.095988,-0.014827,0.9978,0.584754,0.0997,-0.017588,0.9982,0.505793,0.114773,0.097497,0.9976,0.545008,0.115291,0.097496,0.9982,0.342269,0.184877,-0.069264,0.9984,0.710793,0.191479,-0.042386,0.9993,0.269756,0.327315,-0.10137,0.9761,0.747237,0.331382,-0.017824,0.9834,0.271137,0.445977,-0.043143,0.5582,0.72018,0.447117,0.047364,0.8288,0.270273,0.473929,-0.031025,0.3999,0.717526,0.474804,0.054616,0.6934,0.296735,0.47278,-0.022329,0.3815,0.689962,0.474266,0.058401,0.668,0.305854,0.462221,-0.03819,0.3573,0.681558,0.46464,0.049277,0.6326,0.404891,0.434142,-0.019562,0.9977,0.593438,0.433945,0.021213,0.9974,0.424916,0.608881,0.096413,0.9426,0.573373,0.611292,0.157398,0.7975,0.457055,0.757854,0.205002,0.8695,0.533865,0.758412,0.262009,0.6909,0.473345,0.787971,0.211948,0.8639,0.533163,0.784069,0.272868,0.8027,0.404927,0.758443,0.205733,0.6804,0.512383,0.750563,0.266551,0.4865
tadasana_zen_0009,tadasana,step 1,ZEN,external,right,,CC BY 4.0,data/datasets/yoga_for_all/tadasana/right/step_1/20230312_104122.jpg,True,472,1024,True,0.9996,0.3182,177.056,171.374,162.091,173.347,17.244,19.287,175.453,172.574,177.419,170.047,171.374,177.056,162.091,173.347,170.047,177.419,172.574,175.453,9.143,16.309,175.453,177.056,173.347,16.309,2.364,-2.364,9.775,8.336,1.844,82.822,-0.9991,-0.3457,0.1491,0.6623,0.353714,0.058589,0.10628,0.9998,0.333696,0.046343,0.076267,0.9996,0.320869,0.046754,0.077209,0.9997,0.308555,0.047234,0.076677,0.9996,0.363022,0.045163,0.069271,0.9996,0.370048,0.045131,0.068779,0.9996,0.376881,0.045027,0.0697,0.9995,0.288163,0.054145,-0.007187,0.9997,0.38173,0.052115,-0.049546,0.9996,0.3361,0.070958,0.084605,0.9996,0.365874,0.069762,0.07331,0.9997,0.152673,0.146605,-0.015782,0.9997,0.470523,0.125139,-0.098779,0.9998,0.127234,0.267956,-0.051403,0.9177,0.539245,0.263099,-0.070733,0.9904,0.174173,0.366445,-0.011731,0.3182,0.566481,0.377202,-0.01249,0.9345,0.173598,0.394029,0.003989,0.2335,0.572199,0.40445,-0.013733,0.8702,0.201183,0.39124,0.0043,0.216,0.554184,0.40553,-0.010252,0.8554,0.206743,0.383068,-0.009515,0.2066,0.544709,0.395848,-0.01099,0.8178,0.248974,0.360492,0.023158,0.9998,0.414239,0.358039,-0.021602,0.9996,0.289611,0.50923,0.166389,0.9036,0.420653,0.51638,0.146244,0.8534,0.311169,0.643482,0.302451,0.8681,0.382478,0.649027,0.269828,0.837,0.299512,0.668621,0.312362,0.8731,0.372697,0.675502,0.281643,0.8726,0.301841,0.641598,0.318338,0.7738,0.413899,0.642699,0.273437,0.7124
tadasana_zen_0010,tadasana,step 1,ZEN,external,right,,CC BY 4.0,data/datasets/yoga_for_all/tadasana/right/step_1/20230312_104127(0).jpg,True,472,1024,True,0.9996,0.1197,173.51,170.669,164.579,174.58,9.613,9.588,179.032,173.72,177.127,175.17,170.669,173.51,164.579,174.58,175.17,177.127,173.72,179.032,2.617,12.232,173.72,170.669,174.58,12.232,1.248,1.248,14.405,9.154,1.28,85.478,-0.9998,-0.2977,0.133,0.5049,0.463078,0.108017,0.021202,0.9997,0.441904,0.092458,0.00888,0.9996,0.432434,0.092485,0.010168,0.9996,0.422907,0.092696,0.009528,0.9996,0.458916,0.09231,-0.012585,0.9995,0.462071,0.092127,-0.013121,0.9994,0.465119,0.091986,-0.011974,0.9993,0.392108,0.099145,-0.002361,0.9997,0.455396,0.096897,-0.113508,0.9994,0.447334,0.120758,0.024747,0.9997,0.465763,0.121069,-0.006329,0.9997,0.246263,0.188263,0.064389,0.9998,0.503125,0.169186,-0.201739,0.9999,0.22723,0.309972,0.044915,0.4674,0.514738,0.309414,-0.167968,0.9962,0.270348,0.409456,0.07772,0.1197,0.553108,0.441864,-0.11458,0.9745,0.274017,0.438792,0.102737,0.1195,0.553807,0.477092,-0.136154,0.9523,0.300883,0.447229,0.092553,0.1097,0.556985,0.47802,-0.127126,0.9451,0.301522,0.4409,0.075387,0.1013,0.548581,0.465443,-0.112896,0.9256,0.293641,0.415477,0.087489,0.9997,0.433304,0.416915,-0.086257,0.9996,0.321049,0.5752,0.197883,0.7173,0.425794,0.59361,0.059991,0.9674,0.310758,0.713284,0.314905,0.7743,0.372334,0.727173,0.183252,0.9425,0.28319,0.734813,0.321418,0.8031,0.346001,0.749685,0.192639,0.9261,0.413268,0.7156,0.304416,0.7984,0.49102,0.734341,0.165619,0.8973
tadasana_zen_0011,tadasana,step 1,ZEN,external,right,,CC BY 4.0,data/datasets/yoga_for_all/tadasana/right/step_1/20230312_104132(0).jpg,True,472,1024,True,0.995,0.0206,167.266,170.726,170.104,164.68,4.511,1.711,178.452,176.958,177.383,169.626,167.266,170.726,164.68,170.104,169.626,177.383,176.958,178.452,0.202,6.025,176.958,170.726,164.68,6.025,3.403,-3.403,19.899,78.868,8.406,86.036,-0.9982,-0.2903,0.0679,0.0481,0.562647,0.105308,-0.158924,0.9943,0.553473,0.090128,-0.149349,0.9907,0.554974,0.090307,-0.148158,0.9901,0.556035,0.090417,-0.148337,0.989,0.53805,0.089482,-0.17064,0.9926,0.530014,0.089408,-0.1713,0.9928,0.520949,0.089431,-0.170463,0.9929,0.528514,0.09678,-0.057718,0.9904,0.483503,0.097804,-0.1695,0.9949,0.558535,0.121844,-0.120354,0.9948,0.54112,0.121355,-0.151246,0.9963,0.451511,0.184104,0.089184,0.995,0.456566,0.172262,-0.231196,0.9995,0.441278,0.312985,0.11502,0.0206,0.47073,0.313954,-0.218303,0.99,0.475812,0.429185,0.108955,0.0323,0.567503,0.451579,-0.184215,0.9385,0.47102,0.462005,0.118016,0.0426,0.570195,0.487275,-0.222118,0.9007,0.503684,0.467687,0.099042,0.0426,0.59126,0.487586,-0.207179,0.8949,0.485616,0.451595,0.100316,0.0421,0.592623,0.474531,-0.180164,0.8796,0.473975,0.429589,0.098519,0.9972,0.498749,0.427901,-0.096974,0.9985,0.498085,0.589981,0.202567,0.3681,0.50717,0.597995,0.019843,0.9047,0.450505,0.732141,0.314074,0.448,0.461502,0.748405,0.138196,0.8293,0.412375,0.755593,0.319255,0.5474,0.414954,0.770999,0.144432,0.7938,0.575413,0.758072,0.287551,0.6097,0.603321,0.774929,0.096265,0.8321
tadasana_zen_0012,tadasana,step 1,ZEN,external,right,,CC BY 4.0,data/datasets/yoga_for_all/tadasana/right/step_1/20230312_104139.jpg,True,472,1024,True,0.9947,0.0336,169.101,178.376,162.154,154.324,2.866,17.254,174.958,170.814,175.149,177.729,169.101,178.376,154.324,162.154,175.149,177.729,170.814,174.958,4.601,5.175,170.814,178.376,154.324,4.601,3.443,-3.443,21.519,12.717,0.865,84.634,-0.9982,-0.317,0.1119,0.4121,0.559556,0.184226,-0.168022,0.9965,0.550921,0.170209,-0.154534,0.9916,0.551037,0.170124,-0.153653,0.9899,0.550777,0.170059,-0.153695,0.988,0.538248,0.169641,-0.17751,0.9955,0.529649,0.168999,-0.178049,0.9963,0.519277,0.168257,-0.177585,0.9968,0.518022,0.175287,-0.054733,0.9891,0.465744,0.171911,-0.174139,0.9982,0.552793,0.200188,-0.128443,0.9958,0.53484,0.199592,-0.161807,0.9988,0.528872,0.260454,0.065874,0.9947,0.345404,0.241369,-0.216399,0.9999,0.516937,0.359181,0.145318,0.0336,0.299221,0.35756,-0.244386,0.9979,0.561513,0.437745,0.122174,0.0918,0.364927,0.468314,-0.25214,0.9873,0.569274,0.453419,0.121763,0.1088,0.368972,0.499965,-0.280564,0.9705,0.582621,0.450948,0.090853,0.1155,0.403601,0.497524,-0.272647,0.9702,0.567243,0.450744,0.108809,0.1236,0.407836,0.487618,-0.248709,0.9627,0.526408,0.461358,0.086958,0.9985,0.402696,0.460498,-0.085191,0.9995,0.498011,0.600717,0.184737,0.8491,0.389574,0.610185,0.015011,0.9667,0.431795,0.705333,0.344156,0.8614,0.386797,0.716452,0.17031,0.9466,0.400837,0.719336,0.354421,0.8551,0.364018,0.731052,0.180267,0.7938,0.519706,0.748315,0.3037,0.8938,0.479904,0.761266,0.093197,0.9346
tadasana_zen_0013,tadasana,step 1,ZEN,external,right,,CC BY 4.0,data/datasets/yoga_for_all/tadasana/right/step_1/20230312_104151.jpg,True,472,1024,True,0.9997,0.9542,176.231,175.624,168.719,170.025,18.339,19.277,176.112,173.092,176.541,174.311,175.624,176.231,168.719,170.025,174.311,176.541,173.092,176.112,13.034,14.705,176.112,176.231,168.719,13.034,0.145,0.145,0.118,1.344,1.994,84.312,-1.0,-0.415,0.1562,0.7142,0.562801,0.204879,-0.33743,0.9998,0.578469,0.193301,-0.324916,0.999,0.588911,0.193785,-0.324272,0.9989,0.597609,0.194582,-0.32448,0.9989,0.544884,0.192728,-0.324564,0.9991,0.533283,0.192829,-0.325535,0.999,0.523069,0.19311,-0.324752,0.999,0.612763,0.20429,-0.223376,0.9989,0.505602,0.201264,-0.233485,0.9991,0.582555,0.22168,-0.300238,0.9998,0.540679,0.221125,-0.302364,0.9998,0.709748,0.287644,-0.15685,0.9999,0.406957,0.28437,-0.194335,0.9999,0.745299,0.39394,-0.124181,0.9937,0.365266,0.390529,-0.161701,0.9932,0.7362,0.48935,-0.190938,0.9922,0.364278,0.481845,-0.216898,0.9865,0.738263,0.51674,-0.218277,0.9829,0.364341,0.508983,-0.2372,0.9721,0.713544,0.51479,-0.247522,0.9839,0.383691,0.508496,-0.259367,0.9733,0.705086,0.505281,-0.200609,0.9828,0.389967,0.50011,-0.226644,0.9717,0.639291,0.480164,0.009232,0.9997,0.475265,0.482796,-0.007927,0.9998,0.611607,0.608293,0.08625,0.9785,0.485267,0.608042,0.088314,0.9766,0.576154,0.7064,0.320992,0.9595,0.510543,0.710555,0.28213,0.9542,0.567033,0.711403,0.338673,0.8234,0.513507,0.715758,0.297419,0.7489,0.570929,0.75367,0.241942,0.9373,0.515965,0.760229,0.198399,0.9292
tadasana_zen_0014,tadasana,step 1,ZEN,external,right,,CC BY 4.0,data/datasets/yoga_for_all/tadasana/right/step_1/20230312_104200.jpg,True,472,1024,True,0.9993,0.8588,176.809,174.355,159.557,173.063,21.369,15.019,170.341,176.618,179.339,170.935,174.355,176.809,159.557,173.063,170.935,179.339,170.341,176.618,11.77,11.771,170.341,176.809,159.557,11.77,4.148,4.148,15.05,3.969,1.433,83.912,-0.9974,-0.3746,0.1338,0.6125,0.400401,0.414512,-0.25579,0.9996,0.423178,0.402384,-0.258165,0.9991,0.434033,0.402397,-0.257804,0.9991,0.445985,0.40237,-0.257663,0.9991,0.399999,0.402312,-0.239281,0.9992,0.395576,0.402205,-0.240151,0.9991,0.390175,0.401989,-0.239148,0.9991,0.48221,0.409457,-0.209487,0.9991,0.403309,0.406623,-0.136613,0.9994,0.424789,0.427268,-0.238023,0.9998,0.393844,0.42704,-0.214726,0.9998,0.606374,0.492244,-0.188873,0.9999,0.346037,0.483919,-0.067637,0.9999,0.649647,0.602434,-0.197597,0.997,0.302308,0.576266,-0.01106,0.8588,0.611579,0.700126,-0.253536,0.9903,0.285383,0.659158,-0.102116,0.9143,0.603677,0.730241,-0.280278,0.9804,0.27921,0.689785,-0.121462,0.879,0.579312,0.724812,-0.306185,0.9804,0.291608,0.687602,-0.146581,0.8837,0.574455,0.714713,-0.260987,0.9788,0.29868,0.678209,-0.115431,0.8768,0.52432,0.684867,-0.04144,0.9993,0.366459,0.683046,0.042529,0.9993,0.51729,0.812876,-0.015188,0.987,0.394899,0.805958,0.12783,0.9416,0.498218,0.921178,0.172753,0.9445,0.443504,0.913829,0.293495,0.9399,0.515736,0.932227,0.1854,0.7271,0.472948,0.92482,0.305182,0.8606,0.407242,0.969041,0.07795,0.7304,0.368944,0.961022,0.216217,0.8927
tadasana_zen_0015,tadasana,step 1,ZEN,external,right,,CC BY 4.0,data/datasets/yoga_for_all/tadasana/right/step_1/20230312_104211.jpg,True,472,1024,True,0.9943,0.126,168.2,171.455,163.475,142.403,4.341,7.054,175.276,172.941,169.077,157.676,168.2,171.455,142.403,163.475,157.676,169.077,172.941,175.276,3.013,17.418,175.276,168.2,163.475,3.013,6.408,6.408,24.369,20.334,26.742,86.814,-0.9938,-0.3358,0.1437,0.1673,0.354472,0.245239,-0.184609,0.9991,0.373583,0.225174,-0.207584,0.9988,0.381339,0.224548,-0.207232,0.999,0.388164,0.223989,-0.207282,0.9991,0.363934,0.225574,-0.175555,0.9977,0.365224,0.225329,-0.176412,0.997,0.366424,0.225059,-0.175116,0.996,0.450843,0.227744,-0.244251,0.9995,0.421752,0.228117,-0.114648,0.9955,0.387634,0.260987,-0.196368,0.9996,0.375882,0.261725,-0.156595,0.9988,0.551884,0.338098,-0.279264,1.0,0.465258,0.323302,-0.004251,0.9965,0.530002,0.49981,-0.286353,0.999,0.40842,0.446983,0.081096,0.126,0.433005,0.622027,-0.273963,0.9982,0.326358,0.479225,0.063816,0.2014,0.418134,0.663157,-0.318156,0.9951,0.315952,0.489522,0.068239,0.2074,0.38923,0.657102,-0.326713,0.995,0.288991,0.480574,0.043739,0.2137,0.384039,0.643937,-0.276129,0.9929,0.29762,0.479677,0.050331,0.2205,0.475862,0.590308,-0.082627,0.9988,0.418036,0.576878,0.083857,0.9943,0.455295,0.760634,0.025012,0.9795,0.431059,0.736527,0.203508,0.683,0.500927,0.899474,0.16306,0.902,0.483234,0.863824,0.358228,0.5824,0.529681,0.930274,0.168743,0.8086,0.508738,0.887096,0.370187,0.606,0.350936,0.913291,0.09739,0.752,0.345443,0.886354,0.328303,0.7227
tadasana_zen_0016,tadasana,step 1,ZEN,external,right,,CC BY 4.0,data/datasets/yoga_for_all/tadasana/right/step_1/20230312_104222.jpg,True,472,1024,True,0.9974,0.7572,174.114,177.967,170.381,155.319,19.893,20.972,175.583,170.994,168.487,173.795,174.114,177.967,155.319,170.381,168.487,173.795,170.994,175.583,9.881,15.742,175.583,174.114,170.381,15.742,5.946,5.946,5.117,4.181,3.047,82.92,-0.9946,-0.4371,0.1366,0.7377,0.487655,0.264852,0.087234,0.9995,0.47327,0.254081,0.04933,0.999,0.461107,0.254271,0.050323,0.999,0.449359,0.254418,0.049777,0.9989,0.50845,0.254623,0.055177,0.999,0.520129,0.255205,0.05429,0.999,0.531692,0.255784,0.05522,0.9988,0.437598,0.263629,-0.05841,0.9991,0.545394,0.265467,-0.043632,0.9989,0.469375,0.280726,0.056779,0.999,0.503462,0.281799,0.061251,0.999,0.309331,0.356892,-0.1079,0.9993,0.667484,0.36896,-0.054054,0.999,0.228964,0.488996,-0.154744,0.9952,0.691258,0.497137,-0.002544,0.964,0.20515,0.592643,-0.09315,0.8835,0.613876,0.596238,0.063809,0.8461,0.193315,0.62121,-0.085423,0.7248,0.600924,0.619661,0.07133,0.7116,0.219047,0.618297,-0.07333,0.7101,0.575961,0.615078,0.069705,0.6937,0.233504,0.606373,-0.086716,0.6845,0.571796,0.606171,0.063842,0.6753,0.345734,0.583823,-0.031335,0.9984,0.530231,0.588349,0.032821,0.9974,0.344621,0.740332,0.132222,0.9602,0.486944,0.748996,0.198066,0.793,0.374986,0.880613,0.27791,0.9455,0.441461,0.879695,0.335022,0.7572,0.388064,0.911353,0.289061,0.8702,0.442023,0.90292,0.348629,0.8133,0.311258,0.883132,0.289796,0.8459,0.394477,0.867383,0.347349,0.6434
tadasana_zen_0017,tadasana,step 1,ZEN,external,right,,CC BY 4.0,data/datasets/yoga_for_all/tadasana/right/step_1/20230312_104231.jpg,True,472,1024,True,0.9993,0.0559,170.328,169.815,155.452,168.706,6.126,6.564,178.189,174.406,170.528,176.772,169.815,170.328,155.452,168.706,170.528,176.772,174.406,178.189,4.302,11.598,174.406,169.815,168.706,11.598,1.705,1.705,19.425,4.559,14.375,86.641,-0.9996,-0.3147,0.1621,0.4843,0.563237,0.296712,-0.032151,0.9998,0.551166,0.283155,-0.040259,0.9996,0.543268,0.282753,-0.038827,0.9997,0.535225,0.282474,-0.039347,0.9997,0.566996,0.283597,-0.063921,0.9996,0.570318,0.283532,-0.064431,0.9995,0.573615,0.283615,-0.063266,0.9994,0.510797,0.286219,-0.034703,0.9997,0.557309,0.289249,-0.157886,0.9995,0.545676,0.308397,-0.022208,0.9998,0.560861,0.310253,-0.056994,0.9998,0.369247,0.355707,0.050534,0.9998,0.578431,0.363395,-0.227073,0.9999,0.365544,0.458043,0.079685,0.2066,0.569906,0.488023,-0.168864,0.9965,0.431476,0.527628,0.134706,0.0559,0.605788,0.586986,-0.110394,0.98,0.422121,0.543416,0.156604,0.0732,0.603671,0.612797,-0.138082,0.9687,0.465441,0.538311,0.146851,0.0689,0.608457,0.611545,-0.129716,0.9643,0.466681,0.536601,0.132427,0.0669,0.606403,0.602552,-0.110162,0.951,0.407957,0.552906,0.094575,0.9993,0.513942,0.565427,-0.093415,0.9994,0.423505,0.674998,0.232834,0.6047,0.500009,0.697866,0.07972,0.9579,0.395908,0.789991,0.37196,0.7058,0.441763,0.814513,0.222856,0.9426,0.373805,0.808454,0.381741,0.7784,0.408713,0.837992,0.233954,0.9381,0.49712,0.793468,0.369059,0.7671,0.542512,0.822088,0.214584,0.8946
tadasana_zen_0018,tadasana,step 1,ZEN,external,right,,CC BY 4.0,data/datasets/yoga_for_all/tadasana/right/step_1/20230312_104239.jpg,True,472,1024,True,0.9995,0.7205,168.125,177.278,177.751,151.673,9.248,21.283,179.696,170.496,171.687,176.877,168.125,177.278,151.673,177.751,171.687,176.877,170.496,179.696,7.703,10.288,170.496,177.278,151.673,7.703,4.567,-4.567,16.272,0.283,4.498,87.721,-0.9968,-0.3225,0.1316,0.5315,0.517305,0.351001,-0.209616,0.9984,0.509957,0.339649,-0.198479,0.9952,0.510716,0.339507,-0.197537,0.995,0.511023,0.339405,-0.197685,0.9947,0.496976,0.339482,-0.224581,0.996,0.488271,0.339233,-0.225096,0.996,0.478416,0.338995,-0.224491,0.996,0.481691,0.343037,-0.109712,0.9958,0.431923,0.342683,-0.239129,0.997,0.51349,0.363789,-0.174273,0.999,0.494627,0.364029,-0.210825,0.9993,0.534307,0.41188,-0.013845,0.9998,0.317484,0.411386,-0.262541,0.9999,0.561469,0.509976,0.055264,0.7205,0.27389,0.520257,-0.284953,0.9988,0.591968,0.593783,0.026125,0.8986,0.341877,0.617457,-0.292877,0.9951,0.612681,0.619431,0.016167,0.8496,0.346161,0.646145,-0.321446,0.9884,0.605751,0.620021,-0.016516,0.8617,0.377815,0.642434,-0.325708,0.9881,0.588674,0.612129,0.012838,0.8562,0.382542,0.632852,-0.294217,0.9835,0.520474,0.596809,0.074328,0.9995,0.39628,0.601312,-0.072439,0.9996,0.509534,0.723519,0.197785,0.9093,0.40306,0.73675,0.048383,0.9802,0.460527,0.813094,0.387452,0.8824,0.416988,0.827556,0.221816,0.9584,0.434516,0.824561,0.401644,0.8823,0.401168,0.838581,0.233463,0.8282,0.534399,0.846392,0.349511,0.9174,0.505016,0.869135,0.139637,0.9395
tadasana_zen_0019,tadasana,step 1,ZEN,external,right,,CC BY 4.0,data/datasets/yoga_for_all/tadasana/right/step_1/20230312_104250(0).jpg,True,472,1024,True,0.9998,0.9151,175.13,166.439,169.551,170.522,19.86,20.248,174.342,174.293,175.952,172.578,166.439,175.13,169.551,170.522,172.578,175.952,174.293,174.342,14.889,15.681,174.342,166.439,169.551,14.889,1.224,1.224,5.263,2.587,1.702,84.817,-0.9998,-0.374,0.1209,0.7395,0.415455,0.334878,-0.325539,0.9992,0.439507,0.322853,-0.319283,0.9969,0.453289,0.322928,-0.318507,0.997,0.465513,0.322968,-0.318808,0.9969,0.398856,0.322486,-0.314612,0.9969,0.386703,0.322271,-0.315511,0.9967,0.375193,0.322197,-0.314551,0.9966,0.491209,0.329883,-0.229034,0.9971,0.36472,0.329819,-0.216621,0.9972,0.443046,0.35213,-0.289795,0.9995,0.394055,0.352192,-0.28551,0.9994,0.610279,0.417488,-0.172708,0.9999,0.271418,0.410431,-0.15709,0.9998,0.650113,0.533173,-0.149771,0.9939,0.22181,0.518114,-0.095024,0.9847,0.644357,0.639454,-0.218601,0.9883,0.212082,0.620398,-0.148733,0.9815,0.648667,0.671638,-0.247738,0.9782,0.204491,0.654659,-0.162552,0.9668,0.619633,0.666779,-0.272125,0.979,0.231332,0.653666,-0.188009,0.9691,0.609812,0.655667,-0.225946,0.9776,0.239269,0.644136,-0.158836,0.9661,0.523403,0.626597,-0.006867,0.9999,0.338695,0.624067,0.008105,0.9998,0.495027,0.770785,0.019556,0.9825,0.351795,0.759561,0.096471,0.9773,0.465117,0.848551,0.367217,0.9151,0.41088,0.853841,0.360211,0.931,0.46111,0.851287,0.397021,0.6201,0.423311,0.859813,0.384535,0.6921,0.427413,0.910192,0.325445,0.8813,0.386644,0.913273,0.309594,0.915
tadasana_zen_0020,tadasana,step 1,ZEN,external,right,,CC BY 4.0,data/datasets/yoga_for_all/tadasana/right/step_1/20230312_104255.jpg,True,472,1024,True,0.9899,0.2373,179.755,170.745,161.616,80.104,18.141,24.97,165.505,172.962,173.439,105.034,170.745,179.755,80.104,161.616,105.034,173.439,165.505,172.962,9.659,72.53,165.505,170.745,161.616,9.659,9.296,9.296,22.696,9.598,8.156,85.397,-0.9869,-0.4116,0.151,0.5612,0.405393,0.291403,-0.219313,0.9751,0.433545,0.277894,-0.237209,0.9722,0.447775,0.278422,-0.236384,0.9788,0.464249,0.27911,-0.236947,0.9827,0.409365,0.276602,-0.21084,0.9498,0.404693,0.276246,-0.212128,0.9392,0.400376,0.275962,-0.211114,0.9284,0.525903,0.290021,-0.239339,0.9923,0.433657,0.283873,-0.129292,0.9447,0.434711,0.312934,-0.218591,0.9972,0.404675,0.310629,-0.185367,0.9876,0.684061,0.405282,-0.226987,0.9998,0.385805,0.382035,-0.041415,0.9899,0.69585,0.567338,-0.241862,0.9945,0.299021,0.459188,0.100864,0.2373,0.61034,0.700712,-0.257544,0.9819,0.1592,0.410089,0.166559,0.5632,0.589907,0.73657,-0.286308,0.9623,0.112535,0.40138,0.178153,0.5509,0.553662,0.730515,-0.314531,0.963,0.091302,0.398538,0.164907,0.575,0.550396,0.72067,-0.266489,0.9595,0.121691,0.403034,0.159462,0.5758,0.533096,0.644474,-0.050539,0.9986,0.362627,0.633213,0.050969,0.9968,0.521916,0.815472,0.003347,0.9584,0.3884,0.780775,0.160958,0.8949,0.516842,0.905923,0.260227,0.8547,0.445642,0.887727,0.378504,0.8743,0.539313,0.923331,0.278033,0.6217,0.476214,0.903329,0.396551,0.8032,0.4008,0.956481,0.193069,0.562,0.338658,0.940124,0.326882,0.7832
tadasana_zen_0021,tadasana,step 1,ZEN,external,right,,CC BY 4.0,data/datasets/yoga_for_all/tadasana/right/step_1/20230312_104307(0).jpg,True,472,1024,True,0.9936,0.0891,168.896,164.607,167.507,161.218,5.24,2.203,179.154,177.826,167.222,163.562,164.607,168.896,161.218,167.507,163.562,167.222,177.826,179.154,6.907,10.595,179.154,168.896,167.507,10.595,5.866,5.866,21.828,7.546,14.553,78.295,-0.9948,-0.4573,0.1384,0.3292,0.298221,0.243804,-0.154718,0.9957,0.320212,0.227853,-0.181159,0.9917,0.323512,0.228495,-0.180707,0.9913,0.327488,0.229197,-0.181239,0.991,0.32089,0.226754,-0.148029,0.9922,0.326283,0.226482,-0.148844,0.9921,0.330794,0.226243,-0.147997,0.9909,0.371481,0.241107,-0.258229,0.9922,0.385877,0.238101,-0.118216,0.992,0.314423,0.263651,-0.179973,0.9941,0.313735,0.262342,-0.138257,0.9936,0.363634,0.364252,-0.29188,0.998,0.541674,0.35338,-0.043041,0.9937,0.314143,0.539359,-0.306046,0.9718,0.501024,0.499074,-0.01236,0.0891,0.216117,0.664073,-0.235087,0.9494,0.368847,0.623382,-0.019684,0.168,0.207727,0.692464,-0.273474,0.8922,0.348816,0.640124,-0.018823,0.147,0.199821,0.690712,-0.260736,0.8867,0.326348,0.646539,-0.041529,0.1453,0.203378,0.680895,-0.23167,0.8575,0.328816,0.644687,-0.031032,0.1593,0.342865,0.615454,-0.07749,0.999,0.450918,0.602524,0.079429,0.9936,0.3254,0.767609,0.122014,0.7658,0.388415,0.741575,0.273424,0.1864,0.366825,0.902184,0.313375,0.7408,0.406743,0.872637,0.454921,0.2403,0.389927,0.929475,0.324587,0.7676,0.429589,0.897767,0.470899,0.4152,0.239189,0.902763,0.290488,0.6235,0.288231,0.875986,0.471682,0.3511
tadasana_zen_0022,tadasana,step 1,ZEN,external,right,,CC BY 4.0,data/datasets/yoga_for_all/tadasana/right/step_1/20230312_104319.jpg,True,472,1024,True,0.9962,0.5134,175.027,176.354,163.083,156.159,21.821,21.819,174.948,173.099,171.132,175.586,175.027,176.354,156.159,163.083,171.132,175.586,173.099,174.948,11.274,14.769,174.948,175.027,156.159,11.274,4.88,4.88,1.389,5.195,5.144,81.213,-0.9964,-0.4565,0.1384,0.7895,0.398036,0.222562,0.014064,0.9949,0.377476,0.207993,-0.022592,0.9919,0.364916,0.207509,-0.021242,0.9918,0.352086,0.206921,-0.022096,0.9914,0.417712,0.21029,-0.024846,0.9921,0.432249,0.211389,-0.02564,0.992,0.444416,0.212359,-0.025065,0.9912,0.331987,0.218429,-0.114649,0.9929,0.45859,0.225506,-0.136253,0.993,0.370901,0.240332,-0.009649,0.9935,0.417021,0.242603,-0.01646,0.9938,0.177367,0.322924,-0.13164,0.9978,0.58423,0.339974,-0.15083,0.9968,0.087551,0.468073,-0.170278,0.9769,0.61659,0.478842,-0.081359,0.9717,0.091638,0.57619,-0.065935,0.5134,0.543242,0.584714,0.014782,0.8616,0.088199,0.608213,-0.05328,0.323,0.511206,0.61583,0.019203,0.76,0.108409,0.60238,-0.030622,0.3011,0.494605,0.609503,0.023278,0.7482,0.119681,0.591798,-0.056953,0.2913,0.488628,0.599315,0.015344,0.7148,0.231595,0.564742,-0.009359,0.9983,0.441953,0.573471,0.010664,0.9962,0.235949,0.700131,0.194233,0.9001,0.395948,0.71066,0.226964,0.6044,0.264976,0.831354,0.394537,0.8546,0.334101,0.839971,0.415036,0.5612,0.27772,0.864174,0.411717,0.834,0.327659,0.867149,0.433613,0.7173,0.225436,0.823718,0.442314,0.649,0.318069,0.825977,0.452134,0.4224
tadasana_zen_0023,tadasana,step 1,ZEN,external,right,,CC BY 4.0,data/datasets/yoga_for_all/tadasana/right/step_1/20230312_104328.jpg,True,472,1024,True,0.9994,0.081,175.917,168.707,153.09,171.733,8.204,10.977,179.295,171.38,174.016,174.918,168.707,175.917,153.09,171.733,174.016,174.918,171.38,179.295,2.611,14.639,171.38,168.707,171.733,14.639,3.14,3.14,16.593,7.967,15.728,85.922,-0.9985,-0.3798,0.1432,0.4752,0.600713,0.220739,-0.073575,0.9994,0.578803,0.203026,-0.084108,0.999,0.568228,0.202867,-0.082137,0.9991,0.555355,0.202518,-0.083104,0.9991,0.596946,0.202704,-0.1074,0.9988,0.599119,0.202438,-0.107766,0.9987,0.600899,0.202069,-0.106582,0.9985,0.519052,0.20981,-0.079119,0.9995,0.572753,0.21128,-0.201831,0.9989,0.572361,0.238163,-0.063253,0.9996,0.590326,0.238045,-0.097623,0.9996,0.35236,0.300619,0.033156,0.9998,0.587451,0.315785,-0.277437,0.9999,0.329952,0.422842,0.057176,0.2617,0.595745,0.46997,-0.201855,0.9977,0.397644,0.499763,0.124427,0.081,0.640529,0.590894,-0.132813,0.9899,0.417376,0.520219,0.148689,0.0947,0.632072,0.618119,-0.172948,0.983,0.454673,0.514622,0.140523,0.0907,0.635539,0.617683,-0.15763,0.9799,0.455412,0.51299,0.121603,0.0863,0.633338,0.608364,-0.133055,0.9724,0.381722,0.530242,0.10152,0.9995,0.50335,0.546031,-0.100364,0.9994,0.402655,0.665579,0.283614,0.47,0.498162,0.692227,0.115208,0.9283,0.402634,0.782412,0.468891,0.478,0.442944,0.809644,0.30743,0.8864,0.374559,0.806958,0.482694,0.6146,0.406465,0.833558,0.320958,0.897,0.506733,0.788928,0.486558,0.6562,0.558444,0.817727,0.306716,0.8367
tadasana_zen_0024,tadasana,step 1,ZEN,external,right,,CC BY 4.0,data/datasets/yoga_for_all/tadasana/right/step_1/20230312_104335.jpg,True,472,1024,True,0.9989,0.1019,176.196,178.534,160.321,148.095,5.704,19.753,168.998,168.179,176.28,179.258,176.196,178.534,148.095,160.321,176.28,179.258,168.179,168.998,2.592,5.549,168.179,178.534,148.095,5.549,3.729,-3.729,21.943,8.125,15.496,80.126,-0.9979,-0.3397,0.114,0.2608,0.468206,0.256551,-0.222212,0.9975,0.456855,0.237856,-0.214047,0.9953,0.455988,0.237342,-0.212841,0.9951,0.454075,0.236791,-0.213203,0.9946,0.439586,0.239234,-0.245266,0.996,0.425035,0.239823,-0.246256,0.9961,0.40718,0.240263,-0.245169,0.9963,0.39054,0.240322,-0.13696,0.996,0.319651,0.245974,-0.291482,0.9972,0.453943,0.276416,-0.189069,0.9982,0.429399,0.277677,-0.232251,0.999,0.35562,0.342995,-0.012787,0.9991,0.204936,0.352911,-0.320725,0.9999,0.330293,0.488852,0.070036,0.1019,0.11625,0.523673,-0.307279,0.9983,0.390756,0.592121,0.064824,0.312,0.213509,0.658103,-0.26278,0.9946,0.40696,0.612884,0.051158,0.3257,0.223793,0.701184,-0.301493,0.988,0.414091,0.621959,0.022366,0.3448,0.265053,0.694621,-0.291543,0.9881,0.409102,0.611999,0.050444,0.3627,0.268708,0.680271,-0.261624,0.9854,0.367033,0.610196,0.101407,0.9989,0.26945,0.622666,-0.100225,0.9996,0.31813,0.739694,0.346059,0.4597,0.238894,0.768125,0.153134,0.9649,0.270494,0.829915,0.556812,0.5947,0.22586,0.852677,0.407399,0.9368,0.233365,0.84438,0.574591,0.6597,0.185823,0.869418,0.424366,0.854,0.373578,0.867961,0.546165,0.8815,0.346312,0.899771,0.360157,0.933
tadasana_zen_0025,tadasana,step 2,ZEN,external,right,,CC BY 4.0,data/datasets/yoga_for_all/tadasana/right/step_2/20230312_105046(0).jpg,True,472,1024,True,0.9813,0.8994,175.845,171.821,140.64,145.005,176.925,170.43,179.713,172.882,10.414,1.007,171.821,175.845,140.64,145.005,1.007,10.414,172.882,179.713,165.998,170.434,179.713,175.845,145.005,170.434,2.45,-2.45,2.574,4.023,3.029,86.125,-0.9991,-0.3816,0.1238,0.5718,0.473624,0.243408,-0.217682,0.9991,0.483304,0.2379,-0.192179,0.9989,0.491063,0.238118,-0.191407,0.9988,0.498975,0.238212,-0.191771,0.9986,0.462117,0.238668,-0.190114,0.999,0.45473,0.239431,-0.190864,0.9989,0.4466,0.24033,-0.190799,0.9988,0.509175,0.244978,-0.085822,0.9986,0.429012,0.247167,-0.086757,0.9987,0.486742,0.253085,-0.18352,0.9978,0.460746,0.254862,-0.183761,0.9975,0.553561,0.292896,-0.127351,0.9849,0.384158,0.298387,-0.102081,0.9813,0.570506,0.226027,-0.326748,0.9776,0.345741,0.244302,-0.279676,0.9865,0.509404,0.182152,-0.426908,0.8994,0.388711,0.178971,-0.383662,0.927,0.479756,0.170716,-0.467847,0.7864,0.426583,0.166254,-0.422259,0.8264,0.475148,0.17134,-0.456757,0.7607,0.434273,0.166343,-0.40015,0.8024,0.477105,0.17678,-0.427696,0.7768,0.429787,0.172399,-0.384217,0.8122,0.534763,0.431103,-0.005341,0.9989,0.428341,0.433698,0.006251,0.9985,0.52033,0.529328,0.006549,0.9714,0.433748,0.532747,0.048695,0.968,0.497204,0.604897,0.223351,0.9296,0.460468,0.605407,0.235783,0.9151,0.495451,0.609255,0.236034,0.5524,0.468111,0.610565,0.244524,0.5869,0.48266,0.638821,0.108516,0.8885,0.453372,0.640495,0.119098,0.8691
tadasana_zen_0026,tadasana,step 2,ZEN,external,right,,CC BY 4.0,data/datasets/yoga_for_all/tadasana/right/step_2/20230312_105048.jpg,True,472,1024,True,0.9897,0.9227,174.914,174.123,151.274,144.762,159.579,154.059,178.47,174.125,30.995,18.802,174.123,174.914,144.762,151.274,18.802,30.995,174.125,178.47,145.294,170.456,178.47,174.914,151.274,145.294,2.548,-2.548,5.325,8.992,2.325,86.617,-0.999,-0.3906,0.1519,0.6131,0.501689,0.247899,-0.181388,0.9987,0.511034,0.242006,-0.161091,0.9983,0.518384,0.241952,-0.160339,0.9983,0.526366,0.242111,-0.160669,0.9981,0.490837,0.243545,-0.153935,0.9983,0.484494,0.244431,-0.154739,0.9981,0.476695,0.245229,-0.154511,0.9979,0.542569,0.248448,-0.074439,0.9982,0.467392,0.253762,-0.050714,0.9976,0.518613,0.256827,-0.153817,0.9984,0.495992,0.258708,-0.146911,0.9973,0.60903,0.294389,-0.124314,0.9957,0.430798,0.307389,-0.047424,0.9897,0.570634,0.235435,-0.315264,0.9953,0.353713,0.257018,-0.239271,0.9813,0.476508,0.192706,-0.395589,0.9859,0.353792,0.203135,-0.402301,0.9557,0.432378,0.18442,-0.435038,0.959,0.384203,0.188407,-0.445576,0.8892,0.429093,0.185597,-0.421096,0.952,0.400906,0.187534,-0.421559,0.8688,0.440356,0.189716,-0.393121,0.942,0.399743,0.193155,-0.403244,0.8713,0.589192,0.435372,-0.018464,0.999,0.476801,0.437475,0.019099,0.9987,0.58038,0.542017,-9.9e-05,0.9842,0.490721,0.546018,0.063132,0.971,0.560085,0.615372,0.223414,0.9538,0.515377,0.615722,0.255468,0.9227,0.563731,0.62234,0.236678,0.5088,0.526913,0.621943,0.265273,0.5881,0.531466,0.650345,0.110007,0.9151,0.497946,0.651028,0.147604,0.8943
tadasana_zen_0027,tadasana,step 2,ZEN,external,right,,CC BY 4.0,data/datasets/yoga_for_all/tadasana/right/step_2/20230312_105052(0).jpg,True,472,1024,True,0.9878,0.8465,177.078,165.807,179.864,169.052,104.374,104.556,178.43,175.948,73.658,75.187,165.807,177.078,169.052,179.864,73.658,75.187,175.948,178.43,104.447,110.471,178.43,177.078,179.864,104.447,1.696,-1.696,10.449,19.825,8.317,88.394,-0.9996,-0.2137,0.1296,0.4143,0.475522,0.195465,-0.096629,0.9984,0.495239,0.18322,-0.105512,0.9978,0.502903,0.18227,-0.105026,0.9977,0.510327,0.181363,-0.104662,0.9972,0.480362,0.185268,-0.082708,0.9981,0.477864,0.185636,-0.083458,0.998,0.475466,0.185994,-0.082665,0.9979,0.536057,0.184446,-0.102616,0.9955,0.489366,0.191015,-0.009378,0.9964,0.493963,0.20552,-0.094091,0.9967,0.474894,0.206158,-0.066124,0.9958,0.612945,0.22199,-0.173915,0.9878,0.4566,0.247971,0.061428,0.991,0.412994,0.195094,-0.287609,0.9922,0.283376,0.23547,0.123159,0.8732,0.178989,0.163339,-0.306871,0.973,0.089689,0.203246,0.05287,0.9109,0.10452,0.155605,-0.333195,0.947,0.059455,0.18429,0.039143,0.87,0.106887,0.154891,-0.324426,0.9454,0.065907,0.182349,0.016731,0.8807,0.124564,0.159584,-0.301493,0.939,0.072851,0.188915,0.038909,0.8877,0.599003,0.416286,-0.0734,0.991,0.494294,0.423341,0.074164,0.9941,0.597453,0.542583,-0.065156,0.9732,0.501271,0.538021,0.098726,0.8465,0.608512,0.654952,-0.004442,0.9775,0.565005,0.641841,0.166461,0.8856,0.629224,0.672158,-0.00279,0.9214,0.586268,0.660328,0.168469,0.8307,0.524992,0.688098,-0.082342,0.9639,0.490926,0.679338,0.112233,0.9202
tadasana_zen_0028,tadasana,step 2,ZEN,external,right,,CC BY 4.0,data/datasets/yoga_for_all/tadasana/right/step_2/20230312_105055.jpg,True,472,1024,True,0.9675,0.0522,176.179,166.113,176.308,156.902,85.845,62.649,178.537,179.631,98.581,100.668,166.113,176.179,156.902,176.308,98.581,100.668,178.537,179.631,73.312,87.557,178.537,176.179,176.308,87.557,0.433,-0.433,0.317,22.145,8.264,83.611,-1.0,-0.2451,0.1,0.3771,0.510891,0.091763,-0.004786,0.9483,0.513196,0.078282,-0.031979,0.9514,0.506839,0.07728,-0.031547,0.9461,0.50007,0.076239,-0.031217,0.9553,0.536538,0.079851,-0.009615,0.9424,0.545356,0.080158,-0.010515,0.9396,0.554625,0.080563,-0.009279,0.9628,0.5023,0.077634,-0.099681,0.9357,0.570298,0.084863,-0.006996,0.9646,0.501574,0.10191,-0.023257,0.9341,0.522006,0.105287,0.004807,0.9292,0.447311,0.132762,-0.174618,0.992,0.625888,0.16626,0.09039,0.9675,0.212447,0.152423,-0.196755,0.9962,0.423832,0.202629,0.201209,0.0522,0.007328,0.163365,-0.112005,0.9803,0.237533,0.199979,0.235376,0.0998,-0.036292,0.152767,-0.119844,0.9582,0.247191,0.210679,0.258239,0.1132,-0.0219,0.150228,-0.090627,0.954,0.229249,0.207929,0.229988,0.1147,-0.002204,0.157108,-0.09657,0.9375,0.230745,0.21173,0.227498,0.1318,0.505651,0.382809,-0.085302,0.9972,0.575275,0.38747,0.08639,0.9939,0.532501,0.534152,0.039278,0.894,0.542045,0.524263,0.212268,0.2561,0.575173,0.665824,0.140965,0.8891,0.575737,0.642258,0.328578,0.3528,0.598452,0.691775,0.148101,0.9106,0.591659,0.663913,0.340845,0.5929,0.44217,0.668472,0.118183,0.8101,0.451872,0.656131,0.338318,0.512
tadasana_zen_0029,tadasana,step 2,ZEN,external,right,,CC BY 4.0,data/datasets/yoga_for_all/tadasana/right/step_2/20230312_105058.jpg,True,472,1024,True,0.9938,0.0732,165.301,169.773,134.533,141.637,53.589,6.162,168.204,175.336,136.002,169.199,165.301,169.773,134.533,141.637,136.002,169.199,168.204,175.336,5.792,50.904,168.204,165.301,134.533,50.904,1.352,-1.352,2.606,17.056,3.683,80.328,-0.9997,-0.3001,0.1441,0.5081,0.544769,0.07831,0.113721,0.9844,0.542158,0.065229,0.07931,0.9898,0.53503,0.064598,0.079783,0.9886,0.526965,0.064179,0.079866,0.9898,0.566611,0.067179,0.09396,0.9896,0.575295,0.067801,0.093218,0.9879,0.582845,0.068619,0.094036,0.9907,0.522774,0.071322,-0.034496,0.9869,0.601032,0.076596,0.022661,0.9928,0.535262,0.089341,0.079063,0.9833,0.560789,0.092026,0.095525,0.9868,0.433373,0.131798,-0.115739,0.9951,0.683262,0.167136,0.058119,0.9938,0.271675,0.202074,-0.044832,0.9511,0.68776,0.270116,0.169824,0.2381,0.271349,0.209138,0.113236,0.5602,0.62483,0.308317,0.257397,0.0732,0.270158,0.219885,0.127131,0.499,0.610303,0.321101,0.278984,0.0831,0.285349,0.217563,0.128951,0.506,0.600622,0.315651,0.263078,0.0874,0.303728,0.214533,0.120877,0.4713,0.603405,0.309932,0.25497,0.09,0.499748,0.384417,-0.069176,0.9981,0.641153,0.388613,0.070836,0.9961,0.470735,0.540722,0.053594,0.904,0.587229,0.534449,0.183829,0.4639,0.522736,0.679364,0.129522,0.8581,0.589969,0.664951,0.286402,0.3974,0.543007,0.698243,0.136702,0.8932,0.606468,0.685662,0.299189,0.5325,0.426789,0.679664,0.134834,0.7616,0.496155,0.667682,0.308359,0.4201
tadasana_zen_0030,tadasana,step 2,ZEN,external,right,,CC BY 4.0,data/datasets/yoga_for_all/tadasana/right/step_2/20230312_105101.jpg,True,472,1024,True,0.9888,0.0247,170.058,179.568,131.688,98.919,2.885,0.614,171.573,178.351,157.4,149.87,170.058,179.568,98.919,131.688,149.87,157.4,171.573,178.351,13.864,22.353,171.573,170.058,131.688,13.864,0.633,-0.633,5.422,3.174,0.179,83.872,-0.9999,-0.3511,0.1182,0.645,0.535013,0.123983,0.106405,0.9882,0.523086,0.114895,0.073905,0.9842,0.51271,0.114766,0.074242,0.9839,0.501639,0.114785,0.074118,0.9827,0.551973,0.115336,0.070853,0.984,0.561621,0.115527,0.069973,0.9826,0.572096,0.116002,0.070701,0.9801,0.486139,0.123665,-0.029856,0.9895,0.587352,0.125686,-0.049941,0.9863,0.519798,0.137296,0.07677,0.99,0.550854,0.137271,0.070238,0.9902,0.363444,0.19979,-0.067679,0.9962,0.681266,0.207915,-0.044115,0.9888,0.388528,0.312636,-0.014112,0.252,0.655308,0.303126,0.048082,0.1277,0.498375,0.349204,0.127268,0.0248,0.559683,0.304477,0.18278,0.0247,0.513048,0.360575,0.139902,0.028,0.545579,0.308916,0.210392,0.0352,0.536267,0.351017,0.140106,0.0279,0.515264,0.298816,0.199189,0.0361,0.539247,0.347724,0.13009,0.0335,0.510523,0.298012,0.181428,0.0412,0.440577,0.431175,-0.027341,0.9984,0.615044,0.431425,0.028197,0.995,0.4424,0.587433,0.116202,0.8728,0.579076,0.585842,0.154101,0.487,0.496293,0.724806,0.224192,0.7678,0.551025,0.715486,0.288103,0.4281,0.51467,0.751432,0.232424,0.8121,0.5538,0.736336,0.302257,0.4962,0.472376,0.728127,0.241488,0.5622,0.521224,0.704986,0.304567,0.3366
tadasana_zen_0031,tadasana,step 2,ZEN,external,right,,CC BY 4.0,data/datasets/yoga_for_all/tadasana/right/step_2/20230312_105105(0).jpg,True,472,1024,True,0.9904,0.0163,172.838,170.871,151.572,17.571,17.463,57.792,178.46,175.019,144.835,133.781,170.871,172.838,17.571,151.572,133.781,144.835,175.019,178.46,26.233,51.215,175.019,170.871,17.571,51.215,1.441,-1.441,2.688,16.732,0.876,82.608,-0.9997,-0.3289,0.1573,0.537,0.543492,0.121388,0.071215,0.992,0.516119,0.109535,0.051787,0.9892,0.503657,0.110713,0.052084,0.9885,0.492351,0.112168,0.052333,0.9872,0.544691,0.107055,0.038996,0.9905,0.551296,0.106319,0.038261,0.9905,0.557387,0.105712,0.038873,0.9903,0.477091,0.121819,0.005617,0.9894,0.558721,0.112798,-0.059719,0.9889,0.526589,0.135958,0.06151,0.992,0.555725,0.132387,0.043121,0.9915,0.38637,0.214447,0.034442,0.992,0.641941,0.179032,-0.106625,0.9965,0.473353,0.295233,0.11446,0.1819,0.838081,0.247667,-0.030708,0.9213,0.545841,0.318782,0.243003,0.0163,0.773143,0.236989,0.115134,0.4887,0.555617,0.325549,0.264704,0.0172,0.790775,0.230512,0.127881,0.4148,0.566527,0.317293,0.263382,0.0168,0.741136,0.226504,0.121358,0.3956,0.571138,0.316175,0.247724,0.0188,0.735188,0.234432,0.116746,0.3692,0.458253,0.425258,0.057462,0.9904,0.595053,0.426222,-0.056001,0.9918,0.496477,0.561058,0.166981,0.1961,0.594967,0.574474,0.050628,0.5417,0.497598,0.689352,0.267194,0.2369,0.544818,0.718077,0.15181,0.5291,0.473666,0.707669,0.275237,0.3565,0.511906,0.741616,0.161636,0.64,0.571154,0.692331,0.279614,0.257,0.624989,0.718096,0.151756,0.4096
tadasana_zen_0032,tadasana,step 2,ZEN,external,right,,CC BY 4.0,data/datasets/yoga_for_all/tadasana/right/step_2/20230312_105108.jpg,True,472,1024,True,0.9972,0.2167,166.646,172.119,156.681,173.732,62.475,74.859,177.571,176.248,98.454,101.666,166.646,172.119,156.681,173.732,98.454,101.666,176.248,177.571,73.682,77.701,176.248,172.119,173.732,77.701,4.013,-4.013,7.026,33.794,4.355,79.707,-0.9975,-0.2911,0.0793,0.2639,0.479168,0.141766,-0.044768,0.9992,0.466298,0.130983,-0.039427,0.9988,0.463629,0.131459,-0.039182,0.9988,0.460828,0.131925,-0.038791,0.9987,0.464113,0.129772,-0.066151,0.9987,0.457862,0.129522,-0.067082,0.9986,0.453742,0.129258,-0.066499,0.9984,0.427098,0.139514,0.028146,0.9988,0.420297,0.136848,-0.10561,0.9984,0.47154,0.155168,-0.014217,0.9989,0.468717,0.15343,-0.052229,0.9991,0.360921,0.225619,0.136237,0.998,0.470358,0.191858,-0.16695,0.9988,0.57284,0.260519,0.188611,0.2423,0.707097,0.220097,-0.194432,0.9796,0.78087,0.254389,0.17185,0.3386,0.907921,0.233502,-0.11407,0.8945,0.813654,0.246877,0.162825,0.348,0.942518,0.225188,-0.123681,0.8719,0.812882,0.242196,0.1291,0.338,0.925841,0.222625,-0.104547,0.8539,0.81229,0.246516,0.156562,0.3572,0.916703,0.229208,-0.10487,0.823,0.424895,0.439118,0.095759,0.9978,0.476237,0.437316,-0.095178,0.9972,0.476527,0.57017,0.233417,0.2167,0.499255,0.575694,0.056016,0.8738,0.462171,0.693888,0.364724,0.3741,0.481476,0.709814,0.183093,0.8497,0.443559,0.717782,0.374436,0.503,0.456739,0.73327,0.191969,0.8757,0.568326,0.701333,0.326533,0.6839,0.588457,0.717881,0.129169,0.8342
tadasana_zen_0033,tadasana,step 2,ZEN,external,right,,CC BY 4.0,data/datasets/yoga_for_all/tadasana/right/step_2/20230312_105111.jpg,True,472,1024,True,0.9936,0.4697,177.315,179.408,155.828,167.385,71.827,77.692,170.901,174.453,87.34,85.717,177.315,179.408,155.828,167.385,85.717,87.34,170.901,174.453,83.974,85.205,174.453,179.408,167.385,83.974,8.964,-8.964,16.498,14.484,14.62,85.237,-0.9878,-0.2007,0.086,0.2447,0.387851,0.170601,-0.136371,0.9945,0.377661,0.15737,-0.133433,0.9913,0.382497,0.156726,-0.133165,0.9915,0.384947,0.155813,-0.132974,0.9909,0.36477,0.158063,-0.156084,0.992,0.357916,0.157758,-0.156925,0.9916,0.350907,0.156962,-0.156501,0.9913,0.362364,0.158824,-0.059399,0.9914,0.31064,0.157115,-0.177521,0.9917,0.390479,0.181769,-0.104467,0.9935,0.373166,0.182192,-0.13768,0.9948,0.37657,0.221288,0.02062,0.9962,0.263946,0.207878,-0.223962,0.9956,0.546572,0.23612,0.063432,0.4697,0.505425,0.211762,-0.298531,0.9816,0.754475,0.213194,-0.002139,0.8167,0.740994,0.191409,-0.318626,0.9331,0.806271,0.210854,-0.022899,0.8103,0.826116,0.200777,-0.354027,0.9075,0.809813,0.208531,-0.047913,0.8191,0.808263,0.192724,-0.352245,0.8987,0.802492,0.20897,-0.014832,0.8083,0.786852,0.194227,-0.319647,0.8652,0.434733,0.426168,0.0844,0.9972,0.353925,0.435884,-0.083586,0.9936,0.427156,0.547822,0.239481,0.5577,0.376977,0.563411,0.062248,0.9151,0.409605,0.654684,0.409165,0.6761,0.39418,0.672147,0.22389,0.8893,0.390434,0.670575,0.421723,0.7418,0.3744,0.691177,0.235307,0.8536,0.500341,0.686458,0.377059,0.7956,0.48904,0.701644,0.165133,0.8611
tadasana_zen_0034,tadasana,step 2,ZEN,external,right,,CC BY 4.0,data/datasets/yoga_for_all/tadasana/right/step_2/20230312_105114.jpg,True,472,1024,True,0.9938,0.8306,172.074,176.51,129.853,179.531,111.246,111.234,177.624,175.452,45.174,57.721,172.074,176.51,129.853,179.531,45.174,57.721,175.452,177.624,111.514,134.658,175.452,176.51,179.531,111.514,5.855,-5.855,2.221,10.317,6.706,83.782,-0.9948,-0.2776,0.1427,0.5116,0.375814,0.213466,-0.196237,0.999,0.377832,0.203752,-0.178967,0.9979,0.384821,0.203824,-0.178192,0.9977,0.390022,0.203925,-0.178691,0.9975,0.356631,0.202215,-0.191424,0.9982,0.346457,0.201217,-0.192267,0.9981,0.337101,0.200146,-0.191734,0.9978,0.385724,0.207683,-0.070466,0.9976,0.313352,0.20436,-0.143792,0.9976,0.385433,0.224173,-0.155486,0.9983,0.359631,0.223179,-0.176825,0.9983,0.4525,0.269896,-0.003361,0.994,0.261973,0.253909,-0.222412,0.9938,0.587422,0.245505,-0.080322,0.8306,0.389756,0.217104,-0.356902,0.997,0.627905,0.189534,-0.189403,0.8367,0.576951,0.162199,-0.33283,0.9786,0.639761,0.18088,-0.216632,0.7341,0.629398,0.159613,-0.357652,0.9258,0.629368,0.169445,-0.223675,0.7221,0.63148,0.15896,-0.331293,0.9117,0.625376,0.177026,-0.196069,0.7334,0.61743,0.163993,-0.324008,0.8975,0.453537,0.432343,0.055578,0.9995,0.338159,0.438596,-0.054299,0.9989,0.463832,0.539115,0.105931,0.8919,0.366431,0.558209,0.011376,0.956,0.444685,0.632806,0.282625,0.8782,0.399056,0.646119,0.177662,0.9252,0.427511,0.640925,0.293538,0.8021,0.39074,0.654924,0.18726,0.7183,0.484464,0.667677,0.222312,0.8695,0.446782,0.68292,0.090877,0.8939
tadasana_zen_0035,tadasana,step 2,ZEN,external,right,,CC BY 4.0,data/datasets/yoga_for_all/tadasana/right/step_2/20230312_105121.jpg,True,472,1024,True,0.9828,0.6983,174.015,175.584,4.717,9.867,67.661,68.471,178.178,176.965,54.944,45.364,174.015,175.584,4.717,9.867,45.364,54.944,176.965,178.178,119.268,128.922,178.178,175.584,4.717,119.268,0.037,-0.037,3.972,3.608,1.734,86.035,-1.0,-0.1638,0.152,0.592,0.549755,0.357033,-0.199469,0.9959,0.564591,0.347433,-0.188812,0.9963,0.571257,0.347565,-0.188117,0.9958,0.577971,0.347557,-0.188471,0.9963,0.544413,0.346015,-0.190132,0.9924,0.537172,0.345579,-0.190946,0.9897,0.529282,0.345341,-0.190732,0.9896,0.588714,0.348071,-0.0775,0.9978,0.512904,0.345909,-0.098034,0.9919,0.560228,0.365318,-0.154345,0.9979,0.535069,0.363858,-0.159395,0.9957,0.631608,0.381389,-0.063409,0.9986,0.460485,0.376416,-0.09318,0.9828,0.644541,0.384576,-0.334379,0.9017,0.436609,0.382082,-0.336039,0.8794,0.606035,0.373118,-0.530534,0.8596,0.485486,0.365037,-0.491483,0.6983,0.582511,0.369207,-0.567682,0.7986,0.502166,0.360318,-0.528108,0.573,0.576208,0.364341,-0.556885,0.7797,0.506642,0.359498,-0.508117,0.5402,0.57785,0.368915,-0.531677,0.7547,0.505647,0.365249,-0.491634,0.5225,0.602626,0.513198,0.005134,0.9998,0.489836,0.511624,-0.004312,0.9987,0.588771,0.605327,-0.012227,0.9236,0.498493,0.596888,0.022388,0.8922,0.563205,0.672501,0.239952,0.8539,0.519254,0.673772,0.239951,0.8767,0.556081,0.676371,0.258158,0.4461,0.522316,0.679382,0.255666,0.5364,0.539393,0.711546,0.164401,0.8301,0.517604,0.713555,0.147629,0.8668
tadasana_zen_0036,tadasana,step 2,ZEN,external,right,,CC BY 4.0,data/datasets/yoga_for_all/tadasana/right/step_2/20230312_105125(0).jpg,True,472,1024,True,0.9752,0.5762,177.584,169.109,177.738,150.123,84.666,77.956,172.902,177.805,84.241,86.865,169.109,177.584,150.123,177.738,84.241,86.865,172.902,177.805,85.811,91.797,172.902,177.584,177.738,85.811,5.724,5.724,5.151,0.803,3.03,87.151,-0.995,-0.2457,0.1439,0.4582,0.529127,0.383244,-0.227125,0.9943,0.550861,0.373892,-0.23481,0.9934,0.56096,0.374491,-0.234314,0.9931,0.57143,0.375123,-0.234228,0.9916,0.532898,0.372993,-0.213235,0.99,0.529019,0.373129,-0.214109,0.9884,0.525183,0.373312,-0.213108,0.9907,0.597299,0.380011,-0.201938,0.986,0.540859,0.379238,-0.10963,0.9813,0.546941,0.395832,-0.211783,0.9917,0.524029,0.394414,-0.184008,0.9865,0.653759,0.425057,-0.230532,0.9752,0.482403,0.426165,-0.031589,0.9865,0.454859,0.417659,-0.333855,0.973,0.330123,0.439436,-0.014447,0.5762,0.251675,0.406367,-0.33158,0.8408,0.203341,0.41912,-0.136614,0.6061,0.191138,0.403754,-0.366659,0.7198,0.161703,0.411007,-0.159789,0.5789,0.188131,0.399185,-0.352577,0.7064,0.163608,0.406513,-0.183736,0.5917,0.204305,0.403113,-0.326056,0.6953,0.182193,0.413986,-0.151813,0.6187,0.587746,0.598554,-0.056634,0.9961,0.47381,0.595774,0.057338,0.9921,0.57606,0.706766,0.01064,0.9798,0.477011,0.694397,0.14513,0.9268,0.558088,0.796657,0.151682,0.9881,0.516137,0.781112,0.307438,0.9493,0.570835,0.807785,0.160274,0.9168,0.537819,0.792547,0.321969,0.8456,0.476167,0.836518,0.06288,0.974,0.447888,0.822253,0.259435,0.9572
tadasana_zen_0037,tadasana,step 2,ZEN,external,right,,CC BY 4.0,data/datasets/yoga_for_all/tadasana/right/step_2/20230312_105132.jpg,True,472,1024,True,0.9882,0.0309,171.332,169.478,156.69,130.431,88.297,19.19,179.415,178.761,77.632,120.788,169.478,171.332,130.431,156.69,77.632,120.788,178.761,179.415,45.901,98.627,179.415,171.332,156.69,98.627,8.424,8.424,13.891,9.403,1.087,77.928,-0.9892,-0.3115,0.1407,0.3841,0.440545,0.345806,-0.11913,0.9983,0.456812,0.335135,-0.142459,0.9981,0.458235,0.335207,-0.142009,0.9978,0.459205,0.335253,-0.141811,0.9974,0.458565,0.335305,-0.116831,0.9984,0.461432,0.335536,-0.11769,0.9981,0.463916,0.335747,-0.116547,0.9981,0.48124,0.342946,-0.17548,0.997,0.490072,0.343189,-0.070659,0.9984,0.444045,0.357951,-0.125181,0.9969,0.445827,0.358486,-0.094699,0.9971,0.421605,0.398074,-0.22932,0.9933,0.57498,0.409781,0.040827,0.9882,0.245488,0.395185,-0.248374,0.9915,0.516943,0.451771,0.206755,0.0309,0.11835,0.367423,-0.141988,0.9366,0.393153,0.459719,0.326852,0.0408,0.086058,0.358228,-0.149598,0.8902,0.371378,0.458068,0.344181,0.0534,0.100645,0.351494,-0.14679,0.8942,0.361233,0.456466,0.332944,0.0513,0.117188,0.358823,-0.13667,0.8741,0.363839,0.45995,0.326875,0.0586,0.394537,0.588871,-0.091668,0.9968,0.483458,0.588093,0.092724,0.9904,0.380487,0.706315,0.058673,0.8098,0.433236,0.696333,0.231042,0.2539,0.405678,0.826652,0.156829,0.8713,0.427015,0.802307,0.3582,0.3335,0.42147,0.85155,0.16264,0.8597,0.44736,0.821919,0.371387,0.4997,0.314503,0.827565,0.137738,0.8072,0.342924,0.810419,0.371632,0.4775
tadasana_zen_0038,tadasana,step 2,ZEN,external,right,,CC BY 4.0,data/datasets/yoga_for_all/tadasana/right/step_2/20230312_105139.jpg,True,472,1024,True,0.9748,0.0098,165.512,171.328,92.767,64.762,37.605,17.157,178.565,172.532,79.575,117.18,165.512,171.328,64.762,92.767,79.575,117.18,172.532,178.565,52.824,92.77,178.565,165.512,92.767,92.77,1.158,1.158,2.129,0.081,1.717,83.78,-0.9998,-0.3204,0.2128,0.6427,0.448573,0.308712,0.026276,0.9937,0.440217,0.301592,-0.010495,0.993,0.43356,0.302008,-0.010011,0.9932,0.426819,0.302647,-0.009783,0.9927,0.458552,0.301822,-0.010449,0.9926,0.465021,0.302361,-0.011164,0.9923,0.472422,0.303101,-0.010383,0.9912,0.412287,0.310087,-0.100385,0.9955,0.485839,0.310248,-0.113766,0.9941,0.439791,0.31808,0.004281,0.994,0.460294,0.318157,0.0002,0.9947,0.323035,0.363643,-0.08581,0.9923,0.561784,0.363487,-0.097537,0.9748,0.361514,0.381219,0.062054,0.2007,0.570423,0.395181,0.066209,0.0836,0.423267,0.355143,0.2829,0.0312,0.483275,0.38207,0.275105,0.0098,0.428307,0.349293,0.310966,0.0444,0.470831,0.380446,0.294763,0.0182,0.440611,0.347835,0.303154,0.0441,0.452877,0.37898,0.280176,0.0188,0.443645,0.351768,0.288547,0.0502,0.451105,0.380904,0.275493,0.0223,0.373178,0.535605,0.004373,0.9993,0.496621,0.533899,-0.002984,0.9984,0.396691,0.635042,0.157353,0.4863,0.486995,0.634377,0.180624,0.4663,0.368262,0.725226,0.289297,0.6214,0.447235,0.726934,0.341646,0.6223,0.374374,0.739011,0.303692,0.7284,0.442344,0.745285,0.360138,0.7203,0.378952,0.727806,0.317974,0.5405,0.44838,0.732232,0.378124,0.5027
tadasana_zen_0039,tadasana,step 2,ZEN,external,right,,CC BY 4.0,data/datasets/yoga_for_all/tadasana/right/step_2/20230312_105144(0).jpg,True,472,1024,True,0.991,0.0771,170.782,177.913,158.314,173.1,50.139,82.524,170.648,176.489,104.957,91.349,170.782,177.913,158.314,173.1,91.349,104.957,170.648,176.489,62.28,85.781,176.489,177.913,173.1,85.781,7.616,-7.616,20.061,19.873,34.923,86.589,-0.9912,-0.2401,0.1445,0.2165,0.404683,0.345303,-0.079677,0.9949,0.395759,0.33374,-0.078304,0.9933,0.394017,0.333203,-0.077965,0.9935,0.391705,0.332503,-0.077449,0.9928,0.391396,0.333879,-0.106666,0.9936,0.387175,0.333555,-0.107407,0.993,0.382727,0.333028,-0.106937,0.9925,0.360423,0.333809,-0.025826,0.9931,0.356059,0.333981,-0.166131,0.9927,0.397144,0.354325,-0.054137,0.9938,0.392367,0.354215,-0.09361,0.995,0.295685,0.392377,0.072816,0.991,0.370789,0.379864,-0.210015,0.9942,0.396345,0.416119,0.158682,0.0771,0.562767,0.386992,-0.220229,0.9736,0.53912,0.422354,0.183079,0.0843,0.734813,0.383815,-0.156954,0.8954,0.564062,0.416742,0.178173,0.1106,0.770224,0.381071,-0.176224,0.8833,0.57419,0.415545,0.159287,0.1096,0.766512,0.377842,-0.171907,0.8736,0.567607,0.42092,0.175036,0.1143,0.75168,0.383092,-0.154201,0.8253,0.374161,0.552077,0.09487,0.9942,0.390082,0.557201,-0.094031,0.9921,0.386051,0.644032,0.274827,0.2261,0.38766,0.657149,0.092684,0.7658,0.367854,0.726504,0.437672,0.4448,0.378003,0.750614,0.256292,0.8044,0.35041,0.741204,0.450532,0.6247,0.356178,0.766381,0.269614,0.8654,0.452185,0.739995,0.417083,0.6844,0.451091,0.761441,0.217847,0.8017
tadasana_zen_0040,tadasana,step 2,ZEN,external,right,,CC BY 4.0,data/datasets/yoga_for_all/tadasana/right/step_2/20230312_105147.jpg,True,472,1024,True,0.991,0.4293,179.604,173.524,165.361,172.675,80.452,76.838,169.907,169.069,92.489,91.425,173.524,179.604,165.361,172.675,91.425,92.489,169.069,169.907,81.163,88.06,169.069,173.524,172.675,81.163,3.494,-3.494,11.377,2.611,0.7,79.357,-0.9981,-0.2346,0.134,0.4301,0.41829,0.35295,-0.175125,0.9884,0.417184,0.341423,-0.163903,0.9837,0.419089,0.34121,-0.163333,0.9834,0.420806,0.341007,-0.163433,0.9824,0.402539,0.341318,-0.183799,0.986,0.393609,0.340946,-0.184537,0.9854,0.383992,0.340548,-0.184279,0.9844,0.393892,0.342217,-0.059912,0.9823,0.345911,0.342339,-0.167968,0.9838,0.415448,0.363771,-0.1339,0.9868,0.399349,0.3649,-0.164511,0.9902,0.43115,0.392758,0.012644,0.992,0.279285,0.389566,-0.224112,0.991,0.547711,0.402326,-0.003035,0.4293,0.427857,0.396462,-0.333548,0.9873,0.675368,0.397653,-0.103697,0.6821,0.642997,0.393735,-0.338,0.9503,0.717501,0.393911,-0.124978,0.6683,0.695911,0.397178,-0.365559,0.9086,0.719343,0.391938,-0.146169,0.6845,0.703664,0.388485,-0.355035,0.8989,0.703649,0.392393,-0.115664,0.6945,0.686421,0.389704,-0.335084,0.8525,0.427804,0.553487,0.064403,0.9973,0.325711,0.554062,-0.063325,0.9939,0.389215,0.648137,0.206586,0.8009,0.312608,0.652272,0.075183,0.953,0.360428,0.721537,0.407889,0.8559,0.321784,0.734162,0.277245,0.9314,0.341638,0.730187,0.422633,0.8402,0.310156,0.742254,0.291465,0.7977,0.402629,0.758417,0.353245,0.895,0.369035,0.768235,0.19407,0.9078
tadasana_zen_0041,tadasana,step 2,ZEN,external,right,,CC BY 4.0,data/datasets/yoga_for_all/tadasana/right/step_2/20230312_105155.jpg,True,472,1024,True,0.9972,0.9237,172.142,172.352,100.506,63.153,25.755,50.304,178.182,175.328,161.463,179.024,172.142,172.352,63.153,100.506,161.463,179.024,175.328,178.182,9.08,13.626,178.182,172.142,100.506,13.626,1.505,-1.505,3.58,3.21,0.114,86.569,-0.9997,-0.1949,0.1665,0.6256,0.497727,0.372002,-0.210303,0.9997,0.512057,0.361581,-0.199905,0.9995,0.520916,0.360833,-0.199265,0.9994,0.529098,0.360248,-0.199344,0.9993,0.48357,0.363622,-0.199142,0.9992,0.473357,0.364114,-0.199846,0.999,0.464666,0.364618,-0.199121,0.999,0.54444,0.362297,-0.090892,0.9994,0.451726,0.367561,-0.095244,0.9988,0.51664,0.380978,-0.168565,0.9997,0.484184,0.383636,-0.167624,0.9996,0.597684,0.396368,-0.055446,0.9997,0.41155,0.401179,-0.05595,0.9972,0.620939,0.42452,-0.257412,0.9404,0.351315,0.431799,-0.233021,0.9379,0.565976,0.439955,-0.490151,0.9454,0.410142,0.439244,-0.461343,0.9237,0.543682,0.450006,-0.544694,0.9296,0.436086,0.44171,-0.516542,0.8922,0.523181,0.443372,-0.550173,0.9263,0.45385,0.432986,-0.507533,0.8855,0.522676,0.440575,-0.497129,0.9079,0.451481,0.432699,-0.465726,0.8548,0.571652,0.536029,-0.005943,0.9999,0.453238,0.536138,0.006851,0.9997,0.561118,0.62591,-0.010588,0.972,0.464096,0.619602,0.0785,0.9254,0.53931,0.677864,0.320971,0.9308,0.491332,0.683716,0.362852,0.9494,0.535538,0.679021,0.348915,0.6617,0.49762,0.688438,0.385514,0.7477,0.507494,0.722034,0.259454,0.9159,0.493233,0.726641,0.291134,0.9354
tadasana_zen_0042,tadasana,step 2,ZEN,external,right,,CC BY 4.0,data/datasets/yoga_for_all/tadasana/right/step_2/20230312_105158.jpg,True,472,1024,True,0.9799,0.4194,177.19,165.053,166.14,175.83,56.12,75.597,177.987,176.771,106.918,106.668,165.053,177.19,166.14,175.83,106.668,106.918,176.771,177.987,64.85,76.902,177.987,177.19,166.14,64.85,2.306,2.306,5.194,1.37,0.498,83.781,-0.9992,-0.2461,0.1418,0.5791,0.477329,0.364884,-0.234179,0.9929,0.495986,0.354816,-0.230599,0.9874,0.506433,0.35472,-0.229872,0.9871,0.515178,0.354742,-0.230007,0.984,0.469639,0.354668,-0.219245,0.9845,0.462425,0.354566,-0.219732,0.9803,0.455998,0.35451,-0.219202,0.9764,0.538406,0.357492,-0.1624,0.9837,0.458272,0.356626,-0.114738,0.9696,0.499324,0.377113,-0.208188,0.9968,0.468084,0.376062,-0.192976,0.9928,0.592927,0.401102,-0.188579,0.997,0.413176,0.39912,-0.039561,0.9799,0.505532,0.420444,-0.323377,0.9824,0.292515,0.417162,-0.17405,0.4194,0.344464,0.435937,-0.415056,0.9715,0.236402,0.423516,-0.445775,0.7038,0.284168,0.446704,-0.461157,0.9492,0.21246,0.42767,-0.49871,0.723,0.277538,0.437584,-0.457532,0.9474,0.231512,0.423127,-0.506071,0.7232,0.292679,0.434348,-0.414323,0.924,0.245675,0.425124,-0.459207,0.7032,0.548426,0.542881,-0.019879,0.9993,0.432695,0.543345,0.020656,0.9983,0.527247,0.632466,0.062495,0.9168,0.433699,0.621073,0.141256,0.8307,0.511699,0.677563,0.426012,0.8449,0.467716,0.678438,0.460205,0.8463,0.513012,0.681178,0.458293,0.5172,0.478261,0.683373,0.489182,0.6537,0.483206,0.72233,0.382991,0.8319,0.44898,0.721981,0.42349,0.8473
tadasana_zen_0043,tadasana,step 2,ZEN,external,right,,CC BY 4.0,data/datasets/yoga_for_all/tadasana/right/step_2/20230312_105202(0).jpg,True,472,1024,True,0.979,0.0655,171.146,175.859,161.502,161.581,71.071,73.955,174.466,177.923,83.724,90.186,171.146,175.859,161.502,161.581,83.724,90.186,174.466,177.923,78.389,83.779,174.466,171.146,161.502,78.389,12.133,12.133,7.208,21.006,49.884,77.646,-0.9777,-0.2782,0.4351,0.3583,0.68123,0.324736,-0.283536,0.9978,0.709885,0.31219,-0.303547,0.9972,0.719501,0.313002,-0.30315,0.9971,0.729983,0.313883,-0.302986,0.9966,0.695738,0.309804,-0.275319,0.9974,0.695034,0.308956,-0.276107,0.9974,0.694842,0.308132,-0.275396,0.9973,0.773035,0.322652,-0.312282,0.9947,0.731541,0.315858,-0.195415,0.997,0.697936,0.341731,-0.281392,0.9966,0.680036,0.338186,-0.246568,0.9957,0.816854,0.396997,-0.329935,0.9844,0.663721,0.369894,-0.115898,0.9878,0.518126,0.399499,-0.375943,0.9506,0.469425,0.385701,-0.057868,0.5201,0.330921,0.372363,-0.36653,0.8144,0.246611,0.370517,-0.121079,0.5672,0.280418,0.360888,-0.407764,0.7444,0.189687,0.355892,-0.136647,0.5482,0.298681,0.348001,-0.397262,0.7474,0.210095,0.351696,-0.171353,0.5812,0.314675,0.353466,-0.363635,0.7121,0.206375,0.365948,-0.139634,0.6169,0.671405,0.60472,-0.079359,0.9973,0.616718,0.574802,0.080285,0.979,0.624445,0.703551,0.092569,0.7811,0.60338,0.663645,0.330664,0.0655,0.608207,0.825944,0.270938,0.7982,0.603866,0.734139,0.592275,0.0826,0.630272,0.842329,0.284476,0.7963,0.607505,0.763765,0.62005,0.1631,0.502165,0.832618,0.223707,0.7302,0.500839,0.744877,0.612947,0.2343
tadasana_zen_0044,tadasana,step 2,ZEN,external,right,,CC BY 4.0,data/datasets/yoga_for_all/tadasana/right/step_2/20230312_105206.jpg,True,472,1024,True,0.9754,0.0648,170.824,162.127,143.131,178.841,93.469,86.917,173.25,174.925,66.798,79.456,162.127,170.824,143.131,178.841,66.798,79.456,173.25,174.925,86.344,108.95,173.25,170.824,143.131,108.95,9.34,9.34,12.802,16.824,25.237,70.725,-0.9867,-0.4277,0.2276,0.4152,0.544036,0.315326,-0.197801,0.9842,0.564089,0.301388,-0.23656,0.9824,0.565583,0.301773,-0.236186,0.9823,0.566869,0.302373,-0.236478,0.9815,0.568166,0.300526,-0.210443,0.9819,0.573944,0.300387,-0.211341,0.9816,0.578399,0.300379,-0.210526,0.9786,0.594896,0.313286,-0.32385,0.9814,0.608765,0.310756,-0.216065,0.9817,0.551225,0.332952,-0.220254,0.9861,0.556658,0.331664,-0.188997,0.9871,0.531003,0.408035,-0.344649,0.9754,0.694867,0.385198,-0.133668,0.9777,0.338271,0.395992,-0.327129,0.9573,0.491118,0.366744,-0.021501,0.0648,0.236886,0.349925,-0.284349,0.959,0.291202,0.350566,-0.005947,0.1432,0.204531,0.328536,-0.320938,0.9447,0.287122,0.337066,-0.008127,0.2208,0.236826,0.318049,-0.31036,0.9502,0.255047,0.339792,-0.053553,0.244,0.249933,0.327482,-0.281097,0.9345,0.261329,0.34365,-0.022869,0.2621,0.501022,0.593935,-0.072155,0.9983,0.591015,0.574382,0.073099,0.9926,0.459618,0.692103,0.159606,0.7756,0.522813,0.66428,0.325491,0.224,0.453328,0.783085,0.383261,0.6757,0.518167,0.751823,0.552196,0.1953,0.470451,0.803871,0.402303,0.6886,0.538713,0.768361,0.57764,0.3249,0.375896,0.771841,0.382487,0.5241,0.448082,0.751115,0.594215,0.2655
tadasana_zen_0045,tadasana,step 2,ZEN,external,right,,CC BY 4.0,data/datasets/yoga_for_all/tadasana/right/step_2/20230312_105210.jpg,True,472,1024,True,0.9841,0.0145,158.522,177.261,24.168,34.162,4.539,18.326,160.902,170.627,41.593,110.919,158.522,177.261,24.168,34.162,41.593,110.919,160.902,170.627,51.857,127.53,160.902,158.522,24.168,127.53,2.833,2.833,5.779,2.81,6.968,81.778,-0.9988,-0.4883,0.1108,0.7945,0.44767,0.322114,-0.098682,0.9951,0.432983,0.31572,-0.137549,0.9965,0.419422,0.316623,-0.136748,0.9966,0.40552,0.317517,-0.136807,0.9965,0.465294,0.314878,-0.136781,0.9953,0.475566,0.315223,-0.137788,0.9947,0.486464,0.315677,-0.136747,0.9936,0.380998,0.330125,-0.20774,0.9977,0.508963,0.33296,-0.219266,0.9954,0.431848,0.342841,-0.112492,0.9974,0.461041,0.338282,-0.117118,0.9967,0.261671,0.407699,-0.224195,0.9942,0.575911,0.414808,-0.179591,0.9841,0.271485,0.448425,-0.097619,0.5616,0.578685,0.481254,0.002883,0.0749,0.321631,0.376563,0.070479,0.0813,0.497852,0.428562,0.202357,0.0145,0.287793,0.358259,0.081706,0.1342,0.501699,0.414917,0.2138,0.0316,0.324741,0.35783,0.072876,0.1292,0.474957,0.414082,0.199329,0.0285,0.327897,0.367932,0.074009,0.1148,0.460223,0.40033,0.201518,0.031,0.340532,0.596875,-0.012608,0.9996,0.457907,0.590263,0.013844,0.9992,0.31712,0.671564,0.25269,0.3496,0.432451,0.675362,0.269554,0.2976,0.357735,0.751029,0.465516,0.6191,0.401614,0.751392,0.512822,0.6709,0.358094,0.772797,0.491815,0.7678,0.398594,0.764311,0.540039,0.8208,0.339279,0.738756,0.556279,0.1619,0.380129,0.742648,0.596481,0.2135
tadasana_zen_0046,tadasana,step 2,ZEN,external,right,,CC BY 4.0,data/datasets/yoga_for_all/tadasana/right/step_2/20230312_105213.jpg,True,472,1024,True,0.9582,0.0607,165.752,169.528,169.01,105.883,78.667,72.597,175.02,179.702,90.703,69.525,165.752,169.528,105.883,169.01,69.525,90.703,175.02,179.702,84.449,108.774,179.702,169.528,105.883,108.774,3.421,-3.421,17.74,52.719,38.379,80.172,-0.9982,-0.3671,0.1461,0.4123,0.473755,0.346008,-0.200749,0.9857,0.460357,0.33016,-0.202161,0.9788,0.457336,0.329411,-0.201801,0.9783,0.454358,0.328876,-0.201742,0.9805,0.457928,0.332608,-0.227545,0.9779,0.452847,0.333653,-0.228324,0.9773,0.44826,0.335312,-0.227568,0.9747,0.412281,0.338265,-0.154458,0.9734,0.41206,0.346144,-0.279241,0.9625,0.460117,0.360516,-0.176137,0.9848,0.456803,0.363638,-0.211416,0.9791,0.327767,0.38125,-0.086144,0.9928,0.421798,0.438184,-0.286427,0.9582,0.485011,0.389489,-0.01737,0.0607,0.615969,0.463345,-0.289956,0.8943,0.660174,0.383129,-0.084744,0.137,0.717392,0.387309,-0.290865,0.8657,0.712491,0.371504,-0.112484,0.1955,0.750721,0.37883,-0.337476,0.8676,0.714348,0.376507,-0.145868,0.197,0.738297,0.374777,-0.35093,0.863,0.704826,0.382997,-0.099693,0.2239,0.713968,0.379654,-0.300126,0.8345,0.362549,0.570274,0.076696,0.9971,0.431941,0.595606,-0.075622,0.9969,0.396926,0.661747,0.298619,0.1386,0.436812,0.687282,0.162805,0.6587,0.384459,0.736082,0.523978,0.2743,0.412341,0.757945,0.39383,0.7472,0.366813,0.751937,0.545627,0.3924,0.389278,0.776086,0.411575,0.7986,0.467808,0.721232,0.531544,0.4467,0.493214,0.748904,0.376829,0.6864
tadasana_zen_0047,tadasana,step 2,ZEN,external,right,,CC BY 4.0,data/datasets/yoga_for_all/tadasana/right/step_2/20230312_105217(0).jpg,True,472,1024,True,0.9784,0.0615,167.976,174.957,174.229,166.209,67.039,64.396,176.846,176.082,101.435,95.66,167.976,174.957,166.209,174.229,95.66,101.435,176.082,176.846,70.079,71.327,176.082,174.957,166.209,71.327,10.739,-10.739,9.736,25.245,28.482,80.905,-0.9825,-0.2829,0.1633,0.272,0.189489,0.281917,-0.271308,0.9761,0.180661,0.269235,-0.269089,0.9641,0.180681,0.268483,-0.268575,0.9589,0.18025,0.267735,-0.268456,0.9716,0.169699,0.271423,-0.300384,0.9743,0.160544,0.272327,-0.301527,0.9749,0.150535,0.273261,-0.300897,0.9775,0.142126,0.27147,-0.195179,0.961,0.107022,0.277794,-0.35434,0.9591,0.187439,0.293013,-0.239503,0.9613,0.173519,0.296212,-0.284237,0.9714,0.168103,0.316954,-0.069855,0.9809,0.084947,0.335027,-0.36639,0.9911,0.320023,0.335031,0.024556,0.1522,0.282744,0.355392,-0.430055,0.9645,0.492739,0.34722,-0.032834,0.5193,0.487468,0.353415,-0.416912,0.9475,0.531617,0.343169,-0.058088,0.5253,0.536789,0.354382,-0.453289,0.9374,0.539139,0.342607,-0.105482,0.5333,0.539044,0.344819,-0.442322,0.9278,0.524454,0.346376,-0.056414,0.5487,0.521409,0.345744,-0.415882,0.8773,0.218242,0.471847,0.093589,0.9784,0.160755,0.486223,-0.093137,0.9837,0.233605,0.547723,0.349416,0.0615,0.188095,0.564944,0.176898,0.7804,0.218258,0.608014,0.591776,0.1348,0.198361,0.631744,0.432682,0.8428,0.201128,0.619553,0.610933,0.1867,0.179089,0.641344,0.447003,0.7815,0.276677,0.620889,0.535912,0.6499,0.263759,0.645263,0.335608,0.8444
tadasana_zen_0048,tadasana,step 2,ZEN,external,right,,CC BY 4.0,data/datasets/yoga_for_all/tadasana/right/step_2/20230312_105220.jpg,True,472,1024,True,0.9882,0.5232,170.088,174.509,157.336,147.538,64.373,43.453,177.09,171.447,109.032,105.609,170.088,174.509,147.538,157.336,105.609,109.032,171.447,177.09,63.579,72.52,171.447,174.509,147.538,63.579,4.734,-4.734,8.108,1.738,5.819,85.538,-0.9966,-0.2181,0.1513,0.5372,0.382024,0.323352,-0.281145,0.9838,0.382098,0.312231,-0.26818,0.978,0.385902,0.311907,-0.267616,0.9703,0.389375,0.311613,-0.267955,0.9773,0.363584,0.312695,-0.279851,0.9733,0.352856,0.312777,-0.280836,0.9677,0.341156,0.313004,-0.280227,0.9667,0.382162,0.313457,-0.143809,0.9537,0.313719,0.316425,-0.211597,0.9668,0.387308,0.333248,-0.232065,0.9857,0.364137,0.334953,-0.250793,0.9851,0.425819,0.353243,-0.056538,0.9985,0.259969,0.355563,-0.246428,0.9882,0.543856,0.38118,-0.196306,0.5232,0.353263,0.386503,-0.379717,0.9592,0.618633,0.383901,-0.406422,0.7144,0.538063,0.391374,-0.407362,0.905,0.641855,0.387728,-0.446575,0.7108,0.585491,0.395962,-0.442943,0.8449,0.629844,0.386097,-0.459923,0.7178,0.595778,0.388214,-0.425112,0.832,0.614695,0.385435,-0.416912,0.7199,0.578767,0.38753,-0.402928,0.7595,0.417546,0.493976,0.04434,0.9988,0.319229,0.498595,-0.04344,0.9984,0.404709,0.569798,0.210866,0.6558,0.326005,0.577764,0.151189,0.8711,0.378907,0.616205,0.548174,0.5836,0.341094,0.62887,0.449965,0.8319,0.367898,0.619322,0.578595,0.5169,0.331404,0.634212,0.476061,0.5764,0.404052,0.649402,0.516641,0.713,0.378673,0.66353,0.391629,0.8228
tadasana_zen_0049,tadasana,step 3,ZEN,external,right,,CC BY 4.0,data/datasets/yoga_for_all/tadasana/right/step_3/20230312_105802.jpg,True,472,1024,True,0.9934,0.9007,179.335,177.407,174.822,173.211,174.84,175.694,179.726,179.143,3.087,3.536,177.407,179.335,173.211,174.822,3.087,3.536,179.143,179.726,172.32,172.414,179.143,177.407,173.211,172.414,0.347,0.347,0.224,4.8,0.976,85.093,-1.0,-0.2865,0.1563,0.4706,0.546587,0.251431,-0.253854,0.9988,0.55545,0.24791,-0.235808,0.9985,0.561286,0.248398,-0.235098,0.9985,0.567006,0.249017,-0.235133,0.9984,0.53735,0.247822,-0.242453,0.9985,0.530613,0.248145,-0.243254,0.9983,0.523937,0.248631,-0.242823,0.9982,0.574561,0.256691,-0.134035,0.9981,0.509216,0.256953,-0.177202,0.997,0.557665,0.259381,-0.21588,0.9972,0.536075,0.259045,-0.228335,0.9963,0.612054,0.288621,-0.117751,0.9975,0.470231,0.29411,-0.200161,0.9934,0.610485,0.215529,-0.179575,0.9736,0.470982,0.216969,-0.307688,0.9948,0.595431,0.146561,-0.235662,0.9689,0.490162,0.145448,-0.318449,0.9802,0.577667,0.13501,-0.264146,0.9218,0.50692,0.13516,-0.340135,0.9539,0.570811,0.133574,-0.259338,0.9149,0.51431,0.132626,-0.3175,0.9467,0.572652,0.13726,-0.239193,0.9203,0.511109,0.136623,-0.314118,0.949,0.587348,0.430382,0.023921,0.999,0.491275,0.431136,-0.022616,0.998,0.572341,0.52197,0.055911,0.9007,0.50962,0.529638,0.01481,0.9295,0.561455,0.600542,0.220975,0.9152,0.516416,0.607168,0.172273,0.9087,0.553174,0.608324,0.23257,0.7788,0.519935,0.6137,0.183044,0.6657,0.581946,0.630382,0.141768,0.8855,0.522337,0.63966,0.09514,0.8505
tadasana_zen_0050,tadasana,step 3,ZEN,external,right,,CC BY 4.0,data/datasets/yoga_for_all/tadasana/right/step_3/20230312_105806(1).jpg,True,472,1024,True,0.994,0.8328,176.133,166.88,179.593,164.856,166.872,169.128,175.835,176.682,7.8,3.298,166.88,176.133,164.856,179.593,3.298,7.8,175.835,176.682,166.671,176.455,175.835,176.133,179.593,166.671,2.906,2.906,14.297,1.562,0.101,86.928,-0.9987,-0.1739,0.1094,0.3456,0.584404,0.271537,-0.121607,0.9969,0.596529,0.264512,-0.121715,0.9969,0.602733,0.264547,-0.121176,0.9969,0.609924,0.264536,-0.121167,0.9971,0.584635,0.264003,-0.104467,0.9951,0.582229,0.263596,-0.10514,0.9934,0.579502,0.263287,-0.104518,0.9942,0.630539,0.270171,-0.097904,0.9954,0.584737,0.269852,-0.028987,0.9922,0.597229,0.279478,-0.11167,0.9924,0.582398,0.27854,-0.091785,0.9904,0.679472,0.298258,-0.154673,0.994,0.561147,0.299745,0.021446,0.995,0.658828,0.22693,-0.236892,0.995,0.533174,0.231021,0.04879,0.8938,0.637557,0.157214,-0.236166,0.9708,0.54438,0.165649,0.007996,0.9365,0.616434,0.145464,-0.258342,0.9445,0.553169,0.150234,-0.008873,0.8996,0.614811,0.143483,-0.248061,0.9372,0.56502,0.148696,-0.006183,0.892,0.619999,0.147461,-0.233013,0.9402,0.566096,0.153877,0.003352,0.8993,0.646206,0.45665,-0.06475,0.9967,0.559683,0.45672,0.066005,0.9975,0.641401,0.549667,-0.024933,0.9683,0.569364,0.539869,0.143197,0.8328,0.649521,0.635277,0.101454,0.9479,0.62206,0.623515,0.274255,0.8444,0.666032,0.645908,0.110371,0.8616,0.642654,0.632141,0.282968,0.8374,0.590234,0.673056,0.013495,0.9414,0.572868,0.657131,0.220331,0.8836
tadasana_zen_0051,tadasana,step 3,ZEN,external,right,,CC BY 4.0,data/datasets/yoga_for_all/tadasana/right/step_3/20230312_105810.jpg,True,472,1024,True,0.9745,0.1698,175.127,171.221,175.94,178.932,160.491,158.905,170.803,170.688,16.591,17.114,171.221,175.127,175.94,178.932,16.591,17.114,170.688,170.803,158.542,159.429,170.803,175.127,175.94,158.542,4.191,4.191,24.079,28.387,9.304,84.145,-0.9973,-0.1613,0.1376,0.1397,0.490168,0.175739,-0.060004,0.9956,0.503967,0.165491,-0.07734,0.9973,0.508375,0.165291,-0.076943,0.9974,0.512499,0.165023,-0.076899,0.9974,0.499546,0.164516,-0.047703,0.9956,0.500673,0.163724,-0.048386,0.9943,0.501507,0.162948,-0.047908,0.9945,0.540236,0.167552,-0.115254,0.9963,0.516144,0.167748,0.009754,0.9927,0.5046,0.18427,-0.070694,0.9906,0.498433,0.183634,-0.034028,0.9869,0.586518,0.201359,-0.197145,0.9929,0.533195,0.214641,0.088987,0.9745,0.535771,0.111823,-0.305099,0.9937,0.478448,0.135277,0.148027,0.1698,0.476287,0.030823,-0.318774,0.9668,0.428668,0.058166,0.058325,0.3916,0.452194,0.016403,-0.345115,0.9456,0.418364,0.039622,0.053762,0.4797,0.458341,0.016321,-0.32767,0.9383,0.426474,0.037338,0.033382,0.4801,0.461209,0.022758,-0.311041,0.9279,0.430896,0.042037,0.044425,0.5025,0.548161,0.408981,-0.093545,0.9936,0.508124,0.405958,0.094839,0.9899,0.570098,0.542526,-0.048832,0.9422,0.534277,0.523509,0.158518,0.3986,0.615571,0.671891,0.022882,0.9501,0.603092,0.644984,0.247118,0.5232,0.646489,0.691345,0.025803,0.9643,0.630833,0.663524,0.249601,0.6992,0.53097,0.698105,-0.060983,0.9481,0.523882,0.679017,0.18139,0.6714
tadasana_zen_0052,tadasana,step 3,ZEN,external,right,,CC BY 4.0,data/datasets/yoga_for_all/tadasana/right/step_3/20230312_105817.jpg,True,472,1024,True,0.995,0.0246,168.21,169.382,169.605,175.428,152.236,14.487,175.564,171.137,21.912,161.391,168.21,169.382,169.605,175.428,21.912,161.391,171.137,175.564,16.634,157.033,175.564,168.21,169.605,157.033,1.486,1.486,26.975,80.018,18.538,83.111,-0.9997,-0.1356,0.1179,0.1167,0.447335,0.213609,-0.016929,0.9937,0.458671,0.201847,-0.036817,0.9928,0.462197,0.20069,-0.036463,0.9927,0.464765,0.199914,-0.036443,0.9933,0.455926,0.200941,-0.006598,0.993,0.457651,0.200237,-0.007275,0.9914,0.458607,0.199463,-0.006782,0.9929,0.492204,0.199408,-0.07526,0.9905,0.481918,0.20091,0.047522,0.992,0.464256,0.220167,-0.02723,0.9795,0.46059,0.220448,0.008458,0.9801,0.529224,0.227225,-0.157361,0.9984,0.521583,0.247236,0.125941,0.995,0.446601,0.151534,-0.260696,0.9969,0.491049,0.294866,0.203731,0.0246,0.402336,0.081825,-0.24051,0.9803,0.456807,0.33591,0.153206,0.0291,0.398111,0.066069,-0.266374,0.9606,0.451877,0.344739,0.161142,0.0429,0.403727,0.06707,-0.248053,0.9558,0.449462,0.344773,0.128696,0.0456,0.404293,0.074955,-0.23314,0.9494,0.451615,0.341877,0.138506,0.0519,0.52183,0.41231,-0.093179,0.9974,0.509381,0.410386,0.094567,0.9953,0.536953,0.530285,-0.03465,0.9467,0.538396,0.521087,0.149568,0.3884,0.6011,0.639327,0.01924,0.9484,0.605326,0.618892,0.242863,0.4846,0.629541,0.653232,0.020744,0.935,0.632278,0.63341,0.248321,0.6428,0.503621,0.672512,-0.056745,0.9477,0.52935,0.648961,0.184526,0.6759
tadasana_zen_0053,tadasana,step 3,ZEN,external,right,,CC BY 4.0,data/datasets/yoga_for_all/tadasana/right/step_3/20230312_105821.jpg,True,472,1024,True,0.9982,0.3719,174.93,178.667,165.496,179.175,174.798,164.365,179.291,176.973,0.288,10.488,174.93,178.667,165.496,179.175,0.288,10.488,176.973,179.291,163.971,178.232,179.291,174.93,165.496,178.232,2.002,2.002,10.875,5.398,3.795,87.487,-0.9994,-0.2401,0.1471,0.4384,0.553409,0.256638,0.068264,0.9979,0.550024,0.249793,0.042278,0.9988,0.545788,0.249856,0.042461,0.9987,0.542084,0.249962,0.042427,0.9986,0.563692,0.249721,0.053586,0.9983,0.568434,0.249744,0.053009,0.9981,0.573769,0.249824,0.053809,0.9983,0.544418,0.255436,-0.036776,0.9984,0.585529,0.256281,0.000571,0.9989,0.54798,0.264196,0.045658,0.9978,0.56167,0.264429,0.057599,0.9978,0.503971,0.290931,-0.095237,0.9982,0.651915,0.297375,0.032761,0.9985,0.48517,0.216962,-0.105782,0.9809,0.622709,0.221756,0.073455,0.8727,0.505523,0.148675,-0.133006,0.986,0.593888,0.152895,0.048472,0.9707,0.49831,0.133797,-0.149198,0.98,0.575893,0.137669,0.04111,0.9647,0.517641,0.13397,-0.157,0.9785,0.564211,0.136363,0.029089,0.9625,0.521736,0.139757,-0.135252,0.9734,0.568955,0.14246,0.044526,0.955,0.512814,0.44867,-0.057982,0.9986,0.619388,0.451929,0.059656,0.999,0.522238,0.562321,-0.027079,0.9332,0.609104,0.559931,0.083743,0.3719,0.54894,0.658952,0.001908,0.8063,0.595803,0.651119,0.134137,0.3786,0.566442,0.67642,0.00217,0.9109,0.608165,0.668417,0.137051,0.7032,0.490843,0.676288,-0.033748,0.7238,0.550237,0.660217,0.107285,0.39
tadasana_zen_0054,tadasana,step 3,ZEN,external,right,,CC BY 4.0,data/datasets/yoga_for_all/tadasana/right/step_3/20230312_105826.jpg,True,472,1024,True,0.9436,0.03,172.904,176.382,141.616,75.146,13.54,104.472,171.982,177.139,165.04,154.993,172.904,176.382,75.146,141.616,154.993,165.04,171.982,177.139,7.441,26.788,177.139,176.382,75.146,26.788,2.638,-2.638,21.546,56.589,1.573,88.919,-0.9989,-0.1435,0.0514,0.131,0.614585,0.205919,-0.041673,0.8708,0.608082,0.194022,-0.039339,0.8213,0.60798,0.194189,-0.038991,0.7982,0.607809,0.194424,-0.038521,0.8175,0.60261,0.192325,-0.062974,0.794,0.597695,0.191217,-0.063721,0.7622,0.593013,0.190113,-0.063363,0.7648,0.584126,0.195033,0.011609,0.7264,0.566573,0.190213,-0.107615,0.6614,0.601586,0.214586,-0.017942,0.8205,0.591148,0.214376,-0.051209,0.8322,0.530414,0.243492,0.064535,0.9738,0.560094,0.222754,-0.127147,0.9436,0.519035,0.293227,0.112157,0.0358,0.579571,0.220732,-0.164996,0.4677,0.588561,0.343796,0.109168,0.03,0.577958,0.240407,-0.079726,0.1146,0.605283,0.358783,0.101664,0.0472,0.579571,0.245819,-0.072065,0.1368,0.60948,0.358192,0.084034,0.0498,0.575229,0.250589,-0.069599,0.1355,0.602831,0.353906,0.10037,0.0491,0.571922,0.251018,-0.074212,0.142,0.581739,0.422727,0.059258,0.9928,0.546634,0.422283,-0.058214,0.9932,0.579551,0.538487,0.123174,0.6685,0.551555,0.542534,0.019151,0.8474,0.548531,0.645717,0.218201,0.8409,0.540762,0.654777,0.11204,0.8904,0.526183,0.661387,0.22181,0.7978,0.523393,0.670192,0.120573,0.8394,0.599821,0.673249,0.16306,0.8403,0.578955,0.677325,0.060864,0.8499
tadasana_zen_0055,tadasana,step 3,ZEN,external,right,,CC BY 4.0,data/datasets/yoga_for_all/tadasana/right/step_3/20230312_105832.jpg,True,472,1024,True,0.9952,0.4328,175.132,178.766,168.288,176.344,157.681,162.53,166.89,168.742,10.333,8.892,175.132,178.766,168.288,176.344,8.892,10.333,166.89,168.742,160.602,163.207,168.742,178.766,176.344,160.602,8.535,-8.535,25.823,2.115,8.24,83.351,-0.9889,-0.1846,0.0863,0.2816,0.497864,0.222326,-0.119761,0.997,0.493232,0.213195,-0.110279,0.9964,0.494755,0.212993,-0.109644,0.9963,0.496179,0.212813,-0.109571,0.9961,0.481308,0.214277,-0.139145,0.997,0.474199,0.214818,-0.13994,0.997,0.46678,0.215424,-0.139676,0.9972,0.476918,0.2196,-0.033233,0.9971,0.430457,0.220317,-0.17976,0.9976,0.499356,0.23259,-0.088216,0.9968,0.485231,0.233262,-0.129267,0.9974,0.484249,0.256127,0.042666,0.9952,0.375532,0.254277,-0.251048,0.9984,0.536123,0.171958,0.104834,0.4328,0.400435,0.160303,-0.381476,0.9944,0.548388,0.09397,0.007011,0.727,0.44266,0.056505,-0.40111,0.9556,0.543816,0.068407,-0.013782,0.7105,0.465896,0.042126,-0.434585,0.9259,0.53668,0.061929,-0.032265,0.7103,0.472218,0.040293,-0.409632,0.9286,0.534743,0.071252,-0.007534,0.7205,0.467264,0.04557,-0.392212,0.9431,0.526632,0.428657,0.096951,0.9974,0.447808,0.433918,-0.095687,0.9965,0.501153,0.5294,0.195759,0.4436,0.444432,0.552515,-0.014995,0.9124,0.457528,0.628082,0.331768,0.6016,0.437817,0.640473,0.107099,0.8942,0.43793,0.642502,0.341723,0.7243,0.423105,0.651376,0.115085,0.9101,0.525473,0.661675,0.29469,0.633,0.501811,0.676403,0.042818,0.8189
tadasana_zen_0056,tadasana,step 3,ZEN,external,right,,CC BY 4.0,data/datasets/yoga_for_all/tadasana/right/step_3/20230312_105840.jpg,True,472,1024,True,0.9902,0.8564,176.045,178.71,174.57,178.198,179.418,173.672,174.5,176.814,1.03,1.351,176.045,178.71,174.57,178.198,1.03,1.351,174.5,176.814,172.773,177.921,176.814,176.045,174.57,177.921,2.388,-2.388,5.082,4.485,2.603,83.45,-0.9991,-0.2222,0.1677,0.4245,0.582542,0.26969,-0.310282,0.9985,0.590508,0.263276,-0.295847,0.9979,0.596474,0.263341,-0.295045,0.9979,0.602449,0.263495,-0.295022,0.9977,0.56972,0.263893,-0.304425,0.998,0.560851,0.264436,-0.305266,0.9978,0.551528,0.265036,-0.30479,0.9975,0.602664,0.270134,-0.198143,0.9971,0.526726,0.273179,-0.250084,0.9958,0.592771,0.279685,-0.271994,0.9957,0.565619,0.279594,-0.287055,0.9948,0.640983,0.305546,-0.180908,0.9961,0.480896,0.311333,-0.25972,0.9902,0.64674,0.21241,-0.241433,0.9755,0.482518,0.216507,-0.353843,0.9941,0.633868,0.123032,-0.2948,0.967,0.490573,0.122186,-0.372001,0.966,0.60338,0.10479,-0.324556,0.9181,0.517128,0.104344,-0.395379,0.9455,0.59329,0.102838,-0.318381,0.9115,0.527404,0.101433,-0.372441,0.9397,0.596918,0.107683,-0.297746,0.9202,0.52288,0.106757,-0.367412,0.9486,0.63399,0.481454,0.022071,0.9989,0.519413,0.483855,-0.020685,0.9981,0.608231,0.584861,0.089407,0.8753,0.530462,0.592272,0.046188,0.8844,0.601472,0.6536,0.314932,0.8569,0.541071,0.662563,0.270727,0.8564,0.591493,0.658866,0.334166,0.7571,0.540879,0.667685,0.289241,0.6358,0.630386,0.684342,0.263267,0.8207,0.561716,0.714521,0.217542,0.7705
tadasana_zen_0057,tadasana,step 3,ZEN,external,right,,CC BY 4.0,data/datasets/yoga_for_all/tadasana/right/step_3/20230312_105952(0).jpg,True,472,1024,True,0.992,0.8524,177.03,171.97,179.628,167.063,162.178,164.405,170.985,171.034,12.071,8.979,171.97,177.03,167.063,179.628,8.979,12.071,170.985,171.034,161.99,170.795,170.985,177.03,179.628,161.99,3.003,3.003,7.893,4.285,6.035,81.26,-0.9986,-0.1961,0.1151,0.3918,0.554176,0.351659,-0.140075,0.997,0.5696,0.344475,-0.139161,0.9969,0.57747,0.344584,-0.138478,0.9971,0.585502,0.344702,-0.138492,0.9971,0.553686,0.343931,-0.123125,0.9962,0.550533,0.343512,-0.123869,0.9945,0.547666,0.343109,-0.123379,0.9955,0.602205,0.351748,-0.105257,0.9963,0.552225,0.349326,-0.043039,0.9944,0.570908,0.35981,-0.126254,0.9941,0.551201,0.358375,-0.108344,0.992,0.650263,0.385007,-0.157,0.9977,0.516101,0.380374,0.000373,0.992,0.615275,0.308364,-0.252873,0.9949,0.473805,0.309446,0.01232,0.9322,0.57826,0.229816,-0.264567,0.9805,0.467194,0.237712,-0.024936,0.9375,0.544823,0.218335,-0.292588,0.9588,0.478408,0.222,-0.045388,0.8919,0.545894,0.216805,-0.279296,0.952,0.492858,0.220725,-0.040888,0.885,0.553412,0.221501,-0.261077,0.9509,0.494066,0.225328,-0.029878,0.8938,0.615675,0.538273,-0.040354,0.9982,0.514709,0.543193,0.041503,0.9949,0.627759,0.6419,-0.026948,0.9738,0.547099,0.640306,0.083959,0.9378,0.628062,0.717234,0.188259,0.9248,0.592315,0.709468,0.274609,0.8524,0.639992,0.723849,0.205951,0.6126,0.611722,0.713773,0.290654,0.6721,0.588655,0.760429,0.120452,0.883,0.566977,0.749034,0.231431,0.831
tadasana_zen_0058,tadasana,step 3,ZEN,external,right,,CC BY 4.0,data/datasets/yoga_for_all/tadasana/right/step_3/20230312_105955.jpg,True,472,1024,True,0.9904,0.361,176.791,172.701,170.312,161.54,148.821,151.618,166.327,167.39,18.935,15.85,172.701,176.791,161.54,170.312,15.85,18.935,166.327,167.39,153.512,160.546,166.327,176.791,170.312,153.512,5.661,5.661,30.096,12.271,8.384,80.994,-0.9951,-0.1473,0.1762,0.2443,0.495153,0.341512,-0.065803,0.9982,0.508404,0.330738,-0.082414,0.9988,0.514173,0.32989,-0.082018,0.9988,0.522886,0.329033,-0.081866,0.9987,0.498705,0.331157,-0.052464,0.9982,0.498054,0.33068,-0.053158,0.9975,0.497465,0.330228,-0.05275,0.9979,0.548712,0.328067,-0.117691,0.9984,0.515159,0.330041,0.007522,0.9972,0.514463,0.34662,-0.07606,0.9967,0.500882,0.347676,-0.039515,0.9945,0.614279,0.362554,-0.188606,0.9952,0.524508,0.371555,0.071104,0.9904,0.532233,0.276097,-0.285338,0.9941,0.443259,0.290422,0.123827,0.361,0.485941,0.190116,-0.285524,0.9623,0.423266,0.207187,0.033969,0.5767,0.465883,0.171132,-0.310905,0.9396,0.418387,0.187825,0.021942,0.6033,0.467718,0.17044,-0.296607,0.9323,0.426515,0.186312,0.010237,0.598,0.472713,0.178759,-0.279389,0.9225,0.431536,0.192872,0.023257,0.6191,0.562763,0.541632,-0.088732,0.9959,0.501832,0.537493,0.089941,0.9948,0.591145,0.663646,-0.048989,0.9027,0.540408,0.649683,0.140582,0.4038,0.630771,0.774831,0.028266,0.9098,0.602321,0.747245,0.235321,0.4512,0.659552,0.793023,0.031716,0.8869,0.627917,0.760656,0.239887,0.5756,0.539368,0.801458,-0.058302,0.8975,0.522552,0.782347,0.176128,0.6019
tadasana_zen_0059,tadasana,step 3,ZEN,external,right,,CC BY 4.0,data/datasets/yoga_for_all/tadasana/right/step_3/20230312_110001.jpg,True,472,1024,True,0.9948,0.1419,174.944,178.594,179.806,123.346,164.907,54.566,172.505,173.128,11.095,87.584,174.944,178.594,123.346,179.806,11.095,87.584,172.505,173.128,88.201,165.005,172.505,174.944,179.806,165.005,4.052,4.052,41.78,14.795,0.111,86.405,-0.9975,-0.1629,0.2181,0.2697,0.465928,0.330227,0.033867,0.9914,0.46859,0.320706,0.006853,0.9939,0.46845,0.320121,0.006751,0.9925,0.467869,0.319708,0.00695,0.9935,0.474287,0.320609,0.036214,0.9909,0.478003,0.320173,0.035497,0.9881,0.481299,0.319717,0.036273,0.9901,0.485262,0.321469,-0.079368,0.9858,0.507719,0.322608,0.041047,0.9904,0.473584,0.336538,0.005847,0.9824,0.481231,0.337256,0.041408,0.9825,0.508602,0.352509,-0.164563,0.9982,0.606718,0.364454,0.092993,0.9948,0.473917,0.271716,-0.244352,0.9963,0.542932,0.382273,0.1771,0.1419,0.439011,0.188935,-0.217362,0.9901,0.447524,0.361358,0.1625,0.1433,0.415115,0.165972,-0.232805,0.9855,0.436605,0.353124,0.166931,0.1634,0.432574,0.166581,-0.223573,0.9819,0.430938,0.34794,0.146627,0.1651,0.436829,0.174399,-0.212203,0.9839,0.429527,0.351344,0.152093,0.1789,0.482137,0.531453,-0.088665,0.9978,0.580005,0.531541,0.089946,0.9964,0.500169,0.663732,-0.042909,0.9451,0.592378,0.654431,0.132934,0.4545,0.539996,0.784382,-0.013427,0.9284,0.59725,0.757287,0.206209,0.4794,0.559475,0.802386,-0.012497,0.9626,0.615822,0.774481,0.212097,0.6913,0.472713,0.794898,-0.049568,0.9115,0.537028,0.77427,0.184656,0.5465
tadasana_zen_0060,tadasana,step 3,ZEN,external,right,,CC BY 4.0,data/datasets/yoga_for_all/tadasana/right/step_3/20230312_110005(0).jpg,True,472,1024,True,0.9985,0.7066,175.853,179.299,170.207,158.204,173.207,176.794,174.777,178.705,6.733,8.05,175.853,179.299,158.204,170.207,6.733,8.05,174.777,178.705,165.015,168.376,174.777,175.853,170.207,168.376,0.909,0.909,2.574,5.712,2.249,84.36,-0.9999,-0.2135,0.1759,0.5543,0.502436,0.36141,0.141148,0.9987,0.494325,0.355138,0.11671,0.9992,0.488552,0.355461,0.116904,0.9993,0.48313,0.355835,0.117116,0.9992,0.510916,0.355056,0.117871,0.999,0.516958,0.35521,0.117304,0.9991,0.523622,0.35535,0.118359,0.9991,0.474841,0.360812,0.040074,0.9993,0.534575,0.362791,0.028737,0.9994,0.494829,0.369414,0.119105,0.9984,0.510989,0.369436,0.117448,0.9982,0.406686,0.390507,-0.000273,0.9985,0.594007,0.399143,0.032101,0.9988,0.411181,0.328119,0.030935,0.9427,0.602621,0.338225,0.080261,0.9171,0.437906,0.268607,0.017725,0.9692,0.554417,0.270111,0.084114,0.977,0.434473,0.255224,0.012999,0.9599,0.540447,0.256835,0.078257,0.9701,0.451222,0.253838,-0.001975,0.9575,0.527975,0.255744,0.071917,0.9667,0.455172,0.258484,0.013356,0.9491,0.528398,0.262066,0.085324,0.9551,0.436348,0.550279,-0.027968,0.999,0.553565,0.552401,0.029641,0.9991,0.435011,0.656491,0.000934,0.9855,0.531931,0.653379,0.0811,0.7611,0.449823,0.758901,0.006538,0.9019,0.507995,0.752658,0.123027,0.7066,0.462703,0.775426,0.006092,0.9583,0.512643,0.768221,0.126953,0.8901,0.398535,0.764453,-0.016004,0.7659,0.468596,0.755198,0.10506,0.5776
tadasana_zen_0061,tadasana,step 3,ZEN,external,right,,CC BY 4.0,data/datasets/yoga_for_all/tadasana/right/step_3/20230312_110023.jpg,True,472,1024,True,0.9988,0.596,179.537,177.613,175.442,175.522,167.205,177.946,175.471,175.109,10.457,1.869,177.613,179.537,175.442,175.522,1.869,10.457,175.109,175.471,165.017,175.985,175.471,179.537,175.442,165.017,0.825,0.825,1.375,2.565,5.053,79.226,-0.9999,-0.1852,0.1567,0.5273,0.507194,0.35236,0.047803,0.9968,0.500967,0.345627,0.021547,0.9978,0.496483,0.346047,0.021535,0.9979,0.491592,0.346243,0.021729,0.9978,0.5147,0.344319,0.02287,0.9971,0.519465,0.343944,0.021871,0.9972,0.524341,0.343335,0.022976,0.997,0.482929,0.351738,-0.050707,0.9982,0.538455,0.350119,-0.055661,0.998,0.499795,0.359662,0.030325,0.9979,0.515218,0.359122,0.029214,0.9974,0.424172,0.381361,-0.067228,0.9989,0.592428,0.377887,-0.037168,0.9988,0.444673,0.316334,-0.002664,0.9656,0.603037,0.30483,0.034394,0.9423,0.473915,0.257135,0.039092,0.9762,0.601637,0.24778,0.062399,0.9818,0.474917,0.246349,0.036396,0.9688,0.595508,0.235315,0.059244,0.9773,0.493169,0.244098,0.027811,0.9663,0.581733,0.236416,0.047799,0.9754,0.488983,0.246199,0.038838,0.9591,0.580726,0.240412,0.062308,0.968,0.448773,0.524612,-0.017436,0.9992,0.558625,0.529089,0.019192,0.999,0.448761,0.608562,0.099138,0.9393,0.523962,0.61305,0.139988,0.7018,0.447202,0.696942,0.182465,0.8392,0.497258,0.69653,0.241453,0.596,0.445077,0.71287,0.19053,0.924,0.502143,0.718113,0.252998,0.8631,0.404035,0.698593,0.178789,0.6579,0.470962,0.700266,0.249697,0.4592
tadasana_zen_0062,tadasana,step 3,ZEN,external,right,,CC BY 4.0,data/datasets/yoga_for_all/tadasana/right/step_3/20230312_110027.jpg,True,472,1024,True,0.9974,0.076,170.506,176.032,174.138,141.84,143.71,146.799,174.26,174.512,29.155,14.364,170.506,176.032,141.84,174.138,14.364,29.155,174.26,174.512,146.847,163.92,174.512,176.032,141.84,163.92,2.825,-2.825,36.492,4.413,70.795,86.228,-0.9988,-0.1223,0.1114,0.0558,0.561323,0.355715,-0.030619,0.9979,0.557052,0.347321,-0.027481,0.9977,0.556834,0.347006,-0.027016,0.9968,0.556943,0.346694,-0.026428,0.9977,0.551148,0.346581,-0.058305,0.9975,0.547157,0.345894,-0.059107,0.9971,0.54397,0.345353,-0.058596,0.9976,0.533342,0.343733,0.024309,0.998,0.519644,0.345994,-0.130636,0.9979,0.552985,0.36112,-0.005104,0.9973,0.546993,0.360009,-0.049143,0.9973,0.474255,0.374905,0.110788,0.9974,0.492866,0.374243,-0.171304,0.9974,0.510439,0.348513,0.285286,0.076,0.569849,0.316302,-0.196139,0.9609,0.54513,0.316342,0.332059,0.1773,0.555799,0.26097,-0.067012,0.9156,0.551036,0.307664,0.340941,0.2602,0.556686,0.249527,-0.071655,0.9089,0.547454,0.306118,0.327094,0.2653,0.542736,0.251639,-0.071135,0.8987,0.545274,0.310557,0.325704,0.2745,0.543073,0.257876,-0.06151,0.8768,0.496943,0.524511,0.099255,0.9991,0.503167,0.532747,-0.09818,0.9984,0.491274,0.61043,0.231737,0.3519,0.489802,0.626192,0.017161,0.9133,0.455199,0.694137,0.332854,0.5523,0.464874,0.710727,0.115902,0.8971,0.433661,0.706265,0.338228,0.6613,0.442692,0.724398,0.126822,0.9171,0.519615,0.710065,0.306363,0.6231,0.528059,0.728183,0.08264,0.8512
tadasana_zen_0063,tadasana,step 3,ZEN,external,right,,CC BY 4.0,data/datasets/yoga_for_all/tadasana/right/step_3/20230312_110046(0).jpg,True,472,1024,True,0.9959,0.5943,178.079,179.119,178.272,175.044,161.998,157.914,163.556,161.8,11.669,10.022,178.079,179.119,175.044,178.272,10.022,11.669,161.8,163.556,160.561,161.135,161.8,179.119,175.044,160.561,8.321,-8.321,5.801,32.292,48.97,80.752,-0.9895,-0.1962,0.1439,0.156,0.527934,0.333343,-0.234939,0.9978,0.514501,0.326463,-0.226921,0.9976,0.513713,0.326342,-0.226381,0.9976,0.512678,0.326284,-0.226321,0.9974,0.506061,0.328761,-0.254735,0.9979,0.501306,0.330105,-0.255719,0.9978,0.496004,0.331341,-0.255109,0.9977,0.490119,0.334442,-0.150432,0.9977,0.470486,0.342966,-0.288998,0.9972,0.527778,0.340726,-0.202734,0.9973,0.521664,0.34338,-0.241505,0.9973,0.506329,0.358697,-0.053634,0.9959,0.459399,0.372367,-0.353637,0.998,0.538942,0.279938,-0.025217,0.5943,0.500216,0.288675,-0.478146,0.9944,0.576606,0.201847,-0.121909,0.8522,0.528861,0.191189,-0.511518,0.9614,0.582109,0.182692,-0.146072,0.8397,0.547661,0.171815,-0.543357,0.9423,0.582591,0.180564,-0.162894,0.8368,0.547845,0.170662,-0.519529,0.9374,0.579728,0.186067,-0.136214,0.8298,0.545231,0.17704,-0.503436,0.9476,0.550348,0.519406,0.099674,0.9988,0.518396,0.536331,-0.098302,0.9983,0.520802,0.603044,0.252711,0.6576,0.487351,0.628947,0.024431,0.9672,0.485607,0.685201,0.428481,0.7814,0.463965,0.706607,0.190166,0.9649,0.461989,0.696922,0.442102,0.852,0.441971,0.715949,0.202318,0.9599,0.542076,0.715815,0.411998,0.838,0.523394,0.737378,0.138269,0.94
tadasana_zen_0064,tadasana,step 3,ZEN,external,right,,CC BY 4.0,data/datasets/yoga_for_all/tadasana/right/step_3/20230312_110050(0).jpg,True,472,1024,True,0.9927,0.8013,179.226,175.191,170.371,177.406,171.649,161.836,167.87,169.645,1.972,7.018,175.191,179.226,170.371,177.406,1.972,7.018,167.87,169.645,163.226,176.657,167.87,175.191,177.406,163.226,5.567,-5.567,15.1,5.675,6.047,79.242,-0.9953,-0.1701,0.1027,0.4323,0.528058,0.344863,-0.255476,0.9977,0.528165,0.337129,-0.242254,0.997,0.531655,0.336819,-0.241497,0.9969,0.535178,0.336643,-0.241531,0.9966,0.511489,0.338124,-0.25852,0.9972,0.502959,0.338661,-0.259318,0.9971,0.493514,0.33937,-0.25883,0.9968,0.523417,0.338956,-0.14818,0.996,0.459069,0.343816,-0.2348,0.9953,0.531738,0.354314,-0.218028,0.9946,0.509263,0.356107,-0.243014,0.9946,0.557024,0.369506,-0.122947,0.9962,0.40239,0.376589,-0.254328,0.9927,0.57685,0.294858,-0.151651,0.9507,0.428764,0.294342,-0.361678,0.9946,0.568679,0.21348,-0.209446,0.9559,0.44985,0.198886,-0.369835,0.9765,0.55331,0.195423,-0.238854,0.912,0.487135,0.187529,-0.396178,0.9562,0.54534,0.194414,-0.240258,0.9085,0.490757,0.18502,-0.371096,0.95,0.545677,0.199,-0.21568,0.9151,0.480151,0.189818,-0.364195,0.9485,0.565644,0.535467,0.035894,0.9987,0.463517,0.540454,-0.034496,0.9976,0.528231,0.626229,0.131059,0.8581,0.461305,0.637962,0.063888,0.8524,0.504389,0.688651,0.36087,0.8013,0.470473,0.695371,0.296407,0.8049,0.488559,0.690661,0.381606,0.7409,0.465963,0.697497,0.316562,0.7016,0.523935,0.726332,0.318902,0.7821,0.491948,0.738403,0.253361,0.7391
tadasana_zen_0065,tadasana,step 3,ZEN,external,right,,CC BY 4.0,data/datasets/yoga_for_all/tadasana/right/step_3/20230312_110053.jpg,True,472,1024,True,0.9869,0.7499,175.56,178.099,178.418,178.685,176.444,172.428,177.693,178.235,2.388,2.11,175.56,178.099,178.418,178.685,2.11,2.388,177.693,178.235,171.746,175.664,177.693,178.099,178.685,171.746,2.169,-2.169,3.459,0.161,5.365,85.621,-0.9993,-0.2044,0.1885,0.4479,0.509022,0.352168,-0.228429,0.9968,0.518514,0.34593,-0.211644,0.9959,0.524219,0.346317,-0.210916,0.9958,0.530108,0.346879,-0.210988,0.9954,0.499004,0.345678,-0.220474,0.9962,0.49098,0.345914,-0.22131,0.9958,0.481975,0.346277,-0.220993,0.9955,0.535529,0.353295,-0.112839,0.9939,0.459211,0.353809,-0.165934,0.9927,0.519327,0.362371,-0.190678,0.9923,0.492815,0.361602,-0.206097,0.9913,0.579742,0.387626,-0.106178,0.9943,0.411679,0.387408,-0.180995,0.9869,0.574406,0.299986,-0.164083,0.9691,0.416323,0.301532,-0.271194,0.9934,0.56411,0.214822,-0.223622,0.9572,0.425934,0.209069,-0.282951,0.9723,0.536236,0.198575,-0.252715,0.9027,0.451433,0.195254,-0.30689,0.953,0.524737,0.196711,-0.247969,0.8944,0.459643,0.193043,-0.287515,0.9485,0.527684,0.200585,-0.227468,0.9083,0.453882,0.197091,-0.279388,0.9565,0.567182,0.557873,0.015512,0.9977,0.452646,0.562832,-0.014145,0.996,0.551246,0.656604,0.050765,0.842,0.470211,0.668555,0.033702,0.809,0.551722,0.724619,0.256163,0.7499,0.486651,0.737411,0.221743,0.7669,0.561597,0.746058,0.272643,0.5688,0.496824,0.742969,0.235867,0.5844,0.566297,0.783574,0.186986,0.6988,0.512497,0.788394,0.148666,0.6827
tadasana_zen_0066,tadasana,step 3,ZEN,external,right,,CC BY 4.0,data/datasets/yoga_for_all/tadasana/right/step_3/20230312_110120.jpg,True,472,1024,True,0.9899,0.6463,173.985,170.634,172.636,173.049,166.628,173.195,173.484,171.628,1.819,3.524,170.634,173.985,172.636,173.049,1.819,3.524,171.628,173.484,170.37,176.735,173.484,173.985,172.636,170.37,3.696,3.696,6.109,7.59,2.286,81.368,-0.9979,-0.2013,0.1734,0.4655,0.440737,0.359978,-0.335495,0.997,0.458806,0.353664,-0.336883,0.9971,0.468347,0.35429,-0.336069,0.9974,0.478593,0.354803,-0.336177,0.9976,0.436394,0.352731,-0.323283,0.9963,0.430479,0.352874,-0.324052,0.9947,0.424535,0.353082,-0.323601,0.9949,0.498096,0.361112,-0.296864,0.9972,0.421747,0.360644,-0.244602,0.9917,0.459587,0.369151,-0.317817,0.9948,0.430553,0.368697,-0.302914,0.9917,0.543474,0.397381,-0.312004,0.9974,0.382136,0.387472,-0.215416,0.9899,0.524294,0.306577,-0.428056,0.9892,0.357885,0.297267,-0.25372,0.9276,0.530728,0.212385,-0.474286,0.9701,0.357479,0.202931,-0.302554,0.9306,0.51118,0.197385,-0.513332,0.9383,0.379833,0.189792,-0.326755,0.8835,0.497638,0.195749,-0.504772,0.931,0.402119,0.189174,-0.316938,0.8726,0.498924,0.200418,-0.475247,0.9243,0.398896,0.194385,-0.30589,0.8827,0.496774,0.554289,-0.030909,0.9989,0.383756,0.552209,0.03185,0.9968,0.492494,0.641556,0.09424,0.8421,0.408981,0.628802,0.187069,0.7535,0.500756,0.68768,0.355348,0.7641,0.443758,0.678144,0.450361,0.6463,0.50711,0.694763,0.376903,0.5195,0.45646,0.68194,0.473905,0.5388,0.46961,0.717131,0.313777,0.7214,0.430765,0.705543,0.435083,0.6247
tadasana_zen_0067,tadasana,step 3,ZEN,external,right,,CC BY 4.0,data/datasets/yoga_for_all/tadasana/right/step_3/20230312_110124.jpg,True,472,1024,True,0.9893,0.1013,174.996,176.304,175.257,163.372,158.833,157.137,173.597,170.385,12.913,22.537,174.996,176.304,163.372,175.257,12.913,22.537,170.385,173.597,150.923,161.127,173.597,174.996,175.257,161.127,6.239,6.239,29.61,11.218,62.685,86.925,-0.9941,-0.1157,0.1954,0.0416,0.441945,0.395649,-0.140579,0.9991,0.457068,0.381372,-0.165384,0.9991,0.461877,0.379795,-0.165199,0.9991,0.465824,0.37885,-0.165115,0.9991,0.452878,0.380258,-0.13354,0.9989,0.454376,0.379158,-0.134401,0.9988,0.455613,0.377959,-0.133552,0.9985,0.491374,0.380207,-0.21802,0.9989,0.475397,0.378566,-0.085909,0.9981,0.457011,0.402613,-0.154047,0.9977,0.451561,0.403247,-0.115494,0.9971,0.530108,0.420331,-0.278045,0.9977,0.511871,0.418664,-0.016549,0.9893,0.468672,0.316159,-0.379896,0.9967,0.457422,0.33296,0.065124,0.1013,0.428795,0.216645,-0.371108,0.979,0.394309,0.288079,-0.015123,0.1844,0.403838,0.194294,-0.407002,0.9529,0.396639,0.232165,-0.026529,0.2645,0.405947,0.192158,-0.396964,0.9479,0.40244,0.268286,-0.047914,0.2669,0.412211,0.196761,-0.367173,0.9451,0.396999,0.275156,-0.028785,0.2875,0.481954,0.632949,-0.09223,0.9991,0.462819,0.615872,0.093501,0.9968,0.483777,0.741502,0.042054,0.9477,0.473464,0.707206,0.227514,0.3006,0.504738,0.842811,0.172692,0.9123,0.498048,0.802653,0.390104,0.3608,0.525482,0.859171,0.182017,0.9126,0.52228,0.824313,0.4026,0.4492,0.408634,0.844566,0.141157,0.8818,0.416668,0.822429,0.374867,0.5179
tadasana_zen_0068,tadasana,step 3,ZEN,external,right,,CC BY 4.0,data/datasets/yoga_for_all/tadasana/right/step_3/20230312_110128.jpg,True,472,1024,True,0.9988,0.5783,159.322,171.878,174.65,172.401,178.669,160.824,174.161,174.936,2.87,4.936,159.322,171.878,172.401,174.65,2.87,4.936,174.161,174.936,164.665,178.491,174.161,159.322,174.65,178.491,5.835,5.835,6.38,2.012,3.791,82.801,-0.9948,-0.1765,0.1849,0.4559,0.454298,0.366213,-0.185485,0.9995,0.444082,0.358952,-0.220343,0.9995,0.434544,0.359129,-0.220327,0.9995,0.427906,0.359371,-0.22047,0.9994,0.468509,0.358604,-0.209807,0.9995,0.479724,0.358568,-0.211128,0.9994,0.488997,0.358449,-0.209845,0.9994,0.424165,0.3671,-0.30096,0.9995,0.499041,0.36604,-0.265394,0.9993,0.445324,0.375419,-0.205431,0.9997,0.470456,0.375377,-0.195009,0.9996,0.360537,0.400928,-0.309624,0.9996,0.564155,0.404226,-0.242918,0.9988,0.360651,0.299554,-0.336589,0.9767,0.530692,0.304314,-0.227248,0.8624,0.383978,0.185373,-0.401655,0.9871,0.526089,0.201057,-0.287526,0.9602,0.36543,0.166667,-0.434864,0.9746,0.532791,0.178047,-0.311136,0.9577,0.395425,0.165466,-0.45231,0.9754,0.503302,0.174456,-0.330366,0.9583,0.406209,0.172238,-0.410234,0.9707,0.500289,0.182665,-0.295262,0.9539,0.349787,0.609554,-0.030592,0.9999,0.484037,0.605453,0.031785,0.9998,0.319589,0.719747,0.156832,0.9306,0.461157,0.718387,0.189793,0.7393,0.353598,0.785152,0.320695,0.8739,0.432437,0.773714,0.391244,0.5783,0.356559,0.818487,0.334859,0.846,0.458826,0.794898,0.411209,0.7027,0.341951,0.794062,0.328036,0.7611,0.401146,0.789747,0.415503,0.5352
tadasana_zen_0069,tadasana,step 3,ZEN,external,right,,CC BY 4.0,data/datasets/yoga_for_all/tadasana/right/step_3/20230312_110133(1).jpg,True,472,1024,True,0.9994,0.7219,170.446,174.198,177.715,179.789,164.086,171.561,177.733,177.422,11.275,0.096,170.446,174.198,177.715,179.789,0.096,11.275,177.422,177.733,162.922,171.452,177.733,170.446,179.789,171.452,1.509,1.509,4.414,3.023,9.163,83.935,-0.9997,-0.2434,0.1723,0.547,0.439229,0.318558,-0.157905,0.9997,0.426246,0.313076,-0.187657,0.9996,0.419701,0.314327,-0.187672,0.9997,0.411923,0.315209,-0.187579,0.9996,0.445785,0.312166,-0.192174,0.9996,0.452271,0.312874,-0.193431,0.9996,0.459465,0.313476,-0.192251,0.9996,0.401242,0.327159,-0.248699,0.9996,0.468664,0.32639,-0.279992,0.9995,0.430001,0.329307,-0.170369,0.9998,0.452276,0.328612,-0.178953,0.9998,0.323506,0.358632,-0.215072,0.9995,0.530921,0.363682,-0.294811,0.9994,0.355179,0.276762,-0.213415,0.9629,0.531597,0.276249,-0.310797,0.9677,0.395406,0.192402,-0.29957,0.9837,0.531573,0.183882,-0.386608,0.9863,0.390253,0.172395,-0.332674,0.9774,0.519515,0.166894,-0.425624,0.9705,0.413058,0.173038,-0.35767,0.9743,0.499645,0.166937,-0.432389,0.9747,0.41654,0.179308,-0.312434,0.9688,0.49852,0.172917,-0.389743,0.9806,0.361728,0.531988,0.01605,0.9998,0.472696,0.540239,-0.014858,0.9998,0.373647,0.620895,0.237412,0.7717,0.451801,0.630878,0.175366,0.7375,0.357456,0.691698,0.429081,0.767,0.420148,0.700308,0.365108,0.7219,0.350858,0.7051,0.445733,0.7996,0.416278,0.716697,0.383835,0.866,0.349057,0.692792,0.424809,0.6516,0.397365,0.698189,0.359604,0.6368
tadasana_zen_0070,tadasana,step 3,ZEN,external,right,,CC BY 4.0,data/datasets/yoga_for_all/tadasana/right/step_3/20230312_110136.jpg,True,472,1024,True,0.9902,0.099,179.969,171.221,174.483,166.402,158.42,179.006,177.394,177.78,21.559,2.656,171.221,179.969,166.402,174.483,2.656,21.559,177.394,177.78,155.409,173.919,177.78,171.221,166.402,173.919,2.849,2.849,12.646,10.559,25.655,83.483,-0.9988,-0.2443,0.3141,0.3031,0.624675,0.30835,-0.103379,0.993,0.614026,0.298407,-0.114681,0.9915,0.611787,0.298437,-0.114272,0.9919,0.603371,0.297162,-0.114566,0.9922,0.617867,0.298656,-0.138552,0.9891,0.617539,0.298925,-0.139449,0.9873,0.617182,0.298761,-0.139048,0.9855,0.580821,0.305198,-0.113932,0.9945,0.606967,0.308755,-0.234118,0.9844,0.615865,0.320679,-0.09627,0.9956,0.622575,0.321529,-0.130033,0.9936,0.504306,0.349231,-0.073114,0.9967,0.626347,0.359717,-0.281111,0.9902,0.559847,0.27293,-0.04305,0.4674,0.656691,0.278154,-0.360796,0.7825,0.645369,0.18466,-0.134951,0.7259,0.643563,0.188647,-0.391261,0.8145,0.646974,0.165191,-0.168644,0.7371,0.67039,0.174709,-0.435462,0.7402,0.659571,0.170121,-0.189931,0.7341,0.641528,0.173419,-0.432713,0.7578,0.660116,0.173697,-0.149447,0.7348,0.639967,0.177153,-0.394115,0.7894,0.526102,0.538878,0.083751,0.9992,0.563831,0.54723,-0.082807,0.9982,0.527068,0.598767,0.345473,0.099,0.537927,0.651751,0.131452,0.631,0.527694,0.640687,0.579392,0.1691,0.50965,0.699408,0.359557,0.6459,0.514391,0.648172,0.600232,0.3552,0.49022,0.714376,0.380778,0.7987,0.58103,0.652524,0.593775,0.214,0.527823,0.719958,0.341484,0.5035
tadasana_zen_0071,tadasana,step 3,ZEN,external,right,,CC BY 4.0,data/datasets/yoga_for_all/tadasana/right/step_3/20230312_110140.jpg,True,472,1024,True,0.9948,0.07,172.358,179.516,174.581,169.899,136.429,173.716,171.746,171.36,47.6,18.603,172.358,179.516,169.899,174.581,18.603,47.6,171.36,171.746,133.169,168.484,171.36,179.516,169.899,168.484,4.06,4.06,34.797,1.614,49.946,74.273,-0.9975,-0.1379,0.1214,0.1757,0.651958,0.393702,-0.080417,0.9853,0.647552,0.383767,-0.076947,0.9879,0.644881,0.382962,-0.076449,0.9852,0.641709,0.382079,-0.076066,0.9879,0.647508,0.384412,-0.109712,0.9847,0.645272,0.384067,-0.110655,0.9832,0.642824,0.383572,-0.109972,0.9834,0.614514,0.384532,-0.02642,0.9864,0.622741,0.384281,-0.187465,0.9818,0.634334,0.399389,-0.056711,0.9897,0.635334,0.399907,-0.101667,0.9856,0.531253,0.41684,0.058729,0.9948,0.594048,0.416024,-0.240307,0.9972,0.573988,0.396682,0.186468,0.07,0.633707,0.339124,-0.309367,0.9574,0.64444,0.369199,0.157784,0.1742,0.707081,0.261238,-0.26372,0.9531,0.649,0.361568,0.15424,0.2341,0.72352,0.247244,-0.292112,0.9345,0.655308,0.357974,0.133408,0.2432,0.709479,0.246005,-0.279002,0.9321,0.655621,0.362861,0.146821,0.249,0.705622,0.248228,-0.257162,0.9052,0.526653,0.574966,0.103581,0.9992,0.548016,0.586679,-0.10264,0.9983,0.502386,0.645413,0.318284,0.1965,0.500993,0.663648,0.084968,0.852,0.45832,0.713269,0.487091,0.4523,0.457076,0.733271,0.268841,0.8778,0.43289,0.726105,0.50104,0.6469,0.430644,0.74639,0.285612,0.9375,0.50501,0.728793,0.479239,0.5866,0.504868,0.743744,0.243987,0.8495
tadasana_zen_0072,tadasana,step 3,ZEN,external,right,,CC BY 4.0,data/datasets/yoga_for_all/tadasana/right/step_3/20230312_110144.jpg,True,472,1024,True,0.9975,0.7327,173.672,178.628,169.479,178.523,169.476,160.769,166.087,167.302,13.214,16.447,173.672,178.628,169.479,178.523,13.214,16.447,166.087,167.302,161.583,174.831,167.302,178.628,178.523,161.583,3.009,3.009,11.377,7.637,17.839,68.042,-0.9986,-0.1677,0.1102,0.4141,0.592788,0.387827,-0.344527,0.9985,0.595601,0.376647,-0.336926,0.9983,0.598879,0.376563,-0.336338,0.9983,0.602222,0.376448,-0.336278,0.9982,0.579887,0.376182,-0.360262,0.9985,0.571668,0.375934,-0.361183,0.9984,0.562492,0.375823,-0.360559,0.9983,0.588175,0.37926,-0.250928,0.9984,0.524574,0.380742,-0.367108,0.9978,0.592689,0.397533,-0.307557,0.9978,0.573571,0.397658,-0.340656,0.9979,0.607219,0.40981,-0.172808,0.9982,0.46755,0.418442,-0.412139,0.9975,0.665127,0.330359,-0.178358,0.8319,0.523346,0.335676,-0.553789,0.9883,0.691523,0.244321,-0.254934,0.9033,0.586207,0.233177,-0.623919,0.9295,0.695353,0.224648,-0.284778,0.8571,0.622474,0.213795,-0.666429,0.89,0.691179,0.222118,-0.295466,0.8526,0.630631,0.212418,-0.640264,0.8863,0.685295,0.22732,-0.265436,0.8454,0.622281,0.217848,-0.618563,0.9042,0.559682,0.564822,0.082449,0.9996,0.47936,0.576736,-0.081035,0.9992,0.505304,0.626989,0.273001,0.7327,0.447616,0.653961,0.127953,0.93,0.462379,0.69771,0.500354,0.8149,0.429123,0.705697,0.376807,0.9176,0.439654,0.701662,0.520546,0.8731,0.41117,0.708543,0.399261,0.9156,0.504025,0.734604,0.48665,0.8344,0.477988,0.739264,0.357488,0.8782
tadasana_zen_0073,tadasana,step 4,ZEN,external,right,,CC BY 4.0,data/datasets/yoga_for_all/tadasana/right/step_4/20230312_105046(0).jpg,True,472,1024,True,0.9813,0.8994,175.845,171.821,140.64,145.005,176.925,170.43,179.713,172.882,10.414,1.007,171.821,175.845,140.64,145.005,1.007,10.414,172.882,179.713,165.998,170.434,179.713,175.845,145.005,170.434,2.45,-2.45,2.574,4.023,3.029,86.125,-0.9991,-0.3816,0.1238,0.5718,0.473624,0.243408,-0.217682,0.9991,0.483304,0.2379,-0.192179,0.9989,0.491063,0.238118,-0.191407,0.9988,0.498975,0.238212,-0.191771,0.9986,0.462117,0.238668,-0.190114,0.999,0.45473,0.239431,-0.190864,0.9989,0.4466,0.24033,-0.190799,0.9988,0.509175,0.244978,-0.085822,0.9986,0.429012,0.247167,-0.086757,0.9987,0.486742,0.253085,-0.18352,0.9978,0.460746,0.254862,-0.183761,0.9975,0.553561,0.292896,-0.127351,0.9849,0.384158,0.298387,-0.102081,0.9813,0.570506,0.226027,-0.326748,0.9776,0.345741,0.244302,-0.279676,0.9865,0.509404,0.182152,-0.426908,0.8994,0.388711,0.178971,-0.383662,0.927,0.479756,0.170716,-0.467847,0.7864,0.426583,0.166254,-0.422259,0.8264,0.475148,0.17134,-0.456757,0.7607,0.434273,0.166343,-0.40015,0.8024,0.477105,0.17678,-0.427696,0.7768,0.429787,0.172399,-0.384217,0.8122,0.534763,0.431103,-0.005341,0.9989,0.428341,0.433698,0.006251,0.9985,0.52033,0.529328,0.006549,0.9714,0.433748,0.532747,0.048695,0.968,0.497204,0.604897,0.223351,0.9296,0.460468,0.605407,0.235783,0.9151,0.495451,0.609255,0.236034,0.5524,0.468111,0.610565,0.244524,0.5869,0.48266,0.638821,0.108516,0.8885,0.453372,0.640495,0.119098,0.8691
tadasana_zen_0074,tadasana,step 4,ZEN,external,right,,CC BY 4.0,data/datasets/yoga_for_all/tadasana/right/step_4/20230312_105048.jpg,True,472,1024,True,0.9897,0.9227,174.914,174.123,151.274,144.762,159.579,154.059,178.47,174.125,30.995,18.802,174.123,174.914,144.762,151.274,18.802,30.995,174.125,178.47,145.294,170.456,178.47,174.914,151.274,145.294,2.548,-2.548,5.325,8.992,2.325,86.617,-0.999,-0.3906,0.1519,0.6131,0.501689,0.247899,-0.181388,0.9987,0.511034,0.242006,-0.161091,0.9983,0.518384,0.241952,-0.160339,0.9983,0.526366,0.242111,-0.160669,0.9981,0.490837,0.243545,-0.153935,0.9983,0.484494,0.244431,-0.154739,0.9981,0.476695,0.245229,-0.154511,0.9979,0.542569,0.248448,-0.074439,0.9982,0.467392,0.253762,-0.050714,0.9976,0.518613,0.256827,-0.153817,0.9984,0.495992,0.258708,-0.146911,0.9973,0.60903,0.294389,-0.124314,0.9957,0.430798,0.307389,-0.047424,0.9897,0.570634,0.235435,-0.315264,0.9953,0.353713,0.257018,-0.239271,0.9813,0.476508,0.192706,-0.395589,0.9859,0.353792,0.203135,-0.402301,0.9557,0.432378,0.18442,-0.435038,0.959,0.384203,0.188407,-0.445576,0.8892,0.429093,0.185597,-0.421096,0.952,0.400906,0.187534,-0.421559,0.8688,0.440356,0.189716,-0.393121,0.942,0.399743,0.193155,-0.403244,0.8713,0.589192,0.435372,-0.018464,0.999,0.476801,0.437475,0.019099,0.9987,0.58038,0.542017,-9.9e-05,0.9842,0.490721,0.546018,0.063132,0.971,0.560085,0.615372,0.223414,0.9538,0.515377,0.615722,0.255468,0.9227,0.563731,0.62234,0.236678,0.5088,0.526913,0.621943,0.265273,0.5881,0.531466,0.650345,0.110007,0.9151,0.497946,0.651028,0.147604,0.8943
tadasana_zen_0075,tadasana,step 4,ZEN,external,right,,CC BY 4.0,data/datasets/yoga_for_all/tadasana/right/step_4/20230312_105052(0).jpg,True,472,1024,True,0.9878,0.8465,177.078,165.807,179.864,169.052,104.374,104.556,178.43,175.948,73.658,75.187,165.807,177.078,169.052,179.864,73.658,75.187,175.948,178.43,104.447,110.471,178.43,177.078,179.864,104.447,1.696,-1.696,10.449,19.825,8.317,88.394,-0.9996,-0.2137,0.1296,0.4143,0.475522,0.195465,-0.096629,0.9984,0.495239,0.18322,-0.105512,0.9978,0.502903,0.18227,-0.105026,0.9977,0.510327,0.181363,-0.104662,0.9972,0.480362,0.185268,-0.082708,0.9981,0.477864,0.185636,-0.083458,0.998,0.475466,0.185994,-0.082665,0.9979,0.536057,0.184446,-0.102616,0.9955,0.489366,0.191015,-0.009378,0.9964,0.493963,0.20552,-0.094091,0.9967,0.474894,0.206158,-0.066124,0.9958,0.612945,0.22199,-0.173915,0.9878,0.4566,0.247971,0.061428,0.991,0.412994,0.195094,-0.287609,0.9922,0.283376,0.23547,0.123159,0.8732,0.178989,0.163339,-0.306871,0.973,0.089689,0.203246,0.05287,0.9109,0.10452,0.155605,-0.333195,0.947,0.059455,0.18429,0.039143,0.87,0.106887,0.154891,-0.324426,0.9454,0.065907,0.182349,0.016731,0.8807,0.124564,0.159584,-0.301493,0.939,0.072851,0.188915,0.038909,0.8877,0.599003,0.416286,-0.0734,0.991,0.494294,0.423341,0.074164,0.9941,0.597453,0.542583,-0.065156,0.9732,0.501271,0.538021,0.098726,0.8465,0.608512,0.654952,-0.004442,0.9775,0.565005,0.641841,0.166461,0.8856,0.629224,0.672158,-0.00279,0.9214,0.586268,0.660328,0.168469,0.8307,0.524992,0.688098,-0.082342,0.9639,0.490926,0.679338,0.112233,0.9202
tadasana_zen_0076,tadasana,step 4,ZEN,external,right,,CC BY 4.0,data/datasets/yoga_for_all/tadasana/right/step_4/20230312_105055.jpg,True,472,1024,True,0.9675,0.0522,176.179,166.113,176.308,156.902,85.845,62.649,178.537,179.631,98.581,100.668,166.113,176.179,156.902,176.308,98.581,100.668,178.537,179.631,73.312,87.557,178.537,176.179,176.308,87.557,0.433,-0.433,0.317,22.145,8.264,83.611,-1.0,-0.2451,0.1,0.3771,0.510891,0.091763,-0.004786,0.9483,0.513196,0.078282,-0.031979,0.9514,0.506839,0.07728,-0.031547,0.9461,0.50007,0.076239,-0.031217,0.9553,0.536538,0.079851,-0.009615,0.9424,0.545356,0.080158,-0.010515,0.9396,0.554625,0.080563,-0.009279,0.9628,0.5023,0.077634,-0.099681,0.9357,0.570298,0.084863,-0.006996,0.9646,0.501574,0.10191,-0.023257,0.9341,0.522006,0.105287,0.004807,0.9292,0.447311,0.132762,-0.174618,0.992,0.625888,0.16626,0.09039,0.9675,0.212447,0.152423,-0.196755,0.9962,0.423832,0.202629,0.201209,0.0522,0.007328,0.163365,-0.112005,0.9803,0.237533,0.199979,0.235376,0.0998,-0.036292,0.152767,-0.119844,0.9582,0.247191,0.210679,0.258239,0.1132,-0.0219,0.150228,-0.090627,0.954,0.229249,0.207929,0.229988,0.1147,-0.002204,0.157108,-0.09657,0.9375,0.230745,0.21173,0.227498,0.1318,0.505651,0.382809,-0.085302,0.9972,0.575275,0.38747,0.08639,0.9939,0.532501,0.534152,0.039278,0.894,0.542045,0.524263,0.212268,0.2561,0.575173,0.665824,0.140965,0.8891,0.575737,0.642258,0.328578,0.3528,0.598452,0.691775,0.148101,0.9106,0.591659,0.663913,0.340845,0.5929,0.44217,0.668472,0.118183,0.8101,0.451872,0.656131,0.338318,0.512
tadasana_zen_0077,tadasana,step 4,ZEN,external,right,,CC BY 4.0,data/datasets/yoga_for_all/tadasana/right/step_4/20230312_105058.jpg,True,472,1024,True,0.9938,0.0732,165.301,169.773,134.533,141.637,53.589,6.162,168.204,175.336,136.002,169.199,165.301,169.773,134.533,141.637,136.002,169.199,168.204,175.336,5.792,50.904,168.204,165.301,134.533,50.904,1.352,-1.352,2.606,17.056,3.683,80.328,-0.9997,-0.3001,0.1441,0.5081,0.544769,0.07831,0.113721,0.9844,0.542158,0.065229,0.07931,0.9898,0.53503,0.064598,0.079783,0.9886,0.526965,0.064179,0.079866,0.9898,0.566611,0.067179,0.09396,0.9896,0.575295,0.067801,0.093218,0.9879,0.582845,0.068619,0.094036,0.9907,0.522774,0.071322,-0.034496,0.9869,0.601032,0.076596,0.022661,0.9928,0.535262,0.089341,0.079063,0.9833,0.560789,0.092026,0.095525,0.9868,0.433373,0.131798,-0.115739,0.9951,0.683262,0.167136,0.058119,0.9938,0.271675,0.202074,-0.044832,0.9511,0.68776,0.270116,0.169824,0.2381,0.271349,0.209138,0.113236,0.5602,0.62483,0.308317,0.257397,0.0732,0.270158,0.219885,0.127131,0.499,0.610303,0.321101,0.278984,0.0831,0.285349,0.217563,0.128951,0.506,0.600622,0.315651,0.263078,0.0874,0.303728,0.214533,0.120877,0.4713,0.603405,0.309932,0.25497,0.09,0.499748,0.384417,-0.069176,0.9981,0.641153,0.388613,0.070836,0.9961,0.470735,0.540722,0.053594,0.904,0.587229,0.534449,0.183829,0.4639,0.522736,0.679364,0.129522,0.8581,0.589969,0.664951,0.286402,0.3974,0.543007,0.698243,0.136702,0.8932,0.606468,0.685662,0.299189,0.5325,0.426789,0.679664,0.134834,0.7616,0.496155,0.667682,0.308359,0.4201
tadasana_zen_0078,tadasana,step 4,ZEN,external,right,,CC BY 4.0,data/datasets/yoga_for_all/tadasana/right/step_4/20230312_105101.jpg,True,472,1024,True,0.9888,0.0247,170.058,179.568,131.688,98.919,2.885,0.614,171.573,178.351,157.4,149.87,170.058,179.568,98.919,131.688,149.87,157.4,171.573,178.351,13.864,22.353,171.573,170.058,131.688,13.864,0.633,-0.633,5.422,3.174,0.179,83.872,-0.9999,-0.3511,0.1182,0.645,0.535013,0.123983,0.106405,0.9882,0.523086,0.114895,0.073905,0.9842,0.51271,0.114766,0.074242,0.9839,0.501639,0.114785,0.074118,0.9827,0.551973,0.115336,0.070853,0.984,0.561621,0.115527,0.069973,0.9826,0.572096,0.116002,0.070701,0.9801,0.486139,0.123665,-0.029856,0.9895,0.587352,0.125686,-0.049941,0.9863,0.519798,0.137296,0.07677,0.99,0.550854,0.137271,0.070238,0.9902,0.363444,0.19979,-0.067679,0.9962,0.681266,0.207915,-0.044115,0.9888,0.388528,0.312636,-0.014112,0.252,0.655308,0.303126,0.048082,0.1277,0.498375,0.349204,0.127268,0.0248,0.559683,0.304477,0.18278,0.0247,0.513048,0.360575,0.139902,0.028,0.545579,0.308916,0.210392,0.0352,0.536267,0.351017,0.140106,0.0279,0.515264,0.298816,0.199189,0.0361,0.539247,0.347724,0.13009,0.0335,0.510523,0.298012,0.181428,0.0412,0.440577,0.431175,-0.027341,0.9984,0.615044,0.431425,0.028197,0.995,0.4424,0.587433,0.116202,0.8728,0.579076,0.585842,0.154101,0.487,0.496293,0.724806,0.224192,0.7678,0.551025,0.715486,0.288103,0.4281,0.51467,0.751432,0.232424,0.8121,0.5538,0.736336,0.302257,0.4962,0.472376,0.728127,0.241488,0.5622,0.521224,0.704986,0.304567,0.3366
tadasana_zen_0079,tadasana,step 4,ZEN,external,right,,CC BY 4.0,data/datasets/yoga_for_all/tadasana/right/step_4/20230312_105105(0).jpg,True,472,1024,True,0.9904,0.0163,172.838,170.871,151.572,17.571,17.463,57.792,178.46,175.019,144.835,133.781,170.871,172.838,17.571,151.572,133.781,144.835,175.019,178.46,26.233,51.215,175.019,170.871,17.571,51.215,1.441,-1.441,2.688,16.732,0.876,82.608,-0.9997,-0.3289,0.1573,0.537,0.543492,0.121388,0.071215,0.992,0.516119,0.109535,0.051787,0.9892,0.503657,0.110713,0.052084,0.9885,0.492351,0.112168,0.052333,0.9872,0.544691,0.107055,0.038996,0.9905,0.551296,0.106319,0.038261,0.9905,0.557387,0.105712,0.038873,0.9903,0.477091,0.121819,0.005617,0.9894,0.558721,0.112798,-0.059719,0.9889,0.526589,0.135958,0.06151,0.992,0.555725,0.132387,0.043121,0.9915,0.38637,0.214447,0.034442,0.992,0.641941,0.179032,-0.106625,0.9965,0.473353,0.295233,0.11446,0.1819,0.838081,0.247667,-0.030708,0.9213,0.545841,0.318782,0.243003,0.0163,0.773143,0.236989,0.115134,0.4887,0.555617,0.325549,0.264704,0.0172,0.790775,0.230512,0.127881,0.4148,0.566527,0.317293,0.263382,0.0168,0.741136,0.226504,0.121358,0.3956,0.571138,0.316175,0.247724,0.0188,0.735188,0.234432,0.116746,0.3692,0.458253,0.425258,0.057462,0.9904,0.595053,0.426222,-0.056001,0.9918,0.496477,0.561058,0.166981,0.1961,0.594967,0.574474,0.050628,0.5417,0.497598,0.689352,0.267194,0.2369,0.544818,0.718077,0.15181,0.5291,0.473666,0.707669,0.275237,0.3565,0.511906,0.741616,0.161636,0.64,0.571154,0.692331,0.279614,0.257,0.624989,0.718096,0.151756,0.4096
tadasana_zen_0080,tadasana,step 4,ZEN,external,right,,CC BY 4.0,data/datasets/yoga_for_all/tadasana/right/step_4/20230312_105108.jpg,True,472,1024,True,0.9972,0.2167,166.646,172.119,156.681,173.732,62.475,74.859,177.571,176.248,98.454,101.666,166.646,172.119,156.681,173.732,98.454,101.666,176.248,177.571,73.682,77.701,176.248,172.119,173.732,77.701,4.013,-4.013,7.026,33.794,4.355,79.707,-0.9975,-0.2911,0.0793,0.2639,0.479168,0.141766,-0.044768,0.9992,0.466298,0.130983,-0.039427,0.9988,0.463629,0.131459,-0.039182,0.9988,0.460828,0.131925,-0.038791,0.9987,0.464113,0.129772,-0.066151,0.9987,0.457862,0.129522,-0.067082,0.9986,0.453742,0.129258,-0.066499,0.9984,0.427098,0.139514,0.028146,0.9988,0.420297,0.136848,-0.10561,0.9984,0.47154,0.155168,-0.014217,0.9989,0.468717,0.15343,-0.052229,0.9991,0.360921,0.225619,0.136237,0.998,0.470358,0.191858,-0.16695,0.9988,0.57284,0.260519,0.188611,0.2423,0.707097,0.220097,-0.194432,0.9796,0.78087,0.254389,0.17185,0.3386,0.907921,0.233502,-0.11407,0.8945,0.813654,0.246877,0.162825,0.348,0.942518,0.225188,-0.123681,0.8719,0.812882,0.242196,0.1291,0.338,0.925841,0.222625,-0.104547,0.8539,0.81229,0.246516,0.156562,0.3572,0.916703,0.229208,-0.10487,0.823,0.424895,0.439118,0.095759,0.9978,0.476237,0.437316,-0.095178,0.9972,0.476527,0.57017,0.233417,0.2167,0.499255,0.575694,0.056016,0.8738,0.462171,0.693888,0.364724,0.3741,0.481476,0.709814,0.183093,0.8497,0.443559,0.717782,0.374436,0.503,0.456739,0.73327,0.191969,0.8757,0.568326,0.701333,0.326533,0.6839,0.588457,0.717881,0.129169,0.8342
tadasana_zen_0081,tadasana,step 4,ZEN,external,right,,CC BY 4.0,data/datasets/yoga_for_all/tadasana/right/step_4/20230312_105111.jpg,True,472,1024,True,0.9936,0.4697,177.315,179.408,155.828,167.385,71.827,77.692,170.901,174.453,87.34,85.717,177.315,179.408,155.828,167.385,85.717,87.34,170.901,174.453,83.974,85.205,174.453,179.408,167.385,83.974,8.964,-8.964,16.498,14.484,14.62,85.237,-0.9878,-0.2007,0.086,0.2447,0.387851,0.170601,-0.136371,0.9945,0.377661,0.15737,-0.133433,0.9913,0.382497,0.156726,-0.133165,0.9915,0.384947,0.155813,-0.132974,0.9909,0.36477,0.158063,-0.156084,0.992,0.357916,0.157758,-0.156925,0.9916,0.350907,0.156962,-0.156501,0.9913,0.362364,0.158824,-0.059399,0.9914,0.31064,0.157115,-0.177521,0.9917,0.390479,0.181769,-0.104467,0.9935,0.373166,0.182192,-0.13768,0.9948,0.37657,0.221288,0.02062,0.9962,0.263946,0.207878,-0.223962,0.9956,0.546572,0.23612,0.063432,0.4697,0.505425,0.211762,-0.298531,0.9816,0.754475,0.213194,-0.002139,0.8167,0.740994,0.191409,-0.318626,0.9331,0.806271,0.210854,-0.022899,0.8103,0.826116,0.200777,-0.354027,0.9075,0.809813,0.208531,-0.047913,0.8191,0.808263,0.192724,-0.352245,0.8987,0.802492,0.20897,-0.014832,0.8083,0.786852,0.194227,-0.319647,0.8652,0.434733,0.426168,0.0844,0.9972,0.353925,0.435884,-0.083586,0.9936,0.427156,0.547822,0.239481,0.5577,0.376977,0.563411,0.062248,0.9151,0.409605,0.654684,0.409165,0.6761,0.39418,0.672147,0.22389,0.8893,0.390434,0.670575,0.421723,0.7418,0.3744,0.691177,0.235307,0.8536,0.500341,0.686458,0.377059,0.7956,0.48904,0.701644,0.165133,0.8611
tadasana_zen_0082,tadasana,step 4,ZEN,external,right,,CC BY 4.0,data/datasets/yoga_for_all/tadasana/right/step_4/20230312_105114.jpg,True,472,1024,True,0.9938,0.8306,172.074,176.51,129.853,179.531,111.246,111.234,177.624,175.452,45.174,57.721,172.074,176.51,129.853,179.531,45.174,57.721,175.452,177.624,111.514,134.658,175.452,176.51,179.531,111.514,5.855,-5.855,2.221,10.317,6.706,83.782,-0.9948,-0.2776,0.1427,0.5116,0.375814,0.213466,-0.196237,0.999,0.377832,0.203752,-0.178967,0.9979,0.384821,0.203824,-0.178192,0.9977,0.390022,0.203925,-0.178691,0.9975,0.356631,0.202215,-0.191424,0.9982,0.346457,0.201217,-0.192267,0.9981,0.337101,0.200146,-0.191734,0.9978,0.385724,0.207683,-0.070466,0.9976,0.313352,0.20436,-0.143792,0.9976,0.385433,0.224173,-0.155486,0.9983,0.359631,0.223179,-0.176825,0.9983,0.4525,0.269896,-0.003361,0.994,0.261973,0.253909,-0.222412,0.9938,0.587422,0.245505,-0.080322,0.8306,0.389756,0.217104,-0.356902,0.997,0.627905,0.189534,-0.189403,0.8367,0.576951,0.162199,-0.33283,0.9786,0.639761,0.18088,-0.216632,0.7341,0.629398,0.159613,-0.357652,0.9258,0.629368,0.169445,-0.223675,0.7221,0.63148,0.15896,-0.331293,0.9117,0.625376,0.177026,-0.196069,0.7334,0.61743,0.163993,-0.324008,0.8975,0.453537,0.432343,0.055578,0.9995,0.338159,0.438596,-0.054299,0.9989,0.463832,0.539115,0.105931,0.8919,0.366431,0.558209,0.011376,0.956,0.444685,0.632806,0.282625,0.8782,0.399056,0.646119,0.177662,0.9252,0.427511,0.640925,0.293538,0.8021,0.39074,0.654924,0.18726,0.7183,0.484464,0.667677,0.222312,0.8695,0.446782,0.68292,0.090877,0.8939
tadasana_zen_0083,tadasana,step 4,ZEN,external,right,,CC BY 4.0,data/datasets/yoga_for_all/tadasana/right/step_4/20230312_105121.jpg,True,472,1024,True,0.9828,0.6983,174.015,175.584,4.717,9.867,67.661,68.471,178.178,176.965,54.944,45.364,174.015,175.584,4.717,9.867,45.364,54.944,176.965,178.178,119.268,128.922,178.178,175.584,4.717,119.268,0.037,-0.037,3.972,3.608,1.734,86.035,-1.0,-0.1638,0.152,0.592,0.549755,0.357033,-0.199469,0.9959,0.564591,0.347433,-0.188812,0.9963,0.571257,0.347565,-0.188117,0.9958,0.577971,0.347557,-0.188471,0.9963,0.544413,0.346015,-0.190132,0.9924,0.537172,0.345579,-0.190946,0.9897,0.529282,0.345341,-0.190732,0.9896,0.588714,0.348071,-0.0775,0.9978,0.512904,0.345909,-0.098034,0.9919,0.560228,0.365318,-0.154345,0.9979,0.535069,0.363858,-0.159395,0.9957,0.631608,0.381389,-0.063409,0.9986,0.460485,0.376416,-0.09318,0.9828,0.644541,0.384576,-0.334379,0.9017,0.436609,0.382082,-0.336039,0.8794,0.606035,0.373118,-0.530534,0.8596,0.485486,0.365037,-0.491483,0.6983,0.582511,0.369207,-0.567682,0.7986,0.502166,0.360318,-0.528108,0.573,0.576208,0.364341,-0.556885,0.7797,0.506642,0.359498,-0.508117,0.5402,0.57785,0.368915,-0.531677,0.7547,0.505647,0.365249,-0.491634,0.5225,0.602626,0.513198,0.005134,0.9998,0.489836,0.511624,-0.004312,0.9987,0.588771,0.605327,-0.012227,0.9236,0.498493,0.596888,0.022388,0.8922,0.563205,0.672501,0.239952,0.8539,0.519254,0.673772,0.239951,0.8767,0.556081,0.676371,0.258158,0.4461,0.522316,0.679382,0.255666,0.5364,0.539393,0.711546,0.164401,0.8301,0.517604,0.713555,0.147629,0.8668
tadasana_zen_0084,tadasana,step 4,ZEN,external,right,,CC BY 4.0,data/datasets/yoga_for_all/tadasana/right/step_4/20230312_105125(0).jpg,True,472,1024,True,0.9752,0.5762,177.584,169.109,177.738,150.123,84.666,77.956,172.902,177.805,84.241,86.865,169.109,177.584,150.123,177.738,84.241,86.865,172.902,177.805,85.811,91.797,172.902,177.584,177.738,85.811,5.724,5.724,5.151,0.803,3.03,87.151,-0.995,-0.2457,0.1439,0.4582,0.529127,0.383244,-0.227125,0.9943,0.550861,0.373892,-0.23481,0.9934,0.56096,0.374491,-0.234314,0.9931,0.57143,0.375123,-0.234228,0.9916,0.532898,0.372993,-0.213235,0.99,0.529019,0.373129,-0.214109,0.9884,0.525183,0.373312,-0.213108,0.9907,0.597299,0.380011,-0.201938,0.986,0.540859,0.379238,-0.10963,0.9813,0.546941,0.395832,-0.211783,0.9917,0.524029,0.394414,-0.184008,0.9865,0.653759,0.425057,-0.230532,0.9752,0.482403,0.426165,-0.031589,0.9865,0.454859,0.417659,-0.333855,0.973,0.330123,0.439436,-0.014447,0.5762,0.251675,0.406367,-0.33158,0.8408,0.203341,0.41912,-0.136614,0.6061,0.191138,0.403754,-0.366659,0.7198,0.161703,0.411007,-0.159789,0.5789,0.188131,0.399185,-0.352577,0.7064,0.163608,0.406513,-0.183736,0.5917,0.204305,0.403113,-0.326056,0.6953,0.182193,0.413986,-0.151813,0.6187,0.587746,0.598554,-0.056634,0.9961,0.47381,0.595774,0.057338,0.9921,0.57606,0.706766,0.01064,0.9798,0.477011,0.694397,0.14513,0.9268,0.558088,0.796657,0.151682,0.9881,0.516137,0.781112,0.307438,0.9493,0.570835,0.807785,0.160274,0.9168,0.537819,0.792547,0.321969,0.8456,0.476167,0.836518,0.06288,0.974,0.447888,0.822253,0.259435,0.9572
tadasana_zen_0085,tadasana,step 4,ZEN,external,right,,CC BY 4.0,data/datasets/yoga_for_all/tadasana/right/step_4/20230312_105132.jpg,True,472,1024,True,0.9882,0.0309,171.332,169.478,156.69,130.431,88.297,19.19,179.415,178.761,77.632,120.788,169.478,171.332,130.431,156.69,77.632,120.788,178.761,179.415,45.901,98.627,179.415,171.332,156.69,98.627,8.424,8.424,13.891,9.403,1.087,77.928,-0.9892,-0.3115,0.1407,0.3841,0.440545,0.345806,-0.11913,0.9983,0.456812,0.335135,-0.142459,0.9981,0.458235,0.335207,-0.142009,0.9978,0.459205,0.335253,-0.141811,0.9974,0.458565,0.335305,-0.116831,0.9984,0.461432,0.335536,-0.11769,0.9981,0.463916,0.335747,-0.116547,0.9981,0.48124,0.342946,-0.17548,0.997,0.490072,0.343189,-0.070659,0.9984,0.444045,0.357951,-0.125181,0.9969,0.445827,0.358486,-0.094699,0.9971,0.421605,0.398074,-0.22932,0.9933,0.57498,0.409781,0.040827,0.9882,0.245488,0.395185,-0.248374,0.9915,0.516943,0.451771,0.206755,0.0309,0.11835,0.367423,-0.141988,0.9366,0.393153,0.459719,0.326852,0.0408,0.086058,0.358228,-0.149598,0.8902,0.371378,0.458068,0.344181,0.0534,0.100645,0.351494,-0.14679,0.8942,0.361233,0.456466,0.332944,0.0513,0.117188,0.358823,-0.13667,0.8741,0.363839,0.45995,0.326875,0.0586,0.394537,0.588871,-0.091668,0.9968,0.483458,0.588093,0.092724,0.9904,0.380487,0.706315,0.058673,0.8098,0.433236,0.696333,0.231042,0.2539,0.405678,0.826652,0.156829,0.8713,0.427015,0.802307,0.3582,0.3335,0.42147,0.85155,0.16264,0.8597,0.44736,0.821919,0.371387,0.4997,0.314503,0.827565,0.137738,0.8072,0.342924,0.810419,0.371632,0.4775
tadasana_zen_0086,tadasana,step 4,ZEN,external,right,,CC BY 4.0,data/datasets/yoga_for_all/tadasana/right/step_4/20230312_105139.jpg,True,472,1024,True,0.9748,0.0098,165.512,171.328,92.767,64.762,37.605,17.157,178.565,172.532,79.575,117.18,165.512,171.328,64.762,92.767,79.575,117.18,172.532,178.565,52.824,92.77,178.565,165.512,92.767,92.77,1.158,1.158,2.129,0.081,1.717,83.78,-0.9998,-0.3204,0.2128,0.6427,0.448573,0.308712,0.026276,0.9937,0.440217,0.301592,-0.010495,0.993,0.43356,0.302008,-0.010011,0.9932,0.426819,0.302647,-0.009783,0.9927,0.458552,0.301822,-0.010449,0.9926,0.465021,0.302361,-0.011164,0.9923,0.472422,0.303101,-0.010383,0.9912,0.412287,0.310087,-0.100385,0.9955,0.485839,0.310248,-0.113766,0.9941,0.439791,0.31808,0.004281,0.994,0.460294,0.318157,0.0002,0.9947,0.323035,0.363643,-0.08581,0.9923,0.561784,0.363487,-0.097537,0.9748,0.361514,0.381219,0.062054,0.2007,0.570423,0.395181,0.066209,0.0836,0.423267,0.355143,0.2829,0.0312,0.483275,0.38207,0.275105,0.0098,0.428307,0.349293,0.310966,0.0444,0.470831,0.380446,0.294763,0.0182,0.440611,0.347835,0.303154,0.0441,0.452877,0.37898,0.280176,0.0188,0.443645,0.351768,0.288547,0.0502,0.451105,0.380904,0.275493,0.0223,0.373178,0.535605,0.004373,0.9993,0.496621,0.533899,-0.002984,0.9984,0.396691,0.635042,0.157353,0.4863,0.486995,0.634377,0.180624,0.4663,0.368262,0.725226,0.289297,0.6214,0.447235,0.726934,0.341646,0.6223,0.374374,0.739011,0.303692,0.7284,0.442344,0.745285,0.360138,0.7203,0.378952,0.727806,0.317974,0.5405,0.44838,0.732232,0.378124,0.5027
tadasana_zen_0087,tadasana,step 4,ZEN,external,right,,CC BY 4.0,data/datasets/yoga_for_all/tadasana/right/step_4/20230312_105144(0).jpg,True,472,1024,True,0.991,0.0771,170.782,177.913,158.314,173.1,50.139,82.524,170.648,176.489,104.957,91.349,170.782,177.913,158.314,173.1,91.349,104.957,170.648,176.489,62.28,85.781,176.489,177.913,173.1,85.781,7.616,-7.616,20.061,19.873,34.923,86.589,-0.9912,-0.2401,0.1445,0.2165,0.404683,0.345303,-0.079677,0.9949,0.395759,0.33374,-0.078304,0.9933,0.394017,0.333203,-0.077965,0.9935,0.391705,0.332503,-0.077449,0.9928,0.391396,0.333879,-0.106666,0.9936,0.387175,0.333555,-0.107407,0.993,0.382727,0.333028,-0.106937,0.9925,0.360423,0.333809,-0.025826,0.9931,0.356059,0.333981,-0.166131,0.9927,0.397144,0.354325,-0.054137,0.9938,0.392367,0.354215,-0.09361,0.995,0.295685,0.392377,0.072816,0.991,0.370789,0.379864,-0.210015,0.9942,0.396345,0.416119,0.158682,0.0771,0.562767,0.386992,-0.220229,0.9736,0.53912,0.422354,0.183079,0.0843,0.734813,0.383815,-0.156954,0.8954,0.564062,0.416742,0.178173,0.1106,0.770224,0.381071,-0.176224,0.8833,0.57419,0.415545,0.159287,0.1096,0.766512,0.377842,-0.171907,0.8736,0.567607,0.42092,0.175036,0.1143,0.75168,0.383092,-0.154201,0.8253,0.374161,0.552077,0.09487,0.9942,0.390082,0.557201,-0.094031,0.9921,0.386051,0.644032,0.274827,0.2261,0.38766,0.657149,0.092684,0.7658,0.367854,0.726504,0.437672,0.4448,0.378003,0.750614,0.256292,0.8044,0.35041,0.741204,0.450532,0.6247,0.356178,0.766381,0.269614,0.8654,0.452185,0.739995,0.417083,0.6844,0.451091,0.761441,0.217847,0.8017
tadasana_zen_0088,tadasana,step 4,ZEN,external,right,,CC BY 4.0,data/datasets/yoga_for_all/tadasana/right/step_4/20230312_105147.jpg,True,472,1024,True,0.991,0.4293,179.604,173.524,165.361,172.675,80.452,76.838,169.907,169.069,92.489,91.425,173.524,179.604,165.361,172.675,91.425,92.489,169.069,169.907,81.163,88.06,169.069,173.524,172.675,81.163,3.494,-3.494,11.377,2.611,0.7,79.357,-0.9981,-0.2346,0.134,0.4301,0.41829,0.35295,-0.175125,0.9884,0.417184,0.341423,-0.163903,0.9837,0.419089,0.34121,-0.163333,0.9834,0.420806,0.341007,-0.163433,0.9824,0.402539,0.341318,-0.183799,0.986,0.393609,0.340946,-0.184537,0.9854,0.383992,0.340548,-0.184279,0.9844,0.393892,0.342217,-0.059912,0.9823,0.345911,0.342339,-0.167968,0.9838,0.415448,0.363771,-0.1339,0.9868,0.399349,0.3649,-0.164511,0.9902,0.43115,0.392758,0.012644,0.992,0.279285,0.389566,-0.224112,0.991,0.547711,0.402326,-0.003035,0.4293,0.427857,0.396462,-0.333548,0.9873,0.675368,0.397653,-0.103697,0.6821,0.642997,0.393735,-0.338,0.9503,0.717501,0.393911,-0.124978,0.6683,0.695911,0.397178,-0.365559,0.9086,0.719343,0.391938,-0.146169,0.6845,0.703664,0.388485,-0.355035,0.8989,0.703649,0.392393,-0.115664,0.6945,0.686421,0.389704,-0.335084,0.8525,0.427804,0.553487,0.064403,0.9973,0.325711,0.554062,-0.063325,0.9939,0.389215,0.648137,0.206586,0.8009,0.312608,0.652272,0.075183,0.953,0.360428,0.721537,0.407889,0.8559,0.321784,0.734162,0.277245,0.9314,0.341638,0.730187,0.422633,0.8402,0.310156,0.742254,0.291465,0.7977,0.402629,0.758417,0.353245,0.895,0.369035,0.768235,0.19407,0.9078
tadasana_zen_0089,tadasana,step 4,ZEN,external,right,,CC BY 4.0,data/datasets/yoga_for_all/tadasana/right/step_4/20230312_105155.jpg,True,472,1024,True,0.9972,0.9237,172.142,172.352,100.506,63.153,25.755,50.304,178.182,175.328,161.463,179.024,172.142,172.352,63.153,100.506,161.463,179.024,175.328,178.182,9.08,13.626,178.182,172.142,100.506,13.626,1.505,-1.505,3.58,3.21,0.114,86.569,-0.9997,-0.1949,0.1665,0.6256,0.497727,0.372002,-0.210303,0.9997,0.512057,0.361581,-0.199905,0.9995,0.520916,0.360833,-0.199265,0.9994,0.529098,0.360248,-0.199344,0.9993,0.48357,0.363622,-0.199142,0.9992,0.473357,0.364114,-0.199846,0.999,0.464666,0.364618,-0.199121,0.999,0.54444,0.362297,-0.090892,0.9994,0.451726,0.367561,-0.095244,0.9988,0.51664,0.380978,-0.168565,0.9997,0.484184,0.383636,-0.167624,0.9996,0.597684,0.396368,-0.055446,0.9997,0.41155,0.401179,-0.05595,0.9972,0.620939,0.42452,-0.257412,0.9404,0.351315,0.431799,-0.233021,0.9379,0.565976,0.439955,-0.490151,0.9454,0.410142,0.439244,-0.461343,0.9237,0.543682,0.450006,-0.544694,0.9296,0.436086,0.44171,-0.516542,0.8922,0.523181,0.443372,-0.550173,0.9263,0.45385,0.432986,-0.507533,0.8855,0.522676,0.440575,-0.497129,0.9079,0.451481,0.432699,-0.465726,0.8548,0.571652,0.536029,-0.005943,0.9999,0.453238,0.536138,0.006851,0.9997,0.561118,0.62591,-0.010588,0.972,0.464096,0.619602,0.0785,0.9254,0.53931,0.677864,0.320971,0.9308,0.491332,0.683716,0.362852,0.9494,0.535538,0.679021,0.348915,0.6617,0.49762,0.688438,0.385514,0.7477,0.507494,0.722034,0.259454,0.9159,0.493233,0.726641,0.291134,0.9354
tadasana_zen_0090,tadasana,step 4,ZEN,external,right,,CC BY 4.0,data/datasets/yoga_for_all/tadasana/right/step_4/20230312_105158.jpg,True,472,1024,True,0.9799,0.4194,177.19,165.053,166.14,175.83,56.12,75.597,177.987,176.771,106.918,106.668,165.053,177.19,166.14,175.83,106.668,106.918,176.771,177.987,64.85,76.902,177.987,177.19,166.14,64.85,2.306,2.306,5.194,1.37,0.498,83.781,-0.9992,-0.2461,0.1418,0.5791,0.477329,0.364884,-0.234179,0.9929,0.495986,0.354816,-0.230599,0.9874,0.506433,0.35472,-0.229872,0.9871,0.515178,0.354742,-0.230007,0.984,0.469639,0.354668,-0.219245,0.9845,0.462425,0.354566,-0.219732,0.9803,0.455998,0.35451,-0.219202,0.9764,0.538406,0.357492,-0.1624,0.9837,0.458272,0.356626,-0.114738,0.9696,0.499324,0.377113,-0.208188,0.9968,0.468084,0.376062,-0.192976,0.9928,0.592927,0.401102,-0.188579,0.997,0.413176,0.39912,-0.039561,0.9799,0.505532,0.420444,-0.323377,0.9824,0.292515,0.417162,-0.17405,0.4194,0.344464,0.435937,-0.415056,0.9715,0.236402,0.423516,-0.445775,0.7038,0.284168,0.446704,-0.461157,0.9492,0.21246,0.42767,-0.49871,0.723,0.277538,0.437584,-0.457532,0.9474,0.231512,0.423127,-0.506071,0.7232,0.292679,0.434348,-0.414323,0.924,0.245675,0.425124,-0.459207,0.7032,0.548426,0.542881,-0.019879,0.9993,0.432695,0.543345,0.020656,0.9983,0.527247,0.632466,0.062495,0.9168,0.433699,0.621073,0.141256,0.8307,0.511699,0.677563,0.426012,0.8449,0.467716,0.678438,0.460205,0.8463,0.513012,0.681178,0.458293,0.5172,0.478261,0.683373,0.489182,0.6537,0.483206,0.72233,0.382991,0.8319,0.44898,0.721981,0.42349,0.8473
tadasana_zen_0091,tadasana,step 4,ZEN,external,right,,CC BY 4.0,data/datasets/yoga_for_all/tadasana/right/step_4/20230312_105202(0).jpg,True,472,1024,True,0.979,0.0655,171.146,175.859,161.502,161.581,71.071,73.955,174.466,177.923,83.724,90.186,171.146,175.859,161.502,161.581,83.724,90.186,174.466,177.923,78.389,83.779,174.466,171.146,161.502,78.389,12.133,12.133,7.208,21.006,49.884,77.646,-0.9777,-0.2782,0.4351,0.3583,0.68123,0.324736,-0.283536,0.9978,0.709885,0.31219,-0.303547,0.9972,0.719501,0.313002,-0.30315,0.9971,0.729983,0.313883,-0.302986,0.9966,0.695738,0.309804,-0.275319,0.9974,0.695034,0.308956,-0.276107,0.9974,0.694842,0.308132,-0.275396,0.9973,0.773035,0.322652,-0.312282,0.9947,0.731541,0.315858,-0.195415,0.997,0.697936,0.341731,-0.281392,0.9966,0.680036,0.338186,-0.246568,0.9957,0.816854,0.396997,-0.329935,0.9844,0.663721,0.369894,-0.115898,0.9878,0.518126,0.399499,-0.375943,0.9506,0.469425,0.385701,-0.057868,0.5201,0.330921,0.372363,-0.36653,0.8144,0.246611,0.370517,-0.121079,0.5672,0.280418,0.360888,-0.407764,0.7444,0.189687,0.355892,-0.136647,0.5482,0.298681,0.348001,-0.397262,0.7474,0.210095,0.351696,-0.171353,0.5812,0.314675,0.353466,-0.363635,0.7121,0.206375,0.365948,-0.139634,0.6169,0.671405,0.60472,-0.079359,0.9973,0.616718,0.574802,0.080285,0.979,0.624445,0.703551,0.092569,0.7811,0.60338,0.663645,0.330664,0.0655,0.608207,0.825944,0.270938,0.7982,0.603866,0.734139,0.592275,0.0826,0.630272,0.842329,0.284476,0.7963,0.607505,0.763765,0.62005,0.1631,0.502165,0.832618,0.223707,0.7302,0.500839,0.744877,0.612947,0.2343
tadasana_zen_0092,tadasana,step 4,ZEN,external,right,,CC BY 4.0,data/datasets/yoga_for_all/tadasana/right/step_4/20230312_105206.jpg,True,472,1024,True,0.9754,0.0648,170.824,162.127,143.131,178.841,93.469,86.917,173.25,174.925,66.798,79.456,162.127,170.824,143.131,178.841,66.798,79.456,173.25,174.925,86.344,108.95,173.25,170.824,143.131,108.95,9.34,9.34,12.802,16.824,25.237,70.725,-0.9867,-0.4277,0.2276,0.4152,0.544036,0.315326,-0.197801,0.9842,0.564089,0.301388,-0.23656,0.9824,0.565583,0.301773,-0.236186,0.9823,0.566869,0.302373,-0.236478,0.9815,0.568166,0.300526,-0.210443,0.9819,0.573944,0.300387,-0.211341,0.9816,0.578399,0.300379,-0.210526,0.9786,0.594896,0.313286,-0.32385,0.9814,0.608765,0.310756,-0.216065,0.9817,0.551225,0.332952,-0.220254,0.9861,0.556658,0.331664,-0.188997,0.9871,0.531003,0.408035,-0.344649,0.9754,0.694867,0.385198,-0.133668,0.9777,0.338271,0.395992,-0.327129,0.9573,0.491118,0.366744,-0.021501,0.0648,0.236886,0.349925,-0.284349,0.959,0.291202,0.350566,-0.005947,0.1432,0.204531,0.328536,-0.320938,0.9447,0.287122,0.337066,-0.008127,0.2208,0.236826,0.318049,-0.31036,0.9502,0.255047,0.339792,-0.053553,0.244,0.249933,0.327482,-0.281097,0.9345,0.261329,0.34365,-0.022869,0.2621,0.501022,0.593935,-0.072155,0.9983,0.591015,0.574382,0.073099,0.9926,0.459618,0.692103,0.159606,0.7756,0.522813,0.66428,0.325491,0.224,0.453328,0.783085,0.383261,0.6757,0.518167,0.751823,0.552196,0.1953,0.470451,0.803871,0.402303,0.6886,0.538713,0.768361,0.57764,0.3249,0.375896,0.771841,0.382487,0.5241,0.448082,0.751115,0.594215,0.2655
tadasana_zen_0093,tadasana,step 4,ZEN,external,right,,CC BY 4.0,data/datasets/yoga_for_all/tadasana/right/step_4/20230312_105210.jpg,True,472,1024,True,0.9841,0.0145,158.522,177.261,24.168,34.162,4.539,18.326,160.902,170.627,41.593,110.919,158.522,177.261,24.168,34.162,41.593,110.919,160.902,170.627,51.857,127.53,160.902,158.522,24.168,127.53,2.833,2.833,5.779,2.81,6.968,81.778,-0.9988,-0.4883,0.1108,0.7945,0.44767,0.322114,-0.098682,0.9951,0.432983,0.31572,-0.137549,0.9965,0.419422,0.316623,-0.136748,0.9966,0.40552,0.317517,-0.136807,0.9965,0.465294,0.314878,-0.136781,0.9953,0.475566,0.315223,-0.137788,0.9947,0.486464,0.315677,-0.136747,0.9936,0.380998,0.330125,-0.20774,0.9977,0.508963,0.33296,-0.219266,0.9954,0.431848,0.342841,-0.112492,0.9974,0.461041,0.338282,-0.117118,0.9967,0.261671,0.407699,-0.224195,0.9942,0.575911,0.414808,-0.179591,0.9841,0.271485,0.448425,-0.097619,0.5616,0.578685,0.481254,0.002883,0.0749,0.321631,0.376563,0.070479,0.0813,0.497852,0.428562,0.202357,0.0145,0.287793,0.358259,0.081706,0.1342,0.501699,0.414917,0.2138,0.0316,0.324741,0.35783,0.072876,0.1292,0.474957,0.414082,0.199329,0.0285,0.327897,0.367932,0.074009,0.1148,0.460223,0.40033,0.201518,0.031,0.340532,0.596875,-0.012608,0.9996,0.457907,0.590263,0.013844,0.9992,0.31712,0.671564,0.25269,0.3496,0.432451,0.675362,0.269554,0.2976,0.357735,0.751029,0.465516,0.6191,0.401614,0.751392,0.512822,0.6709,0.358094,0.772797,0.491815,0.7678,0.398594,0.764311,0.540039,0.8208,0.339279,0.738756,0.556279,0.1619,0.380129,0.742648,0.596481,0.2135
tadasana_zen_0094,tadasana,step 4,ZEN,external,right,,CC BY 4.0,data/datasets/yoga_for_all/tadasana/right/step_4/20230312_105213.jpg,True,472,1024,True,0.9582,0.0607,165.752,169.528,169.01,105.883,78.667,72.597,175.02,179.702,90.703,69.525,165.752,169.528,105.883,169.01,69.525,90.703,175.02,179.702,84.449,108.774,179.702,169.528,105.883,108.774,3.421,-3.421,17.74,52.719,38.379,80.172,-0.9982,-0.3671,0.1461,0.4123,0.473755,0.346008,-0.200749,0.9857,0.460357,0.33016,-0.202161,0.9788,0.457336,0.329411,-0.201801,0.9783,0.454358,0.328876,-0.201742,0.9805,0.457928,0.332608,-0.227545,0.9779,0.452847,0.333653,-0.228324,0.9773,0.44826,0.335312,-0.227568,0.9747,0.412281,0.338265,-0.154458,0.9734,0.41206,0.346144,-0.279241,0.9625,0.460117,0.360516,-0.176137,0.9848,0.456803,0.363638,-0.211416,0.9791,0.327767,0.38125,-0.086144,0.9928,0.421798,0.438184,-0.286427,0.9582,0.485011,0.389489,-0.01737,0.0607,0.615969,0.463345,-0.289956,0.8943,0.660174,0.383129,-0.084744,0.137,0.717392,0.387309,-0.290865,0.8657,0.712491,0.371504,-0.112484,0.1955,0.750721,0.37883,-0.337476,0.8676,0.714348,0.376507,-0.145868,0.197,0.738297,0.374777,-0.35093,0.863,0.704826,0.382997,-0.099693,0.2239,0.713968,0.379654,-0.300126,0.8345,0.362549,0.570274,0.076696,0.9971,0.431941,0.595606,-0.075622,0.9969,0.396926,0.661747,0.298619,0.1386,0.436812,0.687282,0.162805,0.6587,0.384459,0.736082,0.523978,0.2743,0.412341,0.757945,0.39383,0.7472,0.366813,0.751937,0.545627,0.3924,0.389278,0.776086,0.411575,0.7986,0.467808,0.721232,0.531544,0.4467,0.493214,0.748904,0.376829,0.6864
tadasana_zen_0095,tadasana,step 4,ZEN,external,right,,CC BY 4.0,data/datasets/yoga_for_all/tadasana/right/step_4/20230312_105217(0).jpg,True,472,1024,True,0.9784,0.0615,167.976,174.957,174.229,166.209,67.039,64.396,176.846,176.082,101.435,95.66,167.976,174.957,166.209,174.229,95.66,101.435,176.082,176.846,70.079,71.327,176.082,174.957,166.209,71.327,10.739,-10.739,9.736,25.245,28.482,80.905,-0.9825,-0.2829,0.1633,0.272,0.189489,0.281917,-0.271308,0.9761,0.180661,0.269235,-0.269089,0.9641,0.180681,0.268483,-0.268575,0.9589,0.18025,0.267735,-0.268456,0.9716,0.169699,0.271423,-0.300384,0.9743,0.160544,0.272327,-0.301527,0.9749,0.150535,0.273261,-0.300897,0.9775,0.142126,0.27147,-0.195179,0.961,0.107022,0.277794,-0.35434,0.9591,0.187439,0.293013,-0.239503,0.9613,0.173519,0.296212,-0.284237,0.9714,0.168103,0.316954,-0.069855,0.9809,0.084947,0.335027,-0.36639,0.9911,0.320023,0.335031,0.024556,0.1522,0.282744,0.355392,-0.430055,0.9645,0.492739,0.34722,-0.032834,0.5193,0.487468,0.353415,-0.416912,0.9475,0.531617,0.343169,-0.058088,0.5253,0.536789,0.354382,-0.453289,0.9374,0.539139,0.342607,-0.105482,0.5333,0.539044,0.344819,-0.442322,0.9278,0.524454,0.346376,-0.056414,0.5487,0.521409,0.345744,-0.415882,0.8773,0.218242,0.471847,0.093589,0.9784,0.160755,0.486223,-0.093137,0.9837,0.233605,0.547723,0.349416,0.0615,0.188095,0.564944,0.176898,0.7804,0.218258,0.608014,0.591776,0.1348,0.198361,0.631744,0.432682,0.8428,0.201128,0.619553,0.610933,0.1867,0.179089,0.641344,0.447003,0.7815,0.276677,0.620889,0.535912,0.6499,0.263759,0.645263,0.335608,0.8444
tadasana_zen_0096,tadasana,step 4,ZEN,external,right,,CC BY 4.0,data/datasets/yoga_for_all/tadasana/right/step_4/20230312_105220.jpg,True,472,1024,True,0.9882,0.5232,170.088,174.509,157.336,147.538,64.373,43.453,177.09,171.447,109.032,105.609,170.088,174.509,147.538,157.336,105.609,109.032,171.447,177.09,63.579,72.52,171.447,174.509,147.538,63.579,4.734,-4.734,8.108,1.738,5.819,85.538,-0.9966,-0.2181,0.1513,0.5372,0.382024,0.323352,-0.281145,0.9838,0.382098,0.312231,-0.26818,0.978,0.385902,0.311907,-0.267616,0.9703,0.389375,0.311613,-0.267955,0.9773,0.363584,0.312695,-0.279851,0.9733,0.352856,0.312777,-0.280836,0.9677,0.341156,0.313004,-0.280227,0.9667,0.382162,0.313457,-0.143809,0.9537,0.313719,0.316425,-0.211597,0.9668,0.387308,0.333248,-0.232065,0.9857,0.364137,0.334953,-0.250793,0.9851,0.425819,0.353243,-0.056538,0.9985,0.259969,0.355563,-0.246428,0.9882,0.543856,0.38118,-0.196306,0.5232,0.353263,0.386503,-0.379717,0.9592,0.618633,0.383901,-0.406422,0.7144,0.538063,0.391374,-0.407362,0.905,0.641855,0.387728,-0.446575,0.7108,0.585491,0.395962,-0.442943,0.8449,0.629844,0.386097,-0.459923,0.7178,0.595778,0.388214,-0.425112,0.832,0.614695,0.385435,-0.416912,0.7199,0.578767,0.38753,-0.402928,0.7595,0.417546,0.493976,0.04434,0.9988,0.319229,0.498595,-0.04344,0.9984,0.404709,0.569798,0.210866,0.6558,0.326005,0.577764,0.151189,0.8711,0.378907,0.616205,0.548174,0.5836,0.341094,0.62887,0.449965,0.8319,0.367898,0.619322,0.578595,0.5169,0.331404,0.634212,0.476061,0.5764,0.404052,0.649402,0.516641,0.713,0.378673,0.66353,0.391629,0.8228
tadasana_zen_0097,tadasana,step 5,ZEN,external,right,,CC BY 4.0,data/datasets/yoga_for_all/tadasana/right/step_5/20230312_104028.jpg,True,472,1024,True,0.9997,0.9519,175.041,172.079,165.298,170.045,21.005,19.172,175.064,172.624,175.665,172.114,172.079,175.041,165.298,170.045,172.114,175.665,172.624,175.064,14.145,14.473,172.624,172.079,165.298,14.145,1.516,1.516,1.18,2.221,0.653,85.127,-0.9997,-0.4152,0.1699,0.6873,0.490262,0.16597,-0.360497,0.9999,0.503764,0.157735,-0.346394,0.9998,0.51204,0.158521,-0.34582,0.9997,0.519126,0.159533,-0.345809,0.9997,0.479361,0.156572,-0.34622,0.9998,0.47086,0.156383,-0.347123,0.9998,0.462253,0.156284,-0.346226,0.9997,0.53116,0.168583,-0.238097,0.9997,0.444045,0.163334,-0.250024,0.9997,0.505793,0.17946,-0.321192,0.9999,0.471801,0.177745,-0.323337,0.9999,0.607725,0.235554,-0.155647,1.0,0.365766,0.231228,-0.198522,0.9999,0.646588,0.326061,-0.113015,0.9944,0.324294,0.316854,-0.159904,0.9941,0.635871,0.406685,-0.181385,0.9931,0.316481,0.395247,-0.224234,0.9836,0.636686,0.429356,-0.204592,0.9821,0.312917,0.421553,-0.246841,0.964,0.617227,0.427284,-0.237135,0.983,0.33049,0.421297,-0.270654,0.9648,0.611935,0.42014,-0.19257,0.9808,0.335848,0.414296,-0.235005,0.9621,0.547785,0.395351,0.016841,0.9997,0.407068,0.396091,-0.01533,0.9998,0.525288,0.516983,0.066426,0.966,0.403437,0.517601,0.04235,0.9757,0.489393,0.612454,0.242739,0.9519,0.430553,0.617495,0.207523,0.9546,0.481024,0.620742,0.254128,0.8157,0.4304,0.627285,0.21778,0.7001,0.506731,0.64729,0.146651,0.9355,0.431365,0.65294,0.102719,0.9308
tadasana_zen_0098,tadasana,step 5,ZEN,external,right,,CC BY 4.0,data/datasets/yoga_for_all/tadasana/right/step_5/20230312_104034(0).jpg,True,472,1024,True,0.9996,0.921,175.604,172.983,165.426,173.847,22.013,15.381,169.297,178.787,178.171,171.43,172.983,175.604,165.426,173.847,171.43,178.171,169.297,178.787,12.624,15.16,169.297,172.983,165.426,15.16,4.89,4.89,11.388,0.272,4.556,87.16,-0.9964,-0.4401,0.139,0.6769,0.505599,0.12398,-0.291098,0.9998,0.524626,0.11489,-0.282809,0.9993,0.536953,0.115586,-0.282228,0.9994,0.549078,0.116289,-0.282532,0.9994,0.495388,0.113628,-0.272952,0.9992,0.487409,0.113613,-0.27389,0.9991,0.481344,0.113619,-0.27292,0.999,0.569486,0.123737,-0.20245,0.9995,0.479479,0.12131,-0.167068,0.9992,0.528095,0.138929,-0.26272,0.9999,0.490877,0.13667,-0.251152,0.9998,0.676617,0.202921,-0.164782,1.0,0.412221,0.203501,-0.099558,0.9999,0.710759,0.305969,-0.160084,0.9983,0.371854,0.296387,-0.040625,0.9594,0.690139,0.398084,-0.233374,0.9964,0.356804,0.372996,-0.119777,0.9669,0.680507,0.424421,-0.265777,0.9913,0.346679,0.401684,-0.136307,0.9447,0.658439,0.420165,-0.290858,0.9915,0.364151,0.401352,-0.16623,0.9471,0.654869,0.411887,-0.24111,0.9901,0.372309,0.392271,-0.133475,0.9427,0.582896,0.385235,-0.019827,0.9997,0.43935,0.379962,0.020978,0.9996,0.570183,0.512912,0.006362,0.9674,0.452916,0.505996,0.097471,0.9477,0.545097,0.606767,0.220698,0.921,0.490804,0.606497,0.280463,0.923,0.545385,0.613045,0.234119,0.6914,0.504198,0.615245,0.293061,0.776,0.516219,0.645881,0.130864,0.8781,0.456622,0.645047,0.195072,0.9078
tadasana_zen_0099,tadasana,step 5,ZEN,external,right,,CC BY 4.0,data/datasets/yoga_for_all/tadasana/right/step_5/20230312_104039(0).jpg,True,472,1024,True,0.9993,0.7507,179.54,170.35,161.495,178.961,21.749,12.275,170.708,179.916,179.292,170.17,170.35,179.54,161.495,178.961,170.17,179.292,170.708,179.916,11.81,13.112,170.708,179.54,161.495,13.112,5.427,5.427,13.17,3.198,0.358,86.887,-0.9955,-0.4484,0.1386,0.6092,0.39189,0.203618,-0.2483,0.9998,0.411681,0.1931,-0.241503,0.9996,0.424194,0.193441,-0.240961,0.9996,0.436521,0.193992,-0.241165,0.9996,0.384141,0.192807,-0.226808,0.9995,0.37703,0.192847,-0.22779,0.9994,0.37157,0.193018,-0.226738,0.9993,0.461633,0.202402,-0.177569,0.9997,0.376876,0.201325,-0.119884,0.9995,0.416538,0.217439,-0.226989,0.9999,0.380041,0.216789,-0.208698,0.9998,0.561727,0.280936,-0.171019,1.0,0.325234,0.287026,-0.037599,0.9998,0.59935,0.386318,-0.188182,0.9987,0.287598,0.382538,0.020932,0.7507,0.567028,0.478714,-0.243977,0.9956,0.260226,0.459964,-0.067489,0.8346,0.556903,0.506875,-0.271476,0.9893,0.253271,0.48738,-0.081376,0.7903,0.533669,0.501794,-0.291069,0.9895,0.264586,0.48605,-0.107833,0.7972,0.529329,0.493,-0.24854,0.9875,0.271031,0.478102,-0.080644,0.7897,0.475047,0.462591,-0.053295,0.9997,0.338375,0.462198,0.05437,0.9993,0.460178,0.58862,-0.051254,0.9463,0.346935,0.581332,0.093009,0.8262,0.4492,0.697831,0.090718,0.921,0.396386,0.692896,0.226448,0.8474,0.467003,0.711806,0.097199,0.6391,0.425648,0.707994,0.233641,0.7316,0.372439,0.738867,-0.011109,0.8903,0.326365,0.73241,0.147594,0.8778
tadasana_zen_0100,tadasana,step 5,ZEN,external,right,,CC BY 4.0,data/datasets/yoga_for_all/tadasana/right/step_5/20230312_104043.jpg,True,472,1024,True,0.9984,0.1814,176.967,169.924,160.598,171.552,19.741,6.242,171.636,178.851,176.641,168.568,169.924,176.967,160.598,171.552,168.568,176.641,171.636,178.851,9.899,10.576,171.636,176.967,160.598,10.576,7.925,7.925,16.589,1.823,2.674,84.429,-0.9905,-0.4146,0.14,0.5335,0.429962,0.160772,-0.224822,0.9957,0.453949,0.148275,-0.22985,0.9946,0.466633,0.148197,-0.229318,0.9955,0.480137,0.148212,-0.229542,0.996,0.432278,0.148778,-0.208093,0.9921,0.427591,0.149015,-0.208965,0.9909,0.42161,0.149027,-0.207877,0.9899,0.524567,0.159788,-0.197789,0.9977,0.440132,0.157782,-0.110213,0.9928,0.450492,0.177874,-0.213073,0.9986,0.422781,0.177641,-0.186139,0.9969,0.63437,0.246695,-0.21934,0.9999,0.38964,0.250286,-0.012093,0.9984,0.661234,0.368477,-0.244118,0.998,0.357648,0.35829,0.052321,0.1814,0.605283,0.475109,-0.244844,0.9913,0.307189,0.438226,-0.016204,0.2957,0.587361,0.508352,-0.267047,0.9804,0.305349,0.46442,-0.021048,0.3044,0.557763,0.503946,-0.284183,0.9804,0.305461,0.462806,-0.043504,0.3189,0.553097,0.492477,-0.2471,0.9775,0.309415,0.454013,-0.02865,0.3215,0.519786,0.45956,-0.063284,0.9993,0.377665,0.456501,0.064484,0.9985,0.486455,0.617079,-0.021453,0.961,0.375582,0.599711,0.145503,0.8123,0.476903,0.71642,0.156144,0.9017,0.415555,0.707597,0.31204,0.8248,0.494919,0.733891,0.166865,0.6536,0.446632,0.727439,0.322165,0.703,0.380927,0.760034,0.073927,0.8376,0.321739,0.75277,0.247322,0.861
tadasana_zen_0101,tadasana,step 5,ZEN,external,right,,CC BY 4.0,data/datasets/yoga_for_all/tadasana/right/step_5/20230312_104051.jpg,True,472,1024,True,0.9947,0.1255,171.721,174.736,163.354,166.484,8.508,1.631,173.053,172.354,172.432,170.09,171.721,174.736,163.354,166.484,170.09,172.432,172.354,173.053,0.393,7.714,173.053,171.721,163.354,0.393,5.163,5.163,22.146,7.034,10.145,84.55,-0.9959,-0.3195,0.1484,0.2285,0.383238,0.15152,-0.16142,0.9955,0.409581,0.135807,-0.185496,0.9946,0.416835,0.1359,-0.185015,0.9952,0.424621,0.135989,-0.185001,0.9957,0.401608,0.13543,-0.153306,0.9921,0.403249,0.1353,-0.153996,0.9907,0.404848,0.135038,-0.152871,0.9889,0.478205,0.144633,-0.225315,0.9974,0.4477,0.142479,-0.093687,0.9882,0.409375,0.169339,-0.173714,0.9984,0.39738,0.168752,-0.133505,0.9964,0.583075,0.228181,-0.270161,0.9999,0.459623,0.235203,0.014637,0.9977,0.585974,0.368065,-0.28928,0.9989,0.442007,0.356577,0.087052,0.1255,0.505896,0.495957,-0.286336,0.9979,0.37757,0.451686,0.059268,0.2305,0.502029,0.532182,-0.328082,0.9943,0.358096,0.479023,0.068988,0.2273,0.462483,0.527746,-0.331075,0.994,0.346555,0.4782,0.044588,0.2315,0.457642,0.516275,-0.28564,0.9909,0.381288,0.475164,0.047073,0.242,0.505359,0.484337,-0.08609,0.9985,0.43935,0.478892,0.087311,0.9947,0.498727,0.657158,0.010189,0.9844,0.471546,0.634446,0.195395,0.5915,0.537282,0.796543,0.126733,0.9385,0.523036,0.759884,0.338365,0.5432,0.56588,0.828238,0.130526,0.882,0.551973,0.785273,0.349008,0.6043,0.385576,0.815837,0.053247,0.8502,0.382989,0.789227,0.304564,0.7052
tadasana_zen_0102,tadasana,step 5,ZEN,external,right,,CC BY 4.0,data/datasets/yoga_for_all/tadasana/right/step_5/20230312_104059.jpg,True,472,1024,True,0.9951,0.1526,166.627,169.878,175.118,160.676,7.23,7.587,177.472,179.452,169.825,170.49,166.627,169.878,160.676,175.118,169.825,170.49,177.472,179.452,0.732,9.733,177.472,166.627,175.118,9.733,4.525,4.525,11.176,10.059,3.371,80.673,-0.9969,-0.3352,0.1167,0.3774,0.548817,0.093069,0.079431,0.9966,0.547224,0.079827,0.046235,0.9953,0.541531,0.079856,0.046617,0.9953,0.535742,0.079885,0.046447,0.9952,0.567443,0.080239,0.066721,0.9951,0.575018,0.080669,0.066133,0.9948,0.58549,0.081204,0.066863,0.9939,0.535625,0.088882,-0.057936,0.9966,0.604407,0.091946,0.023153,0.9938,0.538868,0.107617,0.04598,0.9968,0.562401,0.108859,0.071304,0.9961,0.495566,0.164425,-0.152837,0.9995,0.685847,0.179983,0.074071,0.9956,0.459976,0.286201,-0.191964,0.9939,0.680003,0.309502,0.082387,0.1559,0.399021,0.412367,-0.158555,0.9726,0.60535,0.401461,0.067342,0.1526,0.390003,0.442489,-0.171218,0.937,0.599629,0.430744,0.082412,0.1363,0.382119,0.444361,-0.165985,0.9324,0.596692,0.432509,0.060994,0.1341,0.390399,0.433646,-0.154683,0.9089,0.593924,0.425497,0.05816,0.1393,0.491525,0.405921,-0.074605,0.9982,0.60908,0.409113,0.07623,0.9951,0.473113,0.569514,0.009377,0.9463,0.55516,0.560439,0.154028,0.4997,0.532792,0.719351,0.071334,0.923,0.559202,0.694642,0.24022,0.5932,0.558528,0.748689,0.070256,0.9481,0.579929,0.726325,0.24637,0.7039,0.399386,0.725359,0.026893,0.8466,0.434132,0.710117,0.219763,0.579
tadasana_zen_0103,tadasana,step 5,ZEN,external,right,,CC BY 4.0,data/datasets/yoga_for_all/tadasana/right/step_5/20230312_104106.jpg,True,472,1024,True,0.9971,0.2907,166.489,178.911,175.682,154.248,16.148,13.061,175.792,172.575,167.621,170.994,166.489,178.911,154.248,175.682,167.621,170.994,172.575,175.792,3.562,14.073,175.792,166.489,175.682,14.073,5.249,5.249,20.953,10.536,5.454,84.857,-0.9958,-0.2815,0.1395,0.5889,0.665305,0.151441,0.089973,0.9984,0.665396,0.13709,0.054235,0.9982,0.661203,0.136918,0.054349,0.9984,0.656046,0.13675,0.054652,0.9979,0.683134,0.137274,0.077169,0.9978,0.690691,0.137319,0.076801,0.9982,0.699156,0.137456,0.077509,0.9978,0.660579,0.142588,-0.061653,0.9982,0.726977,0.142908,0.025979,0.9988,0.66706,0.160924,0.05059,0.9987,0.684265,0.162119,0.078643,0.9985,0.595959,0.202905,-0.145524,0.9993,0.879829,0.227242,0.05217,0.9994,0.525997,0.328025,-0.1695,0.9929,0.882281,0.358538,0.092529,0.4797,0.480405,0.445592,-0.127142,0.9681,0.810604,0.428561,0.121702,0.2907,0.47182,0.473777,-0.132352,0.9297,0.785296,0.446857,0.137031,0.2336,0.479616,0.475906,-0.136843,0.9258,0.77299,0.444461,0.121743,0.2261,0.49068,0.464239,-0.126825,0.9065,0.775988,0.438893,0.115436,0.2387,0.610956,0.436529,-0.063719,0.9975,0.775112,0.443753,0.065192,0.9971,0.594665,0.607604,-0.006702,0.9781,0.743686,0.604701,0.138919,0.6064,0.660351,0.763396,0.050488,0.8903,0.721467,0.749228,0.235805,0.6652,0.682212,0.795731,0.05074,0.8615,0.730031,0.77738,0.243567,0.7577,0.540324,0.767663,0.013472,0.7783,0.630748,0.744544,0.212708,0.6064
tadasana_zen_0104,tadasana,step 5,ZEN,external,right,,CC BY 4.0,data/datasets/yoga_for_all/tadasana/right/step_5/20230312_104113.jpg,True,472,1024,True,0.9974,0.5582,177.345,175.929,166.487,167.003,19.811,19.423,176.418,170.409,172.843,179.03,175.929,177.345,166.487,167.003,172.843,179.03,170.409,176.418,13.546,13.763,176.418,177.345,167.003,13.546,2.937,2.937,1.991,2.226,0.13,86.976,-0.9987,-0.362,0.1438,0.6905,0.52788,0.099046,0.128886,0.9987,0.513674,0.0868,0.093798,0.9976,0.502758,0.08678,0.094609,0.9975,0.491079,0.086576,0.094195,0.9973,0.545298,0.087444,0.09576,0.9979,0.555734,0.088014,0.095134,0.9978,0.566339,0.088641,0.09595,0.9976,0.474782,0.095988,-0.014827,0.9978,0.584754,0.0997,-0.017588,0.9982,0.505793,0.114773,0.097497,0.9976,0.545008,0.115291,0.097496,0.9982,0.342269,0.184877,-0.069264,0.9984,0.710793,0.191479,-0.042386,0.9993,0.269756,0.327315,-0.10137,0.9761,0.747237,0.331382,-0.017824,0.9834,0.271137,0.445977,-0.043143,0.5582,0.72018,0.447117,0.047364,0.8288,0.270273,0.473929,-0.031025,0.3999,0.717526,0.474804,0.054616,0.6934,0.296735,0.47278,-0.022329,0.3815,0.689962,0.474266,0.058401,0.668,0.305854,0.462221,-0.03819,0.3573,0.681558,0.46464,0.049277,0.6326,0.404891,0.434142,-0.019562,0.9977,0.593438,0.433945,0.021213,0.9974,0.424916,0.608881,0.096413,0.9426,0.573373,0.611292,0.157398,0.7975,0.457055,0.757854,0.205002,0.8695,0.533865,0.758412,0.262009,0.6909,0.473345,0.787971,0.211948,0.8639,0.533163,0.784069,0.272868,0.8027,0.404927,0.758443,0.205733,0.6804,0.512383,0.750563,0.266551,0.4865
tadasana_zen_0105,tadasana,step 5,ZEN,external,right,,CC BY 4.0,data/datasets/yoga_for_all/tadasana/right/step_5/20230312_104122.jpg,True,472,1024,True,0.9996,0.3182,177.056,171.374,162.091,173.347,17.244,19.287,175.453,172.574,177.419,170.047,171.374,177.056,162.091,173.347,170.047,177.419,172.574,175.453,9.143,16.309,175.453,177.056,173.347,16.309,2.364,-2.364,9.775,8.336,1.844,82.822,-0.9991,-0.3457,0.1491,0.6623,0.353714,0.058589,0.10628,0.9998,0.333696,0.046343,0.076267,0.9996,0.320869,0.046754,0.077209,0.9997,0.308555,0.047234,0.076677,0.9996,0.363022,0.045163,0.069271,0.9996,0.370048,0.045131,0.068779,0.9996,0.376881,0.045027,0.0697,0.9995,0.288163,0.054145,-0.007187,0.9997,0.38173,0.052115,-0.049546,0.9996,0.3361,0.070958,0.084605,0.9996,0.365874,0.069762,0.07331,0.9997,0.152673,0.146605,-0.015782,0.9997,0.470523,0.125139,-0.098779,0.9998,0.127234,0.267956,-0.051403,0.9177,0.539245,0.263099,-0.070733,0.9904,0.174173,0.366445,-0.011731,0.3182,0.566481,0.377202,-0.01249,0.9345,0.173598,0.394029,0.003989,0.2335,0.572199,0.40445,-0.013733,0.8702,0.201183,0.39124,0.0043,0.216,0.554184,0.40553,-0.010252,0.8554,0.206743,0.383068,-0.009515,0.2066,0.544709,0.395848,-0.01099,0.8178,0.248974,0.360492,0.023158,0.9998,0.414239,0.358039,-0.021602,0.9996,0.289611,0.50923,0.166389,0.9036,0.420653,0.51638,0.146244,0.8534,0.311169,0.643482,0.302451,0.8681,0.382478,0.649027,0.269828,0.837,0.299512,0.668621,0.312362,0.8731,0.372697,0.675502,0.281643,0.8726,0.301841,0.641598,0.318338,0.7738,0.413899,0.642699,0.273437,0.7124
tadasana_zen_0106,tadasana,step 5,ZEN,external,right,,CC BY 4.0,data/datasets/yoga_for_all/tadasana/right/step_5/20230312_104127(0).jpg,True,472,1024,True,0.9996,0.1197,173.51,170.669,164.579,174.58,9.613,9.588,179.032,173.72,177.127,175.17,170.669,173.51,164.579,174.58,175.17,177.127,173.72,179.032,2.617,12.232,173.72,170.669,174.58,12.232,1.248,1.248,14.405,9.154,1.28,85.478,-0.9998,-0.2977,0.133,0.5049,0.463078,0.108017,0.021202,0.9997,0.441904,0.092458,0.00888,0.9996,0.432434,0.092485,0.010168,0.9996,0.422907,0.092696,0.009528,0.9996,0.458916,0.09231,-0.012585,0.9995,0.462071,0.092127,-0.013121,0.9994,0.465119,0.091986,-0.011974,0.9993,0.392108,0.099145,-0.002361,0.9997,0.455396,0.096897,-0.113508,0.9994,0.447334,0.120758,0.024747,0.9997,0.465763,0.121069,-0.006329,0.9997,0.246263,0.188263,0.064389,0.9998,0.503125,0.169186,-0.201739,0.9999,0.22723,0.309972,0.044915,0.4674,0.514738,0.309414,-0.167968,0.9962,0.270348,0.409456,0.07772,0.1197,0.553108,0.441864,-0.11458,0.9745,0.274017,0.438792,0.102737,0.1195,0.553807,0.477092,-0.136154,0.9523,0.300883,0.447229,0.092553,0.1097,0.556985,0.47802,-0.127126,0.9451,0.301522,0.4409,0.075387,0.1013,0.548581,0.465443,-0.112896,0.9256,0.293641,0.415477,0.087489,0.9997,0.433304,0.416915,-0.086257,0.9996,0.321049,0.5752,0.197883,0.7173,0.425794,0.59361,0.059991,0.9674,0.310758,0.713284,0.314905,0.7743,0.372334,0.727173,0.183252,0.9425,0.28319,0.734813,0.321418,0.8031,0.346001,0.749685,0.192639,0.9261,0.413268,0.7156,0.304416,0.7984,0.49102,0.734341,0.165619,0.8973
tadasana_zen_0107,tadasana,step 5,ZEN,external,right,,CC BY 4.0,data/datasets/yoga_for_all/tadasana/right/step_5/20230312_104132(0).jpg,True,472,1024,True,0.995,0.0206,167.266,170.726,170.104,164.68,4.511,1.711,178.452,176.958,177.383,169.626,167.266,170.726,164.68,170.104,169.626,177.383,176.958,178.452,0.202,6.025,176.958,170.726,164.68,6.025,3.403,-3.403,19.899,78.868,8.406,86.036,-0.9982,-0.2903,0.0679,0.0481,0.562647,0.105308,-0.158924,0.9943,0.553473,0.090128,-0.149349,0.9907,0.554974,0.090307,-0.148158,0.9901,0.556035,0.090417,-0.148337,0.989,0.53805,0.089482,-0.17064,0.9926,0.530014,0.089408,-0.1713,0.9928,0.520949,0.089431,-0.170463,0.9929,0.528514,0.09678,-0.057718,0.9904,0.483503,0.097804,-0.1695,0.9949,0.558535,0.121844,-0.120354,0.9948,0.54112,0.121355,-0.151246,0.9963,0.451511,0.184104,0.089184,0.995,0.456566,0.172262,-0.231196,0.9995,0.441278,0.312985,0.11502,0.0206,0.47073,0.313954,-0.218303,0.99,0.475812,0.429185,0.108955,0.0323,0.567503,0.451579,-0.184215,0.9385,0.47102,0.462005,0.118016,0.0426,0.570195,0.487275,-0.222118,0.9007,0.503684,0.467687,0.099042,0.0426,0.59126,0.487586,-0.207179,0.8949,0.485616,0.451595,0.100316,0.0421,0.592623,0.474531,-0.180164,0.8796,0.473975,0.429589,0.098519,0.9972,0.498749,0.427901,-0.096974,0.9985,0.498085,0.589981,0.202567,0.3681,0.50717,0.597995,0.019843,0.9047,0.450505,0.732141,0.314074,0.448,0.461502,0.748405,0.138196,0.8293,0.412375,0.755593,0.319255,0.5474,0.414954,0.770999,0.144432,0.7938,0.575413,0.758072,0.287551,0.6097,0.603321,0.774929,0.096265,0.8321
tadasana_zen_0108,tadasana,step 5,ZEN,external,right,,CC BY 4.0,data/datasets/yoga_for_all/tadasana/right/step_5/20230312_104139.jpg,True,472,1024,True,0.9947,0.0336,169.101,178.376,162.154,154.324,2.866,17.254,174.958,170.814,175.149,177.729,169.101,178.376,154.324,162.154,175.149,177.729,170.814,174.958,4.601,5.175,170.814,178.376,154.324,4.601,3.443,-3.443,21.519,12.717,0.865,84.634,-0.9982,-0.317,0.1119,0.4121,0.559556,0.184226,-0.168022,0.9965,0.550921,0.170209,-0.154534,0.9916,0.551037,0.170124,-0.153653,0.9899,0.550777,0.170059,-0.153695,0.988,0.538248,0.169641,-0.17751,0.9955,0.529649,0.168999,-0.178049,0.9963,0.519277,0.168257,-0.177585,0.9968,0.518022,0.175287,-0.054733,0.9891,0.465744,0.171911,-0.174139,0.9982,0.552793,0.200188,-0.128443,0.9958,0.53484,0.199592,-0.161807,0.9988,0.528872,0.260454,0.065874,0.9947,0.345404,0.241369,-0.216399,0.9999,0.516937,0.359181,0.145318,0.0336,0.299221,0.35756,-0.244386,0.9979,0.561513,0.437745,0.122174,0.0918,0.364927,0.468314,-0.25214,0.9873,0.569274,0.453419,0.121763,0.1088,0.368972,0.499965,-0.280564,0.9705,0.582621,0.450948,0.090853,0.1155,0.403601,0.497524,-0.272647,0.9702,0.567243,0.450744,0.108809,0.1236,0.407836,0.487618,-0.248709,0.9627,0.526408,0.461358,0.086958,0.9985,0.402696,0.460498,-0.085191,0.9995,0.498011,0.600717,0.184737,0.8491,0.389574,0.610185,0.015011,0.9667,0.431795,0.705333,0.344156,0.8614,0.386797,0.716452,0.17031,0.9466,0.400837,0.719336,0.354421,0.8551,0.364018,0.731052,0.180267,0.7938,0.519706,0.748315,0.3037,0.8938,0.479904,0.761266,0.093197,0.9346
tadasana_zen_0109,tadasana,step 5,ZEN,external,right,,CC BY 4.0,data/datasets/yoga_for_all/tadasana/right/step_5/20230312_104151.jpg,True,472,1024,True,0.9997,0.9542,176.231,175.624,168.719,170.025,18.339,19.277,176.112,173.092,176.541,174.311,175.624,176.231,168.719,170.025,174.311,176.541,173.092,176.112,13.034,14.705,176.112,176.231,168.719,13.034,0.145,0.145,0.118,1.344,1.994,84.312,-1.0,-0.415,0.1562,0.7142,0.562801,0.204879,-0.33743,0.9998,0.578469,0.193301,-0.324916,0.999,0.588911,0.193785,-0.324272,0.9989,0.597609,0.194582,-0.32448,0.9989,0.544884,0.192728,-0.324564,0.9991,0.533283,0.192829,-0.325535,0.999,0.523069,0.19311,-0.324752,0.999,0.612763,0.20429,-0.223376,0.9989,0.505602,0.201264,-0.233485,0.9991,0.582555,0.22168,-0.300238,0.9998,0.540679,0.221125,-0.302364,0.9998,0.709748,0.287644,-0.15685,0.9999,0.406957,0.28437,-0.194335,0.9999,0.745299,0.39394,-0.124181,0.9937,0.365266,0.390529,-0.161701,0.9932,0.7362,0.48935,-0.190938,0.9922,0.364278,0.481845,-0.216898,0.9865,0.738263,0.51674,-0.218277,0.9829,0.364341,0.508983,-0.2372,0.9721,0.713544,0.51479,-0.247522,0.9839,0.383691,0.508496,-0.259367,0.9733,0.705086,0.505281,-0.200609,0.9828,0.389967,0.50011,-0.226644,0.9717,0.639291,0.480164,0.009232,0.9997,0.475265,0.482796,-0.007927,0.9998,0.611607,0.608293,0.08625,0.9785,0.485267,0.608042,0.088314,0.9766,0.576154,0.7064,0.320992,0.9595,0.510543,0.710555,0.28213,0.9542,0.567033,0.711403,0.338673,0.8234,0.513507,0.715758,0.297419,0.7489,0.570929,0.75367,0.241942,0.9373,0.515965,0.760229,0.198399,0.9292
tadasana_zen_0110,tadasana,step 5,ZEN,external,right,,CC BY 4.0,data/datasets/yoga_for_all/tadasana/right/step_5/20230312_104200.jpg,True,472,1024,True,0.9993,0.8588,176.809,174.355,159.557,173.063,21.369,15.019,170.341,176.618,179.339,170.935,174.355,176.809,159.557,173.063,170.935,179.339,170.341,176.618,11.77,11.771,170.341,176.809,159.557,11.77,4.148,4.148,15.05,3.969,1.433,83.912,-0.9974,-0.3746,0.1338,0.6125,0.400401,0.414512,-0.25579,0.9996,0.423178,0.402384,-0.258165,0.9991,0.434033,0.402397,-0.257804,0.9991,0.445985,0.40237,-0.257663,0.9991,0.399999,0.402312,-0.239281,0.9992,0.395576,0.402205,-0.240151,0.9991,0.390175,0.401989,-0.239148,0.9991,0.48221,0.409457,-0.209487,0.9991,0.403309,0.406623,-0.136613,0.9994,0.424789,0.427268,-0.238023,0.9998,0.393844,0.42704,-0.214726,0.9998,0.606374,0.492244,-0.188873,0.9999,0.346037,0.483919,-0.067637,0.9999,0.649647,0.602434,-0.197597,0.997,0.302308,0.576266,-0.01106,0.8588,0.611579,0.700126,-0.253536,0.9903,0.285383,0.659158,-0.102116,0.9143,0.603677,0.730241,-0.280278,0.9804,0.27921,0.689785,-0.121462,0.879,0.579312,0.724812,-0.306185,0.9804,0.291608,0.687602,-0.146581,0.8837,0.574455,0.714713,-0.260987,0.9788,0.29868,0.678209,-0.115431,0.8768,0.52432,0.684867,-0.04144,0.9993,0.366459,0.683046,0.042529,0.9993,0.51729,0.812876,-0.015188,0.987,0.394899,0.805958,0.12783,0.9416,0.498218,0.921178,0.172753,0.9445,0.443504,0.913829,0.293495,0.9399,0.515736,0.932227,0.1854,0.7271,0.472948,0.92482,0.305182,0.8606,0.407242,0.969041,0.07795,0.7304,0.368944,0.961022,0.216217,0.8927
tadasana_zen_0111,tadasana,step 5,ZEN,external,right,,CC BY 4.0,data/datasets/yoga_for_all/tadasana/right/step_5/20230312_104211.jpg,True,472,1024,True,0.9943,0.126,168.2,171.455,163.475,142.403,4.341,7.054,175.276,172.941,169.077,157.676,168.2,171.455,142.403,163.475,157.676,169.077,172.941,175.276,3.013,17.418,175.276,168.2,163.475,3.013,6.408,6.408,24.369,20.334,26.742,86.814,-0.9938,-0.3358,0.1437,0.1673,0.354472,0.245239,-0.184609,0.9991,0.373583,0.225174,-0.207584,0.9988,0.381339,0.224548,-0.207232,0.999,0.388164,0.223989,-0.207282,0.9991,0.363934,0.225574,-0.175555,0.9977,0.365224,0.225329,-0.176412,0.997,0.366424,0.225059,-0.175116,0.996,0.450843,0.227744,-0.244251,0.9995,0.421752,0.228117,-0.114648,0.9955,0.387634,0.260987,-0.196368,0.9996,0.375882,0.261725,-0.156595,0.9988,0.551884,0.338098,-0.279264,1.0,0.465258,0.323302,-0.004251,0.9965,0.530002,0.49981,-0.286353,0.999,0.40842,0.446983,0.081096,0.126,0.433005,0.622027,-0.273963,0.9982,0.326358,0.479225,0.063816,0.2014,0.418134,0.663157,-0.318156,0.9951,0.315952,0.489522,0.068239,0.2074,0.38923,0.657102,-0.326713,0.995,0.288991,0.480574,0.043739,0.2137,0.384039,0.643937,-0.276129,0.9929,0.29762,0.479677,0.050331,0.2205,0.475862,0.590308,-0.082627,0.9988,0.418036,0.576878,0.083857,0.9943,0.455295,0.760634,0.025012,0.9795,0.431059,0.736527,0.203508,0.683,0.500927,0.899474,0.16306,0.902,0.483234,0.863824,0.358228,0.5824,0.529681,0.930274,0.168743,0.8086,0.508738,0.887096,0.370187,0.606,0.350936,0.913291,0.09739,0.752,0.345443,0.886354,0.328303,0.7227
tadasana_zen_0112,tadasana,step 5,ZEN,external,right,,CC BY 4.0,data/datasets/yoga_for_all/tadasana/right/step_5/20230312_104222.jpg,True,472,1024,True,0.9974,0.7572,174.114,177.967,170.381,155.319,19.893,20.972,175.583,170.994,168.487,173.795,174.114,177.967,155.319,170.381,168.487,173.795,170.994,175.583,9.881,15.742,175.583,174.114,170.381,15.742,5.946,5.946,5.117,4.181,3.047,82.92,-0.9946,-0.4371,0.1366,0.7377,0.487655,0.264852,0.087234,0.9995,0.47327,0.254081,0.04933,0.999,0.461107,0.254271,0.050323,0.999,0.449359,0.254418,0.049777,0.9989,0.50845,0.254623,0.055177,0.999,0.520129,0.255205,0.05429,0.999,0.531692,0.255784,0.05522,0.9988,0.437598,0.263629,-0.05841,0.9991,0.545394,0.265467,-0.043632,0.9989,0.469375,0.280726,0.056779,0.999,0.503462,0.281799,0.061251,0.999,0.309331,0.356892,-0.1079,0.9993,0.667484,0.36896,-0.054054,0.999,0.228964,0.488996,-0.154744,0.9952,0.691258,0.497137,-0.002544,0.964,0.20515,0.592643,-0.09315,0.8835,0.613876,0.596238,0.063809,0.8461,0.193315,0.62121,-0.085423,0.7248,0.600924,0.619661,0.07133,0.7116,0.219047,0.618297,-0.07333,0.7101,0.575961,0.615078,0.069705,0.6937,0.233504,0.606373,-0.086716,0.6845,0.571796,0.606171,0.063842,0.6753,0.345734,0.583823,-0.031335,0.9984,0.530231,0.588349,0.032821,0.9974,0.344621,0.740332,0.132222,0.9602,0.486944,0.748996,0.198066,0.793,0.374986,0.880613,0.27791,0.9455,0.441461,0.879695,0.335022,0.7572,0.388064,0.911353,0.289061,0.8702,0.442023,0.90292,0.348629,0.8133,0.311258,0.883132,0.289796,0.8459,0.394477,0.867383,0.347349,0.6434
tadasana_zen_0113,tadasana,step 5,ZEN,external,right,,CC BY 4.0,data/datasets/yoga_for_all/tadasana/right/step_5/20230312_104231.jpg,True,472,1024,True,0.9993,0.0559,170.328,169.815,155.452,168.706,6.126,6.564,178.189,174.406,170.528,176.772,169.815,170.328,155.452,168.706,170.528,176.772,174.406,178.189,4.302,11.598,174.406,169.815,168.706,11.598,1.705,1.705,19.425,4.559,14.375,86.641,-0.9996,-0.3147,0.1621,0.4843,0.563237,0.296712,-0.032151,0.9998,0.551166,0.283155,-0.040259,0.9996,0.543268,0.282753,-0.038827,0.9997,0.535225,0.282474,-0.039347,0.9997,0.566996,0.283597,-0.063921,0.9996,0.570318,0.283532,-0.064431,0.9995,0.573615,0.283615,-0.063266,0.9994,0.510797,0.286219,-0.034703,0.9997,0.557309,0.289249,-0.157886,0.9995,0.545676,0.308397,-0.022208,0.9998,0.560861,0.310253,-0.056994,0.9998,0.369247,0.355707,0.050534,0.9998,0.578431,0.363395,-0.227073,0.9999,0.365544,0.458043,0.079685,0.2066,0.569906,0.488023,-0.168864,0.9965,0.431476,0.527628,0.134706,0.0559,0.605788,0.586986,-0.110394,0.98,0.422121,0.543416,0.156604,0.0732,0.603671,0.612797,-0.138082,0.9687,0.465441,0.538311,0.146851,0.0689,0.608457,0.611545,-0.129716,0.9643,0.466681,0.536601,0.132427,0.0669,0.606403,0.602552,-0.110162,0.951,0.407957,0.552906,0.094575,0.9993,0.513942,0.565427,-0.093415,0.9994,0.423505,0.674998,0.232834,0.6047,0.500009,0.697866,0.07972,0.9579,0.395908,0.789991,0.37196,0.7058,0.441763,0.814513,0.222856,0.9426,0.373805,0.808454,0.381741,0.7784,0.408713,0.837992,0.233954,0.9381,0.49712,0.793468,0.369059,0.7671,0.542512,0.822088,0.214584,0.8946
tadasana_zen_0114,tadasana,step 5,ZEN,external,right,,CC BY 4.0,data/datasets/yoga_for_all/tadasana/right/step_5/20230312_104239.jpg,True,472,1024,True,0.9995,0.7205,168.125,177.278,177.751,151.673,9.248,21.283,179.696,170.496,171.687,176.877,168.125,177.278,151.673,177.751,171.687,176.877,170.496,179.696,7.703,10.288,170.496,177.278,151.673,7.703,4.567,-4.567,16.272,0.283,4.498,87.721,-0.9968,-0.3225,0.1316,0.5315,0.517305,0.351001,-0.209616,0.9984,0.509957,0.339649,-0.198479,0.9952,0.510716,0.339507,-0.197537,0.995,0.511023,0.339405,-0.197685,0.9947,0.496976,0.339482,-0.224581,0.996,0.488271,0.339233,-0.225096,0.996,0.478416,0.338995,-0.224491,0.996,0.481691,0.343037,-0.109712,0.9958,0.431923,0.342683,-0.239129,0.997,0.51349,0.363789,-0.174273,0.999,0.494627,0.364029,-0.210825,0.9993,0.534307,0.41188,-0.013845,0.9998,0.317484,0.411386,-0.262541,0.9999,0.561469,0.509976,0.055264,0.7205,0.27389,0.520257,-0.284953,0.9988,0.591968,0.593783,0.026125,0.8986,0.341877,0.617457,-0.292877,0.9951,0.612681,0.619431,0.016167,0.8496,0.346161,0.646145,-0.321446,0.9884,0.605751,0.620021,-0.016516,0.8617,0.377815,0.642434,-0.325708,0.9881,0.588674,0.612129,0.012838,0.8562,0.382542,0.632852,-0.294217,0.9835,0.520474,0.596809,0.074328,0.9995,0.39628,0.601312,-0.072439,0.9996,0.509534,0.723519,0.197785,0.9093,0.40306,0.73675,0.048383,0.9802,0.460527,0.813094,0.387452,0.8824,0.416988,0.827556,0.221816,0.9584,0.434516,0.824561,0.401644,0.8823,0.401168,0.838581,0.233463,0.8282,0.534399,0.846392,0.349511,0.9174,0.505016,0.869135,0.139637,0.9395
tadasana_zen_0115,tadasana,step 5,ZEN,external,right,,CC BY 4.0,data/datasets/yoga_for_all/tadasana/right/step_5/20230312_104250(0).jpg,True,472,1024,True,0.9998,0.9151,175.13,166.439,169.551,170.522,19.86,20.248,174.342,174.293,175.952,172.578,166.439,175.13,169.551,170.522,172.578,175.952,174.293,174.342,14.889,15.681,174.342,166.439,169.551,14.889,1.224,1.224,5.263,2.587,1.702,84.817,-0.9998,-0.374,0.1209,0.7395,0.415455,0.334878,-0.325539,0.9992,0.439507,0.322853,-0.319283,0.9969,0.453289,0.322928,-0.318507,0.997,0.465513,0.322968,-0.318808,0.9969,0.398856,0.322486,-0.314612,0.9969,0.386703,0.322271,-0.315511,0.9967,0.375193,0.322197,-0.314551,0.9966,0.491209,0.329883,-0.229034,0.9971,0.36472,0.329819,-0.216621,0.9972,0.443046,0.35213,-0.289795,0.9995,0.394055,0.352192,-0.28551,0.9994,0.610279,0.417488,-0.172708,0.9999,0.271418,0.410431,-0.15709,0.9998,0.650113,0.533173,-0.149771,0.9939,0.22181,0.518114,-0.095024,0.9847,0.644357,0.639454,-0.218601,0.9883,0.212082,0.620398,-0.148733,0.9815,0.648667,0.671638,-0.247738,0.9782,0.204491,0.654659,-0.162552,0.9668,0.619633,0.666779,-0.272125,0.979,0.231332,0.653666,-0.188009,0.9691,0.609812,0.655667,-0.225946,0.9776,0.239269,0.644136,-0.158836,0.9661,0.523403,0.626597,-0.006867,0.9999,0.338695,0.624067,0.008105,0.9998,0.495027,0.770785,0.019556,0.9825,0.351795,0.759561,0.096471,0.9773,0.465117,0.848551,0.367217,0.9151,0.41088,0.853841,0.360211,0.931,0.46111,0.851287,0.397021,0.6201,0.423311,0.859813,0.384535,0.6921,0.427413,0.910192,0.325445,0.8813,0.386644,0.913273,0.309594,0.915
tadasana_zen_0116,tadasana,step 5,ZEN,external,right,,CC BY 4.0,data/datasets/yoga_for_all/tadasana/right/step_5/20230312_104255.jpg,True,472,1024,True,0.9899,0.2373,179.755,170.745,161.616,80.104,18.141,24.97,165.505,172.962,173.439,105.034,170.745,179.755,80.104,161.616,105.034,173.439,165.505,172.962,9.659,72.53,165.505,170.745,161.616,9.659,9.296,9.296,22.696,9.598,8.156,85.397,-0.9869,-0.4116,0.151,0.5612,0.405393,0.291403,-0.219313,0.9751,0.433545,0.277894,-0.237209,0.9722,0.447775,0.278422,-0.236384,0.9788,0.464249,0.27911,-0.236947,0.9827,0.409365,0.276602,-0.21084,0.9498,0.404693,0.276246,-0.212128,0.9392,0.400376,0.275962,-0.211114,0.9284,0.525903,0.290021,-0.239339,0.9923,0.433657,0.283873,-0.129292,0.9447,0.434711,0.312934,-0.218591,0.9972,0.404675,0.310629,-0.185367,0.9876,0.684061,0.405282,-0.226987,0.9998,0.385805,0.382035,-0.041415,0.9899,0.69585,0.567338,-0.241862,0.9945,0.299021,0.459188,0.100864,0.2373,0.61034,0.700712,-0.257544,0.9819,0.1592,0.410089,0.166559,0.5632,0.589907,0.73657,-0.286308,0.9623,0.112535,0.40138,0.178153,0.5509,0.553662,0.730515,-0.314531,0.963,0.091302,0.398538,0.164907,0.575,0.550396,0.72067,-0.266489,0.9595,0.121691,0.403034,0.159462,0.5758,0.533096,0.644474,-0.050539,0.9986,0.362627,0.633213,0.050969,0.9968,0.521916,0.815472,0.003347,0.9584,0.3884,0.780775,0.160958,0.8949,0.516842,0.905923,0.260227,0.8547,0.445642,0.887727,0.378504,0.8743,0.539313,0.923331,0.278033,0.6217,0.476214,0.903329,0.396551,0.8032,0.4008,0.956481,0.193069,0.562,0.338658,0.940124,0.326882,0.7832
tadasana_zen_0117,tadasana,step 5,ZEN,external,right,,CC BY 4.0,data/datasets/yoga_for_all/tadasana/right/step_5/20230312_104307(0).jpg,True,472,1024,True,0.9936,0.0891,168.896,164.607,167.507,161.218,5.24,2.203,179.154,177.826,167.222,163.562,164.607,168.896,161.218,167.507,163.562,167.222,177.826,179.154,6.907,10.595,179.154,168.896,167.507,10.595,5.866,5.866,21.828,7.546,14.553,78.295,-0.9948,-0.4573,0.1384,0.3292,0.298221,0.243804,-0.154718,0.9957,0.320212,0.227853,-0.181159,0.9917,0.323512,0.228495,-0.180707,0.9913,0.327488,0.229197,-0.181239,0.991,0.32089,0.226754,-0.148029,0.9922,0.326283,0.226482,-0.148844,0.9921,0.330794,0.226243,-0.147997,0.9909,0.371481,0.241107,-0.258229,0.9922,0.385877,0.238101,-0.118216,0.992,0.314423,0.263651,-0.179973,0.9941,0.313735,0.262342,-0.138257,0.9936,0.363634,0.364252,-0.29188,0.998,0.541674,0.35338,-0.043041,0.9937,0.314143,0.539359,-0.306046,0.9718,0.501024,0.499074,-0.01236,0.0891,0.216117,0.664073,-0.235087,0.9494,0.368847,0.623382,-0.019684,0.168,0.207727,0.692464,-0.273474,0.8922,0.348816,0.640124,-0.018823,0.147,0.199821,0.690712,-0.260736,0.8867,0.326348,0.646539,-0.041529,0.1453,0.203378,0.680895,-0.23167,0.8575,0.328816,0.644687,-0.031032,0.1593,0.342865,0.615454,-0.07749,0.999,0.450918,0.602524,0.079429,0.9936,0.3254,0.767609,0.122014,0.7658,0.388415,0.741575,0.273424,0.1864,0.366825,0.902184,0.313375,0.7408,0.406743,0.872637,0.454921,0.2403,0.389927,0.929475,0.324587,0.7676,0.429589,0.897767,0.470899,0.4152,0.239189,0.902763,0.290488,0.6235,0.288231,0.875986,0.471682,0.3511
tadasana_zen_0118,tadasana,step 5,ZEN,external,right,,CC BY 4.0,data/datasets/yoga_for_all/tadasana/right/step_5/20230312_104319.jpg,True,472,1024,True,0.9962,0.5134,175.027,176.354,163.083,156.159,21.821,21.819,174.948,173.099,171.132,175.586,175.027,176.354,156.159,163.083,171.132,175.586,173.099,174.948,11.274,14.769,174.948,175.027,156.159,11.274,4.88,4.88,1.389,5.195,5.144,81.213,-0.9964,-0.4565,0.1384,0.7895,0.398036,0.222562,0.014064,0.9949,0.377476,0.207993,-0.022592,0.9919,0.364916,0.207509,-0.021242,0.9918,0.352086,0.206921,-0.022096,0.9914,0.417712,0.21029,-0.024846,0.9921,0.432249,0.211389,-0.02564,0.992,0.444416,0.212359,-0.025065,0.9912,0.331987,0.218429,-0.114649,0.9929,0.45859,0.225506,-0.136253,0.993,0.370901,0.240332,-0.009649,0.9935,0.417021,0.242603,-0.01646,0.9938,0.177367,0.322924,-0.13164,0.9978,0.58423,0.339974,-0.15083,0.9968,0.087551,0.468073,-0.170278,0.9769,0.61659,0.478842,-0.081359,0.9717,0.091638,0.57619,-0.065935,0.5134,0.543242,0.584714,0.014782,0.8616,0.088199,0.608213,-0.05328,0.323,0.511206,0.61583,0.019203,0.76,0.108409,0.60238,-0.030622,0.3011,0.494605,0.609503,0.023278,0.7482,0.119681,0.591798,-0.056953,0.2913,0.488628,0.599315,0.015344,0.7148,0.231595,0.564742,-0.009359,0.9983,0.441953,0.573471,0.010664,0.9962,0.235949,0.700131,0.194233,0.9001,0.395948,0.71066,0.226964,0.6044,0.264976,0.831354,0.394537,0.8546,0.334101,0.839971,0.415036,0.5612,0.27772,0.864174,0.411717,0.834,0.327659,0.867149,0.433613,0.7173,0.225436,0.823718,0.442314,0.649,0.318069,0.825977,0.452134,0.4224
tadasana_zen_0119,tadasana,step 5,ZEN,external,right,,CC BY 4.0,data/datasets/yoga_for_all/tadasana/right/step_5/20230312_104328.jpg,True,472,1024,True,0.9994,0.081,175.917,168.707,153.09,171.733,8.204,10.977,179.295,171.38,174.016,174.918,168.707,175.917,153.09,171.733,174.016,174.918,171.38,179.295,2.611,14.639,171.38,168.707,171.733,14.639,3.14,3.14,16.593,7.967,15.728,85.922,-0.9985,-0.3798,0.1432,0.4752,0.600713,0.220739,-0.073575,0.9994,0.578803,0.203026,-0.084108,0.999,0.568228,0.202867,-0.082137,0.9991,0.555355,0.202518,-0.083104,0.9991,0.596946,0.202704,-0.1074,0.9988,0.599119,0.202438,-0.107766,0.9987,0.600899,0.202069,-0.106582,0.9985,0.519052,0.20981,-0.079119,0.9995,0.572753,0.21128,-0.201831,0.9989,0.572361,0.238163,-0.063253,0.9996,0.590326,0.238045,-0.097623,0.9996,0.35236,0.300619,0.033156,0.9998,0.587451,0.315785,-0.277437,0.9999,0.329952,0.422842,0.057176,0.2617,0.595745,0.46997,-0.201855,0.9977,0.397644,0.499763,0.124427,0.081,0.640529,0.590894,-0.132813,0.9899,0.417376,0.520219,0.148689,0.0947,0.632072,0.618119,-0.172948,0.983,0.454673,0.514622,0.140523,0.0907,0.635539,0.617683,-0.15763,0.9799,0.455412,0.51299,0.121603,0.0863,0.633338,0.608364,-0.133055,0.9724,0.381722,0.530242,0.10152,0.9995,0.50335,0.546031,-0.100364,0.9994,0.402655,0.665579,0.283614,0.47,0.498162,0.692227,0.115208,0.9283,0.402634,0.782412,0.468891,0.478,0.442944,0.809644,0.30743,0.8864,0.374559,0.806958,0.482694,0.6146,0.406465,0.833558,0.320958,0.897,0.506733,0.788928,0.486558,0.6562,0.558444,0.817727,0.306716,0.8367
tadasana_zen_0120,tadasana,step 5,ZEN,external,right,,CC BY 4.0,data/datasets/yoga_for_all/tadasana/right/step_5/20230312_104335.jpg,True,472,1024,True,0.9989,0.1019,176.196,178.534,160.321,148.095,5.704,19.753,168.998,168.179,176.28,179.258,176.196,178.534,148.095,160.321,176.28,179.258,168.179,168.998,2.592,5.549,168.179,178.534,148.095,5.549,3.729,-3.729,21.943,8.125,15.496,80.126,-0.9979,-0.3397,0.114,0.2608,0.468206,0.256551,-0.222212,0.9975,0.456855,0.237856,-0.214047,0.9953,0.455988,0.237342,-0.212841,0.9951,0.454075,0.236791,-0.213203,0.9946,0.439586,0.239234,-0.245266,0.996,0.425035,0.239823,-0.246256,0.9961,0.40718,0.240263,-0.245169,0.9963,0.39054,0.240322,-0.13696,0.996,0.319651,0.245974,-0.291482,0.9972,0.453943,0.276416,-0.189069,0.9982,0.429399,0.277677,-0.232251,0.999,0.35562,0.342995,-0.012787,0.9991,0.204936,0.352911,-0.320725,0.9999,0.330293,0.488852,0.070036,0.1019,0.11625,0.523673,-0.307279,0.9983,0.390756,0.592121,0.064824,0.312,0.213509,0.658103,-0.26278,0.9946,0.40696,0.612884,0.051158,0.3257,0.223793,0.701184,-0.301493,0.988,0.414091,0.621959,0.022366,0.3448,0.265053,0.694621,-0.291543,0.9881,0.409102,0.611999,0.050444,0.3627,0.268708,0.680271,-0.261624,0.9854,0.367033,0.610196,0.101407,0.9989,0.26945,0.622666,-0.100225,0.9996,0.31813,0.739694,0.346059,0.4597,0.238894,0.768125,0.153134,0.9649,0.270494,0.829915,0.556812,0.5947,0.22586,0.852677,0.407399,0.9368,0.233365,0.84438,0.574591,0.6597,0.185823,0.869418,0.424366,0.854,0.373578,0.867961,0.546165,0.8815,0.346312,0.899771,0.360157,0.933
tadasana_zen_0121,tadasana,step 1,ZEN,external,wrong,Legs,CC BY 4.0,data/datasets/yoga_for_all/tadasana/wrong/step_1-_Legs/20230312_104615(0).jpg,True,472,1024,True,0.9999,0.8123,173.989,173.063,172.167,176.942,21.069,17.201,161.919,166.39,171.969,168.781,173.063,173.989,172.167,176.942,168.781,171.969,161.919,166.39,15.724,17.487,161.919,173.989,172.167,17.487,2.482,2.482,4.278,1.099,0.54,80.895,-0.9991,-0.4271,0.7011,0.6663,0.53297,0.174935,-0.278284,1.0,0.550605,0.166244,-0.265878,0.9999,0.560547,0.166899,-0.265271,1.0,0.568942,0.167655,-0.265509,1.0,0.521492,0.165029,-0.261269,0.9999,0.512509,0.164909,-0.262247,0.9999,0.503455,0.164743,-0.26145,0.9999,0.583415,0.175508,-0.169829,1.0,0.491005,0.17249,-0.163059,0.9999,0.54987,0.18891,-0.242828,1.0,0.513739,0.187528,-0.240141,1.0,0.668061,0.250365,-0.135435,1.0,0.416601,0.248141,-0.131533,1.0,0.70987,0.344137,-0.158392,0.9984,0.372427,0.338518,-0.124418,0.9953,0.721411,0.424647,-0.266783,0.9972,0.340977,0.423877,-0.210286,0.9899,0.727871,0.452712,-0.306105,0.9944,0.333442,0.448113,-0.235214,0.9805,0.700014,0.450166,-0.333067,0.9943,0.352432,0.448839,-0.263308,0.9805,0.690408,0.443332,-0.277949,0.9934,0.359084,0.44208,-0.222863,0.9811,0.605527,0.423432,-0.003732,1.0,0.446445,0.422742,0.005162,0.9999,0.647285,0.550325,-0.086,0.9618,0.403703,0.545669,0.039075,0.9163,0.658431,0.66286,-0.007531,0.8997,0.395067,0.650806,0.18902,0.8123,0.648391,0.677275,-0.008356,0.5136,0.412814,0.66432,0.195869,0.5362,0.673241,0.730031,-0.13043,0.7858,0.33851,0.68662,0.091449,0.7747
tadasana_zen_0122,tadasana,step 1,ZEN,external,wrong,Legs,CC BY 4.0,data/datasets/yoga_for_all/tadasana/wrong/step_1-_Legs/20230312_104622.jpg,True,472,1024,True,0.9998,0.8364,178.467,178.954,163.035,178.844,16.997,10.754,164.027,178.399,179.334,171.45,178.467,178.954,163.035,178.844,171.45,179.334,164.027,178.399,8.72,11.284,164.027,178.467,163.035,8.72,2.901,2.901,11.413,9.193,1.267,82.081,-0.9987,-0.4176,0.4915,0.552,0.418972,0.106139,-0.177996,0.9999,0.438209,0.094512,-0.176285,0.9997,0.449165,0.094231,-0.175728,0.9998,0.461056,0.094046,-0.176033,0.9998,0.417255,0.096182,-0.159349,0.9997,0.412927,0.096969,-0.16027,0.9997,0.408929,0.097926,-0.159095,0.9996,0.492504,0.105792,-0.131817,0.9999,0.422448,0.108506,-0.06311,0.9997,0.442733,0.119492,-0.161568,0.9999,0.414251,0.120247,-0.14082,0.9999,0.608213,0.183797,-0.14448,1.0,0.362466,0.20213,-0.008631,0.9999,0.647259,0.298167,-0.179861,0.9968,0.329441,0.31017,0.028319,0.8364,0.613852,0.40743,-0.234901,0.9936,0.297529,0.401232,-0.050477,0.8793,0.60888,0.44041,-0.261975,0.9877,0.286781,0.429974,-0.061558,0.8496,0.577375,0.436284,-0.277121,0.9876,0.300692,0.429052,-0.090764,0.8525,0.571643,0.426666,-0.237716,0.9854,0.313397,0.419671,-0.064071,0.853,0.54191,0.399779,-0.039874,0.9999,0.383111,0.401398,0.041036,0.9998,0.582177,0.533222,-0.063766,0.9608,0.388517,0.527397,0.104253,0.9056,0.614485,0.666286,0.027956,0.9241,0.398141,0.644003,0.236866,0.8643,0.615339,0.685242,0.031251,0.7167,0.428801,0.664641,0.244424,0.742,0.619658,0.706492,-0.059791,0.8825,0.280796,0.680726,0.176642,0.8525
tadasana_zen_0123,tadasana,step 1,ZEN,external,wrong,Legs,CC BY 4.0,data/datasets/yoga_for_all/tadasana/wrong/step_1-_Legs/20230312_104633.jpg,True,472,1024,True,0.9984,0.196,171.928,173.856,160.925,167.793,3.84,4.904,175.956,176.961,166.604,166.865,171.928,173.856,160.925,167.793,166.604,166.865,175.956,176.961,5.545,10.572,175.956,171.928,160.925,5.545,5.306,5.306,16.084,13.198,6.179,86.193,-0.9957,-0.309,0.2368,0.2309,0.460516,0.123805,-0.15907,0.9997,0.483923,0.107359,-0.17808,0.9995,0.4931,0.107417,-0.17766,0.9996,0.502084,0.10701,-0.177382,0.9996,0.470847,0.107281,-0.149706,0.9994,0.470016,0.107387,-0.150339,0.9993,0.469028,0.107277,-0.14924,0.9992,0.547348,0.115415,-0.195356,0.9997,0.502965,0.113871,-0.08289,0.9991,0.48015,0.138579,-0.163049,0.9998,0.461983,0.139569,-0.128295,0.9997,0.620874,0.193763,-0.253386,1.0,0.500179,0.20681,0.043634,0.9994,0.599337,0.335357,-0.279316,0.999,0.466141,0.326513,0.105469,0.196,0.482345,0.461877,-0.266999,0.998,0.389664,0.425108,0.065545,0.3182,0.474708,0.500803,-0.302538,0.9949,0.369544,0.456519,0.074059,0.3059,0.435375,0.498387,-0.303717,0.9946,0.371817,0.463721,0.048564,0.3054,0.434751,0.484797,-0.264645,0.9921,0.389785,0.453819,0.05272,0.3065,0.544695,0.448418,-0.089942,0.9996,0.477042,0.445042,0.091127,0.9984,0.517766,0.634974,-0.059734,0.9788,0.479953,0.606519,0.171794,0.4947,0.543704,0.795293,0.004099,0.9485,0.513157,0.738391,0.294172,0.5145,0.578627,0.832359,0.003795,0.925,0.538026,0.75572,0.30187,0.5694,0.36605,0.835574,-0.077713,0.9325,0.368566,0.766115,0.252401,0.6963
tadasana_zen_0124,tadasana,step 1,ZEN,external,wrong,Legs,CC BY 4.0,data/datasets/yoga_for_all/tadasana/wrong/step_1-_Legs/20230312_104652.jpg,True,472,1024,True,0.9987,0.5636,177.178,179.486,171.992,161.042,17.446,18.486,165.641,164.567,163.009,168.156,177.178,179.486,161.042,171.992,163.009,168.156,164.567,165.641,10.125,13.988,165.641,177.178,171.992,13.988,12.446,12.446,2.807,13.431,12.995,72.638,-0.9765,-0.3945,0.603,0.7134,0.747636,0.094473,0.106457,0.9988,0.735533,0.080885,0.067426,0.9976,0.720826,0.080065,0.068232,0.9976,0.705442,0.079293,0.067743,0.9974,0.77533,0.08437,0.070664,0.9977,0.787841,0.08575,0.07016,0.9976,0.799788,0.087112,0.070612,0.9972,0.682613,0.089615,-0.05275,0.9982,0.811644,0.097928,-0.047821,0.9981,0.715626,0.110215,0.070961,0.9979,0.764223,0.111585,0.073121,0.998,0.511426,0.176194,-0.095514,0.9994,0.906087,0.219634,-0.073223,0.9987,0.387751,0.329081,-0.140067,0.9767,0.884962,0.379581,-0.038507,0.8913,0.329787,0.450193,-0.055996,0.7108,0.780032,0.496688,0.06668,0.5636,0.310932,0.484164,-0.048187,0.539,0.755731,0.527533,0.084202,0.4278,0.335095,0.484137,-0.031874,0.511,0.729834,0.522391,0.087247,0.395,0.350202,0.471922,-0.049811,0.464,0.728995,0.508941,0.069256,0.3832,0.481089,0.442756,-0.010558,0.9996,0.69125,0.465112,0.011877,0.999,0.364527,0.614603,0.128944,0.9731,0.647979,0.639187,0.207362,0.8498,0.270758,0.781248,0.2742,0.9591,0.612865,0.7926,0.347197,0.8203,0.25284,0.817313,0.286048,0.9457,0.591824,0.819654,0.36289,0.8443,0.261721,0.760599,0.297045,0.8113,0.616848,0.771883,0.373633,0.5541
tadasana_zen_0125,tadasana,step 1,ZEN,external,wrong,Legs,CC BY 4.0,data/datasets/yoga_for_all/tadasana/wrong/step_1-_Legs/20230312_104707.jpg,True,472,1024,True,0.9987,0.0555,171.818,173.822,146.102,172.257,14.674,9.655,171.975,172.429,171.561,170.375,171.818,173.822,146.102,172.257,170.375,171.561,171.975,172.429,0.566,13.289,172.429,173.822,172.257,13.289,2.445,-2.445,17.807,11.843,4.722,86.093,-0.9991,-0.2683,0.3869,0.5074,0.60189,0.165528,0.087859,0.9993,0.587269,0.152169,0.073084,0.999,0.579579,0.151806,0.073441,0.9991,0.571954,0.151446,0.073597,0.999,0.604712,0.151592,0.052885,0.9989,0.608756,0.150914,0.052166,0.9987,0.612798,0.150134,0.052779,0.9985,0.552973,0.154755,0.03667,0.9991,0.60914,0.152998,-0.065297,0.9986,0.588334,0.175711,0.0819,0.999,0.60745,0.17524,0.053866,0.9991,0.435614,0.22904,0.075964,0.999,0.649203,0.208396,-0.154304,0.9997,0.414859,0.325423,0.090742,0.3794,0.674982,0.321621,-0.15414,0.9908,0.486412,0.386856,0.13455,0.0555,0.726854,0.419453,-0.093808,0.881,0.498834,0.405503,0.148719,0.0574,0.735765,0.447201,-0.092375,0.795,0.51547,0.404032,0.138589,0.0543,0.735496,0.448593,-0.081296,0.7788,0.513078,0.400646,0.132093,0.056,0.729971,0.439603,-0.085665,0.7288,0.500948,0.419065,0.084944,0.9987,0.620568,0.41451,-0.0834,0.9987,0.505395,0.538823,0.17511,0.5856,0.640343,0.547992,0.042224,0.9367,0.472449,0.659007,0.272477,0.7374,0.628498,0.685657,0.119975,0.9391,0.448464,0.681492,0.27905,0.7795,0.604649,0.707903,0.127746,0.9351,0.527131,0.654372,0.27014,0.7076,0.744152,0.695951,0.100251,0.8727
tadasana_zen_0126,tadasana,step 1,ZEN,external,wrong,Legs,CC BY 4.0,data/datasets/yoga_for_all/tadasana/wrong/step_1-_Legs/20230312_104718.jpg,True,472,1024,True,0.9998,0.8635,175.555,178.048,179.114,161.327,8.549,18.424,178.92,160.002,169.899,177.049,175.555,178.048,161.327,179.114,169.899,177.049,160.002,178.92,8.135,9.57,160.002,175.555,161.327,9.57,7.52,-7.52,16.747,4.853,7.388,82.523,-0.9914,-0.4043,0.4453,0.4952,0.589683,0.109003,-0.203762,0.9998,0.585137,0.095377,-0.192156,0.9992,0.589585,0.095504,-0.191143,0.9992,0.593342,0.09568,-0.191312,0.9992,0.559126,0.09554,-0.213712,0.9991,0.545032,0.09556,-0.21435,0.9991,0.528616,0.095578,-0.213711,0.9991,0.567193,0.104925,-0.094129,0.9995,0.47613,0.105184,-0.208279,0.9992,0.591087,0.124957,-0.164953,0.9998,0.560524,0.126191,-0.196862,0.9999,0.61604,0.212682,-0.003098,0.9999,0.355023,0.202467,-0.230433,0.9999,0.664588,0.333234,0.057675,0.8635,0.324486,0.338604,-0.260493,0.9986,0.703715,0.439523,0.018516,0.9657,0.383724,0.459077,-0.296885,0.993,0.728373,0.473474,-0.001176,0.9412,0.3833,0.498132,-0.326769,0.985,0.716132,0.472594,-0.033786,0.9456,0.428467,0.495118,-0.334557,0.985,0.702973,0.464063,0.00556,0.9392,0.439063,0.482192,-0.30055,0.9838,0.633318,0.444594,0.074202,0.9998,0.476203,0.453984,-0.072615,0.9999,0.638226,0.590757,0.222794,0.974,0.430156,0.6157,0.029982,0.995,0.622595,0.706607,0.397946,0.9712,0.402869,0.745719,0.164164,0.9677,0.594263,0.719847,0.410953,0.9543,0.385753,0.761236,0.172604,0.8889,0.74741,0.752069,0.364201,0.9335,0.463642,0.807701,0.083093,0.7527
tadasana_zen_0127,tadasana,step 1,ZEN,external,wrong,Legs,CC BY 4.0,data/datasets/yoga_for_all/tadasana/wrong/step_1-_Legs/20230312_104738.jpg,True,472,1024,True,0.9999,0.9815,179.365,178.621,162.544,175.243,20.062,17.799,166.644,170.9,174.005,172.898,178.621,179.365,162.544,175.243,172.898,174.005,166.644,170.9,11.822,15.532,166.644,179.365,162.544,11.822,1.277,-1.277,8.492,0.535,0.915,82.472,-0.9998,-0.4032,0.5645,0.6523,0.42614,0.321774,-0.335039,1.0,0.44152,0.311422,-0.332184,0.9999,0.450587,0.311146,-0.331687,0.9999,0.458902,0.311019,-0.331651,0.9999,0.420369,0.312551,-0.319831,0.9999,0.415399,0.312923,-0.320841,0.9999,0.410567,0.313378,-0.3199,0.9999,0.481922,0.317339,-0.26281,0.9999,0.414082,0.319124,-0.218106,0.9999,0.445899,0.331622,-0.308329,1.0,0.417219,0.333124,-0.294434,1.0,0.579786,0.382605,-0.21885,1.0,0.364653,0.383532,-0.173099,1.0,0.624699,0.464213,-0.218789,0.9962,0.337146,0.46038,-0.144983,0.9829,0.615514,0.539433,-0.288662,0.9931,0.324781,0.531038,-0.226059,0.9826,0.614199,0.563464,-0.321949,0.9864,0.316179,0.555779,-0.250099,0.9686,0.596549,0.561699,-0.346359,0.9867,0.331076,0.555044,-0.275408,0.9698,0.591123,0.555181,-0.297457,0.985,0.340012,0.548532,-0.239006,0.9704,0.54592,0.535543,-0.01497,0.9999,0.413214,0.534566,0.016143,0.9999,0.572281,0.627487,0.021484,0.9896,0.411024,0.620892,0.138908,0.9851,0.596144,0.70417,0.229636,0.9883,0.412854,0.689122,0.334869,0.9815,0.587817,0.709426,0.245018,0.8593,0.430855,0.696855,0.34994,0.9054,0.591324,0.748273,0.141596,0.9754,0.349835,0.730866,0.277403,0.9733
tadasana_zen_0128,tadasana,step 1,ZEN,external,wrong,Legs,CC BY 4.0,data/datasets/yoga_for_all/tadasana/wrong/step_1-_Legs/20230312_104749.jpg,True,472,1024,True,0.9992,0.0789,177.995,177.598,172.615,140.817,17.0,17.193,168.559,170.856,172.121,174.292,177.598,177.995,140.817,172.615,172.121,174.292,168.559,170.856,2.589,13.869,168.559,177.995,172.615,13.869,1.007,1.007,14.054,5.219,1.882,84.55,-0.9998,-0.2649,0.5651,0.6444,0.475287,0.306348,0.087868,0.9986,0.474229,0.294003,0.047132,0.9988,0.470941,0.293558,0.047537,0.9989,0.467047,0.293177,0.047559,0.9986,0.48797,0.294177,0.058848,0.9983,0.494097,0.293881,0.057874,0.9984,0.500985,0.293766,0.058514,0.9981,0.471194,0.297277,-0.075984,0.9989,0.52374,0.299019,-0.034051,0.9989,0.473969,0.315833,0.052094,0.999,0.489853,0.316951,0.064414,0.9989,0.397814,0.349786,-0.133256,0.9998,0.654474,0.360593,-0.039828,0.9992,0.34913,0.46513,-0.157515,0.9636,0.689084,0.462513,0.034025,0.6202,0.337266,0.551469,-0.061766,0.6447,0.620662,0.516513,0.178382,0.0789,0.337776,0.569162,-0.054217,0.5038,0.605493,0.531723,0.202589,0.0614,0.352111,0.566915,-0.046795,0.4722,0.594661,0.528907,0.201576,0.0578,0.355646,0.561376,-0.057378,0.3976,0.595074,0.51951,0.181906,0.0655,0.44074,0.538332,-0.039902,0.9998,0.597487,0.540707,0.040855,0.9994,0.416374,0.656043,0.138462,0.9763,0.600633,0.638848,0.265491,0.7449,0.400994,0.773788,0.284821,0.9668,0.612769,0.737389,0.423934,0.7552,0.409689,0.794299,0.299398,0.9575,0.615201,0.759532,0.444641,0.8144,0.346008,0.766246,0.310752,0.7966,0.583311,0.732305,0.483632,0.4916
tadasana_zen_0129,tadasana,step 1,ZEN,external,wrong,Legs,CC BY 4.0,data/datasets/yoga_for_all/tadasana/wrong/step_1-_Legs/20230312_104800(0).jpg,True,472,1024,True,0.9965,0.1239,171.442,179.732,166.747,159.397,2.433,11.098,168.382,165.474,173.556,173.383,171.442,179.732,159.397,166.747,173.383,173.556,165.474,168.382,1.242,3.473,165.474,179.732,159.397,1.242,5.483,-5.483,29.608,3.338,12.694,81.354,-0.9954,-0.2681,0.2403,0.2377,0.592757,0.342865,-0.182724,0.9976,0.586694,0.330445,-0.177123,0.9956,0.585737,0.330293,-0.176422,0.9953,0.583913,0.330035,-0.176266,0.9948,0.57701,0.328903,-0.208051,0.9963,0.57041,0.327745,-0.20873,0.9965,0.563021,0.326379,-0.208031,0.9967,0.54804,0.331207,-0.099721,0.9957,0.524239,0.327862,-0.253124,0.9977,0.574839,0.35432,-0.149164,0.998,0.565754,0.353373,-0.191519,0.9988,0.522559,0.398716,0.012845,0.9985,0.418015,0.395906,-0.304744,0.9999,0.5245,0.493883,0.07579,0.1239,0.404114,0.509137,-0.323009,0.9958,0.564104,0.568251,0.04517,0.2524,0.471516,0.608496,-0.310756,0.9813,0.584014,0.596516,0.041465,0.2722,0.473133,0.637196,-0.34288,0.9637,0.589338,0.596305,0.013192,0.2852,0.50368,0.635178,-0.337271,0.963,0.57946,0.589995,0.033329,0.2828,0.509831,0.626395,-0.308181,0.9562,0.54479,0.596089,0.102329,0.9965,0.479976,0.602818,-0.100551,0.9993,0.512128,0.695095,0.286406,0.6513,0.450883,0.717534,0.066773,0.958,0.458203,0.775372,0.453757,0.7235,0.423459,0.821457,0.235004,0.9446,0.421855,0.796267,0.466987,0.8266,0.394598,0.833064,0.247001,0.8884,0.548321,0.809098,0.44248,0.8326,0.519477,0.867292,0.185751,0.9144
tadasana_zen_0130,tadasana,step 1,ZEN,external,wrong,Legs,CC BY 4.0,data/datasets/yoga_for_all/tadasana/wrong/step_1-_Legs/20230312_104818.jpg,True,472,1024,True,0.9999,0.9384,171.802,172.322,151.647,154.834,17.804,20.095,161.74,165.079,176.276,178.598,171.802,172.322,151.647,154.834,176.276,178.598,161.74,165.079,5.238,8.099,161.74,171.802,151.647,5.238,0.369,-0.369,6.058,2.153,1.043,80.702,-1.0,-0.351,0.5258,0.7146,0.457713,0.35813,-0.361822,0.9999,0.472659,0.347448,-0.353478,0.9995,0.48235,0.347021,-0.352917,0.9995,0.490002,0.346956,-0.352942,0.9995,0.446301,0.348145,-0.348545,0.9996,0.438504,0.348052,-0.349657,0.9995,0.429743,0.348189,-0.348974,0.9995,0.508909,0.352207,-0.257592,0.9995,0.42281,0.353397,-0.248076,0.9996,0.478171,0.368701,-0.324698,1.0,0.442517,0.369838,-0.321091,1.0,0.598924,0.413934,-0.201023,0.9999,0.361666,0.409822,-0.20952,0.9999,0.627159,0.497595,-0.191922,0.9926,0.330252,0.487243,-0.196975,0.9912,0.578101,0.561415,-0.268275,0.9903,0.369471,0.556779,-0.287301,0.9864,0.573672,0.584981,-0.313418,0.9841,0.380058,0.57921,-0.319617,0.9761,0.547959,0.579282,-0.332307,0.9842,0.404588,0.574392,-0.333717,0.9763,0.543337,0.572072,-0.27613,0.9813,0.407213,0.56742,-0.294343,0.9753,0.547046,0.565565,0.004138,0.9999,0.417822,0.564481,-0.00273,0.9999,0.577495,0.651293,0.051739,0.9673,0.402065,0.641029,0.11213,0.9597,0.579236,0.693113,0.326508,0.9507,0.405716,0.683712,0.355614,0.9384,0.562258,0.696072,0.349182,0.7965,0.421171,0.688541,0.376112,0.7702,0.591085,0.740013,0.270283,0.9278,0.362734,0.727467,0.308081,0.9245
tadasana_zen_0131,tadasana,step 1,ZEN,external,wrong,Legs,CC BY 4.0,data/datasets/yoga_for_all/tadasana/wrong/step_1-_Legs/20230312_104827.jpg,True,472,1024,True,0.9991,0.0508,172.053,160.531,177.274,125.475,18.876,15.008,170.689,174.65,164.075,164.013,160.531,172.053,125.475,177.274,164.013,164.075,170.689,174.65,5.052,18.25,170.689,172.053,177.274,18.25,4.556,4.556,15.766,8.117,4.058,73.716,-0.9968,-0.5164,0.515,0.5762,0.431019,0.336786,-0.112407,0.9999,0.441303,0.326738,-0.145857,0.9999,0.440414,0.327641,-0.145348,0.9999,0.439136,0.328672,-0.145591,0.9999,0.452161,0.32548,-0.123105,0.9999,0.458692,0.325653,-0.12404,0.9999,0.464738,0.325914,-0.12359,0.9999,0.460661,0.338289,-0.237931,0.9999,0.500905,0.336169,-0.143924,0.9999,0.434816,0.351122,-0.14116,0.9999,0.447989,0.351005,-0.115649,0.9999,0.407673,0.439184,-0.288043,0.9999,0.635138,0.424231,-0.104825,0.9996,0.329378,0.560619,-0.263893,0.9653,0.652131,0.534209,-0.003396,0.193,0.309795,0.5973,-0.143274,0.6924,0.540333,0.576763,0.098661,0.0508,0.29838,0.605016,-0.15941,0.6289,0.528512,0.583012,0.113969,0.0584,0.309061,0.614185,-0.154488,0.6173,0.510843,0.581221,0.104475,0.0606,0.316885,0.611693,-0.141241,0.5799,0.510531,0.581091,0.095102,0.0713,0.423346,0.617113,-0.070862,0.9999,0.556117,0.612771,0.071923,0.9991,0.394596,0.725264,0.188835,0.9716,0.51334,0.680267,0.358852,0.4462,0.398148,0.822828,0.409047,0.9662,0.521409,0.747112,0.590548,0.5322,0.41022,0.846953,0.429699,0.9214,0.533711,0.76827,0.614701,0.5863,0.321659,0.797623,0.448486,0.8154,0.441121,0.729902,0.679708,0.4282
tadasana_zen_0132,tadasana,step 1,ZEN,external,wrong,Legs,CC BY 4.0,data/datasets/yoga_for_all/tadasana/wrong/step_1-_Legs/20230312_104838.jpg,True,472,1024,True,0.9984,0.0311,176.502,172.506,149.49,164.082,6.092,10.608,173.958,178.534,168.892,168.756,172.506,176.502,149.49,164.082,168.756,168.892,173.958,178.534,7.216,14.675,178.534,172.506,164.082,14.675,0.303,-0.303,17.652,20.874,23.287,87.85,-1.0,-0.4472,0.3028,0.3499,0.500795,0.310909,-0.113059,0.9971,0.484914,0.298711,-0.117169,0.9956,0.480916,0.29866,-0.115887,0.9956,0.476056,0.29854,-0.116304,0.9954,0.486852,0.298993,-0.147466,0.9956,0.484337,0.299204,-0.148,0.9954,0.481539,0.299415,-0.147231,0.9951,0.437636,0.30593,-0.090073,0.9969,0.445336,0.308326,-0.237879,0.9966,0.485097,0.324836,-0.096356,0.9981,0.486724,0.325229,-0.137945,0.9981,0.334774,0.371845,0.011479,0.9994,0.447093,0.391588,-0.288545,0.9995,0.327477,0.459394,0.026734,0.0341,0.477085,0.501379,-0.21058,0.9585,0.39764,0.519433,0.040038,0.0311,0.509609,0.536537,-0.084754,0.8517,0.406397,0.53148,0.043621,0.0457,0.516909,0.548097,-0.108549,0.8292,0.417172,0.528147,0.040167,0.0473,0.519163,0.542616,-0.105721,0.8187,0.415368,0.525606,0.036485,0.0482,0.513053,0.535582,-0.085064,0.7904,0.358603,0.533283,0.096402,0.9984,0.426901,0.546832,-0.09486,0.999,0.352588,0.607152,0.347759,0.1902,0.421067,0.625193,0.150917,0.8155,0.339972,0.665953,0.567769,0.266,0.391259,0.70766,0.386098,0.7741,0.321804,0.682329,0.587263,0.4655,0.371631,0.724976,0.404365,0.8474,0.408131,0.664501,0.616684,0.4652,0.482212,0.707524,0.392094,0.7212
tadasana_zen_0133,tadasana,step 2,ZEN,external,wrong,Legs and Hand,CC BY 4.0,data/datasets/yoga_for_all/tadasana/wrong/step_2-_Legs_and_Hand/20230312_105411(0).jpg,True,472,1024,True,0.9966,0.9511,177.626,171.806,95.14,98.468,142.247,142.682,176.336,165.418,11.846,0.699,171.806,177.626,95.14,98.468,0.699,11.846,165.418,176.336,163.311,172.132,165.418,171.806,95.14,163.311,1.846,-1.846,2.302,2.351,1.917,83.985,-0.9995,-0.4091,0.3718,0.6075,0.500694,0.225539,-0.257293,0.9998,0.508606,0.220478,-0.235935,0.9997,0.515125,0.219619,-0.235339,0.9997,0.522391,0.219525,-0.23561,0.9996,0.48803,0.221251,-0.237219,0.9997,0.480134,0.222029,-0.238151,0.9997,0.471425,0.22264,-0.237516,0.9996,0.530892,0.22472,-0.125552,0.9996,0.454003,0.230895,-0.142126,0.9996,0.511239,0.232873,-0.219039,0.9995,0.490184,0.235464,-0.223674,0.9995,0.596517,0.282849,-0.127738,0.9977,0.406264,0.286449,-0.149499,0.9966,0.65278,0.254644,-0.311489,0.9913,0.324683,0.24999,-0.348829,0.9951,0.562948,0.209079,-0.413452,0.9732,0.403951,0.199043,-0.446628,0.9511,0.528027,0.200067,-0.446375,0.9054,0.439936,0.194377,-0.477408,0.8393,0.520026,0.199988,-0.4268,0.8869,0.44759,0.192853,-0.447902,0.8076,0.528694,0.205079,-0.407964,0.8775,0.439405,0.19662,-0.442298,0.8045,0.569803,0.428161,0.01009,0.9997,0.453169,0.429961,-0.009348,0.9998,0.565849,0.516654,0.10369,0.9896,0.433184,0.51739,0.100349,0.993,0.555869,0.590733,0.301183,0.9844,0.43937,0.592322,0.287158,0.9844,0.539278,0.599074,0.314153,0.9067,0.450737,0.599843,0.298481,0.8664,0.573599,0.625293,0.212164,0.9724,0.417576,0.62593,0.196707,0.9707
tadasana_zen_0134,tadasana,step 2,ZEN,external,wrong,Legs and Hand,CC BY 4.0,data/datasets/yoga_for_all/tadasana/wrong/step_2-_Legs_and_Hand/20230312_105416.jpg,True,472,1024,True,0.9967,0.8427,177.483,171.634,154.09,146.896,120.02,108.209,173.236,174.747,67.903,59.43,171.634,177.483,146.896,154.09,59.43,67.903,173.236,174.747,105.831,123.383,173.236,177.483,154.09,105.831,1.994,1.994,15.873,13.512,0.359,87.56,-0.9994,-0.2512,0.3444,0.4908,0.520223,0.257734,-0.148074,0.9989,0.536041,0.249695,-0.155087,0.9987,0.543701,0.249237,-0.154607,0.9986,0.5497,0.248557,-0.154385,0.9983,0.513489,0.251171,-0.134387,0.9982,0.508797,0.252003,-0.13519,0.9977,0.504212,0.252763,-0.13418,0.9976,0.568248,0.252042,-0.138931,0.998,0.518873,0.258064,-0.053159,0.9973,0.539965,0.265217,-0.140001,0.9986,0.516854,0.267233,-0.114202,0.9973,0.645114,0.287493,-0.191518,0.9975,0.486221,0.305092,0.010136,0.9967,0.521477,0.245651,-0.344508,0.9949,0.365007,0.289707,-0.023338,0.8427,0.339415,0.230285,-0.373749,0.9811,0.294171,0.252803,-0.19888,0.8985,0.296091,0.232209,-0.401881,0.9557,0.271842,0.244944,-0.225854,0.8549,0.292922,0.237098,-0.393332,0.9512,0.281658,0.248409,-0.237308,0.8605,0.305368,0.239013,-0.368629,0.9363,0.292728,0.250775,-0.211064,0.8684,0.606518,0.449524,-0.059136,0.9993,0.50165,0.449827,0.059666,0.9996,0.608662,0.563115,-0.056377,0.9964,0.492079,0.553368,0.115963,0.9825,0.619387,0.656954,0.029744,0.9974,0.511398,0.639158,0.226505,0.9869,0.632591,0.668528,0.031363,0.9459,0.539009,0.650922,0.230924,0.944,0.569707,0.69557,-0.077905,0.9929,0.430056,0.668911,0.163226,0.989
tadasana_zen_0135,tadasana,step 2,ZEN,external,wrong,Legs and Hand,CC BY 4.0,data/datasets/yoga_for_all/tadasana/wrong/step_2-_Legs_and_Hand/20230312_105422(1).jpg,True,472,1024,True,0.9881,0.0328,169.716,174.316,40.861,120.658,71.624,0.642,171.397,176.406,147.944,152.623,169.716,174.316,40.861,120.658,147.944,152.623,171.397,176.406,20.511,39.504,171.397,169.716,40.861,39.504,0.927,-0.927,3.223,18.254,1.141,86.728,-0.9999,-0.3364,0.2696,0.5801,0.466052,0.133188,0.104653,0.9908,0.465626,0.119529,0.071097,0.9943,0.459824,0.118788,0.071631,0.9947,0.452821,0.117958,0.071742,0.995,0.484843,0.121839,0.083628,0.9922,0.493764,0.122786,0.082949,0.9913,0.501865,0.123703,0.083712,0.9912,0.45132,0.125018,-0.035637,0.9932,0.520492,0.133306,0.011108,0.9926,0.456314,0.144586,0.073253,0.9846,0.476767,0.149101,0.085992,0.9835,0.348246,0.186973,-0.117806,0.9989,0.61005,0.226775,0.045797,0.9881,0.169019,0.226951,-0.064193,0.9585,0.589742,0.297792,0.135586,0.166,0.275943,0.240191,0.087034,0.4088,0.513351,0.312846,0.225184,0.0328,0.308657,0.247506,0.098868,0.3394,0.497529,0.319321,0.248922,0.0372,0.32631,0.24584,0.099275,0.3448,0.478221,0.314334,0.235996,0.04,0.320747,0.244488,0.092714,0.3576,0.479645,0.311531,0.222986,0.0465,0.415815,0.425227,-0.068135,0.9994,0.557864,0.42653,0.069755,0.9971,0.409362,0.572672,0.040602,0.961,0.541417,0.559129,0.200111,0.6289,0.459055,0.715224,0.090695,0.9408,0.551964,0.674561,0.314282,0.6104,0.478099,0.750097,0.09371,0.9529,0.564376,0.694808,0.328812,0.6612,0.343403,0.700359,0.094262,0.8315,0.467789,0.661099,0.352715,0.5695
tadasana_zen_0136,tadasana,step 2,ZEN,external,wrong,Legs and Hand,CC BY 4.0,data/datasets/yoga_for_all/tadasana/wrong/step_2-_Legs_and_Hand/20230312_105428.jpg,True,472,1024,True,0.9941,0.0096,167.815,172.123,138.414,36.56,35.836,63.861,173.749,174.339,113.277,132.751,167.815,172.123,36.56,138.414,113.277,132.751,173.749,174.339,46.918,53.204,174.339,172.123,36.56,46.918,6.619,-6.619,8.986,14.698,2.529,82.732,-0.9933,-0.3157,0.324,0.522,0.434034,0.142541,0.035504,0.9959,0.410621,0.130726,0.019103,0.9946,0.400143,0.131062,0.019422,0.994,0.39006,0.131597,0.019731,0.9937,0.429994,0.12961,-0.000661,0.9953,0.433655,0.129097,-0.001307,0.9952,0.437165,0.128546,-0.000722,0.9951,0.36459,0.139813,-0.011093,0.9953,0.426182,0.133465,-0.109417,0.9949,0.417437,0.155343,0.031889,0.9965,0.437672,0.153519,0.003684,0.9974,0.265336,0.228426,0.03343,0.9941,0.511638,0.198647,-0.159981,0.9977,0.385013,0.275783,0.150422,0.1262,0.700522,0.24075,-0.066676,0.8708,0.499773,0.274914,0.295193,0.0096,0.625797,0.24729,0.134173,0.2193,0.517975,0.278186,0.32268,0.0128,0.620468,0.240707,0.148754,0.2063,0.526087,0.270134,0.317496,0.0127,0.583759,0.235698,0.146661,0.1987,0.527256,0.269778,0.298457,0.0147,0.579382,0.240656,0.138625,0.193,0.374813,0.438311,0.070245,0.9943,0.51461,0.435465,-0.06873,0.9948,0.41044,0.567078,0.214721,0.5819,0.547522,0.57999,0.070142,0.8747,0.388337,0.685487,0.334455,0.6936,0.538354,0.708439,0.197705,0.8938,0.372912,0.703083,0.346003,0.7495,0.526322,0.731664,0.211335,0.8978,0.44165,0.667033,0.365065,0.671,0.631651,0.69507,0.210113,0.7912
tadasana_zen_0137,tadasana,step 2,ZEN,external,wrong,Legs and Hand,CC BY 4.0,data/datasets/yoga_for_all/tadasana/wrong/step_2-_Legs_and_Hand/20230312_105435.jpg,True,472,1024,True,0.9976,0.8932,168.007,177.704,132.597,135.642,110.53,143.345,172.227,175.589,55.742,62.334,168.007,177.704,132.597,135.642,55.742,62.334,172.227,175.589,111.565,128.881,175.589,177.704,135.642,111.565,1.202,-1.202,9.04,14.059,8.44,86.849,-0.9998,-0.2341,0.3066,0.5114,0.536781,0.248828,-0.148647,0.9996,0.535595,0.241258,-0.129874,0.9992,0.539233,0.241644,-0.129093,0.9992,0.550131,0.242582,-0.129389,0.9992,0.513837,0.238282,-0.138532,0.9992,0.506469,0.237533,-0.139414,0.9991,0.492686,0.23611,-0.138745,0.9989,0.541052,0.246046,-0.016933,0.9993,0.463151,0.241108,-0.072149,0.9989,0.537556,0.257456,-0.106295,0.9993,0.516276,0.255269,-0.122576,0.9992,0.582137,0.300453,0.035847,0.9991,0.394562,0.278802,-0.132138,0.9976,0.714253,0.283098,-0.082603,0.9302,0.443726,0.240412,-0.284962,0.9979,0.754258,0.246419,-0.208906,0.9425,0.669577,0.212344,-0.25327,0.9758,0.768775,0.234966,-0.239523,0.8886,0.726635,0.216613,-0.274224,0.9218,0.750721,0.231074,-0.234936,0.8797,0.72938,0.21693,-0.247514,0.905,0.735096,0.233076,-0.21042,0.8804,0.709581,0.217466,-0.244653,0.8935,0.554164,0.459914,0.064383,0.9996,0.438401,0.467831,-0.063724,0.9995,0.566884,0.56642,0.123336,0.9132,0.446248,0.590398,0.00559,0.9934,0.536566,0.656259,0.291537,0.8932,0.443999,0.688425,0.095357,0.9873,0.506736,0.668887,0.303364,0.8859,0.427076,0.699054,0.097941,0.9075,0.615801,0.690932,0.257992,0.9165,0.494217,0.738452,0.002943,0.9724
tadasana_zen_0138,tadasana,step 2,ZEN,external,wrong,Legs and Hand,CC BY 4.0,data/datasets/yoga_for_all/tadasana/wrong/step_2-_Legs_and_Hand/20230312_105445.jpg,True,472,1024,True,0.9985,0.9665,177.065,176.046,38.522,45.242,105.352,112.711,174.975,169.214,44.392,12.6,176.046,177.065,38.522,45.242,12.6,44.392,169.214,174.975,133.759,178.257,174.975,177.065,38.522,133.759,4.548,-4.548,0.225,3.629,5.098,86.823,-0.9969,-0.3227,0.3977,0.6223,0.473255,0.38139,-0.261463,0.9998,0.486395,0.37501,-0.244743,0.9995,0.493839,0.375349,-0.244075,0.9996,0.500904,0.375626,-0.244203,0.9996,0.46457,0.37396,-0.241821,0.9995,0.457468,0.373864,-0.242852,0.9994,0.450612,0.373901,-0.24225,0.9993,0.512262,0.378828,-0.142616,0.9997,0.435622,0.380444,-0.142606,0.9995,0.487673,0.391152,-0.225747,0.9998,0.460466,0.389975,-0.224889,0.9997,0.577511,0.424458,-0.159722,0.9994,0.385994,0.430057,-0.132038,0.9985,0.62935,0.41872,-0.424551,0.9968,0.276233,0.419438,-0.348674,0.9944,0.51146,0.39336,-0.574106,0.9888,0.367411,0.391738,-0.527296,0.9665,0.464815,0.388284,-0.606319,0.9622,0.402975,0.386129,-0.567819,0.9019,0.458486,0.390952,-0.581473,0.956,0.413056,0.386498,-0.541248,0.881,0.468286,0.393788,-0.566325,0.9401,0.406563,0.389895,-0.52459,0.8591,0.567572,0.566418,-0.007458,0.9999,0.444837,0.571465,0.008189,0.9998,0.578388,0.656248,0.031228,0.9927,0.445077,0.659799,0.095849,0.9902,0.579096,0.73348,0.255918,0.9856,0.456479,0.734483,0.306349,0.9774,0.565656,0.737593,0.270148,0.7751,0.469863,0.740184,0.318676,0.7735,0.585244,0.774215,0.160016,0.977,0.4316,0.773893,0.214021,0.9695
tadasana_zen_0139,tadasana,step 2,ZEN,external,wrong,Legs and Hand,CC BY 4.0,data/datasets/yoga_for_all/tadasana/wrong/step_2-_Legs_and_Hand/20230312_105457.jpg,True,472,1024,True,0.9859,0.015,175.567,178.839,27.827,49.221,80.347,9.64,164.838,160.676,34.914,147.354,175.567,178.839,27.827,49.221,34.914,147.354,160.676,164.838,22.705,138.638,164.838,175.567,27.827,138.638,1.712,1.712,0.635,1.992,0.972,80.616,-0.9996,-0.3407,0.7268,0.6789,0.475632,0.33826,0.046451,0.993,0.465039,0.330092,0.00852,0.9919,0.455946,0.330234,0.008929,0.9929,0.446134,0.330344,0.009156,0.9929,0.490078,0.330216,0.011696,0.9903,0.498552,0.330566,0.011023,0.9895,0.508158,0.331152,0.011298,0.9876,0.430546,0.338726,-0.093278,0.9968,0.52695,0.34191,-0.092841,0.9925,0.460463,0.352171,0.019688,0.9965,0.489229,0.352297,0.019274,0.9963,0.328417,0.402858,-0.097581,0.9975,0.617545,0.407495,-0.080296,0.9859,0.292915,0.407582,0.012521,0.3525,0.61691,0.463381,0.05991,0.1619,0.379431,0.369168,0.192502,0.1405,0.567476,0.443518,0.26883,0.015,0.387018,0.362443,0.212152,0.176,0.568051,0.441566,0.297293,0.0235,0.411835,0.357979,0.203852,0.1753,0.553204,0.436055,0.295227,0.0235,0.4138,0.362589,0.195737,0.1658,0.546238,0.43737,0.275406,0.0272,0.37697,0.600872,-0.002491,0.9996,0.543526,0.602174,0.003861,0.9984,0.338509,0.71654,0.109673,0.8326,0.573761,0.686505,0.192667,0.5012,0.31985,0.831451,0.214114,0.7587,0.614581,0.787582,0.34314,0.4318,0.318177,0.854443,0.226403,0.7914,0.61749,0.812668,0.362837,0.5627,0.29325,0.820158,0.243015,0.5223,0.628945,0.786967,0.403304,0.3203
tadasana_zen_0140,tadasana,step 2,ZEN,external,wrong,Legs and Hand,CC BY 4.0,data/datasets/yoga_for_all/tadasana/wrong/step_2-_Legs_and_Hand/20230312_105506(0).jpg,True,472,1024,True,0.9792,0.1376,175.831,179.437,172.49,178.179,82.82,83.506,163.95,165.665,86.702,85.834,175.831,179.437,172.49,178.179,85.834,86.702,163.95,165.665,84.516,86.349,165.665,179.437,178.179,84.516,8.322,-8.322,10.553,2.378,4.962,80.899,-0.9895,-0.2973,0.36,0.2334,0.458997,0.348931,-0.085911,0.9962,0.45097,0.339233,-0.075671,0.994,0.451914,0.339255,-0.075118,0.9938,0.452148,0.339323,-0.074829,0.9932,0.438431,0.339875,-0.101239,0.9951,0.431051,0.340263,-0.101852,0.995,0.422637,0.340643,-0.10193,0.9949,0.424074,0.346572,0.010809,0.994,0.388135,0.348024,-0.12216,0.9962,0.457951,0.360104,-0.052909,0.9945,0.445454,0.36151,-0.09047,0.9961,0.445212,0.400977,0.096396,0.9792,0.358064,0.399308,-0.191663,0.9957,0.559392,0.401189,0.125067,0.1376,0.513684,0.395353,-0.270354,0.9846,0.659777,0.395278,0.039607,0.2445,0.707096,0.387589,-0.253446,0.8599,0.70194,0.389627,0.019493,0.2809,0.757084,0.383919,-0.277684,0.7945,0.67787,0.389151,-0.000358,0.2863,0.756155,0.381285,-0.272671,0.7746,0.666948,0.392113,0.027591,0.3018,0.739466,0.384291,-0.251153,0.7214,0.489704,0.569235,0.09159,0.9864,0.421756,0.571954,-0.090358,0.9902,0.455029,0.669007,0.228309,0.289,0.401818,0.684118,-0.04724,0.8943,0.440073,0.748894,0.389859,0.3403,0.377954,0.803899,-0.00226,0.8294,0.410936,0.7552,0.399829,0.5372,0.356396,0.816913,-0.003382,0.7249,0.520516,0.778104,0.367145,0.497,0.460798,0.848407,-0.102991,0.6378
tadasana_zen_0141,tadasana,step 2,ZEN,external,wrong,Legs and Hand,CC BY 4.0,data/datasets/yoga_for_all/tadasana/wrong/step_2-_Legs_and_Hand/20230312_105520.jpg,True,472,1024,True,0.9997,0.9549,163.311,173.332,68.251,7.722,78.424,77.925,163.851,160.162,119.54,165.666,163.311,173.332,7.722,68.251,119.54,165.666,160.162,163.851,19.637,64.693,160.162,173.332,7.722,19.637,0.491,-0.491,3.079,1.802,0.31,75.465,-1.0,-0.2209,0.6888,0.5641,0.507868,0.425273,-0.26648,0.9999,0.516841,0.416586,-0.254957,0.9998,0.522349,0.416398,-0.25441,0.9998,0.529387,0.41632,-0.254409,0.9998,0.495292,0.416888,-0.257988,0.9998,0.486894,0.416931,-0.258981,0.9997,0.479547,0.417114,-0.258096,0.9998,0.540388,0.420813,-0.143079,0.9997,0.459495,0.421962,-0.169452,0.9998,0.521576,0.436057,-0.222675,0.9999,0.495192,0.435183,-0.228631,0.9999,0.590483,0.457951,-0.113818,0.9997,0.401962,0.460684,-0.161091,0.9997,0.671771,0.46856,-0.303254,0.971,0.306484,0.474458,-0.355668,0.9976,0.659427,0.47596,-0.511576,0.9822,0.398319,0.467255,-0.513128,0.9906,0.638873,0.481869,-0.557797,0.9637,0.436596,0.471647,-0.555288,0.9722,0.617191,0.475152,-0.557955,0.9608,0.45444,0.468532,-0.535329,0.9695,0.612085,0.475154,-0.516536,0.9562,0.448012,0.467614,-0.510451,0.9644,0.565495,0.613586,0.013521,0.9998,0.432683,0.613254,-0.01266,0.9999,0.603516,0.696632,0.032831,0.975,0.384147,0.699542,0.043289,0.9883,0.593331,0.752859,0.336784,0.9549,0.36453,0.764975,0.271066,0.9808,0.57727,0.756347,0.362396,0.8043,0.375779,0.768444,0.288104,0.8251,0.624311,0.797831,0.293695,0.937,0.325837,0.808214,0.207474,0.9591
tadasana_zen_0142,tadasana,step 2,ZEN,external,wrong,Legs and Hand,CC BY 4.0,data/datasets/yoga_for_all/tadasana/wrong/step_2-_Legs_and_Hand/20230312_105525.jpg,True,472,1024,True,0.9896,0.4328,178.903,173.494,160.393,157.607,67.739,77.005,159.001,177.628,91.88,94.417,173.494,178.903,157.607,160.393,91.88,94.417,159.001,177.628,78.935,87.117,159.001,178.903,160.393,78.935,4.044,4.044,9.471,3.317,6.495,78.186,-0.9975,-0.2514,0.6489,0.5283,0.456446,0.370174,-0.342013,0.9978,0.475387,0.357661,-0.352109,0.9976,0.486952,0.357865,-0.35149,0.9978,0.498744,0.357771,-0.351639,0.9977,0.454511,0.356145,-0.331578,0.9969,0.450424,0.355632,-0.332515,0.9965,0.446282,0.355129,-0.331292,0.9961,0.532336,0.36124,-0.319697,0.9973,0.463869,0.359321,-0.232904,0.9943,0.482257,0.383572,-0.326237,0.9983,0.452103,0.381659,-0.300431,0.9971,0.612856,0.412829,-0.336054,0.9979,0.406145,0.418351,-0.141128,0.9896,0.427499,0.432672,-0.434278,0.9919,0.253737,0.436557,-0.159625,0.4328,0.176529,0.419429,-0.471693,0.9812,0.125,0.428361,-0.34416,0.5884,0.108441,0.418793,-0.516806,0.9639,0.067802,0.422505,-0.379434,0.5982,0.099698,0.409194,-0.50888,0.9642,0.074531,0.419584,-0.403529,0.6146,0.120847,0.410075,-0.469187,0.9499,0.092509,0.421422,-0.362119,0.6341,0.547457,0.599255,-0.047408,0.9995,0.416257,0.592369,0.047952,0.9971,0.590719,0.69459,0.065374,0.9807,0.413938,0.665466,0.250929,0.8836,0.636591,0.786831,0.297256,0.9834,0.425928,0.721149,0.521731,0.9038,0.635731,0.791422,0.315689,0.8669,0.44873,0.734153,0.547875,0.7831,0.608804,0.839138,0.225172,0.9664,0.347477,0.75031,0.516373,0.9098
tadasana_zen_0143,tadasana,step 2,ZEN,external,wrong,Legs and Hand,CC BY 4.0,data/datasets/yoga_for_all/tadasana/wrong/step_2-_Legs_and_Hand/20230312_105538(0).jpg,True,472,1024,True,0.9955,0.0586,173.824,155.754,144.092,76.237,121.109,130.858,156.404,154.576,18.835,13.801,155.754,173.824,76.237,144.092,13.801,18.835,154.576,156.404,146.724,158.732,156.404,173.824,76.237,158.732,3.804,-3.804,0.848,0.95,2.931,72.043,-0.9978,-0.3988,0.5448,0.7907,0.382529,0.307261,-0.029852,0.9984,0.365132,0.298055,-0.067557,0.9976,0.35333,0.298818,-0.067071,0.9977,0.341226,0.299536,-0.066686,0.9973,0.399036,0.296841,-0.070352,0.9975,0.41055,0.296968,-0.070815,0.9974,0.4222,0.29718,-0.070434,0.9969,0.321571,0.310297,-0.150042,0.998,0.445977,0.311428,-0.173377,0.9976,0.367786,0.321302,-0.046491,0.9978,0.40255,0.321707,-0.054609,0.9977,0.220649,0.385773,-0.119922,0.9955,0.563978,0.388397,-0.156261,0.9957,0.25486,0.369699,0.043503,0.3127,0.618916,0.371705,0.022727,0.3782,0.272419,0.315818,0.221497,0.0586,0.536249,0.336363,0.192168,0.136,0.270066,0.297799,0.236915,0.1103,0.530286,0.323473,0.193799,0.2615,0.294014,0.297844,0.220755,0.1096,0.504062,0.3239,0.178902,0.2695,0.31928,0.305543,0.222247,0.1121,0.49296,0.326508,0.192807,0.2543,0.334113,0.588868,0.00343,0.9999,0.508141,0.584762,-0.001945,0.9998,0.311086,0.654724,0.255743,0.5414,0.54471,0.636773,0.263521,0.3481,0.302838,0.727766,0.449767,0.6742,0.530173,0.69757,0.485056,0.5801,0.305902,0.747167,0.475265,0.7742,0.528053,0.721393,0.511404,0.7824,0.286727,0.70983,0.542157,0.2977,0.533377,0.690089,0.587834,0.2837
tadasana_zen_0144,tadasana,step 2,ZEN,external,wrong,Legs and Hand,CC BY 4.0,data/datasets/yoga_for_all/tadasana/wrong/step_2-_Legs_and_Hand/20230312_105544.jpg,True,472,1024,True,0.9867,0.044,173.308,166.848,174.465,147.186,52.746,46.23,175.984,172.441,118.529,106.665,166.848,173.308,147.186,174.465,106.665,118.529,172.441,175.984,55.501,60.17,172.441,166.848,147.186,60.17,9.345,-9.345,12.922,53.094,52.449,84.394,-0.9867,-0.4359,0.4207,0.438,0.376765,0.325925,-0.339561,0.9957,0.357582,0.313015,-0.331617,0.9944,0.354838,0.31247,-0.331163,0.9945,0.351385,0.311862,-0.331278,0.9942,0.349733,0.314224,-0.362834,0.9939,0.342442,0.314647,-0.363811,0.9928,0.333384,0.315216,-0.363215,0.992,0.308304,0.319467,-0.250792,0.9951,0.281814,0.325527,-0.40052,0.988,0.365832,0.341687,-0.30573,0.9974,0.354967,0.343491,-0.348227,0.9972,0.328634,0.365169,-0.113771,0.9995,0.242762,0.417875,-0.391789,0.9948,0.484522,0.40883,-0.019305,0.8314,0.467204,0.47907,-0.393335,0.9739,0.647305,0.44502,-0.086498,0.9607,0.66126,0.475621,-0.381547,0.9847,0.677458,0.447915,-0.129152,0.9265,0.695717,0.469123,-0.427753,0.9795,0.67547,0.450017,-0.172439,0.9312,0.685217,0.461429,-0.428019,0.9786,0.664657,0.45029,-0.110209,0.935,0.67129,0.462786,-0.386258,0.9644,0.364755,0.524384,0.087969,0.9867,0.31266,0.55562,-0.086801,0.989,0.371542,0.616067,0.291286,0.044,0.334878,0.659961,0.118208,0.3977,0.356869,0.697674,0.510489,0.0447,0.307084,0.756668,0.34051,0.5267,0.32649,0.711259,0.529214,0.0991,0.287133,0.770542,0.352194,0.4845,0.467247,0.716283,0.497694,0.3595,0.395032,0.78311,0.251888,0.6033
tadasana_zen_0145,tadasana,step 3,ZEN,external,wrong,Legs and Hand,CC BY 4.0,data/datasets/yoga_for_all/tadasana/wrong/step_3-_Legs_and_Hand/20230312_110419(0).jpg,True,472,1024,True,0.9957,0.9626,178.842,179.557,143.583,149.077,171.468,179.005,175.866,173.556,9.489,3.525,178.842,179.557,143.583,149.077,3.525,9.489,173.556,175.866,166.008,170.455,175.866,178.842,149.077,166.008,5.22,-5.22,1.114,5.17,6.04,85.922,-0.9959,-0.2597,0.3343,0.5338,0.530855,0.333886,-0.266621,0.9991,0.538799,0.327544,-0.248851,0.9986,0.54461,0.327204,-0.248286,0.9982,0.54997,0.327023,-0.248171,0.9985,0.521019,0.329259,-0.249515,0.9986,0.514146,0.329829,-0.250355,0.9982,0.507537,0.33031,-0.249783,0.9985,0.558876,0.33304,-0.148776,0.9975,0.499679,0.335977,-0.163644,0.9979,0.542959,0.34061,-0.230409,0.9977,0.521173,0.341454,-0.234887,0.9974,0.611526,0.36426,-0.146765,0.9957,0.46285,0.37046,-0.156455,0.9966,0.632934,0.298926,-0.214758,0.9889,0.434912,0.306952,-0.237496,0.9947,0.56694,0.241301,-0.24583,0.9626,0.479028,0.249403,-0.259667,0.9806,0.540427,0.234154,-0.275307,0.8991,0.500031,0.23925,-0.290496,0.9397,0.533523,0.235887,-0.271771,0.8899,0.507108,0.239417,-0.270751,0.9316,0.53847,0.2386,-0.248104,0.8972,0.502854,0.242858,-0.257871,0.931,0.611251,0.493358,-0.00514,0.9986,0.514011,0.4981,0.006219,0.9987,0.624798,0.580951,0.012403,0.9746,0.527736,0.588045,0.051499,0.9684,0.633424,0.658909,0.162675,0.9734,0.540621,0.664082,0.192017,0.9698,0.629525,0.667118,0.171135,0.8124,0.544414,0.672663,0.198661,0.8362,0.634879,0.693819,0.058767,0.954,0.521036,0.695192,0.099532,0.9502
tadasana_zen_0146,tadasana,step 3,ZEN,external,wrong,Legs and Hand,CC BY 4.0,data/datasets/yoga_for_all/tadasana/wrong/step_3-_Legs_and_Hand/20230312_110423.jpg,True,472,1024,True,0.9981,0.8976,178.499,173.728,159.843,150.991,172.598,161.152,171.462,177.937,9.841,4.785,173.728,178.499,150.991,159.843,4.785,9.841,171.462,177.937,163.101,175.698,171.462,178.499,159.843,163.101,3.384,3.384,15.322,6.736,1.14,87.454,-0.9983,-0.2287,0.2363,0.4167,0.561822,0.254644,-0.08141,0.9991,0.574103,0.248606,-0.081214,0.999,0.58108,0.248481,-0.080661,0.9989,0.587675,0.248248,-0.080489,0.9988,0.561625,0.248938,-0.060029,0.9988,0.558743,0.248974,-0.060665,0.9981,0.554861,0.249051,-0.059986,0.9987,0.612074,0.252289,-0.058128,0.9982,0.562094,0.255379,0.026145,0.9983,0.574823,0.263395,-0.0727,0.9977,0.560741,0.262309,-0.048946,0.9976,0.674718,0.286833,-0.108278,0.9981,0.533256,0.294535,0.076184,0.9984,0.673679,0.207177,-0.187438,0.9968,0.485543,0.23184,0.107891,0.8976,0.619699,0.140636,-0.175331,0.9815,0.509911,0.165982,0.060643,0.9413,0.585923,0.132308,-0.198239,0.9634,0.519261,0.1453,0.034263,0.8938,0.579809,0.132863,-0.191046,0.9583,0.533078,0.144794,0.042501,0.8859,0.589818,0.136154,-0.17241,0.9566,0.535815,0.151467,0.056472,0.8909,0.631552,0.447547,-0.059226,0.9993,0.536068,0.448423,0.060144,0.9995,0.63771,0.557362,-0.047557,0.9827,0.545633,0.547579,0.132113,0.9263,0.647825,0.64687,0.040502,0.9802,0.573971,0.631778,0.259419,0.9399,0.661773,0.659446,0.044562,0.8677,0.599819,0.647614,0.266779,0.8618,0.600659,0.682101,-0.063108,0.9687,0.499316,0.664826,0.19767,0.9495
tadasana_zen_0147,tadasana,step 3,ZEN,external,wrong,Legs and Hand,CC BY 4.0,data/datasets/yoga_for_all/tadasana/wrong/step_3-_Legs_and_Hand/20230312_110428.jpg,True,472,1024,True,0.9579,0.0819,160.743,157.728,114.732,176.361,175.357,167.473,173.07,176.393,155.764,172.878,157.728,160.743,114.732,176.361,155.764,172.878,173.07,176.393,154.975,166.213,173.07,160.743,114.732,154.975,177.127,-177.127,16.878,8.418,4.961,79.728,0.9987,0.2095,0.0925,0.2271,0.698619,0.741378,-0.003762,0.9943,0.68796,0.754295,-0.027071,0.997,0.68609,0.754596,-0.026875,0.9962,0.684297,0.754727,-0.026675,0.9969,0.691876,0.760912,-0.005466,0.9956,0.688301,0.760616,-0.006485,0.9924,0.685451,0.76076,-0.005416,0.9949,0.683798,0.75278,-0.08378,0.997,0.672904,0.747226,0.003455,0.9935,0.694788,0.729335,-0.018312,0.9924,0.690347,0.729895,0.006898,0.9905,0.704776,0.695369,-0.118119,0.9911,0.588509,0.687438,0.069449,0.9579,0.721009,0.774061,-0.070809,0.9407,0.601889,0.747508,0.198364,0.1462,0.594937,0.807833,0.0599,0.717,0.613349,0.779069,0.262197,0.0819,0.589577,0.837075,0.062328,0.6412,0.607577,0.787086,0.267313,0.0958,0.581811,0.82396,0.05619,0.6489,0.605193,0.783632,0.256903,0.0974,0.584476,0.820682,0.062394,0.6667,0.61081,0.780465,0.259272,0.1006,0.697513,0.452166,-0.076599,0.9979,0.647647,0.454161,0.077813,0.9956,0.736681,0.284364,-0.012356,0.8114,0.707295,0.302451,0.147126,0.1708,0.659122,0.130929,0.051659,0.7189,0.637258,0.150565,0.217943,0.2249,0.630215,0.106446,0.058315,0.8537,0.604769,0.12776,0.223802,0.3888,0.696821,0.10218,0.03234,0.677,0.694528,0.1151,0.203754,0.2876
tadasana_zen_0148,tadasana,step 3,ZEN,external,wrong,Legs and Hand,CC BY 4.0,data/datasets/yoga_for_all/tadasana/wrong/step_3-_Legs_and_Hand/20230312_110433.jpg,True,472,1024,True,0.9984,0.8028,175.87,177.415,132.841,143.215,169.291,178.231,171.779,175.372,16.754,7.735,175.87,177.415,132.841,143.215,7.735,16.754,171.779,175.372,158.547,166.813,171.779,175.87,132.841,166.813,8.713,8.713,0.702,8.004,12.332,78.212,-0.9885,-0.1503,0.3401,0.5221,0.634592,0.219929,0.047039,0.9991,0.624086,0.209612,0.018778,0.9988,0.615904,0.208316,0.019306,0.9988,0.607707,0.206938,0.019242,0.9988,0.646926,0.211714,0.018873,0.9988,0.654946,0.212047,0.018176,0.9987,0.663436,0.212394,0.018875,0.9985,0.594957,0.207609,-0.053989,0.9989,0.670488,0.215588,-0.06677,0.9986,0.621701,0.225071,0.030402,0.9992,0.644478,0.227289,0.026866,0.9992,0.484261,0.246872,-0.079175,0.9992,0.749615,0.264071,-0.050548,0.9985,0.45938,0.155344,-0.059646,0.9736,0.788881,0.178545,-0.003456,0.9158,0.591361,0.082887,-0.056456,0.9547,0.697635,0.08767,0.004657,0.963,0.607734,0.065553,-0.071389,0.9405,0.684186,0.069609,-0.005257,0.9518,0.624553,0.07218,-0.075812,0.9374,0.674383,0.073923,-0.018223,0.9508,0.622654,0.080963,-0.056031,0.9255,0.673378,0.083115,0.002031,0.9384,0.45266,0.480579,-0.010272,0.999,0.625722,0.498018,0.011813,0.9984,0.38402,0.632188,0.062374,0.969,0.576374,0.640183,0.132622,0.8481,0.342882,0.773218,0.120408,0.907,0.5174,0.771738,0.186853,0.8028,0.347566,0.796361,0.124237,0.9179,0.499481,0.793897,0.191815,0.8799,0.321378,0.76203,0.122841,0.7112,0.5167,0.759109,0.200954,0.6324
tadasana_zen_0149,tadasana,step 3,ZEN,external,wrong,Legs and Hand,CC BY 4.0,data/datasets/yoga_for_all/tadasana/wrong/step_3-_Legs_and_Hand/20230312_110444.jpg,True,472,1024,True,0.9943,0.9462,173.636,175.775,150.844,143.999,163.495,179.117,174.782,164.248,5.724,14.213,173.636,175.775,143.999,150.844,5.724,14.213,164.248,174.782,159.595,178.62,164.248,175.775,143.999,159.595,1.001,-1.001,12.884,4.604,2.526,80.438,-0.9998,-0.2345,0.2661,0.4986,0.722951,0.270775,-0.187563,0.9992,0.732581,0.260786,-0.168925,0.9986,0.738211,0.261437,-0.168199,0.9985,0.744322,0.262379,-0.16822,0.9982,0.706168,0.260162,-0.181264,0.9989,0.693103,0.260046,-0.181973,0.9989,0.678398,0.259919,-0.181524,0.9988,0.742983,0.273074,-0.063882,0.9976,0.641579,0.266164,-0.134475,0.9986,0.727956,0.285842,-0.148528,0.9968,0.697468,0.285162,-0.168937,0.9975,0.790284,0.328809,-0.046575,0.9943,0.544402,0.319683,-0.154775,0.9954,0.866626,0.236414,-0.083317,0.9851,0.522756,0.212316,-0.252219,0.9976,0.833275,0.131122,-0.115874,0.9723,0.663424,0.103078,-0.24168,0.9809,0.814741,0.10419,-0.142472,0.9253,0.732884,0.090804,-0.26699,0.9392,0.803313,0.108343,-0.140868,0.9187,0.740469,0.094646,-0.237911,0.9296,0.800769,0.116281,-0.119003,0.9239,0.723605,0.102207,-0.235582,0.9306,0.7532,0.553815,0.039552,0.997,0.598775,0.550674,-0.038049,0.9972,0.703141,0.690784,0.104316,0.9566,0.544955,0.697971,0.00899,0.9719,0.646754,0.781868,0.300907,0.9462,0.523615,0.803307,0.164733,0.9659,0.612781,0.791245,0.316535,0.8974,0.514772,0.814069,0.175171,0.8376,0.68173,0.852958,0.237484,0.922,0.547984,0.871262,0.080934,0.9233
tadasana_zen_0150,tadasana,step 3,ZEN,external,wrong,Legs and Hand,CC BY 4.0,data/datasets/yoga_for_all/tadasana/wrong/step_3-_Legs_and_Hand/20230312_110457.jpg,True,472,1024,True,0.9943,0.9606,177.949,173.549,143.088,143.117,172.427,167.11,174.643,177.795,8.363,1.253,173.549,177.949,143.088,143.117,1.253,8.363,174.643,177.795,168.119,173.528,174.643,177.949,143.088,168.119,0.868,-0.868,5.968,2.103,4.01,86.986,-0.9999,-0.2484,0.2503,0.4965,0.447437,0.453071,-0.212588,0.9991,0.460079,0.445891,-0.195494,0.9987,0.46816,0.445463,-0.194894,0.9982,0.475548,0.445338,-0.194745,0.9987,0.436146,0.447077,-0.188609,0.9983,0.429182,0.447184,-0.189389,0.9973,0.422892,0.447334,-0.188797,0.9981,0.49129,0.450698,-0.108194,0.9978,0.420653,0.451718,-0.085308,0.9964,0.463202,0.460101,-0.182138,0.9973,0.436868,0.460321,-0.175905,0.9971,0.537964,0.485427,-0.137979,0.9955,0.392421,0.487891,-0.059593,0.9943,0.563001,0.426556,-0.230916,0.9949,0.351419,0.430099,-0.093367,0.9829,0.500068,0.366604,-0.244809,0.9707,0.398173,0.366699,-0.11147,0.9606,0.471557,0.356394,-0.278454,0.9219,0.419329,0.35598,-0.14318,0.9026,0.464759,0.357437,-0.266419,0.9104,0.426425,0.356394,-0.124247,0.8916,0.468106,0.361761,-0.243183,0.9164,0.42305,0.360315,-0.112241,0.8997,0.519983,0.620221,-0.022487,0.9987,0.419288,0.623474,0.02353,0.9985,0.525838,0.704279,0.011232,0.9823,0.429231,0.710511,0.09541,0.969,0.525282,0.773566,0.233538,0.9721,0.451871,0.773102,0.2894,0.9705,0.524695,0.779772,0.249921,0.7558,0.468288,0.778923,0.302779,0.8351,0.51454,0.812302,0.137408,0.9445,0.430196,0.811793,0.205609,0.9534
tadasana_zen_0151,tadasana,step 3,ZEN,external,wrong,Legs and Hand,CC BY 4.0,data/datasets/yoga_for_all/tadasana/wrong/step_3-_Legs_and_Hand/20230312_110505.jpg,True,472,1024,True,0.994,0.0817,166.471,175.177,166.017,118.96,160.198,13.631,179.549,174.693,10.636,131.633,166.471,175.177,118.96,166.017,10.636,131.633,174.693,179.549,41.304,166.732,179.549,166.471,166.017,166.732,4.735,4.735,26.199,16.818,19.371,87.819,-0.9966,-0.1823,0.1726,0.2108,0.456458,0.377676,0.012581,0.9936,0.467666,0.365405,-0.016168,0.9951,0.469112,0.365298,-0.016041,0.9947,0.469513,0.365187,-0.015959,0.9954,0.470512,0.363909,0.01673,0.9939,0.474109,0.362737,0.015889,0.9925,0.476451,0.361585,0.016727,0.993,0.492576,0.367617,-0.097458,0.9925,0.504659,0.366322,0.04203,0.9944,0.467078,0.387227,-0.012565,0.9877,0.469875,0.385907,0.028563,0.9865,0.496614,0.404351,-0.164381,0.9992,0.573538,0.415068,0.107574,0.994,0.43984,0.319658,-0.26503,0.9981,0.539375,0.456756,0.256513,0.0817,0.430455,0.241968,-0.260552,0.9943,0.458585,0.462166,0.29029,0.1314,0.416708,0.217332,-0.284374,0.9893,0.450022,0.458645,0.307887,0.1765,0.436288,0.219721,-0.27656,0.9872,0.442204,0.455779,0.28015,0.1811,0.439346,0.224124,-0.256658,0.9904,0.438992,0.458583,0.280667,0.1995,0.478202,0.588976,-0.093721,0.9985,0.529007,0.580743,0.095066,0.9979,0.468331,0.708441,0.016593,0.9283,0.52108,0.699934,0.197559,0.2524,0.516775,0.819701,0.092637,0.8852,0.531567,0.790141,0.318936,0.2307,0.537098,0.837575,0.098414,0.9221,0.554618,0.813056,0.330015,0.457,0.410993,0.828329,0.058577,0.8429,0.480165,0.813976,0.30016,0.338
tadasana_zen_0152,tadasana,step 3,ZEN,external,wrong,Legs and Hand,CC BY 4.0,data/datasets/yoga_for_all/tadasana/wrong/step_3-_Legs_and_Hand/20230312_110516.jpg,True,472,1024,True,0.9917,0.834,175.587,179.123,145.874,143.407,173.628,176.155,164.665,178.716,14.58,4.964,175.587,179.123,143.407,145.874,4.964,14.58,164.665,178.716,158.699,168.717,178.716,179.123,143.407,168.717,0.004,0.004,10.421,2.654,7.679,81.385,-1.0,-0.17,0.3265,0.5207,0.49033,0.384189,0.064819,0.9934,0.485392,0.378851,0.03539,0.9908,0.47936,0.379272,0.03566,0.9911,0.470325,0.379718,0.035748,0.9905,0.501764,0.378413,0.031156,0.9902,0.506613,0.378308,0.030317,0.9893,0.511279,0.37813,0.031035,0.9883,0.458593,0.384546,-0.040018,0.9904,0.522002,0.382468,-0.070244,0.9859,0.480907,0.393101,0.047448,0.9936,0.496803,0.392612,0.039279,0.9932,0.380497,0.415744,-0.035243,0.9917,0.576029,0.411567,-0.101094,0.9926,0.379625,0.349808,-0.001849,0.8786,0.605679,0.335339,-0.081759,0.9448,0.441938,0.306864,-0.001137,0.8498,0.552347,0.28588,-0.061547,0.9568,0.447745,0.292822,-0.004125,0.8375,0.54444,0.277812,-0.07305,0.9438,0.469356,0.296261,-0.01612,0.8346,0.530956,0.286777,-0.075775,0.9414,0.469033,0.304043,-0.002638,0.8173,0.530186,0.291871,-0.059409,0.9287,0.423394,0.583535,0.03417,0.9926,0.533075,0.590351,-0.032636,0.9921,0.393374,0.674871,0.166372,0.8425,0.514166,0.689269,0.090131,0.9272,0.37907,0.764618,0.280594,0.834,0.492341,0.786423,0.170496,0.9097,0.370955,0.781974,0.292437,0.8869,0.476539,0.803633,0.180549,0.9494,0.391043,0.765063,0.304722,0.6554,0.519024,0.786339,0.18341,0.7497
tadasana_zen_0153,tadasana,step 3,ZEN,external,wrong,Legs and Hand,CC BY 4.0,data/datasets/yoga_for_all/tadasana/wrong/step_3-_Legs_and_Hand/20230312_110523.jpg,True,472,1024,True,0.9967,0.5116,177.754,177.048,169.118,164.219,165.673,168.559,163.877,164.606,6.655,10.898,177.048,177.754,164.219,169.118,6.655,10.898,163.877,164.606,160.563,171.161,164.606,177.048,164.219,160.563,5.441,-5.441,17.903,2.127,8.393,76.061,-0.9955,-0.252,0.2234,0.3061,0.486204,0.393062,-0.177558,0.9989,0.482215,0.381765,-0.167707,0.9985,0.484467,0.382266,-0.167114,0.9984,0.486603,0.382715,-0.16699,0.9982,0.46816,0.380656,-0.193456,0.9988,0.459802,0.380373,-0.194255,0.9988,0.450085,0.380226,-0.193878,0.9988,0.461513,0.385601,-0.082853,0.9986,0.403285,0.386425,-0.212504,0.9988,0.48538,0.404539,-0.14374,0.9981,0.468856,0.403608,-0.17987,0.9983,0.465626,0.437783,-0.014355,0.9967,0.350475,0.435811,-0.262874,0.9986,0.501872,0.360133,0.037164,0.5116,0.360497,0.344675,-0.369396,0.9952,0.505731,0.279345,-0.040117,0.754,0.425617,0.25591,-0.36609,0.9737,0.50087,0.261676,-0.066229,0.7307,0.453055,0.245561,-0.394159,0.9568,0.501198,0.25857,-0.078129,0.7288,0.459317,0.244073,-0.374107,0.9508,0.499024,0.265328,-0.051441,0.7346,0.452072,0.249912,-0.359493,0.9457,0.479636,0.607113,0.094667,0.9979,0.407864,0.611994,-0.093401,0.9981,0.43246,0.694724,0.240908,0.7108,0.379639,0.720215,0.015603,0.9843,0.394353,0.77959,0.390606,0.8913,0.345536,0.811152,0.145854,0.9835,0.364583,0.79138,0.402282,0.8859,0.322584,0.821639,0.154896,0.9678,0.455839,0.811714,0.367258,0.9031,0.406323,0.858465,0.088536,0.9605
tadasana_zen_0154,tadasana,step 3,ZEN,external,wrong,Legs and Hand,CC BY 4.0,data/datasets/yoga_for_all/tadasana/wrong/step_3-_Legs_and_Hand/20230312_110534.jpg,True,472,1024,True,0.9842,0.5126,178.436,171.811,144.337,152.244,171.337,171.966,171.02,177.774,3.72,0.444,171.811,178.436,144.337,152.244,0.444,3.72,171.02,177.774,169.628,173.494,171.02,171.811,144.337,169.628,0.358,0.358,4.243,1.419,0.798,86.165,-1.0,-0.2476,0.2913,0.5621,0.471121,0.359978,-0.326853,0.9992,0.487495,0.351281,-0.317465,0.9992,0.498247,0.351273,-0.316659,0.999,0.508748,0.351434,-0.316659,0.9991,0.458842,0.352058,-0.30841,0.9987,0.449688,0.352474,-0.309187,0.998,0.440883,0.353011,-0.308558,0.9984,0.531171,0.358561,-0.250613,0.9986,0.432485,0.360171,-0.218546,0.9967,0.491009,0.37161,-0.30222,0.9969,0.456488,0.371739,-0.293343,0.9958,0.594502,0.401913,-0.267067,0.9962,0.38205,0.404339,-0.196725,0.9842,0.646957,0.313618,-0.362548,0.9963,0.332242,0.312909,-0.235236,0.9768,0.568245,0.215794,-0.383427,0.9807,0.385279,0.212317,-0.246513,0.9477,0.520958,0.20015,-0.418301,0.9458,0.420256,0.196766,-0.274098,0.8837,0.503379,0.199796,-0.407609,0.939,0.431137,0.196223,-0.253234,0.8719,0.510926,0.205521,-0.382019,0.9404,0.426182,0.201311,-0.245776,0.8861,0.550004,0.577808,-0.021809,0.999,0.421823,0.576985,0.022675,0.9984,0.558883,0.678447,0.035575,0.7911,0.432838,0.652712,0.139877,0.7169,0.559809,0.710415,0.35577,0.5126,0.453428,0.697268,0.404069,0.6601,0.567264,0.70833,0.38541,0.3814,0.473826,0.698653,0.428445,0.5268,0.534467,0.731374,0.348065,0.4758,0.434439,0.735301,0.396874,0.6016
tadasana_zen_0155,tadasana,step 3,ZEN,external,wrong,Legs and Hand,CC BY 4.0,data/datasets/yoga_for_all/tadasana/wrong/step_3-_Legs_and_Hand/20230312_110544.jpg,True,472,1024,True,0.9995,0.708,177.973,176.661,152.26,143.484,177.65,179.266,169.845,169.976,6.728,9.359,176.661,177.973,143.484,152.26,6.728,9.359,169.845,169.976,160.343,163.006,169.845,177.973,152.26,163.006,0.135,0.135,5.669,3.493,3.38,89.726,-1.0,-0.2959,0.3446,0.7147,0.468473,0.370421,-0.197108,0.9998,0.452632,0.363201,-0.226668,0.9997,0.441187,0.364108,-0.226286,0.9997,0.42874,0.364683,-0.226122,0.9997,0.484088,0.362645,-0.228318,0.9996,0.494664,0.36374,-0.229365,0.9996,0.506553,0.365005,-0.228363,0.9995,0.410647,0.376043,-0.276412,0.9997,0.529907,0.380118,-0.297861,0.9995,0.452465,0.386004,-0.203961,0.9999,0.485327,0.385878,-0.210366,0.9999,0.304069,0.433997,-0.253731,0.9997,0.613744,0.425285,-0.296961,0.9995,0.272307,0.328706,-0.256085,0.9917,0.655442,0.326695,-0.283108,0.9696,0.359571,0.217127,-0.309761,0.9797,0.537822,0.212951,-0.343849,0.9807,0.395174,0.193971,-0.349806,0.9659,0.489068,0.188319,-0.386775,0.9617,0.420238,0.195481,-0.366364,0.9638,0.47772,0.191369,-0.398422,0.9707,0.418408,0.20324,-0.317944,0.954,0.483968,0.20091,-0.349801,0.9769,0.3818,0.631816,0.004051,0.9999,0.533967,0.627673,-0.002987,0.9998,0.382201,0.727019,0.271523,0.8615,0.533044,0.716729,0.256743,0.708,0.375824,0.814874,0.514293,0.8908,0.521699,0.799559,0.50215,0.8176,0.385692,0.830371,0.537594,0.8448,0.513628,0.816616,0.526631,0.8407,0.390554,0.814231,0.538749,0.7391,0.507169,0.799582,0.535215,0.7136
tadasana_zen_0156,tadasana,step 3,ZEN,external,wrong,Legs and Hand,CC BY 4.0,data/datasets/yoga_for_all/tadasana/wrong/step_3-_Legs_and_Hand/20230312_110551(0).jpg,True,472,1024,True,0.9981,0.774,179.09,172.932,156.332,151.557,163.414,175.026,167.191,166.237,5.094,9.963,172.932,179.09,151.557,156.332,5.094,9.963,166.237,167.191,159.634,176.408,166.237,172.932,156.332,176.408,4.541,-4.541,26.331,8.36,17.601,75.689,-0.9969,-0.1343,0.2361,0.479,0.456434,0.388333,-0.341602,0.9983,0.454574,0.376552,-0.336335,0.9981,0.458456,0.375972,-0.335579,0.998,0.462675,0.375486,-0.335534,0.9979,0.435495,0.377779,-0.358731,0.9984,0.424992,0.377999,-0.359637,0.9985,0.412854,0.378244,-0.359267,0.9985,0.445265,0.377135,-0.256833,0.9983,0.367182,0.380744,-0.369305,0.9985,0.460122,0.39855,-0.306985,0.9975,0.436709,0.4015,-0.339254,0.9981,0.470648,0.406501,-0.202861,0.9981,0.282964,0.419214,-0.39366,0.9989,0.528398,0.325005,-0.20974,0.9242,0.260845,0.311929,-0.511591,0.9966,0.506446,0.221412,-0.269634,0.9346,0.368273,0.195356,-0.554843,0.9157,0.500541,0.202767,-0.29976,0.8858,0.424839,0.187157,-0.595833,0.8466,0.489814,0.200515,-0.308767,0.883,0.435828,0.187969,-0.564806,0.8584,0.483613,0.206285,-0.278185,0.8764,0.413799,0.191489,-0.546576,0.8773,0.460365,0.587207,0.070055,0.9991,0.355956,0.602475,-0.068817,0.9991,0.417802,0.664112,0.282084,0.774,0.343502,0.700241,0.146187,0.9511,0.383765,0.721773,0.549634,0.7827,0.321986,0.754128,0.378179,0.9362,0.351577,0.73119,0.574672,0.7982,0.295145,0.760581,0.397377,0.9214,0.429882,0.75835,0.539894,0.8116,0.372036,0.788797,0.348347,0.8998
tadasana_zen_0157,tadasana,step 4,ZEN,external,wrong,Hands and Legs,CC BY 4.0,data/datasets/yoga_for_all/tadasana/wrong/step_4-_Hands_and_Legs/20230312_105411(0).jpg,True,472,1024,True,0.9966,0.9511,177.626,171.806,95.14,98.468,142.247,142.682,176.336,165.418,11.846,0.699,171.806,177.626,95.14,98.468,0.699,11.846,165.418,176.336,163.311,172.132,165.418,171.806,95.14,163.311,1.846,-1.846,2.302,2.351,1.917,83.985,-0.9995,-0.4091,0.3718,0.6075,0.500694,0.225539,-0.257293,0.9998,0.508606,0.220478,-0.235935,0.9997,0.515125,0.219619,-0.235339,0.9997,0.522391,0.219525,-0.23561,0.9996,0.48803,0.221251,-0.237219,0.9997,0.480134,0.222029,-0.238151,0.9997,0.471425,0.22264,-0.237516,0.9996,0.530892,0.22472,-0.125552,0.9996,0.454003,0.230895,-0.142126,0.9996,0.511239,0.232873,-0.219039,0.9995,0.490184,0.235464,-0.223674,0.9995,0.596517,0.282849,-0.127738,0.9977,0.406264,0.286449,-0.149499,0.9966,0.65278,0.254644,-0.311489,0.9913,0.324683,0.24999,-0.348829,0.9951,0.562948,0.209079,-0.413452,0.9732,0.403951,0.199043,-0.446628,0.9511,0.528027,0.200067,-0.446375,0.9054,0.439936,0.194377,-0.477408,0.8393,0.520026,0.199988,-0.4268,0.8869,0.44759,0.192853,-0.447902,0.8076,0.528694,0.205079,-0.407964,0.8775,0.439405,0.19662,-0.442298,0.8045,0.569803,0.428161,0.01009,0.9997,0.453169,0.429961,-0.009348,0.9998,0.565849,0.516654,0.10369,0.9896,0.433184,0.51739,0.100349,0.993,0.555869,0.590733,0.301183,0.9844,0.43937,0.592322,0.287158,0.9844,0.539278,0.599074,0.314153,0.9067,0.450737,0.599843,0.298481,0.8664,0.573599,0.625293,0.212164,0.9724,0.417576,0.62593,0.196707,0.9707
tadasana_zen_0158,tadasana,step 4,ZEN,external,wrong,Hands and Legs,CC BY 4.0,data/datasets/yoga_for_all/tadasana/wrong/step_4-_Hands_and_Legs/20230312_105416.jpg,True,472,1024,True,0.9967,0.8427,177.483,171.634,154.09,146.896,120.02,108.209,173.236,174.747,67.903,59.43,171.634,177.483,146.896,154.09,59.43,67.903,173.236,174.747,105.831,123.383,173.236,177.483,154.09,105.831,1.994,1.994,15.873,13.512,0.359,87.56,-0.9994,-0.2512,0.3444,0.4908,0.520223,0.257734,-0.148074,0.9989,0.536041,0.249695,-0.155087,0.9987,0.543701,0.249237,-0.154607,0.9986,0.5497,0.248557,-0.154385,0.9983,0.513489,0.251171,-0.134387,0.9982,0.508797,0.252003,-0.13519,0.9977,0.504212,0.252763,-0.13418,0.9976,0.568248,0.252042,-0.138931,0.998,0.518873,0.258064,-0.053159,0.9973,0.539965,0.265217,-0.140001,0.9986,0.516854,0.267233,-0.114202,0.9973,0.645114,0.287493,-0.191518,0.9975,0.486221,0.305092,0.010136,0.9967,0.521477,0.245651,-0.344508,0.9949,0.365007,0.289707,-0.023338,0.8427,0.339415,0.230285,-0.373749,0.9811,0.294171,0.252803,-0.19888,0.8985,0.296091,0.232209,-0.401881,0.9557,0.271842,0.244944,-0.225854,0.8549,0.292922,0.237098,-0.393332,0.9512,0.281658,0.248409,-0.237308,0.8605,0.305368,0.239013,-0.368629,0.9363,0.292728,0.250775,-0.211064,0.8684,0.606518,0.449524,-0.059136,0.9993,0.50165,0.449827,0.059666,0.9996,0.608662,0.563115,-0.056377,0.9964,0.492079,0.553368,0.115963,0.9825,0.619387,0.656954,0.029744,0.9974,0.511398,0.639158,0.226505,0.9869,0.632591,0.668528,0.031363,0.9459,0.539009,0.650922,0.230924,0.944,0.569707,0.69557,-0.077905,0.9929,0.430056,0.668911,0.163226,0.989
tadasana_zen_0159,tadasana,step 4,ZEN,external,wrong,Hands and Legs,CC BY 4.0,data/datasets/yoga_for_all/tadasana/wrong/step_4-_Hands_and_Legs/20230312_105422(1).jpg,True,472,1024,True,0.9881,0.0328,169.716,174.316,40.861,120.658,71.624,0.642,171.397,176.406,147.944,152.623,169.716,174.316,40.861,120.658,147.944,152.623,171.397,176.406,20.511,39.504,171.397,169.716,40.861,39.504,0.927,-0.927,3.223,18.254,1.141,86.728,-0.9999,-0.3364,0.2696,0.5801,0.466052,0.133188,0.104653,0.9908,0.465626,0.119529,0.071097,0.9943,0.459824,0.118788,0.071631,0.9947,0.452821,0.117958,0.071742,0.995,0.484843,0.121839,0.083628,0.9922,0.493764,0.122786,0.082949,0.9913,0.501865,0.123703,0.083712,0.9912,0.45132,0.125018,-0.035637,0.9932,0.520492,0.133306,0.011108,0.9926,0.456314,0.144586,0.073253,0.9846,0.476767,0.149101,0.085992,0.9835,0.348246,0.186973,-0.117806,0.9989,0.61005,0.226775,0.045797,0.9881,0.169019,0.226951,-0.064193,0.9585,0.589742,0.297792,0.135586,0.166,0.275943,0.240191,0.087034,0.4088,0.513351,0.312846,0.225184,0.0328,0.308657,0.247506,0.098868,0.3394,0.497529,0.319321,0.248922,0.0372,0.32631,0.24584,0.099275,0.3448,0.478221,0.314334,0.235996,0.04,0.320747,0.244488,0.092714,0.3576,0.479645,0.311531,0.222986,0.0465,0.415815,0.425227,-0.068135,0.9994,0.557864,0.42653,0.069755,0.9971,0.409362,0.572672,0.040602,0.961,0.541417,0.559129,0.200111,0.6289,0.459055,0.715224,0.090695,0.9408,0.551964,0.674561,0.314282,0.6104,0.478099,0.750097,0.09371,0.9529,0.564376,0.694808,0.328812,0.6612,0.343403,0.700359,0.094262,0.8315,0.467789,0.661099,0.352715,0.5695
tadasana_zen_0160,tadasana,step 4,ZEN,external,wrong,Hands and Legs,CC BY 4.0,data/datasets/yoga_for_all/tadasana/wrong/step_4-_Hands_and_Legs/20230312_105428.jpg,True,472,1024,True,0.9941,0.0096,167.815,172.123,138.414,36.56,35.836,63.861,173.749,174.339,113.277,132.751,167.815,172.123,36.56,138.414,113.277,132.751,173.749,174.339,46.918,53.204,174.339,172.123,36.56,46.918,6.619,-6.619,8.986,14.698,2.529,82.732,-0.9933,-0.3157,0.324,0.522,0.434034,0.142541,0.035504,0.9959,0.410621,0.130726,0.019103,0.9946,0.400143,0.131062,0.019422,0.994,0.39006,0.131597,0.019731,0.9937,0.429994,0.12961,-0.000661,0.9953,0.433655,0.129097,-0.001307,0.9952,0.437165,0.128546,-0.000722,0.9951,0.36459,0.139813,-0.011093,0.9953,0.426182,0.133465,-0.109417,0.9949,0.417437,0.155343,0.031889,0.9965,0.437672,0.153519,0.003684,0.9974,0.265336,0.228426,0.03343,0.9941,0.511638,0.198647,-0.159981,0.9977,0.385013,0.275783,0.150422,0.1262,0.700522,0.24075,-0.066676,0.8708,0.499773,0.274914,0.295193,0.0096,0.625797,0.24729,0.134173,0.2193,0.517975,0.278186,0.32268,0.0128,0.620468,0.240707,0.148754,0.2063,0.526087,0.270134,0.317496,0.0127,0.583759,0.235698,0.146661,0.1987,0.527256,0.269778,0.298457,0.0147,0.579382,0.240656,0.138625,0.193,0.374813,0.438311,0.070245,0.9943,0.51461,0.435465,-0.06873,0.9948,0.41044,0.567078,0.214721,0.5819,0.547522,0.57999,0.070142,0.8747,0.388337,0.685487,0.334455,0.6936,0.538354,0.708439,0.197705,0.8938,0.372912,0.703083,0.346003,0.7495,0.526322,0.731664,0.211335,0.8978,0.44165,0.667033,0.365065,0.671,0.631651,0.69507,0.210113,0.7912
tadasana_zen_0161,tadasana,step 4,ZEN,external,wrong,Hands and Legs,CC BY 4.0,data/datasets/yoga_for_all/tadasana/wrong/step_4-_Hands_and_Legs/20230312_105435.jpg,True,472,1024,True,0.9976,0.8932,168.007,177.704,132.597,135.642,110.53,143.345,172.227,175.589,55.742,62.334,168.007,177.704,132.597,135.642,55.742,62.334,172.227,175.589,111.565,128.881,175.589,177.704,135.642,111.565,1.202,-1.202,9.04,14.059,8.44,86.849,-0.9998,-0.2341,0.3066,0.5114,0.536781,0.248828,-0.148647,0.9996,0.535595,0.241258,-0.129874,0.9992,0.539233,0.241644,-0.129093,0.9992,0.550131,0.242582,-0.129389,0.9992,0.513837,0.238282,-0.138532,0.9992,0.506469,0.237533,-0.139414,0.9991,0.492686,0.23611,-0.138745,0.9989,0.541052,0.246046,-0.016933,0.9993,0.463151,0.241108,-0.072149,0.9989,0.537556,0.257456,-0.106295,0.9993,0.516276,0.255269,-0.122576,0.9992,0.582137,0.300453,0.035847,0.9991,0.394562,0.278802,-0.132138,0.9976,0.714253,0.283098,-0.082603,0.9302,0.443726,0.240412,-0.284962,0.9979,0.754258,0.246419,-0.208906,0.9425,0.669577,0.212344,-0.25327,0.9758,0.768775,0.234966,-0.239523,0.8886,0.726635,0.216613,-0.274224,0.9218,0.750721,0.231074,-0.234936,0.8797,0.72938,0.21693,-0.247514,0.905,0.735096,0.233076,-0.21042,0.8804,0.709581,0.217466,-0.244653,0.8935,0.554164,0.459914,0.064383,0.9996,0.438401,0.467831,-0.063724,0.9995,0.566884,0.56642,0.123336,0.9132,0.446248,0.590398,0.00559,0.9934,0.536566,0.656259,0.291537,0.8932,0.443999,0.688425,0.095357,0.9873,0.506736,0.668887,0.303364,0.8859,0.427076,0.699054,0.097941,0.9075,0.615801,0.690932,0.257992,0.9165,0.494217,0.738452,0.002943,0.9724
tadasana_zen_0162,tadasana,step 4,ZEN,external,wrong,Hands and Legs,CC BY 4.0,data/datasets/yoga_for_all/tadasana/wrong/step_4-_Hands_and_Legs/20230312_105445.jpg,True,472,1024,True,0.9985,0.9665,177.065,176.046,38.522,45.242,105.352,112.711,174.975,169.214,44.392,12.6,176.046,177.065,38.522,45.242,12.6,44.392,169.214,174.975,133.759,178.257,174.975,177.065,38.522,133.759,4.548,-4.548,0.225,3.629,5.098,86.823,-0.9969,-0.3227,0.3977,0.6223,0.473255,0.38139,-0.261463,0.9998,0.486395,0.37501,-0.244743,0.9995,0.493839,0.375349,-0.244075,0.9996,0.500904,0.375626,-0.244203,0.9996,0.46457,0.37396,-0.241821,0.9995,0.457468,0.373864,-0.242852,0.9994,0.450612,0.373901,-0.24225,0.9993,0.512262,0.378828,-0.142616,0.9997,0.435622,0.380444,-0.142606,0.9995,0.487673,0.391152,-0.225747,0.9998,0.460466,0.389975,-0.224889,0.9997,0.577511,0.424458,-0.159722,0.9994,0.385994,0.430057,-0.132038,0.9985,0.62935,0.41872,-0.424551,0.9968,0.276233,0.419438,-0.348674,0.9944,0.51146,0.39336,-0.574106,0.9888,0.367411,0.391738,-0.527296,0.9665,0.464815,0.388284,-0.606319,0.9622,0.402975,0.386129,-0.567819,0.9019,0.458486,0.390952,-0.581473,0.956,0.413056,0.386498,-0.541248,0.881,0.468286,0.393788,-0.566325,0.9401,0.406563,0.389895,-0.52459,0.8591,0.567572,0.566418,-0.007458,0.9999,0.444837,0.571465,0.008189,0.9998,0.578388,0.656248,0.031228,0.9927,0.445077,0.659799,0.095849,0.9902,0.579096,0.73348,0.255918,0.9856,0.456479,0.734483,0.306349,0.9774,0.565656,0.737593,0.270148,0.7751,0.469863,0.740184,0.318676,0.7735,0.585244,0.774215,0.160016,0.977,0.4316,0.773893,0.214021,0.9695
tadasana_zen_0163,tadasana,step 4,ZEN,external,wrong,Hands and Legs,CC BY 4.0,data/datasets/yoga_for_all/tadasana/wrong/step_4-_Hands_and_Legs/20230312_105457.jpg,True,472,1024,True,0.9859,0.015,175.567,178.839,27.827,49.221,80.347,9.64,164.838,160.676,34.914,147.354,175.567,178.839,27.827,49.221,34.914,147.354,160.676,164.838,22.705,138.638,164.838,175.567,27.827,138.638,1.712,1.712,0.635,1.992,0.972,80.616,-0.9996,-0.3407,0.7268,0.6789,0.475632,0.33826,0.046451,0.993,0.465039,0.330092,0.00852,0.9919,0.455946,0.330234,0.008929,0.9929,0.446134,0.330344,0.009156,0.9929,0.490078,0.330216,0.011696,0.9903,0.498552,0.330566,0.011023,0.9895,0.508158,0.331152,0.011298,0.9876,0.430546,0.338726,-0.093278,0.9968,0.52695,0.34191,-0.092841,0.9925,0.460463,0.352171,0.019688,0.9965,0.489229,0.352297,0.019274,0.9963,0.328417,0.402858,-0.097581,0.9975,0.617545,0.407495,-0.080296,0.9859,0.292915,0.407582,0.012521,0.3525,0.61691,0.463381,0.05991,0.1619,0.379431,0.369168,0.192502,0.1405,0.567476,0.443518,0.26883,0.015,0.387018,0.362443,0.212152,0.176,0.568051,0.441566,0.297293,0.0235,0.411835,0.357979,0.203852,0.1753,0.553204,0.436055,0.295227,0.0235,0.4138,0.362589,0.195737,0.1658,0.546238,0.43737,0.275406,0.0272,0.37697,0.600872,-0.002491,0.9996,0.543526,0.602174,0.003861,0.9984,0.338509,0.71654,0.109673,0.8326,0.573761,0.686505,0.192667,0.5012,0.31985,0.831451,0.214114,0.7587,0.614581,0.787582,0.34314,0.4318,0.318177,0.854443,0.226403,0.7914,0.61749,0.812668,0.362837,0.5627,0.29325,0.820158,0.243015,0.5223,0.628945,0.786967,0.403304,0.3203
tadasana_zen_0164,tadasana,step 4,ZEN,external,wrong,Hands and Legs,CC BY 4.0,data/datasets/yoga_for_all/tadasana/wrong/step_4-_Hands_and_Legs/20230312_105506(0).jpg,True,472,1024,True,0.9792,0.1376,175.831,179.437,172.49,178.179,82.82,83.506,163.95,165.665,86.702,85.834,175.831,179.437,172.49,178.179,85.834,86.702,163.95,165.665,84.516,86.349,165.665,179.437,178.179,84.516,8.322,-8.322,10.553,2.378,4.962,80.899,-0.9895,-0.2973,0.36,0.2334,0.458997,0.348931,-0.085911,0.9962,0.45097,0.339233,-0.075671,0.994,0.451914,0.339255,-0.075118,0.9938,0.452148,0.339323,-0.074829,0.9932,0.438431,0.339875,-0.101239,0.9951,0.431051,0.340263,-0.101852,0.995,0.422637,0.340643,-0.10193,0.9949,0.424074,0.346572,0.010809,0.994,0.388135,0.348024,-0.12216,0.9962,0.457951,0.360104,-0.052909,0.9945,0.445454,0.36151,-0.09047,0.9961,0.445212,0.400977,0.096396,0.9792,0.358064,0.399308,-0.191663,0.9957,0.559392,0.401189,0.125067,0.1376,0.513684,0.395353,-0.270354,0.9846,0.659777,0.395278,0.039607,0.2445,0.707096,0.387589,-0.253446,0.8599,0.70194,0.389627,0.019493,0.2809,0.757084,0.383919,-0.277684,0.7945,0.67787,0.389151,-0.000358,0.2863,0.756155,0.381285,-0.272671,0.7746,0.666948,0.392113,0.027591,0.3018,0.739466,0.384291,-0.251153,0.7214,0.489704,0.569235,0.09159,0.9864,0.421756,0.571954,-0.090358,0.9902,0.455029,0.669007,0.228309,0.289,0.401818,0.684118,-0.04724,0.8943,0.440073,0.748894,0.389859,0.3403,0.377954,0.803899,-0.00226,0.8294,0.410936,0.7552,0.399829,0.5372,0.356396,0.816913,-0.003382,0.7249,0.520516,0.778104,0.367145,0.497,0.460798,0.848407,-0.102991,0.6378
tadasana_zen_0165,tadasana,step 4,ZEN,external,wrong,Hands and Legs,CC BY 4.0,data/datasets/yoga_for_all/tadasana/wrong/step_4-_Hands_and_Legs/20230312_105520.jpg,True,472,1024,True,0.9997,0.9549,163.311,173.332,68.251,7.722,78.424,77.925,163.851,160.162,119.54,165.666,163.311,173.332,7.722,68.251,119.54,165.666,160.162,163.851,19.637,64.693,160.162,173.332,7.722,19.637,0.491,-0.491,3.079,1.802,0.31,75.465,-1.0,-0.2209,0.6888,0.5641,0.507868,0.425273,-0.26648,0.9999,0.516841,0.416586,-0.254957,0.9998,0.522349,0.416398,-0.25441,0.9998,0.529387,0.41632,-0.254409,0.9998,0.495292,0.416888,-0.257988,0.9998,0.486894,0.416931,-0.258981,0.9997,0.479547,0.417114,-0.258096,0.9998,0.540388,0.420813,-0.143079,0.9997,0.459495,0.421962,-0.169452,0.9998,0.521576,0.436057,-0.222675,0.9999,0.495192,0.435183,-0.228631,0.9999,0.590483,0.457951,-0.113818,0.9997,0.401962,0.460684,-0.161091,0.9997,0.671771,0.46856,-0.303254,0.971,0.306484,0.474458,-0.355668,0.9976,0.659427,0.47596,-0.511576,0.9822,0.398319,0.467255,-0.513128,0.9906,0.638873,0.481869,-0.557797,0.9637,0.436596,0.471647,-0.555288,0.9722,0.617191,0.475152,-0.557955,0.9608,0.45444,0.468532,-0.535329,0.9695,0.612085,0.475154,-0.516536,0.9562,0.448012,0.467614,-0.510451,0.9644,0.565495,0.613586,0.013521,0.9998,0.432683,0.613254,-0.01266,0.9999,0.603516,0.696632,0.032831,0.975,0.384147,0.699542,0.043289,0.9883,0.593331,0.752859,0.336784,0.9549,0.36453,0.764975,0.271066,0.9808,0.57727,0.756347,0.362396,0.8043,0.375779,0.768444,0.288104,0.8251,0.624311,0.797831,0.293695,0.937,0.325837,0.808214,0.207474,0.9591
tadasana_zen_0166,tadasana,step 4,ZEN,external,wrong,Hands and Legs,CC BY 4.0,data/datasets/yoga_for_all/tadasana/wrong/step_4-_Hands_and_Legs/20230312_105525.jpg,True,472,1024,True,0.9896,0.4328,178.903,173.494,160.393,157.607,67.739,77.005,159.001,177.628,91.88,94.417,173.494,178.903,157.607,160.393,91.88,94.417,159.001,177.628,78.935,87.117,159.001,178.903,160.393,78.935,4.044,4.044,9.471,3.317,6.495,78.186,-0.9975,-0.2514,0.6489,0.5283,0.456446,0.370174,-0.342013,0.9978,0.475387,0.357661,-0.352109,0.9976,0.486952,0.357865,-0.35149,0.9978,0.498744,0.357771,-0.351639,0.9977,0.454511,0.356145,-0.331578,0.9969,0.450424,0.355632,-0.332515,0.9965,0.446282,0.355129,-0.331292,0.9961,0.532336,0.36124,-0.319697,0.9973,0.463869,0.359321,-0.232904,0.9943,0.482257,0.383572,-0.326237,0.9983,0.452103,0.381659,-0.300431,0.9971,0.612856,0.412829,-0.336054,0.9979,0.406145,0.418351,-0.141128,0.9896,0.427499,0.432672,-0.434278,0.9919,0.253737,0.436557,-0.159625,0.4328,0.176529,0.419429,-0.471693,0.9812,0.125,0.428361,-0.34416,0.5884,0.108441,0.418793,-0.516806,0.9639,0.067802,0.422505,-0.379434,0.5982,0.099698,0.409194,-0.50888,0.9642,0.074531,0.419584,-0.403529,0.6146,0.120847,0.410075,-0.469187,0.9499,0.092509,0.421422,-0.362119,0.6341,0.547457,0.599255,-0.047408,0.9995,0.416257,0.592369,0.047952,0.9971,0.590719,0.69459,0.065374,0.9807,0.413938,0.665466,0.250929,0.8836,0.636591,0.786831,0.297256,0.9834,0.425928,0.721149,0.521731,0.9038,0.635731,0.791422,0.315689,0.8669,0.44873,0.734153,0.547875,0.7831,0.608804,0.839138,0.225172,0.9664,0.347477,0.75031,0.516373,0.9098
tadasana_zen_0167,tadasana,step 4,ZEN,external,wrong,Hands and Legs,CC BY 4.0,data/datasets/yoga_for_all/tadasana/wrong/step_4-_Hands_and_Legs/20230312_105538(0).jpg,True,472,1024,True,0.9955,0.0586,173.824,155.754,144.092,76.237,121.109,130.858,156.404,154.576,18.835,13.801,155.754,173.824,76.237,144.092,13.801,18.835,154.576,156.404,146.724,158.732,156.404,173.824,76.237,158.732,3.804,-3.804,0.848,0.95,2.931,72.043,-0.9978,-0.3988,0.5448,0.7907,0.382529,0.307261,-0.029852,0.9984,0.365132,0.298055,-0.067557,0.9976,0.35333,0.298818,-0.067071,0.9977,0.341226,0.299536,-0.066686,0.9973,0.399036,0.296841,-0.070352,0.9975,0.41055,0.296968,-0.070815,0.9974,0.4222,0.29718,-0.070434,0.9969,0.321571,0.310297,-0.150042,0.998,0.445977,0.311428,-0.173377,0.9976,0.367786,0.321302,-0.046491,0.9978,0.40255,0.321707,-0.054609,0.9977,0.220649,0.385773,-0.119922,0.9955,0.563978,0.388397,-0.156261,0.9957,0.25486,0.369699,0.043503,0.3127,0.618916,0.371705,0.022727,0.3782,0.272419,0.315818,0.221497,0.0586,0.536249,0.336363,0.192168,0.136,0.270066,0.297799,0.236915,0.1103,0.530286,0.323473,0.193799,0.2615,0.294014,0.297844,0.220755,0.1096,0.504062,0.3239,0.178902,0.2695,0.31928,0.305543,0.222247,0.1121,0.49296,0.326508,0.192807,0.2543,0.334113,0.588868,0.00343,0.9999,0.508141,0.584762,-0.001945,0.9998,0.311086,0.654724,0.255743,0.5414,0.54471,0.636773,0.263521,0.3481,0.302838,0.727766,0.449767,0.6742,0.530173,0.69757,0.485056,0.5801,0.305902,0.747167,0.475265,0.7742,0.528053,0.721393,0.511404,0.7824,0.286727,0.70983,0.542157,0.2977,0.533377,0.690089,0.587834,0.2837
tadasana_zen_0168,tadasana,step 4,ZEN,external,wrong,Hands and Legs,CC BY 4.0,data/datasets/yoga_for_all/tadasana/wrong/step_4-_Hands_and_Legs/20230312_105544.jpg,True,472,1024,True,0.9867,0.044,173.308,166.848,174.465,147.186,52.746,46.23,175.984,172.441,118.529,106.665,166.848,173.308,147.186,174.465,106.665,118.529,172.441,175.984,55.501,60.17,172.441,166.848,147.186,60.17,9.345,-9.345,12.922,53.094,52.449,84.394,-0.9867,-0.4359,0.4207,0.438,0.376765,0.325925,-0.339561,0.9957,0.357582,0.313015,-0.331617,0.9944,0.354838,0.31247,-0.331163,0.9945,0.351385,0.311862,-0.331278,0.9942,0.349733,0.314224,-0.362834,0.9939,0.342442,0.314647,-0.363811,0.9928,0.333384,0.315216,-0.363215,0.992,0.308304,0.319467,-0.250792,0.9951,0.281814,0.325527,-0.40052,0.988,0.365832,0.341687,-0.30573,0.9974,0.354967,0.343491,-0.348227,0.9972,0.328634,0.365169,-0.113771,0.9995,0.242762,0.417875,-0.391789,0.9948,0.484522,0.40883,-0.019305,0.8314,0.467204,0.47907,-0.393335,0.9739,0.647305,0.44502,-0.086498,0.9607,0.66126,0.475621,-0.381547,0.9847,0.677458,0.447915,-0.129152,0.9265,0.695717,0.469123,-0.427753,0.9795,0.67547,0.450017,-0.172439,0.9312,0.685217,0.461429,-0.428019,0.9786,0.664657,0.45029,-0.110209,0.935,0.67129,0.462786,-0.386258,0.9644,0.364755,0.524384,0.087969,0.9867,0.31266,0.55562,-0.086801,0.989,0.371542,0.616067,0.291286,0.044,0.334878,0.659961,0.118208,0.3977,0.356869,0.697674,0.510489,0.0447,0.307084,0.756668,0.34051,0.5267,0.32649,0.711259,0.529214,0.0991,0.287133,0.770542,0.352194,0.4845,0.467247,0.716283,0.497694,0.3595,0.395032,0.78311,0.251888,0.6033
tadasana_zen_0169,tadasana,step 5,ZEN,external,wrong,Standing,CC BY 4.0,data/datasets/yoga_for_all/tadasana/wrong/step_5-_Standing/20230312_104615(0).jpg,True,472,1024,True,0.9999,0.8123,173.989,173.063,172.167,176.942,21.069,17.201,161.919,166.39,171.969,168.781,173.063,173.989,172.167,176.942,168.781,171.969,161.919,166.39,15.724,17.487,161.919,173.989,172.167,17.487,2.482,2.482,4.278,1.099,0.54,80.895,-0.9991,-0.4271,0.7011,0.6663,0.53297,0.174935,-0.278284,1.0,0.550605,0.166244,-0.265878,0.9999,0.560547,0.166899,-0.265271,1.0,0.568942,0.167655,-0.265509,1.0,0.521492,0.165029,-0.261269,0.9999,0.512509,0.164909,-0.262247,0.9999,0.503455,0.164743,-0.26145,0.9999,0.583415,0.175508,-0.169829,1.0,0.491005,0.17249,-0.163059,0.9999,0.54987,0.18891,-0.242828,1.0,0.513739,0.187528,-0.240141,1.0,0.668061,0.250365,-0.135435,1.0,0.416601,0.248141,-0.131533,1.0,0.70987,0.344137,-0.158392,0.9984,0.372427,0.338518,-0.124418,0.9953,0.721411,0.424647,-0.266783,0.9972,0.340977,0.423877,-0.210286,0.9899,0.727871,0.452712,-0.306105,0.9944,0.333442,0.448113,-0.235214,0.9805,0.700014,0.450166,-0.333067,0.9943,0.352432,0.448839,-0.263308,0.9805,0.690408,0.443332,-0.277949,0.9934,0.359084,0.44208,-0.222863,0.9811,0.605527,0.423432,-0.003732,1.0,0.446445,0.422742,0.005162,0.9999,0.647285,0.550325,-0.086,0.9618,0.403703,0.545669,0.039075,0.9163,0.658431,0.66286,-0.007531,0.8997,0.395067,0.650806,0.18902,0.8123,0.648391,0.677275,-0.008356,0.5136,0.412814,0.66432,0.195869,0.5362,0.673241,0.730031,-0.13043,0.7858,0.33851,0.68662,0.091449,0.7747
tadasana_zen_0170,tadasana,step 5,ZEN,external,wrong,Standing,CC BY 4.0,data/datasets/yoga_for_all/tadasana/wrong/step_5-_Standing/20230312_104622.jpg,True,472,1024,True,0.9998,0.8364,178.467,178.954,163.035,178.844,16.997,10.754,164.027,178.399,179.334,171.45,178.467,178.954,163.035,178.844,171.45,179.334,164.027,178.399,8.72,11.284,164.027,178.467,163.035,8.72,2.901,2.901,11.413,9.193,1.267,82.081,-0.9987,-0.4176,0.4915,0.552,0.418972,0.106139,-0.177996,0.9999,0.438209,0.094512,-0.176285,0.9997,0.449165,0.094231,-0.175728,0.9998,0.461056,0.094046,-0.176033,0.9998,0.417255,0.096182,-0.159349,0.9997,0.412927,0.096969,-0.16027,0.9997,0.408929,0.097926,-0.159095,0.9996,0.492504,0.105792,-0.131817,0.9999,0.422448,0.108506,-0.06311,0.9997,0.442733,0.119492,-0.161568,0.9999,0.414251,0.120247,-0.14082,0.9999,0.608213,0.183797,-0.14448,1.0,0.362466,0.20213,-0.008631,0.9999,0.647259,0.298167,-0.179861,0.9968,0.329441,0.31017,0.028319,0.8364,0.613852,0.40743,-0.234901,0.9936,0.297529,0.401232,-0.050477,0.8793,0.60888,0.44041,-0.261975,0.9877,0.286781,0.429974,-0.061558,0.8496,0.577375,0.436284,-0.277121,0.9876,0.300692,0.429052,-0.090764,0.8525,0.571643,0.426666,-0.237716,0.9854,0.313397,0.419671,-0.064071,0.853,0.54191,0.399779,-0.039874,0.9999,0.383111,0.401398,0.041036,0.9998,0.582177,0.533222,-0.063766,0.9608,0.388517,0.527397,0.104253,0.9056,0.614485,0.666286,0.027956,0.9241,0.398141,0.644003,0.236866,0.8643,0.615339,0.685242,0.031251,0.7167,0.428801,0.664641,0.244424,0.742,0.619658,0.706492,-0.059791,0.8825,0.280796,0.680726,0.176642,0.8525
tadasana_zen_0171,tadasana,step 5,ZEN,external,wrong,Standing,CC BY 4.0,data/datasets/yoga_for_all/tadasana/wrong/step_5-_Standing/20230312_104633.jpg,True,472,1024,True,0.9984,0.196,171.928,173.856,160.925,167.793,3.84,4.904,175.956,176.961,166.604,166.865,171.928,173.856,160.925,167.793,166.604,166.865,175.956,176.961,5.545,10.572,175.956,171.928,160.925,5.545,5.306,5.306,16.084,13.198,6.179,86.193,-0.9957,-0.309,0.2368,0.2309,0.460516,0.123805,-0.15907,0.9997,0.483923,0.107359,-0.17808,0.9995,0.4931,0.107417,-0.17766,0.9996,0.502084,0.10701,-0.177382,0.9996,0.470847,0.107281,-0.149706,0.9994,0.470016,0.107387,-0.150339,0.9993,0.469028,0.107277,-0.14924,0.9992,0.547348,0.115415,-0.195356,0.9997,0.502965,0.113871,-0.08289,0.9991,0.48015,0.138579,-0.163049,0.9998,0.461983,0.139569,-0.128295,0.9997,0.620874,0.193763,-0.253386,1.0,0.500179,0.20681,0.043634,0.9994,0.599337,0.335357,-0.279316,0.999,0.466141,0.326513,0.105469,0.196,0.482345,0.461877,-0.266999,0.998,0.389664,0.425108,0.065545,0.3182,0.474708,0.500803,-0.302538,0.9949,0.369544,0.456519,0.074059,0.3059,0.435375,0.498387,-0.303717,0.9946,0.371817,0.463721,0.048564,0.3054,0.434751,0.484797,-0.264645,0.9921,0.389785,0.453819,0.05272,0.3065,0.544695,0.448418,-0.089942,0.9996,0.477042,0.445042,0.091127,0.9984,0.517766,0.634974,-0.059734,0.9788,0.479953,0.606519,0.171794,0.4947,0.543704,0.795293,0.004099,0.9485,0.513157,0.738391,0.294172,0.5145,0.578627,0.832359,0.003795,0.925,0.538026,0.75572,0.30187,0.5694,0.36605,0.835574,-0.077713,0.9325,0.368566,0.766115,0.252401,0.6963
tadasana_zen_0172,tadasana,step 5,ZEN,external,wrong,Standing,CC BY 4.0,data/datasets/yoga_for_all/tadasana/wrong/step_5-_Standing/20230312_104652.jpg,True,472,1024,True,0.9987,0.5636,177.178,179.486,171.992,161.042,17.446,18.486,165.641,164.567,163.009,168.156,177.178,179.486,161.042,171.992,163.009,168.156,164.567,165.641,10.125,13.988,165.641,177.178,171.992,13.988,12.446,12.446,2.807,13.431,12.995,72.638,-0.9765,-0.3945,0.603,0.7134,0.747636,0.094473,0.106457,0.9988,0.735533,0.080885,0.067426,0.9976,0.720826,0.080065,0.068232,0.9976,0.705442,0.079293,0.067743,0.9974,0.77533,0.08437,0.070664,0.9977,0.787841,0.08575,0.07016,0.9976,0.799788,0.087112,0.070612,0.9972,0.682613,0.089615,-0.05275,0.9982,0.811644,0.097928,-0.047821,0.9981,0.715626,0.110215,0.070961,0.9979,0.764223,0.111585,0.073121,0.998,0.511426,0.176194,-0.095514,0.9994,0.906087,0.219634,-0.073223,0.9987,0.387751,0.329081,-0.140067,0.9767,0.884962,0.379581,-0.038507,0.8913,0.329787,0.450193,-0.055996,0.7108,0.780032,0.496688,0.06668,0.5636,0.310932,0.484164,-0.048187,0.539,0.755731,0.527533,0.084202,0.4278,0.335095,0.484137,-0.031874,0.511,0.729834,0.522391,0.087247,0.395,0.350202,0.471922,-0.049811,0.464,0.728995,0.508941,0.069256,0.3832,0.481089,0.442756,-0.010558,0.9996,0.69125,0.465112,0.011877,0.999,0.364527,0.614603,0.128944,0.9731,0.647979,0.639187,0.207362,0.8498,0.270758,0.781248,0.2742,0.9591,0.612865,0.7926,0.347197,0.8203,0.25284,0.817313,0.286048,0.9457,0.591824,0.819654,0.36289,0.8443,0.261721,0.760599,0.297045,0.8113,0.616848,0.771883,0.373633,0.5541
tadasana_zen_0173,tadasana,step 5,ZEN,external,wrong,Standing,CC BY 4.0,data/datasets/yoga_for_all/tadasana/wrong/step_5-_Standing/20230312_104707.jpg,True,472,1024,True,0.9987,0.0555,171.818,173.822,146.102,172.257,14.674,9.655,171.975,172.429,171.561,170.375,171.818,173.822,146.102,172.257,170.375,171.561,171.975,172.429,0.566,13.289,172.429,173.822,172.257,13.289,2.445,-2.445,17.807,11.843,4.722,86.093,-0.9991,-0.2683,0.3869,0.5074,0.60189,0.165528,0.087859,0.9993,0.587269,0.152169,0.073084,0.999,0.579579,0.151806,0.073441,0.9991,0.571954,0.151446,0.073597,0.999,0.604712,0.151592,0.052885,0.9989,0.608756,0.150914,0.052166,0.9987,0.612798,0.150134,0.052779,0.9985,0.552973,0.154755,0.03667,0.9991,0.60914,0.152998,-0.065297,0.9986,0.588334,0.175711,0.0819,0.999,0.60745,0.17524,0.053866,0.9991,0.435614,0.22904,0.075964,0.999,0.649203,0.208396,-0.154304,0.9997,0.414859,0.325423,0.090742,0.3794,0.674982,0.321621,-0.15414,0.9908,0.486412,0.386856,0.13455,0.0555,0.726854,0.419453,-0.093808,0.881,0.498834,0.405503,0.148719,0.0574,0.735765,0.447201,-0.092375,0.795,0.51547,0.404032,0.138589,0.0543,0.735496,0.448593,-0.081296,0.7788,0.513078,0.400646,0.132093,0.056,0.729971,0.439603,-0.085665,0.7288,0.500948,0.419065,0.084944,0.9987,0.620568,0.41451,-0.0834,0.9987,0.505395,0.538823,0.17511,0.5856,0.640343,0.547992,0.042224,0.9367,0.472449,0.659007,0.272477,0.7374,0.628498,0.685657,0.119975,0.9391,0.448464,0.681492,0.27905,0.7795,0.604649,0.707903,0.127746,0.9351,0.527131,0.654372,0.27014,0.7076,0.744152,0.695951,0.100251,0.8727
tadasana_zen_0174,tadasana,step 5,ZEN,external,wrong,Standing,CC BY 4.0,data/datasets/yoga_for_all/tadasana/wrong/step_5-_Standing/20230312_104718.jpg,True,472,1024,True,0.9998,0.8635,175.555,178.048,179.114,161.327,8.549,18.424,178.92,160.002,169.899,177.049,175.555,178.048,161.327,179.114,169.899,177.049,160.002,178.92,8.135,9.57,160.002,175.555,161.327,9.57,7.52,-7.52,16.747,4.853,7.388,82.523,-0.9914,-0.4043,0.4453,0.4952,0.589683,0.109003,-0.203762,0.9998,0.585137,0.095377,-0.192156,0.9992,0.589585,0.095504,-0.191143,0.9992,0.593342,0.09568,-0.191312,0.9992,0.559126,0.09554,-0.213712,0.9991,0.545032,0.09556,-0.21435,0.9991,0.528616,0.095578,-0.213711,0.9991,0.567193,0.104925,-0.094129,0.9995,0.47613,0.105184,-0.208279,0.9992,0.591087,0.124957,-0.164953,0.9998,0.560524,0.126191,-0.196862,0.9999,0.61604,0.212682,-0.003098,0.9999,0.355023,0.202467,-0.230433,0.9999,0.664588,0.333234,0.057675,0.8635,0.324486,0.338604,-0.260493,0.9986,0.703715,0.439523,0.018516,0.9657,0.383724,0.459077,-0.296885,0.993,0.728373,0.473474,-0.001176,0.9412,0.3833,0.498132,-0.326769,0.985,0.716132,0.472594,-0.033786,0.9456,0.428467,0.495118,-0.334557,0.985,0.702973,0.464063,0.00556,0.9392,0.439063,0.482192,-0.30055,0.9838,0.633318,0.444594,0.074202,0.9998,0.476203,0.453984,-0.072615,0.9999,0.638226,0.590757,0.222794,0.974,0.430156,0.6157,0.029982,0.995,0.622595,0.706607,0.397946,0.9712,0.402869,0.745719,0.164164,0.9677,0.594263,0.719847,0.410953,0.9543,0.385753,0.761236,0.172604,0.8889,0.74741,0.752069,0.364201,0.9335,0.463642,0.807701,0.083093,0.7527
tadasana_zen_0175,tadasana,step 5,ZEN,external,wrong,Standing,CC BY 4.0,data/datasets/yoga_for_all/tadasana/wrong/step_5-_Standing/20230312_104738.jpg,True,472,1024,True,0.9999,0.9815,179.365,178.621,162.544,175.243,20.062,17.799,166.644,170.9,174.005,172.898,178.621,179.365,162.544,175.243,172.898,174.005,166.644,170.9,11.822,15.532,166.644,179.365,162.544,11.822,1.277,-1.277,8.492,0.535,0.915,82.472,-0.9998,-0.4032,0.5645,0.6523,0.42614,0.321774,-0.335039,1.0,0.44152,0.311422,-0.332184,0.9999,0.450587,0.311146,-0.331687,0.9999,0.458902,0.311019,-0.331651,0.9999,0.420369,0.312551,-0.319831,0.9999,0.415399,0.312923,-0.320841,0.9999,0.410567,0.313378,-0.3199,0.9999,0.481922,0.317339,-0.26281,0.9999,0.414082,0.319124,-0.218106,0.9999,0.445899,0.331622,-0.308329,1.0,0.417219,0.333124,-0.294434,1.0,0.579786,0.382605,-0.21885,1.0,0.364653,0.383532,-0.173099,1.0,0.624699,0.464213,-0.218789,0.9962,0.337146,0.46038,-0.144983,0.9829,0.615514,0.539433,-0.288662,0.9931,0.324781,0.531038,-0.226059,0.9826,0.614199,0.563464,-0.321949,0.9864,0.316179,0.555779,-0.250099,0.9686,0.596549,0.561699,-0.346359,0.9867,0.331076,0.555044,-0.275408,0.9698,0.591123,0.555181,-0.297457,0.985,0.340012,0.548532,-0.239006,0.9704,0.54592,0.535543,-0.01497,0.9999,0.413214,0.534566,0.016143,0.9999,0.572281,0.627487,0.021484,0.9896,0.411024,0.620892,0.138908,0.9851,0.596144,0.70417,0.229636,0.9883,0.412854,0.689122,0.334869,0.9815,0.587817,0.709426,0.245018,0.8593,0.430855,0.696855,0.34994,0.9054,0.591324,0.748273,0.141596,0.9754,0.349835,0.730866,0.277403,0.9733
tadasana_zen_0176,tadasana,step 5,ZEN,external,wrong,Standing,CC BY 4.0,data/datasets/yoga_for_all/tadasana/wrong/step_5-_Standing/20230312_104749.jpg,True,472,1024,True,0.9992,0.0789,177.995,177.598,172.615,140.817,17.0,17.193,168.559,170.856,172.121,174.292,177.598,177.995,140.817,172.615,172.121,174.292,168.559,170.856,2.589,13.869,168.559,177.995,172.615,13.869,1.007,1.007,14.054,5.219,1.882,84.55,-0.9998,-0.2649,0.5651,0.6444,0.475287,0.306348,0.087868,0.9986,0.474229,0.294003,0.047132,0.9988,0.470941,0.293558,0.047537,0.9989,0.467047,0.293177,0.047559,0.9986,0.48797,0.294177,0.058848,0.9983,0.494097,0.293881,0.057874,0.9984,0.500985,0.293766,0.058514,0.9981,0.471194,0.297277,-0.075984,0.9989,0.52374,0.299019,-0.034051,0.9989,0.473969,0.315833,0.052094,0.999,0.489853,0.316951,0.064414,0.9989,0.397814,0.349786,-0.133256,0.9998,0.654474,0.360593,-0.039828,0.9992,0.34913,0.46513,-0.157515,0.9636,0.689084,0.462513,0.034025,0.6202,0.337266,0.551469,-0.061766,0.6447,0.620662,0.516513,0.178382,0.0789,0.337776,0.569162,-0.054217,0.5038,0.605493,0.531723,0.202589,0.0614,0.352111,0.566915,-0.046795,0.4722,0.594661,0.528907,0.201576,0.0578,0.355646,0.561376,-0.057378,0.3976,0.595074,0.51951,0.181906,0.0655,0.44074,0.538332,-0.039902,0.9998,0.597487,0.540707,0.040855,0.9994,0.416374,0.656043,0.138462,0.9763,0.600633,0.638848,0.265491,0.7449,0.400994,0.773788,0.284821,0.9668,0.612769,0.737389,0.423934,0.7552,0.409689,0.794299,0.299398,0.9575,0.615201,0.759532,0.444641,0.8144,0.346008,0.766246,0.310752,0.7966,0.583311,0.732305,0.483632,0.4916
tadasana_zen_0177,tadasana,step 5,ZEN,external,wrong,Standing,CC BY 4.0,data/datasets/yoga_for_all/tadasana/wrong/step_5-_Standing/20230312_104800(0).jpg,True,472,1024,True,0.9965,0.1239,171.442,179.732,166.747,159.397,2.433,11.098,168.382,165.474,173.556,173.383,171.442,179.732,159.397,166.747,173.383,173.556,165.474,168.382,1.242,3.473,165.474,179.732,159.397,1.242,5.483,-5.483,29.608,3.338,12.694,81.354,-0.9954,-0.2681,0.2403,0.2377,0.592757,0.342865,-0.182724,0.9976,0.586694,0.330445,-0.177123,0.9956,0.585737,0.330293,-0.176422,0.9953,0.583913,0.330035,-0.176266,0.9948,0.57701,0.328903,-0.208051,0.9963,0.57041,0.327745,-0.20873,0.9965,0.563021,0.326379,-0.208031,0.9967,0.54804,0.331207,-0.099721,0.9957,0.524239,0.327862,-0.253124,0.9977,0.574839,0.35432,-0.149164,0.998,0.565754,0.353373,-0.191519,0.9988,0.522559,0.398716,0.012845,0.9985,0.418015,0.395906,-0.304744,0.9999,0.5245,0.493883,0.07579,0.1239,0.404114,0.509137,-0.323009,0.9958,0.564104,0.568251,0.04517,0.2524,0.471516,0.608496,-0.310756,0.9813,0.584014,0.596516,0.041465,0.2722,0.473133,0.637196,-0.34288,0.9637,0.589338,0.596305,0.013192,0.2852,0.50368,0.635178,-0.337271,0.963,0.57946,0.589995,0.033329,0.2828,0.509831,0.626395,-0.308181,0.9562,0.54479,0.596089,0.102329,0.9965,0.479976,0.602818,-0.100551,0.9993,0.512128,0.695095,0.286406,0.6513,0.450883,0.717534,0.066773,0.958,0.458203,0.775372,0.453757,0.7235,0.423459,0.821457,0.235004,0.9446,0.421855,0.796267,0.466987,0.8266,0.394598,0.833064,0.247001,0.8884,0.548321,0.809098,0.44248,0.8326,0.519477,0.867292,0.185751,0.9144
tadasana_zen_0178,tadasana,step 5,ZEN,external,wrong,Standing,CC BY 4.0,data/datasets/yoga_for_all/tadasana/wrong/step_5-_Standing/20230312_104818.jpg,True,472,1024,True,0.9999,0.9384,171.802,172.322,151.647,154.834,17.804,20.095,161.74,165.079,176.276,178.598,171.802,172.322,151.647,154.834,176.276,178.598,161.74,165.079,5.238,8.099,161.74,171.802,151.647,5.238,0.369,-0.369,6.058,2.153,1.043,80.702,-1.0,-0.351,0.5258,0.7146,0.457713,0.35813,-0.361822,0.9999,0.472659,0.347448,-0.353478,0.9995,0.48235,0.347021,-0.352917,0.9995,0.490002,0.346956,-0.352942,0.9995,0.446301,0.348145,-0.348545,0.9996,0.438504,0.348052,-0.349657,0.9995,0.429743,0.348189,-0.348974,0.9995,0.508909,0.352207,-0.257592,0.9995,0.42281,0.353397,-0.248076,0.9996,0.478171,0.368701,-0.324698,1.0,0.442517,0.369838,-0.321091,1.0,0.598924,0.413934,-0.201023,0.9999,0.361666,0.409822,-0.20952,0.9999,0.627159,0.497595,-0.191922,0.9926,0.330252,0.487243,-0.196975,0.9912,0.578101,0.561415,-0.268275,0.9903,0.369471,0.556779,-0.287301,0.9864,0.573672,0.584981,-0.313418,0.9841,0.380058,0.57921,-0.319617,0.9761,0.547959,0.579282,-0.332307,0.9842,0.404588,0.574392,-0.333717,0.9763,0.543337,0.572072,-0.27613,0.9813,0.407213,0.56742,-0.294343,0.9753,0.547046,0.565565,0.004138,0.9999,0.417822,0.564481,-0.00273,0.9999,0.577495,0.651293,0.051739,0.9673,0.402065,0.641029,0.11213,0.9597,0.579236,0.693113,0.326508,0.9507,0.405716,0.683712,0.355614,0.9384,0.562258,0.696072,0.349182,0.7965,0.421171,0.688541,0.376112,0.7702,0.591085,0.740013,0.270283,0.9278,0.362734,0.727467,0.308081,0.9245
tadasana_zen_0179,tadasana,step 5,ZEN,external,wrong,Standing,CC BY 4.0,data/datasets/yoga_for_all/tadasana/wrong/step_5-_Standing/20230312_104827.jpg,True,472,1024,True,0.9991,0.0508,172.053,160.531,177.274,125.475,18.876,15.008,170.689,174.65,164.075,164.013,160.531,172.053,125.475,177.274,164.013,164.075,170.689,174.65,5.052,18.25,170.689,172.053,177.274,18.25,4.556,4.556,15.766,8.117,4.058,73.716,-0.9968,-0.5164,0.515,0.5762,0.431019,0.336786,-0.112407,0.9999,0.441303,0.326738,-0.145857,0.9999,0.440414,0.327641,-0.145348,0.9999,0.439136,0.328672,-0.145591,0.9999,0.452161,0.32548,-0.123105,0.9999,0.458692,0.325653,-0.12404,0.9999,0.464738,0.325914,-0.12359,0.9999,0.460661,0.338289,-0.237931,0.9999,0.500905,0.336169,-0.143924,0.9999,0.434816,0.351122,-0.14116,0.9999,0.447989,0.351005,-0.115649,0.9999,0.407673,0.439184,-0.288043,0.9999,0.635138,0.424231,-0.104825,0.9996,0.329378,0.560619,-0.263893,0.9653,0.652131,0.534209,-0.003396,0.193,0.309795,0.5973,-0.143274,0.6924,0.540333,0.576763,0.098661,0.0508,0.29838,0.605016,-0.15941,0.6289,0.528512,0.583012,0.113969,0.0584,0.309061,0.614185,-0.154488,0.6173,0.510843,0.581221,0.104475,0.0606,0.316885,0.611693,-0.141241,0.5799,0.510531,0.581091,0.095102,0.0713,0.423346,0.617113,-0.070862,0.9999,0.556117,0.612771,0.071923,0.9991,0.394596,0.725264,0.188835,0.9716,0.51334,0.680267,0.358852,0.4462,0.398148,0.822828,0.409047,0.9662,0.521409,0.747112,0.590548,0.5322,0.41022,0.846953,0.429699,0.9214,0.533711,0.76827,0.614701,0.5863,0.321659,0.797623,0.448486,0.8154,0.441121,0.729902,0.679708,0.4282
tadasana_zen_0180,tadasana,step 5,ZEN,external,wrong,Standing,CC BY 4.0,data/datasets/yoga_for_all/tadasana/wrong/step_5-_Standing/20230312_104838.jpg,True,472,1024,True,0.9984,0.0311,176.502,172.506,149.49,164.082,6.092,10.608,173.958,178.534,168.892,168.756,172.506,176.502,149.49,164.082,168.756,168.892,173.958,178.534,7.216,14.675,178.534,172.506,164.082,14.675,0.303,-0.303,17.652,20.874,23.287,87.85,-1.0,-0.4472,0.3028,0.3499,0.500795,0.310909,-0.113059,0.9971,0.484914,0.298711,-0.117169,0.9956,0.480916,0.29866,-0.115887,0.9956,0.476056,0.29854,-0.116304,0.9954,0.486852,0.298993,-0.147466,0.9956,0.484337,0.299204,-0.148,0.9954,0.481539,0.299415,-0.147231,0.9951,0.437636,0.30593,-0.090073,0.9969,0.445336,0.308326,-0.237879,0.9966,0.485097,0.324836,-0.096356,0.9981,0.486724,0.325229,-0.137945,0.9981,0.334774,0.371845,0.011479,0.9994,0.447093,0.391588,-0.288545,0.9995,0.327477,0.459394,0.026734,0.0341,0.477085,0.501379,-0.21058,0.9585,0.39764,0.519433,0.040038,0.0311,0.509609,0.536537,-0.084754,0.8517,0.406397,0.53148,0.043621,0.0457,0.516909,0.548097,-0.108549,0.8292,0.417172,0.528147,0.040167,0.0473,0.519163,0.542616,-0.105721,0.8187,0.415368,0.525606,0.036485,0.0482,0.513053,0.535582,-0.085064,0.7904,0.358603,0.533283,0.096402,0.9984,0.426901,0.546832,-0.09486,0.999,0.352588,0.607152,0.347759,0.1902,0.421067,0.625193,0.150917,0.8155,0.339972,0.665953,0.567769,0.266,0.391259,0.70766,0.386098,0.7741,0.321804,0.682329,0.587263,0.4655,0.371631,0.724976,0.404365,0.8474,0.408131,0.664501,0.616684,0.4652,0.482212,0.707524,0.392094,0.7212
