image_id,NOSE_x,NOSE_y,NOSE_z,NOSE_vis,LEFT_EYE_INNER_x,LEFT_EYE_INNER_y,LEFT_EYE_INNER_z,LEFT_EYE_INNER_vis,LEFT_EYE_x,LEFT_EYE_y,LEFT_EYE_z,LEFT_EYE_vis,LEFT_EYE_OUTER_x,LEFT_EYE_OUTER_y,LEFT_EYE_OUTER_z,LEFT_EYE_OUTER_vis,RIGHT_EYE_INNER_x,RIGHT_EYE_INNER_y,RIGHT_EYE_INNER_z,RIGHT_EYE_INNER_vis,RIGHT_EYE_x,RIGHT_EYE_y,RIGHT_EYE_z,RIGHT_EYE_vis,RIGHT_EYE_OUTER_x,RIGHT_EYE_OUTER_y,RIGHT_EYE_OUTER_z,RIGHT_EYE_OUTER_vis,LEFT_EAR_x,LEFT_EAR_y,LEFT_EAR_z,LEFT_EAR_vis,RIGHT_EAR_x,RIGHT_EAR_y,RIGHT_EAR_z,RIGHT_EAR_vis,MOUTH_LEFT_x,MOUTH_LEFT_y,MOUTH_LEFT_z,MOUTH_LEFT_vis,MOUTH_RIGHT_x,MOUTH_RIGHT_y,MOUTH_RIGHT_z,MOUTH_RIGHT_vis,LEFT_SHOULDER_x,LEFT_SHOULDER_y,LEFT_SHOULDER_z,LEFT_SHOULDER_vis,RIGHT_SHOULDER_x,RIGHT_SHOULDER_y,RIGHT_SHOULDER_z,RIGHT_SHOULDER_vis,LEFT_ELBOW_x,LEFT_ELBOW_y,LEFT_ELBOW_z,LEFT_ELBOW_vis,RIGHT_ELBOW_x,RIGHT_ELBOW_y,RIGHT_ELBOW_z,RIGHT_ELBOW_vis,LEFT_WRIST_x,LEFT_WRIST_y,LEFT_WRIST_z,LEFT_WRIST_vis,RIGHT_WRIST_x,RIGHT_WRIST_y,RIGHT_WRIST_z,RIGHT_WRIST_vis,LEFT_PINKY_x,LEFT_PINKY_y,LEFT_PINKY_z,LEFT_PINKY_vis,RIGHT_PINKY_x,RIGHT_PINKY_y,RIGHT_PINKY_z,RIGHT_PINKY_vis,LEFT_INDEX_x,LEFT_INDEX_y,LEFT_INDEX_z,LEFT_INDEX_vis,RIGHT_INDEX_x,RIGHT_INDEX_y,RIGHT_INDEX_z,RIGHT_INDEX_vis,LEFT_THUMB_x,LEFT_THUMB_y,LEFT_THUMB_z,LEFT_THUMB_vis,RIGHT_THUMB_x,RIGHT_THUMB_y,RIGHT_THUMB_z,RIGHT_THUMB_vis,LEFT_HIP_x,LEFT_HIP_y,LEFT_HIP_z,LEFT_HIP_vis,RIGHT_HIP_x,RIGHT_HIP_y,RIGHT_HIP_z,RIGHT_HIP_vis,LEFT_KNEE_x,LEFT_KNEE_y,LEFT_KNEE_z,LEFT_KNEE_vis,RIGHT_KNEE_x,RIGHT_KNEE_y,RIGHT_KNEE_z,RIGHT_KNEE_vis,LEFT_ANKLE_x,LEFT_ANKLE_y,LEFT_ANKLE_z,LEFT_ANKLE_vis,RIGHT_ANKLE_x,RIGHT_ANKLE_y,RIGHT_ANKLE_z,RIGHT_ANKLE_vis,LEFT_HEEL_x,LEFT_HEEL_y,LEFT_HEEL_z,LEFT_HEEL_vis,RIGHT_HEEL_x,RIGHT_HEEL_y,RIGHT_HEEL_z,RIGHT_HEEL_vis,LEFT_FOOT_INDEX_x,LEFT_FOOT_INDEX_y,LEFT_FOOT_INDEX_z,LEFT_FOOT_INDEX_vis,RIGHT_FOOT_INDEX_x,RIGHT_FOOT_INDEX_y,RIGHT_FOOT_INDEX_z,RIGHT_FOOT_INDEX_vis
trikonasana_commons_0001,0.314178,0.466061,-0.177698,1.0,0.29214,0.459448,-0.158459,0.9999,0.294009,0.455421,-0.157333,0.9999,0.295625,0.451905,-0.157334,0.9999,0.285545,0.474643,-0.166794,0.9999,0.282346,0.482127,-0.168016,0.9999,0.279071,0.490292,-0.167028,0.9999,0.303896,0.457776,-0.049278,0.9999,0.278754,0.515715,-0.106012,0.9999,0.340545,0.466373,-0.137228,0.9998,0.332367,0.484819,-0.152276,0.9997,0.424968,0.428793,-0.029869,1.0,0.37527,0.614124,-0.034697,0.9981,0.439827,0.266312,-0.046773,0.9927,0.356789,0.774054,-0.037173,0.9607,0.447952,0.120675,-0.116543,0.9897,0.266287,0.876604,-0.094933,0.8776,0.454775,0.075706,-0.13153,0.9641,0.239291,0.904042,-0.088455,0.7828,0.444493,0.072835,-0.157039,0.9707,0.226162,0.899668,-0.110035,0.8075,0.441359,0.090183,-0.131516,0.9785,0.239085,0.893686,-0.109468,0.8199,0.754525,0.627093,-0.038637,0.9983,0.69958,0.667834,0.039102,0.9944,0.583578,0.778848,-0.104628,0.9823,0.469053,0.796922,0.100945,0.7613,0.676891,0.887223,-0.012698,0.8592,0.210094,0.903541,0.128871,0.7807,0.695492,0.892535,-0.005562,0.8188,0.223797,0.958388,0.128452,0.7697,0.667604,0.936879,-0.064932,0.8552,0.089797,0.95024,0.092433,0.8354
trikonasana_commons_0002,0.729735,0.476913,-0.220348,1.0,0.732134,0.48425,-0.216666,1.0,0.730493,0.48514,-0.215321,1.0,0.728906,0.486079,-0.215454,1.0,0.733499,0.483926,-0.212471,1.0,0.732777,0.484736,-0.212817,1.0,0.731998,0.485455,-0.212347,1.0,0.711919,0.495377,-0.170093,1.0,0.714899,0.492337,-0.156969,1.0,0.711395,0.479278,-0.205829,1.0,0.715906,0.477044,-0.199192,1.0,0.637082,0.541001,-0.111706,1.0,0.640102,0.443922,-0.169367,1.0,0.672636,0.628848,-0.137692,0.9957,0.651045,0.360021,-0.170385,0.9957,0.710103,0.704764,-0.242067,0.9821,0.672002,0.274666,-0.205444,0.9809,0.720914,0.720932,-0.251242,0.9613,0.679479,0.258543,-0.217093,0.9584,0.724633,0.721807,-0.283843,0.9623,0.684601,0.256563,-0.238308,0.9633,0.720164,0.717655,-0.258304,0.9627,0.680865,0.262781,-0.224534,0.9776,0.455222,0.518897,0.041829,0.9973,0.411848,0.495589,-0.04026,0.9923,0.542604,0.628836,0.072231,0.9728,0.297449,0.603368,-0.093723,0.9958,0.65735,0.717012,0.154388,0.9579,0.25321,0.713733,0.04379,0.984,0.658301,0.733117,0.156126,0.9709,0.238517,0.722876,0.05007,0.9833,0.738785,0.734731,0.105716,0.9816,0.275648,0.747195,-0.059018,0.9868
trikonasana_commons_0003,0.764138,0.459368,-0.246372,1.0,0.767308,0.476562,-0.233217,1.0,0.764971,0.481757,-0.231894,1.0,0.763303,0.485358,-0.232129,1.0,0.771063,0.468546,-0.230102,1.0,0.771157,0.467077,-0.230562,1.0,0.771327,0.463635,-0.229806,1.0,0.749387,0.495379,-0.16866,1.0,0.75814,0.469999,-0.161051,1.0,0.740281,0.466893,-0.22756,1.0,0.747391,0.454235,-0.223106,1.0,0.666681,0.559823,-0.113163,1.0,0.677854,0.394652,-0.181401,1.0,0.710311,0.686703,-0.11275,0.9957,0.682383,0.266219,-0.197897,0.9973,0.754856,0.806926,-0.20824,0.9906,0.71149,0.137041,-0.289252,0.9952,0.764112,0.832383,-0.216186,0.9801,0.718402,0.109083,-0.318367,0.9909,0.770025,0.833588,-0.258056,0.9817,0.723524,0.108602,-0.329843,0.9921,0.760042,0.826901,-0.227871,0.9842,0.719274,0.119404,-0.306183,0.9943,0.461619,0.530256,0.062261,0.9992,0.399497,0.4847,-0.061018,0.9989,0.564987,0.690067,0.120686,0.9192,0.284669,0.651802,-0.115534,0.9989,0.697255,0.832794,0.203518,0.9368,0.224075,0.825057,0.022491,0.9981,0.698797,0.858068,0.207848,0.9717,0.205303,0.851517,0.02526,0.9969,0.788133,0.854719,0.157501,0.9799,0.258257,0.884302,-0.122212,0.9969
trikonasana_commons_0004,0.679494,0.456475,-0.281602,0.9999,0.694563,0.471901,-0.271774,0.9997,0.693346,0.478962,-0.270753,0.9997,0.692378,0.485627,-0.270989,0.9997,0.697494,0.453495,-0.270462,0.9997,0.697999,0.448085,-0.271441,0.9997,0.698473,0.4432,-0.270804,0.9997,0.686102,0.50123,-0.167292,0.9997,0.695366,0.447028,-0.171845,0.9998,0.651608,0.472379,-0.241896,0.9998,0.657594,0.448219,-0.240222,0.9999,0.610219,0.544278,-0.066107,0.9999,0.597445,0.390088,-0.142608,0.9999,0.61129,0.647375,-0.087531,0.9857,0.560322,0.268446,-0.166689,0.9942,0.630319,0.746216,-0.199988,0.9732,0.538098,0.13812,-0.2346,0.9892,0.642651,0.773973,-0.208821,0.9382,0.545558,0.108865,-0.252883,0.9672,0.650815,0.775433,-0.248136,0.9475,0.549387,0.105394,-0.27562,0.9733,0.645894,0.767675,-0.21673,0.9568,0.541116,0.116665,-0.252312,0.9765,0.364846,0.512815,0.060636,0.9941,0.289553,0.456484,-0.059938,0.9934,0.411102,0.670731,0.055259,0.5115,0.233962,0.639888,-0.076345,0.8882,0.319579,0.779891,0.16135,0.3574,0.190205,0.78324,0.070768,0.6784,0.293039,0.784035,0.166478,0.3635,0.198625,0.7832,0.084204,0.5641,0.31906,0.836613,0.088101,0.3746,0.192737,0.833304,0.005501,0.6155
trikonasana_commons_0005,0.295919,0.393245,-0.522218,1.0,0.273731,0.389959,-0.519716,0.9999,0.271851,0.387041,-0.518862,0.9999,0.269705,0.383958,-0.518433,0.9999,0.274108,0.40185,-0.523748,0.9999,0.272218,0.408251,-0.525123,0.9998,0.269838,0.415472,-0.523816,0.9997,0.262266,0.386191,-0.421528,0.9999,0.258255,0.437816,-0.455927,0.9998,0.309715,0.393813,-0.47854,0.9999,0.31162,0.407353,-0.487292,0.9999,0.342516,0.337018,-0.320149,1.0,0.29997,0.494914,-0.318937,0.9997,0.401075,0.224512,-0.332089,0.9994,0.270629,0.598193,-0.304915,0.9885,0.460543,0.1091,-0.430536,0.9972,0.210542,0.694469,-0.371364,0.9473,0.469206,0.076367,-0.457448,0.9899,0.199194,0.718969,-0.374903,0.8967,0.470816,0.071109,-0.491238,0.9897,0.197629,0.722498,-0.403012,0.9109,0.470635,0.086164,-0.450045,0.9929,0.204644,0.715976,-0.386803,0.9194,0.594905,0.466151,-0.029473,0.9995,0.488183,0.504461,0.030255,0.9995,0.659112,0.637848,-0.002877,0.9943,0.368628,0.637883,-0.064308,0.9157,0.679236,0.762876,0.23792,0.9664,0.279562,0.78153,-0.061616,0.9496,0.670392,0.781236,0.255634,0.9346,0.283946,0.813293,-0.067194,0.9426,0.721654,0.800404,0.142394,0.9456,0.197413,0.81597,-0.174891,0.9687
trikonasana_commons_0006,0.677285,0.452958,-0.33165,0.9997,0.694553,0.460715,-0.315181,0.9995,0.69428,0.465892,-0.314455,0.9995,0.694156,0.470899,-0.314616,0.9995,0.693942,0.44623,-0.322171,0.9993,0.692708,0.441306,-0.323292,0.9993,0.691342,0.436457,-0.322487,0.9992,0.684801,0.480064,-0.212217,0.9994,0.67536,0.434709,-0.250363,0.9992,0.656511,0.46615,-0.295552,0.9996,0.652533,0.448204,-0.303543,0.9996,0.596738,0.557226,-0.128338,0.9996,0.554452,0.398311,-0.217679,0.9999,0.553587,0.661968,-0.143891,0.9546,0.536633,0.289542,-0.260663,0.9973,0.543832,0.759458,-0.250359,0.8072,0.510534,0.182979,-0.31435,0.9543,0.534554,0.786783,-0.250599,0.6312,0.495128,0.148002,-0.344856,0.9024,0.535641,0.78434,-0.291364,0.6735,0.50019,0.145984,-0.355673,0.9047,0.534447,0.77819,-0.26836,0.7316,0.501809,0.154723,-0.328939,0.9224,0.419913,0.611561,0.056727,0.9971,0.297324,0.587768,-0.055643,0.9975,0.490201,0.74726,-0.028991,0.9123,0.324106,0.740637,-0.143216,0.9938,0.538693,0.924635,0.022499,0.9006,0.329476,0.925906,-0.080828,0.9861,0.521948,0.947306,0.022132,0.8314,0.348666,0.947908,-0.07919,0.9403,0.642135,0.973566,-0.071387,0.9025,0.388396,0.954895,-0.189625,0.9773
trikonasana_commons_0007,0.759857,0.426004,-0.024577,0.9999,0.784742,0.431592,-0.037576,0.9997,0.784486,0.433999,-0.036963,0.9997,0.783966,0.436399,-0.037089,0.9997,0.786983,0.431713,-0.01732,0.9998,0.788243,0.434267,-0.018675,0.9998,0.78924,0.436808,-0.018286,0.9999,0.78134,0.462527,-0.045097,0.9998,0.788262,0.460476,0.025472,1.0,0.741327,0.438799,-0.026785,0.9999,0.745443,0.438108,-0.003493,1.0,0.702656,0.575606,0.045206,0.9994,0.671304,0.466328,-0.01625,1.0,0.669543,0.763769,0.008919,0.8644,0.660711,0.297131,-0.043244,0.9548,0.668161,0.885338,-0.116917,0.4421,0.68401,0.154373,-0.113985,0.9109,0.695172,0.907592,-0.127148,0.2941,0.671535,0.116922,-0.126503,0.7778,0.698379,0.918059,-0.165959,0.3149,0.694396,0.113048,-0.136386,0.8031,0.69493,0.906992,-0.1359,0.379,0.696617,0.126698,-0.126411,0.8328,0.35308,0.58343,0.069519,0.9996,0.383925,0.593705,-0.068707,0.9996,0.196298,0.726685,0.121743,0.9628,0.628302,0.756795,-0.063692,0.9899,0.052903,0.872189,0.210226,0.9798,0.745326,0.910367,-0.006821,0.9737,0.02182,0.886603,0.213649,0.9614,0.675997,0.998248,-0.003522,0.9285,0.049484,0.921799,0.140371,0.937,0.810765,0.981476,-0.061756,0.9483
trikonasana_commons_0008,0.805606,0.463878,-0.318578,1.0,0.828911,0.482601,-0.307871,0.9999,0.828845,0.49112,-0.306912,0.9999,0.82857,0.499469,-0.307031,0.9998,0.83186,0.463718,-0.301673,0.9999,0.83369,0.459607,-0.302266,1.0,0.83539,0.455887,-0.301241,0.9999,0.823012,0.522018,-0.219412,0.9999,0.829488,0.462814,-0.198334,1.0,0.783748,0.481544,-0.285998,0.9999,0.788108,0.458155,-0.276993,1.0,0.733879,0.589924,-0.118453,1.0,0.735473,0.385116,-0.178742,1.0,0.738557,0.745745,-0.096028,0.963,0.673762,0.241934,-0.195919,0.9986,0.7792,0.861074,-0.162728,0.895,0.654858,0.099458,-0.286883,0.9951,0.795421,0.892725,-0.16158,0.8086,0.658781,0.060932,-0.308072,0.9827,0.80404,0.895332,-0.200194,0.8271,0.66836,0.061922,-0.312187,0.9846,0.793889,0.889153,-0.178397,0.8561,0.664623,0.074104,-0.298001,0.9883,0.475131,0.562438,0.046347,0.9994,0.406716,0.500665,-0.045302,0.9998,0.658147,0.725194,0.09054,0.8472,0.238568,0.684637,-0.030931,0.9967,0.827331,0.906832,0.181647,0.9239,0.101368,0.848724,0.126223,0.9797,0.83629,0.947491,0.186914,0.9505,0.089546,0.87436,0.136911,0.9648,0.962691,0.934038,0.125546,0.9628,0.059783,0.908727,0.034691,0.9811
trikonasana_commons_0009,0.247014,0.58659,-0.239967,1.0,0.226601,0.575862,-0.229555,1.0,0.227015,0.568791,-0.227995,1.0,0.227741,0.562647,-0.228206,1.0,0.22623,0.596677,-0.218224,1.0,0.226355,0.603138,-0.219524,1.0,0.226982,0.609321,-0.218603,1.0,0.238121,0.554928,-0.13589,1.0,0.238407,0.615897,-0.108622,1.0,0.276431,0.575965,-0.207562,1.0,0.275166,0.598553,-0.196906,1.0,0.358942,0.507095,-0.120019,1.0,0.351506,0.643081,0.001552,0.9999,0.437876,0.352139,-0.18618,0.9981,0.335689,0.75618,0.103866,0.8891,0.483108,0.193622,-0.256975,0.9829,0.318199,0.851468,0.171373,0.8751,0.479529,0.15404,-0.255284,0.9458,0.305302,0.887577,0.203079,0.7981,0.471311,0.147838,-0.302939,0.96,0.305011,0.88566,0.187842,0.8048,0.477214,0.160979,-0.278167,0.9739,0.31457,0.876888,0.165045,0.8453,0.710213,0.553194,-0.082562,0.9999,0.692262,0.577345,0.083312,0.9999,0.56292,0.726515,-0.076533,0.9291,0.5732,0.647856,0.28277,0.4158,0.409113,0.884038,-0.048652,0.9449,0.506375,0.732076,0.408761,0.6602,0.434886,0.929982,-0.050912,0.9731,0.518866,0.750493,0.417338,0.6499,0.292442,0.923176,-0.099572,0.9242,0.442075,0.752133,0.386119,0.6396
trikonasana_commons_0010,0.217194,0.419351,-0.341277,1.0,0.189651,0.41991,-0.324685,1.0,0.18772,0.417041,-0.323407,1.0,0.185583,0.414074,-0.323507,1.0,0.194157,0.432398,-0.327425,1.0,0.196015,0.439246,-0.328564,1.0,0.19868,0.447214,-0.327667,1.0,0.195172,0.416833,-0.210299,1.0,0.214441,0.46563,-0.247808,1.0,0.240886,0.413716,-0.299468,1.0,0.248404,0.429225,-0.30774,1.0,0.320581,0.359137,-0.173959,1.0,0.338427,0.512989,-0.144373,0.9998,0.373741,0.24472,-0.189659,0.997,0.373609,0.642729,-0.121169,0.9378,0.390843,0.131066,-0.217049,0.9884,0.411038,0.757871,-0.175472,0.7374,0.376967,0.102201,-0.227252,0.9742,0.419655,0.785986,-0.158682,0.6592,0.368824,0.096813,-0.26285,0.9801,0.423446,0.790514,-0.198557,0.6867,0.377346,0.109157,-0.233299,0.9828,0.425145,0.778202,-0.196991,0.7351,0.680747,0.434422,-0.068795,1.0,0.641454,0.484541,0.069687,0.9999,0.630661,0.608853,-0.179902,0.9857,0.650492,0.557988,0.282138,0.616,0.55667,0.816159,-0.303684,0.993,0.587863,0.625133,0.443854,0.4898,0.566117,0.839477,-0.318856,0.9963,0.598437,0.637693,0.457751,0.5879,0.405549,0.843348,-0.410466,0.9938,0.531047,0.648599,0.460375,0.5475
trikonasana_commons_0011,0.449875,0.536183,-0.634473,0.938,0.44415,0.519855,-0.659816,0.8995,0.446152,0.514667,-0.65883,0.9062,0.448254,0.509524,-0.658629,0.8489,0.435884,0.532217,-0.662161,0.9348,0.432571,0.535358,-0.662759,0.9385,0.429331,0.538449,-0.662812,0.9394,0.442964,0.492888,-0.610142,0.8713,0.415284,0.535021,-0.615598,0.9573,0.453871,0.529296,-0.59601,0.9526,0.445689,0.541759,-0.604446,0.9714,0.454281,0.455178,-0.474289,0.991,0.394056,0.575705,-0.48062,0.9934,0.485181,0.395301,-0.455756,0.881,0.419092,0.69783,-0.510819,0.9704,0.46585,0.368127,-0.484105,0.9331,0.432237,0.807082,-0.51786,0.9075,0.463455,0.350484,-0.52833,0.8612,0.42184,0.83714,-0.532742,0.7644,0.450856,0.362408,-0.527359,0.8894,0.437308,0.828834,-0.559608,0.7919,0.453765,0.372031,-0.486366,0.867,0.446586,0.815299,-0.531754,0.8565,0.486231,0.559777,0.005518,0.9969,0.440535,0.603708,-0.002978,0.9952,0.513158,0.611484,0.319592,0.1016,0.480115,0.647743,0.32876,0.0492,0.523799,0.629558,0.655644,0.1103,0.491415,0.655889,0.7369,0.04,0.522609,0.630393,0.691479,0.0667,0.48967,0.652424,0.779057,0.0518,0.545989,0.654701,0.602992,0.1448,0.513328,0.686745,0.704901,0.0766
trikonasana_commons_0012,0.432908,0.516333,-0.580242,0.9998,0.418373,0.501487,-0.586148,0.9994,0.417844,0.499314,-0.584892,0.9994,0.420194,0.496545,-0.584445,0.9984,0.41151,0.50962,-0.590311,0.9997,0.40781,0.516495,-0.590397,0.9997,0.399056,0.520908,-0.590394,0.9997,0.412942,0.491967,-0.497039,0.9975,0.37184,0.521773,-0.534525,0.9998,0.441337,0.524666,-0.538061,0.9995,0.426287,0.538595,-0.551308,0.9998,0.481535,0.494279,-0.331739,0.9997,0.335419,0.599106,-0.452585,0.9998,0.498352,0.434133,-0.162076,0.6372,0.316033,0.705139,-0.499501,0.9083,0.461361,0.389628,-0.02836,0.7199,0.273981,0.81035,-0.529345,0.7756,0.454731,0.374101,-0.004361,0.5754,0.261976,0.839452,-0.529446,0.648,0.451913,0.383325,-0.005308,0.572,0.274062,0.840116,-0.556465,0.6498,0.456742,0.391211,-0.02438,0.566,0.283034,0.836589,-0.540606,0.6075,0.506599,0.676212,0.039011,1.0,0.403866,0.690804,-0.037361,1.0,0.55687,0.814095,0.254014,0.7358,0.328473,0.810455,0.011393,0.936,0.59279,0.867951,0.633329,0.8794,0.279486,0.90047,0.145876,0.9659,0.580336,0.881295,0.662604,0.7987,0.274861,0.908867,0.155911,0.7916,0.664503,0.906632,0.597253,0.8795,0.288012,0.950531,0.045645,0.9605
trikonasana_commons_0013,0.814876,0.494522,-0.384991,1.0,0.84356,0.508002,-0.369533,0.9999,0.842644,0.515538,-0.368458,0.9998,0.841916,0.521918,-0.368541,0.9998,0.84621,0.48428,-0.364787,0.9999,0.846745,0.476536,-0.365563,0.9999,0.847307,0.470115,-0.364886,0.9999,0.831967,0.536584,-0.262373,0.9995,0.844581,0.465639,-0.247882,0.9999,0.782942,0.51063,-0.347067,0.9998,0.782645,0.48193,-0.341336,0.9999,0.717172,0.59022,-0.163757,0.9999,0.698302,0.407721,-0.2338,1.0,0.698543,0.71545,-0.132379,0.9722,0.61632,0.268866,-0.262985,0.9989,0.694068,0.826117,-0.235739,0.94,0.581823,0.125108,-0.357459,0.9972,0.694097,0.868383,-0.245667,0.8954,0.585894,0.082306,-0.39001,0.9927,0.702118,0.870523,-0.292078,0.9101,0.593452,0.07841,-0.406712,0.9939,0.696004,0.858384,-0.256736,0.9234,0.588224,0.09437,-0.374428,0.9943,0.383797,0.590936,0.073113,0.9962,0.27123,0.554431,-0.07192,0.9995,0.491387,0.801075,0.185299,0.5993,0.231753,0.73879,-0.067574,0.9886,0.682046,0.898021,0.306552,0.6131,0.160676,0.910987,0.126072,0.9876,0.669792,0.930112,0.317385,0.6695,0.148041,0.933577,0.13481,0.9613,0.785906,0.957517,0.237183,0.8037,0.189717,0.968754,-0.019026,0.9817
trikonasana_commons_0014,0.560163,0.497222,-0.188711,0.9996,0.554428,0.499457,-0.177422,0.9991,0.55416,0.499963,-0.176546,0.9992,0.55383,0.500395,-0.176279,0.9991,0.554508,0.501474,-0.185942,0.9993,0.554541,0.503273,-0.186696,0.9994,0.554535,0.505168,-0.186259,0.9994,0.555649,0.510177,-0.106583,0.9987,0.55775,0.51724,-0.160189,0.9996,0.565467,0.501876,-0.163677,0.9996,0.565622,0.504871,-0.177477,0.9997,0.592617,0.491888,-0.099753,0.9998,0.582326,0.563249,-0.11081,0.999,0.591279,0.434151,-0.124842,0.9961,0.583482,0.622509,-0.090468,0.9845,0.592015,0.378542,-0.21332,0.9901,0.567203,0.676713,-0.136561,0.9728,0.590507,0.364356,-0.235222,0.9754,0.562258,0.694477,-0.144525,0.9388,0.588097,0.36278,-0.258672,0.9782,0.561911,0.691993,-0.170129,0.9435,0.59027,0.368982,-0.228908,0.9808,0.564717,0.686813,-0.153564,0.9472,0.696291,0.559618,-0.047588,0.9991,0.673768,0.585891,0.048804,0.9983,0.750636,0.631714,-0.018411,0.9994,0.610523,0.637238,0.06979,0.9468,0.784899,0.713051,0.069339,0.9986,0.629483,0.650097,0.261286,0.8429,0.785896,0.723307,0.071553,0.9847,0.636113,0.647645,0.273055,0.886,0.782177,0.73729,-0.047831,0.9967,0.620717,0.671713,0.237294,0.9142
trikonasana_commons_0016,0.249047,0.439526,-0.253402,0.9999,0.245471,0.432466,-0.244035,0.9999,0.251631,0.42707,-0.243154,0.9999,0.255774,0.424263,-0.243267,0.9999,0.237155,0.441838,-0.234506,0.9998,0.234091,0.446921,-0.235449,0.9998,0.232219,0.450486,-0.234657,0.9997,0.27532,0.425126,-0.182609,1.0,0.243892,0.461955,-0.162289,0.9998,0.276774,0.438961,-0.23152,0.9999,0.263769,0.454314,-0.224619,0.9999,0.358789,0.408514,-0.178725,1.0,0.3213,0.519143,-0.086467,0.997,0.357967,0.303708,-0.249986,0.9986,0.316678,0.593277,-0.108145,0.6412,0.353461,0.213126,-0.334038,0.9963,0.337608,0.564078,-0.187564,0.4743,0.344727,0.185627,-0.367116,0.9899,0.362234,0.566267,-0.188517,0.3822,0.339774,0.185443,-0.383845,0.9906,0.355992,0.55904,-0.186638,0.3615,0.343929,0.193054,-0.347613,0.9898,0.343982,0.555904,-0.191003,0.3746,0.612947,0.556972,-0.066577,1.0,0.509844,0.582109,0.067316,0.9997,0.629997,0.706777,-0.202943,0.9961,0.458746,0.666553,0.23226,0.521,0.636306,0.87121,-0.295708,0.9971,0.452814,0.757861,0.381644,0.6327,0.64629,0.88948,-0.309826,0.9879,0.465034,0.781027,0.389183,0.6711,0.555559,0.915044,-0.406486,0.9944,0.362085,0.772322,0.368724,0.7964
trikonasana_commons_0017,0.529338,0.539675,-0.634337,0.9994,0.527497,0.538607,-0.64762,0.9991,0.534567,0.54256,-0.646125,0.9985,0.534739,0.543278,-0.645506,0.9984,0.527802,0.534585,-0.650694,0.9995,0.535556,0.540211,-0.651118,0.9991,0.536139,0.539867,-0.650016,0.9995,0.529773,0.542894,-0.565695,0.9963,0.53308,0.539559,-0.586602,0.9986,0.522169,0.540025,-0.592858,0.9981,0.523188,0.537566,-0.60008,0.9984,0.476212,0.525738,-0.449465,0.998,0.512302,0.546341,-0.462194,0.9993,0.447878,0.476824,-0.455769,0.9968,0.550053,0.554134,-0.322512,0.857,0.384212,0.420813,-0.399942,0.957,0.578509,0.52448,-0.231345,0.6391,0.366878,0.404735,-0.412452,0.8585,0.600855,0.519487,-0.224688,0.5168,0.372531,0.402445,-0.391803,0.8509,0.590806,0.513609,-0.259915,0.5059,0.379476,0.409572,-0.393205,0.7492,0.58085,0.514089,-0.239681,0.4595,0.428197,0.595472,0.036794,0.9988,0.401711,0.612228,-0.034599,0.9996,0.521153,0.631605,0.238038,0.5826,0.391376,0.694913,0.086393,0.96,0.588322,0.717297,0.432118,0.6417,0.359641,0.771021,0.300188,0.9651,0.58904,0.730812,0.449983,0.4543,0.352168,0.780767,0.322893,0.8325,0.625649,0.742735,0.466094,0.7323,0.376471,0.803564,0.27496,0.9314
trikonasana_commons_0018,0.253526,0.399584,-0.052812,1.0,0.242641,0.388955,-0.040651,1.0,0.246109,0.383587,-0.039766,1.0,0.249444,0.37818,-0.039905,1.0,0.239707,0.40204,-0.028787,1.0,0.239217,0.406335,-0.02914,1.0,0.23905,0.409845,-0.028536,1.0,0.273304,0.370286,0.02904,1.0,0.249827,0.41684,0.07118,1.0,0.282806,0.396384,-0.028966,1.0,0.273973,0.411865,-0.016425,1.0,0.3753,0.332934,0.036475,1.0,0.314718,0.477723,0.110601,0.9999,0.384942,0.234068,-0.041228,0.9993,0.338303,0.581676,0.12942,0.9362,0.362259,0.126115,-0.120759,0.9963,0.323496,0.693579,0.03682,0.9278,0.348552,0.102181,-0.151938,0.9891,0.315916,0.718382,0.036199,0.8549,0.339894,0.104024,-0.163664,0.9894,0.307589,0.719102,-0.000115,0.864,0.345644,0.113026,-0.132444,0.9926,0.314579,0.71387,0.016609,0.8735,0.585542,0.538305,-0.044744,0.9999,0.475283,0.571051,0.045465,0.9998,0.637848,0.723144,-0.182058,0.9948,0.399325,0.693434,0.030368,0.9013,0.706377,0.909482,-0.213496,0.975,0.337868,0.826664,0.057201,0.7851,0.709176,0.926734,-0.220178,0.9056,0.338682,0.853828,0.055011,0.7955,0.700523,0.965369,-0.363697,0.9548,0.229422,0.860753,-0.048735,0.8751
trikonasana_commons_0020,0.799868,0.433701,-0.195436,1.0,0.825202,0.443884,-0.197971,0.9997,0.826267,0.449384,-0.197,0.9999,0.827381,0.455114,-0.196975,0.9997,0.824186,0.436519,-0.177275,0.9998,0.824466,0.436423,-0.177643,0.9999,0.824983,0.436508,-0.176995,0.9997,0.823233,0.487164,-0.177181,0.9998,0.823747,0.463413,-0.088058,0.9999,0.779158,0.450667,-0.188824,0.9999,0.778171,0.440275,-0.159742,0.9999,0.726009,0.589966,-0.088271,0.9999,0.717893,0.415216,-0.112744,1.0,0.704796,0.754154,-0.081378,0.9791,0.716899,0.2626,-0.12773,0.9979,0.715156,0.888623,-0.195904,0.9315,0.740487,0.130767,-0.218239,0.9956,0.706344,0.926239,-0.200428,0.8939,0.745899,0.08414,-0.246869,0.986,0.710249,0.930289,-0.247412,0.9054,0.756285,0.081123,-0.2518,0.9879,0.713168,0.91844,-0.215903,0.9105,0.752286,0.095474,-0.232802,0.9919,0.447471,0.581601,0.044741,0.9989,0.372295,0.537128,-0.043522,0.9991,0.628487,0.746017,0.06618,0.8677,0.214328,0.732141,-0.075787,0.9974,0.788951,0.924802,0.173809,0.9169,0.089955,0.910835,0.038434,0.9916,0.795177,0.962683,0.179782,0.9623,0.069544,0.931142,0.043145,0.991,0.911017,0.953699,0.127435,0.9662,0.09234,0.970581,-0.067255,0.9919
trikonasana_commons_0021,0.786222,0.523389,-0.372838,1.0,0.814439,0.544744,-0.364465,1.0,0.812205,0.554031,-0.363354,1.0,0.809714,0.563008,-0.36349,1.0,0.819062,0.527605,-0.36252,1.0,0.820255,0.524028,-0.363646,1.0,0.82093,0.520437,-0.362932,1.0,0.790478,0.582524,-0.262644,1.0,0.808719,0.525487,-0.273801,1.0,0.750163,0.537806,-0.335295,1.0,0.756826,0.5161,-0.335965,1.0,0.66374,0.630564,-0.177548,1.0,0.67743,0.458883,-0.239232,1.0,0.722764,0.740041,-0.132208,0.9794,0.595663,0.319698,-0.295063,0.9926,0.803905,0.846029,-0.149289,0.9786,0.575199,0.16316,-0.384137,0.9911,0.817357,0.873914,-0.150943,0.9459,0.5774,0.108753,-0.403814,0.9623,0.831058,0.872179,-0.181268,0.9559,0.582991,0.106773,-0.429809,0.9703,0.824203,0.862747,-0.160878,0.9626,0.577166,0.125057,-0.403908,0.9749,0.300672,0.60643,0.055216,0.9999,0.292547,0.557536,-0.054891,0.9995,0.394952,0.708451,0.253142,0.8188,0.442607,0.662801,0.13363,0.8105,0.196813,0.700095,0.477591,0.9362,0.607636,0.827503,0.337317,0.832,0.220557,0.722494,0.498723,0.9229,0.622198,0.856512,0.356781,0.7121,0.202677,0.777727,0.445918,0.9387,0.683263,0.860407,0.307023,0.8193
trikonasana_commons_0022,0.721292,0.397579,-0.218477,1.0,0.733497,0.413365,-0.209737,1.0,0.733165,0.420085,-0.2088,1.0,0.732647,0.426676,-0.209048,1.0,0.734062,0.40052,-0.197926,1.0,0.733748,0.398464,-0.198419,1.0,0.73342,0.39664,-0.197777,1.0,0.722188,0.451045,-0.16136,1.0,0.720644,0.4121,-0.113215,1.0,0.703773,0.412076,-0.20284,1.0,0.705664,0.397042,-0.1862,1.0,0.647955,0.550972,-0.104062,0.9999,0.618288,0.34834,-0.120148,1.0,0.637336,0.713385,-0.107728,0.9573,0.627061,0.225017,-0.137996,0.9983,0.678162,0.817289,-0.229959,0.8471,0.65528,0.093059,-0.232103,0.9927,0.684649,0.840938,-0.246429,0.7497,0.65807,0.053116,-0.259768,0.9713,0.709598,0.827637,-0.288377,0.7695,0.661748,0.051686,-0.265624,0.9742,0.69994,0.821462,-0.250324,0.8177,0.66084,0.066432,-0.246584,0.9827,0.480974,0.592489,0.031583,0.9996,0.397942,0.550551,-0.030184,1.0,0.624582,0.74753,0.024756,0.9158,0.262997,0.718089,-0.042814,0.9964,0.749752,0.88372,0.106238,0.8398,0.153498,0.879934,0.10475,0.9918,0.755386,0.905775,0.111092,0.9037,0.146192,0.902536,0.11298,0.9865,0.827769,0.90608,0.063948,0.9074,0.141584,0.916849,0.018577,0.9898
trikonasana_commons_0023,0.175275,0.454775,-0.202089,1.0,0.158106,0.463961,-0.179718,0.9999,0.157942,0.464564,-0.178959,0.9999,0.157788,0.465572,-0.178593,0.9999,0.159118,0.469792,-0.193493,0.9999,0.15973,0.473895,-0.194276,0.9998,0.160615,0.478144,-0.193278,0.9998,0.169827,0.486442,-0.084583,1.0,0.174839,0.503371,-0.163538,0.9999,0.194094,0.458074,-0.170354,0.9999,0.197855,0.466081,-0.191232,0.9999,0.286693,0.432242,-0.082377,1.0,0.270689,0.57572,-0.126627,0.9991,0.268005,0.308255,-0.118464,0.9992,0.26648,0.681238,-0.144338,0.9902,0.235021,0.212661,-0.226361,0.9987,0.219852,0.782136,-0.244039,0.9735,0.225995,0.181656,-0.259756,0.9951,0.195273,0.801001,-0.265448,0.9442,0.218588,0.179235,-0.278057,0.9957,0.193738,0.800878,-0.293321,0.9515,0.220953,0.190312,-0.242947,0.9968,0.204167,0.79574,-0.264593,0.9569,0.566262,0.532664,-0.021036,0.9995,0.473927,0.578889,0.021995,0.9983,0.700122,0.68131,-0.049205,0.9993,0.353149,0.690371,0.07272,0.9033,0.795978,0.815593,0.063231,0.9889,0.233491,0.796754,0.194084,0.9683,0.802501,0.834075,0.069566,0.9669,0.231064,0.815535,0.197278,0.976,0.840412,0.857752,-0.045453,0.9789,0.151483,0.821298,0.110875,0.9765
trikonasana_commons_0024,0.638052,0.372921,-0.079137,1.0,0.639981,0.359484,-0.101018,1.0,0.63385,0.355085,-0.100169,1.0,0.628404,0.35152,-0.100033,1.0,0.650293,0.368161,-0.113895,1.0,0.652213,0.370615,-0.114602,1.0,0.654966,0.373909,-0.114068,1.0,0.611087,0.35423,-0.137083,1.0,0.645541,0.383176,-0.212749,1.0,0.616619,0.379031,-0.087283,1.0,0.628155,0.389615,-0.108141,1.0,0.504235,0.36519,-0.092969,1.0,0.583725,0.479442,-0.250117,1.0,0.5135,0.249366,-0.086001,0.9994,0.544929,0.609341,-0.259641,0.9975,0.546414,0.13796,-0.126504,0.9987,0.551237,0.733302,-0.231835,0.9447,0.544306,0.107003,-0.141051,0.9978,0.546119,0.765362,-0.247145,0.8927,0.55578,0.104007,-0.156045,0.9976,0.552899,0.769674,-0.241313,0.8909,0.559005,0.114744,-0.134493,0.9973,0.554414,0.756724,-0.228512,0.8614,0.349722,0.56397,0.091438,0.9999,0.406436,0.600657,-0.089852,1.0,0.294738,0.670868,0.259893,0.97,0.530495,0.748605,-0.065605,0.9997,0.208028,0.78924,0.42589,0.9874,0.646091,0.917451,-0.034965,0.9991,0.18292,0.805393,0.436817,0.9839,0.641895,0.942955,-0.031623,0.9962,0.256393,0.809737,0.425055,0.9841,0.766593,0.955096,-0.072246,0.9964
trikonasana_commons_0025,0.819821,0.448171,-0.71527,0.9992,0.81246,0.457676,-0.720072,0.9989,0.808075,0.456761,-0.718889,0.9987,0.803779,0.455825,-0.718538,0.9984,0.823404,0.460216,-0.724928,0.9992,0.826657,0.460996,-0.724977,0.999,0.829916,0.461689,-0.724256,0.9987,0.792474,0.458966,-0.616235,0.9984,0.829887,0.464656,-0.645253,0.9982,0.81247,0.444763,-0.666237,0.9986,0.824687,0.44566,-0.678723,0.9973,0.754502,0.42652,-0.460992,0.9954,0.845047,0.4715,-0.472051,0.9857,0.703113,0.357571,-0.445113,0.8991,0.867062,0.399491,-0.451456,0.9678,0.681056,0.287999,-0.535788,0.944,0.887034,0.301765,-0.53747,0.8559,0.665403,0.269028,-0.592331,0.939,0.900301,0.277308,-0.571829,0.7738,0.673981,0.276178,-0.593173,0.9424,0.885277,0.268531,-0.578991,0.8383,0.683133,0.282193,-0.542045,0.9222,0.878133,0.279301,-0.546257,0.847,0.811654,0.475927,-0.001487,0.9929,0.832057,0.507621,0.005259,0.9829,0.809582,0.443739,0.00237,0.6329,0.827879,0.588515,0.063099,0.3946,0.840445,0.476595,0.151759,0.4332,0.813596,0.64505,0.17456,0.426,0.843852,0.483883,0.161786,0.3366,0.810815,0.653637,0.184195,0.2052,0.84802,0.464359,0.093,0.4568,0.807039,0.644237,0.096645,0.3933
trikonasana_commons_0026,0.491602,0.472286,-0.225715,0.9999,0.495657,0.488194,-0.223464,0.9995,0.502534,0.491264,-0.222269,0.9997,0.502387,0.492167,-0.222315,0.9995,0.494695,0.480109,-0.215883,0.9995,0.494927,0.481042,-0.21633,0.9996,0.495399,0.481347,-0.215579,0.9993,0.493287,0.509183,-0.17863,0.9996,0.493673,0.490811,-0.153188,0.9997,0.480347,0.487581,-0.208995,0.9996,0.480413,0.486183,-0.199208,0.9996,0.459854,0.598573,-0.109013,0.9999,0.447228,0.452175,-0.158408,1.0,0.470885,0.712597,-0.095326,0.9149,0.43288,0.305726,-0.163453,0.9891,0.512195,0.688374,-0.120551,0.8941,0.413754,0.169052,-0.234259,0.9617,0.518537,0.692672,-0.118272,0.8197,0.414344,0.132163,-0.252228,0.92,0.527959,0.688325,-0.146486,0.8237,0.42129,0.130445,-0.264987,0.9287,0.5232,0.688889,-0.129763,0.8226,0.417715,0.141465,-0.247487,0.9429,0.293624,0.583043,0.062127,0.9994,0.254061,0.543931,-0.061263,0.9994,0.397035,0.71418,0.171774,0.6056,0.156165,0.703849,-0.02145,0.996,0.472807,0.849684,0.305519,0.6638,0.084305,0.827869,0.14781,0.9796,0.473291,0.868671,0.315199,0.775,0.07633,0.840985,0.159436,0.9656,0.535104,0.879161,0.283156,0.8422,0.076574,0.893983,0.066353,0.9766
trikonasana_commons_0028,0.369795,0.421391,0.038108,0.9992,0.357712,0.418339,0.005514,0.9994,0.356645,0.423165,0.006403,0.9994,0.355524,0.428579,0.00708,0.9996,0.362006,0.400721,0.009063,0.9996,0.363169,0.396236,0.008624,0.9995,0.364305,0.392416,0.0091,0.9995,0.360162,0.442593,-0.079296,0.9994,0.373487,0.390889,-0.075382,0.9993,0.381569,0.4347,0.013184,0.9992,0.386213,0.41637,0.015575,0.9985,0.415392,0.562688,-0.102677,0.9966,0.458876,0.358423,-0.048374,0.999,0.417953,0.749636,-0.135591,0.9581,0.537119,0.220152,-0.010136,0.9968,0.363328,0.941881,-0.184821,0.9045,0.584212,0.074056,0.002035,0.97,0.342484,0.975817,-0.208278,0.8585,0.594318,0.025127,-0.011627,0.9477,0.332425,0.96346,-0.197662,0.8591,0.583529,0.021368,-0.012956,0.944,0.342447,0.949546,-0.181228,0.757,0.582462,0.038603,0.004903,0.8973,0.613083,0.627641,-0.047059,0.9755,0.627916,0.569704,0.048876,0.9758,0.464663,0.73133,0.017483,0.6921,0.626508,0.775236,0.121814,0.9216,0.358996,0.968983,0.089824,0.8782,0.681596,0.918127,0.194348,0.9148,0.332522,0.975184,0.095269,0.8794,0.68327,0.943588,0.201128,0.932,0.271451,0.950613,0.080135,0.8752,0.660576,0.954421,0.181018,0.9226
trikonasana_commons_0029,0.787718,0.68515,-0.140353,0.9822,0.77563,0.684352,-0.117614,0.9851,0.775886,0.684361,-0.116808,0.9881,0.775982,0.684763,-0.116917,0.9893,0.771128,0.692496,-0.139019,0.9745,0.768412,0.697669,-0.139811,0.9672,0.76561,0.703135,-0.140165,0.954,0.773741,0.708807,-0.023966,0.9951,0.76328,0.732317,-0.138346,0.9562,0.797605,0.696238,-0.108004,0.9865,0.793163,0.705503,-0.138347,0.9762,0.843692,0.689344,0.01217,0.9985,0.810953,0.858586,-0.102589,0.8889,0.843408,0.521442,-0.019976,0.9925,0.799983,0.996344,-0.160969,0.5594,0.807346,0.362324,-0.13534,0.9155,0.72324,1.072236,-0.235478,0.0508,0.799076,0.317423,-0.176074,0.7409,0.70874,1.088718,-0.241951,0.0386,0.790743,0.322226,-0.199906,0.7584,0.702906,1.084332,-0.273009,0.0399,0.792954,0.341055,-0.154232,0.8279,0.71018,1.082805,-0.256929,0.0407,1.023021,0.844044,0.065645,0.0987,1.004049,0.94096,-0.064614,0.0212,1.188845,0.912639,0.069596,0.0035,1.155976,1.017947,-0.101878,0.0004,1.319874,0.986737,0.245826,0.0001,1.289935,1.093778,-0.001907,0.0001,1.335084,1.003435,0.272242,0.0001,1.306568,1.118685,0.023635,0.0001,1.363538,0.978951,0.088974,0.0002,1.327567,1.074963,-0.231832,0.0002
trikonasana_commons_0030,0.676352,0.773059,0.246267,0.9993,0.688513,0.771494,0.222566,0.9997,0.68825,0.77047,0.223596,0.9996,0.687992,0.769287,0.223575,0.9996,0.686886,0.777061,0.214779,0.9997,0.686277,0.778263,0.213972,0.9997,0.685841,0.779237,0.214857,0.9997,0.681356,0.765814,0.148341,0.9996,0.678786,0.782644,0.093473,0.9996,0.665848,0.768068,0.222771,0.9991,0.664034,0.77414,0.208114,0.9992,0.628346,0.72673,0.156658,0.9996,0.618997,0.801155,-0.009711,0.9999,0.617607,0.670088,0.253992,0.9917,0.615284,0.868896,-0.020238,0.9988,0.650676,0.626726,0.312243,0.986,0.648716,0.930615,0.000884,0.9907,0.650286,0.612576,0.32933,0.9723,0.658019,0.940982,-0.006272,0.9751,0.658437,0.616111,0.323487,0.9706,0.678036,0.943037,0.010441,0.9752,0.657315,0.620864,0.315983,0.9509,0.666236,0.93565,0.010327,0.9553,0.435814,0.771237,0.086532,1.0,0.46568,0.792248,-0.084872,0.9998,0.383739,0.866682,0.123786,0.9746,0.563809,0.866277,-0.001105,0.9889,0.335,0.941374,0.189272,0.9957,0.635454,0.943048,0.035123,0.9955,0.313406,0.950765,0.192945,0.9965,0.641186,0.964622,0.039968,0.988,0.347997,0.965119,0.166733,0.9926,0.714377,0.956012,0.030798,0.9897
trikonasana_y107_0001,0.131292,0.42249,-0.215702,1.0,0.108883,0.429336,-0.193458,0.9999,0.108571,0.42958,-0.192477,0.9999,0.108164,0.43003,-0.191848,0.9999,0.108175,0.436655,-0.214444,0.9999,0.107728,0.441893,-0.215284,0.9999,0.107659,0.447357,-0.214294,0.9999,0.117213,0.452009,-0.09138,0.9999,0.119606,0.480763,-0.205004,0.9999,0.154651,0.426365,-0.180244,0.9999,0.154353,0.435324,-0.212344,0.9999,0.26358,0.400955,-0.080255,1.0,0.263038,0.593062,-0.166621,0.9994,0.237717,0.248903,-0.096022,0.9992,0.284754,0.759489,-0.175579,0.9923,0.186816,0.106679,-0.192749,0.9982,0.280924,0.875855,-0.255251,0.9801,0.172944,0.060308,-0.21879,0.9944,0.277713,0.914936,-0.273718,0.9628,0.165513,0.064325,-0.243112,0.9949,0.270019,0.915278,-0.301098,0.9683,0.170059,0.078914,-0.211321,0.9966,0.271746,0.903366,-0.272091,0.966,0.655809,0.560996,-0.016262,0.9974,0.556397,0.611312,0.017005,0.9963,0.81949,0.704631,0.022132,0.9994,0.33202,0.78492,0.025184,0.9851,0.939338,0.819988,0.254777,0.9935,0.109495,0.944856,0.098414,0.9931,0.944075,0.842271,0.271955,0.9775,0.110315,0.986772,0.096526,0.9929,0.99123,0.879921,0.171049,0.9879,0.0044,0.988369,0.016971,0.9924
trikonasana_y107_0002,0.852522,0.316352,-0.170435,0.9999,0.864503,0.305296,-0.204883,0.9999,0.8606,0.300371,-0.204023,0.9999,0.855877,0.294137,-0.20379,0.9999,0.870345,0.320147,-0.206983,1.0,0.869455,0.324339,-0.20759,1.0,0.86832,0.328142,-0.207117,1.0,0.82709,0.287345,-0.252369,0.9999,0.842462,0.339706,-0.281791,1.0,0.815275,0.314407,-0.1788,0.9998,0.81864,0.329289,-0.186097,0.9999,0.6984,0.244591,-0.174675,0.9995,0.698679,0.441082,-0.301197,0.9999,0.699733,0.115053,-0.09448,0.9897,0.653974,0.614204,-0.323032,0.993,0.685053,0.037521,-0.043293,0.9658,0.696686,0.783663,-0.320517,0.7716,0.67318,-0.009139,-0.029859,0.9349,0.668914,0.832433,-0.33303,0.6657,0.680193,-0.007446,-0.045069,0.9297,0.691257,0.834475,-0.333947,0.6555,0.677743,0.011253,-0.043769,0.8694,0.701688,0.815293,-0.318403,0.6163,0.315843,0.46576,0.081917,0.9998,0.35091,0.518263,-0.079759,0.9999,0.193346,0.701654,0.152285,0.8803,0.564602,0.71015,-0.072159,0.9895,0.068181,0.874327,0.254963,0.9756,0.701374,0.935157,-0.071051,0.992,0.038884,0.911624,0.260838,0.9801,0.678582,0.958403,-0.072444,0.9864,0.185313,0.918163,0.22187,0.963,0.81443,0.963221,-0.113824,0.9824
trikonasana_y107_0003,0.880376,0.481317,-0.228881,1.0,0.90287,0.500186,-0.219792,0.9999,0.901762,0.508879,-0.218722,1.0,0.900595,0.51754,-0.218795,0.9999,0.905662,0.485535,-0.207039,0.9999,0.906568,0.482698,-0.207607,1.0,0.907533,0.480498,-0.206694,0.9999,0.88496,0.543891,-0.156275,1.0,0.892857,0.500017,-0.107512,1.0,0.848327,0.50047,-0.208223,1.0,0.853613,0.480054,-0.190875,1.0,0.75295,0.624961,-0.069862,1.0,0.776049,0.418021,-0.118823,1.0,0.758827,0.789337,-0.060654,0.9851,0.768678,0.251483,-0.132405,0.9977,0.829314,0.92181,-0.153091,0.9694,0.769378,0.101404,-0.224755,0.995,0.847255,0.948444,-0.157332,0.9453,0.779238,0.055768,-0.247402,0.9855,0.860236,0.949069,-0.199065,0.95,0.784239,0.052597,-0.254366,0.9874,0.852436,0.941614,-0.170665,0.956,0.778827,0.068852,-0.238373,0.9923,0.448873,0.589607,0.057308,0.9986,0.377658,0.521137,-0.056533,0.9989,0.658424,0.777555,0.074383,0.8861,0.192603,0.733631,-0.103747,0.9983,0.831651,0.947319,0.155313,0.9578,0.041452,0.922207,0.02769,0.9899,0.833896,0.985116,0.157446,0.9772,0.031887,0.942394,0.032608,0.9884,0.963263,0.971268,0.08115,0.9848,0.052278,0.987028,-0.096841,0.9869
trikonasana_y107_0004,0.081573,0.402955,-0.156584,1.0,0.06164,0.411087,-0.135776,0.9999,0.061911,0.411166,-0.13496,0.9999,0.062044,0.411519,-0.134628,0.9999,0.062798,0.419162,-0.146361,0.9999,0.063852,0.424602,-0.147288,0.9999,0.064533,0.429954,-0.146227,0.9998,0.078368,0.431862,-0.047327,1.0,0.081251,0.459007,-0.111333,0.9998,0.106634,0.405299,-0.127017,0.9999,0.108074,0.414405,-0.143321,0.9999,0.230544,0.373464,-0.055417,1.0,0.215939,0.561527,-0.081742,0.9987,0.221319,0.223991,-0.092862,0.9992,0.185226,0.70354,-0.099628,0.9877,0.184558,0.09809,-0.197186,0.9992,0.170109,0.841872,-0.18009,0.9697,0.189498,0.058841,-0.231876,0.9966,0.138382,0.878727,-0.194836,0.937,0.183342,0.056578,-0.248256,0.997,0.128826,0.877689,-0.225291,0.9445,0.181942,0.068233,-0.213265,0.9973,0.141722,0.866718,-0.199745,0.9542,0.633149,0.519431,-0.03381,0.9982,0.531945,0.577045,0.034553,0.994,0.79172,0.715328,-0.040478,0.9986,0.35076,0.744385,0.107013,0.8634,0.9025,0.8763,0.101251,0.9948,0.150952,0.883843,0.241975,0.9544,0.901542,0.892896,0.111453,0.9858,0.172177,0.958893,0.247308,0.9687,0.891308,0.925582,0.011299,0.9906,0.016656,0.942791,0.180941,0.9633
trikonasana_y107_0005,0.857545,0.448193,-0.210565,1.0,0.884042,0.45886,-0.209374,0.9998,0.886578,0.4626,-0.208315,0.9999,0.88992,0.469255,-0.208312,0.9998,0.879877,0.451673,-0.193333,0.9998,0.879179,0.450853,-0.193821,0.9999,0.879004,0.446183,-0.193145,0.9997,0.88911,0.490396,-0.173719,0.9998,0.871996,0.459396,-0.111854,0.9999,0.842961,0.461531,-0.197961,0.9999,0.836368,0.449699,-0.177893,0.9998,0.7953,0.595986,-0.106806,1.0,0.764779,0.40349,-0.151657,1.0,0.849538,0.753466,-0.098632,0.9877,0.788678,0.222768,-0.185588,0.9969,0.902055,0.882662,-0.208189,0.9824,0.82975,0.079811,-0.269408,0.9882,0.924706,0.916348,-0.221989,0.9649,0.838663,0.031117,-0.297164,0.9721,0.932975,0.915081,-0.275681,0.9693,0.845113,0.025304,-0.297083,0.9749,0.923839,0.904303,-0.231965,0.9727,0.840005,0.043499,-0.280356,0.9816,0.438433,0.547473,0.071624,0.9994,0.343615,0.498784,-0.070435,0.9998,0.625161,0.707781,0.216519,0.6222,0.211339,0.688486,-0.086994,0.9988,0.799776,0.880015,0.349373,0.8456,0.084472,0.880242,0.063196,0.998,0.792473,0.915882,0.361668,0.9185,0.076118,0.896053,0.066515,0.9957,0.938366,0.9184,0.28638,0.9514,0.068589,0.973775,-0.090182,0.997
trikonasana_y107_0006,0.123404,0.425371,-0.279615,1.0,0.096638,0.428744,-0.261182,0.9999,0.097011,0.427134,-0.260232,0.9999,0.097509,0.425866,-0.260087,0.9999,0.095659,0.441511,-0.273164,0.9998,0.095561,0.448337,-0.27423,0.9998,0.095894,0.455818,-0.273159,0.9997,0.112705,0.446567,-0.161953,1.0,0.10977,0.489069,-0.230657,0.9998,0.153426,0.426396,-0.244625,1.0,0.155158,0.440414,-0.262212,0.9999,0.27977,0.383078,-0.143407,1.0,0.239738,0.589245,-0.163809,0.9988,0.331145,0.225004,-0.175983,0.9992,0.185308,0.742733,-0.187589,0.9968,0.373668,0.097603,-0.278559,0.9985,0.104309,0.87923,-0.269125,0.9822,0.383004,0.051736,-0.298377,0.9938,0.089428,0.914672,-0.284671,0.957,0.373965,0.049923,-0.326215,0.9949,0.079686,0.913181,-0.307418,0.9617,0.370886,0.068962,-0.296954,0.9958,0.088232,0.904014,-0.287461,0.9657,0.700341,0.480155,-0.029617,0.9992,0.59902,0.550969,0.030283,0.9958,0.872201,0.704823,-0.082371,0.9981,0.425361,0.749556,0.038346,0.7982,0.946617,0.902427,0.087939,0.9703,0.190005,0.920001,0.152285,0.9125,0.943793,0.930162,0.100487,0.9501,0.186487,0.952287,0.156699,0.9231,0.910126,0.957544,-0.001273,0.9631,0.064959,0.931016,0.075909,0.9378
trikonasana_y107_0007,0.91709,0.426834,-0.2447,1.0,0.938091,0.437565,-0.226928,0.9999,0.938824,0.443436,-0.225879,1.0,0.939633,0.449982,-0.22599,0.9999,0.934197,0.426317,-0.216241,1.0,0.932264,0.424294,-0.216765,1.0,0.930163,0.422538,-0.216111,1.0,0.924018,0.475714,-0.153398,0.9999,0.911448,0.441368,-0.110812,1.0,0.894182,0.44749,-0.224205,1.0,0.88857,0.431015,-0.209391,1.0,0.786115,0.585769,-0.090642,0.9999,0.763052,0.408408,-0.143892,1.0,0.810665,0.726844,-0.072878,0.9784,0.770749,0.243978,-0.189568,0.9985,0.842283,0.862725,-0.19081,0.9482,0.810402,0.102724,-0.306834,0.9959,0.855904,0.901752,-0.201888,0.9135,0.810065,0.054657,-0.343918,0.9886,0.859746,0.901371,-0.247808,0.9246,0.819288,0.052931,-0.354653,0.9899,0.851024,0.891878,-0.211614,0.9364,0.817788,0.068633,-0.324131,0.993,0.469398,0.638139,0.065481,0.9995,0.34749,0.585069,-0.064675,0.9999,0.636208,0.778887,0.16198,0.7756,0.180866,0.778921,-0.090104,0.9988,0.80976,0.936199,0.299288,0.8365,0.038438,0.958825,0.034327,0.9975,0.806917,0.963439,0.309746,0.9248,0.029153,0.976044,0.037429,0.9952,0.962245,0.95301,0.265691,0.941,0.025339,1.015256,-0.094416,0.9962
trikonasana_y107_0008,0.685394,0.277709,-0.171639,1.0,0.703465,0.29804,-0.165706,0.9999,0.703235,0.306353,-0.164878,0.9999,0.70255,0.314246,-0.164731,0.9998,0.701598,0.279634,-0.151063,0.9999,0.700326,0.276092,-0.15167,0.9999,0.698742,0.27229,-0.151238,0.9999,0.68728,0.343567,-0.116096,0.9999,0.682534,0.281504,-0.056218,0.9999,0.665653,0.300455,-0.155109,0.9999,0.665202,0.278041,-0.13539,0.9999,0.592896,0.454099,-0.030343,0.9999,0.610534,0.22144,-0.101667,1.0,0.604822,0.67969,-0.018906,0.9518,0.747541,0.131872,-0.155371,0.9974,0.626898,0.794841,-0.103072,0.7765,0.896812,0.084161,-0.233215,0.9846,0.64345,0.82416,-0.103085,0.6716,0.932817,0.065979,-0.271023,0.9487,0.646673,0.816734,-0.143274,0.6985,0.935854,0.065994,-0.24971,0.9452,0.64149,0.814816,-0.118979,0.7153,0.928184,0.07147,-0.236642,0.9578,0.362508,0.467538,0.061708,0.9997,0.296078,0.389842,-0.060554,0.9999,0.52077,0.674188,0.115811,0.8122,0.158462,0.63923,-0.073326,0.9991,0.680049,0.876059,0.1931,0.8967,0.067054,0.86487,0.046818,0.9976,0.68812,0.922544,0.198219,0.936,0.056349,0.895518,0.052384,0.9952,0.79272,0.881822,0.153403,0.9369,0.059222,0.957349,-0.048912,0.9961
trikonasana_y107_0009,0.164329,0.507666,0.011386,0.9997,0.149608,0.516732,-0.0233,0.9999,0.149926,0.521625,-0.022332,0.9998,0.14953,0.528793,-0.022295,0.9999,0.151761,0.503866,-0.026705,0.9998,0.153368,0.500758,-0.027552,0.9998,0.155519,0.496668,-0.027159,0.9998,0.17083,0.540935,-0.10763,0.9999,0.175318,0.495855,-0.136425,0.9999,0.185292,0.520181,-0.012952,0.9997,0.187044,0.503806,-0.018966,0.9997,0.276446,0.611967,-0.124114,0.9954,0.283826,0.435997,-0.130774,0.9991,0.299722,0.715843,-0.210809,0.959,0.254728,0.283375,-0.118532,0.9995,0.287629,0.832103,-0.258177,0.7849,0.22216,0.142628,-0.13814,0.9962,0.296187,0.874749,-0.288009,0.647,0.213114,0.108198,-0.167925,0.9868,0.274532,0.866689,-0.279866,0.6403,0.209237,0.110384,-0.178625,0.9868,0.271225,0.850248,-0.259148,0.5111,0.216374,0.126299,-0.141723,0.9792,0.541074,0.648379,-0.051835,0.9921,0.606468,0.583202,0.053517,0.9965,0.333434,0.775055,0.017468,0.9707,0.795382,0.735943,0.136893,0.9866,0.109732,0.925072,0.027041,0.9634,0.937408,0.879414,0.237634,0.9265,0.114593,0.952508,0.02189,0.9441,0.958394,0.901797,0.245473,0.8901,0.013209,0.942634,-0.000259,0.9327,0.935138,0.903987,0.198166,0.9076
trikonasana_y107_0010,0.161802,0.431065,0.064683,0.9992,0.137601,0.441169,0.04051,0.9994,0.135985,0.446206,0.041378,0.9994,0.134952,0.451434,0.041982,0.9995,0.142297,0.433534,0.031623,0.9995,0.143817,0.43308,0.031437,0.9994,0.145821,0.432773,0.031739,0.9993,0.146803,0.479117,-0.014513,0.9995,0.160538,0.447916,-0.065268,0.9989,0.182566,0.443154,0.050652,0.9995,0.185117,0.435688,0.037169,0.9991,0.248145,0.586807,-0.052545,0.9983,0.294239,0.405336,-0.032833,0.9976,0.243158,0.737887,-0.115696,0.985,0.308682,0.265489,-0.014162,0.9981,0.226052,0.88619,-0.206067,0.9344,0.295345,0.125841,-0.000848,0.9862,0.201481,0.925684,-0.236487,0.8893,0.311527,0.084557,-0.016715,0.9775,0.178513,0.920498,-0.23583,0.8891,0.295455,0.083262,-0.020054,0.977,0.197491,0.906644,-0.207275,0.8203,0.289634,0.097519,0.003084,0.9477,0.595816,0.594888,-0.032831,0.9856,0.643745,0.556417,0.034994,0.984,0.403385,0.757044,0.035501,0.8501,0.786553,0.749851,0.073686,0.9804,0.198555,0.932941,0.057093,0.9488,0.925282,0.935701,0.109437,0.9854,0.214633,0.969462,0.057874,0.9387,0.944169,0.962108,0.11065,0.9865,0.10604,0.967706,0.032726,0.95,0.958207,0.951941,0.059247,0.9844
trikonasana_y107_0011,0.137401,0.11273,-0.093237,0.941,0.112446,0.11333,-0.091072,0.9318,0.111924,0.110339,-0.090083,0.9254,0.11107,0.107538,-0.090111,0.9317,0.112317,0.131686,-0.088831,0.9487,0.112024,0.14065,-0.089916,0.9457,0.111383,0.149025,-0.089186,0.9592,0.11726,0.132941,-0.06026,0.9202,0.11807,0.178361,-0.059736,0.9513,0.16447,0.120975,-0.079369,0.9134,0.16361,0.142688,-0.078414,0.909,0.225561,0.099118,-0.080613,0.9381,0.231568,0.325123,0.01358,0.987,0.209134,0.220669,-0.089178,0.5293,0.253684,0.583939,0.058375,0.8225,0.165487,0.406302,-0.046834,0.1961,0.210857,0.838102,0.0228,0.6718,0.151568,0.447178,-0.05963,0.1629,0.190365,0.886985,0.029178,0.573,0.146827,0.451645,-0.052516,0.1564,0.187513,0.886148,0.012076,0.5878,0.1534,0.436315,-0.043729,0.1609,0.198937,0.862422,0.013099,0.5962,0.601873,0.240398,-0.051344,0.3722,0.54565,0.332617,0.052486,0.6432,0.462517,0.63663,-0.035562,0.5275,0.306474,0.644303,0.070176,0.2427,0.399059,0.807823,0.043754,0.3927,0.15804,0.901248,0.131194,0.3024,0.402025,0.823696,0.046172,0.3859,0.155193,0.947275,0.135283,0.4282,0.325657,0.865184,-0.013552,0.5034,0.031055,0.961012,0.101722,0.4145
trikonasana_y107_0012,0.186733,0.379372,-0.184863,1.0,0.165815,0.38088,-0.161451,0.9999,0.166424,0.379902,-0.160961,0.9999,0.166957,0.378696,-0.16053,0.9999,0.163033,0.388807,-0.175214,0.9999,0.16098,0.394677,-0.175926,0.9999,0.158535,0.401107,-0.17489,0.9998,0.175312,0.392484,-0.057536,1.0,0.162838,0.431619,-0.13336,0.9998,0.212868,0.384872,-0.14996,0.9999,0.208446,0.396294,-0.170919,1.0,0.317639,0.366541,-0.067396,1.0,0.259224,0.549899,-0.086658,0.9992,0.335469,0.215769,-0.119821,0.9995,0.255471,0.694617,-0.102619,0.9869,0.332346,0.089385,-0.2121,0.9933,0.235121,0.834666,-0.19826,0.9504,0.330372,0.04401,-0.24851,0.9783,0.212553,0.858523,-0.211937,0.8959,0.324241,0.04201,-0.261889,0.9799,0.20343,0.857627,-0.251536,0.9085,0.325187,0.057092,-0.226329,0.9853,0.210838,0.851737,-0.220939,0.9149,0.628918,0.597469,-0.031649,0.9978,0.527774,0.635967,0.03282,0.9922,0.809846,0.755684,-0.067647,0.9993,0.345,0.790394,0.084592,0.9738,0.947671,0.920544,0.039007,0.9963,0.157535,0.921362,0.198248,0.9826,0.946959,0.941755,0.043294,0.9809,0.138683,0.949632,0.201412,0.976,0.92935,0.966713,-0.073698,0.9898,0.022163,0.938353,0.129379,0.9775
trikonasana_y107_0013,0.884354,0.326135,0.191907,1.0,0.913484,0.324559,0.169755,1.0,0.914498,0.315187,0.17115,1.0,0.915776,0.305514,0.171102,1.0,0.908846,0.350705,0.162663,1.0,0.906737,0.357858,0.16182,1.0,0.904777,0.365138,0.162579,1.0,0.902581,0.291096,0.09218,1.0,0.886558,0.371423,0.042659,1.0,0.858848,0.302678,0.166642,1.0,0.853714,0.330692,0.153714,1.0,0.78751,0.129254,0.081484,0.9998,0.718853,0.409453,-0.033281,0.9999,0.730569,-0.036794,0.16027,0.9725,0.709702,0.653998,-0.031826,0.9924,0.72063,-0.031192,0.255241,0.595,0.730208,0.894318,0.001585,0.9376,0.713097,-0.047352,0.277955,0.4273,0.737375,0.939982,0.007413,0.8908,0.718357,-0.024705,0.266243,0.4172,0.760732,0.937584,0.013415,0.8982,0.717687,-0.009608,0.259058,0.3424,0.753031,0.925459,0.005952,0.8404,0.247773,0.207155,0.065426,0.9999,0.251688,0.276008,-0.063892,0.9999,0.13658,0.569366,0.163741,0.9083,0.4924,0.584224,0.015936,0.9676,0.069034,0.844971,0.263482,0.9737,0.664095,0.86963,0.091154,0.9512,0.041818,0.885263,0.27077,0.967,0.665053,0.925181,0.099988,0.8967,0.1397,0.912831,0.264256,0.963,0.801379,0.936162,0.108285,0.9233
trikonasana_y107_0014,0.320919,0.395232,-0.103755,0.998,0.303642,0.358968,-0.107322,0.9961,0.304103,0.349873,-0.106331,0.9949,0.304913,0.340457,-0.106046,0.9951,0.303385,0.368747,-0.087767,0.9979,0.303525,0.366484,-0.088751,0.9981,0.303797,0.363977,-0.088346,0.9982,0.319972,0.285367,-0.090639,0.9945,0.320192,0.322884,-0.023014,0.998,0.342791,0.35933,-0.097133,0.995,0.343542,0.378019,-0.076092,0.9969,0.398662,0.144401,-0.10549,0.9985,0.427371,0.390385,0.050655,0.9974,0.239328,0.113403,-0.15863,0.9853,0.450081,0.667694,0.113051,0.9056,0.087558,0.082844,-0.183643,0.9659,0.433461,0.863002,0.077786,0.8579,0.038175,0.072272,-0.219358,0.9101,0.42747,0.912798,0.077486,0.7566,0.03911,0.075288,-0.221045,0.9076,0.419341,0.915579,0.062914,0.7752,0.05505,0.0826,-0.191992,0.9336,0.422009,0.902427,0.066776,0.7826,0.741643,0.160439,-0.057104,0.9997,0.659732,0.269614,0.057725,0.9995,0.845759,0.521235,-0.027027,0.9933,0.539508,0.569666,0.074364,0.6351,0.918791,0.796038,0.144547,0.9752,0.41065,0.884754,0.181455,0.8506,0.878751,0.835724,0.157735,0.9573,0.398821,0.942477,0.182537,0.8635,0.913101,0.942893,0.049888,0.9755,0.298641,0.930816,0.084401,0.9195
trikonasana_y107_0015,0.111552,0.465999,-0.190534,1.0,0.088135,0.475323,-0.169104,1.0,0.087827,0.47526,-0.167986,1.0,0.087415,0.47535,-0.167595,1.0,0.089324,0.483119,-0.184139,1.0,0.090117,0.488907,-0.185167,1.0,0.091114,0.495761,-0.184413,0.9999,0.101229,0.494014,-0.074975,1.0,0.107918,0.529595,-0.160575,1.0,0.138615,0.468643,-0.159849,1.0,0.142214,0.478929,-0.182727,1.0,0.233526,0.417982,-0.092854,1.0,0.23969,0.619852,-0.103995,0.9996,0.228885,0.252389,-0.134683,0.9998,0.239459,0.784132,-0.122972,0.9579,0.220919,0.094373,-0.233982,0.9995,0.203643,0.91348,-0.221099,0.8973,0.216639,0.051599,-0.259709,0.9975,0.18609,0.937778,-0.230789,0.8623,0.20896,0.047844,-0.281894,0.9978,0.179013,0.937983,-0.266029,0.8785,0.212941,0.064245,-0.253005,0.9981,0.182237,0.931348,-0.243859,0.8994,0.622865,0.522709,-0.046148,1.0,0.531887,0.589083,0.046748,0.9994,0.806716,0.746908,-0.093571,0.9998,0.333705,0.769767,0.070094,0.8671,0.953097,0.925137,0.018945,0.9965,0.174548,0.943367,0.137955,0.9647,0.977549,0.947031,0.025513,0.9917,0.173453,0.979812,0.133298,0.9738,0.930036,0.992707,-0.081234,0.9966,0.033326,0.976328,0.040646,0.9776
trikonasana_y107_0016,0.138516,0.450857,-0.137514,1.0,0.118274,0.462572,-0.118288,1.0,0.118251,0.463276,-0.117198,1.0,0.118094,0.464319,-0.11694,1.0,0.119441,0.469356,-0.132875,1.0,0.120279,0.475252,-0.133921,1.0,0.12115,0.481586,-0.13286,1.0,0.13414,0.489304,-0.034401,1.0,0.140448,0.512906,-0.119434,1.0,0.165559,0.452027,-0.110617,1.0,0.165219,0.462554,-0.132844,1.0,0.271103,0.413028,-0.047465,1.0,0.267969,0.619073,-0.084823,0.9997,0.249529,0.243373,-0.076335,0.9996,0.241034,0.75894,-0.093541,0.9819,0.234651,0.095882,-0.173234,0.9991,0.229395,0.889081,-0.167426,0.953,0.220004,0.056193,-0.204136,0.9961,0.206846,0.920534,-0.181091,0.9203,0.214119,0.055245,-0.221867,0.9966,0.197507,0.923729,-0.214404,0.9265,0.222492,0.06952,-0.189904,0.9969,0.207734,0.913369,-0.189198,0.9396,0.655946,0.501687,-0.0438,1.0,0.574437,0.578656,0.04439,0.9996,0.826382,0.694627,-0.064037,0.9998,0.405589,0.754944,0.122709,0.8021,0.970047,0.894217,-0.015051,0.9977,0.221209,0.907191,0.218017,0.9465,0.98704,0.912374,-0.015592,0.9942,0.22242,0.942311,0.215748,0.9671,0.936084,0.965447,-0.123447,0.9968,0.095641,0.956708,0.132972,0.9643
trikonasana_y107_0017,0.864862,0.477324,0.202283,0.9996,0.887155,0.477241,0.172182,0.9998,0.886499,0.475002,0.173096,0.9998,0.885526,0.47201,0.173037,0.9998,0.885913,0.489358,0.173179,0.9999,0.88471,0.4938,0.172193,0.9998,0.883236,0.500014,0.172792,0.9998,0.87012,0.476164,0.090621,0.9997,0.865044,0.515201,0.071943,0.9997,0.842452,0.473792,0.17628,0.9995,0.841304,0.485497,0.172811,0.9995,0.773283,0.408218,0.1027,0.9996,0.760523,0.599747,-0.005321,0.9996,0.809685,0.255423,0.124889,0.9921,0.806775,0.752824,-0.015008,0.9935,0.873623,0.125739,0.052519,0.9869,0.899349,0.913138,-0.027731,0.9574,0.887266,0.068663,0.047642,0.9768,0.909779,0.950081,-0.048957,0.9178,0.901954,0.07333,0.027957,0.976,0.927429,0.942194,-0.037791,0.9154,0.896273,0.090567,0.047269,0.9567,0.923516,0.93141,-0.022285,0.8723,0.383988,0.501525,0.079039,0.9999,0.415369,0.544056,-0.077482,0.9996,0.20333,0.722692,0.098762,0.9816,0.631205,0.755452,-0.036374,0.9927,0.060464,0.913908,0.134107,0.9952,0.836914,0.941364,-0.004859,0.9931,0.035641,0.942279,0.135503,0.9961,0.829619,0.977887,-0.001397,0.9813,0.0674,0.962859,0.099853,0.9909,0.938722,0.957606,-0.026611,0.9836
trikonasana_y107_0018,0.227186,0.404472,-0.532999,1.0,0.195442,0.412065,-0.523299,1.0,0.193427,0.411869,-0.522167,1.0,0.19173,0.41173,-0.521609,1.0,0.20239,0.41984,-0.539553,1.0,0.205671,0.425627,-0.540453,1.0,0.209848,0.432884,-0.539771,1.0,0.202915,0.429371,-0.424798,1.0,0.231552,0.468551,-0.51821,1.0,0.255692,0.404092,-0.493197,1.0,0.265011,0.415827,-0.519596,1.0,0.323825,0.362366,-0.350896,1.0,0.384317,0.544409,-0.426943,1.0,0.286041,0.216786,-0.335281,0.9968,0.387485,0.708857,-0.448134,0.9912,0.225839,0.083669,-0.403481,0.997,0.346062,0.843953,-0.506957,0.987,0.187976,0.041461,-0.433021,0.9905,0.339229,0.881025,-0.515209,0.9721,0.181015,0.043765,-0.449389,0.9919,0.342153,0.880592,-0.551941,0.978,0.195053,0.057293,-0.416528,0.9945,0.342308,0.868595,-0.527316,0.9804,0.679547,0.502867,0.008973,0.9998,0.627942,0.548144,-0.008231,0.9999,0.642962,0.585285,0.209802,0.9748,0.399406,0.718495,0.058696,0.9784,0.815213,0.680172,0.530278,0.8989,0.157751,0.911942,0.092863,0.9883,0.728752,0.687726,0.560477,0.8138,0.122871,0.898446,0.095991,0.9791,0.817265,0.697676,0.523672,0.8958,0.025566,0.96922,0.026908,0.9889
trikonasana_y107_0019,0.174269,0.329406,-0.156902,0.9999,0.148255,0.329185,-0.13544,0.9999,0.148531,0.329061,-0.134804,0.9999,0.148696,0.329201,-0.134449,0.9999,0.142436,0.337162,-0.152969,0.9998,0.139832,0.341579,-0.153612,0.9998,0.137072,0.346474,-0.152809,0.9997,0.151278,0.350895,-0.034428,1.0,0.134992,0.375322,-0.128932,0.9997,0.198274,0.338031,-0.121695,1.0,0.193363,0.347269,-0.148039,1.0,0.345372,0.345952,-0.03698,1.0,0.22227,0.500668,-0.077571,0.9995,0.432954,0.22224,-0.069538,0.9994,0.274499,0.626636,-0.089972,0.9796,0.49762,0.10136,-0.17194,0.9965,0.277949,0.749994,-0.168282,0.9386,0.513691,0.063294,-0.204437,0.9869,0.269887,0.782379,-0.176388,0.8967,0.502381,0.059256,-0.221726,0.9886,0.269763,0.779932,-0.217462,0.9076,0.49866,0.071284,-0.187453,0.9923,0.276282,0.766542,-0.190192,0.9128,0.69653,0.547504,-0.03026,0.9964,0.553225,0.591729,0.031242,0.9831,0.856958,0.741609,-0.077169,0.9988,0.374835,0.750634,0.069569,0.9248,0.960656,0.934024,0.020206,0.9938,0.183237,0.91567,0.17746,0.9548,0.964841,0.955914,0.023788,0.9819,0.197725,0.94484,0.179694,0.9611,0.921594,0.981585,-0.083483,0.986,0.023966,0.937571,0.10802,0.9574
trikonasana_y107_0020,0.163316,0.390487,-0.149701,0.9999,0.140019,0.392358,-0.12989,0.9997,0.139641,0.392348,-0.129073,0.9997,0.139275,0.392726,-0.128738,0.9995,0.138576,0.40121,-0.151382,0.9997,0.137302,0.407345,-0.152251,0.9997,0.135949,0.414506,-0.151198,0.9996,0.142739,0.422196,-0.038928,0.9999,0.139817,0.448439,-0.151114,0.9998,0.188628,0.403001,-0.119102,0.9999,0.18606,0.413732,-0.150402,0.9999,0.280877,0.38214,-0.045417,1.0,0.24217,0.584744,-0.116115,0.9994,0.301772,0.223595,-0.074832,0.9988,0.231971,0.743528,-0.131812,0.9868,0.293768,0.081767,-0.182894,0.9936,0.184412,0.90102,-0.235244,0.9501,0.276835,0.039408,-0.211883,0.9829,0.16495,0.940089,-0.253234,0.9269,0.264287,0.035819,-0.23271,0.9818,0.15257,0.941603,-0.28873,0.9389,0.277974,0.050867,-0.201921,0.9884,0.162411,0.92963,-0.258015,0.9454,0.617024,0.54536,-0.023595,0.9953,0.529163,0.604254,0.02451,0.9809,0.788734,0.756105,-0.076412,0.9984,0.345101,0.787888,0.034294,0.9209,0.93532,0.943912,0.054329,0.9873,0.180566,0.952137,0.107658,0.9548,0.931947,0.953112,0.061948,0.9707,0.171965,0.985891,0.104589,0.9759,0.963383,1.01293,-0.043953,0.9819,0.058576,0.984923,0.016494,0.9512
trikonasana_y107_0021,0.925024,0.402871,0.019212,1.0,0.935712,0.393174,-0.012999,1.0,0.930267,0.389299,-0.012115,0.9999,0.924588,0.384534,-0.012105,1.0,0.947864,0.40569,-0.009285,1.0,0.949442,0.41005,-0.009819,1.0,0.950773,0.414131,-0.0094,1.0,0.90227,0.388938,-0.08432,0.9999,0.932392,0.432083,-0.089782,1.0,0.887416,0.407074,-0.000909,0.9999,0.901487,0.421491,-0.000213,1.0,0.752481,0.361837,-0.059108,0.9996,0.812771,0.539368,-0.148891,1.0,0.765782,0.226224,-0.077881,0.9981,0.788657,0.707806,-0.170215,0.9987,0.766441,0.083042,-0.120773,0.9979,0.783631,0.839718,-0.20271,0.9631,0.763263,0.040555,-0.131746,0.9948,0.78716,0.885925,-0.224244,0.9314,0.772069,0.040376,-0.140539,0.9942,0.815003,0.883656,-0.225791,0.9329,0.772233,0.056053,-0.121904,0.9853,0.810128,0.870894,-0.202057,0.9185,0.33989,0.536937,0.064896,1.0,0.429349,0.605345,-0.06311,1.0,0.154263,0.689441,0.241333,0.9183,0.617621,0.770414,-0.03566,0.9826,0.091453,0.76291,0.417089,0.9805,0.822876,0.946896,-0.087638,0.9806,0.074453,0.779581,0.432165,0.9883,0.801584,0.971899,-0.094706,0.9776,0.104119,0.774497,0.397613,0.9763,0.959971,0.951806,-0.138274,0.9666
trikonasana_y107_0022,0.164811,0.251314,-0.142299,0.9999,0.161391,0.229881,-0.120126,0.9998,0.167538,0.222827,-0.119525,0.9998,0.173834,0.216584,-0.119298,0.9997,0.150444,0.250322,-0.115589,0.9999,0.148866,0.257074,-0.116263,0.9999,0.14739,0.263623,-0.11555,0.9999,0.201538,0.211488,-0.029711,0.9998,0.167755,0.274431,-0.028004,0.9999,0.200853,0.245636,-0.11443,0.9998,0.182493,0.27258,-0.113989,0.9999,0.338843,0.213406,-0.048517,1.0,0.261588,0.410268,0.029671,0.9995,0.384295,0.072325,-0.11375,0.9957,0.268832,0.562204,0.054541,0.8206,0.390397,-0.05607,-0.208592,0.9536,0.242269,0.695552,-0.021798,0.6104,0.37918,-0.100778,-0.23878,0.8822,0.211007,0.733008,-0.027765,0.5246,0.374025,-0.1054,-0.263849,0.8942,0.213394,0.732914,-0.058423,0.5503,0.377158,-0.086758,-0.226274,0.928,0.224859,0.720198,-0.040269,0.6008,0.595463,0.454024,-0.054027,0.9999,0.494773,0.514231,0.054779,0.9992,0.781826,0.664164,-0.134024,0.9993,0.309047,0.6425,0.138385,0.7357,0.94689,0.890542,-0.096165,0.9891,0.092325,0.765489,0.208081,0.8732,0.971341,0.918848,-0.096309,0.9629,0.060801,0.802995,0.204948,0.9001,0.889089,0.968403,-0.214983,0.9514,-0.117633,0.770513,0.134867,0.8765
trikonasana_y107_0023,0.103692,0.433148,-0.205759,1.0,0.087643,0.43297,-0.188426,1.0,0.089394,0.430449,-0.187503,1.0,0.091507,0.428117,-0.187416,1.0,0.083925,0.446304,-0.191384,1.0,0.083234,0.453128,-0.192515,1.0,0.08264,0.461085,-0.191347,1.0,0.106989,0.441955,-0.101221,1.0,0.098199,0.490425,-0.133027,1.0,0.133022,0.435638,-0.176406,1.0,0.130539,0.452622,-0.183369,1.0,0.256581,0.404778,-0.096251,1.0,0.228192,0.585022,-0.081924,0.9995,0.248328,0.250576,-0.132138,0.9988,0.235475,0.724556,-0.100636,0.9817,0.248132,0.113507,-0.223679,0.9977,0.243412,0.854478,-0.166406,0.9491,0.255107,0.062153,-0.249395,0.9909,0.22873,0.892002,-0.172034,0.8871,0.248544,0.06121,-0.269543,0.9921,0.228335,0.889792,-0.200685,0.8957,0.249123,0.076464,-0.238398,0.9929,0.236479,0.879692,-0.184352,0.9098,0.645056,0.508929,-0.049597,0.9999,0.569319,0.570871,0.05014,0.9987,0.794863,0.695964,-0.045338,0.9995,0.404846,0.745376,0.162233,0.8275,0.93411,0.894945,0.036946,0.9973,0.225261,0.898569,0.286151,0.9486,0.947975,0.924695,0.039973,0.986,0.228056,0.929067,0.291459,0.9385,0.876716,0.964413,-0.061872,0.9935,0.067951,0.936641,0.235837,0.9647
trikonasana_y107_0024,0.776463,0.380051,-0.316364,1.0,0.815233,0.387777,-0.328895,1.0,0.81722,0.392461,-0.327825,1.0,0.819352,0.397785,-0.327958,1.0,0.814166,0.3821,-0.301994,1.0,0.815289,0.382624,-0.302584,1.0,0.816281,0.383305,-0.302107,1.0,0.826358,0.438796,-0.328457,1.0,0.81962,0.416223,-0.210703,1.0,0.751328,0.398141,-0.315518,1.0,0.748631,0.389307,-0.278485,1.0,0.718514,0.594463,-0.233,0.9999,0.651314,0.387562,-0.217105,1.0,0.725048,0.766395,-0.250282,0.9975,0.611463,0.240986,-0.216979,0.9943,0.795724,0.916455,-0.342106,0.9858,0.643447,0.091084,-0.298319,0.9906,0.803148,0.952039,-0.347974,0.965,0.63713,0.047668,-0.326154,0.9783,0.825203,0.956742,-0.397718,0.9702,0.651275,0.045345,-0.33522,0.9817,0.813833,0.939112,-0.363263,0.9738,0.651154,0.058769,-0.314442,0.986,0.376744,0.594519,0.021302,0.9886,0.207336,0.53937,-0.019743,0.992,0.5172,0.783484,0.016354,0.845,0.098338,0.735847,-0.028916,0.9865,0.796195,0.948204,0.100435,0.8187,0.036843,0.911842,0.120571,0.984,0.810191,0.973185,0.104859,0.8799,0.038112,0.938942,0.127695,0.9766,0.934877,0.978576,0.010689,0.9014,0.040097,0.968009,0.002392,0.9802
trikonasana_y107_0025,0.897615,0.408204,-0.234275,1.0,0.92365,0.412232,-0.218881,1.0,0.92717,0.418165,-0.218048,1.0,0.931029,0.424459,-0.218118,1.0,0.911768,0.397521,-0.209205,1.0,0.907901,0.393923,-0.209965,1.0,0.904553,0.391163,-0.209283,1.0,0.931048,0.451621,-0.133262,1.0,0.89446,0.401058,-0.094774,1.0,0.882482,0.434126,-0.206764,1.0,0.868422,0.415142,-0.192378,1.0,0.852021,0.583824,-0.056506,1.0,0.756168,0.399148,-0.102902,1.0,0.892839,0.751182,-0.074158,0.9787,0.718149,0.238149,-0.144778,0.999,0.969489,0.884869,-0.217597,0.9206,0.723,0.091734,-0.243126,0.9924,0.989757,0.920663,-0.233658,0.8526,0.726039,0.052036,-0.270095,0.9664,0.996269,0.926382,-0.276537,0.8769,0.734625,0.049817,-0.284651,0.9689,0.979792,0.918026,-0.238739,0.9011,0.73272,0.063146,-0.260336,0.9786,0.601092,0.689871,0.054918,0.9995,0.487706,0.645203,-0.054266,0.9999,0.839504,0.728955,0.038123,0.836,0.285608,0.800868,-0.125453,0.9989,0.908156,0.946862,0.091772,0.9206,0.069221,0.951008,-0.090365,0.9972,0.901178,0.982267,0.090804,0.9503,0.04228,0.966533,-0.094193,0.9885,1.007526,0.963793,0.028289,0.9521,0.049254,0.991529,-0.230218,0.9934
trikonasana_y107_0026,0.092174,0.261184,-0.158654,1.0,0.076288,0.27221,-0.143501,0.9999,0.076645,0.273451,-0.142358,0.9999,0.07702,0.275147,-0.142093,0.9999,0.075946,0.278855,-0.157381,0.9999,0.075909,0.284712,-0.158287,0.9999,0.075883,0.291068,-0.157449,0.9999,0.08915,0.309112,-0.058076,1.0,0.09001,0.330287,-0.139318,0.9999,0.118941,0.26654,-0.13005,1.0,0.117201,0.273471,-0.151862,1.0,0.245853,0.245222,-0.057676,1.0,0.210671,0.483887,-0.096009,0.9985,0.252781,0.092636,-0.030358,0.984,0.215774,0.683251,-0.108047,0.9733,0.252821,0.06696,-0.018933,0.9314,0.184711,0.872294,-0.162217,0.7842,0.258808,0.085179,-0.028043,0.8354,0.161672,0.908923,-0.163899,0.6511,0.254653,0.102464,-0.040605,0.8414,0.155631,0.909004,-0.194123,0.684,0.249974,0.071816,-0.02694,0.8612,0.169036,0.897014,-0.181146,0.7288,0.629004,0.384019,-0.031594,0.9999,0.54618,0.450674,0.031847,0.9991,0.808273,0.640179,-0.031466,0.9999,0.370831,0.707568,0.092123,0.8558,0.948073,0.881982,0.036138,0.9991,0.178503,0.913301,0.1684,0.9571,0.977416,0.913047,0.037357,0.9951,0.184513,0.960323,0.166065,0.9351,0.89922,0.967291,-0.067203,0.9978,0.03705,0.958193,0.090171,0.9557
trikonasana_y107_0027,0.126903,0.433961,-0.162116,1.0,0.106387,0.444007,-0.143286,0.9999,0.106426,0.444714,-0.142486,0.9999,0.106544,0.445814,-0.142138,0.9999,0.106009,0.452821,-0.153017,1.0,0.10549,0.459847,-0.153958,0.9999,0.105133,0.466951,-0.152764,0.9999,0.115984,0.474923,-0.056808,1.0,0.113784,0.498577,-0.120682,0.9999,0.148974,0.442221,-0.134189,0.9999,0.149933,0.452288,-0.149886,0.9999,0.248772,0.421467,-0.054631,1.0,0.214282,0.625682,-0.082223,0.9992,0.248837,0.248039,-0.089379,0.999,0.198144,0.777688,-0.098436,0.9907,0.244105,0.094142,-0.194685,0.9978,0.177008,0.919766,-0.188687,0.9704,0.237577,0.055137,-0.228133,0.9904,0.143854,0.942418,-0.200524,0.9301,0.230722,0.05157,-0.244184,0.9916,0.141674,0.941413,-0.230406,0.9374,0.233455,0.060884,-0.210257,0.9926,0.157979,0.934522,-0.208471,0.9464,0.592036,0.520064,-0.036207,0.9998,0.511821,0.601798,0.037227,0.9988,0.779156,0.72096,-0.041903,0.9998,0.342684,0.771462,0.119232,0.8708,0.932419,0.921729,0.013369,0.9979,0.169607,0.923795,0.224919,0.9721,0.9393,0.946433,0.014868,0.9951,0.170552,0.945849,0.226245,0.9796,0.92693,0.959765,-0.096693,0.9952,0.044327,0.948424,0.146986,0.9731
trikonasana_y107_0028,0.885387,0.437928,-0.195284,1.0,0.907729,0.453261,-0.197777,0.9999,0.907654,0.459692,-0.196655,1.0,0.907565,0.466614,-0.19665,0.9999,0.907227,0.444973,-0.175272,0.9999,0.906847,0.445415,-0.175666,0.9999,0.906507,0.446103,-0.17505,0.9999,0.894232,0.505128,-0.177512,0.9999,0.894729,0.47636,-0.084965,1.0,0.8576,0.45783,-0.189641,0.9999,0.857884,0.445538,-0.159846,1.0,0.779433,0.621219,-0.085258,1.0,0.761554,0.41941,-0.120447,1.0,0.795887,0.795075,-0.079249,0.9894,0.723218,0.244914,-0.124465,0.9973,0.850058,0.942957,-0.183649,0.9751,0.707167,0.098576,-0.199332,0.9948,0.865891,0.971273,-0.191542,0.9533,0.709634,0.051544,-0.22399,0.9851,0.878151,0.969265,-0.239637,0.9582,0.715462,0.048974,-0.229058,0.9873,0.871789,0.96181,-0.20449,0.9617,0.711552,0.063552,-0.212722,0.9911,0.464265,0.578495,0.068416,0.9981,0.378331,0.508566,-0.067356,0.9983,0.614508,0.765483,0.114767,0.8005,0.221558,0.755074,-0.103566,0.9987,0.805584,0.976842,0.20742,0.9162,0.142046,0.979751,0.018818,0.9965,0.813553,1.009024,0.211851,0.9522,0.134281,0.988975,0.021778,0.9938,0.922587,0.995656,0.138185,0.966,0.148225,1.082677,-0.116857,0.9934
trikonasana_y107_0029,0.088525,0.502422,0.173105,0.9984,0.069364,0.514167,0.143664,0.9989,0.07007,0.521096,0.144702,0.9988,0.070543,0.527584,0.145235,0.9988,0.070383,0.499204,0.142736,0.9992,0.071084,0.494559,0.141913,0.9993,0.071648,0.490306,0.142089,0.9991,0.088681,0.543227,0.054617,0.9992,0.085803,0.491605,0.031398,0.9988,0.114907,0.511448,0.145935,0.9984,0.114003,0.49405,0.138602,0.9981,0.216044,0.615244,-0.026697,0.9999,0.210511,0.434621,0.051107,0.9935,0.22654,0.771267,-0.036466,0.999,0.215017,0.272049,0.076528,0.9932,0.222652,0.927003,-0.058106,0.9942,0.209267,0.11148,0.092574,0.9278,0.200489,0.961131,-0.076526,0.9829,0.216114,0.061618,0.100572,0.8483,0.18178,0.955471,-0.073047,0.9813,0.201079,0.060839,0.098916,0.846,0.196454,0.944844,-0.057815,0.9626,0.199903,0.076123,0.096276,0.7773,0.624014,0.504244,-0.056033,0.9998,0.583609,0.484401,0.057118,0.9967,0.806313,0.723064,-0.056098,0.9992,0.424096,0.734692,0.100374,0.5952,0.915383,0.931705,-0.040321,0.996,0.2411,0.935476,0.149591,0.7009,0.929951,0.950412,-0.040603,0.9808,0.247167,0.973666,0.149314,0.6947,0.92358,1.044474,-0.129161,0.9948,0.107871,0.968688,0.100498,0.8197
trikonasana_y107_0030,0.134387,0.363404,-0.175872,0.9999,0.104246,0.368714,-0.154349,0.9998,0.104036,0.36886,-0.153622,0.9998,0.103795,0.369244,-0.153609,0.9998,0.103535,0.374251,-0.173583,0.9996,0.102653,0.378753,-0.17427,0.9996,0.101297,0.384528,-0.173886,0.9995,0.111548,0.392879,-0.053042,0.9999,0.108968,0.414742,-0.156981,0.9996,0.165277,0.369328,-0.139258,1.0,0.162519,0.378369,-0.168167,0.9999,0.31223,0.358543,-0.064404,1.0,0.232313,0.545286,-0.115966,0.9995,0.326756,0.211864,-0.111097,0.9986,0.195966,0.698905,-0.149725,0.9895,0.319159,0.080613,-0.194875,0.9801,0.170365,0.847443,-0.236233,0.8487,0.316878,0.042058,-0.225861,0.927,0.148923,0.88405,-0.247565,0.6981,0.307741,0.039588,-0.24523,0.9357,0.146201,0.885283,-0.284636,0.7231,0.309968,0.053939,-0.210865,0.9546,0.155619,0.875736,-0.25797,0.7713,0.738744,0.556344,-0.0172,0.9966,0.589705,0.604095,0.01833,0.9897,0.862968,0.769425,-0.069738,0.9959,0.403709,0.760537,0.073671,0.7228,0.932625,0.928473,0.050394,0.9645,0.270128,0.922475,0.227373,0.7135,0.913112,0.951315,0.057204,0.9218,0.282666,0.949155,0.234554,0.7761,0.915221,0.970806,-0.047346,0.9336,0.108601,0.947988,0.164069,0.7956
trikonasana_y107_0031,0.169176,0.376275,-0.223451,1.0,0.143669,0.375709,-0.206981,1.0,0.143958,0.375364,-0.206169,1.0,0.144253,0.375297,-0.205796,1.0,0.139502,0.383947,-0.223482,1.0,0.136346,0.390018,-0.224288,1.0,0.133787,0.395625,-0.223132,0.9999,0.14639,0.398394,-0.11614,1.0,0.131566,0.425605,-0.207091,1.0,0.19193,0.384169,-0.191011,1.0,0.18766,0.393641,-0.215709,1.0,0.302341,0.372141,-0.110861,1.0,0.239032,0.561852,-0.161017,0.9999,0.311515,0.219735,-0.145247,0.9994,0.239316,0.698021,-0.194036,0.9948,0.305985,0.092637,-0.2387,0.9986,0.267029,0.836429,-0.269913,0.9769,0.299957,0.04808,-0.26481,0.9947,0.248244,0.879413,-0.27991,0.9476,0.290069,0.046974,-0.283064,0.9955,0.241872,0.88342,-0.31449,0.9526,0.293571,0.061163,-0.254035,0.9958,0.254244,0.869767,-0.290409,0.9564,0.698619,0.50526,-0.030407,0.9995,0.585742,0.573179,0.031509,0.9979,0.855729,0.691476,-0.076789,0.9997,0.429492,0.739935,0.098381,0.9304,0.973125,0.893019,0.009221,0.9987,0.234333,0.883061,0.197964,0.9756,0.980406,0.921191,0.012073,0.991,0.238251,0.93414,0.198437,0.9747,0.942234,0.949312,-0.102388,0.997,0.057052,0.930084,0.127609,0.9797
trikonasana_y107_0032,0.774811,0.339102,-0.180522,1.0,0.799642,0.347185,-0.188876,0.9998,0.801218,0.351516,-0.187998,0.9999,0.80299,0.35589,-0.188137,0.9998,0.798228,0.342041,-0.163971,0.9998,0.79903,0.343412,-0.164389,0.9998,0.799811,0.344697,-0.163968,0.9998,0.806856,0.390166,-0.188124,0.9998,0.800598,0.374388,-0.078927,0.9999,0.760697,0.358193,-0.180139,0.9999,0.758102,0.351899,-0.145775,0.9999,0.734668,0.560009,-0.114949,0.9999,0.680735,0.362971,-0.103049,1.0,0.726684,0.745871,-0.132367,0.9839,0.648015,0.214643,-0.104192,0.9906,0.761819,0.899468,-0.234812,0.922,0.667952,0.080796,-0.194069,0.9826,0.776136,0.930791,-0.243029,0.8441,0.661191,0.038825,-0.218731,0.955,0.784232,0.931968,-0.292306,0.8623,0.667963,0.032793,-0.226982,0.9613,0.774708,0.921999,-0.255139,0.8871,0.669677,0.049763,-0.208991,0.9707,0.450878,0.590077,0.032932,0.9954,0.357421,0.520804,-0.031704,0.9993,0.609819,0.7822,0.059712,0.7233,0.232276,0.731387,-0.05293,0.9933,0.777889,0.930145,0.14869,0.6447,0.105284,0.909571,0.084074,0.9831,0.786741,0.961568,0.152226,0.8025,0.088166,0.932838,0.090216,0.9768,0.900647,0.970816,0.090248,0.7767,0.073206,0.966234,-0.015961,0.9784
trikonasana_y107_0033,0.126845,0.488043,-0.239485,1.0,0.103463,0.49467,-0.220923,1.0,0.103375,0.49416,-0.220104,0.9999,0.10326,0.494191,-0.219692,0.9999,0.104051,0.505408,-0.231868,0.9999,0.103985,0.512024,-0.2329,1.0,0.103902,0.51921,-0.231869,0.9999,0.113434,0.520524,-0.123271,1.0,0.112662,0.54982,-0.188107,0.9999,0.152088,0.490606,-0.206476,1.0,0.151748,0.502785,-0.22329,1.0,0.244652,0.457696,-0.109131,1.0,0.225651,0.663494,-0.11349,0.9994,0.258878,0.288409,-0.145003,0.9997,0.203309,0.813528,-0.126443,0.9952,0.249077,0.126385,-0.260561,0.9994,0.163932,0.947525,-0.215852,0.9829,0.249324,0.072722,-0.285494,0.997,0.124911,0.971819,-0.230429,0.9614,0.242338,0.069093,-0.313394,0.9976,0.120702,0.972371,-0.257409,0.9655,0.244931,0.088672,-0.280366,0.9978,0.137765,0.966155,-0.235649,0.9681,0.631966,0.535042,-0.040234,0.9995,0.541999,0.600371,0.040915,0.9969,0.789602,0.756119,-0.063755,0.9994,0.333437,0.782436,0.077828,0.8529,0.926693,0.956076,0.049323,0.9884,0.170303,0.960619,0.160833,0.9338,0.94438,0.968908,0.054391,0.9726,0.170162,0.985046,0.159731,0.9544,0.959592,1.015496,-0.068258,0.9807,0.04454,0.983034,0.067328,0.953
trikonasana_y107_0034,0.122102,0.446413,-0.121771,1.0,0.098001,0.451951,-0.09753,0.9999,0.097107,0.452848,-0.0967,0.9999,0.095916,0.454313,-0.096435,0.9998,0.096083,0.459403,-0.119618,0.9999,0.093939,0.465213,-0.120407,0.9999,0.091599,0.471473,-0.119437,0.9999,0.09437,0.483,0.005709,1.0,0.090864,0.507326,-0.11268,0.9999,0.141673,0.457723,-0.087137,0.9999,0.141916,0.46685,-0.120055,1.0,0.213751,0.440695,-0.012418,1.0,0.19159,0.624916,-0.079993,0.9996,0.214432,0.285421,-0.051034,0.9985,0.209596,0.78272,-0.106495,0.965,0.178581,0.131217,-0.163629,0.9969,0.183006,0.915113,-0.210495,0.881,0.161072,0.086853,-0.197826,0.9889,0.170113,0.944928,-0.228153,0.8408,0.157572,0.079465,-0.21925,0.9906,0.168333,0.935448,-0.259228,0.8648,0.164121,0.096442,-0.184097,0.9925,0.172932,0.937521,-0.23099,0.888,0.556912,0.564651,-0.016629,0.9993,0.469502,0.622101,0.017518,0.9971,0.749302,0.758335,-0.044754,0.9997,0.260768,0.786254,0.024788,0.945,0.870467,0.947731,0.049453,0.9951,0.108183,0.962048,0.085322,0.9815,0.874836,0.9664,0.054486,0.9907,0.103759,0.990005,0.079935,0.9897,0.90784,0.988367,-0.051833,0.9919,0.002869,0.98465,-0.010446,0.9765
trikonasana_y107_0035,0.933371,0.432223,-0.196157,1.0,0.950898,0.446452,-0.186781,0.9999,0.951085,0.453333,-0.185713,0.9999,0.951318,0.460444,-0.18612,0.9999,0.947172,0.432323,-0.175312,0.9999,0.945112,0.430021,-0.176055,0.9999,0.943339,0.42808,-0.175408,0.9999,0.934557,0.48255,-0.136926,1.0,0.925352,0.439409,-0.089991,0.9999,0.908814,0.449725,-0.181613,1.0,0.904758,0.432282,-0.165469,1.0,0.778833,0.593624,-0.094297,1.0,0.74906,0.391739,-0.104043,1.0,0.762488,0.744348,-0.105954,0.9898,0.734666,0.247564,-0.12256,0.9951,0.773182,0.899772,-0.242785,0.9673,0.758829,0.117512,-0.227128,0.9865,0.784712,0.931364,-0.261802,0.9357,0.755803,0.078296,-0.257159,0.9667,0.79335,0.933357,-0.303618,0.9438,0.766708,0.07826,-0.276201,0.9702,0.781948,0.923659,-0.262843,0.9536,0.764771,0.090543,-0.246969,0.9808,0.471521,0.627289,0.035873,0.9979,0.342435,0.570414,-0.034805,0.999,0.618117,0.793481,0.055004,0.8188,0.18236,0.779048,-0.063056,0.9953,0.754061,0.939674,0.180453,0.6118,0.060398,0.967049,0.025747,0.9839,0.754143,0.959945,0.188184,0.7799,0.061002,0.970851,0.027856,0.9722,0.862332,0.97756,0.133262,0.7688,0.018937,1.011388,-0.090204,0.9427
trikonasana_y107_0036,0.829228,0.374139,-0.171094,1.0,0.857336,0.384205,-0.173109,0.9999,0.859632,0.389381,-0.172005,0.9999,0.862228,0.395252,-0.172257,0.9998,0.855819,0.377393,-0.149265,0.9999,0.85705,0.377378,-0.149821,0.9999,0.858194,0.37744,-0.149185,0.9998,0.863014,0.433731,-0.160213,0.9999,0.857633,0.404206,-0.057635,1.0,0.807886,0.393716,-0.168698,0.9999,0.804932,0.384221,-0.135746,0.9999,0.76492,0.558575,-0.093164,0.9999,0.705047,0.38754,-0.076323,1.0,0.747853,0.711574,-0.092139,0.9724,0.657176,0.246639,-0.086925,0.9952,0.787936,0.840767,-0.217921,0.8747,0.655216,0.106853,-0.192381,0.9919,0.806214,0.861278,-0.230495,0.8147,0.655319,0.064043,-0.221065,0.9786,0.816777,0.860994,-0.275922,0.8241,0.664328,0.06034,-0.232184,0.9817,0.808232,0.856363,-0.238628,0.8496,0.662981,0.073227,-0.209742,0.988,0.476967,0.622661,0.019687,0.9984,0.360157,0.568006,-0.018707,0.9993,0.615593,0.804594,0.028995,0.9579,0.210598,0.766807,-0.03192,0.9967,0.811116,0.940486,0.133103,0.9548,0.077998,0.942507,0.092674,0.9945,0.817235,0.971712,0.138827,0.9798,0.075905,0.9602,0.097875,0.9938,0.952039,0.969224,0.079732,0.9763,0.05443,0.990732,-0.014444,0.9932
trikonasana_y107_0037,0.144347,0.453313,0.19629,0.9988,0.1251,0.458298,0.163871,0.9997,0.122739,0.465048,0.164652,0.9997,0.120982,0.470916,0.16499,0.9997,0.131633,0.445677,0.160699,0.9995,0.133973,0.442778,0.160448,0.9994,0.136247,0.439715,0.160511,0.9992,0.127371,0.493266,0.074613,0.9998,0.14497,0.449833,0.051263,0.9992,0.158377,0.470543,0.168785,0.9997,0.163083,0.456255,0.164453,0.9992,0.207905,0.614959,0.01228,0.9991,0.267364,0.445783,0.064504,0.997,0.192828,0.770481,-0.018802,0.9939,0.300259,0.279442,0.001436,0.9949,0.127635,0.903251,-0.036788,0.9738,0.288696,0.112761,-0.097164,0.9812,0.101707,0.940866,-0.067226,0.935,0.285053,0.064563,-0.122539,0.9637,0.093185,0.935267,-0.056676,0.9319,0.265368,0.063345,-0.120512,0.9594,0.10765,0.922859,-0.033383,0.8794,0.267542,0.079967,-0.095853,0.9206,0.446273,0.663934,-0.037066,0.9726,0.522191,0.639047,0.039369,0.9717,0.223971,0.736352,0.008268,0.9421,0.714508,0.79883,0.050733,0.9871,0.217493,0.943887,0.061079,0.9438,0.928515,0.923719,0.083224,0.9827,0.231355,0.975326,0.063927,0.9288,0.952022,0.945205,0.085879,0.9778,0.120898,1.036622,0.052028,0.9302,0.971127,0.975364,0.037506,0.9823
trikonasana_y107_0038,0.07387,0.45811,-0.138779,1.0,0.055432,0.471487,-0.124079,0.9999,0.055667,0.472598,-0.123216,0.9999,0.055871,0.474012,-0.12292,0.9999,0.056914,0.476622,-0.130372,0.9999,0.058085,0.480648,-0.131491,0.9999,0.059011,0.485429,-0.130168,0.9999,0.072663,0.498032,-0.060562,1.0,0.076093,0.51285,-0.104054,0.9999,0.099913,0.458191,-0.119202,1.0,0.102958,0.465321,-0.129651,0.9999,0.219597,0.406757,-0.073492,1.0,0.228817,0.598671,-0.065641,0.9983,0.203115,0.243397,-0.117344,0.9996,0.223393,0.754653,-0.057986,0.9922,0.174666,0.114666,-0.22692,0.999,0.17827,0.90007,-0.111722,0.9827,0.165046,0.065583,-0.251069,0.9957,0.154059,0.93376,-0.117342,0.9645,0.155669,0.06474,-0.275207,0.9963,0.141956,0.93532,-0.145812,0.9686,0.158509,0.083887,-0.244961,0.9968,0.153795,0.926258,-0.130136,0.9724,0.659918,0.502964,-0.052108,0.9998,0.575664,0.567355,0.052533,0.9986,0.82567,0.719246,-0.072517,0.9997,0.382658,0.769968,0.135207,0.7997,0.936717,0.923493,0.022217,0.9963,0.181967,0.930696,0.255533,0.9413,0.953814,0.951674,0.026127,0.9919,0.178367,0.969584,0.258587,0.9628,0.908474,0.975277,-0.081385,0.9932,0.049227,0.976464,0.186196,0.954
trikonasana_y107_0039,0.870383,0.450805,-0.264987,1.0,0.902614,0.463608,-0.251136,1.0,0.904405,0.470542,-0.250187,1.0,0.906047,0.478077,-0.250405,0.9999,0.899166,0.445859,-0.243662,1.0,0.898851,0.441321,-0.24433,1.0,0.898693,0.437439,-0.243542,1.0,0.900816,0.502542,-0.164262,1.0,0.893522,0.443142,-0.134972,1.0,0.843865,0.469692,-0.236198,1.0,0.838708,0.447636,-0.224752,1.0,0.769576,0.589902,-0.073128,0.9999,0.739561,0.416257,-0.149518,1.0,0.767864,0.742554,-0.063993,0.958,0.73518,0.260061,-0.200594,0.9972,0.798196,0.885319,-0.165457,0.9046,0.771289,0.124422,-0.332065,0.9931,0.817157,0.92143,-0.171944,0.8516,0.777735,0.078143,-0.367823,0.9822,0.825186,0.923997,-0.215949,0.8687,0.786733,0.078959,-0.373591,0.9841,0.811033,0.914162,-0.184784,0.8886,0.782773,0.092803,-0.346749,0.989,0.397134,0.574879,0.068886,0.9975,0.331874,0.514693,-0.068289,0.9992,0.561132,0.742319,0.128139,0.7819,0.14456,0.723443,-0.090869,0.9987,0.741789,0.916654,0.253148,0.8615,0.034671,0.936819,0.016187,0.9892,0.738438,0.959091,0.259453,0.9131,0.025852,0.957392,0.020335,0.9827,0.889327,0.946429,0.207441,0.9265,0.037349,1.015953,-0.09497,0.9608
trikonasana_y107_0040,0.16977,0.468166,-0.258177,1.0,0.149185,0.454959,-0.2401,0.9999,0.151144,0.449664,-0.239523,0.9999,0.153415,0.444375,-0.238921,0.9999,0.142521,0.472959,-0.246234,0.9999,0.140061,0.479612,-0.247176,1.0,0.13773,0.4865,-0.246288,0.9999,0.164757,0.439253,-0.125764,1.0,0.141648,0.49972,-0.170336,0.9999,0.197711,0.462558,-0.216211,0.9999,0.188751,0.486726,-0.228427,1.0,0.283874,0.404725,-0.106072,1.0,0.231578,0.589235,-0.082008,0.9996,0.305957,0.256466,-0.159993,0.9996,0.223502,0.731039,-0.103228,0.9884,0.304736,0.120173,-0.271298,0.9982,0.187304,0.873034,-0.213874,0.9515,0.300199,0.073296,-0.303675,0.9927,0.170529,0.904829,-0.223018,0.8944,0.289219,0.073479,-0.324629,0.9938,0.166454,0.905859,-0.255437,0.9084,0.292349,0.091308,-0.288448,0.995,0.175123,0.898336,-0.233658,0.9194,0.621832,0.574749,-0.04739,0.9995,0.511225,0.627059,0.04822,0.9973,0.783898,0.769325,-0.092329,0.9998,0.322525,0.784301,0.082413,0.9435,0.934053,0.941557,0.017831,0.9965,0.158089,0.937929,0.149378,0.9758,0.942029,0.953046,0.021541,0.9773,0.164216,0.972908,0.147381,0.9781,0.965709,1.020229,-0.111625,0.9884,0.031718,0.965953,0.069259,0.979
trikonasana_y107_0041,0.13676,0.402,-0.185177,0.9999,0.117862,0.400491,-0.163928,0.9998,0.119026,0.398341,-0.163372,0.9998,0.119825,0.396617,-0.163001,0.9998,0.112625,0.414531,-0.171733,0.9999,0.111119,0.419852,-0.172698,0.9999,0.109304,0.426265,-0.171537,0.9998,0.128269,0.413684,-0.063238,0.9998,0.113057,0.460218,-0.115495,0.9998,0.160398,0.406364,-0.151115,0.9998,0.155155,0.422051,-0.164574,0.9999,0.26103,0.379365,-0.058718,0.9999,0.219118,0.589189,-0.073641,0.9986,0.261179,0.213742,-0.09356,0.9979,0.187365,0.743527,-0.089045,0.9883,0.242657,0.081891,-0.194735,0.9963,0.167178,0.871283,-0.180016,0.9385,0.232834,0.040207,-0.232321,0.9854,0.147389,0.901936,-0.192369,0.8567,0.22316,0.038766,-0.25012,0.9874,0.144555,0.901988,-0.220136,0.8716,0.226578,0.054867,-0.209451,0.9889,0.155334,0.891537,-0.197939,0.8883,0.621835,0.542755,-0.030185,0.9989,0.526267,0.620223,0.031157,0.9958,0.825043,0.724853,-0.049915,0.9987,0.336129,0.787824,0.100266,0.9103,0.963318,0.902251,0.057436,0.9943,0.142339,0.92139,0.193128,0.9528,0.947689,0.920813,0.063253,0.9801,0.143346,0.948265,0.19342,0.9565,0.965173,0.961366,-0.056654,0.9854,0.010397,0.938922,0.118467,0.94
trikonasana_y107_0042,0.888744,0.183591,-0.182538,0.9996,0.909597,0.212196,-0.181675,0.9995,0.908822,0.219725,-0.180369,0.9996,0.908225,0.228825,-0.18071,0.9997,0.912106,0.201349,-0.168131,0.9993,0.913011,0.202189,-0.168567,0.9993,0.913849,0.202983,-0.168158,0.9993,0.892274,0.288931,-0.145742,0.9999,0.898589,0.238097,-0.097074,0.9997,0.863016,0.200889,-0.171996,0.9999,0.864973,0.184425,-0.15405,0.9999,0.750108,0.448027,-0.075744,0.9999,0.782333,0.099565,-0.122046,0.9999,0.712503,0.742165,-0.094913,0.9523,0.783522,-0.192744,-0.128577,0.8388,0.810827,0.958762,-0.159084,0.7653,0.771539,-0.418981,-0.199441,0.4146,0.813213,1.001022,-0.158822,0.6868,0.785566,-0.489561,-0.212355,0.3281,0.834368,1.008893,-0.196117,0.6985,0.782413,-0.485666,-0.227711,0.3712,0.834481,0.993789,-0.174946,0.7237,0.773207,-0.456106,-0.218231,0.4708,0.473598,0.394217,0.051584,0.9917,0.403956,0.281498,-0.050459,0.9582,0.671099,0.71159,0.051315,0.9668,0.212841,0.620301,-0.091293,0.9838,0.819641,1.055818,0.116554,0.9368,0.044431,0.953404,0.017133,0.9229,0.82837,1.135958,0.116484,0.9144,0.026805,0.97145,0.021513,0.9043,0.958036,1.065531,0.078167,0.8913,-0.001894,1.098703,-0.082492,0.9056
trikonasana_y107_0043,0.858936,0.314235,-0.152342,1.0,0.890281,0.320804,-0.154831,1.0,0.893443,0.325331,-0.15389,1.0,0.897788,0.330663,-0.154069,1.0,0.886439,0.314202,-0.13073,0.9999,0.886382,0.313742,-0.131366,0.9999,0.886941,0.313266,-0.130749,0.9999,0.900342,0.361069,-0.14305,1.0,0.886172,0.336689,-0.039991,1.0,0.836852,0.332003,-0.15019,1.0,0.832763,0.323164,-0.117595,1.0,0.80681,0.491363,-0.07354,0.9999,0.690876,0.333667,-0.063953,1.0,0.751054,0.625887,-0.071798,0.9735,0.601705,0.205584,-0.058664,0.9982,0.750668,0.742292,-0.204935,0.9394,0.531766,0.080838,-0.146428,0.9942,0.764288,0.786537,-0.220279,0.8921,0.516123,0.045591,-0.173793,0.9822,0.76766,0.784428,-0.270289,0.9052,0.526988,0.040946,-0.194706,0.9849,0.759099,0.772913,-0.227067,0.9175,0.526272,0.0513,-0.165867,0.9875,0.472049,0.586562,0.040857,0.9991,0.32055,0.536943,-0.040061,0.9999,0.644796,0.752253,0.071984,0.9294,0.156356,0.727562,-0.061685,0.9994,0.824142,0.919335,0.149918,0.9206,0.035188,0.927858,0.019153,0.9991,0.813905,0.95294,0.151405,0.9331,0.027319,0.951946,0.018194,0.9943,0.986408,0.950642,0.086772,0.9398,0.072447,0.971799,-0.106067,0.9978
trikonasana_y107_0044,0.837535,0.5263,-0.185003,0.9999,0.846721,0.550176,-0.162902,0.9998,0.839673,0.55806,-0.161601,0.9997,0.832915,0.565997,-0.161818,0.9997,0.865027,0.526381,-0.167746,0.9998,0.869576,0.5174,-0.168724,0.9999,0.873481,0.508767,-0.167798,0.9999,0.802479,0.574038,-0.049119,0.9997,0.855371,0.490621,-0.088367,0.9999,0.78022,0.53021,-0.147257,0.9998,0.808095,0.500219,-0.155822,0.9999,0.627246,0.560285,0.029978,0.9978,0.705549,0.390922,-0.086348,0.9999,0.587398,0.683796,0.041179,0.8016,0.797772,0.222606,-0.119777,0.9889,0.693997,0.788202,-0.030181,0.7395,0.895915,0.072748,-0.193323,0.9625,0.712469,0.818277,-0.03306,0.6276,0.927916,0.038397,-0.220757,0.9139,0.735038,0.819507,-0.067508,0.6576,0.931924,0.034016,-0.221335,0.9243,0.723774,0.810289,-0.045137,0.7182,0.919466,0.045281,-0.204044,0.9345,0.301062,0.466231,0.084352,0.99,0.202969,0.41049,-0.083583,0.9941,0.525425,0.660144,0.123791,0.5969,0.203377,0.645763,-0.152997,0.9971,0.386057,0.8475,0.165889,0.7095,0.074877,0.885963,-0.130848,0.9953,0.327553,0.862003,0.166101,0.6943,0.029215,0.912476,-0.133813,0.9841,0.453332,0.936918,0.112807,0.7918,0.186413,0.979187,-0.239842,0.9699
trikonasana_y107_0045,0.873812,0.395598,-0.250178,1.0,0.897373,0.412298,-0.248798,0.9999,0.897888,0.41794,-0.247703,0.9999,0.898858,0.42482,-0.247871,0.9999,0.897334,0.402432,-0.229237,1.0,0.897957,0.401557,-0.229893,1.0,0.898867,0.400963,-0.229329,1.0,0.88746,0.452765,-0.221476,1.0,0.888888,0.426868,-0.135435,1.0,0.851723,0.408076,-0.24344,1.0,0.852166,0.396707,-0.215437,1.0,0.750699,0.56282,-0.137138,0.9999,0.740369,0.380148,-0.158825,1.0,0.759805,0.713953,-0.1495,0.9841,0.775144,0.230079,-0.166273,0.9973,0.804428,0.842567,-0.248986,0.8575,0.852791,0.097912,-0.241299,0.9923,0.822182,0.874645,-0.256881,0.7705,0.875524,0.061075,-0.268367,0.9779,0.833257,0.876597,-0.295643,0.7845,0.892211,0.059746,-0.274539,0.9799,0.821625,0.866888,-0.267799,0.8116,0.883359,0.07273,-0.25687,0.9865,0.478308,0.562534,0.040413,0.998,0.368562,0.510947,-0.03902,0.9975,0.656947,0.738341,0.013135,0.9282,0.203643,0.708204,-0.078514,0.9975,0.840446,0.904818,0.068422,0.9507,0.060383,0.903818,0.046664,0.9931,0.833846,0.945558,0.067252,0.9773,0.042424,0.925461,0.051867,0.9909,0.957951,0.947847,-0.001564,0.9768,0.057894,0.974058,-0.069814,0.9887
trikonasana_y107_0046,0.141768,0.391108,-0.218228,0.9999,0.113982,0.398113,-0.199226,0.9999,0.113733,0.398394,-0.19849,0.9999,0.113327,0.399173,-0.198177,0.9999,0.111561,0.406535,-0.211658,0.9998,0.109833,0.412384,-0.212562,0.9998,0.108156,0.418338,-0.211463,0.9997,0.119132,0.426333,-0.10718,0.9999,0.113585,0.450492,-0.177117,0.9997,0.166702,0.398136,-0.185979,0.9999,0.165187,0.409986,-0.20472,0.9999,0.279646,0.379763,-0.105413,1.0,0.247408,0.572055,-0.125244,0.9991,0.30316,0.224074,-0.146939,0.9994,0.259365,0.732108,-0.142776,0.9903,0.256799,0.081426,-0.245691,0.9977,0.206759,0.863757,-0.227914,0.9767,0.238449,0.038825,-0.275059,0.9912,0.181091,0.912911,-0.243908,0.9527,0.230933,0.039954,-0.293034,0.9926,0.16738,0.913862,-0.277114,0.9589,0.23562,0.051383,-0.261353,0.9949,0.177247,0.900321,-0.249441,0.9626,0.679797,0.553713,-0.035494,0.9972,0.558095,0.599948,0.036242,0.984,0.84353,0.762577,-0.054641,0.9992,0.337749,0.783372,0.107977,0.8468,0.957258,0.946189,0.03892,0.9948,0.178936,0.926795,0.210626,0.9177,0.971774,0.962859,0.042926,0.9755,0.162183,0.957214,0.213313,0.9415,0.951929,1.001461,-0.071398,0.9867,0.084343,0.971304,0.146267,0.9394
trikonasana_y107_0047,0.865591,0.315832,-0.176764,0.9998,0.888106,0.330447,-0.177415,0.9997,0.889329,0.337247,-0.176556,0.9997,0.891046,0.345061,-0.176864,0.9997,0.886412,0.319521,-0.159477,0.9997,0.886437,0.318516,-0.160126,0.9997,0.886598,0.317676,-0.159051,0.9997,0.881887,0.382243,-0.150988,0.9999,0.877376,0.34458,-0.07443,0.9999,0.842614,0.332307,-0.170804,0.9999,0.840527,0.320024,-0.144499,0.9999,0.764082,0.522422,-0.07227,0.9999,0.731147,0.307497,-0.098512,1.0,0.766703,0.698035,-0.106079,0.9207,0.728633,0.148245,-0.112642,0.8996,0.784063,0.868384,-0.183898,0.5354,0.736998,0.029921,-0.209987,0.5565,0.799502,0.894378,-0.180824,0.4487,0.734349,-0.026737,-0.229753,0.4269,0.807625,0.900624,-0.220871,0.4749,0.714442,-0.008834,-0.24306,0.4624,0.797285,0.888356,-0.199292,0.5248,0.708224,0.009806,-0.227599,0.5533,0.478735,0.547044,0.050134,0.9935,0.376535,0.482433,-0.049201,0.9888,0.652957,0.748989,0.06696,0.9196,0.220646,0.71735,-0.092666,0.9928,0.833577,0.939795,0.144756,0.9004,0.078633,0.927937,-0.033114,0.9316,0.834393,0.981102,0.143147,0.8739,0.07031,0.950039,-0.033238,0.8804,0.938329,0.991773,0.096697,0.7896,0.083868,0.984468,-0.142306,0.778
trikonasana_y107_0048,0.870886,0.372844,-0.152569,1.0,0.89324,0.388871,-0.153424,0.9998,0.892749,0.393439,-0.152566,0.9999,0.891857,0.397272,-0.15264,0.9998,0.8928,0.379242,-0.138026,0.9998,0.892909,0.379039,-0.138484,0.9998,0.892698,0.378434,-0.137752,0.9998,0.874239,0.430298,-0.12985,0.9998,0.876878,0.399891,-0.063699,0.9999,0.84438,0.386237,-0.144244,0.9998,0.849497,0.377297,-0.122351,0.9998,0.772094,0.527425,-0.046567,0.9998,0.762576,0.352622,-0.083225,1.0,0.746418,0.721186,-0.041791,0.9284,0.796478,0.210441,-0.085092,0.9941,0.77325,0.843464,-0.13801,0.7722,0.834719,0.083887,-0.14189,0.9794,0.761055,0.869851,-0.138333,0.6588,0.847244,0.04834,-0.166297,0.9324,0.76429,0.872939,-0.186859,0.6948,0.852303,0.046198,-0.165135,0.9384,0.768222,0.865488,-0.157615,0.7392,0.846853,0.061451,-0.153292,0.9542,0.479537,0.54489,0.04394,0.999,0.412595,0.500601,-0.042839,0.9997,0.702087,0.722281,0.083774,0.6737,0.235516,0.699769,-0.048689,0.9963,0.892402,0.898669,0.188435,0.7096,0.085948,0.88101,0.067416,0.9893,0.896795,0.927624,0.193839,0.8145,0.059306,0.909999,0.072796,0.9762,1.022873,0.923526,0.149688,0.8333,0.072162,0.955361,-0.0283,0.9874
trikonasana_y107_0049,0.184016,0.526681,-0.310043,1.0,0.151232,0.53161,-0.292665,1.0,0.149205,0.528727,-0.291844,1.0,0.147512,0.525844,-0.291339,1.0,0.154973,0.546313,-0.295876,1.0,0.156085,0.554754,-0.297004,1.0,0.158232,0.565018,-0.295501,1.0,0.149562,0.533363,-0.181321,1.0,0.170869,0.596122,-0.211685,0.9999,0.20594,0.517895,-0.270251,1.0,0.211042,0.53998,-0.27713,0.9999,0.240689,0.46696,-0.150691,1.0,0.272463,0.647817,-0.107129,0.9993,0.253908,0.302241,-0.196057,0.9996,0.277147,0.796896,-0.091449,0.9925,0.235242,0.146122,-0.32734,0.9992,0.23775,0.926695,-0.162234,0.9804,0.221413,0.095116,-0.361763,0.9958,0.206967,0.940907,-0.163963,0.9431,0.212859,0.09325,-0.385911,0.9965,0.201458,0.94193,-0.189707,0.9495,0.221092,0.111394,-0.34531,0.9968,0.2101,0.938093,-0.178431,0.9534,0.620023,0.569025,-0.061114,1.0,0.522752,0.614935,0.062004,0.9994,0.81359,0.761011,-0.103047,0.9997,0.300108,0.753385,0.158571,0.8731,0.956863,0.958023,-0.075056,0.997,0.129355,0.920475,0.230057,0.965,0.975499,0.969722,-0.078596,0.9913,0.128813,0.942853,0.228254,0.9705,0.99441,1.058926,-0.196175,0.993,0.012699,0.933289,0.161527,0.9716
trikonasana_y107_0050,0.857794,0.395477,-0.203797,1.0,0.881166,0.411342,-0.205618,0.9997,0.881577,0.416495,-0.204598,0.9999,0.882367,0.423161,-0.204576,0.9997,0.879991,0.403856,-0.184533,0.9998,0.879592,0.403926,-0.184891,0.9999,0.879521,0.404214,-0.184312,0.9997,0.869453,0.460136,-0.187829,0.9998,0.870786,0.433969,-0.100487,0.9999,0.833772,0.410823,-0.199069,0.9998,0.83286,0.401403,-0.170687,0.9999,0.750169,0.575302,-0.116491,0.9999,0.712387,0.382647,-0.126498,1.0,0.745596,0.733311,-0.112583,0.9558,0.646094,0.230396,-0.134043,0.9956,0.806884,0.867878,-0.218441,0.8937,0.631876,0.102705,-0.214812,0.9889,0.831012,0.897493,-0.224877,0.8411,0.624615,0.060191,-0.239472,0.9691,0.838781,0.898066,-0.272508,0.8523,0.628935,0.056115,-0.240956,0.9725,0.826837,0.892477,-0.23896,0.8729,0.628449,0.07114,-0.22673,0.9815,0.431577,0.604254,0.051194,0.9989,0.32955,0.551647,-0.050055,0.9998,0.630761,0.7553,0.128056,0.7067,0.179801,0.723991,-0.020522,0.9964,0.827115,0.920774,0.261704,0.8376,0.03138,0.920561,0.133056,0.9931,0.824933,0.961989,0.272613,0.9184,0.015451,0.935973,0.140119,0.9907,0.974753,0.936649,0.220483,0.9396,0.050503,0.961747,0.03386,0.9927
trikonasana_y107_0051,0.114802,0.186564,-0.194946,0.9985,0.095242,0.187096,-0.174191,0.9977,0.096473,0.185635,-0.173436,0.9979,0.097452,0.184438,-0.173378,0.9979,0.092172,0.201879,-0.185253,0.9975,0.091181,0.211492,-0.18613,0.9977,0.090027,0.221708,-0.185425,0.9975,0.107675,0.213716,-0.083689,0.9989,0.098961,0.26652,-0.150018,0.999,0.142941,0.19373,-0.165307,0.9993,0.136737,0.21277,-0.183668,0.9996,0.276632,0.169932,-0.088857,0.9996,0.225596,0.438873,-0.114794,0.9982,0.290925,-0.043312,-0.134385,0.9902,0.200093,0.653753,-0.135553,0.9172,0.268765,-0.254778,-0.209761,0.2466,0.173803,0.863612,-0.236272,0.5372,0.259688,-0.333717,-0.238724,0.1725,0.153277,0.917331,-0.251269,0.4532,0.250558,-0.329008,-0.253749,0.1646,0.147148,0.918673,-0.285587,0.4532,0.263015,-0.307679,-0.225694,0.1892,0.159649,0.901205,-0.258111,0.4923,0.633009,0.41755,-0.028554,0.9625,0.528842,0.498704,0.029417,0.9378,0.805667,0.69564,-0.060437,0.9904,0.326948,0.735847,0.043434,0.8882,0.958079,0.949888,0.076466,0.932,0.14157,0.964463,0.130322,0.858,0.959576,0.958878,0.084671,0.9069,0.125405,1.034793,0.129157,0.893,0.954821,1.028209,-0.031213,0.9068,0.034034,1.025683,0.04201,0.8985
trikonasana_y107_0052,0.109217,0.222185,-0.177622,0.9989,0.079143,0.225657,-0.156875,0.9978,0.07929,0.225378,-0.155686,0.9981,0.078978,0.225549,-0.155812,0.9981,0.076721,0.237482,-0.176979,0.9978,0.074904,0.246306,-0.177691,0.998,0.072818,0.256185,-0.177474,0.9978,0.08771,0.256174,-0.067108,0.9993,0.080452,0.300635,-0.177647,0.9994,0.141382,0.232766,-0.147346,0.9997,0.137248,0.24633,-0.178239,0.9998,0.270673,0.211249,-0.085622,0.9997,0.223383,0.43735,-0.157605,0.9998,0.303236,-0.003134,-0.114605,0.9836,0.227489,0.638663,-0.204556,0.7467,0.291284,-0.199495,-0.16777,0.2003,0.238964,0.834457,-0.27779,0.308,0.285222,-0.253906,-0.18386,0.1142,0.231674,0.886295,-0.280081,0.2199,0.278135,-0.264192,-0.202586,0.1102,0.237571,0.887738,-0.313441,0.199,0.272211,-0.238586,-0.18167,0.1451,0.245728,0.874451,-0.297074,0.2397,0.683118,0.389431,-0.000281,0.9708,0.594732,0.46157,0.001246,0.9896,0.710893,0.526734,0.001439,0.9107,0.424722,0.70771,0.011682,0.8875,0.692744,0.429353,0.23165,0.2419,0.250254,0.938256,0.045575,0.7616,0.66866,0.409043,0.255494,0.3476,0.248913,0.95683,0.046059,0.7146,0.729315,0.41781,0.282535,0.316,0.109796,0.983354,-0.002277,0.6358
trikonasana_y107_0053,0.817717,0.490441,0.254255,0.9992,0.82655,0.491849,0.229065,0.9997,0.824985,0.491009,0.229854,0.9996,0.821754,0.485268,0.229692,0.9997,0.828581,0.498732,0.222316,0.9998,0.827644,0.500281,0.221418,0.9996,0.826887,0.503605,0.22181,0.9997,0.804103,0.490135,0.151324,0.9997,0.810673,0.51294,0.100672,0.9997,0.795286,0.492347,0.229182,0.9994,0.797016,0.499661,0.216207,0.9994,0.670067,0.438122,0.128544,0.9994,0.693879,0.615735,0.009828,0.9997,0.643187,0.267306,0.080586,0.9989,0.649826,0.702888,-0.005603,0.9793,0.631192,0.10899,0.003153,0.9883,0.674022,0.758103,-0.054087,0.9011,0.621656,0.063307,-0.018116,0.9683,0.678033,0.779608,-0.076401,0.8352,0.638262,0.057039,-0.015497,0.9649,0.693953,0.763638,-0.074647,0.8376,0.63993,0.07519,0.000931,0.9431,0.694184,0.753856,-0.054383,0.7775,0.411558,0.586351,0.089976,0.9999,0.433565,0.620635,-0.088297,0.9995,0.230326,0.748842,0.110498,0.9777,0.604176,0.753286,-0.004817,0.9858,0.124253,0.900889,0.175368,0.9863,0.764681,0.929849,0.046635,0.99,0.09864,0.909745,0.177526,0.9913,0.812002,0.932357,0.051507,0.9812,0.113461,0.947918,0.133752,0.9723,0.872264,0.95334,0.015217,0.9817
trikonasana_y107_0054,0.164528,0.417803,-0.202759,1.0,0.144452,0.41515,-0.180242,1.0,0.145699,0.412198,-0.179614,1.0,0.146855,0.409407,-0.179105,1.0,0.141511,0.427761,-0.18731,1.0,0.140929,0.434581,-0.188243,1.0,0.140737,0.441989,-0.186785,1.0,0.159738,0.419651,-0.076249,1.0,0.150012,0.467947,-0.122738,1.0,0.188529,0.41843,-0.168171,1.0,0.188603,0.435024,-0.180338,1.0,0.293889,0.381424,-0.070962,1.0,0.270906,0.57633,-0.066658,0.9995,0.293329,0.235468,-0.108211,0.9994,0.284893,0.72953,-0.079465,0.9925,0.271383,0.092612,-0.219467,0.999,0.250061,0.849654,-0.174903,0.9802,0.267033,0.046285,-0.25315,0.9951,0.236437,0.892227,-0.186108,0.9506,0.258966,0.046394,-0.271896,0.9959,0.231022,0.892007,-0.220413,0.9562,0.260349,0.061714,-0.234864,0.9963,0.235567,0.883862,-0.195519,0.9586,0.636404,0.545991,-0.046664,0.9998,0.547773,0.609558,0.047399,0.9989,0.800446,0.720248,-0.066499,0.9999,0.343353,0.749075,0.129518,0.9686,0.942794,0.90429,0.027379,0.9994,0.158556,0.914063,0.229073,0.9894,0.954063,0.9251,0.029986,0.9938,0.160058,0.954029,0.2301,0.9819,0.934371,0.971841,-0.0889,0.9977,0.032954,0.943918,0.167159,0.9886
trikonasana_y107_0055,0.873536,0.461263,-0.301252,1.0,0.897639,0.474764,-0.292092,0.9999,0.897888,0.482084,-0.291243,0.9999,0.898598,0.489623,-0.29129,0.9998,0.897121,0.456791,-0.279948,0.9999,0.896877,0.451534,-0.280667,0.9999,0.896924,0.446535,-0.279992,0.9999,0.891214,0.507064,-0.218313,0.9998,0.892291,0.451542,-0.168341,0.9999,0.842979,0.477673,-0.276247,0.9999,0.847938,0.452834,-0.259064,1.0,0.751949,0.582221,-0.124328,1.0,0.765343,0.399773,-0.168735,1.0,0.662681,0.731283,-0.115227,0.9789,0.73662,0.260061,-0.194179,0.9993,0.612801,0.838073,-0.243159,0.9244,0.716555,0.117036,-0.289637,0.9962,0.59987,0.883632,-0.253171,0.8707,0.717039,0.074233,-0.317092,0.9867,0.604273,0.88691,-0.300747,0.8893,0.723627,0.069883,-0.332266,0.9887,0.604714,0.873584,-0.263565,0.8937,0.720262,0.086031,-0.306674,0.9913,0.438182,0.586774,0.057726,0.9977,0.325746,0.536052,-0.056728,0.9992,0.600686,0.768949,0.090069,0.7702,0.17847,0.75087,-0.089087,0.9965,0.813671,0.933555,0.159866,0.8461,0.084169,0.923911,0.058243,0.9883,0.805477,0.964153,0.161036,0.8927,0.079582,0.949487,0.066358,0.9757,0.966329,0.95919,0.079173,0.9177,0.060626,0.996201,-0.066107,0.987
trikonasana_y107_0056,0.071117,0.553202,-0.098953,0.999,0.05307,0.545972,-0.09884,0.9981,0.052415,0.543648,-0.097796,0.9985,0.051291,0.537748,-0.097786,0.9984,0.052506,0.550501,-0.088504,0.9985,0.051389,0.551181,-0.089021,0.9987,0.050611,0.552081,-0.088203,0.9977,0.054068,0.524927,-0.066128,0.999,0.054222,0.546918,-0.030854,0.9979,0.096491,0.546713,-0.086524,0.9984,0.095729,0.554384,-0.073541,0.9963,0.169541,0.474283,-0.072881,0.9998,0.206113,0.58184,0.038037,0.999,0.194027,0.275368,-0.12683,0.9905,0.161804,0.723113,0.024953,0.8798,0.198365,0.112052,-0.169207,0.9717,0.185437,0.897364,-0.061151,0.8334,0.19538,0.057739,-0.18294,0.929,0.159661,0.921305,-0.068053,0.7398,0.188121,0.054128,-0.192664,0.9374,0.154513,0.922051,-0.087271,0.757,0.191373,0.070517,-0.17487,0.9458,0.16878,0.908046,-0.075587,0.7774,0.56896,0.508413,-0.069244,0.9978,0.591343,0.506761,0.070506,0.996,0.35968,0.74608,-0.053055,0.9165,0.780787,0.713372,0.092377,0.9441,0.196731,0.938083,0.007795,0.9612,0.949432,0.909231,0.147346,0.9828,0.19684,0.981595,0.009387,0.9509,0.977819,0.935571,0.148006,0.9831,0.055739,0.983251,-0.033805,0.9662,0.984618,0.981784,0.095485,0.9871
trikonasana_y107_0057,0.08737,0.423493,-0.207288,1.0,0.067263,0.43135,-0.183877,0.9999,0.067582,0.430544,-0.183178,0.9999,0.067794,0.429791,-0.182979,0.9999,0.0692,0.440337,-0.190858,1.0,0.070557,0.446438,-0.191719,1.0,0.071681,0.453148,-0.190795,0.9999,0.079342,0.447901,-0.076478,1.0,0.081158,0.478747,-0.127672,0.9999,0.107829,0.422877,-0.171989,1.0,0.110085,0.433291,-0.184818,0.9999,0.200412,0.385259,-0.084882,1.0,0.199646,0.552332,-0.052869,0.9991,0.214331,0.249739,-0.134297,0.9975,0.186481,0.682274,-0.071015,0.9704,0.200167,0.114836,-0.24587,0.9947,0.122718,0.794969,-0.173277,0.9205,0.186891,0.073554,-0.288128,0.9812,0.111777,0.814232,-0.187392,0.8445,0.180357,0.072625,-0.305864,0.9836,0.102797,0.812125,-0.216504,0.856,0.186573,0.085151,-0.262655,0.987,0.113461,0.806602,-0.194161,0.8764,0.571492,0.488876,-0.052098,1.0,0.461501,0.537528,0.053105,0.9997,0.772308,0.702555,-0.126271,0.9996,0.261314,0.637414,0.144111,0.5614,0.919369,0.913823,-0.119877,0.998,0.142151,0.783427,0.233255,0.8635,0.949158,0.932312,-0.123368,0.9959,0.136979,0.80702,0.231782,0.8879,0.902159,0.998834,-0.250382,0.9938,0.04174,0.80376,0.14653,0.9004
trikonasana_y107_0058,0.842572,0.433608,-0.239004,1.0,0.867618,0.446861,-0.238483,1.0,0.869163,0.454493,-0.237419,1.0,0.870573,0.462059,-0.237344,1.0,0.864964,0.436472,-0.219462,1.0,0.86394,0.43564,-0.219922,1.0,0.863132,0.435087,-0.219195,1.0,0.862878,0.50071,-0.203652,1.0,0.854806,0.462398,-0.125664,1.0,0.81777,0.452581,-0.22898,1.0,0.816276,0.440071,-0.20311,1.0,0.759357,0.614527,-0.104087,1.0,0.704711,0.426776,-0.155078,1.0,0.766804,0.785882,-0.07925,0.9677,0.648153,0.268337,-0.165128,0.997,0.811991,0.923586,-0.158321,0.8878,0.622279,0.11676,-0.267154,0.9915,0.841748,0.947517,-0.161403,0.8282,0.612197,0.06914,-0.300119,0.9767,0.850416,0.95127,-0.20523,0.8426,0.620908,0.068447,-0.305535,0.98,0.836177,0.945289,-0.177035,0.864,0.622622,0.080829,-0.281808,0.9863,0.43609,0.616594,0.063878,0.9992,0.346632,0.564816,-0.063096,0.9997,0.662787,0.759642,0.153531,0.7414,0.176713,0.736381,-0.055283,0.9986,0.835205,0.946409,0.287429,0.9138,0.040123,0.924965,0.093532,0.9957,0.828564,0.975882,0.296005,0.9559,0.014294,0.943818,0.10065,0.9928,0.969514,0.974734,0.235463,0.9713,0.069435,0.968127,-0.023526,0.9951
trikonasana_y107_0059,0.201612,0.505235,-0.347874,1.0,0.162515,0.497048,-0.340897,1.0,0.158837,0.487394,-0.339721,1.0,0.156172,0.480156,-0.339579,1.0,0.175543,0.528941,-0.33309,1.0,0.181173,0.540041,-0.33452,1.0,0.185918,0.549324,-0.333499,1.0,0.164435,0.461305,-0.257987,1.0,0.203072,0.561792,-0.242884,1.0,0.234241,0.482061,-0.316375,1.0,0.252918,0.516209,-0.310564,1.0,0.294439,0.382595,-0.219386,1.0,0.327736,0.579086,-0.136854,0.9998,0.267604,0.235796,-0.272849,0.9993,0.360879,0.711934,-0.08946,0.9656,0.201652,0.10217,-0.36308,0.9979,0.351295,0.825231,-0.086485,0.9657,0.161336,0.057015,-0.389161,0.9908,0.327833,0.861366,-0.085636,0.9145,0.150466,0.05506,-0.41297,0.9928,0.316683,0.862013,-0.090253,0.9166,0.167089,0.071029,-0.378746,0.9948,0.333767,0.847404,-0.09228,0.9206,0.721642,0.464825,-0.067211,1.0,0.615593,0.525134,0.067663,0.9999,0.857299,0.694352,-0.117477,0.9986,0.427648,0.65379,0.207362,0.7231,0.967868,0.897958,-0.029819,0.9967,0.341877,0.853394,0.368281,0.9369,0.987184,0.91368,-0.024851,0.9914,0.357553,0.882648,0.377933,0.9313,0.907483,0.98692,-0.133796,0.9945,0.219555,0.920198,0.315933,0.9718
trikonasana_y107_0060,0.155792,0.441423,-0.168054,0.9999,0.139162,0.443756,-0.143429,0.9998,0.139625,0.442602,-0.142694,0.9998,0.140118,0.441796,-0.142401,0.9997,0.138644,0.455299,-0.153013,0.9998,0.138508,0.461937,-0.154073,0.9998,0.138187,0.469887,-0.152806,0.9997,0.151225,0.460934,-0.042854,0.9999,0.148031,0.500508,-0.101832,0.9997,0.177342,0.444448,-0.136034,0.9999,0.177331,0.457648,-0.151314,0.9998,0.27932,0.417052,-0.04181,1.0,0.245172,0.607586,-0.065857,0.9987,0.289461,0.256278,-0.079549,0.9992,0.231218,0.762903,-0.081803,0.9816,0.286782,0.111916,-0.194922,0.9986,0.187661,0.886933,-0.184269,0.932,0.286497,0.069479,-0.227623,0.9939,0.16318,0.925386,-0.203353,0.8766,0.276646,0.068555,-0.252194,0.9949,0.152581,0.927008,-0.231502,0.8927,0.276776,0.08439,-0.213865,0.9957,0.162941,0.917418,-0.204349,0.9099,0.604846,0.564093,-0.021222,0.9989,0.515855,0.626494,0.021646,0.994,0.786073,0.744427,-0.058725,0.9988,0.329515,0.777751,0.034942,0.8925,0.933474,0.928041,0.039265,0.9867,0.139267,0.930978,0.090239,0.9412,0.937182,0.953042,0.044354,0.9717,0.127894,0.958721,0.086588,0.9589,0.957241,0.9624,-0.068726,0.9767,0.023454,0.958104,-0.002461,0.9402
trikonasana_y107_0061,0.881614,0.480059,-0.212374,1.0,0.901542,0.497789,-0.208555,0.9999,0.900249,0.503742,-0.207593,1.0,0.898341,0.512774,-0.207678,0.9998,0.903322,0.487607,-0.194013,0.9999,0.903426,0.485253,-0.194534,1.0,0.903555,0.484294,-0.193625,0.9999,0.883037,0.542362,-0.16009,0.9999,0.89412,0.500763,-0.103668,1.0,0.853898,0.492398,-0.19604,0.9999,0.857005,0.479328,-0.176424,1.0,0.753598,0.62334,-0.064785,0.9999,0.779417,0.416742,-0.105279,1.0,0.6999,0.799457,-0.047122,0.9653,0.754899,0.254638,-0.10765,0.9979,0.761479,0.932022,-0.126295,0.9037,0.769267,0.093418,-0.201314,0.9943,0.770282,0.952781,-0.125559,0.8201,0.769601,0.050044,-0.225937,0.9808,0.786331,0.951949,-0.163694,0.8368,0.776225,0.047941,-0.230789,0.9832,0.776603,0.946579,-0.142694,0.8657,0.774704,0.06198,-0.214641,0.9881,0.466482,0.586595,0.039014,0.9991,0.406516,0.531041,-0.038121,0.9997,0.668587,0.771591,0.083761,0.7342,0.245819,0.725089,-0.031771,0.9965,0.826498,0.955177,0.199017,0.8193,0.086642,0.914258,0.085312,0.9791,0.835693,1.004755,0.205051,0.9009,0.068404,0.937962,0.092192,0.9705,0.960443,0.951301,0.152654,0.9146,0.070521,0.976683,-0.008412,0.9819
trikonasana_y107_0062,0.104642,0.440541,-0.125476,1.0,0.090364,0.451864,-0.112008,1.0,0.09058,0.451868,-0.11106,1.0,0.090615,0.451772,-0.110793,1.0,0.092912,0.459438,-0.12131,1.0,0.095607,0.465955,-0.122234,1.0,0.098406,0.473308,-0.121645,0.9999,0.108337,0.468468,-0.049249,1.0,0.120124,0.502922,-0.107335,1.0,0.130965,0.438159,-0.103736,1.0,0.132438,0.447497,-0.118717,0.9999,0.269241,0.398514,-0.073613,1.0,0.266062,0.578184,-0.071311,0.9996,0.234524,0.23748,-0.123815,0.9995,0.255775,0.72793,-0.073071,0.9781,0.20028,0.097954,-0.202818,0.9978,0.2138,0.883663,-0.141039,0.9776,0.183104,0.052938,-0.211067,0.9943,0.191253,0.933872,-0.133201,0.9676,0.179731,0.050515,-0.23675,0.9947,0.185419,0.936638,-0.170931,0.9707,0.187074,0.067193,-0.22342,0.9961,0.197695,0.92227,-0.163571,0.9731,0.648585,0.481628,-0.055688,1.0,0.570609,0.55967,0.056655,0.9993,0.820907,0.707001,-0.103505,0.9996,0.442059,0.770708,0.136402,0.695,0.943798,0.918817,-0.084352,0.9976,0.232535,0.937762,0.201815,0.8453,0.965727,0.946284,-0.08443,0.9958,0.228222,0.96409,0.196691,0.9314,0.863003,0.990546,-0.136929,0.9981,0.17484,0.95821,0.162036,0.8962
trikonasana_y107_0063,0.839011,0.386301,-0.155343,1.0,0.866922,0.39416,-0.157296,1.0,0.869602,0.399781,-0.156301,1.0,0.87221,0.405739,-0.156381,0.9999,0.862685,0.386641,-0.134211,1.0,0.862123,0.386161,-0.134695,1.0,0.861733,0.38571,-0.134158,1.0,0.875657,0.441036,-0.141444,1.0,0.863831,0.413027,-0.041391,1.0,0.81993,0.405907,-0.152396,1.0,0.815701,0.394751,-0.120055,1.0,0.784979,0.575839,-0.062009,0.9999,0.717504,0.390078,-0.076595,1.0,0.785142,0.735689,-0.070813,0.966,0.705391,0.25136,-0.08271,0.9959,0.821688,0.879208,-0.161489,0.8322,0.733607,0.102214,-0.170914,0.9887,0.837101,0.903788,-0.162452,0.7372,0.734632,0.0609,-0.194129,0.9654,0.841121,0.902487,-0.206729,0.7633,0.745659,0.059147,-0.198641,0.9696,0.829646,0.896966,-0.179717,0.8063,0.744521,0.072874,-0.185365,0.9817,0.458628,0.606605,0.051501,0.9954,0.342604,0.543321,-0.050393,0.998,0.627808,0.772865,0.04259,0.8198,0.213087,0.739927,-0.119289,0.9983,0.822971,0.920039,0.116386,0.8415,0.10342,0.938936,-0.058198,0.9903,0.830901,0.958938,0.118506,0.9254,0.094248,0.962941,-0.058244,0.9841,0.979803,0.953033,0.053215,0.9287,0.108174,0.98946,-0.175388,0.9674
trikonasana_y107_0064,0.150857,0.343772,-0.158021,1.0,0.127892,0.341954,-0.140536,1.0,0.128405,0.341372,-0.139739,1.0,0.128693,0.341268,-0.139486,1.0,0.120673,0.351334,-0.162705,1.0,0.116641,0.356838,-0.163338,1.0,0.112368,0.36318,-0.162611,1.0,0.128421,0.36431,-0.051997,1.0,0.109866,0.392717,-0.169739,1.0,0.173903,0.356325,-0.126912,1.0,0.169301,0.367306,-0.15993,1.0,0.288458,0.351961,-0.065774,1.0,0.200102,0.539429,-0.129091,0.9999,0.320082,0.196717,-0.107377,0.9996,0.234155,0.687515,-0.157873,0.9806,0.310628,0.065611,-0.195599,0.9975,0.258027,0.833393,-0.232102,0.9273,0.31175,0.025178,-0.228251,0.991,0.241836,0.868387,-0.235427,0.8849,0.301194,0.02271,-0.242081,0.992,0.240581,0.867262,-0.27867,0.897,0.300023,0.036922,-0.210939,0.9947,0.247631,0.859831,-0.254842,0.9065,0.659361,0.54158,-0.023919,0.9995,0.538238,0.592617,0.025267,0.9982,0.828777,0.745959,-0.063104,0.9997,0.392723,0.751291,0.065008,0.9288,0.946345,0.922325,0.054026,0.9977,0.215665,0.915721,0.187452,0.9819,0.943546,0.944889,0.059351,0.9894,0.208239,0.953409,0.189826,0.9857,0.912521,0.961746,-0.05326,0.9932,0.056313,0.953512,0.100096,0.9824
trikonasana_y107_0065,0.812822,0.450615,-0.231762,1.0,0.834394,0.469393,-0.226364,1.0,0.8352,0.478137,-0.225356,1.0,0.835636,0.487926,-0.225527,1.0,0.832329,0.453639,-0.211817,1.0,0.831714,0.450459,-0.212416,1.0,0.831107,0.447664,-0.211655,1.0,0.818766,0.517709,-0.175448,1.0,0.818028,0.464363,-0.118809,1.0,0.785556,0.467489,-0.216518,1.0,0.788441,0.450107,-0.196212,1.0,0.67997,0.616481,-0.096995,0.9999,0.686236,0.405658,-0.115977,1.0,0.670575,0.798631,-0.110163,0.9755,0.700031,0.258661,-0.108958,0.9922,0.715351,0.947367,-0.197424,0.8265,0.695139,0.11147,-0.205325,0.9774,0.742188,0.96475,-0.201111,0.724,0.691947,0.070595,-0.229567,0.9403,0.757935,0.965764,-0.24008,0.7413,0.69739,0.067958,-0.235916,0.9494,0.755207,0.959672,-0.214356,0.7853,0.69584,0.082358,-0.220372,0.9703,0.430069,0.599704,0.027227,0.9967,0.358332,0.539958,-0.026123,0.9959,0.625864,0.779814,0.008824,0.8714,0.200765,0.73025,-0.042904,0.991,0.81574,0.957098,0.09182,0.8913,0.08344,0.926137,0.08624,0.9136,0.815664,0.98885,0.091842,0.8666,0.075558,0.944851,0.094245,0.9298,0.950834,0.984224,0.016716,0.861,0.063181,0.990399,-0.005404,0.9305
trikonasana_y107_0066,0.173143,0.353426,-0.199248,1.0,0.17196,0.337306,-0.175936,1.0,0.178054,0.331973,-0.175277,1.0,0.184293,0.327143,-0.175029,0.9999,0.160264,0.353987,-0.175953,1.0,0.158416,0.360226,-0.176737,1.0,0.157111,0.366485,-0.175756,1.0,0.211205,0.325621,-0.076567,1.0,0.177126,0.381567,-0.097519,1.0,0.208255,0.350568,-0.168259,1.0,0.189777,0.373223,-0.173858,1.0,0.349568,0.326911,-0.100386,1.0,0.267405,0.503488,-0.036352,0.9994,0.389683,0.186179,-0.181246,0.9994,0.274769,0.639179,-0.026318,0.8057,0.397071,0.043742,-0.280542,0.9933,0.248453,0.760345,-0.123834,0.5861,0.399928,0.003725,-0.311457,0.9764,0.228068,0.784663,-0.134729,0.5333,0.39375,-0.000241,-0.33818,0.9795,0.232369,0.784408,-0.167411,0.5586,0.394107,0.014388,-0.299288,0.9858,0.235067,0.778882,-0.144054,0.6079,0.598246,0.542528,-0.054839,1.0,0.494072,0.594672,0.055697,0.9991,0.777092,0.723364,-0.13606,0.9994,0.304141,0.701967,0.145841,0.7511,0.935422,0.91618,-0.085715,0.996,0.087114,0.810106,0.230724,0.926,0.957185,0.937817,-0.085078,0.9786,0.071516,0.840087,0.228046,0.9464,0.884117,0.985215,-0.199651,0.9849,-0.106709,0.811356,0.157786,0.9315
trikonasana_y107_0067,0.89353,0.481797,-0.200334,1.0,0.921717,0.49704,-0.195697,0.9999,0.921964,0.5038,-0.194615,1.0,0.922312,0.510267,-0.194639,0.9999,0.922576,0.485991,-0.181477,1.0,0.923357,0.484691,-0.182011,1.0,0.924327,0.483476,-0.181108,0.9999,0.910789,0.537965,-0.145401,1.0,0.914656,0.499453,-0.089932,1.0,0.863458,0.498604,-0.183769,1.0,0.866627,0.482092,-0.163897,1.0,0.768644,0.623995,-0.054946,1.0,0.794994,0.423009,-0.102891,1.0,0.768967,0.778111,-0.040206,0.9768,0.787933,0.257775,-0.11026,0.9971,0.84241,0.91084,-0.112218,0.9452,0.793334,0.119778,-0.202877,0.9941,0.857271,0.935094,-0.111165,0.9145,0.802698,0.073845,-0.224521,0.9832,0.880791,0.937979,-0.151234,0.9217,0.809414,0.069824,-0.23222,0.9856,0.863489,0.930075,-0.128148,0.9317,0.802949,0.085776,-0.217096,0.9917,0.442772,0.584362,0.053318,0.9987,0.37449,0.522955,-0.052654,0.9988,0.65262,0.759694,0.074963,0.9359,0.183359,0.736077,-0.09077,0.9989,0.848654,0.934149,0.175282,0.9702,0.030131,0.916167,0.020857,0.9927,0.848555,0.963266,0.178798,0.9828,0.018339,0.937873,0.02585,0.9907,0.983626,0.955505,0.122542,0.9802,0.051961,0.97723,-0.086643,0.9836
trikonasana_y107_0068,0.098424,0.3479,-0.177839,0.9998,0.077641,0.358492,-0.16013,0.9996,0.077881,0.358479,-0.15921,0.9996,0.078021,0.358713,-0.158907,0.9995,0.077488,0.36881,-0.17386,0.9995,0.077668,0.375992,-0.174787,0.9995,0.07777,0.384668,-0.173843,0.9995,0.08897,0.386481,-0.075857,0.9997,0.090183,0.425249,-0.155423,0.9997,0.124901,0.350986,-0.149331,0.9998,0.124524,0.364917,-0.169898,0.9998,0.235064,0.311083,-0.07532,0.9998,0.223119,0.55187,-0.121522,0.9988,0.254818,0.126157,-0.098184,0.991,0.228498,0.754598,-0.139333,0.9886,0.249416,0.008637,-0.19071,0.9768,0.226616,0.906698,-0.211121,0.9475,0.24763,-0.016823,-0.220215,0.9376,0.205484,0.94159,-0.222485,0.8955,0.243087,-0.012535,-0.239005,0.9445,0.200435,0.944008,-0.252271,0.9068,0.243516,0.009523,-0.207087,0.9542,0.209485,0.935756,-0.23088,0.9216,0.615212,0.422174,-0.033871,0.9983,0.542731,0.489565,0.034859,0.9923,0.762314,0.680793,-0.047623,0.9994,0.363933,0.745517,0.123411,0.7843,0.904581,0.905907,0.022713,0.9975,0.204875,0.929522,0.240345,0.9327,0.922639,0.9388,0.025573,0.9911,0.198387,0.955889,0.241847,0.9495,0.922728,0.998823,-0.080223,0.9959,0.074991,0.967571,0.173217,0.955
trikonasana_y107_0069,0.071986,0.449033,-0.235728,0.9999,0.064146,0.446738,-0.212461,0.9997,0.067329,0.444254,-0.211804,0.9997,0.070706,0.441531,-0.2114,0.9997,0.05754,0.459195,-0.216513,0.9998,0.055996,0.465601,-0.217215,0.9998,0.054419,0.471814,-0.216687,0.9997,0.088645,0.449278,-0.104156,0.9997,0.068992,0.491337,-0.138681,0.9996,0.096847,0.448931,-0.199759,0.9997,0.086406,0.464557,-0.208694,0.9998,0.228772,0.418372,-0.100594,1.0,0.173159,0.606226,-0.075456,0.9983,0.251931,0.259056,-0.138071,0.999,0.160237,0.737129,-0.074848,0.8399,0.251813,0.108605,-0.229947,0.9951,0.137331,0.894375,-0.162195,0.6968,0.254198,0.058764,-0.263627,0.9831,0.120602,0.937672,-0.175269,0.5659,0.244746,0.054614,-0.281872,0.9854,0.118014,0.943031,-0.212738,0.5872,0.244705,0.068848,-0.245962,0.9883,0.130644,0.930132,-0.184598,0.6436,0.53327,0.670319,-0.046026,0.9998,0.416724,0.694737,0.047418,0.9994,0.734751,0.780358,-0.038129,0.9999,0.179908,0.712217,0.098095,0.9551,0.930875,0.917772,0.073501,0.9986,0.11378,0.922726,0.181917,0.9783,0.950575,0.930879,0.07889,0.9769,0.131871,0.956635,0.182077,0.9676,0.927675,0.990482,-0.069808,0.9949,-0.01412,0.97203,0.104294,0.9787
