image_id,NOSE_x,NOSE_y,NOSE_z,NOSE_vis,LEFT_EYE_INNER_x,LEFT_EYE_INNER_y,LEFT_EYE_INNER_z,LEFT_EYE_INNER_vis,LEFT_EYE_x,LEFT_EYE_y,LEFT_EYE_z,LEFT_EYE_vis,LEFT_EYE_OUTER_x,LEFT_EYE_OUTER_y,LEFT_EYE_OUTER_z,LEFT_EYE_OUTER_vis,RIGHT_EYE_INNER_x,RIGHT_EYE_INNER_y,RIGHT_EYE_INNER_z,RIGHT_EYE_INNER_vis,RIGHT_EYE_x,RIGHT_EYE_y,RIGHT_EYE_z,RIGHT_EYE_vis,RIGHT_EYE_OUTER_x,RIGHT_EYE_OUTER_y,RIGHT_EYE_OUTER_z,RIGHT_EYE_OUTER_vis,LEFT_EAR_x,LEFT_EAR_y,LEFT_EAR_z,LEFT_EAR_vis,RIGHT_EAR_x,RIGHT_EAR_y,RIGHT_EAR_z,RIGHT_EAR_vis,MOUTH_LEFT_x,MOUTH_LEFT_y,MOUTH_LEFT_z,MOUTH_LEFT_vis,MOUTH_RIGHT_x,MOUTH_RIGHT_y,MOUTH_RIGHT_z,MOUTH_RIGHT_vis,LEFT_SHOULDER_x,LEFT_SHOULDER_y,LEFT_SHOULDER_z,LEFT_SHOULDER_vis,RIGHT_SHOULDER_x,RIGHT_SHOULDER_y,RIGHT_SHOULDER_z,RIGHT_SHOULDER_vis,LEFT_ELBOW_x,LEFT_ELBOW_y,LEFT_ELBOW_z,LEFT_ELBOW_vis,RIGHT_ELBOW_x,RIGHT_ELBOW_y,RIGHT_ELBOW_z,RIGHT_ELBOW_vis,LEFT_WRIST_x,LEFT_WRIST_y,LEFT_WRIST_z,LEFT_WRIST_vis,RIGHT_WRIST_x,RIGHT_WRIST_y,RIGHT_WRIST_z,RIGHT_WRIST_vis,LEFT_PINKY_x,LEFT_PINKY_y,LEFT_PINKY_z,LEFT_PINKY_vis,RIGHT_PINKY_x,RIGHT_PINKY_y,RIGHT_PINKY_z,RIGHT_PINKY_vis,LEFT_INDEX_x,LEFT_INDEX_y,LEFT_INDEX_z,LEFT_INDEX_vis,RIGHT_INDEX_x,RIGHT_INDEX_y,RIGHT_INDEX_z,RIGHT_INDEX_vis,LEFT_THUMB_x,LEFT_THUMB_y,LEFT_THUMB_z,LEFT_THUMB_vis,RIGHT_THUMB_x,RIGHT_THUMB_y,RIGHT_THUMB_z,RIGHT_THUMB_vis,LEFT_HIP_x,LEFT_HIP_y,LEFT_HIP_z,LEFT_HIP_vis,RIGHT_HIP_x,RIGHT_HIP_y,RIGHT_HIP_z,RIGHT_HIP_vis,LEFT_KNEE_x,LEFT_KNEE_y,LEFT_KNEE_z,LEFT_KNEE_vis,RIGHT_KNEE_x,RIGHT_KNEE_y,RIGHT_KNEE_z,RIGHT_KNEE_vis,LEFT_ANKLE_x,LEFT_ANKLE_y,LEFT_ANKLE_z,LEFT_ANKLE_vis,RIGHT_ANKLE_x,RIGHT_ANKLE_y,RIGHT_ANKLE_z,RIGHT_ANKLE_vis,LEFT_HEEL_x,LEFT_HEEL_y,LEFT_HEEL_z,LEFT_HEEL_vis,RIGHT_HEEL_x,RIGHT_HEEL_y,RIGHT_HEEL_z,RIGHT_HEEL_vis,LEFT_FOOT_INDEX_x,LEFT_FOOT_INDEX_y,LEFT_FOOT_INDEX_z,LEFT_FOOT_INDEX_vis,RIGHT_FOOT_INDEX_x,RIGHT_FOOT_INDEX_y,RIGHT_FOOT_INDEX_z,RIGHT_FOOT_INDEX_vis
utkatasana_tf_0001,0.500986,0.333354,-0.316134,0.9987,0.509669,0.315677,-0.30397,0.9986,0.516254,0.314777,-0.303265,0.9986,0.522017,0.314107,-0.303312,0.9985,0.491603,0.316245,-0.297565,0.9987,0.485398,0.315685,-0.298528,0.9987,0.479821,0.315374,-0.298071,0.9986,0.534084,0.318811,-0.223019,0.998,0.475694,0.320842,-0.20395,0.9984,0.513953,0.350199,-0.285931,0.9951,0.492239,0.350476,-0.280155,0.995,0.57788,0.379911,-0.234109,0.9894,0.452691,0.383329,-0.175581,0.9902,0.61684,0.254392,-0.353046,0.9949,0.400827,0.264268,-0.224475,0.9789,0.60998,0.11116,-0.419071,0.933,0.403571,0.128058,-0.292343,0.9273,0.61715,0.076219,-0.457078,0.8781,0.395845,0.093147,-0.317445,0.8848,0.608655,0.074133,-0.449955,0.8709,0.406334,0.088208,-0.312097,0.8778,0.604054,0.083192,-0.421894,0.8886,0.413659,0.100213,-0.298032,0.8832,0.541186,0.652023,-0.028666,0.9969,0.465276,0.647344,0.029552,0.9971,0.522659,0.829649,-0.010892,0.9788,0.457973,0.820238,0.068831,0.9609,0.512819,0.956234,0.192878,0.9532,0.481228,0.940421,0.256049,0.9282,0.514252,0.963925,0.205878,0.7476,0.491377,0.949952,0.269338,0.7736,0.497645,1.011173,0.105866,0.9049,0.463921,0.997333,0.183937,0.8807
utkatasana_tf_0002,0.505472,0.339738,-0.307442,0.9989,0.514633,0.322569,-0.291517,0.9988,0.520473,0.32206,-0.290861,0.9987,0.525954,0.321571,-0.290839,0.9986,0.49785,0.322931,-0.288336,0.9989,0.492157,0.322371,-0.289261,0.9988,0.487099,0.32189,-0.288941,0.9987,0.536902,0.326637,-0.197745,0.9981,0.480412,0.327225,-0.193406,0.9984,0.516735,0.356688,-0.273149,0.9961,0.495851,0.355662,-0.271739,0.9961,0.579388,0.385323,-0.203301,0.9931,0.451796,0.386401,-0.167245,0.991,0.615511,0.262263,-0.318867,0.9957,0.404263,0.272882,-0.232147,0.9858,0.606893,0.117913,-0.381826,0.9619,0.401875,0.137432,-0.305307,0.9542,0.613121,0.086421,-0.419942,0.9245,0.394892,0.10635,-0.33132,0.9265,0.601972,0.086373,-0.412946,0.921,0.404523,0.100167,-0.324537,0.9201,0.595825,0.095541,-0.384902,0.9345,0.410904,0.110885,-0.310494,0.9256,0.541406,0.651527,-0.021356,0.9969,0.464035,0.649395,0.02239,0.9964,0.518937,0.833324,-0.028126,0.9749,0.464236,0.823939,0.048569,0.9477,0.511005,0.974776,0.140926,0.9536,0.487601,0.957132,0.210949,0.9069,0.506334,0.985427,0.150409,0.7575,0.490887,0.965718,0.220965,0.7122,0.504841,1.031817,0.039223,0.9065,0.476971,1.007892,0.124014,0.8545
utkatasana_tf_0003,0.504401,0.345195,-0.336764,0.9991,0.513051,0.328508,-0.324411,0.9991,0.519391,0.328188,-0.32368,0.9991,0.52562,0.328053,-0.323693,0.999,0.496358,0.328447,-0.31809,0.9991,0.491123,0.327928,-0.31903,0.9991,0.486053,0.327708,-0.318521,0.999,0.535774,0.334388,-0.245234,0.9987,0.481372,0.333219,-0.22613,0.9989,0.516612,0.362508,-0.307629,0.9966,0.496332,0.361761,-0.30193,0.9965,0.57849,0.3932,-0.25775,0.9925,0.452989,0.39603,-0.196544,0.9922,0.613711,0.266917,-0.380577,0.9957,0.40688,0.274642,-0.251463,0.9814,0.604641,0.12091,-0.447386,0.9492,0.402764,0.131484,-0.319588,0.9434,0.613561,0.090251,-0.486271,0.9057,0.397497,0.101072,-0.346316,0.9108,0.603136,0.089179,-0.480025,0.8981,0.409472,0.096595,-0.341596,0.9037,0.594747,0.100456,-0.450835,0.9139,0.417305,0.106433,-0.32601,0.9084,0.545306,0.655556,-0.031731,0.9974,0.467995,0.650226,0.032635,0.9974,0.523123,0.833271,-0.024953,0.986,0.460007,0.818098,0.068349,0.9715,0.518787,0.972071,0.159566,0.9719,0.491776,0.948291,0.245789,0.9469,0.519274,0.981725,0.169953,0.8016,0.501429,0.957397,0.257621,0.8183,0.500365,1.023202,0.064551,0.9389,0.471124,0.999226,0.172311,0.9127
utkatasana_tf_0004,0.503107,0.352789,-0.303896,0.9986,0.510272,0.335168,-0.292628,0.9985,0.516374,0.334231,-0.291938,0.9985,0.522712,0.333506,-0.292013,0.9983,0.494724,0.336363,-0.28404,0.9986,0.490073,0.336045,-0.285001,0.9985,0.485645,0.335893,-0.284539,0.9985,0.534201,0.338673,-0.216866,0.9976,0.482287,0.340812,-0.188317,0.9981,0.515913,0.368633,-0.275941,0.9944,0.496434,0.369194,-0.267319,0.994,0.581109,0.397924,-0.233789,0.9881,0.457739,0.403456,-0.15341,0.9864,0.613372,0.275114,-0.359357,0.9959,0.40603,0.285252,-0.207384,0.9796,0.606597,0.126949,-0.426504,0.9376,0.402432,0.149165,-0.287386,0.9346,0.616495,0.09498,-0.467274,0.8819,0.397072,0.117642,-0.315583,0.8958,0.605902,0.094943,-0.461297,0.8757,0.408822,0.111017,-0.309391,0.8891,0.598743,0.103308,-0.429895,0.8975,0.416095,0.120843,-0.293833,0.8951,0.547017,0.664098,-0.036133,0.9958,0.469583,0.65988,0.036998,0.9954,0.51826,0.846115,-0.04845,0.9792,0.4609,0.834956,0.074885,0.9455,0.510981,0.984226,0.12561,0.9505,0.490045,0.95406,0.263958,0.8751,0.512948,0.993809,0.134921,0.7156,0.50138,0.961293,0.277006,0.7148,0.491405,1.067983,0.022287,0.8657,0.470358,1.005459,0.189614,0.8016
utkatasana_tf_0005,0.503022,0.360817,-0.323358,0.9989,0.51246,0.342498,-0.312032,0.9988,0.518823,0.341667,-0.311293,0.9988,0.524517,0.34107,-0.311358,0.9987,0.495543,0.343009,-0.304677,0.999,0.490094,0.342478,-0.305625,0.9989,0.485215,0.342168,-0.305144,0.9989,0.536973,0.344595,-0.231697,0.9982,0.480714,0.34657,-0.208149,0.9987,0.514952,0.378074,-0.292989,0.9953,0.494118,0.377033,-0.285803,0.9953,0.580218,0.400789,-0.242409,0.9905,0.455392,0.403053,-0.166263,0.9906,0.608432,0.278502,-0.363807,0.9964,0.405531,0.290987,-0.20969,0.9819,0.599348,0.136372,-0.429313,0.9447,0.397199,0.151331,-0.283651,0.9398,0.607858,0.101789,-0.470612,0.8935,0.392758,0.123203,-0.310642,0.8992,0.598431,0.100502,-0.463288,0.8905,0.402918,0.11588,-0.30586,0.8941,0.591401,0.110338,-0.432169,0.909,0.409189,0.12472,-0.29051,0.901,0.551166,0.660819,-0.034404,0.9966,0.474226,0.655934,0.03533,0.9969,0.51853,0.840576,-0.049898,0.9846,0.458975,0.828076,0.057301,0.9599,0.507,0.977463,0.123488,0.9574,0.490009,0.950163,0.239496,0.9022,0.507117,0.985465,0.132924,0.7546,0.499256,0.958941,0.252262,0.7432,0.492798,1.060286,0.024983,0.8742,0.467286,0.997294,0.166224,0.8294
utkatasana_tf_0006,0.503299,0.365994,-0.312806,0.999,0.511992,0.348623,-0.302827,0.9989,0.51769,0.348091,-0.30208,0.9989,0.523089,0.347704,-0.302123,0.9987,0.496437,0.34846,-0.294627,0.9991,0.491257,0.347942,-0.295582,0.9991,0.486579,0.347599,-0.295149,0.9991,0.536131,0.351099,-0.228895,0.9982,0.481543,0.352601,-0.202567,0.9991,0.514674,0.383741,-0.284791,0.9957,0.495046,0.382545,-0.276618,0.9964,0.578372,0.408542,-0.244316,0.9887,0.456873,0.410644,-0.161403,0.9946,0.6045,0.283041,-0.370554,0.9953,0.408404,0.292092,-0.201688,0.9788,0.593053,0.142678,-0.438228,0.9196,0.398711,0.158548,-0.276139,0.9475,0.602527,0.107385,-0.477774,0.8612,0.392257,0.126341,-0.299807,0.9126,0.594794,0.106122,-0.468483,0.8559,0.402126,0.120509,-0.298619,0.9069,0.586893,0.11731,-0.440211,0.8758,0.408544,0.130276,-0.283537,0.9125,0.549163,0.665398,-0.039213,0.9965,0.477056,0.661878,0.040151,0.9976,0.510884,0.845913,-0.051802,0.9867,0.458127,0.830802,0.056756,0.9668,0.50957,0.979486,0.102584,0.9655,0.490517,0.94483,0.24799,0.9016,0.514351,0.98899,0.109986,0.7907,0.503774,0.95563,0.261621,0.7616,0.49296,1.049752,0.007676,0.9121,0.467709,0.994171,0.185309,0.837
utkatasana_tf_0007,0.499448,0.369486,-0.326611,0.9984,0.509038,0.352223,-0.316335,0.9985,0.515494,0.351444,-0.315609,0.9984,0.521429,0.35087,-0.315602,0.9983,0.492653,0.35272,-0.308006,0.9988,0.487604,0.352207,-0.308941,0.9988,0.482994,0.351893,-0.308354,0.9988,0.534585,0.355191,-0.244132,0.9976,0.478063,0.356704,-0.215986,0.9988,0.511648,0.386247,-0.299484,0.9939,0.491592,0.385447,-0.290801,0.9948,0.576972,0.412206,-0.264298,0.9866,0.454096,0.415381,-0.167053,0.9938,0.601337,0.289242,-0.384378,0.9954,0.409503,0.299594,-0.202645,0.9731,0.59071,0.142567,-0.453224,0.9072,0.396895,0.158147,-0.274134,0.9432,0.601989,0.110298,-0.495414,0.8445,0.391698,0.126097,-0.298936,0.9026,0.595,0.109104,-0.487718,0.8321,0.401378,0.121586,-0.297661,0.8959,0.586607,0.119498,-0.455996,0.8585,0.407442,0.129652,-0.282121,0.9023,0.55563,0.666082,-0.047358,0.9967,0.481281,0.661354,0.048383,0.9981,0.517412,0.848515,-0.059149,0.9924,0.456093,0.831265,0.08291,0.9743,0.520027,0.975103,0.117206,0.9778,0.490487,0.942629,0.280208,0.9454,0.526483,0.983652,0.127049,0.8255,0.505772,0.953311,0.293876,0.8652,0.491815,1.055306,0.017857,0.9343,0.468557,0.996282,0.214781,0.9146
utkatasana_tf_0008,0.498058,0.374803,-0.345043,0.9989,0.506104,0.35732,-0.336445,0.9988,0.512172,0.356576,-0.335749,0.9988,0.518005,0.355992,-0.335782,0.9987,0.489905,0.35727,-0.326628,0.999,0.484973,0.356466,-0.327562,0.999,0.480411,0.355924,-0.326986,0.999,0.52939,0.360052,-0.270302,0.9982,0.476957,0.360948,-0.2356,0.999,0.50979,0.392039,-0.320054,0.996,0.490868,0.39137,-0.309293,0.9966,0.574139,0.418835,-0.292848,0.9879,0.455962,0.425573,-0.182982,0.9947,0.603259,0.296821,-0.422859,0.9966,0.411924,0.305366,-0.22355,0.9699,0.588933,0.153038,-0.498836,0.9023,0.395953,0.167242,-0.310559,0.9387,0.597394,0.118595,-0.543371,0.8404,0.388802,0.138126,-0.333895,0.8981,0.588949,0.117856,-0.533422,0.8249,0.399542,0.131159,-0.337642,0.8894,0.581391,0.128013,-0.501136,0.8469,0.406241,0.139769,-0.320507,0.8935,0.553081,0.671889,-0.051304,0.9949,0.484843,0.664572,0.052325,0.9971,0.511624,0.845773,-0.043219,0.9894,0.461377,0.827326,0.092906,0.9549,0.515343,0.9737,0.11345,0.97,0.491824,0.947451,0.274952,0.9023,0.525007,0.981394,0.121061,0.8351,0.505095,0.956361,0.286879,0.8174,0.487688,1.045761,0.015573,0.9379,0.465058,0.996277,0.20684,0.8667
utkatasana_tf_0009,0.496964,0.377954,-0.328934,0.9989,0.505527,0.360327,-0.322493,0.9988,0.511405,0.359314,-0.321767,0.9987,0.517171,0.358494,-0.321855,0.9986,0.490195,0.360651,-0.310693,0.999,0.485342,0.359864,-0.311651,0.999,0.480941,0.359319,-0.311213,0.999,0.532033,0.36057,-0.261022,0.9983,0.478912,0.363181,-0.217514,0.9991,0.509047,0.393996,-0.305238,0.9963,0.490689,0.393662,-0.291903,0.9969,0.578486,0.417355,-0.274446,0.9893,0.456874,0.421969,-0.170628,0.9959,0.604727,0.295751,-0.419028,0.9957,0.403967,0.309633,-0.209296,0.9772,0.592433,0.161384,-0.499075,0.9225,0.392234,0.16956,-0.304121,0.942,0.59961,0.121098,-0.541703,0.8651,0.386149,0.136983,-0.328524,0.9011,0.591018,0.121365,-0.527111,0.8652,0.395778,0.131058,-0.331039,0.901,0.584908,0.132929,-0.498766,0.8827,0.402071,0.141077,-0.312871,0.9051,0.559131,0.671844,-0.043916,0.9961,0.481583,0.664743,0.044796,0.9977,0.512823,0.84798,-0.067921,0.9886,0.457115,0.832039,0.035526,0.9646,0.513508,0.982492,0.092448,0.9636,0.485617,0.949955,0.207002,0.8905,0.519222,0.988712,0.099782,0.7648,0.496267,0.958028,0.217928,0.7555,0.488629,1.052854,-0.00424,0.8625,0.46288,1.001921,0.133896,0.819
utkatasana_tf_0010,0.492727,0.384403,-0.34762,0.9992,0.500427,0.366608,-0.342669,0.9991,0.5066,0.366154,-0.341978,0.9991,0.512674,0.365632,-0.342026,0.999,0.48562,0.365741,-0.329281,0.9992,0.481209,0.364648,-0.330244,0.9992,0.477424,0.363659,-0.329721,0.9992,0.526892,0.368123,-0.289247,0.9986,0.478835,0.368409,-0.238429,0.9992,0.505333,0.400902,-0.326679,0.9966,0.487354,0.398986,-0.310894,0.9969,0.577419,0.423457,-0.306717,0.9884,0.458452,0.428181,-0.189288,0.9943,0.598683,0.301816,-0.451557,0.9964,0.402372,0.314846,-0.219676,0.9735,0.58386,0.164294,-0.530296,0.9259,0.389008,0.17788,-0.313274,0.9488,0.592042,0.128379,-0.573485,0.8685,0.382446,0.144302,-0.333169,0.913,0.584649,0.125589,-0.560542,0.8662,0.393373,0.137527,-0.340378,0.9069,0.577141,0.138236,-0.531005,0.882,0.399023,0.147401,-0.323722,0.9107,0.560692,0.674864,-0.050313,0.9971,0.485636,0.667049,0.051354,0.9975,0.510951,0.840388,-0.069999,0.9859,0.456739,0.824065,0.0662,0.9468,0.505984,0.971803,0.076942,0.9548,0.490511,0.926703,0.273678,0.8175,0.510904,0.977342,0.083609,0.78,0.504164,0.942413,0.288995,0.6962,0.473392,1.040648,-0.012423,0.9094,0.46189,0.97837,0.22232,0.7563
utkatasana_tf_0011,0.492534,0.385079,-0.35814,0.9994,0.500535,0.3683,-0.351403,0.9993,0.506248,0.368095,-0.350729,0.9993,0.51217,0.367772,-0.350756,0.9992,0.486182,0.366678,-0.338652,0.9994,0.482015,0.365514,-0.339636,0.9994,0.478098,0.364661,-0.339056,0.9994,0.527234,0.370782,-0.296566,0.9989,0.476979,0.371554,-0.247295,0.9993,0.504619,0.403467,-0.337609,0.9973,0.487529,0.401752,-0.322364,0.9978,0.573523,0.425811,-0.317886,0.9882,0.452636,0.431517,-0.195631,0.9953,0.596023,0.311327,-0.465119,0.9962,0.40083,0.314525,-0.227075,0.9784,0.578733,0.170964,-0.541167,0.931,0.38608,0.178973,-0.319323,0.9598,0.583226,0.135187,-0.584188,0.8791,0.378762,0.147717,-0.340006,0.9301,0.574583,0.133823,-0.568447,0.8771,0.389772,0.139887,-0.34563,0.9263,0.568376,0.144652,-0.540575,0.8917,0.396716,0.149773,-0.328988,0.9299,0.556122,0.677163,-0.052303,0.9958,0.486616,0.665096,0.053349,0.9974,0.499837,0.833381,-0.063653,0.9841,0.451474,0.818307,0.044086,0.9516,0.505202,0.976045,0.090633,0.9531,0.49265,0.934354,0.22889,0.8635,0.510377,0.982443,0.097546,0.7698,0.505387,0.945374,0.241549,0.7469,0.471425,1.037635,0.000393,0.9146,0.469427,0.982909,0.16787,0.8243
utkatasana_tf_0012,0.491428,0.389843,-0.346463,0.9988,0.499327,0.372351,-0.340758,0.9987,0.504878,0.371909,-0.34004,0.9987,0.510502,0.371431,-0.340059,0.9986,0.485418,0.37138,-0.327315,0.9989,0.481231,0.370391,-0.32828,0.9988,0.477495,0.369678,-0.327872,0.9988,0.525347,0.374033,-0.2872,0.9983,0.477288,0.374515,-0.235062,0.9989,0.502997,0.406857,-0.325805,0.9955,0.486015,0.405957,-0.309922,0.9956,0.572978,0.427855,-0.299062,0.9869,0.453073,0.431299,-0.188842,0.9924,0.596528,0.312871,-0.444777,0.9943,0.397511,0.32457,-0.225712,0.9594,0.576994,0.173505,-0.519291,0.9311,0.379706,0.187139,-0.318396,0.9365,0.583402,0.134147,-0.562048,0.8788,0.371988,0.156006,-0.343303,0.8983,0.573231,0.135522,-0.545791,0.8853,0.382712,0.148688,-0.345041,0.8977,0.566839,0.149164,-0.518393,0.9006,0.389963,0.158599,-0.327175,0.9017,0.557149,0.675961,-0.045559,0.9965,0.483986,0.666147,0.046495,0.9979,0.505326,0.845354,-0.082883,0.9768,0.438546,0.824523,-0.017308,0.9599,0.517413,0.97465,0.08681,0.9284,0.481788,0.941014,0.176967,0.8495,0.531259,0.981846,0.094642,0.6476,0.502477,0.947011,0.190808,0.7165,0.492876,1.037657,-0.002448,0.8404,0.462378,0.997605,0.118787,0.7713
utkatasana_tf_0013,0.485342,0.395156,-0.359255,0.9982,0.4929,0.378372,-0.354793,0.9982,0.498446,0.377632,-0.354089,0.9981,0.504791,0.376653,-0.354073,0.9979,0.478464,0.378156,-0.340237,0.9985,0.474344,0.377471,-0.341184,0.9985,0.47058,0.377031,-0.340766,0.9986,0.521387,0.377915,-0.305895,0.9972,0.471322,0.381745,-0.248608,0.9985,0.49779,0.410502,-0.340157,0.9927,0.480467,0.410213,-0.322795,0.9942,0.569528,0.428742,-0.314696,0.9744,0.452641,0.434543,-0.205757,0.9927,0.588515,0.305144,-0.457315,0.9914,0.389965,0.329349,-0.232889,0.9615,0.569577,0.175912,-0.525914,0.8254,0.371868,0.190872,-0.322987,0.9375,0.571315,0.137541,-0.568165,0.7246,0.367351,0.155815,-0.347313,0.8944,0.560966,0.139403,-0.554435,0.7362,0.377814,0.150761,-0.349317,0.8949,0.555214,0.152651,-0.525924,0.7586,0.38317,0.160142,-0.331248,0.9001,0.559196,0.680956,-0.045918,0.9961,0.488241,0.666937,0.046901,0.9979,0.501295,0.839158,-0.065789,0.97,0.440798,0.81557,-0.005608,0.9544,0.508851,0.956962,0.107886,0.9032,0.477079,0.934904,0.181638,0.859,0.519199,0.965717,0.116587,0.626,0.493361,0.944729,0.195155,0.7426,0.485012,1.008375,0.024341,0.7903,0.457534,0.986549,0.126191,0.7879
utkatasana_tf_0014,0.478563,0.402328,-0.361779,0.9977,0.485822,0.38575,-0.359079,0.9976,0.491703,0.385582,-0.358387,0.9975,0.497649,0.385231,-0.358363,0.9972,0.472757,0.384173,-0.343133,0.9981,0.469304,0.382892,-0.344095,0.9978,0.466231,0.381786,-0.343666,0.998,0.515805,0.385136,-0.31465,0.9961,0.469508,0.38649,-0.252051,0.9974,0.490837,0.416899,-0.343961,0.9911,0.474798,0.415573,-0.324899,0.9934,0.568744,0.436205,-0.323336,0.9642,0.450024,0.438548,-0.205006,0.9923,0.587898,0.314198,-0.467095,0.985,0.388256,0.331044,-0.229462,0.9519,0.566947,0.181307,-0.531747,0.7359,0.368918,0.194736,-0.322455,0.919,0.567861,0.144514,-0.57377,0.6173,0.363306,0.160538,-0.344788,0.8629,0.55881,0.14375,-0.559733,0.6278,0.375016,0.155333,-0.347258,0.8629,0.553119,0.156911,-0.531703,0.653,0.381411,0.166764,-0.330534,0.8702,0.562723,0.683551,-0.048902,0.9934,0.490529,0.666189,0.050009,0.9975,0.495055,0.83164,-0.056855,0.9621,0.439392,0.808066,-0.018543,0.9454,0.510173,0.958414,0.108753,0.8671,0.483183,0.920633,0.154629,0.8247,0.519141,0.96611,0.116781,0.5964,0.498412,0.937916,0.167035,0.7013,0.478265,0.990377,0.031699,0.7492,0.454147,0.973711,0.103675,0.7656
utkatasana_tf_0015,0.478951,0.407685,-0.363559,0.9981,0.486319,0.390503,-0.358336,0.9978,0.491948,0.390631,-0.357659,0.9976,0.497882,0.390421,-0.357549,0.9973,0.472008,0.388509,-0.343393,0.9984,0.468155,0.3873,-0.344338,0.9982,0.464556,0.38613,-0.34403,0.9986,0.514248,0.389972,-0.304744,0.9958,0.466537,0.390386,-0.248488,0.998,0.491043,0.421957,-0.342873,0.991,0.474525,0.420997,-0.325678,0.9943,0.564146,0.43939,-0.312054,0.956,0.446963,0.441158,-0.206065,0.9949,0.581718,0.312851,-0.457208,0.9845,0.382265,0.332464,-0.236688,0.9539,0.557948,0.179241,-0.514341,0.7027,0.361959,0.196514,-0.326084,0.9264,0.559871,0.143718,-0.556449,0.5786,0.354238,0.159391,-0.34966,0.868,0.549208,0.143783,-0.541155,0.5878,0.366333,0.155573,-0.34881,0.869,0.543824,0.156996,-0.514374,0.6137,0.373091,0.167493,-0.332496,0.8817,0.563553,0.684476,-0.045199,0.9952,0.492386,0.665873,0.046387,0.9987,0.490293,0.82608,-0.079811,0.9462,0.420666,0.784793,-0.096432,0.9391,0.510125,0.9437,0.093738,0.8358,0.478872,0.914563,0.054036,0.8443,0.521693,0.952204,0.103919,0.6085,0.490002,0.945167,0.06484,0.7236,0.475474,0.987857,0.030175,0.7149,0.447448,0.976325,0.000479,0.7889
utkatasana_tf_0016,0.472884,0.407252,-0.367536,0.9988,0.480221,0.38975,-0.361945,0.9985,0.486146,0.389738,-0.36125,0.9983,0.492726,0.389351,-0.36117,0.9981,0.465923,0.388278,-0.346978,0.9988,0.462278,0.387285,-0.347954,0.9989,0.458761,0.386267,-0.347663,0.999,0.510905,0.389092,-0.305314,0.9969,0.461092,0.390761,-0.250227,0.999,0.485968,0.423223,-0.345825,0.9938,0.469222,0.42147,-0.328865,0.9959,0.561135,0.439334,-0.31579,0.9597,0.442967,0.445485,-0.204657,0.9957,0.573808,0.314339,-0.473787,0.9852,0.378526,0.334714,-0.241469,0.9574,0.549416,0.187603,-0.540316,0.8211,0.358112,0.198449,-0.335388,0.9336,0.551344,0.151669,-0.584106,0.722,0.348318,0.160209,-0.358487,0.8763,0.53856,0.151436,-0.567064,0.7324,0.359928,0.156181,-0.358015,0.8777,0.532583,0.163138,-0.539789,0.7586,0.368071,0.168235,-0.342005,0.8921,0.569956,0.683159,-0.04805,0.9949,0.499554,0.663235,0.049206,0.9988,0.489044,0.819483,-0.056253,0.9323,0.424342,0.78333,-0.071082,0.9181,0.505027,0.937006,0.106503,0.8027,0.48002,0.908906,0.070401,0.799,0.516775,0.945701,0.116071,0.6262,0.49929,0.925147,0.080617,0.6888,0.476263,0.973477,0.050867,0.6817,0.44772,0.969274,0.021445,0.7326
utkatasana_tf_0017,0.470368,0.412395,-0.366992,0.9977,0.477674,0.394512,-0.364164,0.9974,0.483971,0.394354,-0.363401,0.9973,0.490158,0.394058,-0.36325,0.9971,0.463804,0.393303,-0.347441,0.9978,0.460101,0.392317,-0.348321,0.9979,0.456831,0.391349,-0.348111,0.998,0.507683,0.39283,-0.314216,0.996,0.46042,0.395468,-0.251786,0.9984,0.483389,0.427187,-0.34703,0.991,0.467008,0.426633,-0.327872,0.9926,0.561351,0.435192,-0.325935,0.9621,0.443016,0.444609,-0.208807,0.9939,0.571351,0.321306,-0.486384,0.9847,0.378494,0.339312,-0.25085,0.9446,0.542821,0.195234,-0.552439,0.7761,0.351469,0.204248,-0.348421,0.9178,0.544075,0.157448,-0.597166,0.6585,0.343803,0.167603,-0.373622,0.852,0.533737,0.158018,-0.58014,0.6658,0.354849,0.162424,-0.371184,0.8495,0.528728,0.17072,-0.552295,0.6919,0.36157,0.173592,-0.354936,0.8606,0.570345,0.676992,-0.048329,0.996,0.497464,0.665469,0.049498,0.9988,0.481087,0.813105,-0.066566,0.9226,0.419676,0.787482,-0.061084,0.913,0.510075,0.91893,0.160239,0.7791,0.477366,0.891742,0.138144,0.7734,0.526435,0.930959,0.176606,0.5615,0.497776,0.897971,0.154551,0.6277,0.476103,0.96521,0.114849,0.6531,0.449194,0.957499,0.0992,0.698
utkatasana_tf_0018,0.463645,0.413835,-0.353966,0.9986,0.471073,0.395818,-0.351579,0.9984,0.477253,0.395332,-0.350835,0.9981,0.483447,0.394662,-0.350799,0.9979,0.457863,0.394369,-0.333546,0.9988,0.454513,0.393094,-0.334546,0.9987,0.451674,0.392085,-0.334231,0.9989,0.502067,0.392286,-0.304905,0.9967,0.456139,0.395183,-0.236307,0.9986,0.476148,0.428377,-0.335559,0.9934,0.460711,0.426692,-0.314526,0.9954,0.558684,0.437181,-0.312359,0.9535,0.440927,0.443991,-0.192082,0.9949,0.569032,0.32772,-0.476883,0.9783,0.376264,0.342308,-0.224288,0.957,0.537232,0.202714,-0.546244,0.7618,0.347904,0.208186,-0.318575,0.9343,0.539488,0.16393,-0.588885,0.6573,0.339496,0.173245,-0.341788,0.8708,0.527154,0.165077,-0.571787,0.6684,0.352359,0.169222,-0.341659,0.8769,0.521528,0.178996,-0.545395,0.6943,0.359795,0.179597,-0.325276,0.891,0.569106,0.676833,-0.049436,0.993,0.498555,0.662987,0.050515,0.9982,0.478801,0.805829,-0.114885,0.9505,0.425421,0.782089,-0.086439,0.9363,0.506564,0.923136,0.050101,0.8449,0.477391,0.895804,0.061394,0.8379,0.521855,0.937076,0.05942,0.6415,0.494712,0.909067,0.071768,0.7174,0.473841,0.967336,-0.014872,0.7517,0.44144,0.959123,0.008874,0.7878
utkatasana_tf_0019,0.460084,0.416028,-0.36165,0.9984,0.468096,0.398419,-0.357157,0.9982,0.47429,0.397247,-0.356327,0.998,0.480717,0.39598,-0.356272,0.9978,0.45517,0.398436,-0.340715,0.9986,0.451914,0.397601,-0.341642,0.9987,0.448971,0.396995,-0.341428,0.9987,0.500521,0.393826,-0.30882,0.9968,0.45349,0.399799,-0.245581,0.9985,0.472783,0.430099,-0.343275,0.9928,0.457386,0.429915,-0.323858,0.9944,0.554951,0.441103,-0.322991,0.954,0.439289,0.448813,-0.199061,0.9924,0.558097,0.321579,-0.476831,0.9841,0.377222,0.346957,-0.222984,0.9617,0.528904,0.204461,-0.541527,0.7786,0.343884,0.215289,-0.300902,0.9474,0.529825,0.165593,-0.585052,0.6779,0.334128,0.180628,-0.322195,0.8977,0.518832,0.16791,-0.567413,0.6894,0.3457,0.173622,-0.322927,0.9001,0.513594,0.180132,-0.540684,0.7104,0.353723,0.185123,-0.308214,0.908,0.575401,0.675373,-0.052823,0.9932,0.502717,0.661481,0.053895,0.9977,0.483371,0.809484,-0.141936,0.9422,0.426678,0.781449,-0.046313,0.8989,0.508339,0.922819,0.047533,0.7952,0.490916,0.874234,0.145944,0.6963,0.528463,0.941472,0.058952,0.5572,0.502971,0.899145,0.160631,0.5888,0.470563,0.96593,-0.017011,0.6888,0.461968,0.944385,0.104332,0.6263
utkatasana_tf_0020,0.45632,0.424349,-0.352503,0.9983,0.461339,0.406289,-0.35265,0.9983,0.467027,0.405175,-0.351895,0.9981,0.473201,0.403882,-0.351803,0.9979,0.449961,0.406414,-0.33216,0.9986,0.447076,0.405565,-0.333145,0.9983,0.444517,0.404828,-0.332808,0.9986,0.492485,0.399937,-0.313396,0.997,0.449581,0.4069,-0.234607,0.9981,0.469257,0.436462,-0.336492,0.9938,0.455461,0.437385,-0.312498,0.9956,0.556122,0.444754,-0.319801,0.9636,0.438913,0.454356,-0.186071,0.9949,0.553947,0.328425,-0.492518,0.9768,0.375418,0.349796,-0.217145,0.9038,0.518617,0.210432,-0.562545,0.7125,0.334712,0.212605,-0.333367,0.9148,0.51725,0.172689,-0.606561,0.615,0.328249,0.179904,-0.359764,0.8642,0.504507,0.17332,-0.588522,0.6324,0.339409,0.174607,-0.360854,0.8564,0.500483,0.186893,-0.561613,0.6613,0.345046,0.183427,-0.340698,0.8776,0.575304,0.677243,-0.054877,0.9947,0.500661,0.664977,0.056005,0.9987,0.493071,0.806001,-0.113735,0.9569,0.42052,0.774508,-0.083503,0.932,0.507171,0.922477,0.035354,0.8741,0.477305,0.894156,0.046333,0.8337,0.52176,0.938865,0.043639,0.6681,0.497357,0.907544,0.055058,0.7123,0.46509,0.961283,-0.031958,0.7917,0.434949,0.953467,-0.002046,0.8092
utkatasana_tf_0021,0.456798,0.422821,-0.352054,0.9989,0.462583,0.404682,-0.347736,0.9988,0.468657,0.403612,-0.346905,0.9987,0.475086,0.402418,-0.346859,0.9985,0.449615,0.404568,-0.329637,0.9988,0.446201,0.403769,-0.330585,0.9983,0.443116,0.403208,-0.330317,0.9987,0.493796,0.398878,-0.296823,0.9979,0.445119,0.40652,-0.230256,0.9979,0.469561,0.4352,-0.33282,0.9959,0.453606,0.435334,-0.312279,0.9958,0.551651,0.443082,-0.316434,0.9693,0.433107,0.452348,-0.181489,0.996,0.547972,0.331236,-0.490674,0.9828,0.37253,0.347981,-0.211171,0.9261,0.512381,0.214422,-0.55536,0.8339,0.328095,0.211346,-0.30742,0.937,0.510838,0.176804,-0.597646,0.77,0.316448,0.178509,-0.332069,0.891,0.499133,0.178607,-0.580192,0.7743,0.327234,0.171555,-0.330972,0.8883,0.49507,0.192573,-0.554536,0.7957,0.335026,0.182549,-0.313932,0.905,0.579539,0.677858,-0.055317,0.9952,0.504335,0.664688,0.056345,0.9992,0.484349,0.804379,-0.114308,0.905,0.417282,0.771786,-0.107966,0.8679,0.51054,0.913767,0.051867,0.7445,0.48526,0.887114,0.008768,0.734,0.52879,0.933869,0.062187,0.5958,0.508995,0.906716,0.016135,0.6423,0.46698,0.952448,-0.002021,0.6389,0.438691,0.949831,-0.043136,0.6888
utkatasana_tf_0022,0.453589,0.427687,-0.349139,0.999,0.459003,0.409841,-0.346216,0.999,0.464954,0.408893,-0.345394,0.9989,0.4712,0.407867,-0.345414,0.9988,0.446658,0.409376,-0.327378,0.9991,0.443579,0.408402,-0.328318,0.9989,0.440707,0.40756,-0.328052,0.9991,0.48975,0.40412,-0.297483,0.9984,0.444447,0.4102,-0.227161,0.9986,0.466403,0.438166,-0.33048,0.9968,0.451535,0.439066,-0.308797,0.9975,0.548244,0.446401,-0.313893,0.9773,0.431858,0.451156,-0.176579,0.9964,0.541171,0.329031,-0.496692,0.9856,0.36811,0.350907,-0.213366,0.9146,0.506361,0.215647,-0.571659,0.7687,0.324414,0.218529,-0.327057,0.9162,0.502847,0.180067,-0.61608,0.673,0.315048,0.18398,-0.353029,0.8423,0.491458,0.180168,-0.598933,0.6767,0.323733,0.177289,-0.353689,0.8525,0.488531,0.192476,-0.571493,0.7087,0.330082,0.187271,-0.334439,0.8764,0.580442,0.67064,-0.053727,0.9945,0.504492,0.660237,0.054863,0.9986,0.479593,0.792795,-0.187574,0.9486,0.41485,0.757965,-0.121979,0.8908,0.504674,0.909134,-0.06646,0.8565,0.477554,0.891808,-0.029329,0.7954,0.522261,0.925726,-0.059749,0.7345,0.495679,0.904945,-0.024604,0.7105,0.45519,0.95222,-0.137083,0.8005,0.433495,0.951862,-0.087291,0.7761
utkatasana_tf_0023,0.449719,0.422961,-0.359568,0.9984,0.4566,0.4043,-0.357784,0.9983,0.462778,0.403084,-0.356937,0.9981,0.469336,0.401818,-0.356954,0.9978,0.444483,0.404516,-0.3387,0.9987,0.441562,0.403585,-0.339596,0.9987,0.438917,0.402766,-0.339379,0.9988,0.489123,0.397836,-0.314871,0.9967,0.445476,0.404416,-0.242164,0.9989,0.463851,0.434694,-0.342691,0.9939,0.449133,0.43604,-0.320434,0.9957,0.546224,0.440119,-0.329335,0.9564,0.429789,0.447292,-0.193851,0.9955,0.536129,0.32637,-0.506938,0.9808,0.362129,0.351135,-0.229965,0.9469,0.499476,0.211586,-0.584204,0.7328,0.318553,0.219527,-0.333801,0.9409,0.496656,0.177657,-0.630946,0.6313,0.308696,0.186962,-0.359704,0.8696,0.485295,0.180788,-0.614219,0.6414,0.317752,0.178566,-0.360903,0.8788,0.482838,0.192095,-0.584333,0.6718,0.32539,0.190199,-0.341693,0.899,0.583197,0.664341,-0.055806,0.9932,0.506516,0.653672,0.05699,0.9984,0.484093,0.791287,-0.194042,0.958,0.412252,0.754032,-0.096003,0.9105,0.504548,0.909271,-0.069933,0.8655,0.47324,0.889647,0.026369,0.7892,0.520037,0.925563,-0.063739,0.7105,0.489867,0.901423,0.033681,0.7126,0.452798,0.955106,-0.14913,0.805,0.424653,0.957037,-0.025599,0.756
utkatasana_tf_0024,0.449737,0.421385,-0.358716,0.9991,0.455964,0.40213,-0.355582,0.999,0.462431,0.400944,-0.354756,0.9989,0.46928,0.399881,-0.354714,0.9987,0.44327,0.402561,-0.337644,0.9993,0.439963,0.401956,-0.338518,0.9992,0.436947,0.401509,-0.338254,0.9993,0.489212,0.396383,-0.308344,0.998,0.442394,0.404121,-0.240257,0.999,0.464399,0.434814,-0.34045,0.9968,0.448625,0.436582,-0.319517,0.9978,0.545626,0.442847,-0.329886,0.9769,0.432121,0.44871,-0.185145,0.9973,0.527029,0.327555,-0.515464,0.9897,0.363545,0.351011,-0.208729,0.9554,0.492647,0.215851,-0.594427,0.8487,0.315883,0.223031,-0.307352,0.9613,0.487852,0.180649,-0.640476,0.7802,0.305775,0.19016,-0.33114,0.9322,0.477774,0.182549,-0.62154,0.7827,0.313008,0.181713,-0.334548,0.9279,0.475242,0.19514,-0.593646,0.8059,0.320557,0.192616,-0.315881,0.938,0.588468,0.659095,-0.059457,0.9952,0.511261,0.650544,0.060631,0.9988,0.482355,0.784925,-0.18774,0.9552,0.41468,0.738002,-0.08484,0.8892,0.503211,0.902149,-0.082417,0.8723,0.478686,0.872153,0.023031,0.7879,0.51832,0.919902,-0.077507,0.7559,0.490361,0.892828,0.02896,0.7419,0.452729,0.9438,-0.158981,0.828,0.43309,0.937402,-0.02843,0.7739
utkatasana_tf_0025,0.447558,0.424389,-0.360144,0.9991,0.452902,0.404233,-0.360255,0.9991,0.459663,0.402863,-0.359332,0.999,0.466947,0.401447,-0.359306,0.999,0.438703,0.405558,-0.340525,0.9992,0.435221,0.40502,-0.341325,0.999,0.432209,0.404385,-0.341099,0.9992,0.485702,0.395502,-0.316341,0.9985,0.43857,0.404314,-0.241607,0.9989,0.462885,0.435305,-0.342046,0.997,0.447087,0.437354,-0.319207,0.9976,0.543775,0.437764,-0.334319,0.9844,0.431699,0.441169,-0.182389,0.9972,0.523176,0.329733,-0.529723,0.9909,0.360262,0.347903,-0.199726,0.9436,0.480175,0.217294,-0.613377,0.8866,0.307232,0.222863,-0.293135,0.9587,0.474834,0.184281,-0.659963,0.8409,0.295799,0.189367,-0.315041,0.9317,0.465488,0.183597,-0.639637,0.8398,0.303564,0.180635,-0.317763,0.9282,0.462804,0.198887,-0.611579,0.8559,0.311488,0.191042,-0.301308,0.9346,0.587525,0.658405,-0.059185,0.9953,0.510287,0.646148,0.060314,0.9987,0.471853,0.770919,-0.209466,0.9361,0.409908,0.740599,-0.078811,0.8511,0.499544,0.893679,-0.106173,0.8456,0.475165,0.865379,0.015371,0.729,0.523848,0.911261,-0.100953,0.7961,0.488511,0.885002,0.020732,0.6815,0.45322,0.9331,-0.171005,0.806,0.438133,0.921118,-0.026683,0.7106
utkatasana_tf_0026,0.445375,0.418324,-0.362445,0.9995,0.451303,0.398332,-0.359624,0.9994,0.457753,0.396807,-0.358694,0.9993,0.464476,0.3953,-0.358609,0.9993,0.437575,0.399634,-0.341219,0.9995,0.434072,0.399178,-0.342016,0.9995,0.431038,0.398722,-0.341798,0.9995,0.4831,0.390535,-0.309481,0.999,0.436992,0.399709,-0.242157,0.9996,0.460391,0.429863,-0.342932,0.9982,0.445137,0.432103,-0.32222,0.9986,0.541111,0.435108,-0.330809,0.9857,0.430622,0.441485,-0.189838,0.9976,0.518148,0.330291,-0.526358,0.9924,0.355939,0.349753,-0.238831,0.9534,0.474667,0.219417,-0.60758,0.9306,0.302688,0.230477,-0.347254,0.9657,0.469349,0.188778,-0.65465,0.8998,0.288802,0.197785,-0.374077,0.9408,0.459043,0.188789,-0.634388,0.9007,0.29857,0.189605,-0.372323,0.9369,0.456516,0.203349,-0.606078,0.9124,0.307105,0.199467,-0.354671,0.9423,0.586691,0.656291,-0.057996,0.9971,0.510456,0.642773,0.059082,0.9993,0.474866,0.769321,-0.195055,0.9381,0.409008,0.73637,-0.091068,0.868,0.500736,0.884739,-0.05749,0.8461,0.466115,0.866844,0.011315,0.7767,0.51735,0.902979,-0.049236,0.7629,0.487876,0.884043,0.017002,0.6918,0.45736,0.923064,-0.116634,0.7998,0.440298,0.915851,-0.0345,0.7508
utkatasana_tf_0027,0.440693,0.413819,-0.356527,0.9995,0.446819,0.3928,-0.357507,0.9995,0.453692,0.391472,-0.356577,0.9995,0.461103,0.39022,-0.356464,0.9994,0.432213,0.394194,-0.337088,0.9996,0.428812,0.393784,-0.337831,0.9995,0.425731,0.393354,-0.337608,0.9996,0.481402,0.386687,-0.315129,0.9992,0.432189,0.395921,-0.238145,0.9995,0.45724,0.426329,-0.339186,0.9985,0.441648,0.428464,-0.315686,0.9988,0.538044,0.432966,-0.335718,0.9899,0.433171,0.439188,-0.172809,0.9981,0.518309,0.332764,-0.537754,0.9942,0.357639,0.353979,-0.183563,0.9526,0.475498,0.221863,-0.621783,0.9485,0.301631,0.235658,-0.272751,0.9649,0.465782,0.190563,-0.667374,0.929,0.286693,0.202934,-0.294941,0.9376,0.456725,0.189644,-0.646815,0.9251,0.296715,0.193884,-0.297596,0.9342,0.456891,0.202295,-0.619724,0.9332,0.306008,0.205013,-0.281665,0.9385,0.585574,0.649237,-0.062817,0.9974,0.512576,0.635675,0.063937,0.9993,0.469698,0.759681,-0.209596,0.9386,0.409086,0.731839,-0.069923,0.8425,0.501357,0.882481,-0.082385,0.8505,0.468594,0.866809,0.032082,0.7195,0.523997,0.899304,-0.075419,0.798,0.488408,0.882941,0.037621,0.6426,0.450947,0.925107,-0.144687,0.8072,0.43319,0.916349,-0.0149,0.7051
utkatasana_tf_0028,0.439022,0.411049,-0.358679,0.9997,0.444179,0.389266,-0.363354,0.9997,0.451183,0.387538,-0.362442,0.9997,0.458748,0.385925,-0.362194,0.9996,0.428486,0.39134,-0.341581,0.9997,0.42491,0.39079,-0.342308,0.9997,0.42153,0.390346,-0.342093,0.9996,0.478065,0.38225,-0.329791,0.9995,0.42738,0.391805,-0.246504,0.9997,0.457352,0.423511,-0.343476,0.9989,0.440488,0.425756,-0.318263,0.999,0.540116,0.431887,-0.34629,0.9945,0.433252,0.433826,-0.175737,0.998,0.513867,0.330664,-0.534238,0.9966,0.359208,0.352217,-0.178417,0.9375,0.466338,0.221218,-0.61339,0.9615,0.296937,0.237355,-0.279066,0.9545,0.457815,0.190518,-0.661547,0.9431,0.279625,0.199041,-0.301189,0.9306,0.448763,0.187873,-0.640977,0.9403,0.289404,0.192061,-0.305904,0.9284,0.447533,0.200984,-0.611524,0.9462,0.29885,0.203121,-0.288996,0.9319,0.589304,0.647382,-0.069372,0.9982,0.519333,0.628631,0.070363,0.9993,0.455434,0.751476,-0.169504,0.921,0.416798,0.725796,0.001633,0.7098,0.499966,0.879211,-0.029838,0.7892,0.472834,0.850842,0.111413,0.5526,0.523785,0.897165,-0.019881,0.784,0.486725,0.867142,0.118797,0.5051,0.452395,0.913804,-0.059486,0.7384,0.434424,0.89684,0.091144,0.5434
utkatasana_tf_0029,0.437705,0.402382,-0.339738,0.9997,0.444017,0.381392,-0.344048,0.9997,0.450666,0.379737,-0.343092,0.9996,0.457551,0.378248,-0.34287,0.9996,0.428581,0.383866,-0.323057,0.9997,0.424776,0.383749,-0.323793,0.9997,0.421334,0.38358,-0.323599,0.9997,0.476521,0.375093,-0.308386,0.9995,0.429249,0.384686,-0.229889,0.9998,0.454913,0.41364,-0.323732,0.9991,0.437234,0.416871,-0.299893,0.9992,0.536232,0.425204,-0.335758,0.995,0.431036,0.428707,-0.159664,0.9987,0.508111,0.333172,-0.542908,0.9963,0.355253,0.350953,-0.173076,0.9614,0.461432,0.22002,-0.63172,0.9775,0.288003,0.235497,-0.268532,0.9751,0.451888,0.187313,-0.677371,0.9658,0.266228,0.203594,-0.287766,0.9578,0.442332,0.183324,-0.656824,0.9628,0.275751,0.196292,-0.292368,0.9565,0.44165,0.19689,-0.62959,0.9636,0.285954,0.204328,-0.278798,0.9592,0.593396,0.64327,-0.072712,0.9982,0.521515,0.628244,0.073725,0.9995,0.460429,0.743632,-0.185034,0.9408,0.411889,0.716594,-0.01163,0.8047,0.500592,0.869183,-0.047523,0.8357,0.472743,0.851676,0.074939,0.6808,0.524977,0.888029,-0.038083,0.8313,0.492843,0.871755,0.079425,0.6178,0.463546,0.907088,-0.075709,0.7954,0.437056,0.903154,0.047081,0.6591
utkatasana_tf_0030,0.435811,0.399884,-0.349556,0.9996,0.440903,0.379251,-0.351546,0.9995,0.447036,0.377436,-0.350532,0.9995,0.453493,0.375693,-0.350341,0.9995,0.427139,0.381449,-0.332149,0.9996,0.423962,0.381167,-0.332872,0.9996,0.42096,0.381023,-0.332692,0.9995,0.471254,0.371759,-0.307415,0.9994,0.427441,0.381982,-0.236381,0.9997,0.452074,0.411511,-0.33075,0.999,0.436567,0.413724,-0.309177,0.999,0.531728,0.416515,-0.33354,0.9957,0.429164,0.421879,-0.172821,0.9986,0.498459,0.322882,-0.542328,0.9961,0.354964,0.343753,-0.207231,0.9671,0.453772,0.215394,-0.63183,0.9759,0.2857,0.228578,-0.302307,0.9764,0.444869,0.182718,-0.678496,0.9638,0.26382,0.197039,-0.325654,0.9571,0.434774,0.180209,-0.659646,0.9613,0.273442,0.190338,-0.32629,0.9557,0.433468,0.193784,-0.630332,0.9624,0.284899,0.199478,-0.311491,0.958,0.591994,0.636088,-0.070336,0.9981,0.520519,0.62124,0.071367,0.9994,0.458941,0.734616,-0.19134,0.947,0.409369,0.709632,-0.029536,0.8486,0.4991,0.864833,-0.03735,0.8574,0.474307,0.836358,0.059286,0.7216,0.52495,0.88584,-0.026983,0.8044,0.489832,0.863506,0.063588,0.6294,0.45909,0.903136,-0.078989,0.8178,0.44301,0.890063,0.022536,0.7102
utkatasana_tf_0031,0.434014,0.397635,-0.3494,0.9996,0.438742,0.375629,-0.3545,0.9995,0.444834,0.373531,-0.353469,0.9995,0.451325,0.371698,-0.353243,0.9995,0.426155,0.377994,-0.33328,0.9996,0.423343,0.377539,-0.333958,0.9996,0.420572,0.377311,-0.333744,0.9996,0.470611,0.36702,-0.317154,0.9994,0.42865,0.377124,-0.23841,0.9997,0.450363,0.40857,-0.332563,0.999,0.435681,0.409891,-0.308884,0.9992,0.530862,0.412049,-0.338303,0.9965,0.429833,0.414795,-0.161729,0.9991,0.495808,0.316162,-0.542959,0.9967,0.351578,0.338313,-0.158615,0.967,0.451297,0.211871,-0.632864,0.9856,0.285456,0.228592,-0.238908,0.9808,0.44177,0.177855,-0.680139,0.9768,0.260415,0.196206,-0.259281,0.9655,0.430062,0.176497,-0.660929,0.9741,0.272595,0.19093,-0.264082,0.9644,0.42869,0.191993,-0.631127,0.9692,0.283972,0.200351,-0.249115,0.9648,0.595455,0.632557,-0.072955,0.9983,0.52726,0.61399,0.073892,0.9996,0.453189,0.729074,-0.19217,0.9524,0.415014,0.708087,-0.007453,0.8272,0.508641,0.863575,-0.062918,0.864,0.482344,0.837056,0.068796,0.6903,0.537851,0.886582,-0.054169,0.8634,0.503227,0.862561,0.072302,0.6315,0.45627,0.901249,-0.092654,0.8277,0.44053,0.882257,0.039819,0.677
utkatasana_tf_0032,0.429383,0.387414,-0.309308,0.9995,0.433361,0.367365,-0.316444,0.9995,0.439246,0.365462,-0.315474,0.9995,0.44526,0.36361,-0.315325,0.9995,0.422371,0.368872,-0.293487,0.9995,0.420224,0.368322,-0.294165,0.9995,0.418109,0.367943,-0.293955,0.9995,0.465855,0.359625,-0.295294,0.9993,0.428825,0.367881,-0.206724,0.9995,0.445321,0.397302,-0.298978,0.9988,0.432395,0.398705,-0.272607,0.999,0.53073,0.400582,-0.32669,0.9964,0.433064,0.410377,-0.130846,0.9987,0.487013,0.294698,-0.508838,0.997,0.350774,0.329697,-0.100541,0.9463,0.440024,0.197804,-0.569695,0.986,0.281049,0.212855,-0.192553,0.9719,0.429851,0.168394,-0.613318,0.9746,0.257479,0.185498,-0.210017,0.9612,0.418563,0.170114,-0.593255,0.9708,0.268564,0.180368,-0.220333,0.9607,0.416888,0.181586,-0.566005,0.9635,0.280687,0.189207,-0.20409,0.9614,0.598491,0.631095,-0.079222,0.9981,0.529973,0.612066,0.080175,0.9995,0.451936,0.724198,-0.179944,0.9595,0.416555,0.693987,0.003058,0.8012,0.505711,0.854636,-0.051413,0.8882,0.482484,0.828264,0.069335,0.6609,0.53127,0.87868,-0.043495,0.8831,0.499458,0.846853,0.071018,0.5959,0.453776,0.889338,-0.075216,0.854,0.43688,0.873845,0.043194,0.6651
utkatasana_tf_0033,0.432192,0.388058,-0.32996,0.9995,0.435126,0.366941,-0.338898,0.9995,0.441153,0.364241,-0.337851,0.9995,0.447125,0.361851,-0.337634,0.9994,0.423705,0.370087,-0.315212,0.9995,0.421143,0.369923,-0.315911,0.9995,0.418547,0.369932,-0.31571,0.9995,0.467541,0.356233,-0.31654,0.9993,0.429242,0.367627,-0.225559,0.9997,0.447961,0.396203,-0.318091,0.9986,0.434958,0.398655,-0.290969,0.9988,0.533945,0.399337,-0.339355,0.9959,0.437109,0.411311,-0.148626,0.9986,0.487079,0.298994,-0.531691,0.9963,0.352019,0.326517,-0.134457,0.9473,0.441436,0.197126,-0.604766,0.9842,0.279248,0.20391,-0.226495,0.9732,0.432117,0.167008,-0.652123,0.9751,0.255583,0.174838,-0.244712,0.9617,0.423468,0.166489,-0.631958,0.9731,0.263777,0.165943,-0.252462,0.9609,0.42247,0.179055,-0.601639,0.9672,0.277794,0.179778,-0.23744,0.9611,0.594968,0.623364,-0.07839,0.9979,0.528868,0.606446,0.079275,0.9995,0.452104,0.717642,-0.161932,0.9538,0.413534,0.686427,0.016456,0.8189,0.499149,0.840992,-0.018694,0.8741,0.480339,0.820636,0.095208,0.6675,0.524045,0.866433,-0.008974,0.8721,0.497239,0.841166,0.098647,0.5907,0.444682,0.883167,-0.035831,0.8306,0.431597,0.870906,0.075258,0.6454
utkatasana_tf_0034,0.430257,0.377253,-0.32451,0.9994,0.43507,0.35679,-0.333608,0.9993,0.440855,0.354529,-0.332602,0.9993,0.446711,0.352526,-0.332454,0.9993,0.423883,0.359642,-0.310175,0.9994,0.421761,0.35932,-0.310874,0.9994,0.419668,0.35918,-0.310624,0.9993,0.467164,0.348984,-0.314777,0.9991,0.432415,0.357742,-0.224636,0.9996,0.446869,0.386144,-0.313901,0.9983,0.433897,0.38795,-0.286945,0.9986,0.532789,0.390906,-0.337654,0.9953,0.438503,0.403113,-0.154036,0.9984,0.488538,0.287684,-0.525356,0.9967,0.350936,0.319385,-0.144245,0.9444,0.442734,0.191131,-0.590502,0.9763,0.285464,0.19689,-0.237519,0.9684,0.432397,0.163313,-0.636061,0.9607,0.268984,0.167793,-0.253701,0.9552,0.420024,0.162237,-0.614742,0.9595,0.276398,0.159828,-0.260773,0.954,0.419234,0.172819,-0.586756,0.9604,0.287023,0.17158,-0.24759,0.955,0.594644,0.615438,-0.075435,0.9975,0.529848,0.599743,0.076312,0.9994,0.449785,0.705555,-0.159902,0.9481,0.41835,0.679411,0.005429,0.7635,0.506341,0.838501,-0.035743,0.8633,0.481919,0.821173,0.078098,0.66,0.532686,0.86314,-0.028326,0.8886,0.499906,0.84759,0.080823,0.604,0.451869,0.877207,-0.05745,0.8243,0.433726,0.869545,0.054465,0.6458
utkatasana_tf_0035,0.429742,0.369617,-0.328893,0.9995,0.43295,0.349516,-0.339884,0.9995,0.438515,0.347443,-0.338822,0.9995,0.444398,0.345298,-0.338659,0.9995,0.42207,0.351603,-0.315144,0.9994,0.419712,0.351085,-0.315913,0.9994,0.417639,0.350548,-0.315577,0.9993,0.465712,0.340096,-0.324241,0.9994,0.429046,0.348827,-0.229655,0.9995,0.446874,0.378262,-0.318989,0.9987,0.433744,0.379755,-0.290786,0.9987,0.531364,0.386622,-0.339519,0.9966,0.436943,0.393238,-0.164508,0.9982,0.490065,0.292807,-0.544361,0.9968,0.354016,0.317606,-0.167776,0.9391,0.445012,0.1914,-0.63207,0.988,0.293114,0.199024,-0.264906,0.9692,0.434519,0.156035,-0.679873,0.9794,0.270838,0.166958,-0.284311,0.9567,0.4235,0.152375,-0.65779,0.9784,0.278127,0.159413,-0.287546,0.9555,0.423346,0.165778,-0.628644,0.9745,0.292431,0.173244,-0.27379,0.9549,0.596925,0.61253,-0.072703,0.9987,0.531129,0.594686,0.073452,0.9995,0.450015,0.699671,-0.151726,0.9543,0.417693,0.672938,0.030532,0.7692,0.50841,0.83604,0.016166,0.8473,0.477513,0.81678,0.136647,0.6626,0.533055,0.855635,0.029285,0.8745,0.495427,0.842343,0.143605,0.5961,0.454139,0.876966,0.012508,0.8059,0.428729,0.866753,0.125648,0.6409
utkatasana_tf_0036,0.43138,0.364731,-0.301349,0.9994,0.434397,0.34491,-0.312813,0.9994,0.439946,0.342929,-0.311785,0.9994,0.445822,0.340839,-0.311706,0.9994,0.424167,0.346705,-0.287029,0.9994,0.422341,0.346049,-0.287742,0.9994,0.42056,0.345541,-0.287512,0.9993,0.46766,0.336451,-0.303334,0.9992,0.433919,0.344637,-0.203192,0.9996,0.45046,0.374428,-0.294406,0.9983,0.437147,0.375114,-0.264613,0.9985,0.533801,0.3841,-0.324555,0.9936,0.440982,0.388094,-0.141835,0.9978,0.485269,0.274153,-0.522717,0.9963,0.355193,0.312004,-0.131013,0.9385,0.436348,0.171717,-0.59835,0.9759,0.287247,0.194049,-0.232332,0.9663,0.42795,0.145426,-0.643139,0.9581,0.265968,0.16361,-0.248487,0.9536,0.414243,0.142938,-0.623783,0.9566,0.275412,0.157386,-0.254065,0.9529,0.412057,0.15439,-0.595309,0.9631,0.287178,0.168051,-0.24173,0.9543,0.600834,0.608785,-0.073075,0.9981,0.532152,0.592244,0.073893,0.9994,0.456502,0.69849,-0.195875,0.9503,0.413616,0.67007,0.003894,0.7631,0.506698,0.829128,-0.047609,0.827,0.479675,0.811676,0.070462,0.6445,0.533379,0.847005,-0.036877,0.8749,0.493308,0.838985,0.073079,0.5755,0.450988,0.872024,-0.060395,0.7899,0.421511,0.875125,0.047048,0.6264
utkatasana_tf_0037,0.431378,0.353168,-0.296516,0.9992,0.436311,0.33274,-0.307387,0.9992,0.441758,0.331182,-0.306405,0.9992,0.447667,0.329463,-0.306301,0.9992,0.42664,0.33523,-0.281935,0.9992,0.425088,0.335135,-0.28267,0.9992,0.423842,0.334853,-0.28243,0.9992,0.469771,0.330273,-0.301434,0.9991,0.437521,0.336068,-0.202768,0.9995,0.448845,0.364822,-0.291451,0.9982,0.43666,0.365978,-0.262238,0.9984,0.532782,0.376335,-0.332361,0.9947,0.436554,0.382517,-0.139316,0.9977,0.483431,0.260337,-0.52078,0.9969,0.355598,0.302614,-0.12278,0.9353,0.437034,0.163018,-0.585451,0.9758,0.293068,0.192099,-0.222402,0.9668,0.428368,0.135072,-0.629171,0.9575,0.26934,0.163122,-0.240004,0.9546,0.41886,0.134167,-0.610658,0.956,0.277872,0.154526,-0.246482,0.9549,0.416747,0.143252,-0.582674,0.9627,0.292276,0.167549,-0.232326,0.9572,0.603034,0.602666,-0.077309,0.9976,0.534713,0.586794,0.078219,0.9992,0.456852,0.688881,-0.190542,0.9603,0.418029,0.660425,-0.010512,0.749,0.512877,0.829607,-0.066853,0.8638,0.477759,0.8077,0.055249,0.6487,0.542809,0.852853,-0.058975,0.874,0.487634,0.837583,0.056852,0.5969,0.450682,0.871637,-0.090763,0.8191,0.427768,0.864237,0.028776,0.6455
utkatasana_tf_0038,0.429746,0.353417,-0.298104,0.9989,0.434034,0.333802,-0.311866,0.999,0.439376,0.332141,-0.310862,0.999,0.445155,0.330599,-0.310712,0.999,0.425081,0.335892,-0.285888,0.999,0.423667,0.335602,-0.286623,0.9989,0.422159,0.335532,-0.286389,0.9989,0.466518,0.330686,-0.310152,0.9989,0.435435,0.33702,-0.209058,0.9993,0.447875,0.363178,-0.293214,0.9975,0.43612,0.364155,-0.263374,0.9977,0.52975,0.372596,-0.333349,0.9945,0.43983,0.376162,-0.143075,0.9976,0.48048,0.267209,-0.510541,0.9964,0.352115,0.298424,-0.117941,0.9217,0.427278,0.162174,-0.568588,0.978,0.294464,0.180267,-0.212167,0.9594,0.418126,0.132325,-0.613175,0.9617,0.272952,0.151166,-0.22818,0.9497,0.407359,0.131942,-0.593313,0.9609,0.281219,0.143543,-0.235313,0.9497,0.404965,0.14343,-0.564852,0.963,0.295632,0.157277,-0.22177,0.9509,0.603254,0.599807,-0.078711,0.9974,0.538068,0.578766,0.079524,0.9993,0.448005,0.683434,-0.160466,0.9618,0.418182,0.654829,0.026703,0.7631,0.509188,0.823886,-0.023505,0.8628,0.478791,0.801417,0.095152,0.6345,0.536658,0.847363,-0.013712,0.8797,0.49649,0.828345,0.097548,0.5713,0.445877,0.871143,-0.031742,0.81,0.429424,0.858841,0.081683,0.6098
utkatasana_tf_0039,0.430834,0.346698,-0.273854,0.999,0.434859,0.326455,-0.293019,0.9992,0.439224,0.325059,-0.292032,0.9992,0.443895,0.323581,-0.291869,0.9992,0.428176,0.328054,-0.262558,0.9992,0.427453,0.327872,-0.263236,0.9992,0.426898,0.327561,-0.263033,0.9992,0.464212,0.322536,-0.312381,0.999,0.44196,0.326783,-0.190248,0.9994,0.446397,0.357575,-0.276749,0.9977,0.438442,0.358771,-0.240726,0.9979,0.532865,0.366865,-0.337504,0.9945,0.450108,0.374208,-0.120121,0.9969,0.48049,0.266618,-0.502484,0.9965,0.354861,0.294251,-0.07432,0.8666,0.428132,0.163398,-0.548763,0.9842,0.297594,0.182535,-0.185249,0.9412,0.419022,0.133192,-0.592795,0.973,0.271676,0.145806,-0.200177,0.9363,0.411998,0.13301,-0.575554,0.9705,0.280135,0.139856,-0.210739,0.9384,0.410299,0.140612,-0.544802,0.9607,0.295645,0.154483,-0.196114,0.9389,0.601371,0.595451,-0.082805,0.9982,0.534351,0.576496,0.083668,0.9994,0.456407,0.682513,-0.171397,0.9629,0.415164,0.657729,0.026523,0.7797,0.513307,0.818663,-0.030913,0.8888,0.48372,0.790123,0.08674,0.6496,0.536696,0.838479,-0.021137,0.9128,0.501764,0.818304,0.088056,0.5994,0.452373,0.857875,-0.044074,0.8574,0.441013,0.848416,0.071586,0.6453
utkatasana_tf_0040,0.428609,0.341577,-0.220715,0.9985,0.432331,0.322018,-0.241591,0.9988,0.436127,0.320123,-0.240648,0.9988,0.440099,0.31828,-0.240527,0.9989,0.426396,0.324665,-0.210385,0.9988,0.426105,0.32441,-0.211114,0.9987,0.4259,0.324077,-0.210952,0.9988,0.462064,0.315832,-0.27249,0.9988,0.441701,0.322298,-0.146138,0.999,0.444822,0.350452,-0.228276,0.9971,0.43738,0.352647,-0.190934,0.997,0.531658,0.355651,-0.303534,0.9948,0.453238,0.366063,-0.074763,0.9943,0.474796,0.262315,-0.450293,0.9953,0.361983,0.300961,-0.011572,0.803,0.427321,0.163008,-0.489752,0.983,0.298874,0.178324,-0.118218,0.9121,0.41656,0.127431,-0.531623,0.9711,0.277287,0.145469,-0.128201,0.9158,0.410302,0.126228,-0.515519,0.9672,0.283037,0.134263,-0.140406,0.9196,0.408906,0.136315,-0.485334,0.9553,0.29879,0.149909,-0.129219,0.9188,0.604917,0.593846,-0.089588,0.9965,0.542033,0.574316,0.090321,0.9986,0.45257,0.671865,-0.159651,0.9671,0.415807,0.648475,0.07161,0.7289,0.513648,0.816398,-0.026556,0.8891,0.487552,0.790782,0.126001,0.5594,0.541249,0.83873,-0.016702,0.9133,0.507655,0.817126,0.126346,0.5459,0.451267,0.859987,-0.026617,0.8502,0.440581,0.839341,0.122962,0.5493
utkatasana_tf_0041,0.428371,0.338282,-0.201842,0.9978,0.433371,0.319654,-0.222381,0.9986,0.437238,0.317995,-0.221384,0.9987,0.440842,0.316426,-0.221337,0.9988,0.427279,0.321867,-0.19047,0.9984,0.426704,0.32178,-0.191171,0.998,0.426035,0.321508,-0.19094,0.998,0.461061,0.314896,-0.254115,0.9985,0.442267,0.319777,-0.125229,0.9983,0.442977,0.348206,-0.210419,0.9966,0.435731,0.350149,-0.172625,0.9961,0.534215,0.352636,-0.291751,0.9953,0.452699,0.371147,-0.054575,0.995,0.475896,0.258083,-0.437622,0.9956,0.355602,0.298424,0.025837,0.7811,0.42608,0.151466,-0.46864,0.9832,0.301662,0.175868,-0.06501,0.8996,0.41911,0.127271,-0.508081,0.9712,0.275791,0.138976,-0.076693,0.902,0.408973,0.128143,-0.495166,0.9666,0.283502,0.132249,-0.089012,0.9064,0.406265,0.136417,-0.465234,0.9528,0.299414,0.1451,-0.075967,0.9056,0.607721,0.590867,-0.09216,0.9975,0.546109,0.570879,0.093077,0.9991,0.456212,0.669376,-0.210343,0.9797,0.42079,0.644859,0.049081,0.7812,0.515251,0.809243,-0.07497,0.9197,0.490559,0.785854,0.074632,0.6408,0.542593,0.833358,-0.064341,0.9288,0.50934,0.814315,0.071978,0.5906,0.461663,0.844039,-0.074319,0.893,0.445173,0.829515,0.059248,0.6574
utkatasana_tf_0042,0.429822,0.336304,-0.186715,0.998,0.433739,0.318407,-0.204488,0.9986,0.437896,0.316331,-0.203456,0.9987,0.442125,0.31408,-0.203475,0.9988,0.426523,0.321875,-0.173852,0.9985,0.425509,0.322201,-0.174544,0.9979,0.424394,0.322435,-0.174303,0.998,0.461827,0.311091,-0.226447,0.9985,0.438416,0.321994,-0.103297,0.9984,0.444638,0.345018,-0.191565,0.9965,0.436978,0.348167,-0.155634,0.9963,0.533547,0.348349,-0.265158,0.9955,0.451671,0.37199,-0.029751,0.9965,0.479842,0.25695,-0.406232,0.9949,0.357196,0.291241,0.04223,0.7955,0.429652,0.148657,-0.427882,0.9823,0.302421,0.176602,-0.047213,0.9136,0.421066,0.118135,-0.465026,0.9694,0.276237,0.14001,-0.060844,0.9081,0.410901,0.118038,-0.450857,0.9645,0.28616,0.135931,-0.070956,0.9101,0.410792,0.130782,-0.423969,0.9513,0.300314,0.146775,-0.057658,0.9107,0.609065,0.583963,-0.091062,0.9972,0.545268,0.568394,0.091962,0.9992,0.460686,0.663533,-0.212632,0.978,0.423557,0.641006,0.047864,0.8081,0.518028,0.797878,-0.07895,0.9234,0.492413,0.781572,0.068921,0.6971,0.544725,0.822292,-0.06879,0.932,0.509498,0.803695,0.06597,0.6454,0.462919,0.831794,-0.086193,0.904,0.442163,0.827227,0.046035,0.716
utkatasana_tf_0043,0.430882,0.32895,-0.170996,0.9986,0.435249,0.311986,-0.190058,0.9991,0.439121,0.310168,-0.189012,0.9992,0.443143,0.308215,-0.188991,0.9993,0.42867,0.315315,-0.159041,0.9987,0.4278,0.315777,-0.159731,0.9982,0.426834,0.316125,-0.159382,0.9982,0.463918,0.307237,-0.216003,0.999,0.441339,0.316547,-0.091459,0.9987,0.444671,0.338693,-0.177208,0.9981,0.437297,0.341802,-0.140975,0.9972,0.535419,0.347778,-0.259252,0.9981,0.452705,0.366931,-0.014349,0.9969,0.482979,0.254751,-0.397703,0.9953,0.357736,0.284559,0.080097,0.7069,0.427699,0.148746,-0.417133,0.984,0.304315,0.17822,0.017332,0.8545,0.419242,0.113872,-0.453622,0.9732,0.28257,0.146145,0.006541,0.8525,0.411356,0.113165,-0.441889,0.9694,0.292684,0.14192,-0.002519,0.8547,0.410836,0.125214,-0.414389,0.9566,0.304723,0.150691,0.007887,0.8587,0.613695,0.580631,-0.092259,0.9989,0.54613,0.565068,0.093015,0.9995,0.464129,0.66601,-0.201856,0.984,0.424643,0.636936,0.062608,0.8382,0.52341,0.805668,-0.052698,0.9493,0.49648,0.782253,0.098498,0.7428,0.547704,0.824984,-0.039909,0.9415,0.509193,0.805926,0.09744,0.6776,0.463118,0.836469,-0.046586,0.9296,0.439376,0.827203,0.085692,0.7579
utkatasana_tf_0044,0.43285,0.320929,-0.18714,0.9977,0.438105,0.303453,-0.205162,0.9985,0.441962,0.301887,-0.204104,0.9987,0.445784,0.300291,-0.20407,0.9988,0.431143,0.306698,-0.174998,0.9982,0.429858,0.306707,-0.175679,0.998,0.428668,0.306884,-0.175353,0.9979,0.466988,0.30087,-0.227253,0.9988,0.444347,0.308547,-0.106852,0.9984,0.446654,0.333414,-0.192121,0.9969,0.438813,0.336457,-0.15697,0.9961,0.537855,0.345769,-0.270388,0.9971,0.455123,0.363701,-0.025842,0.9951,0.478099,0.251587,-0.410619,0.9953,0.356059,0.280602,0.062777,0.7303,0.42853,0.146507,-0.43851,0.987,0.304553,0.173163,-0.005385,0.8847,0.422256,0.116171,-0.477831,0.978,0.280035,0.143142,-0.016763,0.8829,0.41217,0.114793,-0.465779,0.975,0.289425,0.138891,-0.026306,0.8852,0.41022,0.128106,-0.436209,0.964,0.301792,0.146175,-0.015448,0.8857,0.612789,0.576181,-0.091398,0.9985,0.548221,0.557973,0.092197,0.9993,0.463298,0.660447,-0.182758,0.9811,0.428894,0.635133,0.070077,0.7966,0.528002,0.801573,-0.03903,0.9373,0.499738,0.773738,0.117135,0.6772,0.550751,0.821654,-0.027035,0.9317,0.509581,0.797154,0.116986,0.6285,0.464853,0.833988,-0.031873,0.9093,0.445628,0.822437,0.108076,0.6935
utkatasana_tf_0045,0.434281,0.324705,-0.183896,0.9989,0.437877,0.306851,-0.203966,0.9993,0.441421,0.305083,-0.203013,0.9994,0.445348,0.303178,-0.202913,0.9994,0.432558,0.30904,-0.172529,0.9992,0.4322,0.308682,-0.173119,0.999,0.431824,0.308072,-0.172938,0.9989,0.469241,0.300744,-0.235044,0.9994,0.450232,0.304192,-0.107271,0.9991,0.448724,0.333454,-0.191905,0.9985,0.442488,0.335613,-0.154317,0.9978,0.540515,0.346835,-0.2818,0.9979,0.469104,0.360345,-0.022914,0.9955,0.481656,0.25366,-0.431579,0.9955,0.370874,0.285365,0.064215,0.6712,0.427563,0.146962,-0.458191,0.9869,0.309158,0.178816,-0.029657,0.8775,0.416118,0.117996,-0.496487,0.9775,0.284509,0.149543,-0.038406,0.8919,0.40809,0.117198,-0.479788,0.9741,0.287231,0.13728,-0.054147,0.8953,0.407117,0.125518,-0.453444,0.9624,0.304153,0.150364,-0.042598,0.8948,0.615418,0.580907,-0.093431,0.9978,0.557057,0.560061,0.09442,0.9991,0.463117,0.656232,-0.163854,0.9765,0.432325,0.626879,0.104883,0.7455,0.527646,0.793108,-0.026435,0.9316,0.4976,0.7567,0.164242,0.6091,0.553508,0.818132,-0.014615,0.9371,0.503757,0.789547,0.165799,0.586,0.472302,0.830893,-0.008253,0.9012,0.448257,0.817594,0.173097,0.6255
utkatasana_tf_0046,0.442338,0.324558,-0.198066,0.999,0.444824,0.308249,-0.217031,0.9993,0.448258,0.306557,-0.216093,0.9994,0.452188,0.304733,-0.215986,0.9994,0.4389,0.309607,-0.186443,0.9993,0.438072,0.308892,-0.18705,0.9991,0.43726,0.308204,-0.186886,0.9991,0.473862,0.300575,-0.24357,0.9993,0.451786,0.306198,-0.118941,0.9992,0.455337,0.331909,-0.204166,0.9984,0.448781,0.333591,-0.167547,0.9981,0.541269,0.344495,-0.287726,0.9973,0.473026,0.355094,-0.032174,0.9964,0.481278,0.246013,-0.42754,0.9953,0.374117,0.271273,0.047554,0.6965,0.430404,0.140498,-0.441839,0.9843,0.305453,0.164006,-0.056278,0.8967,0.419988,0.113585,-0.480455,0.9727,0.28383,0.136319,-0.06479,0.9113,0.411189,0.112947,-0.461188,0.9699,0.290021,0.127658,-0.082028,0.9145,0.410898,0.121418,-0.435978,0.9584,0.304227,0.139035,-0.069713,0.9158,0.61784,0.577553,-0.094274,0.9962,0.560023,0.556346,0.095209,0.9989,0.460667,0.65315,-0.151606,0.9738,0.433692,0.623727,0.110823,0.7369,0.533397,0.791425,-0.011502,0.9219,0.494287,0.755201,0.172633,0.5865,0.561444,0.816064,0.000233,0.9293,0.506384,0.780611,0.174262,0.5601,0.472755,0.823293,0.007508,0.8893,0.454202,0.809495,0.184364,0.5943
utkatasana_tf_0047,0.441777,0.329593,-0.213479,0.9988,0.443682,0.312317,-0.234859,0.9991,0.447385,0.310197,-0.233911,0.9992,0.451125,0.308225,-0.233709,0.9992,0.437613,0.314013,-0.203393,0.999,0.436798,0.313215,-0.20401,0.9989,0.435988,0.312433,-0.203816,0.9989,0.471638,0.300649,-0.265731,0.9991,0.450877,0.306363,-0.138173,0.999,0.455633,0.335439,-0.220541,0.9983,0.448803,0.337105,-0.183146,0.9979,0.540496,0.342918,-0.30272,0.9975,0.469215,0.348968,-0.056379,0.9972,0.476999,0.244859,-0.443952,0.9953,0.371832,0.269373,0.029524,0.7177,0.430069,0.139173,-0.464035,0.9854,0.307591,0.166426,-0.062477,0.8866,0.419352,0.114237,-0.503189,0.9761,0.289059,0.134185,-0.072227,0.8999,0.410223,0.113732,-0.488381,0.9733,0.295963,0.129368,-0.088013,0.9042,0.409193,0.122146,-0.460356,0.9609,0.305442,0.138274,-0.075483,0.9047,0.617794,0.574116,-0.092872,0.9975,0.559528,0.551264,0.093732,0.9992,0.46461,0.650812,-0.139054,0.977,0.435881,0.62051,0.101467,0.7635,0.533332,0.79091,0.004727,0.9354,0.496309,0.755774,0.176756,0.6377,0.559292,0.814697,0.017434,0.935,0.501025,0.793419,0.179524,0.5874,0.476479,0.826723,0.025486,0.9028,0.454709,0.808063,0.18441,0.6233
utkatasana_tf_0048,0.44485,0.319922,-0.173333,0.9982,0.446311,0.303196,-0.193736,0.9988,0.449435,0.301354,-0.192776,0.9989,0.452739,0.299443,-0.192706,0.999,0.440717,0.305183,-0.1632,0.9986,0.439812,0.304725,-0.163808,0.9981,0.438913,0.304089,-0.163542,0.9981,0.471781,0.294566,-0.221583,0.9987,0.452195,0.300128,-0.098952,0.9985,0.458223,0.325779,-0.179409,0.9977,0.451491,0.327769,-0.143252,0.9967,0.539297,0.337059,-0.270041,0.9973,0.477032,0.347632,-0.008667,0.9965,0.470931,0.236927,-0.405645,0.9938,0.374996,0.269018,0.082487,0.6445,0.421765,0.136385,-0.418993,0.9848,0.310906,0.171859,-0.001658,0.8454,0.418707,0.113469,-0.455719,0.9756,0.292922,0.146119,-0.009476,0.8557,0.410384,0.11408,-0.440667,0.9713,0.298404,0.13583,-0.023973,0.8585,0.406449,0.122548,-0.415014,0.9602,0.310196,0.146985,-0.013728,0.8609,0.622471,0.572496,-0.093884,0.9965,0.566666,0.551961,0.094761,0.9988,0.464777,0.646037,-0.142608,0.9769,0.440818,0.616537,0.110909,0.7842,0.535787,0.78875,-0.010346,0.9383,0.511418,0.755397,0.167827,0.6562,0.56065,0.812104,0.001466,0.9359,0.51259,0.782964,0.169393,0.6244,0.474313,0.818791,0.007705,0.9115,0.456694,0.798367,0.174111,0.6632
utkatasana_tf_0049,0.444606,0.320471,-0.143467,0.9983,0.44553,0.304903,-0.166254,0.9989,0.448525,0.30312,-0.165284,0.999,0.451639,0.301267,-0.165193,0.999,0.440569,0.306631,-0.133407,0.9988,0.440001,0.306035,-0.134045,0.9985,0.439434,0.305263,-0.133764,0.9985,0.470191,0.295466,-0.206711,0.999,0.452431,0.301558,-0.072908,0.9989,0.458131,0.325277,-0.154421,0.9977,0.452443,0.327101,-0.11535,0.9972,0.540749,0.331662,-0.256932,0.9978,0.477953,0.343187,0.014163,0.9971,0.474052,0.233382,-0.385376,0.9951,0.373997,0.265909,0.120637,0.6055,0.418081,0.13232,-0.39228,0.9859,0.312603,0.160013,0.049014,0.8125,0.409989,0.115122,-0.426996,0.9763,0.295349,0.136009,0.043675,0.8298,0.408235,0.113801,-0.412072,0.9722,0.304881,0.130471,0.030558,0.8331,0.405117,0.120079,-0.387707,0.9611,0.315564,0.13839,0.03795,0.8356,0.626152,0.573043,-0.098544,0.9972,0.568728,0.552674,0.099347,0.9991,0.468063,0.645828,-0.13014,0.9772,0.440305,0.612588,0.142769,0.7708,0.535196,0.785736,0.023343,0.9275,0.512694,0.747505,0.19754,0.6205,0.562625,0.812082,0.038262,0.935,0.51965,0.776593,0.199137,0.5949,0.47218,0.815722,0.058495,0.9016,0.465598,0.79485,0.21359,0.6315
utkatasana_tf_0050,0.447793,0.314501,-0.13299,0.998,0.448465,0.299655,-0.156167,0.9985,0.451508,0.298174,-0.155219,0.9986,0.454624,0.296448,-0.155185,0.9987,0.442796,0.301315,-0.12335,0.9985,0.44186,0.301042,-0.124037,0.9985,0.441,0.300387,-0.123775,0.9986,0.471839,0.293161,-0.197476,0.9987,0.452364,0.298729,-0.064892,0.9989,0.461334,0.32033,-0.144237,0.9971,0.455094,0.32232,-0.105386,0.9969,0.541646,0.33116,-0.249529,0.9968,0.481383,0.340935,0.022238,0.9976,0.475833,0.234027,-0.381429,0.995,0.380086,0.267688,0.136279,0.6491,0.419819,0.132708,-0.395104,0.9866,0.316854,0.168516,0.074577,0.8246,0.41306,0.112382,-0.431305,0.9762,0.299137,0.145649,0.070826,0.8372,0.405725,0.1121,-0.417444,0.9718,0.308382,0.135868,0.05691,0.84,0.402013,0.120512,-0.391274,0.9645,0.319723,0.145396,0.063704,0.8434,0.629493,0.570854,-0.098043,0.9955,0.57545,0.547276,0.098881,0.9988,0.469086,0.641247,-0.122234,0.9761,0.451928,0.613365,0.140116,0.7671,0.537548,0.780953,0.007231,0.9338,0.52036,0.752179,0.187879,0.5946,0.567255,0.806797,0.019384,0.9436,0.530544,0.774777,0.188657,0.5928,0.476619,0.810957,0.035167,0.9089,0.471747,0.79022,0.200178,0.6011
utkatasana_tf_0051,0.452844,0.319037,-0.118263,0.9986,0.452801,0.304517,-0.140689,0.999,0.456025,0.302343,-0.139714,0.9991,0.459145,0.300195,-0.139714,0.9991,0.447641,0.307427,-0.10774,0.999,0.446742,0.307572,-0.108424,0.9986,0.445825,0.307444,-0.108162,0.9986,0.476798,0.296185,-0.180789,0.9991,0.457906,0.304461,-0.046828,0.9989,0.466386,0.324037,-0.129351,0.998,0.459968,0.327186,-0.090306,0.9972,0.545639,0.330881,-0.236961,0.9978,0.485175,0.347062,0.04103,0.9974,0.480532,0.233642,-0.374099,0.9941,0.386591,0.272391,0.150992,0.6097,0.423386,0.135511,-0.387646,0.9856,0.323337,0.172973,0.084038,0.8163,0.416331,0.113291,-0.422088,0.9772,0.300121,0.146315,0.081672,0.8318,0.408993,0.112454,-0.406385,0.9733,0.31028,0.139107,0.067938,0.8353,0.405894,0.121758,-0.38264,0.9611,0.323196,0.148929,0.073189,0.8387,0.633893,0.570066,-0.098722,0.996,0.576889,0.548483,0.099614,0.9988,0.476173,0.64034,-0.165122,0.9756,0.457585,0.612643,0.129197,0.7486,0.534747,0.779349,-0.021651,0.914,0.514248,0.735201,0.161178,0.5587,0.560739,0.802901,-0.008521,0.9173,0.522907,0.774085,0.160252,0.5444,0.477746,0.806936,-0.002396,0.891,0.464327,0.794619,0.1646,0.5947
utkatasana_tf_0052,0.454446,0.320268,-0.116831,0.9991,0.455313,0.304495,-0.138891,0.9994,0.458469,0.302895,-0.137977,0.9994,0.462005,0.301002,-0.137908,0.9994,0.450543,0.305492,-0.105104,0.9994,0.450323,0.304677,-0.105709,0.9992,0.450173,0.303639,-0.105425,0.9993,0.481877,0.296897,-0.185564,0.9993,0.464687,0.300129,-0.045141,0.9994,0.468698,0.32721,-0.131014,0.9984,0.463318,0.32846,-0.089975,0.9982,0.549351,0.329344,-0.237082,0.9977,0.490317,0.34335,0.035128,0.9973,0.486884,0.232525,-0.365272,0.9961,0.392395,0.272108,0.133139,0.6768,0.42957,0.137552,-0.369863,0.9839,0.333167,0.170291,0.041278,0.8541,0.421871,0.116021,-0.404594,0.971,0.313028,0.142352,0.035712,0.8675,0.413474,0.117307,-0.386898,0.9676,0.322455,0.131989,0.02083,0.8707,0.411231,0.12419,-0.363519,0.9536,0.33626,0.1419,0.029394,0.8726,0.636043,0.569018,-0.100114,0.9972,0.580794,0.550397,0.101075,0.9992,0.479742,0.641876,-0.136451,0.9805,0.459406,0.613195,0.137929,0.7554,0.543943,0.779571,0.009749,0.9259,0.504734,0.754739,0.182764,0.5809,0.570015,0.803381,0.023131,0.9332,0.528359,0.772854,0.183106,0.5598,0.487829,0.805388,0.039562,0.9028,0.471771,0.795689,0.197469,0.6144
utkatasana_tf_0053,0.45488,0.320124,-0.114777,0.9991,0.45463,0.30449,-0.13681,0.9993,0.457618,0.302868,-0.135963,0.9993,0.460686,0.301234,-0.135822,0.9993,0.449967,0.305837,-0.103219,0.9992,0.449666,0.305082,-0.103846,0.9989,0.449443,0.304274,-0.103594,0.999,0.479924,0.296829,-0.181155,0.999,0.463436,0.301643,-0.041236,0.9992,0.468981,0.32604,-0.128081,0.998,0.463886,0.327672,-0.087069,0.9971,0.546131,0.328316,-0.230777,0.9967,0.494158,0.339847,0.04288,0.9976,0.484828,0.234013,-0.3534,0.996,0.402753,0.269898,0.149053,0.6564,0.428676,0.133773,-0.350529,0.9859,0.338069,0.165482,0.06533,0.8573,0.423636,0.110945,-0.384124,0.9753,0.31388,0.140049,0.058477,0.8687,0.417298,0.112662,-0.366838,0.9716,0.326254,0.13422,0.042298,0.8718,0.414437,0.120036,-0.344424,0.9578,0.340616,0.141656,0.052566,0.8732,0.637823,0.569116,-0.100184,0.9949,0.587404,0.548555,0.101169,0.9987,0.477379,0.641022,-0.105522,0.9753,0.459763,0.611514,0.155397,0.7485,0.551521,0.775337,0.017433,0.9463,0.536385,0.746149,0.211615,0.5932,0.582358,0.80006,0.028773,0.9541,0.562224,0.775485,0.213007,0.599,0.490071,0.804584,0.04465,0.9278,0.491237,0.78446,0.228461,0.6111
utkatasana_tf_0054,0.459569,0.322271,-0.124154,0.999,0.460263,0.30684,-0.145729,0.9992,0.463423,0.304894,-0.144781,0.9992,0.46663,0.303018,-0.144651,0.9993,0.454733,0.30913,-0.112313,0.999,0.454244,0.308613,-0.112935,0.9986,0.453728,0.308189,-0.112729,0.9987,0.484877,0.297851,-0.183804,0.9989,0.467873,0.304772,-0.046681,0.9989,0.473748,0.32751,-0.134958,0.998,0.467736,0.329868,-0.094832,0.997,0.55436,0.328765,-0.232777,0.9975,0.494722,0.344249,0.034235,0.9978,0.493924,0.241308,-0.369257,0.9949,0.402734,0.272164,0.138877,0.6936,0.436725,0.144047,-0.382116,0.9846,0.331257,0.168121,0.061448,0.88,0.432364,0.118758,-0.41649,0.9746,0.311652,0.142813,0.053988,0.8862,0.425878,0.120167,-0.400652,0.971,0.321352,0.135914,0.039547,0.8889,0.422506,0.128515,-0.37712,0.9568,0.33612,0.146255,0.049686,0.8893,0.640773,0.569137,-0.097609,0.9977,0.584737,0.54893,0.09856,0.9993,0.483173,0.640731,-0.145115,0.9747,0.46283,0.612741,0.137583,0.782,0.553269,0.777353,-0.005822,0.9371,0.53498,0.746021,0.176638,0.6259,0.582931,0.799878,0.007308,0.9482,0.558666,0.773433,0.176552,0.6078,0.49391,0.805846,0.018199,0.9208,0.490415,0.786911,0.183996,0.6364
utkatasana_tf_0055,0.463418,0.321299,-0.147611,0.9991,0.463444,0.306353,-0.16831,0.9993,0.4665,0.304731,-0.167378,0.9993,0.469764,0.303033,-0.167206,0.9994,0.459281,0.307093,-0.135542,0.9991,0.459212,0.30609,-0.136149,0.9987,0.459264,0.305006,-0.13595,0.9987,0.490296,0.298369,-0.205115,0.9989,0.47346,0.30216,-0.069785,0.9988,0.478066,0.327707,-0.15839,0.998,0.472693,0.329372,-0.118592,0.9969,0.560426,0.334683,-0.254164,0.9975,0.501073,0.345471,0.01661,0.9956,0.49158,0.243542,-0.389941,0.9955,0.411761,0.272053,0.115005,0.6529,0.437926,0.145286,-0.401499,0.9868,0.340773,0.174052,0.021441,0.8585,0.430491,0.117333,-0.437365,0.9771,0.317609,0.146395,0.016263,0.876,0.42685,0.116943,-0.418665,0.9735,0.328612,0.137805,-0.000449,0.8804,0.425467,0.126627,-0.395175,0.9611,0.341593,0.146453,0.008392,0.8819,0.643716,0.570441,-0.09871,0.9976,0.592182,0.549747,0.099614,0.9988,0.48613,0.640051,-0.138522,0.9725,0.46635,0.615533,0.150104,0.7264,0.550891,0.773429,0.019262,0.9186,0.530264,0.736019,0.2032,0.5621,0.57923,0.796285,0.034266,0.9331,0.551878,0.766012,0.204382,0.5373,0.501708,0.806503,0.057916,0.8957,0.496838,0.789857,0.223188,0.5826
utkatasana_tf_0056,0.468105,0.328184,-0.165754,0.9989,0.468236,0.313075,-0.188615,0.9992,0.471414,0.31127,-0.187605,0.9993,0.474784,0.309483,-0.187537,0.9993,0.463503,0.313911,-0.1554,0.9989,0.463191,0.312801,-0.156035,0.9985,0.462996,0.311655,-0.15572,0.9984,0.494039,0.301669,-0.226631,0.999,0.477556,0.304354,-0.091171,0.9986,0.483527,0.333233,-0.175725,0.9981,0.477093,0.334778,-0.135929,0.9972,0.563218,0.338852,-0.264919,0.998,0.499646,0.346283,-0.008975,0.9961,0.493486,0.248731,-0.406377,0.9946,0.409174,0.271501,0.08906,0.6393,0.442413,0.147753,-0.430463,0.9859,0.348429,0.178895,-0.000985,0.8674,0.434665,0.12392,-0.466986,0.977,0.328961,0.152091,-0.005824,0.8861,0.42923,0.122932,-0.450395,0.9737,0.338679,0.144474,-0.021456,0.8908,0.428632,0.130835,-0.425395,0.9606,0.349348,0.152576,-0.012761,0.8894,0.64958,0.570785,-0.09551,0.998,0.593802,0.548588,0.096346,0.9992,0.493882,0.639051,-0.141662,0.9812,0.472345,0.614897,0.127367,0.7992,0.555508,0.773323,0.016685,0.932,0.534543,0.735316,0.170813,0.6562,0.58373,0.796345,0.031111,0.9444,0.548178,0.76866,0.171422,0.6149,0.502752,0.805937,0.049339,0.9085,0.487186,0.793367,0.184993,0.6666
utkatasana_tf_0057,0.469392,0.32896,-0.142618,0.9991,0.470598,0.313432,-0.16614,0.9994,0.473453,0.311606,-0.165225,0.9994,0.476375,0.309837,-0.165154,0.9994,0.465971,0.314704,-0.132941,0.9992,0.465677,0.313729,-0.133577,0.9988,0.46547,0.312723,-0.133254,0.9988,0.495018,0.303237,-0.206471,0.9992,0.479265,0.306986,-0.070783,0.999,0.483348,0.333404,-0.153148,0.9986,0.477964,0.335462,-0.113202,0.9978,0.563789,0.338782,-0.251521,0.9984,0.50429,0.347602,0.015458,0.9979,0.497337,0.249122,-0.392934,0.9945,0.415999,0.276222,0.118545,0.6329,0.442827,0.151787,-0.41538,0.9866,0.347857,0.181566,0.03773,0.8614,0.436872,0.126307,-0.451066,0.9787,0.327164,0.154507,0.032867,0.8759,0.42996,0.126434,-0.435261,0.9757,0.336371,0.14755,0.017087,0.8787,0.427371,0.134795,-0.410829,0.9631,0.347835,0.156246,0.025884,0.8784,0.647758,0.574018,-0.09544,0.9982,0.595964,0.552828,0.096296,0.9994,0.493614,0.641631,-0.118312,0.9746,0.477177,0.615938,0.149269,0.7762,0.558496,0.777246,0.030537,0.931,0.539019,0.743321,0.207116,0.6265,0.584863,0.802424,0.044579,0.9434,0.550973,0.767953,0.209769,0.6217,0.500935,0.801648,0.066298,0.9087,0.494853,0.788068,0.229537,0.6411
utkatasana_tf_0058,0.472971,0.328774,-0.151553,0.9992,0.472959,0.313912,-0.174685,0.9995,0.475508,0.312498,-0.173755,0.9995,0.478402,0.310953,-0.173678,0.9995,0.468923,0.314544,-0.141594,0.9994,0.468652,0.313453,-0.142191,0.9992,0.46853,0.312405,-0.141829,0.9992,0.496667,0.305791,-0.21456,0.9994,0.482265,0.308191,-0.079012,0.9992,0.486063,0.335063,-0.1621,0.9988,0.480984,0.336605,-0.122122,0.9984,0.566182,0.343503,-0.256322,0.9985,0.506372,0.349485,0.005563,0.9976,0.499798,0.248963,-0.395072,0.995,0.419559,0.27907,0.104691,0.6461,0.45008,0.155481,-0.41688,0.9862,0.356089,0.185704,0.019641,0.8709,0.443277,0.128364,-0.453099,0.9772,0.331651,0.158149,0.014326,0.8852,0.436244,0.128908,-0.437027,0.9737,0.340659,0.151492,-0.001806,0.8887,0.434902,0.137461,-0.412207,0.9609,0.352747,0.159821,0.007434,0.8891,0.651537,0.575825,-0.095452,0.9984,0.601311,0.554289,0.096287,0.9994,0.496681,0.64162,-0.111894,0.9784,0.480584,0.616496,0.148228,0.7891,0.559183,0.77953,0.040871,0.9394,0.537444,0.733246,0.210611,0.659,0.581002,0.802029,0.054838,0.9452,0.550326,0.765961,0.213728,0.6482,0.503491,0.802549,0.075788,0.9178,0.490911,0.790744,0.236844,0.6832
utkatasana_tf_0059,0.473597,0.333162,-0.154624,0.9993,0.474804,0.316713,-0.179552,0.9995,0.477561,0.315063,-0.178692,0.9996,0.480422,0.313462,-0.178572,0.9996,0.470787,0.317924,-0.145248,0.9995,0.470807,0.317023,-0.145896,0.9993,0.470962,0.316038,-0.145545,0.9993,0.500444,0.307643,-0.226395,0.9995,0.48693,0.30965,-0.084947,0.9995,0.487477,0.338946,-0.167587,0.9991,0.482734,0.340867,-0.125812,0.9988,0.570817,0.347536,-0.264337,0.9986,0.513069,0.34976,-0.003471,0.9982,0.501941,0.257474,-0.397335,0.9964,0.416362,0.283882,0.096284,0.7011,0.450414,0.161739,-0.413842,0.9895,0.354464,0.188999,0.006999,0.8781,0.443029,0.132832,-0.450894,0.9822,0.331284,0.158604,0.000296,0.8907,0.440383,0.131341,-0.436319,0.9796,0.339971,0.151579,-0.017082,0.8943,0.436733,0.138287,-0.409916,0.969,0.350967,0.160029,-0.005872,0.8952,0.654172,0.578643,-0.095058,0.9978,0.605922,0.556465,0.095896,0.9993,0.494365,0.642879,-0.101389,0.9743,0.481953,0.617909,0.153424,0.7391,0.561839,0.777144,0.050741,0.9273,0.545786,0.746835,0.229944,0.5895,0.590192,0.802379,0.065165,0.9401,0.552926,0.770962,0.23444,0.5983,0.506922,0.805204,0.094548,0.9017,0.502592,0.791176,0.261088,0.6138
utkatasana_tf_0060,0.475437,0.333706,-0.128642,0.9992,0.476909,0.318569,-0.150698,0.9995,0.479512,0.317024,-0.149832,0.9995,0.48226,0.315506,-0.149727,0.9996,0.473216,0.319697,-0.117404,0.9993,0.473272,0.318823,-0.118048,0.9991,0.473492,0.317872,-0.117793,0.9991,0.501983,0.311041,-0.191752,0.9993,0.488599,0.315009,-0.054584,0.9992,0.489156,0.338786,-0.14038,0.9985,0.484745,0.340655,-0.100093,0.9975,0.571527,0.346482,-0.244679,0.9982,0.514864,0.355168,0.031849,0.9967,0.503364,0.253238,-0.384638,0.9945,0.424076,0.286526,0.134665,0.5627,0.447869,0.158523,-0.393048,0.9849,0.365681,0.199473,0.051013,0.783,0.438125,0.134098,-0.426538,0.9753,0.342341,0.169995,0.04963,0.8141,0.435246,0.133389,-0.407993,0.9713,0.352764,0.163769,0.032817,0.8184,0.434542,0.141498,-0.386501,0.9581,0.363776,0.170896,0.038841,0.823,0.657122,0.578355,-0.099415,0.9975,0.60599,0.558188,0.100369,0.999,0.496891,0.646179,-0.14313,0.9707,0.478601,0.618813,0.153089,0.7039,0.567642,0.779366,-0.003655,0.9183,0.55,0.742634,0.19221,0.5255,0.597655,0.804965,0.009504,0.9346,0.571978,0.770635,0.192374,0.5244,0.514228,0.8109,0.030276,0.8987,0.511496,0.793012,0.21189,0.5648
utkatasana_tf_0061,0.474925,0.328759,-0.098448,0.9993,0.476794,0.313993,-0.121234,0.9995,0.479526,0.312885,-0.120316,0.9995,0.482683,0.311601,-0.120212,0.9996,0.473168,0.314507,-0.087588,0.9995,0.473288,0.313744,-0.088219,0.9992,0.473542,0.312811,-0.087877,0.9993,0.501915,0.308769,-0.166382,0.9995,0.488836,0.310377,-0.028253,0.9993,0.488757,0.336195,-0.111372,0.9987,0.483714,0.337311,-0.070982,0.998,0.570371,0.347918,-0.218241,0.9984,0.514955,0.354995,0.058375,0.997,0.498825,0.254458,-0.345138,0.9952,0.423594,0.289237,0.170466,0.5292,0.441226,0.154743,-0.350242,0.988,0.368438,0.200307,0.101756,0.7521,0.430746,0.135942,-0.382928,0.9801,0.349145,0.171163,0.101516,0.7818,0.434241,0.133306,-0.367354,0.9771,0.359715,0.16194,0.087389,0.786,0.434048,0.139753,-0.344942,0.9653,0.370089,0.170909,0.090987,0.7912,0.658093,0.579764,-0.098053,0.9971,0.609608,0.559712,0.098986,0.999,0.50103,0.644301,-0.128038,0.9768,0.484633,0.619753,0.154222,0.7346,0.562173,0.779042,0.01388,0.9267,0.547562,0.735909,0.194113,0.5846,0.590183,0.801648,0.027398,0.9405,0.564868,0.770178,0.194644,0.5873,0.513571,0.810541,0.048351,0.9085,0.507163,0.792515,0.213974,0.6289
utkatasana_tf_0062,0.476972,0.340909,-0.116561,0.9988,0.478651,0.324101,-0.139026,0.999,0.48157,0.322629,-0.138211,0.9991,0.484694,0.321184,-0.138082,0.9992,0.475373,0.32434,-0.106539,0.9988,0.475724,0.323047,-0.107184,0.9983,0.476234,0.321689,-0.106869,0.9983,0.505848,0.315998,-0.182422,0.9986,0.493323,0.317693,-0.047768,0.9985,0.49203,0.347065,-0.128658,0.997,0.48772,0.348321,-0.089132,0.9959,0.571285,0.352412,-0.231567,0.9982,0.523943,0.357838,0.042629,0.9941,0.498206,0.255464,-0.344016,0.9955,0.435248,0.284854,0.138633,0.4249,0.437493,0.155101,-0.327546,0.9866,0.376847,0.195951,0.04526,0.6744,0.427716,0.135185,-0.359835,0.9771,0.357133,0.16621,0.043775,0.7339,0.434211,0.131784,-0.340877,0.9737,0.370178,0.160704,0.026751,0.7408,0.431344,0.138364,-0.320306,0.9611,0.377759,0.16811,0.032814,0.7495,0.660234,0.582252,-0.099945,0.9945,0.615529,0.560709,0.10092,0.9975,0.497797,0.645933,-0.09476,0.9751,0.485232,0.622276,0.171844,0.616,0.566806,0.778508,0.038405,0.9375,0.551535,0.733784,0.241549,0.5241,0.595439,0.802596,0.051127,0.947,0.569955,0.765757,0.244233,0.5544,0.513874,0.812573,0.08175,0.9131,0.513512,0.786299,0.271206,0.5713
utkatasana_tf_0063,0.481049,0.342988,-0.12426,0.998,0.481369,0.326718,-0.147329,0.9981,0.484043,0.325275,-0.146513,0.9983,0.486988,0.323804,-0.146324,0.9984,0.478723,0.326918,-0.114708,0.9979,0.479203,0.325619,-0.115421,0.9972,0.479884,0.324255,-0.115134,0.9973,0.508563,0.318552,-0.195595,0.997,0.496624,0.320962,-0.059552,0.9972,0.495853,0.349313,-0.13848,0.9946,0.492065,0.350598,-0.098561,0.993,0.572383,0.35091,-0.24584,0.9969,0.524414,0.357817,0.027016,0.99,0.496591,0.254664,-0.359399,0.9946,0.438084,0.284632,0.120747,0.3738,0.428202,0.155257,-0.340145,0.9806,0.369703,0.188019,0.022361,0.6545,0.411855,0.135464,-0.37278,0.9638,0.352703,0.159354,0.022061,0.731,0.419297,0.131438,-0.351877,0.9606,0.360542,0.152477,0.00255,0.7418,0.419806,0.137214,-0.331737,0.9513,0.367057,0.160949,0.009064,0.7494,0.663633,0.587013,-0.102477,0.9931,0.619008,0.563549,0.103331,0.9965,0.498643,0.647258,-0.096076,0.9727,0.486432,0.62445,0.169677,0.5811,0.569395,0.784209,0.041307,0.9318,0.552331,0.740893,0.249685,0.507,0.595864,0.806243,0.054275,0.9376,0.578182,0.768903,0.252771,0.5154,0.517679,0.815548,0.088362,0.9044,0.515155,0.791713,0.279671,0.5482
utkatasana_tf_0064,0.482562,0.349437,-0.115724,0.9984,0.482812,0.334218,-0.139051,0.9988,0.485385,0.332792,-0.138274,0.9989,0.488049,0.331518,-0.138132,0.999,0.480548,0.334257,-0.105837,0.9987,0.481166,0.332853,-0.106543,0.9985,0.48197,0.331459,-0.106252,0.9985,0.508709,0.325819,-0.191229,0.9984,0.500083,0.327334,-0.052448,0.9985,0.497191,0.354816,-0.131547,0.997,0.494184,0.355887,-0.090652,0.9962,0.56949,0.357185,-0.238778,0.9974,0.536287,0.358016,0.030286,0.9921,0.499671,0.26043,-0.355304,0.9958,0.455396,0.285764,0.128612,0.3459,0.437961,0.15983,-0.343089,0.9844,0.389978,0.194071,0.027891,0.6475,0.41782,0.139347,-0.377187,0.9708,0.373523,0.16599,0.029201,0.7312,0.42246,0.1367,-0.355966,0.9686,0.384914,0.159346,0.008496,0.7419,0.425721,0.143376,-0.334676,0.9608,0.390648,0.166205,0.01433,0.7448,0.667956,0.591985,-0.100349,0.9922,0.630678,0.568668,0.101365,0.9967,0.500288,0.649962,-0.085566,0.9774,0.491246,0.629108,0.1597,0.5611,0.568601,0.788528,0.045157,0.9454,0.554608,0.74378,0.253456,0.4984,0.595186,0.811971,0.05726,0.951,0.576806,0.782786,0.257772,0.5148,0.515098,0.818788,0.091238,0.9213,0.514989,0.796442,0.284745,0.5312
utkatasana_tf_0065,0.480329,0.351173,-0.098739,0.9977,0.482758,0.33539,-0.121131,0.9981,0.485197,0.333978,-0.120306,0.9983,0.487995,0.332501,-0.120224,0.9984,0.48018,0.335521,-0.087957,0.998,0.480695,0.33418,-0.08864,0.9974,0.481365,0.332813,-0.088353,0.9974,0.509511,0.327083,-0.170239,0.9973,0.499331,0.328662,-0.031005,0.9973,0.49384,0.356014,-0.113524,0.9947,0.4903,0.357065,-0.072815,0.993,0.573802,0.356374,-0.220861,0.9962,0.531975,0.366624,0.05332,0.9877,0.507425,0.261022,-0.338229,0.994,0.454279,0.294862,0.151463,0.2938,0.443653,0.162245,-0.319791,0.9733,0.379349,0.20148,0.05026,0.5984,0.426061,0.140647,-0.350832,0.9517,0.366846,0.17262,0.051655,0.6963,0.428863,0.138078,-0.329681,0.9468,0.37266,0.167061,0.031314,0.7085,0.431053,0.144008,-0.311008,0.9446,0.378912,0.172627,0.036466,0.7169,0.670251,0.58967,-0.101642,0.9899,0.626877,0.571467,0.102562,0.9955,0.504884,0.650266,-0.097003,0.9754,0.495344,0.631096,0.16313,0.5743,0.570117,0.789882,0.034269,0.9239,0.555885,0.755305,0.232026,0.4902,0.596519,0.81304,0.046263,0.9334,0.575561,0.78883,0.233777,0.4913,0.511415,0.822458,0.079547,0.8942,0.509836,0.802289,0.256031,0.5339
utkatasana_tf_0066,0.483986,0.347542,-0.095172,0.999,0.486777,0.330725,-0.116965,0.999,0.489603,0.329533,-0.116136,0.9991,0.492589,0.328446,-0.11603,0.9991,0.484014,0.330757,-0.084363,0.999,0.48477,0.329524,-0.08507,0.9986,0.485704,0.328275,-0.084759,0.9987,0.515121,0.324412,-0.164914,0.9985,0.504011,0.325457,-0.027952,0.9987,0.498336,0.354305,-0.109799,0.9972,0.494564,0.355345,-0.069701,0.9965,0.578501,0.357021,-0.213565,0.9981,0.534348,0.368616,0.05649,0.9927,0.500971,0.261716,-0.324049,0.9953,0.450667,0.298134,0.153982,0.3917,0.447132,0.160804,-0.309475,0.9848,0.389397,0.209623,0.053484,0.6722,0.432667,0.141156,-0.342039,0.9743,0.375478,0.178693,0.053757,0.7418,0.434665,0.139267,-0.322368,0.9701,0.382926,0.170966,0.034812,0.7525,0.435496,0.146248,-0.301437,0.9561,0.38991,0.179307,0.039982,0.7585,0.673993,0.594131,-0.102405,0.9923,0.630461,0.575944,0.103341,0.996,0.505181,0.654158,-0.096285,0.9813,0.494361,0.63377,0.163515,0.5982,0.571217,0.792566,0.032501,0.9421,0.555851,0.753749,0.235075,0.517,0.597311,0.817099,0.044148,0.9453,0.576207,0.792547,0.237005,0.5193,0.511426,0.822473,0.075198,0.9151,0.508199,0.804518,0.261172,0.5637
utkatasana_tf_0067,0.487538,0.350667,-0.107971,0.9992,0.489878,0.335385,-0.13031,0.9992,0.492758,0.334243,-0.129496,0.9993,0.495765,0.333238,-0.129342,0.9993,0.486678,0.335228,-0.097126,0.9992,0.487219,0.33389,-0.09781,0.9989,0.487902,0.332655,-0.097548,0.9989,0.517105,0.329233,-0.178334,0.9988,0.504753,0.33013,-0.039353,0.9989,0.501547,0.357144,-0.122462,0.9978,0.497224,0.357822,-0.081618,0.9971,0.580453,0.36025,-0.22647,0.9981,0.533018,0.369583,0.0438,0.9944,0.506598,0.270124,-0.34396,0.9958,0.451489,0.300388,0.137831,0.4765,0.457237,0.170943,-0.333381,0.987,0.395184,0.210496,0.031597,0.7593,0.444168,0.146265,-0.366416,0.9776,0.383439,0.182478,0.030582,0.8106,0.443529,0.144541,-0.346063,0.974,0.392298,0.174923,0.011382,0.8183,0.445118,0.151434,-0.325259,0.9616,0.397831,0.18295,0.01806,0.8219,0.672122,0.595435,-0.101651,0.9931,0.627594,0.576044,0.102576,0.9967,0.50359,0.656359,-0.096685,0.9776,0.495489,0.636253,0.166287,0.5818,0.570293,0.792344,0.03531,0.9361,0.557462,0.751786,0.244406,0.4993,0.596901,0.816276,0.047435,0.945,0.576631,0.787289,0.247315,0.5154,0.521248,0.824691,0.080484,0.9084,0.515747,0.807546,0.273807,0.5451
utkatasana_tf_0068,0.486252,0.342304,-0.101159,0.9992,0.490487,0.326338,-0.119798,0.9993,0.493608,0.325347,-0.118927,0.9993,0.496932,0.324463,-0.118826,0.9994,0.486726,0.326707,-0.087993,0.9993,0.487119,0.325822,-0.088649,0.999,0.48768,0.324894,-0.088361,0.9991,0.519178,0.322708,-0.153849,0.9989,0.505855,0.324076,-0.021323,0.999,0.500269,0.350679,-0.111073,0.9974,0.495111,0.351738,-0.072318,0.9964,0.583069,0.35886,-0.205689,0.9974,0.528451,0.370828,0.068708,0.9932,0.506576,0.266781,-0.322743,0.9948,0.44181,0.305169,0.163276,0.4899,0.45662,0.171051,-0.31181,0.9846,0.390034,0.215588,0.065952,0.7317,0.445523,0.145732,-0.344173,0.9729,0.37909,0.18787,0.063132,0.7725,0.443826,0.144335,-0.325351,0.9684,0.385346,0.182814,0.046362,0.7792,0.444737,0.151434,-0.304657,0.9552,0.391332,0.189082,0.052775,0.7877,0.673899,0.593552,-0.102234,0.9894,0.625535,0.575489,0.103275,0.9959,0.507903,0.655947,-0.116805,0.9771,0.494243,0.633918,0.154312,0.6696,0.57347,0.798994,-0.000116,0.9351,0.555509,0.757942,0.202119,0.5393,0.600211,0.821637,0.009778,0.9396,0.574364,0.794538,0.202434,0.5462,0.52133,0.825552,0.026389,0.9095,0.513991,0.808822,0.220882,0.5888
utkatasana_tf_0069,0.48908,0.351599,-0.0719,0.9987,0.491107,0.334618,-0.093137,0.9987,0.493704,0.333123,-0.092405,0.9988,0.496451,0.331735,-0.092362,0.999,0.488059,0.334826,-0.060053,0.9987,0.488404,0.333368,-0.060727,0.9981,0.488892,0.33193,-0.060502,0.9983,0.518208,0.326691,-0.138156,0.9982,0.504981,0.328853,0.000348,0.9982,0.503618,0.357321,-0.085402,0.9962,0.49937,0.358571,-0.044801,0.9949,0.580177,0.35759,-0.19516,0.9967,0.531479,0.368334,0.087416,0.9916,0.507005,0.264861,-0.314584,0.9946,0.449785,0.306365,0.187394,0.354,0.449616,0.167329,-0.296402,0.982,0.392745,0.223857,0.092643,0.5953,0.438598,0.143792,-0.325672,0.9697,0.379318,0.202321,0.095663,0.6708,0.437905,0.140707,-0.305387,0.9656,0.387053,0.194451,0.076685,0.6816,0.438514,0.147463,-0.287971,0.95,0.393119,0.19849,0.079241,0.6962,0.670368,0.593013,-0.101632,0.9869,0.627008,0.576134,0.1027,0.9944,0.504149,0.657131,-0.104662,0.9664,0.495494,0.636742,0.15354,0.5156,0.572662,0.801059,0.001024,0.9259,0.556606,0.761991,0.225614,0.4272,0.597506,0.823789,0.01031,0.9375,0.578061,0.803247,0.228013,0.4819,0.521953,0.831327,0.0312,0.9,0.514908,0.814894,0.245452,0.4807
utkatasana_tf_0070,0.49198,0.345816,-0.070036,0.9986,0.493135,0.328351,-0.09204,0.9987,0.49551,0.326813,-0.091297,0.9988,0.49806,0.325334,-0.091269,0.9989,0.490569,0.328134,-0.059014,0.9986,0.490969,0.326419,-0.059715,0.998,0.49152,0.324692,-0.059427,0.9982,0.519509,0.319196,-0.140341,0.9982,0.507719,0.320436,-0.001587,0.9982,0.506327,0.351852,-0.084445,0.9963,0.502355,0.352416,-0.043766,0.9951,0.582902,0.352463,-0.195164,0.9971,0.533995,0.365354,0.084605,0.9925,0.506642,0.261705,-0.310644,0.995,0.444179,0.297851,0.184981,0.3427,0.447848,0.164431,-0.291798,0.9839,0.391372,0.216653,0.092201,0.6037,0.439095,0.141648,-0.321045,0.9724,0.37938,0.193262,0.095078,0.6795,0.439437,0.139139,-0.30077,0.9692,0.386377,0.181322,0.076292,0.6896,0.440237,0.146155,-0.283284,0.9546,0.392884,0.189999,0.079116,0.7041,0.670386,0.591899,-0.102048,0.9894,0.626134,0.575469,0.103059,0.9952,0.505612,0.666565,-0.093713,0.9704,0.494395,0.641109,0.161132,0.5313,0.57519,0.802869,0.020734,0.9316,0.561624,0.770588,0.241677,0.4478,0.601687,0.826857,0.031056,0.9391,0.579775,0.801787,0.245312,0.5071,0.522013,0.833192,0.053983,0.9024,0.51569,0.818159,0.26328,0.4944
utkatasana_tf_0071,0.49073,0.338553,-0.063214,0.9994,0.490406,0.320691,-0.085876,0.9995,0.492681,0.318893,-0.085115,0.9995,0.49516,0.317101,-0.085058,0.9995,0.487924,0.320745,-0.051548,0.9995,0.488301,0.318947,-0.052225,0.9993,0.488769,0.317087,-0.051981,0.9994,0.517478,0.310256,-0.137648,0.9994,0.50593,0.312455,0.006473,0.9994,0.505413,0.344756,-0.079231,0.9986,0.501744,0.345751,-0.0371,0.9981,0.583761,0.348538,-0.193343,0.9979,0.537849,0.365514,0.089401,0.9962,0.507074,0.257563,-0.311904,0.9965,0.44915,0.296673,0.198247,0.4136,0.45091,0.163575,-0.296293,0.9889,0.391111,0.211265,0.119607,0.6659,0.441931,0.141064,-0.326733,0.9797,0.381137,0.187245,0.121582,0.7138,0.442129,0.13941,-0.308525,0.9768,0.387107,0.180688,0.104941,0.7205,0.442555,0.146581,-0.289386,0.9656,0.393135,0.186183,0.107188,0.7375,0.666227,0.590108,-0.101577,0.9926,0.621836,0.574664,0.102707,0.9968,0.501794,0.669953,-0.097014,0.9725,0.495651,0.649344,0.160096,0.5579,0.576811,0.809145,0.013343,0.9469,0.565295,0.783213,0.246377,0.4518,0.601031,0.831807,0.023805,0.9537,0.584257,0.815664,0.251068,0.5168,0.516252,0.838828,0.037981,0.9261,0.504888,0.828783,0.26392,0.4996
utkatasana_tf_0072,0.494836,0.3343,-0.05501,0.9993,0.495524,0.31731,-0.078486,0.9995,0.497851,0.315509,-0.077732,0.9995,0.500275,0.313818,-0.077682,0.9995,0.492649,0.317858,-0.043838,0.9994,0.492928,0.316332,-0.044575,0.9991,0.493279,0.314833,-0.04424,0.9993,0.520576,0.30701,-0.132975,0.9994,0.510651,0.309492,0.012997,0.9994,0.509483,0.340182,-0.071703,0.9985,0.505609,0.341314,-0.029215,0.9981,0.585634,0.344018,-0.189329,0.9983,0.540919,0.361343,0.094733,0.9971,0.505453,0.254915,-0.305036,0.9973,0.451095,0.295744,0.209992,0.4191,0.451467,0.157062,-0.284733,0.9904,0.396923,0.20947,0.137411,0.6613,0.441533,0.134333,-0.313754,0.9827,0.385187,0.1865,0.138467,0.7057,0.442838,0.1328,-0.295204,0.9802,0.398227,0.177206,0.122796,0.7128,0.442864,0.139439,-0.277445,0.9697,0.403385,0.182811,0.125364,0.7302,0.66371,0.587909,-0.103854,0.9947,0.620643,0.575133,0.104955,0.9976,0.502261,0.674537,-0.088912,0.9784,0.494601,0.658079,0.157398,0.5786,0.57549,0.809266,0.025906,0.9572,0.567303,0.788207,0.251044,0.4823,0.599544,0.833037,0.037678,0.961,0.586761,0.820877,0.257005,0.5434,0.515734,0.846026,0.05422,0.9377,0.504365,0.837028,0.26704,0.513
utkatasana_tf_0073,0.499853,0.319262,-0.030401,0.9996,0.505192,0.304056,-0.050972,0.9996,0.507863,0.303186,-0.050087,0.9996,0.510677,0.302298,-0.050011,0.9996,0.503066,0.304097,-0.016811,0.9997,0.504074,0.30335,-0.017464,0.9996,0.505134,0.30252,-0.017286,0.9997,0.534294,0.300132,-0.098385,0.9994,0.523595,0.302054,0.042655,0.9997,0.510946,0.327994,-0.045241,0.9989,0.508093,0.32832,-0.004592,0.999,0.59269,0.343275,-0.17233,0.998,0.540157,0.356967,0.124461,0.9989,0.520558,0.25598,-0.301176,0.9976,0.456982,0.286002,0.239638,0.6554,0.467401,0.158249,-0.298161,0.9922,0.404155,0.198356,0.178919,0.8359,0.456894,0.132751,-0.327978,0.985,0.39074,0.173351,0.173155,0.8261,0.457498,0.129994,-0.313433,0.9828,0.399075,0.166622,0.162654,0.8272,0.458182,0.138424,-0.293437,0.9741,0.406548,0.172649,0.168266,0.8386,0.657558,0.586082,-0.104532,0.9974,0.614565,0.573664,0.10562,0.9992,0.502813,0.678012,-0.099421,0.9686,0.493633,0.661535,0.139203,0.6179,0.577361,0.82209,0.007422,0.9458,0.569527,0.801601,0.215121,0.465,0.606929,0.844363,0.018465,0.9598,0.590557,0.827297,0.219257,0.5491,0.515116,0.847937,0.020739,0.9253,0.513517,0.838574,0.216726,0.4908
utkatasana_tf_0074,0.502589,0.314685,-0.035844,0.9995,0.508311,0.29929,-0.057434,0.9995,0.511108,0.298312,-0.056584,0.9995,0.513973,0.297319,-0.056473,0.9995,0.505843,0.299464,-0.022864,0.9996,0.506846,0.298662,-0.023525,0.9995,0.507882,0.297762,-0.023413,0.9996,0.538903,0.29482,-0.108456,0.9993,0.528356,0.297249,0.034234,0.9996,0.514428,0.323752,-0.052117,0.9988,0.511325,0.32434,-0.01072,0.9985,0.595442,0.336636,-0.178812,0.9972,0.545258,0.352275,0.110307,0.9984,0.526173,0.255361,-0.309889,0.9967,0.460749,0.285678,0.222418,0.5948,0.470534,0.160168,-0.309818,0.989,0.407805,0.195913,0.159765,0.798,0.453372,0.13446,-0.339311,0.9802,0.390576,0.167715,0.15606,0.7992,0.454805,0.132159,-0.325374,0.9776,0.397296,0.160029,0.143178,0.8028,0.457748,0.14019,-0.305089,0.9667,0.406426,0.170661,0.148687,0.8142,0.657127,0.588224,-0.102661,0.9969,0.610261,0.574651,0.103761,0.999,0.501466,0.68404,-0.111819,0.9605,0.490652,0.666714,0.139571,0.6119,0.582885,0.817374,-0.005062,0.9347,0.571415,0.790152,0.209248,0.4376,0.609342,0.8462,0.006305,0.957,0.59435,0.821766,0.212524,0.514,0.521388,0.847762,0.015621,0.9172,0.52162,0.835737,0.212575,0.4631
utkatasana_tf_0075,0.506998,0.307959,-0.040496,0.9993,0.513495,0.292194,-0.062245,0.9994,0.516484,0.291066,-0.061393,0.9993,0.519563,0.289803,-0.061316,0.9993,0.510662,0.29271,-0.027779,0.9995,0.511417,0.292149,-0.0284,0.9993,0.51222,0.291415,-0.028324,0.9994,0.543022,0.288473,-0.112218,0.999,0.53036,0.290574,0.029698,0.9996,0.518729,0.316671,-0.056183,0.9984,0.514776,0.317587,-0.015053,0.998,0.600089,0.335102,-0.181912,0.9967,0.544443,0.34502,0.107623,0.9984,0.531098,0.250113,-0.308688,0.9965,0.461246,0.274877,0.220626,0.6174,0.476143,0.153561,-0.306319,0.9891,0.409486,0.185242,0.161988,0.827,0.462539,0.127748,-0.335012,0.9807,0.392505,0.157101,0.157131,0.8233,0.463079,0.124929,-0.322818,0.9781,0.400697,0.151899,0.144933,0.8253,0.464635,0.133468,-0.302299,0.9682,0.408663,0.159185,0.151069,0.8358,0.652764,0.586501,-0.100564,0.9969,0.603575,0.570729,0.101705,0.9991,0.503345,0.689159,-0.111289,0.9531,0.485515,0.670616,0.138432,0.6137,0.581907,0.823337,-0.006469,0.9131,0.569137,0.796433,0.20461,0.4185,0.605282,0.848137,0.004478,0.9438,0.589742,0.825576,0.207401,0.4992,0.518554,0.852582,0.010552,0.894,0.515486,0.841706,0.204454,0.4437
utkatasana_tf_0076,0.509744,0.30017,-0.039551,0.9992,0.51506,0.284201,-0.060883,0.9992,0.517427,0.283152,-0.060123,0.9991,0.519913,0.282191,-0.060017,0.9991,0.513245,0.284501,-0.027063,0.9992,0.514132,0.283656,-0.027716,0.9988,0.51513,0.2828,-0.02762,0.9991,0.543377,0.280838,-0.111865,0.9987,0.533159,0.283213,0.028477,0.9994,0.52071,0.307871,-0.055465,0.9973,0.517508,0.308426,-0.014635,0.9967,0.602331,0.326424,-0.183053,0.9959,0.54503,0.341144,0.105259,0.9983,0.536686,0.238907,-0.303079,0.9973,0.463067,0.267563,0.215032,0.6451,0.48295,0.143875,-0.298535,0.9886,0.413255,0.172534,0.157378,0.814,0.470347,0.117319,-0.327637,0.9789,0.398891,0.148013,0.152928,0.8006,0.473492,0.115515,-0.313564,0.9761,0.407537,0.143697,0.141821,0.8013,0.47415,0.124513,-0.293637,0.9659,0.415034,0.151211,0.147076,0.816,0.646939,0.583385,-0.10118,0.9978,0.600703,0.570194,0.102296,0.9993,0.500776,0.691324,-0.089411,0.9615,0.483717,0.673656,0.142263,0.6038,0.579234,0.823494,0.030335,0.9117,0.566953,0.798356,0.230116,0.386,0.604813,0.850295,0.043621,0.9372,0.590716,0.826275,0.235298,0.4706,0.516842,0.855462,0.055385,0.8926,0.515869,0.842737,0.234331,0.4158
utkatasana_tf_0077,0.511521,0.294375,-0.036756,0.999,0.51915,0.277599,-0.056394,0.9991,0.522052,0.276373,-0.055679,0.9991,0.525082,0.275339,-0.055562,0.999,0.516592,0.278009,-0.022816,0.999,0.517483,0.276935,-0.023519,0.9985,0.518482,0.275851,-0.023531,0.9989,0.54919,0.273373,-0.10284,0.9985,0.537288,0.275623,0.036654,0.9991,0.522742,0.301737,-0.051698,0.9963,0.518728,0.302139,-0.010998,0.9955,0.603654,0.322227,-0.1775,0.9934,0.549915,0.336712,0.113259,0.9968,0.539204,0.234496,-0.312278,0.9964,0.466524,0.25957,0.220385,0.6029,0.49368,0.14118,-0.31942,0.9865,0.415593,0.168668,0.161706,0.7813,0.48593,0.113628,-0.348807,0.9756,0.404223,0.144887,0.162197,0.7753,0.486019,0.111996,-0.332601,0.9722,0.414454,0.138693,0.148397,0.7785,0.485355,0.120381,-0.313644,0.9612,0.420694,0.147507,0.150741,0.7965,0.640033,0.584269,-0.099715,0.9968,0.596563,0.572867,0.100787,0.9989,0.497909,0.695036,-0.09576,0.9372,0.47771,0.675675,0.129685,0.521,0.575526,0.832917,0.015881,0.8655,0.562644,0.804537,0.220862,0.2861,0.60681,0.8581,0.027878,0.9165,0.584845,0.832308,0.226275,0.3833,0.515699,0.862885,0.036635,0.8445,0.508125,0.853583,0.222401,0.3091
utkatasana_tf_0078,0.51563,0.284236,-0.033651,0.9994,0.525153,0.268121,-0.053362,0.9994,0.528124,0.267261,-0.05271,0.9994,0.531251,0.266588,-0.052588,0.9993,0.52301,0.267577,-0.020559,0.9994,0.524199,0.266274,-0.021295,0.9991,0.52546,0.26511,-0.021199,0.9993,0.555526,0.267114,-0.099962,0.9991,0.542726,0.26837,0.036255,0.9995,0.525978,0.293213,-0.048518,0.9976,0.522908,0.293306,-0.008579,0.997,0.606629,0.317602,-0.174307,0.995,0.551824,0.333221,0.114975,0.9979,0.548679,0.230251,-0.304346,0.9971,0.467603,0.255119,0.225769,0.6947,0.499331,0.132774,-0.317713,0.9884,0.421953,0.162626,0.176641,0.8316,0.490804,0.1022,-0.345726,0.9791,0.411073,0.139568,0.178238,0.8102,0.492804,0.100428,-0.332487,0.9764,0.420329,0.135611,0.167789,0.8115,0.492514,0.112674,-0.312708,0.9673,0.426329,0.143216,0.167561,0.8255,0.635458,0.579266,-0.097706,0.9972,0.594648,0.570471,0.098656,0.9991,0.499145,0.697065,-0.085498,0.9617,0.482511,0.682628,0.133251,0.6139,0.579772,0.826523,0.026609,0.9117,0.565127,0.804761,0.228061,0.3878,0.608212,0.854818,0.038641,0.9348,0.585984,0.835806,0.233734,0.4779,0.519336,0.863649,0.043448,0.8972,0.511777,0.850819,0.226652,0.4196
utkatasana_tf_0079,0.520653,0.283974,-0.029284,0.9995,0.528792,0.266695,-0.048199,0.9996,0.531425,0.265822,-0.047573,0.9996,0.534157,0.265254,-0.047479,0.9996,0.527315,0.26612,-0.015672,0.9996,0.528588,0.264607,-0.01641,0.9994,0.529829,0.263428,-0.016296,0.9995,0.558608,0.267006,-0.095024,0.9994,0.546718,0.268628,0.04069,0.9996,0.529654,0.29441,-0.044358,0.9981,0.526878,0.294311,-0.004398,0.9977,0.606919,0.314304,-0.172751,0.9957,0.561858,0.331281,0.119775,0.9976,0.550811,0.224861,-0.308145,0.9972,0.47977,0.252072,0.224747,0.6449,0.505155,0.123724,-0.325499,0.9905,0.426379,0.160626,0.167073,0.8143,0.498447,0.090463,-0.35359,0.9828,0.417616,0.13829,0.172789,0.8069,0.499013,0.087952,-0.336964,0.9805,0.428252,0.133179,0.159847,0.8089,0.499067,0.101615,-0.318882,0.9725,0.433755,0.138712,0.157222,0.8218,0.630296,0.578359,-0.098661,0.9973,0.595441,0.571204,0.099733,0.999,0.501117,0.696839,-0.088366,0.9679,0.487844,0.683625,0.127785,0.5906,0.583129,0.826314,0.014414,0.9298,0.564273,0.80867,0.224707,0.3857,0.611483,0.853111,0.025277,0.9559,0.588688,0.839961,0.230307,0.4887,0.524683,0.862925,0.027672,0.9222,0.514378,0.856827,0.21799,0.4285
utkatasana_tf_0080,0.526968,0.277377,-0.026876,0.999,0.536522,0.261172,-0.045783,0.9992,0.539396,0.260323,-0.045165,0.9992,0.542878,0.259594,-0.045023,0.9992,0.534878,0.260812,-0.013935,0.999,0.53608,0.259658,-0.014652,0.9985,0.537261,0.258665,-0.014562,0.9988,0.565718,0.261742,-0.090532,0.9988,0.551821,0.263537,0.041985,0.9992,0.535145,0.28739,-0.041015,0.996,0.531716,0.288179,-0.002089,0.995,0.607758,0.308218,-0.169585,0.9955,0.558497,0.328152,0.12197,0.9972,0.549565,0.216102,-0.286273,0.9972,0.479255,0.249763,0.214166,0.652,0.507462,0.11557,-0.284347,0.9894,0.431155,0.151302,0.1449,0.7971,0.497372,0.082263,-0.311319,0.9798,0.426216,0.129424,0.144617,0.7713,0.502686,0.080227,-0.295028,0.977,0.436284,0.124972,0.133813,0.7718,0.501653,0.09139,-0.277899,0.9685,0.440511,0.132218,0.134737,0.7905,0.628081,0.574529,-0.096999,0.9967,0.586884,0.567263,0.098004,0.9985,0.506872,0.70083,-0.090406,0.9516,0.486552,0.684636,0.111738,0.5705,0.58259,0.838153,0.006699,0.8957,0.556074,0.813757,0.203014,0.3506,0.614639,0.861958,0.01661,0.9222,0.577847,0.842601,0.20828,0.466,0.527779,0.872228,0.006382,0.8826,0.508988,0.86319,0.191145,0.3923
utkatasana_tf_0081,0.527304,0.271647,-0.022411,0.9991,0.537283,0.256315,-0.041568,0.9993,0.540079,0.255623,-0.040953,0.9992,0.543409,0.255092,-0.040878,0.9992,0.534794,0.255415,-0.009359,0.9991,0.535646,0.253984,-0.01009,0.9988,0.536387,0.252796,-0.009986,0.999,0.564206,0.257501,-0.086895,0.9989,0.551376,0.25726,0.047038,0.9993,0.535489,0.280912,-0.036562,0.9966,0.531574,0.280563,0.002783,0.9959,0.604751,0.304261,-0.166011,0.9953,0.559156,0.31792,0.126534,0.9973,0.551894,0.20648,-0.2983,0.9971,0.482527,0.237195,0.22805,0.6246,0.515628,0.104574,-0.316073,0.9895,0.440108,0.144077,0.170437,0.8105,0.507084,0.073051,-0.342905,0.9808,0.433021,0.122,0.173434,0.7949,0.510325,0.070739,-0.328221,0.9781,0.441402,0.11678,0.161863,0.7959,0.510858,0.080774,-0.310339,0.9703,0.446849,0.123902,0.161196,0.8112,0.621359,0.571992,-0.096354,0.9967,0.583788,0.562917,0.097408,0.9985,0.501537,0.703185,-0.083718,0.9579,0.488,0.68957,0.119248,0.5708,0.579706,0.838197,0.010913,0.9008,0.56052,0.820567,0.206622,0.3403,0.612588,0.863245,0.020189,0.9318,0.583143,0.851246,0.211343,0.4577,0.52773,0.878123,0.007256,0.8864,0.511817,0.865411,0.187917,0.3898
utkatasana_tf_0082,0.52706,0.27038,-0.018531,0.9991,0.53594,0.254018,-0.037985,0.9993,0.538706,0.25298,-0.037368,0.9992,0.541757,0.25214,-0.0373,0.9992,0.533845,0.253438,-0.004843,0.9992,0.535014,0.251886,-0.005562,0.9988,0.535988,0.250551,-0.0055,0.999,0.564717,0.252478,-0.084732,0.9989,0.55332,0.253241,0.053517,0.9992,0.537965,0.28027,-0.033249,0.9967,0.534547,0.280289,0.007309,0.9959,0.607327,0.300611,-0.162882,0.9951,0.567069,0.317123,0.133078,0.9962,0.556951,0.197359,-0.295996,0.9969,0.488298,0.233538,0.23324,0.4843,0.52226,0.090317,-0.315413,0.9891,0.44837,0.140108,0.171919,0.7065,0.512057,0.062942,-0.343487,0.9801,0.438854,0.123215,0.174716,0.7027,0.518423,0.061004,-0.327509,0.9773,0.45011,0.118403,0.161752,0.7062,0.51836,0.069913,-0.309217,0.9682,0.456308,0.121283,0.161598,0.7272,0.616865,0.570335,-0.096554,0.9963,0.587028,0.563505,0.09766,0.9978,0.505181,0.711342,-0.077067,0.9552,0.488416,0.69315,0.123191,0.5364,0.582816,0.841531,0.018003,0.9013,0.562148,0.821204,0.214613,0.314,0.610855,0.867608,0.026888,0.9308,0.584049,0.849267,0.21956,0.4366,0.521418,0.887549,0.004723,0.887,0.511738,0.873724,0.190065,0.369
utkatasana_tf_0083,0.528386,0.273091,-0.025076,0.9992,0.537639,0.256821,-0.044101,0.9994,0.541079,0.25609,-0.043505,0.9994,0.544682,0.255564,-0.043468,0.9993,0.534471,0.255931,-0.010874,0.9993,0.535524,0.254472,-0.011571,0.999,0.536604,0.253177,-0.011593,0.9991,0.568186,0.257781,-0.09112,0.9991,0.553885,0.258063,0.047793,0.9993,0.539972,0.2842,-0.040076,0.9969,0.535128,0.283584,0.000767,0.996,0.612134,0.309534,-0.170156,0.9954,0.564693,0.323185,0.125729,0.9948,0.563007,0.199067,-0.30388,0.9974,0.493535,0.233658,0.216512,0.4025,0.530573,0.084181,-0.31704,0.9902,0.451471,0.135926,0.136311,0.6303,0.523374,0.052814,-0.345915,0.9815,0.442003,0.119099,0.138317,0.6482,0.525633,0.050898,-0.326638,0.9784,0.45603,0.113378,0.122597,0.6519,0.525332,0.061278,-0.309543,0.9701,0.463125,0.117321,0.12426,0.6809,0.61513,0.56892,-0.095867,0.9964,0.577396,0.562926,0.097038,0.9977,0.511774,0.713704,-0.082244,0.9524,0.489618,0.697112,0.105177,0.4876,0.579009,0.849369,0.001448,0.8995,0.556515,0.827212,0.202339,0.2759,0.610051,0.872484,0.008374,0.9309,0.577789,0.856949,0.207442,0.4061,0.522514,0.88966,-0.01852,0.8802,0.508934,0.882427,0.175798,0.3208
utkatasana_tf_0084,0.529388,0.263955,-0.031367,0.9992,0.539334,0.249392,-0.050205,0.9993,0.54315,0.248834,-0.049566,0.9993,0.547053,0.248538,-0.049531,0.9993,0.535351,0.248721,-0.017074,0.9993,0.536192,0.247584,-0.01775,0.999,0.537067,0.246672,-0.017746,0.9992,0.570627,0.252218,-0.094793,0.999,0.554435,0.252518,0.04363,0.9994,0.54171,0.275787,-0.045444,0.9973,0.53623,0.274807,-0.004839,0.9966,0.613646,0.306104,-0.172233,0.995,0.56169,0.32229,0.125641,0.9951,0.565688,0.192897,-0.309497,0.9976,0.494733,0.234046,0.235129,0.4391,0.535288,0.08095,-0.331988,0.9907,0.458169,0.135174,0.179928,0.6519,0.529424,0.050961,-0.362701,0.9822,0.445797,0.121302,0.181585,0.6538,0.532684,0.049582,-0.34522,0.9793,0.460661,0.117297,0.167848,0.6549,0.531405,0.060563,-0.325718,0.9708,0.468083,0.119903,0.168836,0.685,0.610129,0.568897,-0.095271,0.9963,0.570098,0.561777,0.096423,0.9975,0.516688,0.719999,-0.071837,0.9555,0.486955,0.697043,0.108372,0.5467,0.579449,0.85441,0.011911,0.9125,0.553949,0.825958,0.212589,0.319,0.607193,0.876433,0.018206,0.9313,0.572419,0.853815,0.218754,0.4596,0.518179,0.888627,-0.021373,0.8914,0.504383,0.879948,0.184125,0.3781
utkatasana_tf_0085,0.53966,0.304518,-0.227028,0.9971,0.537926,0.287464,-0.213928,0.9972,0.538556,0.286655,-0.213197,0.9966,0.539401,0.285908,-0.213105,0.9971,0.530133,0.287591,-0.238711,0.9974,0.52522,0.287061,-0.239483,0.9974,0.520181,0.286806,-0.239045,0.9974,0.523385,0.289737,-0.121207,0.9967,0.496167,0.294389,-0.243789,0.9968,0.536214,0.317392,-0.190712,0.997,0.527444,0.317636,-0.224471,0.9966,0.525612,0.346478,-0.026776,0.9954,0.461558,0.362374,-0.302856,0.9971,0.565361,0.245866,0.029868,0.6901,0.477645,0.25371,-0.466248,0.9915,0.590995,0.146689,-0.018453,0.8897,0.488446,0.126721,-0.556192,0.9837,0.600374,0.122488,-0.032775,0.8586,0.482216,0.099344,-0.599003,0.9769,0.596004,0.118799,-0.043112,0.8544,0.485322,0.09629,-0.576483,0.9735,0.589791,0.126181,-0.02854,0.8526,0.489626,0.103547,-0.552502,0.9794,0.510624,0.578456,0.100117,0.9979,0.462597,0.595978,-0.098671,0.9975,0.565828,0.725838,0.161741,0.4517,0.552786,0.745699,-0.08627,0.9401,0.519747,0.84771,0.281478,0.5316,0.502821,0.858231,0.038612,0.9115,0.49528,0.86747,0.287163,0.6119,0.483985,0.879856,0.047377,0.8756,0.548091,0.895017,0.254659,0.5799,0.540097,0.9106,-0.008261,0.8593
utkatasana_tf_0086,0.557054,0.331533,-0.201194,0.9953,0.554373,0.316421,-0.188346,0.9948,0.554328,0.315205,-0.187591,0.995,0.554205,0.314008,-0.187405,0.9946,0.548561,0.316951,-0.215128,0.9954,0.544214,0.316086,-0.215935,0.9954,0.539743,0.315428,-0.215481,0.9954,0.5354,0.316361,-0.097934,0.9949,0.516424,0.319929,-0.230048,0.9943,0.552273,0.342599,-0.165687,0.9952,0.54515,0.34419,-0.202208,0.9949,0.532092,0.369149,-0.000528,0.995,0.480786,0.381862,-0.294799,0.9966,0.58902,0.284503,0.06208,0.6481,0.500212,0.276202,-0.452149,0.9902,0.611688,0.186867,0.013864,0.8639,0.517071,0.155338,-0.532962,0.9825,0.618055,0.154007,0.002287,0.8371,0.513444,0.127402,-0.577511,0.9749,0.612718,0.149517,-0.009978,0.8336,0.517114,0.122793,-0.552308,0.9723,0.607537,0.160028,0.003946,0.8251,0.52056,0.132385,-0.527839,0.9787,0.498152,0.601243,0.107641,0.9967,0.466369,0.622448,-0.106117,0.9957,0.578333,0.729661,0.181458,0.4663,0.585183,0.752088,-0.098802,0.9602,0.520092,0.845057,0.286608,0.4963,0.511271,0.868304,0.049006,0.8674,0.495931,0.86376,0.291888,0.5825,0.48376,0.889093,0.062756,0.8161,0.55914,0.898769,0.286532,0.5113,0.559933,0.920198,0.05563,0.7795
utkatasana_tf_0087,0.561346,0.347748,-0.214437,0.9929,0.562538,0.332409,-0.199678,0.9924,0.56359,0.331744,-0.198819,0.9926,0.564607,0.331154,-0.198675,0.992,0.553344,0.330719,-0.22481,0.9935,0.547793,0.328923,-0.225648,0.9936,0.542232,0.327521,-0.225259,0.9937,0.547182,0.330335,-0.102729,0.9926,0.515074,0.329882,-0.229108,0.9927,0.55739,0.358002,-0.176754,0.992,0.548264,0.358283,-0.211542,0.9923,0.539371,0.378775,-0.006425,0.9924,0.478299,0.388592,-0.296381,0.9957,0.599471,0.296573,0.04961,0.6794,0.503667,0.277026,-0.464107,0.99,0.618225,0.185569,0.013585,0.8271,0.523529,0.155036,-0.531899,0.9634,0.624922,0.156115,0.007227,0.7845,0.51822,0.126468,-0.569786,0.9452,0.620115,0.153162,-0.001733,0.7786,0.520867,0.121705,-0.540953,0.9387,0.615215,0.162013,0.005198,0.7783,0.525284,0.131863,-0.524643,0.9515,0.504303,0.603103,0.109261,0.9926,0.457492,0.626832,-0.107727,0.9929,0.59411,0.729005,0.163186,0.4062,0.587407,0.75251,-0.111748,0.9407,0.526709,0.82905,0.269588,0.4096,0.513419,0.876304,0.029928,0.8445,0.487346,0.838738,0.275591,0.5056,0.481827,0.892366,0.042629,0.7741,0.561777,0.886327,0.27601,0.4212,0.568455,0.919559,0.030447,0.7441
utkatasana_tf_0088,0.579288,0.36157,-0.230594,0.9944,0.579959,0.3471,-0.215008,0.9942,0.58102,0.34642,-0.214155,0.9943,0.582073,0.345863,-0.214025,0.9939,0.571281,0.346492,-0.240156,0.9949,0.566309,0.345371,-0.241011,0.995,0.56099,0.344439,-0.240591,0.995,0.565616,0.346707,-0.117299,0.9944,0.536091,0.346511,-0.243539,0.9942,0.576234,0.373073,-0.193139,0.9935,0.566198,0.373084,-0.228029,0.9934,0.562127,0.398871,-0.017925,0.9933,0.496664,0.403397,-0.313818,0.9958,0.628999,0.309873,0.027303,0.6972,0.523206,0.289544,-0.480891,0.9895,0.660825,0.196034,-0.030004,0.8422,0.549712,0.170075,-0.545241,0.9497,0.669628,0.167543,-0.039025,0.8033,0.547315,0.141772,-0.585773,0.9267,0.666998,0.164195,-0.0515,0.7978,0.549858,0.140122,-0.555392,0.9166,0.662458,0.17139,-0.040877,0.797,0.553179,0.147307,-0.537852,0.9324,0.512975,0.61926,0.109173,0.9938,0.463804,0.64005,-0.107721,0.9942,0.605416,0.735787,0.162621,0.358,0.598076,0.757435,-0.113461,0.9397,0.531014,0.844415,0.274312,0.3822,0.525809,0.885289,0.026686,0.8582,0.506059,0.864387,0.280924,0.4738,0.495043,0.901702,0.038596,0.7798,0.57388,0.899579,0.284356,0.418,0.583176,0.933749,0.027365,0.7732
utkatasana_tf_0089,0.585114,0.361816,-0.221548,0.9982,0.587337,0.347008,-0.204822,0.9981,0.588699,0.346534,-0.203916,0.9981,0.590123,0.346282,-0.203739,0.998,0.577472,0.345796,-0.229517,0.9982,0.571923,0.344557,-0.230357,0.9981,0.56611,0.343552,-0.229897,0.9981,0.575113,0.348339,-0.103446,0.9981,0.54205,0.345529,-0.229398,0.9975,0.581125,0.374926,-0.182902,0.9973,0.569668,0.37588,-0.217745,0.9971,0.56625,0.403755,-0.009518,0.9962,0.50219,0.408341,-0.298584,0.9965,0.635387,0.314661,0.030636,0.769,0.528796,0.290989,-0.464522,0.992,0.673215,0.205954,-0.029909,0.8758,0.555705,0.178612,-0.518315,0.9671,0.680188,0.177252,-0.037334,0.8307,0.554124,0.149572,-0.556759,0.9523,0.678001,0.171564,-0.049084,0.8262,0.559544,0.143163,-0.525796,0.9475,0.673318,0.181523,-0.040329,0.8254,0.562544,0.155009,-0.51041,0.9569,0.516984,0.619822,0.105776,0.9971,0.464477,0.638713,-0.104394,0.9966,0.618086,0.740051,0.123546,0.4211,0.595864,0.761345,-0.127125,0.946,0.540239,0.85368,0.207879,0.4171,0.528892,0.884299,0.016209,0.8357,0.518565,0.873476,0.211888,0.4859,0.50084,0.905812,0.028644,0.7475,0.586395,0.910903,0.212164,0.4601,0.587942,0.935467,0.026078,0.7554
utkatasana_tf_0090,0.597412,0.376518,-0.284366,0.9977,0.601731,0.36159,-0.266704,0.9975,0.604591,0.361423,-0.265831,0.9976,0.607635,0.361359,-0.265767,0.9974,0.588078,0.361268,-0.288272,0.9978,0.580985,0.360248,-0.289129,0.9978,0.573441,0.359083,-0.288748,0.9977,0.597509,0.364515,-0.160988,0.9978,0.549544,0.360679,-0.269093,0.9972,0.596242,0.390491,-0.244853,0.997,0.581266,0.389725,-0.274647,0.9965,0.587179,0.418691,-0.071841,0.9973,0.510235,0.420485,-0.326183,0.9956,0.659578,0.327519,-0.054228,0.8798,0.53365,0.307003,-0.507657,0.9834,0.708151,0.21099,-0.095652,0.9151,0.567424,0.187043,-0.61981,0.9293,0.72197,0.183594,-0.107033,0.8709,0.561211,0.154782,-0.668593,0.8966,0.715064,0.179401,-0.117889,0.8673,0.573368,0.156155,-0.634979,0.884,0.706243,0.185632,-0.105894,0.8677,0.578032,0.164343,-0.615103,0.9011,0.520708,0.630735,0.102693,0.996,0.460178,0.648757,-0.101284,0.9955,0.613809,0.744133,0.165842,0.4375,0.604455,0.766288,-0.07726,0.9548,0.540383,0.844291,0.329431,0.4337,0.536557,0.881669,0.081693,0.9198,0.505176,0.822424,0.342035,0.5194,0.516136,0.901939,0.095342,0.8365,0.577373,0.895574,0.348918,0.467,0.589057,0.935209,0.078134,0.8615
utkatasana_tf_0091,0.592964,0.38882,-0.31712,0.9986,0.596616,0.373947,-0.300089,0.9986,0.599188,0.373737,-0.299165,0.9987,0.601861,0.373865,-0.298975,0.9987,0.583969,0.373449,-0.320888,0.9986,0.577093,0.372404,-0.321723,0.9985,0.569375,0.371489,-0.321324,0.9983,0.593236,0.378902,-0.195934,0.9989,0.546473,0.373502,-0.301661,0.9978,0.592237,0.404838,-0.278025,0.9982,0.575993,0.405197,-0.30761,0.9976,0.59299,0.43352,-0.117301,0.9982,0.502501,0.433265,-0.350819,0.9953,0.675899,0.337014,-0.125857,0.9439,0.520258,0.315435,-0.513603,0.99,0.730954,0.219194,-0.185933,0.9412,0.557278,0.185781,-0.593035,0.9314,0.742804,0.192839,-0.200106,0.8866,0.55967,0.150149,-0.638209,0.9004,0.734961,0.184452,-0.209622,0.8841,0.569926,0.150696,-0.603575,0.8882,0.72818,0.190099,-0.196281,0.8835,0.572741,0.159434,-0.587516,0.9049,0.521705,0.636118,0.08738,0.9983,0.453658,0.647957,-0.086015,0.9958,0.6023,0.746569,0.073547,0.6494,0.57863,0.755767,-0.108122,0.9548,0.537012,0.860587,0.211221,0.6609,0.526583,0.880627,0.070647,0.9106,0.517006,0.874601,0.22031,0.6573,0.5044,0.895423,0.084991,0.7699,0.572461,0.924459,0.200083,0.6722,0.569336,0.934495,0.058156,0.8634
utkatasana_tf_0092,0.583713,0.387432,-0.315699,0.9992,0.588601,0.371801,-0.296708,0.9992,0.591992,0.371359,-0.295721,0.9992,0.595582,0.371359,-0.295494,0.9992,0.57513,0.371522,-0.315211,0.9992,0.568306,0.370394,-0.316076,0.9991,0.561274,0.369442,-0.315688,0.999,0.592771,0.377157,-0.187996,0.9993,0.542521,0.37219,-0.284519,0.9986,0.586441,0.402999,-0.275922,0.9988,0.569776,0.402825,-0.302746,0.9983,0.596888,0.433221,-0.109478,0.9981,0.497598,0.43022,-0.335871,0.996,0.67547,0.339584,-0.128437,0.9687,0.512109,0.309395,-0.495168,0.9956,0.725659,0.226132,-0.187873,0.9672,0.552585,0.185226,-0.559672,0.9601,0.737563,0.194278,-0.201467,0.9235,0.555666,0.151577,-0.600295,0.9385,0.73214,0.185838,-0.209084,0.9209,0.563548,0.148958,-0.563499,0.9331,0.724317,0.193126,-0.197235,0.9186,0.566065,0.160222,-0.55245,0.9447,0.523057,0.634687,0.083552,0.9986,0.454037,0.64285,-0.082207,0.9953,0.599565,0.744841,-0.001507,0.7372,0.566872,0.74721,-0.165992,0.9665,0.539062,0.86332,0.102836,0.7376,0.524349,0.879166,-0.023604,0.9313,0.517056,0.881071,0.107009,0.6998,0.49993,0.897482,-0.013702,0.7674,0.5755,0.923616,0.067783,0.7361,0.56232,0.928366,-0.059527,0.8994
utkatasana_tf_0093,0.571287,0.386242,-0.327426,0.9996,0.577989,0.371083,-0.307597,0.9996,0.581448,0.370992,-0.306599,0.9995,0.58505,0.371194,-0.306421,0.9995,0.563281,0.369854,-0.323551,0.9995,0.555821,0.368575,-0.324469,0.9994,0.54856,0.367517,-0.324103,0.9993,0.582398,0.376641,-0.196103,0.9995,0.52951,0.370548,-0.280168,0.9992,0.573902,0.402264,-0.28653,0.999,0.554887,0.400665,-0.310012,0.9984,0.592073,0.432618,-0.137309,0.9982,0.483323,0.42873,-0.313495,0.9947,0.66751,0.347007,-0.183688,0.9825,0.490438,0.310025,-0.465578,0.9975,0.719115,0.22881,-0.237407,0.9815,0.530146,0.188643,-0.515165,0.9807,0.732594,0.196758,-0.253636,0.9465,0.533295,0.157667,-0.548882,0.9713,0.725462,0.188372,-0.256253,0.9448,0.543303,0.156993,-0.506993,0.9696,0.717339,0.195369,-0.244356,0.9419,0.546055,0.166091,-0.505621,0.9734,0.528931,0.627868,0.063249,0.9992,0.452595,0.632978,-0.062124,0.997,0.592297,0.73537,-0.120018,0.9047,0.543207,0.733759,-0.26657,0.9868,0.539623,0.852593,-0.009583,0.8727,0.518685,0.852358,-0.11065,0.9346,0.522956,0.875144,-0.005417,0.8017,0.501843,0.871573,-0.100412,0.7431,0.571332,0.921416,-0.07378,0.8629,0.548842,0.916076,-0.16827,0.9143
utkatasana_tf_0094,0.542871,0.34501,-0.366325,0.9999,0.552963,0.327168,-0.34833,0.9998,0.558885,0.32667,-0.347578,0.9998,0.564089,0.32627,-0.347324,0.9998,0.534917,0.326681,-0.347276,0.9998,0.52891,0.32594,-0.348129,0.9997,0.523214,0.325347,-0.347877,0.9998,0.571082,0.330333,-0.241072,0.9997,0.516985,0.32775,-0.248166,0.9995,0.55414,0.360753,-0.328243,0.9997,0.53277,0.359516,-0.329303,0.9997,0.597501,0.393056,-0.215387,0.9991,0.481992,0.388389,-0.225799,0.9966,0.654424,0.30976,-0.31986,0.9964,0.445758,0.303232,-0.321466,0.9946,0.680538,0.192841,-0.384193,0.9889,0.446021,0.17567,-0.401253,0.9863,0.69229,0.159813,-0.416439,0.9603,0.438393,0.139747,-0.432132,0.9536,0.681038,0.152516,-0.412023,0.9598,0.449854,0.132848,-0.404439,0.9512,0.672822,0.16239,-0.388476,0.9598,0.454506,0.147736,-0.39888,0.9485,0.571192,0.591901,0.012814,0.9991,0.489791,0.590578,-0.011426,0.998,0.567177,0.690919,-0.300952,0.9472,0.517769,0.675493,-0.286824,0.9591,0.552575,0.812138,-0.137509,0.9081,0.517374,0.812046,-0.153838,0.9356,0.546599,0.824892,-0.127221,0.7423,0.51576,0.825277,-0.14627,0.7256,0.560119,0.865451,-0.254759,0.9047,0.528042,0.869002,-0.269422,0.9285
utkatasana_tf_0095,0.548705,0.341806,-0.350698,0.9999,0.55934,0.324086,-0.333051,0.9999,0.565411,0.323313,-0.33225,0.9999,0.571054,0.323058,-0.332039,0.9999,0.539821,0.323711,-0.331713,0.9999,0.532966,0.322666,-0.332611,0.9999,0.527494,0.322042,-0.332368,0.9999,0.579659,0.326161,-0.226418,0.9998,0.521175,0.323875,-0.233207,0.9998,0.560689,0.358295,-0.312979,0.9998,0.538389,0.357379,-0.313929,0.9998,0.6067,0.385902,-0.201237,0.9993,0.487642,0.385315,-0.213931,0.9975,0.656628,0.298735,-0.302138,0.9959,0.444071,0.295981,-0.296922,0.9944,0.683254,0.184824,-0.358659,0.9837,0.440079,0.16864,-0.366853,0.9833,0.690436,0.151078,-0.389032,0.9456,0.431559,0.137455,-0.396425,0.9487,0.678707,0.145243,-0.383121,0.9456,0.443725,0.131746,-0.372065,0.9477,0.673181,0.153923,-0.362022,0.9485,0.451161,0.144268,-0.365129,0.947,0.582608,0.592509,0.0099,0.999,0.499956,0.590978,-0.008666,0.9977,0.567451,0.67748,-0.35601,0.9396,0.516443,0.660836,-0.323537,0.9516,0.560897,0.802229,-0.192663,0.8928,0.519188,0.805146,-0.215662,0.9393,0.556345,0.810996,-0.181164,0.7587,0.519283,0.815176,-0.209465,0.7946,0.557579,0.857719,-0.303606,0.9036,0.529518,0.862445,-0.32896,0.937
utkatasana_tf_0096,0.550991,0.336406,-0.330453,1.0,0.560942,0.318998,-0.312617,0.9999,0.566631,0.318476,-0.311814,0.9999,0.57171,0.318174,-0.311699,0.9999,0.543511,0.318876,-0.309441,0.9999,0.537449,0.318182,-0.310366,0.9999,0.532215,0.317788,-0.310047,0.9999,0.580246,0.322123,-0.207932,0.9999,0.525986,0.31956,-0.206617,0.9999,0.562295,0.352078,-0.294074,0.9999,0.541202,0.351479,-0.292598,0.9999,0.612111,0.380647,-0.189109,0.9996,0.49197,0.379704,-0.18374,0.9985,0.661326,0.29604,-0.291798,0.9975,0.443684,0.297122,-0.254108,0.996,0.67585,0.17945,-0.343789,0.9905,0.436921,0.176907,-0.322719,0.9859,0.683585,0.149068,-0.372936,0.9659,0.425647,0.142784,-0.352096,0.9518,0.670106,0.143211,-0.366393,0.9652,0.439481,0.139155,-0.329422,0.9505,0.664484,0.151994,-0.345601,0.9659,0.444975,0.149712,-0.321466,0.9502,0.590079,0.587164,0.006833,0.9991,0.507839,0.587857,-0.005568,0.9983,0.569333,0.668165,-0.365736,0.9609,0.515418,0.6606,-0.313682,0.9665,0.562684,0.798594,-0.228253,0.9299,0.523698,0.802617,-0.23291,0.9588,0.55928,0.809131,-0.218792,0.8194,0.525806,0.814001,-0.229548,0.8425,0.55845,0.858228,-0.343375,0.9362,0.527791,0.858889,-0.349316,0.956
utkatasana_tf_0097,0.557271,0.336946,-0.340004,0.9999,0.567669,0.320089,-0.321491,0.9999,0.574016,0.319683,-0.320659,0.9999,0.579447,0.319619,-0.320567,0.9999,0.549696,0.319131,-0.317298,0.9999,0.544065,0.318148,-0.318312,0.9999,0.539145,0.317553,-0.318,0.9999,0.587923,0.322007,-0.214968,0.9999,0.534232,0.318835,-0.209242,0.9998,0.569362,0.352258,-0.303717,0.9999,0.548126,0.351477,-0.300707,0.9999,0.620156,0.376558,-0.198097,0.9995,0.502647,0.378504,-0.188356,0.9989,0.665609,0.296518,-0.325993,0.996,0.450253,0.292938,-0.266187,0.996,0.6741,0.182707,-0.398912,0.9852,0.439714,0.166894,-0.344853,0.9871,0.682193,0.154454,-0.432171,0.9567,0.429272,0.140076,-0.374095,0.9656,0.665257,0.147595,-0.42244,0.9561,0.441033,0.133618,-0.354625,0.9649,0.659774,0.158517,-0.400464,0.9567,0.446825,0.144086,-0.344968,0.9641,0.6056,0.583526,0.002423,0.9992,0.521657,0.586119,-0.00116,0.9986,0.578459,0.660144,-0.37262,0.9719,0.517213,0.657586,-0.307851,0.9656,0.574622,0.797007,-0.244469,0.9493,0.532571,0.796049,-0.222501,0.9633,0.574557,0.807977,-0.2362,0.832,0.536679,0.805543,-0.219474,0.8479,0.5661,0.851213,-0.356656,0.9468,0.532021,0.85034,-0.338213,0.9601
utkatasana_tf_0098,0.563458,0.33723,-0.349707,0.9999,0.573674,0.319751,-0.334341,0.9998,0.57994,0.318951,-0.333533,0.9998,0.585338,0.318505,-0.33345,0.9998,0.555669,0.320209,-0.329468,0.9998,0.55022,0.319741,-0.330354,0.9997,0.545409,0.319606,-0.330197,0.9998,0.594358,0.320852,-0.231872,0.9997,0.540708,0.322009,-0.224691,0.9997,0.576245,0.353096,-0.312536,0.9998,0.554439,0.35304,-0.309408,0.9997,0.627806,0.377548,-0.218866,0.999,0.512935,0.379824,-0.194037,0.9979,0.672957,0.292261,-0.348821,0.9956,0.455682,0.293835,-0.300448,0.9918,0.671263,0.176677,-0.419563,0.9754,0.43438,0.169234,-0.416584,0.9653,0.675217,0.139707,-0.45205,0.9428,0.425779,0.136552,-0.453234,0.9287,0.662438,0.138988,-0.444118,0.9413,0.437238,0.133129,-0.432822,0.9421,0.657711,0.149621,-0.42211,0.9449,0.442268,0.142339,-0.417401,0.9485,0.614186,0.580372,-0.00291,0.999,0.532033,0.583091,0.004146,0.9986,0.579973,0.669378,-0.321814,0.9306,0.527159,0.666136,-0.228938,0.9238,0.578629,0.804687,-0.180066,0.8572,0.546078,0.801491,-0.123715,0.9025,0.582426,0.822265,-0.171002,0.6747,0.552342,0.81306,-0.118986,0.7558,0.572407,0.854547,-0.289494,0.8444,0.538588,0.853252,-0.229727,0.8996
utkatasana_tf_0099,0.562214,0.334809,-0.401297,0.9999,0.572785,0.317489,-0.383539,0.9999,0.579134,0.316795,-0.382647,0.9999,0.584678,0.316389,-0.382472,0.9999,0.555431,0.318285,-0.377466,0.9999,0.550469,0.31804,-0.378459,0.9999,0.545818,0.317819,-0.378153,0.9999,0.594004,0.319977,-0.279107,0.9999,0.542712,0.321583,-0.265666,0.9998,0.575745,0.350717,-0.365701,0.9998,0.553834,0.35075,-0.360559,0.9997,0.630146,0.379161,-0.264793,0.9985,0.513744,0.379155,-0.230069,0.9981,0.673511,0.293629,-0.415921,0.9966,0.457395,0.29551,-0.361647,0.9884,0.6739,0.179235,-0.510031,0.9621,0.437695,0.166788,-0.519451,0.9672,0.678552,0.140997,-0.551058,0.9218,0.425569,0.133052,-0.561251,0.9356,0.66489,0.139823,-0.539482,0.9272,0.440127,0.127944,-0.54454,0.9464,0.660329,0.150805,-0.512944,0.9408,0.445596,0.139215,-0.523168,0.9529,0.620632,0.58007,-0.0095,0.9985,0.538694,0.578903,0.010693,0.9984,0.584096,0.67277,-0.333809,0.9776,0.530138,0.668097,-0.247013,0.9659,0.58124,0.805928,-0.189912,0.9454,0.551112,0.803068,-0.148029,0.9646,0.586181,0.819652,-0.181243,0.7764,0.558556,0.812885,-0.145407,0.8551,0.56179,0.858041,-0.292099,0.9232,0.535939,0.854835,-0.252306,0.9568
utkatasana_tf_0100,0.564058,0.335436,-0.391618,0.9999,0.574714,0.318084,-0.376029,0.9999,0.581344,0.31741,-0.37523,0.9999,0.587182,0.317024,-0.37511,0.9999,0.557146,0.318751,-0.369342,0.9999,0.552265,0.318421,-0.370277,0.9998,0.547696,0.31813,-0.37003,0.9999,0.597582,0.320633,-0.278151,0.9998,0.544809,0.322147,-0.261396,0.9998,0.578324,0.351134,-0.357166,0.9997,0.55653,0.35123,-0.351192,0.9997,0.633655,0.378021,-0.265557,0.9972,0.5197,0.380393,-0.223067,0.9981,0.674302,0.283138,-0.410037,0.9958,0.462002,0.301895,-0.351341,0.9884,0.667507,0.164954,-0.49196,0.9185,0.435425,0.17754,-0.511437,0.9626,0.672117,0.133708,-0.529807,0.8467,0.420629,0.143585,-0.552188,0.927,0.657617,0.130392,-0.519099,0.8552,0.436957,0.140012,-0.53574,0.9393,0.653532,0.141467,-0.494315,0.8783,0.443371,0.153013,-0.514676,0.9435,0.628336,0.581444,-0.011759,0.9979,0.546948,0.578523,0.013041,0.9984,0.587676,0.676619,-0.317612,0.9701,0.529759,0.673836,-0.223158,0.9578,0.587402,0.807454,-0.171075,0.9181,0.556437,0.808187,-0.120291,0.9439,0.592632,0.821138,-0.161962,0.7178,0.563939,0.818503,-0.116874,0.8162,0.569076,0.859281,-0.275751,0.8941,0.542118,0.857514,-0.223593,0.9345
utkatasana_tf_0101,0.565962,0.337453,-0.391432,0.9999,0.576647,0.320429,-0.376646,0.9999,0.583493,0.319546,-0.375825,0.9998,0.589494,0.31908,-0.375653,0.9998,0.559535,0.32131,-0.370249,0.9999,0.554973,0.32112,-0.371128,0.9999,0.550784,0.321261,-0.370931,0.9999,0.600598,0.322542,-0.280554,0.9998,0.547741,0.325243,-0.265595,0.9998,0.580449,0.352863,-0.357045,0.9996,0.558893,0.353779,-0.351618,0.9996,0.637549,0.378528,-0.273128,0.997,0.522836,0.381752,-0.22732,0.9977,0.6754,0.286007,-0.427037,0.9959,0.464724,0.300969,-0.336911,0.9865,0.665567,0.162442,-0.511593,0.9312,0.435178,0.170811,-0.465675,0.9642,0.665599,0.128702,-0.550234,0.8757,0.419923,0.141478,-0.502134,0.9308,0.653884,0.128388,-0.537981,0.8796,0.433394,0.135836,-0.487453,0.9349,0.651162,0.139532,-0.513491,0.8962,0.440065,0.147439,-0.469175,0.9363,0.63381,0.586858,-0.015171,0.9987,0.55237,0.585357,0.016366,0.999,0.587914,0.680372,-0.309977,0.9698,0.529231,0.675404,-0.212116,0.9631,0.591307,0.808314,-0.135086,0.9201,0.553699,0.805838,-0.075067,0.9449,0.599604,0.823832,-0.12355,0.698,0.565933,0.814492,-0.067175,0.816,0.570476,0.868339,-0.236824,0.8934,0.536583,0.864725,-0.167071,0.9323
utkatasana_tf_0102,0.567073,0.340827,-0.399752,1.0,0.577262,0.323605,-0.384533,1.0,0.58403,0.322496,-0.38372,1.0,0.590241,0.321638,-0.383575,0.9999,0.560258,0.3246,-0.377896,1.0,0.555757,0.324148,-0.378874,1.0,0.551693,0.323932,-0.378547,1.0,0.602088,0.324405,-0.287192,0.9999,0.550209,0.326781,-0.27086,0.9999,0.581303,0.355555,-0.365519,0.9998,0.560631,0.356522,-0.359472,0.9998,0.639748,0.380566,-0.279183,0.9978,0.527555,0.387006,-0.225545,0.9986,0.674602,0.294024,-0.437787,0.9963,0.464057,0.304944,-0.339878,0.9915,0.665151,0.171164,-0.532097,0.9524,0.431548,0.180727,-0.481378,0.9772,0.667141,0.13878,-0.572123,0.9083,0.418476,0.154262,-0.517979,0.9531,0.653945,0.135354,-0.560535,0.9121,0.431423,0.145058,-0.502361,0.9493,0.651631,0.147989,-0.534423,0.927,0.437911,0.153121,-0.484888,0.9499,0.639766,0.589885,-0.020507,0.9979,0.556998,0.587878,0.021678,0.9985,0.590134,0.684616,-0.304544,0.9799,0.530478,0.676938,-0.203284,0.9735,0.596771,0.811978,-0.162068,0.944,0.561997,0.809682,-0.098951,0.9591,0.607466,0.830857,-0.154038,0.7764,0.573366,0.821159,-0.094344,0.869,0.573735,0.869654,-0.261244,0.9204,0.544586,0.866001,-0.186017,0.9495
utkatasana_tf_0103,0.55989,0.346525,-0.427284,0.9999,0.570692,0.328335,-0.410878,0.9999,0.577085,0.327322,-0.409875,0.9999,0.583796,0.326521,-0.409941,0.9999,0.555833,0.329834,-0.401283,0.9999,0.552083,0.329748,-0.402564,0.9999,0.548496,0.329899,-0.40198,0.9999,0.597067,0.329011,-0.312374,0.9999,0.549913,0.333884,-0.28215,0.9999,0.573958,0.362628,-0.39441,0.9997,0.555271,0.363235,-0.383948,0.9998,0.641916,0.387042,-0.306264,0.9949,0.527808,0.389242,-0.234647,0.9992,0.665445,0.287655,-0.470474,0.9941,0.456219,0.306592,-0.32467,0.9888,0.644823,0.166932,-0.553571,0.905,0.416662,0.182675,-0.448254,0.9789,0.646312,0.136911,-0.596681,0.8521,0.404565,0.157382,-0.478916,0.9489,0.636357,0.132553,-0.586538,0.8456,0.414744,0.150215,-0.466239,0.9472,0.633228,0.14247,-0.557833,0.8647,0.421491,0.159489,-0.452953,0.9508,0.658308,0.601662,-0.033331,0.9964,0.57577,0.599483,0.034401,0.9989,0.580908,0.693244,-0.31715,0.9863,0.528566,0.681517,-0.229576,0.9754,0.604458,0.824366,-0.245589,0.9535,0.566655,0.827191,-0.179781,0.9738,0.616161,0.845486,-0.244996,0.8669,0.581308,0.845566,-0.18054,0.9204,0.581929,0.871664,-0.313371,0.9315,0.534016,0.878492,-0.248532,0.9656
utkatasana_tf_0104,0.557878,0.350486,-0.419782,0.9999,0.568803,0.331778,-0.402255,0.9999,0.575688,0.330593,-0.401236,0.9999,0.582438,0.329812,-0.401307,0.9999,0.55295,0.333466,-0.391705,0.9999,0.548903,0.33332,-0.392961,0.9999,0.545377,0.333279,-0.392403,0.9999,0.597064,0.332807,-0.305802,0.9999,0.547092,0.33753,-0.271255,0.9999,0.572805,0.366439,-0.38883,0.9998,0.553649,0.367338,-0.377072,0.9998,0.638803,0.393992,-0.305873,0.996,0.527764,0.396959,-0.223838,0.9993,0.659786,0.288256,-0.468406,0.9941,0.455501,0.314705,-0.298885,0.9844,0.633158,0.168883,-0.550058,0.8799,0.41208,0.186947,-0.418579,0.9737,0.63365,0.137361,-0.593686,0.8187,0.402294,0.15784,-0.448093,0.9419,0.623576,0.1348,-0.583036,0.8091,0.412767,0.151789,-0.438265,0.941,0.621489,0.146107,-0.554367,0.8308,0.419654,0.16177,-0.424659,0.9458,0.661674,0.604879,-0.036027,0.9977,0.578377,0.603113,0.037129,0.9991,0.578545,0.701478,-0.321961,0.988,0.526635,0.687006,-0.220032,0.9739,0.607484,0.829906,-0.25181,0.9613,0.567006,0.827494,-0.167843,0.9728,0.623546,0.850838,-0.251077,0.8613,0.584745,0.845804,-0.168563,0.9119,0.577203,0.883216,-0.317188,0.9366,0.533817,0.881595,-0.231051,0.9642
utkatasana_tf_0105,0.548557,0.359005,-0.384282,0.9999,0.558837,0.339944,-0.368542,0.9999,0.565624,0.338959,-0.367436,0.9999,0.572207,0.338454,-0.36774,0.9999,0.544441,0.34063,-0.355313,0.9999,0.540504,0.340172,-0.356715,0.9999,0.53731,0.339707,-0.356144,0.9999,0.588339,0.340294,-0.281633,0.9998,0.542169,0.344214,-0.235943,0.9999,0.563011,0.374288,-0.357257,0.9996,0.545335,0.374763,-0.342236,0.9997,0.63409,0.399171,-0.289963,0.9932,0.525683,0.40205,-0.193324,0.9992,0.64369,0.293129,-0.456813,0.9938,0.442102,0.313053,-0.249423,0.9857,0.611844,0.169966,-0.538445,0.9141,0.402644,0.191491,-0.354773,0.9751,0.610668,0.139274,-0.582266,0.8612,0.388745,0.163368,-0.376862,0.9491,0.603534,0.137076,-0.570765,0.8529,0.401666,0.15838,-0.370501,0.9492,0.601576,0.147338,-0.542194,0.8738,0.409414,0.167518,-0.361337,0.9541,0.664657,0.617742,-0.044591,0.9962,0.584579,0.619096,0.045581,0.9989,0.567972,0.71272,-0.316404,0.9892,0.517777,0.694299,-0.224934,0.9784,0.604616,0.842503,-0.294656,0.967,0.570554,0.842133,-0.215558,0.9778,0.622304,0.862601,-0.298019,0.9233,0.588991,0.861509,-0.220553,0.9346,0.573695,0.892668,-0.346624,0.9536,0.525557,0.895375,-0.275216,0.9679
utkatasana_tf_0106,0.524984,0.375778,-0.400848,0.9999,0.535668,0.355081,-0.39188,0.9999,0.541835,0.353926,-0.390743,0.9998,0.548742,0.353125,-0.390961,0.9998,0.521716,0.35697,-0.37382,0.9999,0.518764,0.356505,-0.375108,0.9998,0.516218,0.355945,-0.374743,0.9999,0.565275,0.355264,-0.325059,0.9998,0.525122,0.359908,-0.257449,0.9998,0.541068,0.390285,-0.379924,0.9996,0.523762,0.390742,-0.358853,0.9996,0.620622,0.412656,-0.336274,0.996,0.516527,0.421298,-0.204366,0.999,0.604502,0.29134,-0.517626,0.9945,0.429449,0.329099,-0.242698,0.9729,0.560571,0.175671,-0.600792,0.9059,0.374742,0.202021,-0.346919,0.963,0.556298,0.153312,-0.649808,0.8655,0.362615,0.175819,-0.367481,0.935,0.54588,0.153859,-0.632962,0.8602,0.371404,0.170268,-0.369051,0.9361,0.543618,0.162881,-0.602151,0.8727,0.378809,0.178423,-0.356614,0.942,0.668782,0.635735,-0.059243,0.9948,0.58872,0.630211,0.060304,0.998,0.543286,0.723636,-0.306582,0.9869,0.500215,0.699442,-0.154823,0.9387,0.580472,0.859703,-0.291274,0.9657,0.554742,0.845528,-0.15301,0.9372,0.598464,0.879837,-0.295622,0.9063,0.569361,0.864437,-0.158494,0.8591,0.523439,0.907922,-0.353446,0.9488,0.4948,0.903307,-0.208367,0.933
utkatasana_tf_0107,0.471718,0.398613,-0.248359,0.9994,0.476456,0.380605,-0.25579,0.9994,0.480932,0.378916,-0.25505,0.9995,0.485901,0.377254,-0.255199,0.9996,0.469457,0.382013,-0.23158,0.9994,0.468819,0.381413,-0.232332,0.9993,0.468474,0.38073,-0.232319,0.9994,0.506719,0.378302,-0.245101,0.9993,0.481719,0.383732,-0.1495,0.9995,0.489287,0.412293,-0.243278,0.9991,0.478872,0.411763,-0.214711,0.9985,0.570477,0.427549,-0.283469,0.9972,0.486463,0.440689,-0.084561,0.9986,0.520025,0.307886,-0.464066,0.9952,0.39368,0.349698,-0.057456,0.9494,0.469504,0.210913,-0.523322,0.9684,0.330412,0.231319,-0.172803,0.9447,0.459125,0.185679,-0.560902,0.9469,0.314614,0.205188,-0.186673,0.9252,0.449857,0.187893,-0.542245,0.9395,0.324653,0.199388,-0.200024,0.9258,0.449776,0.198211,-0.519167,0.9314,0.335091,0.20863,-0.184822,0.931,0.646667,0.66308,-0.07238,0.995,0.570054,0.650579,0.073669,0.9984,0.483733,0.735702,-0.240094,0.9356,0.464623,0.727805,-0.068125,0.7573,0.547232,0.89332,-0.201527,0.8746,0.528897,0.868633,-0.070209,0.5719,0.565446,0.916814,-0.202625,0.8875,0.542612,0.889111,-0.075805,0.5991,0.481232,0.938423,-0.26482,0.8758,0.470374,0.923075,-0.125257,0.654
utkatasana_tf_0108,0.457975,0.404872,-0.254728,0.9995,0.461141,0.38736,-0.264055,0.9996,0.465297,0.386097,-0.263318,0.9996,0.469685,0.385024,-0.263411,0.9997,0.453965,0.387814,-0.239554,0.9995,0.452773,0.387071,-0.240323,0.9994,0.451876,0.386238,-0.240354,0.9995,0.488871,0.38531,-0.255397,0.9995,0.463134,0.390098,-0.158774,0.9996,0.473469,0.418004,-0.249747,0.9992,0.463173,0.417951,-0.220943,0.9988,0.551774,0.435638,-0.292547,0.9967,0.471575,0.443404,-0.094061,0.9988,0.498165,0.322937,-0.475579,0.993,0.376516,0.356961,-0.074177,0.9512,0.439361,0.233094,-0.535768,0.95,0.309768,0.242495,-0.189219,0.9422,0.425798,0.206198,-0.576088,0.9199,0.295277,0.212497,-0.205752,0.9217,0.417651,0.206369,-0.558443,0.9133,0.303974,0.208222,-0.218558,0.9221,0.418924,0.217831,-0.532449,0.9094,0.313021,0.21836,-0.20137,0.9284,0.629103,0.667436,-0.074773,0.9942,0.556149,0.653689,0.076088,0.998,0.470905,0.743053,-0.24341,0.9292,0.447117,0.731432,-0.075752,0.7658,0.532483,0.898176,-0.20741,0.8752,0.517735,0.87605,-0.078971,0.563,0.551646,0.925191,-0.209016,0.8669,0.533572,0.902687,-0.084376,0.5885,0.464492,0.94548,-0.275798,0.861,0.458844,0.931834,-0.135542,0.6363
utkatasana_tf_0109,0.439468,0.416354,-0.187809,0.9981,0.440674,0.400207,-0.20423,0.9986,0.444018,0.398999,-0.203454,0.9987,0.447454,0.397715,-0.203515,0.9987,0.435837,0.399012,-0.175939,0.9984,0.435379,0.397378,-0.17666,0.9978,0.435087,0.39567,-0.176561,0.9979,0.466539,0.392707,-0.220291,0.9982,0.447817,0.394964,-0.107784,0.9985,0.453793,0.427612,-0.190562,0.9972,0.446835,0.426118,-0.157142,0.9962,0.529624,0.43957,-0.271647,0.991,0.462895,0.449254,-0.032096,0.9962,0.464583,0.332674,-0.436208,0.9908,0.360536,0.363529,0.028629,0.8059,0.403707,0.243145,-0.474498,0.9544,0.29702,0.251905,-0.077451,0.8885,0.389441,0.215976,-0.510445,0.9251,0.281309,0.224624,-0.084574,0.8863,0.384482,0.213502,-0.493127,0.9185,0.291015,0.220756,-0.099239,0.8902,0.383401,0.223535,-0.469404,0.9333,0.30077,0.229218,-0.088718,0.8978,0.618669,0.676281,-0.084684,0.9904,0.551399,0.658076,0.085717,0.9977,0.450415,0.74979,-0.200027,0.9404,0.430817,0.731835,0.016717,0.7061,0.518622,0.895446,-0.108231,0.8427,0.49922,0.87953,0.027286,0.5145,0.541287,0.922629,-0.10183,0.8692,0.520276,0.900014,0.023396,0.5421,0.451235,0.941191,-0.12077,0.8038,0.442318,0.933002,0.005402,0.5259
utkatasana_tf_0110,0.431646,0.417945,-0.191481,0.9991,0.434025,0.402627,-0.207993,0.9992,0.437358,0.401502,-0.207221,0.9992,0.440963,0.400196,-0.20724,0.9991,0.428578,0.402076,-0.179272,0.9992,0.428014,0.400667,-0.180051,0.9992,0.427559,0.399198,-0.180012,0.9993,0.460016,0.396715,-0.229717,0.9989,0.44,0.399394,-0.114395,0.9993,0.44586,0.42794,-0.196359,0.9983,0.438969,0.427321,-0.162177,0.9983,0.521635,0.447293,-0.279429,0.9918,0.45801,0.448647,-0.046926,0.9961,0.453805,0.345939,-0.436737,0.9914,0.356109,0.365099,-0.000397,0.8191,0.3879,0.249267,-0.476273,0.955,0.288418,0.25231,-0.112436,0.9084,0.37271,0.225596,-0.515927,0.9246,0.272981,0.226696,-0.11974,0.913,0.371259,0.221285,-0.498389,0.9233,0.282634,0.223656,-0.137364,0.9159,0.367964,0.231241,-0.471873,0.9369,0.292636,0.231405,-0.124767,0.9223,0.611211,0.674005,-0.086733,0.9836,0.545477,0.654241,0.087721,0.9967,0.445743,0.751729,-0.164684,0.9462,0.424069,0.735743,0.040015,0.6988,0.511483,0.901459,-0.074108,0.869,0.494815,0.885642,0.085627,0.4975,0.533809,0.921945,-0.068326,0.8581,0.486578,0.908194,0.08433,0.5368,0.443184,0.945135,-0.09095,0.8168,0.427273,0.940248,0.067691,0.4668
utkatasana_tf_0111,0.422977,0.41728,-0.150874,0.9996,0.424598,0.401512,-0.167986,0.9996,0.427433,0.400433,-0.16719,0.9996,0.430493,0.399243,-0.167183,0.9996,0.420554,0.400361,-0.138352,0.9996,0.420521,0.398538,-0.13904,0.9996,0.420543,0.39671,-0.13899,0.9996,0.449901,0.394907,-0.19373,0.9994,0.43517,0.395547,-0.073241,0.9996,0.435942,0.427315,-0.157579,0.999,0.431545,0.42644,-0.122077,0.9991,0.509416,0.44805,-0.24797,0.9954,0.455881,0.448655,0.001247,0.9974,0.438006,0.343597,-0.388034,0.9948,0.353691,0.368704,0.061921,0.8196,0.370705,0.249018,-0.409132,0.982,0.287552,0.258665,-0.039303,0.9127,0.360803,0.225433,-0.446954,0.9696,0.269125,0.234888,-0.047221,0.9109,0.357199,0.224331,-0.431135,0.9681,0.280387,0.231621,-0.061725,0.9132,0.355104,0.232022,-0.405027,0.9613,0.292085,0.238789,-0.051687,0.9193,0.602024,0.677925,-0.09247,0.9879,0.548418,0.65832,0.093439,0.9972,0.436768,0.753258,-0.125133,0.966,0.422217,0.738106,0.095176,0.701,0.506634,0.904816,-0.031205,0.9242,0.490481,0.889486,0.146563,0.5439,0.527267,0.924922,-0.024468,0.931,0.509583,0.908379,0.146168,0.5897,0.443493,0.947398,-0.035195,0.8844,0.430739,0.938301,0.140312,0.5039
utkatasana_tf_0112,0.409594,0.426362,-0.152332,0.9989,0.41134,0.409439,-0.172096,0.999,0.413881,0.408004,-0.17128,0.999,0.416728,0.406581,-0.17124,0.999,0.40839,0.408435,-0.141183,0.9992,0.408665,0.406328,-0.141896,0.9991,0.409098,0.404173,-0.141871,0.9992,0.435083,0.400763,-0.206884,0.9987,0.423861,0.400558,-0.079707,0.9992,0.422991,0.434175,-0.16185,0.9975,0.418853,0.433952,-0.124643,0.9976,0.49195,0.444766,-0.263384,0.9941,0.445504,0.445001,0.000448,0.995,0.416047,0.349782,-0.402023,0.9947,0.351169,0.370425,0.063222,0.71,0.333757,0.253849,-0.41575,0.9766,0.291894,0.263719,-0.037996,0.8666,0.317495,0.231424,-0.454652,0.9594,0.271021,0.241194,-0.042857,0.877,0.321034,0.22958,-0.436186,0.9572,0.280837,0.238006,-0.058793,0.8807,0.32451,0.237367,-0.410228,0.9601,0.29093,0.245396,-0.050679,0.8856,0.592425,0.673285,-0.098528,0.9864,0.536913,0.653132,0.099474,0.9962,0.425034,0.755503,-0.141761,0.9651,0.398224,0.734862,0.100777,0.7062,0.494384,0.901387,-0.042028,0.9049,0.476471,0.885355,0.151638,0.4767,0.517731,0.924941,-0.035151,0.9131,0.492275,0.909376,0.150186,0.5032,0.431189,0.945506,-0.04555,0.8653,0.415681,0.939213,0.143396,0.4559
utkatasana_tf_0113,0.410081,0.413308,-0.120719,0.9993,0.41296,0.395594,-0.137979,0.9994,0.415539,0.394639,-0.137155,0.9994,0.418387,0.393672,-0.136926,0.9994,0.410207,0.394605,-0.107058,0.9993,0.410698,0.393038,-0.107662,0.9991,0.41144,0.391504,-0.107592,0.9992,0.438201,0.392329,-0.167493,0.9991,0.427767,0.392375,-0.040676,0.9995,0.42244,0.424229,-0.129616,0.9983,0.418555,0.423927,-0.092846,0.9982,0.493208,0.442372,-0.232728,0.9963,0.447344,0.442754,0.04147,0.9972,0.415361,0.349398,-0.366406,0.9962,0.35346,0.368149,0.119694,0.7486,0.334065,0.253778,-0.366694,0.9874,0.297006,0.271519,0.029944,0.8568,0.313666,0.233799,-0.404025,0.9779,0.279893,0.245094,0.016596,0.8538,0.315355,0.232203,-0.390291,0.9747,0.286433,0.242049,0.004979,0.8566,0.320937,0.238615,-0.363366,0.9645,0.294864,0.250195,0.016828,0.863,0.587315,0.669092,-0.10099,0.9942,0.53853,0.653151,0.101945,0.9981,0.418347,0.756437,-0.13129,0.9491,0.402425,0.736898,0.110217,0.6495,0.492018,0.90407,-0.032615,0.8897,0.48237,0.882804,0.159817,0.4417,0.517578,0.932226,-0.023875,0.909,0.500415,0.905034,0.158896,0.4628,0.426801,0.939692,-0.021263,0.856,0.419778,0.93211,0.154663,0.4486
utkatasana_tf_0114,0.411281,0.39955,-0.105977,0.9991,0.413959,0.383363,-0.125269,0.9992,0.416187,0.382418,-0.124518,0.9992,0.418695,0.381573,-0.124327,0.9991,0.411967,0.382625,-0.093382,0.9992,0.412689,0.381109,-0.094013,0.999,0.413698,0.37954,-0.093979,0.9991,0.440185,0.380266,-0.164646,0.9986,0.430843,0.379975,-0.033129,0.9993,0.423198,0.410079,-0.118537,0.9979,0.420323,0.409739,-0.08005,0.9978,0.489941,0.43231,-0.236034,0.9936,0.455194,0.428789,0.051597,0.9964,0.41278,0.344585,-0.372696,0.9956,0.365254,0.355732,0.136815,0.6636,0.329608,0.25156,-0.373875,0.9847,0.309375,0.271859,0.044885,0.8333,0.3083,0.229092,-0.410989,0.9739,0.295418,0.246376,0.037813,0.8439,0.309088,0.225639,-0.394245,0.9693,0.298486,0.242777,0.020833,0.8492,0.314072,0.231088,-0.368922,0.9664,0.303392,0.250122,0.030617,0.8556,0.580859,0.66453,-0.10216,0.989,0.540278,0.645974,0.103245,0.9966,0.409028,0.751057,-0.115952,0.9512,0.401825,0.729664,0.121309,0.5451,0.485325,0.894098,-0.013051,0.9074,0.473691,0.863559,0.204799,0.3962,0.508471,0.914184,-0.003336,0.9251,0.492698,0.888379,0.207661,0.4481,0.422463,0.932283,0.011427,0.8688,0.415839,0.917682,0.210963,0.3996
utkatasana_tf_0115,0.428538,0.347519,-0.062103,0.9989,0.433233,0.331272,-0.080317,0.9989,0.435359,0.330313,-0.079587,0.9988,0.437855,0.329505,-0.079468,0.9987,0.432201,0.330867,-0.047541,0.9992,0.433471,0.329532,-0.04822,0.9992,0.434868,0.328336,-0.048223,0.9992,0.457276,0.332517,-0.124764,0.9978,0.452656,0.331992,0.011434,0.9991,0.4395,0.357221,-0.077413,0.9969,0.437306,0.356909,-0.037533,0.9975,0.498327,0.391027,-0.204598,0.9858,0.47202,0.390971,0.089158,0.9962,0.411231,0.305367,-0.340019,0.9955,0.394616,0.312579,0.167549,0.6065,0.348223,0.217849,-0.346626,0.9837,0.341076,0.232802,0.077991,0.7996,0.329325,0.191265,-0.382472,0.9735,0.327748,0.21075,0.075471,0.8033,0.332467,0.186973,-0.365336,0.9701,0.328302,0.203772,0.057798,0.8097,0.338637,0.195057,-0.340644,0.9564,0.33423,0.211772,0.064456,0.8213,0.559107,0.63849,-0.103542,0.9919,0.527735,0.627534,0.104706,0.9979,0.399035,0.74176,-0.107869,0.9747,0.400555,0.729076,0.123993,0.5848,0.48877,0.872299,0.00092,0.9472,0.482723,0.860845,0.215041,0.4737,0.510361,0.895234,0.012404,0.9549,0.503687,0.883865,0.220228,0.5313,0.42564,0.916528,0.027613,0.9208,0.425269,0.906973,0.21585,0.4618
utkatasana_tf_0116,0.44297,0.330862,-0.068043,0.9984,0.448392,0.315269,-0.084961,0.9985,0.450348,0.314661,-0.084284,0.9983,0.452411,0.314272,-0.084287,0.998,0.447616,0.314538,-0.052652,0.9989,0.448897,0.313365,-0.053356,0.9986,0.450302,0.312281,-0.05345,0.9987,0.471024,0.317884,-0.127157,0.9969,0.466687,0.31653,0.007926,0.9988,0.453159,0.34174,-0.082542,0.9948,0.451368,0.341287,-0.042828,0.9953,0.502466,0.372569,-0.210628,0.9794,0.481729,0.373903,0.085529,0.9936,0.427675,0.276314,-0.342419,0.9953,0.416004,0.284318,0.154236,0.549,0.371388,0.177962,-0.352269,0.9755,0.365556,0.195925,0.064098,0.7573,0.356927,0.153308,-0.390245,0.964,0.353401,0.17842,0.064576,0.7706,0.359106,0.151247,-0.369298,0.9578,0.355432,0.171685,0.043824,0.7748,0.363522,0.158758,-0.345276,0.9475,0.358994,0.176746,0.049852,0.7905,0.542937,0.618616,-0.104035,0.9885,0.517993,0.608464,0.105315,0.9966,0.414431,0.737954,-0.102209,0.9682,0.411334,0.727755,0.099711,0.5631,0.490889,0.865891,-0.014409,0.9351,0.482457,0.853369,0.195825,0.3595,0.51342,0.886816,-0.006615,0.9503,0.503659,0.877134,0.200653,0.4657,0.430155,0.908139,-0.02044,0.9127,0.427442,0.901663,0.168331,0.3758
utkatasana_tf_0117,0.452318,0.32168,-0.069919,0.9984,0.457322,0.307275,-0.087814,0.9986,0.459509,0.306681,-0.087206,0.9985,0.461807,0.306249,-0.087173,0.9983,0.456042,0.306662,-0.055917,0.9988,0.457174,0.305566,-0.056599,0.9984,0.458491,0.304485,-0.056641,0.9986,0.480818,0.310085,-0.12931,0.9975,0.475151,0.308472,0.003215,0.9988,0.462906,0.332522,-0.083684,0.9957,0.460337,0.331827,-0.044533,0.9959,0.510382,0.368301,-0.211049,0.9854,0.488186,0.366878,0.083683,0.9942,0.448429,0.271617,-0.340033,0.9965,0.432986,0.273823,0.159921,0.5248,0.404381,0.169283,-0.350243,0.9814,0.394533,0.183884,0.072177,0.7318,0.390927,0.143168,-0.386585,0.9713,0.384719,0.164749,0.070414,0.7492,0.393872,0.137657,-0.365746,0.9661,0.386233,0.157763,0.051735,0.7524,0.39805,0.147068,-0.342911,0.9594,0.390369,0.166005,0.058761,0.7691,0.535381,0.611066,-0.100782,0.9906,0.512133,0.599061,0.102155,0.9961,0.422481,0.740192,-0.088565,0.9554,0.416281,0.721662,0.10419,0.4723,0.501546,0.867243,-0.015781,0.9329,0.489513,0.848066,0.203376,0.2902,0.519484,0.88689,-0.009892,0.9573,0.506215,0.876239,0.208579,0.4429,0.442037,0.899572,-0.03668,0.9074,0.438993,0.892941,0.174161,0.3124
utkatasana_tf_0118,0.454855,0.307795,-0.052478,0.9988,0.462389,0.293234,-0.070064,0.9989,0.464934,0.292626,-0.069457,0.9987,0.467534,0.292198,-0.069429,0.9985,0.460535,0.292647,-0.037341,0.9992,0.461665,0.291594,-0.038017,0.9988,0.462959,0.290609,-0.038106,0.999,0.486974,0.296555,-0.112155,0.9974,0.480319,0.29532,0.023663,0.9992,0.464286,0.31855,-0.066712,0.9957,0.461162,0.31804,-0.026955,0.9966,0.515893,0.35657,-0.199763,0.9812,0.493884,0.357104,0.103516,0.9947,0.466136,0.254374,-0.322951,0.9968,0.450045,0.260256,0.176451,0.4784,0.426283,0.144324,-0.321998,0.9791,0.417183,0.165669,0.08796,0.6749,0.413013,0.121643,-0.354796,0.9669,0.409066,0.145485,0.08359,0.6934,0.416018,0.118313,-0.334549,0.9609,0.409895,0.140517,0.067967,0.6965,0.41971,0.124036,-0.31436,0.9615,0.41286,0.14786,0.075175,0.7203,0.53127,0.59861,-0.102159,0.99,0.510235,0.588895,0.10357,0.996,0.424982,0.732686,-0.098121,0.9364,0.421902,0.716196,0.101694,0.3758,0.507222,0.868319,-0.031402,0.8998,0.493803,0.851019,0.186744,0.227,0.52663,0.883623,-0.025823,0.9461,0.510029,0.875322,0.189883,0.394,0.448922,0.898921,-0.056071,0.8719,0.441073,0.893183,0.146997,0.2498
utkatasana_tf_0119,0.480459,0.235697,-0.120749,0.9978,0.490962,0.225136,-0.11078,0.9977,0.495896,0.225727,-0.110236,0.9977,0.501374,0.226687,-0.110453,0.9974,0.480734,0.225974,-0.096413,0.9975,0.47819,0.226946,-0.097095,0.9966,0.475908,0.227854,-0.096812,0.997,0.511661,0.23949,-0.055435,0.9959,0.47815,0.238133,0.000292,0.9958,0.489819,0.251042,-0.102734,0.9925,0.476974,0.249872,-0.086229,0.9937,0.544645,0.313879,-0.11887,0.9855,0.458931,0.312398,0.074592,0.9915,0.563128,0.207695,-0.245969,0.9971,0.412751,0.216805,0.098207,0.8778,0.558866,0.100401,-0.308401,0.9529,0.399146,0.10489,0.032956,0.9167,0.563035,0.076942,-0.341001,0.9159,0.393378,0.078978,0.014005,0.8573,0.551913,0.075584,-0.334507,0.9078,0.403412,0.076615,0.014449,0.8511,0.547532,0.082754,-0.30955,0.9264,0.408563,0.085274,0.025431,0.8655,0.51993,0.540924,-0.062205,0.9746,0.462155,0.548611,0.06368,0.9808,0.484666,0.707453,-0.06788,0.9521,0.460319,0.714147,0.073594,0.7755,0.498423,0.867849,0.025138,0.9192,0.485809,0.873885,0.144429,0.7547,0.507694,0.890264,0.027636,0.7915,0.499757,0.894513,0.144015,0.725,0.471931,0.910074,-0.083861,0.8877,0.450566,0.915961,0.042653,0.7433
utkatasana_tf_0120,0.485427,0.246284,-0.133591,0.9984,0.496466,0.235741,-0.121028,0.9983,0.502209,0.236345,-0.120422,0.9983,0.508433,0.237377,-0.12068,0.9982,0.483513,0.236902,-0.10864,0.9985,0.480125,0.238119,-0.109387,0.9982,0.476829,0.239242,-0.109008,0.9983,0.518554,0.250515,-0.056421,0.9974,0.47734,0.249977,-0.010411,0.9975,0.497209,0.261843,-0.11244,0.9957,0.480645,0.260553,-0.098657,0.9954,0.554371,0.322471,-0.117224,0.9923,0.456871,0.323974,0.05541,0.9902,0.570423,0.220332,-0.256592,0.9978,0.413659,0.228733,0.067849,0.9189,0.562603,0.11674,-0.329719,0.9741,0.402483,0.119772,0.001429,0.9428,0.564885,0.092019,-0.363611,0.9442,0.398471,0.095448,-0.02123,0.8927,0.554627,0.090815,-0.359236,0.942,0.408323,0.093381,-0.021036,0.8893,0.550617,0.099607,-0.331745,0.9569,0.412661,0.10112,-0.006318,0.9009,0.535384,0.555218,-0.049342,0.9831,0.461227,0.562052,0.050644,0.9843,0.496825,0.709941,-0.060677,0.9577,0.464652,0.71993,0.064029,0.8672,0.505222,0.868428,0.080753,0.9023,0.491892,0.877103,0.165506,0.8472,0.513405,0.892725,0.088474,0.7026,0.502306,0.898469,0.168574,0.7726,0.486574,0.907623,-0.019628,0.8551,0.4631,0.912743,0.06321,0.797
utkatasana_tf_0121,0.485642,0.247002,-0.117933,0.999,0.49626,0.237555,-0.109175,0.999,0.501246,0.238259,-0.108524,0.999,0.506682,0.239267,-0.108785,0.9989,0.486045,0.238449,-0.094363,0.9991,0.483508,0.239601,-0.095143,0.9988,0.481213,0.240648,-0.094711,0.9989,0.516096,0.253097,-0.056612,0.9985,0.481959,0.25175,3.8e-05,0.9984,0.49541,0.263154,-0.100925,0.9974,0.482135,0.261961,-0.084073,0.997,0.550368,0.327952,-0.11649,0.996,0.460621,0.326594,0.066712,0.9915,0.568769,0.224007,-0.254496,0.9986,0.417886,0.231236,0.10006,0.9224,0.561697,0.123448,-0.322603,0.9886,0.405817,0.125527,0.05803,0.9457,0.565025,0.099513,-0.353246,0.9708,0.40062,0.099049,0.038468,0.8965,0.554484,0.097238,-0.350595,0.9703,0.410947,0.096705,0.041449,0.8933,0.550142,0.10569,-0.324911,0.9792,0.415897,0.106306,0.052023,0.9028,0.534893,0.557851,-0.046615,0.988,0.465679,0.565934,0.047804,0.9859,0.498357,0.707423,-0.061859,0.951,0.467613,0.722014,0.065392,0.871,0.507388,0.858493,0.09876,0.8669,0.495575,0.872992,0.174211,0.8393,0.514038,0.88032,0.108831,0.6717,0.507217,0.893774,0.178531,0.7616,0.491217,0.898486,0.006165,0.8153,0.467421,0.910366,0.076348,0.7841
utkatasana_tf_0122,0.493531,0.264392,-0.139922,0.9977,0.50372,0.252458,-0.125945,0.9977,0.508754,0.252995,-0.125297,0.9976,0.514311,0.253923,-0.125625,0.9974,0.492658,0.253337,-0.115386,0.9979,0.489917,0.25431,-0.116109,0.997,0.48717,0.255201,-0.115773,0.9975,0.523246,0.264734,-0.055279,0.9962,0.487588,0.263585,-0.01723,0.9966,0.503675,0.279831,-0.116353,0.9938,0.489502,0.278328,-0.104872,0.9933,0.559203,0.333432,-0.104286,0.989,0.464733,0.334628,0.030305,0.9864,0.572527,0.236355,-0.237103,0.9972,0.42488,0.244616,0.019965,0.966,0.566898,0.140021,-0.30457,0.9801,0.413611,0.13936,-0.040921,0.971,0.569956,0.114988,-0.339456,0.9597,0.409732,0.11346,-0.064626,0.9323,0.559377,0.113641,-0.335757,0.9576,0.417437,0.112548,-0.06196,0.9292,0.55517,0.121363,-0.30742,0.9682,0.422303,0.121537,-0.048009,0.9358,0.539696,0.561589,-0.038967,0.9817,0.472338,0.567705,0.040205,0.9847,0.507471,0.710888,-0.024527,0.9424,0.472389,0.716784,0.070222,0.8962,0.513336,0.85721,0.157177,0.8483,0.49856,0.863767,0.205673,0.8504,0.520047,0.873192,0.167646,0.6239,0.509446,0.882099,0.212528,0.7365,0.498528,0.892393,0.061206,0.7872,0.474713,0.903123,0.106954,0.7828
utkatasana_tf_0123,0.490578,0.265779,-0.127437,0.9991,0.501311,0.255291,-0.115427,0.999,0.506238,0.255984,-0.114766,0.999,0.511601,0.257006,-0.115066,0.9989,0.49134,0.255905,-0.10322,0.9991,0.488951,0.256868,-0.103939,0.9991,0.486813,0.257775,-0.103519,0.999,0.520947,0.268934,-0.052643,0.9984,0.48816,0.267225,-0.007432,0.9989,0.500166,0.2815,-0.106541,0.9974,0.487023,0.279907,-0.093195,0.9971,0.558344,0.336814,-0.102792,0.9953,0.464993,0.336496,0.046347,0.9917,0.575755,0.239366,-0.224468,0.9983,0.425565,0.247314,0.055317,0.9506,0.566859,0.142877,-0.282554,0.9887,0.413772,0.14489,0.007874,0.9578,0.568574,0.119142,-0.314528,0.9727,0.408505,0.119322,-0.014694,0.9127,0.558406,0.116569,-0.31249,0.9724,0.418662,0.117569,-0.011854,0.909,0.554575,0.125527,-0.285228,0.9785,0.423586,0.125994,0.001172,0.918,0.542898,0.564157,-0.04011,0.9858,0.473858,0.568819,0.041337,0.9868,0.512292,0.710038,-0.026457,0.9668,0.477718,0.71889,0.074095,0.9307,0.514492,0.853085,0.139255,0.9065,0.501442,0.860411,0.196504,0.8999,0.521863,0.874946,0.14887,0.7365,0.509255,0.879198,0.202518,0.8136,0.500495,0.89212,0.039961,0.8542,0.477262,0.898409,0.098892,0.8509
utkatasana_tf_0124,0.494135,0.278139,-0.145079,0.9973,0.502623,0.266147,-0.132802,0.9975,0.50595,0.266932,-0.132127,0.9973,0.509741,0.267881,-0.132438,0.997,0.495757,0.265648,-0.121214,0.9977,0.494202,0.26608,-0.121879,0.9969,0.492588,0.266421,-0.121554,0.9975,0.518712,0.278072,-0.067016,0.9954,0.495994,0.273224,-0.023744,0.9963,0.501369,0.292323,-0.123209,0.9927,0.492521,0.289153,-0.110228,0.9931,0.549725,0.343828,-0.106872,0.9853,0.47733,0.341079,0.026075,0.9877,0.578576,0.249658,-0.222522,0.9956,0.431084,0.255801,0.010985,0.9501,0.565732,0.150219,-0.269907,0.9725,0.421927,0.155246,-0.046616,0.9571,0.567831,0.128331,-0.303077,0.9485,0.417309,0.129684,-0.071117,0.9037,0.55545,0.127758,-0.300503,0.942,0.427304,0.129108,-0.066729,0.8963,0.553146,0.136078,-0.271945,0.9378,0.431942,0.137279,-0.053382,0.903,0.534782,0.56185,-0.043844,0.9827,0.492353,0.569751,0.045021,0.9857,0.508251,0.707408,-0.026189,0.9614,0.483936,0.711137,0.083779,0.9174,0.516019,0.853676,0.114448,0.9257,0.506882,0.852957,0.196909,0.8799,0.52423,0.875475,0.119333,0.7649,0.518249,0.876509,0.201231,0.7831,0.496826,0.890401,0.008599,0.8811,0.48177,0.89007,0.100614,0.8429
utkatasana_tf_0125,0.504367,0.273099,-0.144985,0.9995,0.512632,0.264133,-0.125839,0.9994,0.516593,0.265153,-0.12515,0.9993,0.521061,0.266376,-0.125355,0.9992,0.503356,0.264531,-0.118654,0.9995,0.500381,0.265727,-0.119332,0.9995,0.497589,0.266754,-0.119059,0.9994,0.526511,0.280103,-0.041101,0.9988,0.495438,0.276151,-0.018557,0.9993,0.511267,0.289958,-0.117256,0.9984,0.497939,0.288177,-0.11021,0.9984,0.557893,0.34843,-0.079078,0.9946,0.468174,0.342756,0.011882,0.9939,0.582954,0.25583,-0.201414,0.9966,0.429084,0.25878,-0.069458,0.9742,0.571734,0.159956,-0.267637,0.9896,0.423435,0.158144,-0.178933,0.9771,0.573992,0.137002,-0.302536,0.9707,0.420084,0.135867,-0.213301,0.9445,0.562667,0.13597,-0.300711,0.9674,0.430779,0.135583,-0.201308,0.9393,0.559319,0.143232,-0.270611,0.9644,0.434818,0.143364,-0.183847,0.942,0.544293,0.566055,-0.03049,0.9941,0.484287,0.573831,0.031602,0.9954,0.518394,0.706104,-0.017126,0.9757,0.481451,0.711832,0.048826,0.9627,0.523718,0.845215,0.134091,0.9497,0.511982,0.848768,0.178072,0.9446,0.528163,0.867253,0.14041,0.803,0.519613,0.868974,0.184203,0.8405,0.510412,0.886772,0.026897,0.9249,0.493472,0.890625,0.081741,0.921
utkatasana_tf_0126,0.517074,0.284852,-0.140818,0.9999,0.525574,0.275392,-0.11786,0.9999,0.529552,0.276346,-0.117097,0.9999,0.533751,0.277445,-0.117197,0.9998,0.515352,0.275177,-0.113574,0.9999,0.512073,0.275915,-0.11431,0.9999,0.508876,0.276442,-0.114107,0.9999,0.537603,0.290599,-0.019862,0.9998,0.503989,0.285071,-0.01411,0.9998,0.522822,0.300928,-0.108747,0.9997,0.508379,0.299351,-0.106119,0.9997,0.571598,0.356334,-0.044414,0.9986,0.468655,0.352901,-0.002814,0.9975,0.601628,0.270762,-0.169838,0.9973,0.430021,0.272382,-0.137046,0.994,0.583831,0.176595,-0.24565,0.9931,0.432009,0.178277,-0.266494,0.991,0.583525,0.153284,-0.277804,0.9777,0.427362,0.153905,-0.303643,0.9729,0.573207,0.152955,-0.273869,0.9754,0.436359,0.153914,-0.279345,0.9699,0.570193,0.161861,-0.247738,0.9734,0.440789,0.162477,-0.266618,0.9678,0.560014,0.568776,-0.012538,0.9987,0.492205,0.576103,0.013654,0.9988,0.537562,0.685302,-0.174384,0.9788,0.494403,0.703183,-0.014454,0.9577,0.532785,0.821184,-0.015013,0.9424,0.517461,0.837567,0.129686,0.9409,0.535864,0.841454,-0.006313,0.8192,0.525974,0.855907,0.136402,0.7854,0.524625,0.870511,-0.126869,0.9387,0.505906,0.884904,0.029365,0.9111
utkatasana_tf_0127,0.516338,0.287212,-0.164329,0.9995,0.522716,0.280202,-0.151266,0.9993,0.52419,0.281301,-0.150587,0.9992,0.525918,0.282435,-0.150805,0.9991,0.518672,0.279389,-0.145325,0.9993,0.517411,0.27997,-0.146116,0.9992,0.516072,0.280409,-0.145725,0.9993,0.529673,0.295171,-0.082294,0.9987,0.517153,0.289291,-0.065884,0.9989,0.517602,0.303147,-0.140713,0.9987,0.511863,0.300332,-0.134863,0.9986,0.558985,0.360879,-0.094129,0.995,0.487023,0.35933,-0.052393,0.9951,0.599111,0.273376,-0.174291,0.9943,0.438867,0.278771,-0.195015,0.9741,0.58633,0.180029,-0.204559,0.9844,0.440737,0.185007,-0.33512,0.9743,0.586549,0.158341,-0.228985,0.9564,0.436156,0.162377,-0.368909,0.9374,0.576038,0.157126,-0.225837,0.9514,0.448603,0.162886,-0.351505,0.9301,0.573086,0.164675,-0.205228,0.945,0.453158,0.171364,-0.337582,0.9288,0.548661,0.575596,-0.021117,0.9953,0.51676,0.58045,0.022246,0.9961,0.525285,0.6928,-0.062415,0.9744,0.508413,0.699752,0.017538,0.935,0.530621,0.834163,0.061581,0.945,0.52781,0.833558,0.130316,0.9086,0.536117,0.857999,0.064831,0.8211,0.534202,0.855599,0.135174,0.8075,0.520203,0.87677,-0.042618,0.9275,0.516158,0.87614,0.04524,0.8966
utkatasana_tf_0128,0.529447,0.29881,-0.161786,0.9998,0.534605,0.29219,-0.141442,0.9996,0.536759,0.293677,-0.140647,0.9996,0.539242,0.29523,-0.140823,0.9996,0.52849,0.290929,-0.142328,0.9996,0.526355,0.291548,-0.143079,0.9996,0.523126,0.292054,-0.142797,0.9996,0.540432,0.307404,-0.04855,0.9995,0.521887,0.301251,-0.064466,0.9992,0.532715,0.315691,-0.130743,0.9995,0.524406,0.311501,-0.134081,0.9992,0.569266,0.370228,-0.049684,0.9981,0.487008,0.370918,-0.070676,0.9963,0.611058,0.283918,-0.123809,0.9905,0.444822,0.291057,-0.234606,0.9862,0.597273,0.191485,-0.172786,0.9772,0.447356,0.194172,-0.369443,0.978,0.598486,0.168044,-0.196078,0.9359,0.443482,0.172497,-0.403886,0.9413,0.589966,0.16756,-0.196051,0.9314,0.453543,0.172399,-0.380265,0.9344,0.586605,0.175491,-0.175476,0.926,0.457381,0.180099,-0.368769,0.9307,0.556048,0.580943,4.6e-05,0.9979,0.518399,0.586018,0.00115,0.9976,0.540347,0.689449,-0.152517,0.973,0.517824,0.697422,-0.095681,0.9573,0.539032,0.832629,-0.047922,0.9439,0.53031,0.838716,-0.011886,0.9344,0.543629,0.857158,-0.046753,0.8265,0.539693,0.862437,-0.010014,0.7963,0.533617,0.883057,-0.163384,0.9376,0.525943,0.885071,-0.111657,0.9308
utkatasana_tf_0129,0.539586,0.314592,-0.084783,0.9993,0.542475,0.306498,-0.088625,0.999,0.542867,0.30754,-0.087947,0.999,0.543294,0.308581,-0.088402,0.999,0.54127,0.305008,-0.086346,0.9986,0.54073,0.305113,-0.087042,0.9986,0.540258,0.305099,-0.086638,0.9986,0.544481,0.319645,-0.085129,0.9991,0.542997,0.313106,-0.090246,0.9983,0.540832,0.330558,-0.081747,0.999,0.538125,0.326546,-0.082989,0.9984,0.54335,0.382393,-0.100407,0.9987,0.526257,0.384758,-0.092169,0.9959,0.614364,0.299886,-0.148184,0.9745,0.47763,0.305799,-0.130261,0.9367,0.61166,0.204693,-0.190914,0.9261,0.532634,0.199779,-0.15833,0.9002,0.610425,0.179925,-0.204675,0.8594,0.535188,0.183039,-0.172444,0.8175,0.603244,0.177858,-0.210517,0.8544,0.531833,0.181802,-0.165494,0.8074,0.600187,0.187802,-0.193662,0.8515,0.495529,0.1955,-0.159146,0.7834,0.564818,0.596722,-0.001682,0.9993,0.55334,0.598971,0.00321,0.9981,0.555347,0.690489,-0.101514,0.9369,0.548121,0.702802,-0.055179,0.9199,0.553483,0.834282,-0.113994,0.9502,0.550996,0.840004,-0.099171,0.9548,0.556503,0.854259,-0.123503,0.8964,0.556229,0.858934,-0.108209,0.9135,0.550808,0.880953,-0.217198,0.9584,0.549321,0.884087,-0.190103,0.9612
utkatasana_tf_0130,0.551581,0.32065,-0.141342,0.9998,0.558348,0.31044,-0.119559,0.9997,0.5615,0.311255,-0.118805,0.9997,0.56488,0.312174,-0.118978,0.9997,0.549322,0.310242,-0.121011,0.9997,0.546403,0.310956,-0.121764,0.9996,0.54282,0.311678,-0.121549,0.9997,0.566314,0.323471,-0.024541,0.9996,0.541641,0.319934,-0.043234,0.9995,0.55756,0.336996,-0.110272,0.9996,0.545798,0.334318,-0.114886,0.9994,0.599425,0.388863,-0.02559,0.9987,0.515287,0.390694,-0.062804,0.9961,0.641996,0.307771,-0.092079,0.9884,0.471772,0.311633,-0.206475,0.9885,0.633773,0.212411,-0.124991,0.9725,0.483462,0.217708,-0.3044,0.9667,0.633656,0.189292,-0.143254,0.9253,0.478448,0.196527,-0.337386,0.9073,0.627233,0.189331,-0.144215,0.9216,0.490357,0.196258,-0.311127,0.8981,0.625445,0.197053,-0.12713,0.919,0.49536,0.205175,-0.302151,0.8961,0.581253,0.60357,0.009224,0.9985,0.533275,0.605388,-0.007916,0.9976,0.572905,0.686732,-0.195987,0.9506,0.55321,0.691571,-0.179791,0.9656,0.568255,0.837544,-0.129423,0.9199,0.558974,0.842662,-0.132209,0.9382,0.566544,0.857143,-0.13143,0.768,0.560323,0.861619,-0.132757,0.8062,0.569347,0.882608,-0.253754,0.9254,0.562228,0.887621,-0.23179,0.9454
utkatasana_tf_0131,0.559261,0.323547,-0.138045,0.9999,0.565544,0.313439,-0.117292,0.9998,0.568253,0.314306,-0.116501,0.9998,0.571128,0.315349,-0.11669,0.9998,0.557608,0.312978,-0.119551,0.9998,0.555052,0.313547,-0.120269,0.9998,0.551444,0.314171,-0.12003,0.9998,0.571079,0.325391,-0.024779,0.9997,0.550053,0.321778,-0.047397,0.9997,0.564454,0.338639,-0.107254,0.9997,0.554098,0.336114,-0.11297,0.9995,0.60528,0.389808,-0.019622,0.9989,0.520531,0.391141,-0.065921,0.9969,0.648278,0.310724,-0.070631,0.9886,0.478114,0.315676,-0.21654,0.989,0.642708,0.214908,-0.092711,0.974,0.484099,0.22045,-0.327597,0.9691,0.642346,0.192317,-0.107901,0.9286,0.482771,0.201398,-0.36125,0.9156,0.636242,0.191246,-0.109822,0.9253,0.491067,0.201626,-0.335461,0.9069,0.634877,0.199632,-0.094963,0.9231,0.497239,0.208874,-0.325503,0.9035,0.585825,0.605228,0.012875,0.9984,0.547078,0.606351,-0.011525,0.9975,0.574355,0.696375,-0.179846,0.9431,0.55535,0.704197,-0.156738,0.9563,0.570872,0.840131,-0.105907,0.9005,0.565119,0.845534,-0.107944,0.9232,0.570596,0.863159,-0.106757,0.789,0.568873,0.863923,-0.108207,0.7872,0.574828,0.886307,-0.217926,0.908,0.570787,0.892936,-0.199576,0.9285
utkatasana_tf_0132,0.570824,0.330545,-0.149188,0.999,0.575297,0.318664,-0.13559,0.9985,0.577678,0.319384,-0.134837,0.9984,0.580272,0.320154,-0.135165,0.9985,0.567934,0.318347,-0.137246,0.9983,0.565666,0.318924,-0.137994,0.9981,0.563462,0.319459,-0.137745,0.9984,0.580845,0.329567,-0.063623,0.9981,0.563548,0.327619,-0.084567,0.9973,0.574779,0.347877,-0.125072,0.9974,0.565887,0.345023,-0.130192,0.9963,0.599883,0.392386,-0.053587,0.9964,0.528981,0.397459,-0.096358,0.986,0.660988,0.314008,-0.101572,0.978,0.490893,0.318627,-0.199228,0.968,0.658915,0.222764,-0.127345,0.9361,0.496409,0.225899,-0.274103,0.9028,0.655571,0.199553,-0.143573,0.8599,0.494286,0.206424,-0.304393,0.7906,0.647562,0.199313,-0.149831,0.8517,0.502796,0.206608,-0.283649,0.7744,0.649068,0.205327,-0.131264,0.8497,0.505451,0.211845,-0.273609,0.7717,0.598409,0.60987,0.015593,0.9968,0.562118,0.610822,-0.014229,0.9935,0.575013,0.704265,-0.133752,0.8901,0.577992,0.698755,-0.146111,0.9373,0.576664,0.843493,-0.066207,0.8491,0.577459,0.84916,-0.098108,0.9035,0.575875,0.864874,-0.068212,0.7485,0.579704,0.869433,-0.098224,0.7972,0.581245,0.889631,-0.173768,0.8652,0.578325,0.894014,-0.186834,0.9071
utkatasana_tf_0133,0.599597,0.317855,-0.120662,0.9995,0.599552,0.308926,-0.108872,0.9993,0.601054,0.309888,-0.108163,0.9991,0.602797,0.310729,-0.108407,0.9993,0.593078,0.307997,-0.116872,0.9992,0.59124,0.308649,-0.117614,0.999,0.58952,0.309205,-0.11732,0.9992,0.599158,0.321238,-0.04078,0.9991,0.586417,0.319278,-0.090698,0.9986,0.600309,0.336268,-0.097497,0.9989,0.595488,0.333667,-0.111104,0.9983,0.620841,0.395885,-0.015562,0.998,0.550574,0.394522,-0.11248,0.9872,0.688166,0.322615,-0.039098,0.9597,0.517776,0.318153,-0.205495,0.9643,0.697785,0.231169,-0.070655,0.8938,0.532867,0.226976,-0.245792,0.8176,0.695443,0.206605,-0.086071,0.7914,0.535882,0.209276,-0.277543,0.649,0.687688,0.206049,-0.098038,0.784,0.581599,0.20706,-0.252008,0.6237,0.687396,0.211893,-0.076941,0.7837,0.582674,0.215509,-0.242585,0.6163,0.60298,0.613493,0.033517,0.9985,0.569664,0.613746,-0.032024,0.9955,0.593546,0.715179,-0.108838,0.878,0.597506,0.71284,-0.149001,0.9403,0.596743,0.853293,-0.029805,0.8607,0.594638,0.856913,-0.088636,0.927,0.594004,0.872043,-0.030246,0.7521,0.592201,0.87315,-0.087169,0.8287,0.604057,0.899655,-0.130507,0.8792,0.604848,0.902605,-0.168711,0.928
utkatasana_tf_0134,0.613925,0.319942,0.019264,0.9995,0.610357,0.309822,0.006566,0.9995,0.608574,0.310736,0.007209,0.9995,0.602874,0.311451,0.00698,0.9995,0.613827,0.309144,-0.002806,0.9995,0.615623,0.310045,-0.003333,0.9994,0.616631,0.310812,-0.003113,0.9995,0.596052,0.322387,-0.02686,0.9995,0.611216,0.320117,-0.087437,0.9994,0.607888,0.336908,0.012919,0.9992,0.614965,0.334157,-0.004945,0.9989,0.551294,0.386776,-0.002259,0.998,0.611177,0.394309,-0.121474,0.9958,0.613008,0.287535,0.013732,0.8432,0.63446,0.301774,-0.116306,0.9162,0.652368,0.202142,-0.028466,0.8351,0.638419,0.223197,-0.059632,0.7997,0.654641,0.180372,-0.033778,0.7851,0.644256,0.203754,-0.071846,0.7283,0.693217,0.195246,-0.05242,0.7842,0.637611,0.206199,-0.06384,0.7141,0.690645,0.20405,-0.035619,0.7714,0.634634,0.214351,-0.056416,0.6838,0.555406,0.621323,0.057637,0.9996,0.600337,0.623827,-0.055787,0.9992,0.58643,0.712733,0.122461,0.5566,0.619629,0.71047,0.00466,0.8574,0.593692,0.860648,0.026538,0.8154,0.601605,0.866657,-0.098338,0.9305,0.58927,0.880082,0.010093,0.8565,0.597006,0.885802,-0.111609,0.9289,0.612003,0.901232,-0.039113,0.8959,0.622329,0.909898,-0.157036,0.9347
utkatasana_tf_0135,0.620284,0.313874,0.057165,0.9995,0.612759,0.303284,0.04591,0.9995,0.610291,0.304303,0.046577,0.9995,0.607761,0.305539,0.046666,0.9995,0.619116,0.303144,0.032308,0.9996,0.62057,0.303958,0.031652,0.9995,0.622346,0.305035,0.032064,0.9995,0.596473,0.31753,0.020994,0.9994,0.617655,0.316347,-0.061154,0.9994,0.610665,0.331138,0.054577,0.9989,0.619246,0.328723,0.030658,0.9985,0.562111,0.383651,0.066321,0.9971,0.603807,0.38987,-0.112867,0.9935,0.614208,0.277728,0.10753,0.6218,0.6444,0.291259,-0.116854,0.85,0.67129,0.19878,0.078473,0.6784,0.698498,0.219145,-0.042009,0.6574,0.712071,0.188674,0.079936,0.6469,0.714019,0.192066,-0.051415,0.6056,0.709516,0.187914,0.05996,0.646,0.696359,0.193928,-0.042264,0.5808,0.706007,0.198089,0.071045,0.64,0.689523,0.208589,-0.036031,0.5499,0.545592,0.621183,0.083911,0.9996,0.587444,0.625509,-0.082148,0.9993,0.58199,0.723048,0.201737,0.5027,0.638612,0.706868,-0.025495,0.9443,0.593857,0.871089,0.119964,0.8484,0.606764,0.879683,-0.122617,0.9734,0.583606,0.893714,0.105062,0.8779,0.597944,0.903551,-0.13406,0.9642,0.619898,0.912649,0.084298,0.9089,0.636057,0.920147,-0.161032,0.9702
utkatasana_tf_0136,0.623224,0.322085,-0.006412,0.9968,0.612329,0.307063,-0.014913,0.9964,0.607732,0.307038,-0.014324,0.9962,0.603745,0.307235,-0.013974,0.9965,0.621449,0.308987,-0.035695,0.9966,0.623462,0.310103,-0.036282,0.9961,0.625708,0.311309,-0.035721,0.996,0.589234,0.317314,-0.021668,0.996,0.617214,0.320751,-0.13265,0.9945,0.613095,0.335842,-0.001092,0.9945,0.623305,0.335476,-0.032976,0.9928,0.533666,0.380174,0.046482,0.9963,0.624643,0.389918,-0.184036,0.9919,0.544039,0.292199,0.126073,0.4734,0.702702,0.309984,-0.212132,0.9392,0.633968,0.224201,0.122439,0.5663,0.72707,0.206383,-0.169545,0.927,0.636104,0.205079,0.129164,0.5674,0.737256,0.179017,-0.191147,0.9091,0.642664,0.207374,0.110632,0.568,0.722979,0.17739,-0.180192,0.898,0.644963,0.21789,0.116134,0.5871,0.717597,0.18663,-0.163534,0.8698,0.516692,0.628579,0.094609,0.9992,0.593184,0.6411,-0.092934,0.998,0.581176,0.722586,0.28203,0.2279,0.634612,0.727594,0.047772,0.8261,0.589826,0.885881,0.266483,0.6298,0.601192,0.90091,0.039395,0.9323,0.571333,0.915254,0.259577,0.7358,0.585471,0.929937,0.036817,0.9456,0.623488,0.918731,0.259293,0.7269,0.637442,0.935406,0.019677,0.9193
utkatasana_tf_0137,0.620893,0.312362,-0.028702,0.9986,0.613439,0.300445,-0.024867,0.9987,0.61229,0.301191,-0.024249,0.9984,0.611424,0.302024,-0.02403,0.9987,0.614255,0.300434,-0.050282,0.9988,0.613545,0.301213,-0.051102,0.9986,0.613089,0.30205,-0.050607,0.9985,0.597381,0.31297,0.02007,0.9983,0.602464,0.311059,-0.112832,0.9983,0.615713,0.327944,-0.008183,0.9973,0.616521,0.3263,-0.046079,0.9973,0.570922,0.384884,0.09355,0.9941,0.581926,0.384423,-0.163555,0.9904,0.651444,0.286814,0.136487,0.5006,0.652103,0.305525,-0.200442,0.8995,0.712009,0.203311,0.078553,0.5146,0.712019,0.205108,-0.133516,0.6593,0.726605,0.185313,0.069198,0.5017,0.729146,0.177616,-0.15481,0.5935,0.717488,0.183154,0.049663,0.5035,0.712172,0.175827,-0.145844,0.5579,0.713147,0.195279,0.06714,0.5196,0.706139,0.187725,-0.129327,0.5288,0.523638,0.640151,0.100922,0.9989,0.541262,0.645419,-0.099336,0.9983,0.591448,0.759751,0.204081,0.4167,0.635385,0.701309,-0.106957,0.957,0.585937,0.899787,0.216925,0.7135,0.596282,0.896446,-0.090272,0.9669,0.570439,0.930389,0.211074,0.6921,0.578864,0.919959,-0.092114,0.9546,0.619808,0.938768,0.189877,0.8105,0.633235,0.932668,-0.128324,0.9657
utkatasana_tf_0138,0.627608,0.315459,-0.006739,0.9977,0.616906,0.304429,-0.003483,0.9977,0.613996,0.305058,-0.002866,0.9973,0.611469,0.305858,-0.002595,0.998,0.619795,0.30424,-0.031817,0.9981,0.619265,0.30464,-0.032584,0.9978,0.618989,0.305169,-0.032057,0.998,0.591975,0.314601,0.031556,0.9975,0.605601,0.312177,-0.112382,0.9969,0.621195,0.328843,0.010563,0.9958,0.624077,0.326927,-0.03062,0.9948,0.548134,0.382833,0.108491,0.9952,0.596212,0.382338,-0.167926,0.9936,0.606433,0.309461,0.194644,0.3377,0.693191,0.30807,-0.198633,0.9586,0.651931,0.236957,0.174689,0.4831,0.728053,0.203242,-0.127142,0.9176,0.655874,0.21844,0.176191,0.5143,0.73996,0.174337,-0.148985,0.898,0.654606,0.215399,0.157431,0.5172,0.725308,0.172654,-0.140332,0.8832,0.655511,0.225331,0.165097,0.5357,0.719266,0.184189,-0.121965,0.8488,0.512134,0.636958,0.105839,0.9992,0.556865,0.645599,-0.104424,0.9981,0.590014,0.752253,0.188499,0.2632,0.63509,0.712362,-0.078386,0.9459,0.585926,0.89806,0.18091,0.5442,0.593164,0.902806,-0.070464,0.9507,0.56726,0.929805,0.172781,0.5868,0.574374,0.938085,-0.07282,0.9471,0.632354,0.934609,0.159251,0.7179,0.644092,0.938671,-0.101995,0.9507
utkatasana_tf_0139,0.618733,0.317001,-0.000643,0.9968,0.609543,0.305161,0.003366,0.9967,0.607039,0.305828,0.003995,0.9965,0.604726,0.306663,0.004252,0.9973,0.612275,0.304879,-0.026246,0.9972,0.611752,0.305344,-0.027143,0.9969,0.61144,0.305967,-0.026508,0.997,0.584977,0.315462,0.045373,0.997,0.598743,0.313073,-0.104204,0.9953,0.611073,0.33131,0.018293,0.994,0.614849,0.328891,-0.0239,0.9931,0.548009,0.38726,0.128232,0.9927,0.596028,0.381492,-0.163127,0.9928,0.602779,0.334695,0.218679,0.2622,0.697169,0.305304,-0.192149,0.9615,0.664258,0.282323,0.202955,0.3683,0.72615,0.198856,-0.11217,0.9184,0.674121,0.269706,0.208418,0.3952,0.738453,0.16986,-0.131432,0.8958,0.671826,0.265623,0.187814,0.3985,0.725576,0.168268,-0.123296,0.8814,0.669698,0.273156,0.192585,0.4138,0.718259,0.17765,-0.106446,0.8501,0.504225,0.644594,0.110335,0.9989,0.53613,0.657183,-0.108913,0.9979,0.601044,0.735483,0.178154,0.3751,0.631128,0.720577,-0.10633,0.9815,0.575148,0.904924,0.20825,0.6064,0.578211,0.926238,-0.054991,0.9669,0.551248,0.940257,0.204845,0.6047,0.55646,0.955069,-0.052671,0.9505,0.623518,0.936021,0.201539,0.7456,0.637916,0.951768,-0.071427,0.9601
utkatasana_tf_0140,0.618218,0.316506,-0.03863,0.9962,0.611016,0.303731,-0.033266,0.9965,0.609304,0.303983,-0.032724,0.9961,0.607713,0.30437,-0.032447,0.9967,0.611075,0.303642,-0.062698,0.9965,0.609467,0.30384,-0.063574,0.9962,0.608027,0.304168,-0.063039,0.9959,0.588137,0.311939,0.020252,0.9968,0.593577,0.31103,-0.129249,0.996,0.609703,0.329302,-0.015727,0.9936,0.610031,0.32743,-0.057898,0.9941,0.545254,0.38832,0.106238,0.9886,0.577487,0.384019,-0.184271,0.9889,0.627955,0.327559,0.182508,0.2877,0.677051,0.306397,-0.233392,0.9229,0.688332,0.266071,0.153802,0.3145,0.717049,0.196074,-0.171514,0.7905,0.705167,0.200639,0.156553,0.3431,0.728957,0.168901,-0.195659,0.7417,0.701684,0.197727,0.132221,0.347,0.718444,0.165842,-0.182197,0.7115,0.700172,0.20218,0.142349,0.3625,0.711777,0.17716,-0.165621,0.6765,0.497754,0.645461,0.111234,0.9974,0.529728,0.661117,-0.109761,0.9957,0.583872,0.734253,0.235848,0.2911,0.63041,0.716898,-0.083022,0.9695,0.565682,0.905019,0.276224,0.5479,0.570477,0.930125,-0.034915,0.9596,0.536624,0.950756,0.27354,0.5794,0.544998,0.960921,-0.032907,0.948,0.616916,0.950363,0.26835,0.6646,0.631622,0.962273,-0.055078,0.946
utkatasana_tf_0141,0.609564,0.323531,0.001451,0.9979,0.600366,0.310678,0.006646,0.9982,0.598546,0.310903,0.007281,0.9982,0.596846,0.311241,0.007473,0.9983,0.600707,0.310482,-0.024118,0.9979,0.599248,0.310616,-0.025013,0.9976,0.598021,0.31093,-0.024402,0.9973,0.577727,0.319468,0.058773,0.9985,0.58445,0.318336,-0.095115,0.997,0.601621,0.335478,0.023543,0.9959,0.602519,0.333405,-0.019929,0.995,0.531117,0.391173,0.146653,0.9939,0.570989,0.386139,-0.159342,0.9903,0.61076,0.338303,0.238316,0.2437,0.677485,0.309877,-0.202705,0.9506,0.679633,0.282466,0.215888,0.3404,0.720527,0.197717,-0.124596,0.9012,0.670889,0.242013,0.224924,0.3719,0.730233,0.168447,-0.148908,0.8771,0.683734,0.259105,0.199841,0.3777,0.716876,0.164285,-0.135514,0.8598,0.67096,0.237324,0.204053,0.3974,0.710759,0.173334,-0.118278,0.8275,0.476186,0.665085,0.113531,0.9982,0.501531,0.677115,-0.112225,0.9959,0.584975,0.737327,0.169134,0.4187,0.621672,0.720273,-0.124465,0.9883,0.554805,0.922005,0.212527,0.6088,0.555932,0.940815,-0.049339,0.9597,0.531076,0.963526,0.210732,0.6302,0.534351,0.97201,-0.043237,0.9408,0.611149,0.958506,0.209618,0.7043,0.62415,0.972279,-0.049064,0.9384
utkatasana_tf_0142,0.599961,0.32585,-0.010928,0.9977,0.589775,0.311033,-0.007016,0.9975,0.587142,0.310795,-0.006362,0.9973,0.584713,0.310686,-0.00598,0.9977,0.593072,0.311898,-0.036047,0.9979,0.592774,0.312229,-0.036949,0.9976,0.592643,0.312637,-0.03643,0.9974,0.566517,0.317639,0.03956,0.9978,0.580038,0.319492,-0.109324,0.9962,0.58974,0.338441,0.009966,0.9949,0.593706,0.337512,-0.031789,0.9947,0.520133,0.390854,0.129942,0.991,0.563881,0.388096,-0.166119,0.995,0.594584,0.352298,0.229277,0.1768,0.668852,0.314114,-0.1957,0.9258,0.66432,0.298596,0.222308,0.2971,0.71619,0.198692,-0.11138,0.874,0.675832,0.286769,0.230122,0.3474,0.729052,0.16942,-0.128856,0.8555,0.673396,0.28097,0.210405,0.3516,0.715524,0.165732,-0.121799,0.8387,0.670573,0.288262,0.212975,0.3616,0.706943,0.17491,-0.105834,0.8053,0.462453,0.653571,0.111911,0.998,0.50688,0.673461,-0.110606,0.9978,0.564319,0.723404,0.254514,0.2858,0.616061,0.722697,-0.101069,0.9715,0.540289,0.898526,0.303279,0.5154,0.554221,0.943498,-0.082537,0.9598,0.512379,0.924503,0.301224,0.5597,0.531708,0.97483,-0.08237,0.9466,0.56875,0.918645,0.312778,0.6332,0.606466,0.973988,-0.101013,0.948
utkatasana_tf_0143,0.591431,0.318224,-0.047357,0.9988,0.588466,0.306764,-0.036383,0.999,0.589205,0.307706,-0.035741,0.999,0.59015,0.308477,-0.035747,0.999,0.582238,0.304221,-0.062264,0.999,0.578878,0.303716,-0.063234,0.9989,0.575527,0.303129,-0.062875,0.9987,0.573786,0.316915,0.036554,0.9989,0.557586,0.309128,-0.096094,0.9986,0.586518,0.333332,-0.020651,0.9963,0.579427,0.329146,-0.058239,0.9963,0.55147,0.39695,0.102937,0.9922,0.508379,0.383059,-0.152199,0.9827,0.665275,0.317864,0.125152,0.5467,0.586175,0.284178,-0.213405,0.929,0.709991,0.206334,0.036326,0.4431,0.645047,0.21087,-0.15472,0.5909,0.717212,0.176952,0.020057,0.4051,0.660302,0.178122,-0.179904,0.4985,0.709069,0.171799,0.002468,0.4072,0.664271,0.173059,-0.165451,0.4655,0.701037,0.18503,0.024025,0.4178,0.657853,0.184325,-0.150869,0.4434,0.4856,0.660766,0.098297,0.9969,0.445267,0.670855,-0.097041,0.9912,0.593224,0.722083,0.027138,0.7065,0.582003,0.720659,-0.213139,0.9893,0.548994,0.930617,0.016208,0.7094,0.543784,0.94803,-0.194204,0.9708,0.521447,0.971214,0.008613,0.661,0.515585,0.978532,-0.194818,0.9427,0.597781,0.976033,-0.027066,0.7865,0.60052,0.985638,-0.237653,0.9594
utkatasana_tf_0144,0.589851,0.331763,-0.016148,0.9975,0.577438,0.314785,-0.012177,0.9974,0.574411,0.314279,-0.011471,0.9976,0.571733,0.314153,-0.011136,0.9975,0.580787,0.316199,-0.040025,0.9971,0.580011,0.316489,-0.040924,0.9966,0.579447,0.317012,-0.040455,0.9963,0.551584,0.320256,0.033157,0.9976,0.563051,0.323916,-0.110256,0.9961,0.576555,0.344137,0.003848,0.995,0.579967,0.342735,-0.037042,0.9945,0.507152,0.396563,0.115337,0.9922,0.543633,0.399132,-0.173103,0.9906,0.600824,0.301236,0.181211,0.3251,0.648123,0.318519,-0.216071,0.8925,0.691004,0.216788,0.136582,0.4915,0.703267,0.207271,-0.146444,0.7874,0.700384,0.188352,0.135169,0.5194,0.716488,0.176422,-0.171149,0.7547,0.686824,0.183727,0.113611,0.5209,0.704177,0.169221,-0.157725,0.7258,0.681514,0.197775,0.124598,0.5443,0.695852,0.181973,-0.140716,0.6893,0.440232,0.657592,0.116814,0.9973,0.471752,0.68211,-0.115535,0.9968,0.571236,0.716292,0.262797,0.3085,0.596798,0.732141,-0.128176,0.9849,0.531581,0.921302,0.339753,0.5134,0.534199,0.949723,-0.110753,0.9785,0.503578,0.944486,0.341134,0.5277,0.511387,0.977027,-0.112434,0.9574,0.582077,0.965676,0.356488,0.6387,0.597883,0.987685,-0.139508,0.965
utkatasana_tf_0145,0.575061,0.319707,-0.024783,0.9981,0.565314,0.305629,-0.019821,0.9979,0.562768,0.305642,-0.019166,0.998,0.560675,0.305686,-0.018796,0.9979,0.568127,0.307037,-0.047717,0.9978,0.567334,0.307903,-0.048591,0.9976,0.566702,0.308628,-0.048263,0.9974,0.542376,0.316796,0.028767,0.9979,0.547902,0.317808,-0.115457,0.9975,0.564657,0.334226,-0.004223,0.9954,0.567434,0.333344,-0.045039,0.996,0.502608,0.38722,0.105853,0.9892,0.532558,0.397049,-0.175408,0.9947,0.60092,0.297495,0.152626,0.3407,0.604769,0.313894,-0.216226,0.8799,0.685413,0.217236,0.096787,0.4693,0.686888,0.210126,-0.154663,0.7199,0.694509,0.187463,0.092036,0.4781,0.708176,0.17856,-0.181637,0.6655,0.680749,0.183138,0.070646,0.48,0.696137,0.171388,-0.164772,0.6306,0.675873,0.197064,0.084575,0.4959,0.682745,0.18476,-0.147804,0.5916,0.428196,0.657916,0.113834,0.9965,0.463075,0.682739,-0.112391,0.9978,0.518021,0.717999,0.301334,0.152,0.593672,0.729658,-0.13052,0.9747,0.486945,0.849369,0.395251,0.2643,0.52851,0.951859,-0.126378,0.964,0.466997,0.872488,0.397779,0.3355,0.500804,0.978328,-0.129623,0.9472,0.540706,0.882082,0.419084,0.416,0.58608,0.988041,-0.160783,0.9507
utkatasana_tf_0146,0.541342,0.335302,0.013866,0.9981,0.528929,0.320456,0.01864,0.998,0.526275,0.32017,0.019495,0.9981,0.523572,0.320026,0.019586,0.9981,0.530861,0.32143,-0.014689,0.9981,0.529576,0.321712,-0.015509,0.998,0.528175,0.32204,-0.014942,0.9979,0.501128,0.327781,0.066093,0.9985,0.507854,0.328352,-0.096791,0.9983,0.531079,0.349925,0.03471,0.9975,0.533417,0.349601,-0.012152,0.9975,0.445808,0.413218,0.153379,0.9972,0.491055,0.396852,-0.163575,0.9977,0.510564,0.357239,0.260418,0.4028,0.60562,0.329022,-0.208393,0.9858,0.575909,0.277256,0.259445,0.573,0.664501,0.208824,-0.138752,0.9855,0.546216,0.245439,0.277207,0.5963,0.676686,0.179362,-0.172268,0.9786,0.549443,0.244143,0.253926,0.5978,0.666552,0.175263,-0.150697,0.9748,0.576951,0.253463,0.250269,0.6213,0.660268,0.182606,-0.130528,0.9638,0.366354,0.682604,0.108878,0.999,0.384716,0.69973,-0.107585,0.9985,0.527712,0.748543,0.186965,0.3194,0.556262,0.740175,-0.109307,0.9838,0.473593,0.951122,0.262485,0.4048,0.478503,0.965339,-0.009391,0.9428,0.450364,0.97263,0.265923,0.4705,0.45659,0.978191,-0.000193,0.9186,0.52806,0.984065,0.282159,0.5302,0.543617,0.999758,0.014651,0.9134
utkatasana_tf_0147,0.498755,0.342012,0.014354,0.9993,0.494015,0.333027,0.02289,0.9993,0.49341,0.333299,0.023617,0.9993,0.493204,0.333635,0.023591,0.9992,0.491244,0.332869,-0.005939,0.9992,0.488574,0.332987,-0.006893,0.9991,0.484936,0.332993,-0.0063,0.9989,0.479171,0.342942,0.082497,0.9992,0.471544,0.338441,-0.0629,0.9987,0.492411,0.35819,0.037501,0.9977,0.488622,0.357358,-0.003727,0.9973,0.445036,0.418933,0.150032,0.9952,0.438632,0.416384,-0.127758,0.9873,0.543486,0.349471,0.203124,0.4002,0.548212,0.341617,-0.181356,0.9515,0.630843,0.229116,0.150354,0.5575,0.621787,0.220463,-0.121252,0.8743,0.639438,0.198863,0.148801,0.5582,0.647788,0.189156,-0.15003,0.8178,0.635621,0.19383,0.127472,0.558,0.640066,0.181736,-0.133562,0.7938,0.629201,0.205972,0.138795,0.5726,0.622923,0.195816,-0.116414,0.7567,0.385615,0.707735,0.095856,0.9978,0.345557,0.705732,-0.094749,0.9948,0.515523,0.736993,0.062458,0.6165,0.428197,0.738183,-0.188858,0.9851,0.445376,0.944205,0.062013,0.6185,0.441244,0.955382,-0.155139,0.9524,0.420978,0.969967,0.055712,0.6232,0.417412,0.976252,-0.153097,0.9309,0.486342,0.986852,0.035627,0.7186,0.472344,1.004084,-0.183003,0.9342
utkatasana_tf_0148,0.512416,0.362171,0.014019,0.9984,0.501411,0.345277,0.017593,0.9983,0.498687,0.344669,0.018351,0.9984,0.496119,0.344317,0.018558,0.9984,0.503301,0.346492,-0.014849,0.9982,0.501724,0.346362,-0.015714,0.998,0.500172,0.346387,-0.015164,0.9978,0.471754,0.349978,0.061658,0.9988,0.47912,0.351697,-0.099591,0.998,0.499091,0.37401,0.033956,0.9978,0.501276,0.373803,-0.012269,0.9977,0.405051,0.423752,0.146226,0.9972,0.449767,0.413321,-0.163342,0.9972,0.476567,0.354042,0.245625,0.4217,0.562384,0.343279,-0.217877,0.9784,0.547047,0.260923,0.219026,0.6514,0.632456,0.224173,-0.158081,0.9761,0.541868,0.238052,0.228096,0.6761,0.647427,0.191002,-0.190605,0.9645,0.543644,0.236528,0.201462,0.6794,0.638471,0.186268,-0.167756,0.9591,0.552807,0.239602,0.207465,0.6955,0.631633,0.194264,-0.149605,0.945,0.320577,0.699104,0.11339,0.9994,0.341804,0.716838,-0.112058,0.9987,0.478437,0.751906,0.212087,0.2995,0.529928,0.752703,-0.087052,0.9767,0.433335,0.955686,0.297611,0.4097,0.443314,0.966015,0.024284,0.9368,0.404579,0.971124,0.301874,0.4889,0.42125,0.979455,0.034602,0.9139,0.474626,1.014061,0.315228,0.5104,0.501567,1.017678,0.050122,0.9082
utkatasana_tf_0149,0.470465,0.374684,0.01637,0.9991,0.466225,0.359789,0.022949,0.999,0.46488,0.359819,0.023747,0.999,0.463611,0.360069,0.023814,0.999,0.465238,0.359727,-0.009635,0.999,0.463031,0.359483,-0.010606,0.999,0.460764,0.359407,-0.010043,0.9989,0.443068,0.365814,0.075802,0.9992,0.442272,0.36293,-0.084265,0.9991,0.459828,0.388879,0.038129,0.9987,0.45821,0.387311,-0.007977,0.9987,0.378453,0.432809,0.163693,0.9981,0.417763,0.42619,-0.154827,0.9986,0.472691,0.360707,0.26525,0.5201,0.534279,0.348247,-0.203475,0.9862,0.510302,0.27584,0.227367,0.6322,0.600812,0.231215,-0.117707,0.9833,0.510792,0.245275,0.236247,0.6311,0.61167,0.200642,-0.148373,0.9731,0.513758,0.244003,0.212964,0.633,0.599333,0.197858,-0.122902,0.9687,0.515346,0.256718,0.216493,0.653,0.59395,0.206707,-0.108218,0.9596,0.27109,0.706493,0.114051,0.9993,0.286537,0.728089,-0.112899,0.9987,0.460429,0.759624,0.192084,0.1465,0.494338,0.769131,-0.101338,0.9672,0.400948,0.946115,0.28454,0.1922,0.409894,0.965197,0.019174,0.8654,0.373156,0.961477,0.290824,0.2863,0.388556,0.971957,0.032577,0.8472,0.436301,0.994381,0.309939,0.3061,0.47101,1.034577,0.063496,0.8322
utkatasana_tf_0150,0.474368,0.391675,0.015489,0.9992,0.471201,0.37708,0.022748,0.9991,0.469715,0.375991,0.023466,0.9991,0.468128,0.375896,0.023532,0.9991,0.469317,0.375353,-0.010708,0.9991,0.466426,0.3743,-0.011686,0.999,0.463394,0.373403,-0.011155,0.999,0.44296,0.378065,0.077274,0.9992,0.441137,0.376101,-0.086366,0.999,0.462922,0.404811,0.037638,0.9981,0.460628,0.40351,-0.009512,0.9982,0.372793,0.436619,0.160175,0.9976,0.4088,0.434155,-0.158587,0.9978,0.46036,0.363804,0.249926,0.4635,0.51681,0.353441,-0.217038,0.9892,0.529312,0.268856,0.187706,0.5674,0.591383,0.239113,-0.136795,0.9835,0.525417,0.246019,0.189094,0.5799,0.608852,0.20745,-0.164177,0.9723,0.521111,0.244763,0.165352,0.5778,0.596831,0.203701,-0.143859,0.968,0.528175,0.250365,0.17524,0.6005,0.589698,0.213868,-0.128774,0.9572,0.273151,0.703287,0.112715,0.9989,0.280968,0.717721,-0.111625,0.9978,0.467844,0.758401,0.167561,0.1943,0.491003,0.762728,-0.114821,0.9598,0.393938,0.954491,0.239346,0.1922,0.397017,0.972669,-0.01758,0.8689,0.366113,0.972572,0.242657,0.2776,0.374171,0.980657,-0.00702,0.8578,0.443285,1.023937,0.256581,0.2927,0.467898,1.038086,0.014084,0.8354
utkatasana_tf_0151,0.460741,0.386079,0.013592,0.999,0.455074,0.370477,0.01951,0.999,0.453251,0.370316,0.020211,0.9991,0.451402,0.37057,0.020297,0.999,0.454188,0.370291,-0.013175,0.9989,0.451515,0.369534,-0.014116,0.9988,0.448765,0.369137,-0.013577,0.9987,0.42728,0.374326,0.071169,0.9992,0.428241,0.372456,-0.088571,0.9987,0.449784,0.398175,0.035417,0.9984,0.448877,0.397463,-0.010703,0.9982,0.356446,0.440499,0.159832,0.998,0.403405,0.435544,-0.158362,0.9963,0.449219,0.367813,0.251775,0.4616,0.512553,0.353203,-0.213073,0.9808,0.530856,0.279873,0.202075,0.6076,0.586054,0.240466,-0.12716,0.9775,0.523674,0.246534,0.208856,0.6221,0.602288,0.209469,-0.156641,0.9657,0.526709,0.243454,0.183426,0.6217,0.590735,0.204689,-0.13305,0.9599,0.521705,0.257079,0.189338,0.6441,0.584275,0.214275,-0.118306,0.9481,0.259516,0.706952,0.11134,0.9983,0.271801,0.723586,-0.110239,0.9955,0.454153,0.759873,0.17414,0.153,0.479132,0.767226,-0.113631,0.9438,0.384047,0.956898,0.247887,0.1616,0.390208,0.970565,-0.013009,0.811,0.354897,0.97019,0.251655,0.2552,0.365605,0.982256,-0.001609,0.8285,0.420136,1.005036,0.270945,0.2569,0.449408,1.038647,0.024916,0.7809
utkatasana_tf_0152,0.418694,0.345991,-0.001115,0.9975,0.410125,0.331155,0.007613,0.9978,0.409193,0.331738,0.008357,0.9979,0.408127,0.332254,0.008349,0.9979,0.40731,0.330288,-0.026643,0.9976,0.404177,0.33002,-0.027606,0.9975,0.400988,0.329891,-0.027111,0.9973,0.385772,0.342162,0.068356,0.9982,0.380491,0.339838,-0.096863,0.9973,0.413336,0.363609,0.023096,0.9962,0.409686,0.361934,-0.024424,0.9957,0.347505,0.418943,0.157206,0.9954,0.361928,0.415355,-0.165334,0.9919,0.445139,0.337738,0.232342,0.5174,0.473995,0.32736,-0.219291,0.9821,0.500424,0.23684,0.161697,0.5362,0.535674,0.216763,-0.149573,0.9701,0.488564,0.207169,0.16355,0.5148,0.554779,0.184834,-0.184324,0.9542,0.48906,0.205388,0.140386,0.5165,0.540253,0.181184,-0.159143,0.9457,0.493949,0.214057,0.148747,0.5393,0.533515,0.188975,-0.141364,0.9295,0.240968,0.689321,0.113031,0.9968,0.237506,0.6961,-0.11179,0.9907,0.43816,0.773553,0.163113,0.2487,0.441747,0.770769,-0.103011,0.9725,0.359505,0.96202,0.250599,0.2231,0.363311,0.970714,0.004784,0.8683,0.328993,0.975798,0.257226,0.3011,0.335334,0.981654,0.015415,0.8541,0.400331,1.022123,0.268709,0.3281,0.432643,1.037197,0.028347,0.835
utkatasana_tf_0153,0.39833,0.329399,-0.014589,0.9975,0.390626,0.317202,-0.006632,0.9977,0.388825,0.31777,-0.00592,0.9979,0.387227,0.318498,-0.005941,0.9978,0.389386,0.317328,-0.040175,0.9975,0.386595,0.317879,-0.041049,0.9974,0.384001,0.318559,-0.040603,0.9972,0.365287,0.330938,0.052111,0.998,0.365739,0.330558,-0.109705,0.997,0.393337,0.348091,0.009681,0.996,0.391686,0.347092,-0.036815,0.9955,0.333751,0.405404,0.139004,0.9953,0.354426,0.403992,-0.174403,0.9915,0.430921,0.316455,0.212581,0.518,0.468841,0.316199,-0.232521,0.9842,0.481896,0.216216,0.141408,0.5123,0.521363,0.204068,-0.173449,0.9669,0.479475,0.185416,0.14001,0.4999,0.537373,0.173917,-0.208807,0.9517,0.478535,0.178653,0.115332,0.5026,0.519619,0.16882,-0.18416,0.9428,0.482214,0.186604,0.12794,0.5261,0.514806,0.177356,-0.165121,0.9253,0.246985,0.67518,0.112636,0.9977,0.24247,0.688039,-0.111248,0.9939,0.420199,0.771014,0.168025,0.2305,0.445396,0.781014,-0.095397,0.9735,0.349714,0.970255,0.26659,0.2244,0.354001,0.980685,0.013067,0.8821,0.319545,0.980032,0.274228,0.3086,0.328213,0.988998,0.023046,0.8669,0.400014,0.995681,0.287311,0.3296,0.414079,1.044466,0.034832,0.8374
utkatasana_tf_0154,0.393059,0.325344,-0.009666,0.9978,0.385669,0.312111,-0.001708,0.9978,0.383602,0.312708,-0.001068,0.998,0.381456,0.313362,-0.000991,0.9979,0.385693,0.312003,-0.034948,0.9977,0.383531,0.312442,-0.035853,0.9976,0.381314,0.312912,-0.035398,0.9975,0.359582,0.324507,0.058628,0.9981,0.363276,0.323635,-0.102762,0.9975,0.387693,0.343928,0.01534,0.9965,0.386995,0.342696,-0.031039,0.9965,0.326517,0.398468,0.148288,0.9959,0.35404,0.392723,-0.169387,0.9941,0.430589,0.317531,0.21264,0.576,0.463481,0.307493,-0.225015,0.9822,0.493413,0.228779,0.142462,0.5582,0.520927,0.19826,-0.166896,0.9634,0.498219,0.193004,0.142306,0.536,0.532411,0.163134,-0.200928,0.9487,0.496483,0.187862,0.119344,0.5367,0.520467,0.16054,-0.175396,0.9422,0.496255,0.203447,0.129727,0.559,0.517704,0.169187,-0.157568,0.9284,0.246348,0.668496,0.115817,0.998,0.247928,0.683656,-0.114443,0.9953,0.410807,0.775632,0.174752,0.1579,0.440382,0.785133,-0.099452,0.9763,0.340297,0.967626,0.27142,0.2121,0.349596,0.977709,0.003085,0.9013,0.31455,0.97604,0.2789,0.3193,0.324376,0.987128,0.012511,0.8955,0.401741,0.992016,0.29081,0.3326,0.410825,1.044951,0.022337,0.8573
utkatasana_tf_0155,0.375144,0.290512,-0.003608,0.9989,0.365174,0.279719,0.006801,0.999,0.363562,0.280381,0.007392,0.9991,0.362021,0.280969,0.007395,0.9991,0.36427,0.280188,-0.02604,0.9988,0.361748,0.281187,-0.02693,0.9986,0.359177,0.282208,-0.026587,0.9984,0.341893,0.294469,0.069211,0.9992,0.340802,0.296056,-0.090067,0.9983,0.373434,0.312579,0.020743,0.9981,0.37045,0.310911,-0.024415,0.9978,0.333568,0.380998,0.158678,0.9964,0.332399,0.369447,-0.170125,0.994,0.429945,0.274637,0.211845,0.5461,0.430359,0.269561,-0.246445,0.974,0.501698,0.174605,0.124929,0.5232,0.512671,0.150317,-0.223093,0.9447,0.513742,0.146058,0.123291,0.4915,0.521918,0.126411,-0.257379,0.9284,0.511017,0.146286,0.098462,0.4923,0.511018,0.124473,-0.233613,0.9146,0.507937,0.157468,0.110162,0.5127,0.50859,0.135705,-0.21507,0.8945,0.258294,0.65854,0.120003,0.9972,0.255868,0.670517,-0.11855,0.9931,0.418573,0.778434,0.16391,0.2385,0.447307,0.787598,-0.130721,0.9711,0.338547,0.956552,0.231808,0.2645,0.342716,0.972425,-0.03257,0.8402,0.311415,0.972293,0.234759,0.3986,0.317068,0.986394,-0.023403,0.8226,0.395328,0.991999,0.246015,0.3452,0.403963,1.005455,-0.018692,0.7749
utkatasana_tf_0156,0.375189,0.278785,-0.032061,0.9952,0.363167,0.266225,-0.021711,0.996,0.361871,0.266616,-0.021118,0.9964,0.360548,0.267003,-0.021145,0.9965,0.360971,0.267672,-0.056236,0.9952,0.357872,0.268867,-0.057074,0.9947,0.354561,0.270052,-0.056701,0.9941,0.337076,0.281598,0.04407,0.9967,0.33298,0.284628,-0.123322,0.9932,0.373698,0.297184,-0.006533,0.9927,0.370196,0.297846,-0.053929,0.9915,0.330558,0.362441,0.131614,0.9903,0.324511,0.365392,-0.199058,0.9829,0.410142,0.256194,0.20094,0.319,0.415778,0.260237,-0.282221,0.9686,0.470175,0.15557,0.105843,0.3981,0.476862,0.146153,-0.24882,0.9202,0.479535,0.123691,0.096777,0.4151,0.491005,0.116703,-0.282349,0.8984,0.475749,0.121976,0.072664,0.4168,0.480603,0.112119,-0.263034,0.8793,0.474588,0.129185,0.090157,0.4406,0.47601,0.121372,-0.242355,0.8512,0.275596,0.639312,0.123115,0.9958,0.271116,0.6569,-0.121571,0.992,0.427463,0.770186,0.169889,0.2535,0.442868,0.788372,-0.126387,0.9768,0.343595,0.947787,0.249812,0.311,0.338982,0.977395,-0.044819,0.9149,0.31797,0.968519,0.253918,0.4049,0.31426,0.989124,-0.038084,0.8817,0.416991,0.979307,0.260319,0.3878,0.410656,1.012838,-0.046486,0.8508
utkatasana_tf_0157,0.383839,0.279861,-0.015073,0.9972,0.37018,0.266215,-0.005042,0.9976,0.367519,0.266458,-0.0045,0.9978,0.365966,0.267164,-0.004478,0.9978,0.368149,0.266322,-0.038622,0.9972,0.364725,0.266905,-0.039485,0.9969,0.361037,0.267594,-0.039121,0.9967,0.340403,0.280097,0.056702,0.998,0.339137,0.281041,-0.107085,0.9964,0.379452,0.296913,0.008849,0.9956,0.376268,0.296431,-0.037357,0.9952,0.332289,0.364335,0.144177,0.9924,0.324192,0.359378,-0.187147,0.9903,0.41503,0.251368,0.209713,0.3383,0.413068,0.251945,-0.269868,0.9743,0.461999,0.152995,0.111508,0.4016,0.464048,0.139379,-0.23967,0.9424,0.468228,0.115807,0.103389,0.4084,0.473948,0.101381,-0.270178,0.9254,0.465869,0.109595,0.081093,0.4098,0.464243,0.094711,-0.253403,0.9111,0.464413,0.118436,0.096543,0.4296,0.461449,0.103875,-0.233266,0.8897,0.278529,0.630722,0.124862,0.9967,0.272782,0.645035,-0.123297,0.9933,0.423749,0.771914,0.169468,0.2533,0.437188,0.79295,-0.134285,0.9784,0.34297,0.956826,0.236417,0.3472,0.335723,0.981913,-0.054897,0.9181,0.313291,0.972721,0.238923,0.4577,0.311217,0.989341,-0.04856,0.8856,0.405163,0.98649,0.243161,0.4413,0.400318,1.019953,-0.063124,0.8641
utkatasana_tf_0158,0.365135,0.254808,0.003303,0.9984,0.353118,0.244015,0.012361,0.9985,0.351468,0.244965,0.012925,0.9987,0.349735,0.24589,0.012962,0.9986,0.352219,0.244181,-0.020954,0.9983,0.349779,0.245161,-0.021793,0.9981,0.34722,0.246121,-0.021351,0.998,0.327191,0.262522,0.069456,0.9987,0.327197,0.262093,-0.094249,0.9979,0.363532,0.274621,0.025748,0.9974,0.361818,0.274206,-0.020329,0.9972,0.315487,0.346204,0.151755,0.994,0.32658,0.337941,-0.17314,0.995,0.377831,0.231842,0.227436,0.3805,0.39019,0.227537,-0.255725,0.984,0.422,0.124213,0.138795,0.5093,0.435597,0.106833,-0.226795,0.963,0.423338,0.094635,0.132606,0.5148,0.444294,0.076852,-0.257515,0.9563,0.417839,0.09256,0.11264,0.5152,0.433155,0.072477,-0.240521,0.9501,0.417042,0.101315,0.124803,0.5349,0.430056,0.081189,-0.219611,0.9376,0.287507,0.614873,0.124682,0.9971,0.291745,0.630169,-0.12306,0.9952,0.429463,0.766442,0.165066,0.233,0.437371,0.784139,-0.138913,0.9765,0.343715,0.945551,0.220713,0.3079,0.335154,0.977852,-0.071373,0.9087,0.316972,0.966969,0.222885,0.4352,0.311487,0.996096,-0.06664,0.8732,0.416084,0.976366,0.232724,0.4203,0.413692,1.007792,-0.082625,0.853
utkatasana_tf_0159,0.357452,0.25189,-0.010306,0.9987,0.346334,0.241555,-0.000582,0.9989,0.344796,0.24191,-0.00011,0.9988,0.343694,0.242288,-8.5e-05,0.999,0.344555,0.242438,-0.033711,0.9987,0.341867,0.243535,-0.034604,0.9986,0.339063,0.244629,-0.03417,0.9985,0.323216,0.257182,0.059913,0.999,0.321669,0.260505,-0.100844,0.9983,0.35706,0.271214,0.013629,0.9981,0.354012,0.270967,-0.03151,0.9978,0.323031,0.339631,0.148416,0.9948,0.321866,0.338318,-0.181554,0.9957,0.377592,0.233817,0.219918,0.3363,0.386161,0.236192,-0.261054,0.9806,0.41683,0.123098,0.127055,0.4772,0.42337,0.116415,-0.233739,0.9627,0.420466,0.089268,0.117766,0.4821,0.42966,0.084389,-0.260757,0.9468,0.416469,0.087816,0.099096,0.4823,0.420904,0.081935,-0.246976,0.9356,0.414857,0.097753,0.112973,0.5041,0.418087,0.091766,-0.22761,0.919,0.302447,0.611927,0.124691,0.9974,0.30928,0.623121,-0.123111,0.9947,0.419762,0.771777,0.163277,0.2498,0.439817,0.783873,-0.13963,0.9813,0.352577,0.952325,0.212324,0.3426,0.341577,0.975776,-0.076242,0.9067,0.324397,0.978021,0.212386,0.4669,0.31545,0.995138,-0.071589,0.8734,0.426351,0.971402,0.208506,0.4379,0.420157,1.009113,-0.097133,0.8407
utkatasana_tf_0160,0.443137,0.416913,-0.518025,0.9999,0.450899,0.404298,-0.510458,0.9999,0.456435,0.402113,-0.509689,0.9998,0.462429,0.399713,-0.509174,0.9999,0.434267,0.4061,-0.514726,0.9999,0.428181,0.405006,-0.515355,0.9999,0.422582,0.403367,-0.515405,0.9999,0.469588,0.389148,-0.402439,0.9998,0.412492,0.389473,-0.430977,0.9999,0.452208,0.420609,-0.473737,0.9998,0.434558,0.422333,-0.482296,0.9998,0.496014,0.412816,-0.332137,0.9989,0.374947,0.421869,-0.395525,0.9993,0.544006,0.345319,-0.461433,0.9872,0.337968,0.378556,-0.604331,0.9923,0.544923,0.245865,-0.576117,0.963,0.335465,0.280623,-0.798639,0.9843,0.548841,0.214153,-0.614508,0.9116,0.323983,0.247813,-0.854631,0.9578,0.539269,0.208548,-0.612255,0.9099,0.329907,0.242861,-0.82736,0.9537,0.533399,0.223088,-0.584665,0.9038,0.336959,0.253448,-0.800019,0.94,0.491366,0.60987,0.016356,0.9996,0.409849,0.614414,-0.014188,0.9997,0.485945,0.726196,0.055698,0.8954,0.430081,0.730595,-0.01447,0.8747,0.472485,0.784358,0.409344,0.5293,0.44164,0.796479,0.246183,0.7297,0.467303,0.782037,0.440359,0.345,0.441812,0.802172,0.268063,0.4466,0.474515,0.848117,0.35454,0.5884,0.454382,0.8584,0.165778,0.7483
utkatasana_tf_0161,0.441081,0.424871,-0.500411,0.9999,0.448962,0.412083,-0.492924,0.9999,0.454812,0.409456,-0.492092,0.9999,0.460882,0.40649,-0.49165,0.9998,0.432014,0.414105,-0.493458,0.9999,0.425671,0.412807,-0.494053,0.9999,0.419721,0.410864,-0.494189,0.9999,0.469621,0.394052,-0.387605,0.9998,0.40851,0.394761,-0.39964,0.9999,0.450228,0.427934,-0.457355,0.9998,0.432279,0.430084,-0.460988,0.9998,0.49615,0.416957,-0.336808,0.9986,0.3714,0.424431,-0.35832,0.999,0.545334,0.348952,-0.523079,0.9873,0.338716,0.383003,-0.559664,0.984,0.546973,0.253724,-0.676861,0.9413,0.336226,0.282721,-0.761258,0.9733,0.550732,0.22389,-0.724075,0.8839,0.323287,0.248889,-0.818546,0.9403,0.541403,0.21878,-0.722983,0.8802,0.330782,0.24576,-0.79062,0.935,0.536316,0.233183,-0.687036,0.8775,0.338076,0.256758,-0.763117,0.9207,0.491063,0.608567,0.007447,0.9997,0.406304,0.613523,-0.005375,0.9997,0.48507,0.744164,0.019017,0.8978,0.431304,0.737083,-0.031814,0.8918,0.47106,0.781665,0.381493,0.4577,0.440045,0.797303,0.24772,0.722,0.464912,0.780518,0.4139,0.2982,0.438456,0.798471,0.27198,0.4308,0.47333,0.844508,0.339151,0.498,0.451649,0.851134,0.178776,0.7311
utkatasana_tf_0162,0.445165,0.429388,-0.488503,0.9997,0.452679,0.418591,-0.48089,0.9997,0.458579,0.416365,-0.480098,0.9997,0.464833,0.413794,-0.479765,0.9996,0.435817,0.420398,-0.481377,0.9997,0.429673,0.419418,-0.482012,0.9997,0.42398,0.41777,-0.482098,0.9997,0.471977,0.402102,-0.376994,0.9996,0.412939,0.403182,-0.388103,0.9998,0.45456,0.431749,-0.445712,0.9993,0.435991,0.433791,-0.449009,0.9994,0.499385,0.42161,-0.339054,0.9964,0.371923,0.428004,-0.350165,0.9979,0.543116,0.354006,-0.541643,0.9806,0.342541,0.39104,-0.557436,0.9849,0.546599,0.26375,-0.69986,0.9188,0.342338,0.291176,-0.746824,0.971,0.550937,0.233374,-0.747046,0.8529,0.33227,0.259326,-0.801567,0.932,0.540257,0.229415,-0.743943,0.8479,0.338476,0.257297,-0.772717,0.9258,0.535193,0.242877,-0.709347,0.8533,0.346394,0.267941,-0.74794,0.9156,0.492515,0.613229,0.006277,0.9994,0.407124,0.614698,-0.004203,0.9995,0.483583,0.750294,0.001395,0.8662,0.427876,0.736272,-0.021139,0.8408,0.468924,0.780388,0.369936,0.2746,0.44019,0.794606,0.26702,0.542,0.46285,0.777318,0.404203,0.173,0.439261,0.794996,0.293512,0.3023,0.468774,0.84248,0.346528,0.3064,0.44667,0.848145,0.216538,0.5661
utkatasana_tf_0163,0.44136,0.436423,-0.473665,0.9993,0.449117,0.425236,-0.468064,0.9993,0.454553,0.422353,-0.467241,0.999,0.460954,0.419362,-0.466818,0.9992,0.43473,0.427825,-0.467925,0.9992,0.430441,0.426752,-0.468438,0.9989,0.426068,0.42522,-0.468663,0.9992,0.46688,0.405972,-0.368282,0.9989,0.420925,0.409182,-0.376772,0.9987,0.450359,0.435414,-0.431394,0.9987,0.435841,0.437778,-0.433962,0.9987,0.495674,0.433307,-0.317665,0.9963,0.376737,0.431353,-0.336996,0.9967,0.54386,0.368889,-0.504906,0.9629,0.347884,0.387905,-0.524591,0.9532,0.54567,0.279464,-0.658933,0.8693,0.344996,0.304415,-0.702874,0.9203,0.552952,0.24819,-0.705515,0.7875,0.336951,0.27669,-0.753975,0.8519,0.543737,0.245401,-0.707008,0.7873,0.343019,0.271853,-0.730327,0.8448,0.53759,0.259237,-0.670133,0.7852,0.34918,0.280297,-0.705394,0.8239,0.486383,0.60705,0.009029,0.9994,0.41058,0.609216,-0.006801,0.9994,0.476721,0.735124,0.034364,0.8406,0.432567,0.733353,-0.037022,0.8443,0.465473,0.776166,0.385279,0.2773,0.440719,0.785163,0.235926,0.5066,0.463653,0.77182,0.417281,0.1797,0.430295,0.793245,0.260462,0.276,0.463253,0.829799,0.355888,0.2937,0.451155,0.831395,0.176927,0.5415
utkatasana_tf_0164,0.444565,0.442941,-0.534264,0.9997,0.453166,0.432995,-0.531168,0.9996,0.459491,0.43086,-0.530267,0.9996,0.465709,0.428368,-0.529832,0.9995,0.435731,0.433339,-0.529836,0.9997,0.430259,0.432159,-0.530439,0.9997,0.4251,0.430377,-0.530688,0.9997,0.47488,0.415287,-0.431173,0.9994,0.416094,0.41626,-0.43341,0.9998,0.454368,0.444932,-0.491456,0.9993,0.435686,0.445711,-0.492529,0.9996,0.501209,0.433049,-0.370711,0.9962,0.377064,0.432795,-0.388707,0.9987,0.54724,0.379298,-0.57891,0.9743,0.350781,0.403476,-0.618758,0.9628,0.55024,0.284882,-0.753566,0.8816,0.347264,0.31237,-0.854725,0.9359,0.555187,0.260462,-0.805987,0.8362,0.339274,0.281391,-0.916505,0.8931,0.546027,0.255933,-0.806046,0.8265,0.344412,0.275966,-0.891096,0.8796,0.542117,0.265232,-0.764809,0.795,0.349965,0.285457,-0.85867,0.845,0.490042,0.604702,0.004309,0.9996,0.408347,0.605539,-0.001987,0.9997,0.48352,0.741654,0.026552,0.9477,0.428689,0.739279,-0.019184,0.9101,0.471887,0.765626,0.407302,0.4349,0.437426,0.777499,0.302368,0.624,0.469107,0.758091,0.44242,0.2475,0.437945,0.775554,0.332635,0.369,0.470741,0.823807,0.387867,0.4349,0.446107,0.829774,0.267659,0.614
utkatasana_tf_0165,0.44748,0.474759,-0.533974,0.9998,0.456936,0.464783,-0.537077,0.9998,0.463399,0.462381,-0.536412,0.9998,0.470631,0.459064,-0.535995,0.9997,0.438975,0.465353,-0.535592,0.9998,0.432759,0.463709,-0.536465,0.9998,0.427352,0.461454,-0.536153,0.9998,0.478667,0.443364,-0.45014,0.9997,0.417136,0.446391,-0.448707,0.9998,0.458665,0.476807,-0.494153,0.9992,0.439385,0.475527,-0.494484,0.9992,0.50854,0.44606,-0.340788,0.9966,0.3827,0.450718,-0.357675,0.9977,0.559759,0.416179,-0.494393,0.973,0.34715,0.434529,-0.46926,0.9629,0.554393,0.33942,-0.655613,0.8527,0.351111,0.352928,-0.611735,0.8911,0.560894,0.310533,-0.702861,0.7212,0.344611,0.32343,-0.652307,0.7478,0.55193,0.310022,-0.696172,0.7263,0.351918,0.319448,-0.630793,0.7339,0.547246,0.318957,-0.662662,0.6931,0.356771,0.328124,-0.612621,0.708,0.49212,0.591356,0.007889,0.9998,0.411928,0.59192,-0.006067,0.9996,0.483524,0.717455,0.106285,0.9218,0.426723,0.712551,0.081403,0.8695,0.475066,0.766747,0.410606,0.6124,0.439099,0.769668,0.405137,0.5181,0.47029,0.7664,0.439802,0.4368,0.440699,0.771757,0.436667,0.3341,0.47091,0.816317,0.367927,0.6489,0.448748,0.815569,0.364451,0.5399
utkatasana_tf_0166,0.449731,0.498866,-0.572156,0.9997,0.457987,0.490666,-0.579762,0.9997,0.463918,0.48828,-0.578993,0.9997,0.471945,0.484368,-0.578562,0.9996,0.441523,0.490824,-0.574687,0.9996,0.437171,0.48874,-0.575523,0.9996,0.432598,0.483134,-0.575087,0.9997,0.480258,0.466168,-0.504382,0.9995,0.42409,0.468734,-0.485589,0.9996,0.461109,0.497417,-0.538287,0.9989,0.443424,0.496635,-0.534177,0.9989,0.517942,0.466301,-0.377697,0.9975,0.392128,0.463978,-0.399321,0.9976,0.564016,0.445344,-0.4768,0.9695,0.350206,0.4543,-0.37531,0.9855,0.559491,0.371632,-0.600575,0.8799,0.357423,0.377441,-0.398289,0.9551,0.562916,0.347637,-0.641107,0.8075,0.347273,0.349187,-0.421783,0.8816,0.55332,0.344547,-0.634875,0.795,0.356317,0.345251,-0.408437,0.8672,0.549263,0.353826,-0.605689,0.7636,0.362771,0.355176,-0.397386,0.8355,0.497203,0.584863,-0.002177,0.9999,0.415652,0.58605,0.003907,0.9998,0.484579,0.686495,0.101361,0.8899,0.421056,0.699478,0.154168,0.8659,0.478532,0.753676,0.461326,0.7961,0.436647,0.759429,0.496824,0.7322,0.473986,0.752862,0.497683,0.5229,0.440768,0.760751,0.532543,0.6465,0.471396,0.804252,0.42048,0.6851,0.456348,0.799704,0.455937,0.6414
utkatasana_tf_0167,0.455919,0.504342,-0.588183,0.9999,0.463776,0.495964,-0.589138,0.9999,0.470135,0.493786,-0.587814,0.9999,0.476071,0.491019,-0.58732,0.9998,0.447107,0.496132,-0.586477,0.9999,0.442585,0.494323,-0.586853,0.9999,0.438196,0.492118,-0.586092,0.9999,0.488863,0.471277,-0.498466,0.9999,0.425902,0.476027,-0.494413,0.9999,0.466392,0.504987,-0.550919,0.9989,0.450151,0.505465,-0.552763,0.9991,0.520226,0.471985,-0.339617,0.9991,0.391769,0.470812,-0.386215,0.9984,0.566252,0.448891,-0.209389,0.9219,0.35206,0.458474,-0.252802,0.9727,0.557023,0.380038,-0.052504,0.8408,0.355032,0.38402,-0.189841,0.9475,0.563197,0.356106,-0.033984,0.7531,0.348602,0.358996,-0.190419,0.8768,0.554134,0.352767,-0.035014,0.7402,0.357605,0.355435,-0.179021,0.8637,0.549286,0.363665,-0.050155,0.7251,0.362678,0.361234,-0.183674,0.8178,0.499864,0.573805,-0.003839,1.0,0.420945,0.57728,0.005385,0.9999,0.489078,0.679694,0.041035,0.9593,0.432008,0.689008,0.099759,0.8809,0.478789,0.748672,0.370637,0.8925,0.445377,0.74584,0.396014,0.798,0.475579,0.751487,0.401609,0.6132,0.450785,0.750669,0.426781,0.6656,0.469073,0.794532,0.320049,0.8132,0.454181,0.791907,0.344766,0.7492
utkatasana_tf_0168,0.454614,0.51117,-0.577255,0.9999,0.464011,0.504433,-0.593201,0.9999,0.469565,0.503572,-0.592286,0.9999,0.473807,0.502459,-0.591703,0.9999,0.447495,0.502637,-0.588483,1.0,0.443095,0.500549,-0.589179,1.0,0.437607,0.496711,-0.58852,0.9999,0.48436,0.485945,-0.535628,1.0,0.427003,0.480416,-0.517394,1.0,0.46633,0.513031,-0.547225,0.9999,0.449391,0.511191,-0.544096,0.9999,0.518021,0.47962,-0.400125,0.9997,0.395781,0.476433,-0.423118,0.9998,0.566417,0.466442,-0.481996,0.9646,0.355754,0.46814,-0.414253,0.9781,0.561951,0.397705,-0.575796,0.8807,0.359871,0.399184,-0.448188,0.9565,0.569482,0.377118,-0.597577,0.8405,0.352452,0.375231,-0.461225,0.9034,0.559452,0.375874,-0.592608,0.8214,0.361705,0.372296,-0.439871,0.8825,0.554283,0.385344,-0.578985,0.7716,0.367234,0.381167,-0.442609,0.8383,0.504021,0.574625,-0.003634,1.0,0.425413,0.575786,0.00478,1.0,0.504187,0.679146,0.071699,0.9559,0.431041,0.666667,0.15434,0.9151,0.481424,0.739717,0.418397,0.9425,0.446493,0.736629,0.47288,0.9196,0.473038,0.742359,0.452599,0.7776,0.45101,0.738006,0.504285,0.8179,0.473022,0.793941,0.395557,0.8772,0.456949,0.787621,0.449013,0.8241
utkatasana_tf_0169,0.460746,0.512756,-0.578262,0.9999,0.469438,0.505382,-0.588019,0.9999,0.475576,0.503746,-0.587056,0.9999,0.480696,0.501762,-0.586391,0.9998,0.453091,0.504842,-0.586849,0.9999,0.447542,0.502849,-0.587567,0.9999,0.443411,0.50053,-0.586721,0.9999,0.491277,0.486768,-0.513892,0.9999,0.431106,0.485627,-0.513204,1.0,0.47165,0.512134,-0.542815,0.9997,0.454793,0.512849,-0.544872,0.9998,0.51805,0.483123,-0.37567,0.9991,0.397685,0.479762,-0.404254,0.9996,0.56858,0.47259,-0.42232,0.9471,0.35621,0.47545,-0.402365,0.9677,0.562876,0.406997,-0.46847,0.9043,0.361727,0.406973,-0.429808,0.9657,0.571442,0.385669,-0.480019,0.8584,0.351526,0.384272,-0.439948,0.921,0.559529,0.385902,-0.468807,0.8492,0.362898,0.383081,-0.41905,0.909,0.553426,0.396051,-0.468193,0.826,0.369141,0.390434,-0.422649,0.8867,0.508135,0.571621,-0.002838,1.0,0.430521,0.576823,0.00396,0.9999,0.510109,0.682822,0.087931,0.9326,0.4317,0.68077,0.188504,0.8308,0.483825,0.742112,0.455264,0.8961,0.44951,0.742444,0.506165,0.8814,0.479729,0.746089,0.493224,0.6979,0.454173,0.747194,0.538182,0.7641,0.475087,0.793721,0.444957,0.8466,0.455457,0.789623,0.486318,0.7942
utkatasana_tf_0170,0.464581,0.515862,-0.60778,0.9996,0.473772,0.509555,-0.61404,0.9996,0.478742,0.508027,-0.613054,0.9996,0.485985,0.505215,-0.612385,0.9993,0.457872,0.50966,-0.611894,0.9996,0.451608,0.507845,-0.612467,0.9997,0.447472,0.50537,-0.611385,0.9997,0.492498,0.492991,-0.532614,0.9994,0.436137,0.487999,-0.527677,0.9997,0.473825,0.513889,-0.571548,0.9977,0.457943,0.515245,-0.572404,0.9983,0.518701,0.48942,-0.371191,0.9975,0.402401,0.489189,-0.410496,0.9983,0.56444,0.472808,-0.278658,0.9086,0.358324,0.47703,-0.364572,0.9562,0.566393,0.41732,-0.170183,0.9249,0.364064,0.416087,-0.363036,0.9658,0.5736,0.396271,-0.152029,0.8838,0.354686,0.392777,-0.362041,0.9215,0.560722,0.394909,-0.146025,0.8776,0.365687,0.390733,-0.346236,0.9135,0.555562,0.403051,-0.166058,0.8677,0.371969,0.400443,-0.35506,0.8981,0.509236,0.567017,-0.002648,1.0,0.433228,0.573697,0.003914,0.9999,0.51048,0.676754,0.047253,0.9428,0.439877,0.664236,0.114632,0.8233,0.4855,0.738411,0.373831,0.9165,0.450655,0.738159,0.405144,0.9043,0.480955,0.743528,0.405622,0.7402,0.454654,0.744664,0.43351,0.7844,0.474331,0.788246,0.342037,0.8914,0.455658,0.784474,0.370815,0.8583
utkatasana_tf_0171,0.455887,0.518325,-0.559652,1.0,0.464256,0.507756,-0.566997,1.0,0.472393,0.50522,-0.566033,1.0,0.481515,0.514339,-0.565162,1.0,0.44903,0.505515,-0.560574,1.0,0.445942,0.503985,-0.560907,1.0,0.441332,0.503134,-0.559723,1.0,0.488219,0.49007,-0.504246,1.0,0.436815,0.491516,-0.483302,1.0,0.466282,0.518546,-0.530459,0.9999,0.452308,0.518617,-0.526682,0.9999,0.516851,0.494378,-0.320275,0.9999,0.410305,0.49914,-0.343825,0.9998,0.556317,0.480744,-0.145127,0.9285,0.36697,0.491335,-0.197355,0.95,0.562886,0.433988,0.057156,0.9582,0.365822,0.432359,-0.086032,0.9727,0.571227,0.415752,0.09684,0.9302,0.358158,0.410221,-0.068695,0.9301,0.561847,0.414157,0.096516,0.9405,0.367695,0.407748,-0.062595,0.9382,0.556231,0.424029,0.062385,0.9442,0.372104,0.413412,-0.079346,0.9344,0.509271,0.556758,0.006021,1.0,0.441228,0.564668,-0.00459,1.0,0.532144,0.645789,-0.14,0.9883,0.442443,0.644872,-0.079774,0.9582,0.486494,0.735287,0.076443,0.9626,0.453018,0.730628,0.141251,0.9373,0.483731,0.741315,0.093552,0.8642,0.456636,0.733541,0.161828,0.7725,0.474916,0.788633,0.017123,0.9819,0.461786,0.776342,0.077852,0.9679
utkatasana_tf_0172,0.457805,0.524006,-0.574976,0.9999,0.463527,0.513163,-0.584273,0.9999,0.467889,0.511938,-0.583093,1.0,0.472103,0.510756,-0.582324,0.9999,0.449775,0.514212,-0.578407,0.9999,0.445551,0.510833,-0.578667,0.9999,0.440901,0.510214,-0.577863,0.9998,0.485897,0.51488,-0.528143,0.9999,0.440133,0.51365,-0.509198,0.9999,0.466318,0.524452,-0.548701,0.9999,0.453443,0.525782,-0.544961,0.9998,0.517218,0.498452,-0.369836,0.9999,0.407565,0.497903,-0.376986,0.9997,0.555672,0.489184,-0.336961,0.9335,0.364649,0.492101,-0.264079,0.9733,0.565564,0.449509,-0.290947,0.9553,0.363432,0.436292,-0.19006,0.9705,0.575229,0.430626,-0.281679,0.9259,0.356688,0.418619,-0.181061,0.919,0.565548,0.429507,-0.289355,0.9362,0.364417,0.414266,-0.173901,0.9212,0.559906,0.437462,-0.292296,0.9283,0.368041,0.419573,-0.182986,0.8947,0.512815,0.564131,-0.001181,1.0,0.445025,0.572877,0.003075,0.9999,0.527,0.644135,-0.124913,0.9802,0.433649,0.675833,-0.069854,0.9779,0.493817,0.730788,0.142257,0.9329,0.444175,0.724922,0.209916,0.8502,0.491532,0.733876,0.164204,0.7412,0.445516,0.725963,0.23767,0.6943,0.48657,0.778833,0.101299,0.9589,0.457614,0.771244,0.182161,0.9048
utkatasana_tf_0173,0.464527,0.519318,-0.561669,1.0,0.470309,0.508689,-0.562664,1.0,0.477243,0.505712,-0.561452,1.0,0.480735,0.504364,-0.560224,1.0,0.456911,0.507733,-0.559434,1.0,0.451221,0.506937,-0.559156,1.0,0.448163,0.505561,-0.558076,1.0,0.496317,0.50118,-0.471542,1.0,0.437417,0.490917,-0.466675,1.0,0.472854,0.521417,-0.523249,1.0,0.458996,0.521643,-0.524346,1.0,0.518696,0.493745,-0.287373,1.0,0.409319,0.511842,-0.281185,0.9999,0.547554,0.48814,-0.098758,0.8781,0.366604,0.493791,-0.076369,0.7505,0.564072,0.453119,0.094392,0.9319,0.365867,0.444639,0.048983,0.8612,0.574101,0.438796,0.140995,0.898,0.360842,0.427968,0.075162,0.7604,0.56688,0.432238,0.122059,0.9171,0.367007,0.425251,0.074668,0.7945,0.563181,0.441963,0.095426,0.9319,0.37026,0.430818,0.05563,0.7777,0.520766,0.541109,-0.005678,1.0,0.447372,0.553874,0.007779,0.9998,0.507244,0.615017,-0.266279,0.9782,0.426826,0.643515,-0.152056,0.9733,0.494299,0.732617,-0.098389,0.9585,0.45184,0.725082,-0.069257,0.9626,0.492161,0.742607,-0.090091,0.7702,0.455682,0.7336,-0.064621,0.8764,0.485319,0.779737,-0.176935,0.9798,0.456746,0.773648,-0.158059,0.9869
utkatasana_tf_0174,0.458567,0.519045,-0.576203,0.9999,0.462269,0.511281,-0.585549,1.0,0.465477,0.510913,-0.584399,1.0,0.480786,0.514474,-0.583326,0.9999,0.449816,0.507863,-0.576377,0.9999,0.445074,0.507457,-0.576207,0.9999,0.44148,0.503157,-0.575191,0.9999,0.490116,0.503946,-0.525572,1.0,0.440533,0.503214,-0.492741,0.9999,0.467094,0.518775,-0.548708,0.9999,0.453905,0.519209,-0.541461,0.9997,0.520978,0.494209,-0.350694,0.9999,0.412163,0.496717,-0.331871,0.9998,0.547978,0.501539,-0.165278,0.7911,0.367017,0.501615,-0.146149,0.8762,0.566443,0.469545,0.037202,0.8948,0.364279,0.458101,-0.006591,0.9427,0.574384,0.456087,0.080977,0.8631,0.355364,0.438859,0.023659,0.8847,0.56892,0.449263,0.070532,0.8886,0.362797,0.437049,0.023842,0.9001,0.567573,0.457928,0.039299,0.8989,0.369399,0.442063,0.000897,0.8886,0.526799,0.549361,-0.00769,1.0,0.452465,0.559927,0.009477,0.9997,0.507239,0.622088,-0.228611,0.9663,0.430922,0.649143,-0.098591,0.9535,0.495354,0.736757,-0.03443,0.9223,0.449689,0.727109,0.031949,0.9186,0.493307,0.744111,-0.021872,0.7489,0.452662,0.734134,0.042885,0.7987,0.486255,0.781522,-0.09529,0.9462,0.456834,0.768995,-0.042588,0.9523
utkatasana_tf_0175,0.46346,0.522651,-0.587251,1.0,0.472157,0.512905,-0.598096,0.9999,0.476896,0.51187,-0.596794,0.9999,0.481078,0.510778,-0.595856,0.9999,0.457057,0.511893,-0.595018,0.9999,0.452529,0.507672,-0.595822,0.9999,0.447832,0.506112,-0.595354,0.9999,0.491758,0.508694,-0.53052,0.9999,0.442144,0.49367,-0.523124,0.9999,0.472723,0.525746,-0.553413,1.0,0.458744,0.522693,-0.550673,1.0,0.526767,0.497018,-0.396014,0.9999,0.412783,0.500756,-0.393602,0.9998,0.556563,0.512154,-0.538439,0.9091,0.366765,0.503761,-0.55413,0.9855,0.56388,0.48357,-0.700386,0.9226,0.365097,0.466898,-0.778803,0.9846,0.570914,0.464804,-0.73202,0.9039,0.355771,0.448627,-0.818169,0.9716,0.565695,0.460873,-0.735047,0.906,0.365026,0.443742,-0.79108,0.9674,0.559997,0.469606,-0.705378,0.838,0.369964,0.451034,-0.773934,0.9325,0.521007,0.571762,3.1e-05,0.9999,0.456744,0.580798,0.001924,0.9998,0.51675,0.612726,-0.275665,0.9495,0.433397,0.652226,-0.15634,0.9662,0.497086,0.724527,-0.044584,0.8777,0.454637,0.720627,0.048104,0.9023,0.494687,0.732305,-0.031464,0.6772,0.459852,0.723159,0.06284,0.6569,0.487232,0.773834,-0.115823,0.911,0.461682,0.767789,-0.00935,0.8996
utkatasana_tf_0176,0.467268,0.52268,-0.622954,1.0,0.474729,0.511226,-0.627198,1.0,0.479702,0.510446,-0.625734,1.0,0.485774,0.507769,-0.624638,1.0,0.460533,0.511527,-0.621792,1.0,0.456384,0.508484,-0.621708,1.0,0.451704,0.50703,-0.620506,1.0,0.497167,0.505491,-0.544709,1.0,0.439016,0.491997,-0.526212,1.0,0.476114,0.525439,-0.587663,1.0,0.461826,0.524558,-0.583824,1.0,0.528243,0.499535,-0.372454,1.0,0.410968,0.498084,-0.338821,0.9999,0.553632,0.513206,-0.184328,0.895,0.36658,0.511036,-0.235998,0.9208,0.559714,0.493664,-0.011274,0.9562,0.36445,0.473124,-0.201139,0.9703,0.567614,0.48081,0.02214,0.9374,0.357119,0.456378,-0.18214,0.9464,0.565339,0.47647,0.01731,0.9473,0.36614,0.45293,-0.171429,0.95,0.562041,0.481782,-0.007328,0.9471,0.371159,0.460156,-0.190583,0.9297,0.519441,0.554307,-0.017535,1.0,0.4492,0.561099,0.019146,0.9998,0.510408,0.617504,-0.247853,0.9859,0.425202,0.651396,-0.027104,0.949,0.4962,0.728691,-0.017427,0.9689,0.451273,0.723113,0.179864,0.9406,0.495123,0.737273,-0.000838,0.8419,0.458877,0.727011,0.197629,0.8248,0.487763,0.777885,-0.075417,0.9763,0.455936,0.772072,0.121412,0.9543
utkatasana_tf_0177,0.471531,0.524805,-0.612803,0.9998,0.477247,0.516592,-0.626005,0.9997,0.481018,0.515519,-0.624804,0.9997,0.487726,0.512605,-0.624134,0.9997,0.460047,0.514369,-0.62623,0.9997,0.457145,0.51261,-0.627212,0.9996,0.454568,0.511016,-0.626507,0.9995,0.492522,0.503634,-0.549223,0.9998,0.442986,0.496762,-0.554458,0.9996,0.477191,0.524745,-0.573083,1.0,0.465339,0.525015,-0.573713,1.0,0.530482,0.493693,-0.399332,0.9999,0.410904,0.506153,-0.411479,0.9997,0.572829,0.518898,-0.558763,0.9484,0.382157,0.526794,-0.553892,0.9799,0.565571,0.498688,-0.751583,0.9568,0.365663,0.485394,-0.775365,0.9868,0.569837,0.489244,-0.785853,0.9383,0.355885,0.468221,-0.809337,0.9794,0.565845,0.480829,-0.788584,0.9368,0.362889,0.463051,-0.789944,0.9755,0.560147,0.486222,-0.756553,0.8819,0.369463,0.470292,-0.773208,0.9499,0.522464,0.569141,0.00711,0.9999,0.459664,0.57443,-0.005332,0.9999,0.532351,0.630513,-0.231144,0.9638,0.430646,0.648477,-0.156941,0.9778,0.496688,0.719845,0.029048,0.9201,0.457038,0.715611,0.091367,0.9394,0.493792,0.722884,0.046848,0.7754,0.462465,0.717224,0.112107,0.712,0.487687,0.770553,-0.025353,0.9268,0.465338,0.764416,0.05459,0.9198
utkatasana_tf_0178,0.472,0.522017,-0.581346,0.9999,0.48068,0.510101,-0.590824,0.9998,0.485866,0.507955,-0.589441,0.9997,0.49168,0.505127,-0.588282,0.9996,0.463109,0.510677,-0.585309,0.9998,0.457589,0.508988,-0.585082,0.9998,0.453689,0.506799,-0.584718,0.9997,0.499739,0.497242,-0.520936,0.9997,0.44464,0.490807,-0.499054,0.9998,0.481779,0.523128,-0.548669,1.0,0.465815,0.525662,-0.542456,0.9999,0.534691,0.489341,-0.366608,0.9997,0.419104,0.503176,-0.33841,0.9996,0.560168,0.503065,-0.285645,0.6763,0.383242,0.509749,-0.397987,0.9071,0.564792,0.505555,-0.199584,0.7774,0.365017,0.497024,-0.531491,0.9468,0.571429,0.494477,-0.182445,0.7756,0.354702,0.483259,-0.535809,0.9274,0.567345,0.49024,-0.185174,0.7882,0.359945,0.480133,-0.518204,0.9265,0.561579,0.492562,-0.195816,0.7553,0.365529,0.484746,-0.525339,0.8875,0.532716,0.554252,-0.002673,0.9998,0.46297,0.565632,0.004835,0.9993,0.519696,0.608074,-0.276564,0.9518,0.442512,0.620649,-0.176768,0.9133,0.497584,0.720272,-0.064306,0.9131,0.456875,0.716889,-0.039572,0.9076,0.495608,0.728741,-0.054161,0.6511,0.463982,0.721489,-0.032865,0.6648,0.490094,0.771804,-0.161666,0.9325,0.461939,0.767342,-0.137072,0.9338
utkatasana_tf_0179,0.483453,0.491123,-0.598968,0.9997,0.489341,0.487538,-0.608794,0.9999,0.491363,0.487326,-0.607233,0.9999,0.493434,0.487159,-0.606735,0.9999,0.48253,0.488485,-0.610195,0.9998,0.479985,0.48872,-0.610589,0.9998,0.477456,0.488988,-0.608807,0.9996,0.491792,0.485948,-0.543092,0.9999,0.469568,0.489961,-0.560698,0.9996,0.482954,0.49581,-0.565157,0.9999,0.475693,0.496177,-0.574169,0.9995,0.506921,0.490782,-0.358928,1.0,0.442346,0.516134,-0.360129,0.9975,0.541263,0.499221,-0.138006,0.6922,0.476589,0.512846,-0.087602,0.4715,0.561066,0.506412,0.041341,0.9184,0.494963,0.496129,0.135634,0.7141,0.571421,0.495673,0.074494,0.9434,0.502062,0.496391,0.196473,0.7866,0.568486,0.493027,0.064412,0.95,0.498532,0.496653,0.203604,0.7932,0.563614,0.495771,0.044788,0.9389,0.496743,0.494881,0.150952,0.7619,0.530306,0.554991,-0.022907,1.0,0.476116,0.567725,0.024686,0.9999,0.515437,0.617908,-0.290483,0.9988,0.439411,0.638441,-0.046682,0.975,0.496296,0.727016,-0.118093,0.998,0.454776,0.721145,0.115633,0.9883,0.495731,0.737269,-0.10748,0.9823,0.461584,0.732541,0.129685,0.9587,0.486152,0.771529,-0.195681,0.9981,0.448692,0.763549,0.062378,0.9929
utkatasana_tf_0180,0.482655,0.493714,-0.598391,0.9999,0.484962,0.485571,-0.602747,1.0,0.487534,0.484122,-0.601301,1.0,0.490167,0.482724,-0.60063,1.0,0.47623,0.489538,-0.600891,0.9999,0.461187,0.48771,-0.601048,0.9999,0.459435,0.487013,-0.599861,0.9999,0.490015,0.477725,-0.520952,1.0,0.452894,0.4829,-0.522845,0.9998,0.486294,0.496358,-0.561381,0.9999,0.476973,0.500333,-0.564563,0.9998,0.517664,0.479289,-0.350987,1.0,0.441453,0.516659,-0.317514,0.9979,0.553323,0.4932,-0.142648,0.8082,0.435173,0.514471,-0.06256,0.4809,0.568018,0.505926,0.039055,0.9162,0.418551,0.476727,0.128345,0.7246,0.573974,0.49773,0.070695,0.9288,0.416107,0.467197,0.181557,0.7751,0.569754,0.494722,0.061023,0.937,0.411884,0.467135,0.18156,0.7815,0.577229,0.499446,0.04325,0.9311,0.413528,0.468845,0.138797,0.7613,0.539117,0.542557,-0.017684,1.0,0.482878,0.55908,0.019506,0.9999,0.519779,0.617827,-0.34694,0.9904,0.456574,0.624953,-0.17635,0.9464,0.494176,0.72672,-0.199792,0.9915,0.465931,0.722276,-0.096363,0.9638,0.501186,0.745313,-0.193869,0.9673,0.473951,0.736929,-0.090824,0.9186,0.488189,0.768705,-0.292526,0.9921,0.455388,0.755062,-0.171722,0.98
utkatasana_tf_0181,0.483028,0.501439,-0.602399,0.998,0.486319,0.489043,-0.607122,0.9984,0.490451,0.487618,-0.605807,0.9982,0.494621,0.486249,-0.605005,0.9978,0.473072,0.491749,-0.602112,0.9977,0.468418,0.492011,-0.602298,0.9975,0.463824,0.492295,-0.601126,0.9968,0.498864,0.476789,-0.532696,0.9985,0.454542,0.48709,-0.516902,0.9966,0.491824,0.503712,-0.568181,0.9988,0.477619,0.506702,-0.564188,0.996,0.535399,0.47526,-0.381464,0.9991,0.428293,0.498253,-0.33561,0.9978,0.55271,0.493062,-0.230282,0.7333,0.39362,0.491528,-0.265457,0.7812,0.561967,0.501593,-0.093546,0.8461,0.366296,0.478754,-0.271952,0.9176,0.572779,0.496537,-0.078807,0.8378,0.353371,0.46872,-0.259839,0.9019,0.566403,0.49019,-0.081386,0.8547,0.360092,0.469955,-0.258554,0.9076,0.562379,0.489989,-0.090752,0.8467,0.366156,0.473249,-0.268908,0.8821,0.544942,0.539438,-0.026629,0.9997,0.478298,0.553619,0.028651,0.9991,0.522333,0.608709,-0.302181,0.9826,0.441458,0.627475,-0.101779,0.9448,0.505891,0.719637,-0.12939,0.9756,0.462168,0.717141,0.041174,0.9307,0.511325,0.735354,-0.120649,0.8583,0.471233,0.72368,0.05023,0.8077,0.492638,0.762625,-0.222345,0.9802,0.454778,0.757731,-0.030853,0.9518
utkatasana_tf_0182,0.473562,0.481321,-0.633681,0.9784,0.480251,0.475131,-0.633054,0.9885,0.483571,0.475736,-0.631772,0.9899,0.486932,0.476385,-0.631448,0.9882,0.470965,0.473708,-0.62884,0.9747,0.461637,0.472278,-0.630092,0.9789,0.457713,0.468284,-0.628913,0.9754,0.490262,0.480009,-0.539139,0.9886,0.461015,0.475889,-0.532567,0.9625,0.47768,0.48986,-0.594345,0.9859,0.459206,0.487701,-0.594015,0.9674,0.516624,0.500076,-0.402888,0.9965,0.437101,0.496779,-0.337831,0.9815,0.554589,0.509455,-0.375464,0.3375,0.419497,0.48039,-0.137619,0.2673,0.565132,0.498403,-0.405104,0.4795,0.378893,0.472403,0.008532,0.5513,0.57385,0.488342,-0.438999,0.5568,0.36904,0.464331,0.040271,0.611,0.56719,0.486171,-0.448207,0.5567,0.372881,0.468053,0.030866,0.6103,0.564163,0.489494,-0.412271,0.4758,0.377196,0.470167,0.013268,0.5888,0.547727,0.539526,-0.044087,0.9996,0.501544,0.547844,0.045716,0.9981,0.512581,0.625964,-0.318991,0.9766,0.475888,0.625683,-0.019408,0.8582,0.509979,0.724595,-0.279937,0.9913,0.462884,0.719898,0.030535,0.912,0.527341,0.747699,-0.284496,0.951,0.481571,0.733659,0.031818,0.8698,0.502679,0.769396,-0.40511,0.9828,0.449584,0.753709,-0.043605,0.8882
utkatasana_tf_0183,0.448299,0.487653,-0.684121,0.9993,0.458757,0.481876,-0.697882,0.9996,0.46609,0.48599,-0.696628,0.9996,0.468295,0.487587,-0.69639,0.9996,0.452127,0.477215,-0.682975,0.9996,0.447028,0.473885,-0.684253,0.9994,0.445682,0.472809,-0.682797,0.9993,0.486497,0.483017,-0.641951,0.9996,0.455142,0.470628,-0.586742,0.9991,0.458274,0.49804,-0.655002,0.9989,0.443852,0.490869,-0.641535,0.999,0.524136,0.514636,-0.462439,0.9987,0.449903,0.484677,-0.386168,0.9969,0.547875,0.515862,-0.30491,0.6826,0.416336,0.479745,-0.097716,0.1542,0.558264,0.499941,-0.197767,0.7398,0.374491,0.475306,0.109667,0.746,0.56882,0.494107,-0.207581,0.7724,0.365756,0.463135,0.150613,0.824,0.562815,0.495047,-0.219546,0.7803,0.364209,0.462961,0.137834,0.833,0.568382,0.495985,-0.20196,0.7446,0.369758,0.470636,0.114177,0.8392,0.556594,0.537912,-0.063058,1.0,0.522972,0.528044,0.063966,0.9998,0.537444,0.637802,-0.000715,0.9864,0.498212,0.625266,0.198291,0.6509,0.512686,0.727781,0.163015,0.9937,0.482606,0.725516,0.4393,0.8968,0.536734,0.745235,0.17472,0.9813,0.504612,0.747294,0.463063,0.8817,0.508804,0.762203,0.120472,0.9871,0.459892,0.764422,0.440873,0.8612
utkatasana_tf_0185,0.466844,0.513598,-0.623884,0.9999,0.475744,0.505627,-0.641054,0.9998,0.481569,0.505689,-0.640089,0.9998,0.489396,0.504475,-0.639109,0.9997,0.459244,0.499139,-0.630412,0.9999,0.454577,0.496564,-0.631185,0.9999,0.451331,0.494061,-0.630602,0.9999,0.504078,0.493639,-0.58739,0.9998,0.452722,0.479702,-0.544174,0.9999,0.481105,0.518363,-0.594132,0.9999,0.462806,0.512821,-0.582036,0.9999,0.5543,0.50012,-0.432837,0.9986,0.432384,0.471064,-0.403488,0.9999,0.580299,0.542969,-0.474263,0.7669,0.400583,0.480552,-0.425609,0.9312,0.562903,0.513687,-0.521782,0.7372,0.364925,0.479331,-0.548705,0.9555,0.560357,0.500833,-0.533844,0.743,0.346928,0.466373,-0.566491,0.935,0.557579,0.497495,-0.523355,0.7383,0.353781,0.467594,-0.547147,0.9319,0.552576,0.498511,-0.520078,0.6526,0.361656,0.47309,-0.544486,0.9105,0.547375,0.561094,-0.020386,0.9996,0.479657,0.563883,0.021706,0.9995,0.523369,0.635437,-0.120454,0.909,0.461569,0.65939,-0.030723,0.8959,0.503173,0.721333,0.194658,0.9041,0.466423,0.698754,0.292958,0.5547,0.499703,0.727831,0.221136,0.6362,0.468835,0.698977,0.325392,0.5642,0.491916,0.777777,0.156325,0.8581,0.466287,0.743855,0.301522,0.5416
utkatasana_tf_0186,0.465514,0.507623,-0.569076,0.9996,0.47409,0.499942,-0.578933,0.9994,0.479376,0.500926,-0.577845,0.9993,0.486128,0.500834,-0.576875,0.9991,0.460532,0.493069,-0.568876,0.9994,0.456918,0.491187,-0.56966,0.9994,0.454324,0.48919,-0.569408,0.9993,0.500054,0.494013,-0.519117,0.9992,0.455714,0.479509,-0.481529,0.9995,0.478217,0.514326,-0.538322,0.9999,0.460558,0.505916,-0.526875,0.9998,0.548918,0.503499,-0.394848,0.9975,0.434925,0.477866,-0.357355,0.9997,0.558783,0.540373,-0.501884,0.5293,0.397109,0.482353,-0.455552,0.8934,0.553354,0.512772,-0.617522,0.5626,0.366482,0.475416,-0.633897,0.9185,0.553952,0.503132,-0.656537,0.6415,0.352617,0.466704,-0.669483,0.9117,0.548804,0.495923,-0.64972,0.6447,0.358731,0.465572,-0.660082,0.9073,0.545224,0.499794,-0.620022,0.4985,0.366374,0.470024,-0.637383,0.8695,0.559405,0.567043,-0.026939,0.9984,0.492019,0.571606,0.028893,0.999,0.532395,0.62799,-0.32384,0.932,0.466979,0.654031,-0.114891,0.9191,0.508131,0.721542,-0.119234,0.9299,0.463343,0.702729,0.114701,0.6264,0.511796,0.73161,-0.10805,0.625,0.464472,0.709684,0.135793,0.6101,0.503142,0.780765,-0.205833,0.8948,0.454938,0.740583,0.093644,0.6458
utkatasana_tf_0191,0.464462,0.499271,-0.594533,0.9989,0.47621,0.495138,-0.607412,0.9989,0.481227,0.497311,-0.606148,0.9989,0.489808,0.502706,-0.606005,0.999,0.462246,0.484693,-0.592595,0.996,0.459124,0.483839,-0.593861,0.9959,0.457168,0.482588,-0.593135,0.9966,0.504069,0.503377,-0.566387,0.9987,0.460746,0.478154,-0.503815,0.9931,0.475342,0.508361,-0.573606,0.9995,0.458947,0.49935,-0.555831,0.9989,0.540329,0.546734,-0.493215,0.9989,0.45458,0.466559,-0.348142,0.9991,0.52514,0.6444,-0.543487,0.9736,0.406278,0.470971,-0.276071,0.7782,0.505871,0.729837,-0.524115,0.9709,0.357645,0.464705,-0.313293,0.957,0.504033,0.747001,-0.561092,0.9499,0.340736,0.456928,-0.324076,0.9634,0.489612,0.744709,-0.579633,0.9477,0.347083,0.454169,-0.334717,0.9625,0.498897,0.741366,-0.536448,0.9239,0.354991,0.457875,-0.320585,0.9607,0.575196,0.572377,-0.047273,0.9994,0.521541,0.553093,0.049799,0.9996,0.516784,0.648309,-0.245706,0.764,0.478956,0.62278,-0.017763,0.5557,0.538582,0.727999,0.030682,0.8138,0.478127,0.724674,0.193135,0.6285,0.546251,0.734438,0.051414,0.7639,0.48571,0.742564,0.212126,0.6421,0.525581,0.770281,0.016196,0.8343,0.452442,0.753307,0.180199,0.7263
utkatasana_tf_0192,0.470808,0.521296,-0.499922,0.9992,0.482244,0.512606,-0.516033,0.9994,0.48866,0.512795,-0.514673,0.9994,0.500904,0.513026,-0.514226,0.9992,0.465166,0.507346,-0.500558,0.9993,0.462322,0.505131,-0.501193,0.9994,0.457934,0.500421,-0.500937,0.9992,0.513302,0.505187,-0.470051,0.9993,0.459228,0.4918,-0.408606,0.9995,0.484906,0.53282,-0.473988,0.9993,0.468862,0.525963,-0.45487,0.9996,0.552204,0.545147,-0.376482,0.9875,0.452147,0.481084,-0.256527,0.9988,0.551408,0.611829,-0.416596,0.4631,0.400938,0.471916,-0.096669,0.3989,0.496963,0.654748,-0.379294,0.2393,0.354039,0.465438,-0.057733,0.4197,0.489206,0.67204,-0.410724,0.2099,0.336587,0.452746,-0.056277,0.6052,0.479067,0.663146,-0.424259,0.1767,0.343616,0.452794,-0.059825,0.6009,0.48135,0.655658,-0.385785,0.1644,0.35432,0.458357,-0.05942,0.5644,0.573323,0.581132,-0.040634,0.9968,0.509821,0.568784,0.043143,0.9982,0.52294,0.625526,-0.376186,0.1828,0.46877,0.633075,-0.143456,0.2831,0.512506,0.722162,-0.190975,0.6881,0.477494,0.721979,0.031741,0.4337,0.518575,0.734075,-0.178533,0.7027,0.484483,0.737516,0.049014,0.5592,0.483803,0.759166,-0.225652,0.654,0.456697,0.749644,0.03267,0.4303
utkatasana_tf_0193,0.460609,0.517483,-0.509497,0.9992,0.470328,0.511462,-0.528799,0.9992,0.474643,0.512023,-0.527803,0.9992,0.480934,0.511733,-0.527319,0.999,0.457891,0.504818,-0.509667,0.9991,0.455985,0.502986,-0.510173,0.999,0.454196,0.501339,-0.510293,0.9989,0.501486,0.507888,-0.511658,0.999,0.459868,0.488993,-0.430332,0.9991,0.474712,0.527137,-0.494379,0.9993,0.462301,0.520902,-0.469365,0.9995,0.547381,0.544826,-0.427656,0.9854,0.461952,0.486482,-0.297155,0.9993,0.53664,0.605842,-0.504625,0.7467,0.404083,0.468033,-0.278137,0.8063,0.489414,0.639563,-0.532923,0.582,0.350652,0.462028,-0.400888,0.8492,0.483178,0.65506,-0.577148,0.5446,0.33511,0.447232,-0.438591,0.8659,0.475465,0.6438,-0.588507,0.5212,0.338017,0.446699,-0.449488,0.8654,0.477367,0.637344,-0.541386,0.4363,0.347306,0.453897,-0.413465,0.85,0.582386,0.584078,-0.047622,0.9958,0.524002,0.564276,0.050222,0.9982,0.516588,0.637385,-0.345271,0.4135,0.460434,0.629617,-0.110134,0.4175,0.520695,0.727008,-0.126596,0.7997,0.481463,0.712596,0.096847,0.3917,0.519948,0.724989,-0.111606,0.7146,0.487104,0.719909,0.115562,0.4786,0.488195,0.760912,-0.169482,0.7776,0.46694,0.747885,0.087881,0.4411
utkatasana_tf_0195,0.461731,0.505459,-0.617567,0.9974,0.472913,0.501447,-0.625214,0.9985,0.477119,0.502325,-0.624135,0.9986,0.480443,0.502804,-0.623877,0.9986,0.459942,0.492557,-0.613144,0.998,0.458444,0.489953,-0.613892,0.9976,0.454116,0.483924,-0.613427,0.9972,0.500873,0.504444,-0.5745,0.9985,0.464301,0.481464,-0.521701,0.997,0.472569,0.513474,-0.591837,0.9971,0.460579,0.505429,-0.577495,0.997,0.539903,0.554666,-0.492253,0.9915,0.462718,0.462687,-0.374825,0.9993,0.510371,0.643143,-0.550102,0.9733,0.408566,0.467549,-0.284709,0.9604,0.469004,0.721006,-0.560449,0.9682,0.347028,0.459961,-0.305516,0.9936,0.46941,0.747531,-0.610626,0.9371,0.327501,0.446561,-0.333505,0.9918,0.458926,0.739555,-0.628217,0.9365,0.332326,0.445618,-0.3455,0.9912,0.457933,0.727473,-0.575876,0.8925,0.341751,0.450217,-0.313505,0.9887,0.582482,0.570126,-0.05463,0.9993,0.527253,0.54215,0.056901,0.9998,0.506148,0.659382,-0.152651,0.7282,0.455276,0.64344,0.018943,0.7694,0.539591,0.712146,0.1846,0.6432,0.488005,0.710755,0.31384,0.5125,0.547924,0.712151,0.215286,0.5763,0.496187,0.719721,0.34526,0.4524,0.511884,0.761546,0.245957,0.7068,0.473556,0.744986,0.369996,0.5401
utkatasana_tf_0198,0.465976,0.493574,-0.54375,0.9984,0.471715,0.485194,-0.5578,0.9983,0.478829,0.487879,-0.556781,0.9981,0.483038,0.488035,-0.556147,0.9984,0.462765,0.482637,-0.543788,0.9949,0.458698,0.478373,-0.54462,0.9946,0.456842,0.476404,-0.544343,0.9958,0.501782,0.479694,-0.525339,0.9972,0.463385,0.465803,-0.467392,0.9915,0.478382,0.499077,-0.524113,0.9994,0.466403,0.494724,-0.506523,0.9986,0.545597,0.526643,-0.462414,0.9943,0.46581,0.451003,-0.317961,0.9995,0.517023,0.617903,-0.556985,0.9006,0.4058,0.448494,-0.250703,0.9125,0.480053,0.691328,-0.618594,0.8572,0.344361,0.436341,-0.293077,0.9654,0.479702,0.717113,-0.670116,0.8278,0.323206,0.425954,-0.315939,0.9618,0.47152,0.709504,-0.684982,0.8241,0.327943,0.424953,-0.328202,0.9599,0.470625,0.698262,-0.630166,0.7562,0.340395,0.428833,-0.30224,0.955,0.580677,0.571018,-0.046322,0.9979,0.528698,0.547938,0.048719,0.9992,0.520804,0.642344,-0.331457,0.7591,0.461589,0.629963,-0.090552,0.7755,0.51202,0.724511,-0.107714,0.9168,0.456046,0.72958,0.088594,0.7849,0.517776,0.734145,-0.093926,0.8559,0.461947,0.748118,0.103261,0.7492,0.48105,0.757872,-0.166957,0.9103,0.426166,0.757968,0.054875,0.7998
utkatasana_tf_0199,0.458148,0.482311,-0.551387,0.9988,0.46394,0.473563,-0.565361,0.9988,0.468105,0.473686,-0.564621,0.9987,0.475125,0.476452,-0.564014,0.999,0.453314,0.468739,-0.553332,0.9972,0.451557,0.467047,-0.554065,0.9967,0.449526,0.465365,-0.553762,0.9975,0.494448,0.471975,-0.533931,0.9985,0.458125,0.456287,-0.482971,0.9962,0.470533,0.4886,-0.530946,0.999,0.458239,0.483767,-0.515849,0.9991,0.544306,0.518336,-0.470625,0.9935,0.458432,0.44228,-0.335026,0.9997,0.517627,0.607607,-0.575462,0.9531,0.396658,0.441019,-0.265983,0.897,0.460232,0.678402,-0.650656,0.9277,0.344562,0.431916,-0.319416,0.9717,0.453927,0.704493,-0.707625,0.9034,0.325787,0.419173,-0.353842,0.9625,0.443767,0.692459,-0.719814,0.9012,0.331313,0.416331,-0.364062,0.9603,0.445618,0.681362,-0.662771,0.8302,0.339643,0.422931,-0.329161,0.9537,0.58293,0.562727,-0.048135,0.9985,0.525811,0.540086,0.050241,0.9995,0.534407,0.647341,-0.214342,0.8892,0.450197,0.624358,-0.061268,0.9162,0.518064,0.718489,0.033895,0.9363,0.459838,0.719491,0.158206,0.8493,0.522981,0.725145,0.050078,0.806,0.468332,0.734539,0.177957,0.7823,0.480284,0.760727,-0.016109,0.9346,0.434146,0.754834,0.140111,0.88
utkatasana_tf_0200,0.466895,0.47338,-0.517492,0.9954,0.474776,0.466743,-0.53464,0.9938,0.479156,0.466822,-0.533992,0.9934,0.48513,0.465396,-0.533233,0.9942,0.461807,0.461733,-0.520754,0.9881,0.459515,0.459707,-0.52154,0.987,0.457044,0.457762,-0.521192,0.9891,0.499112,0.460316,-0.509931,0.9914,0.462904,0.450278,-0.452636,0.9868,0.480852,0.478212,-0.500055,0.9976,0.469273,0.477218,-0.482342,0.9954,0.543956,0.48588,-0.449711,0.9685,0.458971,0.433041,-0.320344,0.9994,0.530062,0.531864,-0.62442,0.8529,0.401058,0.431211,-0.281813,0.9136,0.458187,0.514971,-0.795514,0.88,0.343576,0.418984,-0.376883,0.9567,0.446685,0.546113,-0.857939,0.8817,0.324129,0.40973,-0.409533,0.9431,0.438779,0.530051,-0.855795,0.8751,0.328266,0.40745,-0.429551,0.94,0.442308,0.526884,-0.80246,0.7747,0.338626,0.410432,-0.392623,0.9287,0.581784,0.559703,-0.043655,0.9874,0.523841,0.535671,0.045482,0.9979,0.537071,0.645868,-0.215777,0.9304,0.455643,0.629085,-0.097857,0.9599,0.503617,0.723682,-0.035758,0.9497,0.463387,0.726125,0.042429,0.9034,0.504897,0.736091,-0.030487,0.8676,0.472891,0.74261,0.051592,0.8484,0.470676,0.755725,-0.137204,0.9332,0.439338,0.764203,-0.015154,0.8995
utkatasana_tf_0201,0.461086,0.462368,-0.515677,0.999,0.466891,0.452352,-0.531407,0.9989,0.473547,0.455507,-0.530806,0.9989,0.479552,0.454845,-0.529987,0.9987,0.456079,0.448457,-0.512558,0.998,0.453765,0.446268,-0.513486,0.998,0.451444,0.444344,-0.513203,0.9983,0.495546,0.444997,-0.507958,0.998,0.457791,0.436477,-0.430893,0.9984,0.475956,0.469784,-0.500457,0.9991,0.462988,0.465403,-0.476605,0.9989,0.548325,0.477551,-0.443148,0.9786,0.455141,0.439427,-0.303046,0.9992,0.55829,0.510794,-0.629742,0.9239,0.404495,0.427927,-0.228689,0.9441,0.494475,0.481328,-0.828939,0.9526,0.345525,0.416677,-0.271203,0.9728,0.49292,0.481391,-0.893177,0.9448,0.32594,0.400132,-0.290486,0.9515,0.476459,0.467881,-0.892348,0.9446,0.33079,0.399703,-0.30918,0.9503,0.477572,0.469371,-0.838462,0.8883,0.340848,0.407043,-0.28548,0.9461,0.573051,0.560807,-0.043946,0.9946,0.515501,0.538088,0.045869,0.9981,0.53098,0.645627,-0.231567,0.9533,0.445073,0.642272,-0.078229,0.9613,0.48603,0.731712,-0.031415,0.9625,0.455381,0.71569,0.128867,0.8977,0.483473,0.743524,-0.024613,0.8989,0.462343,0.72716,0.144375,0.8639,0.457285,0.767802,-0.130956,0.936,0.434017,0.755274,0.082484,0.8817
utkatasana_tf_0202,0.46399,0.397601,-0.520391,0.9997,0.475753,0.3873,-0.535359,0.9996,0.48245,0.38761,-0.53468,0.9997,0.488561,0.387365,-0.534064,0.9996,0.46001,0.380449,-0.515994,0.9993,0.456169,0.376065,-0.516993,0.9993,0.452833,0.37252,-0.516357,0.9994,0.504325,0.382851,-0.498064,0.9996,0.45547,0.364602,-0.419706,0.9994,0.476863,0.407559,-0.499033,0.9998,0.459179,0.400259,-0.475343,0.9996,0.548065,0.423108,-0.429235,0.9988,0.442193,0.379664,-0.302673,0.9997,0.539931,0.461559,-0.650649,0.9823,0.382387,0.359657,-0.268448,0.9633,0.514581,0.386927,-0.856253,0.982,0.345002,0.325366,-0.339468,0.9778,0.512669,0.362163,-0.919932,0.9707,0.328693,0.30384,-0.370183,0.9523,0.507621,0.360207,-0.920488,0.9688,0.339132,0.303732,-0.381575,0.9463,0.503292,0.37007,-0.868086,0.9351,0.349065,0.314061,-0.352756,0.9398,0.546467,0.553721,-0.042614,0.9983,0.479349,0.536722,0.044399,0.9984,0.493955,0.656898,0.016911,0.9503,0.429674,0.631458,0.110515,0.9234,0.466274,0.737169,0.311641,0.9062,0.423655,0.717222,0.360509,0.8684,0.480987,0.740759,0.329728,0.6094,0.423427,0.732888,0.381343,0.7484,0.433354,0.788094,0.239477,0.8413,0.4014,0.756154,0.314359,0.8783
utkatasana_tf_0203,0.465964,0.393971,-0.513718,0.9998,0.477141,0.382638,-0.532854,0.9998,0.484262,0.382524,-0.532145,0.9999,0.491221,0.381768,-0.531583,0.9998,0.460154,0.376537,-0.515032,0.9993,0.456092,0.372938,-0.516406,0.9993,0.45264,0.369198,-0.515324,0.9993,0.507939,0.373453,-0.502114,0.9999,0.455953,0.356712,-0.428401,0.9996,0.479776,0.402547,-0.493171,0.9999,0.461551,0.396979,-0.471052,0.9998,0.55103,0.419504,-0.426749,0.9998,0.439443,0.36709,-0.303295,0.9999,0.558756,0.459278,-0.636273,0.9913,0.386913,0.347226,-0.1979,0.9395,0.519622,0.377615,-0.838902,0.9814,0.347961,0.309026,-0.177166,0.9552,0.513521,0.352671,-0.900616,0.9641,0.33252,0.286976,-0.18599,0.921,0.506818,0.350596,-0.901075,0.9634,0.343179,0.287685,-0.202492,0.9103,0.504485,0.362172,-0.85056,0.9242,0.355093,0.297731,-0.187379,0.9017,0.538386,0.561147,-0.047122,0.9999,0.467902,0.540018,0.048386,0.9998,0.476887,0.681254,-0.10138,0.9665,0.423656,0.651433,0.122528,0.9036,0.505448,0.717641,0.280459,0.7172,0.4466,0.713801,0.437582,0.7187,0.512347,0.707006,0.314618,0.5099,0.448471,0.715465,0.468294,0.5703,0.481443,0.782419,0.312195,0.6437,0.442111,0.761941,0.458827,0.6661
utkatasana_tf_0204,0.465708,0.38016,-0.48974,0.9997,0.476597,0.367676,-0.508629,0.9997,0.482141,0.367262,-0.508014,0.9998,0.488403,0.369138,-0.507172,0.9998,0.462317,0.363112,-0.490421,0.9989,0.458926,0.35971,-0.491675,0.999,0.455366,0.354061,-0.490892,0.9991,0.503215,0.35988,-0.481965,0.9998,0.456886,0.347099,-0.407726,0.9995,0.477474,0.387684,-0.471547,0.9999,0.463062,0.383874,-0.449519,0.9997,0.548755,0.407278,-0.42694,0.9998,0.440727,0.358957,-0.291193,0.9999,0.550213,0.433205,-0.658681,0.9905,0.389489,0.336439,-0.189443,0.9511,0.521606,0.354662,-0.876818,0.9851,0.351839,0.287972,-0.159233,0.9795,0.516526,0.331287,-0.934431,0.9726,0.333395,0.268396,-0.174591,0.9658,0.511695,0.3266,-0.938722,0.9724,0.34166,0.265144,-0.197777,0.9624,0.511316,0.336856,-0.890704,0.9555,0.353751,0.274112,-0.174158,0.9592,0.537854,0.559449,-0.053563,0.9999,0.465574,0.543291,0.05471,0.9999,0.46817,0.695355,-0.076657,0.9862,0.425096,0.666606,0.168921,0.9514,0.533363,0.689502,0.326964,0.7035,0.432159,0.69278,0.491342,0.6841,0.544338,0.671514,0.365595,0.4763,0.433268,0.690295,0.525061,0.6507,0.521496,0.75314,0.392676,0.5616,0.433767,0.737928,0.531997,0.5944
utkatasana_tf_0205,0.517964,0.316904,-0.451325,1.0,0.527869,0.299892,-0.440075,1.0,0.533355,0.298266,-0.439303,0.9999,0.538462,0.296645,-0.438975,0.9999,0.510349,0.299337,-0.438292,0.9999,0.50438,0.297438,-0.438951,0.9999,0.498799,0.295526,-0.438838,0.9999,0.545017,0.290881,-0.330579,0.9999,0.491612,0.288853,-0.330245,0.9999,0.528413,0.32435,-0.408545,0.9999,0.507759,0.324162,-0.408128,0.9999,0.575777,0.330279,-0.278286,0.9997,0.45303,0.323796,-0.281717,0.9994,0.621825,0.280929,-0.438943,0.9943,0.407531,0.282319,-0.447774,0.9929,0.618799,0.192422,-0.592692,0.9768,0.412716,0.188462,-0.646245,0.9868,0.627285,0.165167,-0.641283,0.94,0.406044,0.161649,-0.701412,0.9646,0.616911,0.158458,-0.639509,0.9388,0.412484,0.156575,-0.676455,0.9615,0.60953,0.171284,-0.60124,0.9273,0.417465,0.166263,-0.648434,0.9526,0.559498,0.520873,0.006554,0.9999,0.479405,0.519308,-0.005044,0.9997,0.543832,0.650686,-0.009813,0.9603,0.485654,0.640981,0.039124,0.9382,0.536418,0.716256,0.329017,0.8263,0.49185,0.716117,0.341506,0.855,0.532548,0.715714,0.358435,0.5794,0.492176,0.716308,0.366387,0.5448,0.528431,0.778437,0.262264,0.8501,0.498403,0.778973,0.267139,0.859
utkatasana_tf_0206,0.432491,0.316439,-0.19587,0.998,0.444284,0.303527,-0.188984,0.9978,0.450506,0.30357,-0.188333,0.9976,0.456531,0.304203,-0.188449,0.998,0.430955,0.303475,-0.173442,0.9974,0.428013,0.303139,-0.174162,0.9961,0.425584,0.303073,-0.174023,0.9967,0.470062,0.314505,-0.135468,0.9969,0.433172,0.312411,-0.077935,0.997,0.446189,0.334042,-0.176615,0.9919,0.429271,0.330786,-0.159272,0.9929,0.514101,0.376946,-0.19284,0.9843,0.409372,0.37122,-0.007655,0.9923,0.502518,0.248448,-0.326875,0.9972,0.36611,0.260383,-0.003717,0.9316,0.48722,0.130612,-0.358448,0.9721,0.37101,0.145241,-0.082644,0.9557,0.483286,0.095533,-0.394467,0.9531,0.366882,0.11376,-0.109757,0.9159,0.474594,0.093949,-0.3755,0.9488,0.379028,0.109067,-0.110187,0.9095,0.468744,0.108254,-0.355334,0.949,0.38478,0.120855,-0.091316,0.9202,0.486948,0.622671,-0.065305,0.9933,0.424915,0.612366,0.066546,0.995,0.41951,0.779098,-0.100137,0.9122,0.374499,0.762057,0.019349,0.778,0.456525,0.923281,0.00652,0.8561,0.438453,0.899132,0.191473,0.4775,0.473046,0.946088,0.010885,0.7151,0.454562,0.917452,0.20358,0.525,0.415561,0.967615,-0.079714,0.7627,0.400953,0.953624,0.138535,0.4124
utkatasana_tf_0207,0.432038,0.32708,-0.226828,0.9971,0.443359,0.31444,-0.223197,0.9965,0.449171,0.314796,-0.22252,0.9963,0.454908,0.315548,-0.222574,0.9968,0.431759,0.313381,-0.206875,0.9962,0.429467,0.312714,-0.207628,0.9949,0.427701,0.31236,-0.207491,0.9956,0.467209,0.324987,-0.17868,0.995,0.435442,0.320634,-0.116848,0.9958,0.44504,0.344385,-0.209977,0.9917,0.430352,0.340613,-0.19136,0.9895,0.510556,0.384594,-0.229675,0.9819,0.414229,0.378781,-0.049979,0.9947,0.500531,0.25551,-0.371356,0.9966,0.368935,0.266343,-0.051269,0.954,0.482372,0.135663,-0.410701,0.9637,0.369096,0.150026,-0.128654,0.9714,0.47891,0.103212,-0.446068,0.9434,0.364666,0.117023,-0.149782,0.9434,0.470382,0.102382,-0.427358,0.9361,0.376796,0.113288,-0.150782,0.9391,0.464567,0.114633,-0.407812,0.9374,0.382536,0.125453,-0.136831,0.9451,0.491177,0.630117,-0.069058,0.9957,0.43324,0.618167,0.070285,0.9977,0.414162,0.784948,-0.117492,0.9397,0.376783,0.758797,0.026509,0.7562,0.46179,0.930103,-0.036641,0.9057,0.441165,0.897028,0.158496,0.5632,0.479951,0.950254,-0.035025,0.8119,0.458952,0.921535,0.166076,0.5809,0.411338,0.970194,-0.117291,0.8535,0.399977,0.956108,0.100182,0.5287
utkatasana_tf_0208,0.431019,0.331453,-0.233295,0.9975,0.441602,0.318095,-0.231026,0.9973,0.448029,0.317888,-0.230248,0.9972,0.454527,0.31813,-0.230381,0.9976,0.429616,0.318126,-0.211939,0.9967,0.427218,0.317805,-0.212626,0.9951,0.425169,0.317749,-0.212429,0.9958,0.470332,0.327012,-0.190408,0.9959,0.435076,0.326096,-0.117364,0.9958,0.445938,0.348184,-0.217805,0.9922,0.430259,0.345557,-0.195833,0.9892,0.517633,0.388733,-0.239984,0.9854,0.415523,0.386255,-0.043437,0.9937,0.49996,0.263686,-0.385186,0.9967,0.367452,0.275026,-0.026299,0.9238,0.479987,0.143601,-0.420663,0.9714,0.366713,0.159726,-0.109613,0.9496,0.476969,0.108034,-0.456404,0.9565,0.361742,0.127063,-0.133625,0.9151,0.467977,0.107391,-0.438645,0.9498,0.373534,0.122571,-0.134938,0.9076,0.46245,0.122975,-0.417991,0.9459,0.379879,0.135023,-0.118126,0.9172,0.500608,0.639537,-0.072984,0.997,0.439291,0.625985,0.074328,0.9979,0.41267,0.786081,-0.129405,0.9206,0.377244,0.763849,0.007153,0.749,0.46119,0.925467,-0.027204,0.862,0.443993,0.903186,0.15961,0.4834,0.477913,0.942945,-0.023035,0.7683,0.458582,0.912376,0.170019,0.5144,0.415018,0.965944,-0.094712,0.788,0.401479,0.953386,0.110196,0.4602
utkatasana_tf_0209,0.427578,0.340717,-0.241357,0.9984,0.438852,0.328121,-0.245735,0.9984,0.444758,0.328221,-0.24499,0.9983,0.451193,0.328659,-0.245012,0.9986,0.42741,0.327517,-0.22391,0.998,0.425458,0.326933,-0.224637,0.9969,0.423929,0.326644,-0.224531,0.9974,0.46802,0.336176,-0.222588,0.9973,0.43496,0.332668,-0.137697,0.9977,0.442183,0.356812,-0.230372,0.9945,0.428036,0.354104,-0.204932,0.9928,0.515996,0.395635,-0.264961,0.9869,0.418192,0.389882,-0.067155,0.9951,0.496962,0.268444,-0.41607,0.9964,0.367864,0.279636,-0.049476,0.9211,0.477516,0.144531,-0.458605,0.9698,0.363284,0.163192,-0.12899,0.9536,0.472838,0.108784,-0.496392,0.9528,0.359268,0.130847,-0.149614,0.9238,0.465968,0.109751,-0.479458,0.9464,0.371157,0.126339,-0.151349,0.9182,0.461464,0.123798,-0.456621,0.9465,0.376912,0.137655,-0.137462,0.9252,0.506247,0.644964,-0.07693,0.9979,0.447662,0.630314,0.07818,0.9984,0.408724,0.785638,-0.127445,0.9095,0.377322,0.754939,0.037072,0.611,0.463924,0.928775,-0.039581,0.8695,0.442489,0.883983,0.197611,0.3774,0.48462,0.950521,-0.035865,0.8253,0.461803,0.913062,0.209475,0.4634,0.413874,0.967021,-0.093235,0.7938,0.407732,0.948643,0.168996,0.3587
utkatasana_tf_0210,0.432903,0.347855,-0.248138,0.9977,0.443587,0.335253,-0.250884,0.9975,0.449793,0.335153,-0.250149,0.9975,0.455991,0.335355,-0.25017,0.9979,0.432171,0.334739,-0.23061,0.997,0.430022,0.334057,-0.231322,0.9956,0.42798,0.333624,-0.231224,0.9961,0.470024,0.342297,-0.22393,0.996,0.436937,0.339695,-0.144391,0.9965,0.446714,0.363197,-0.236061,0.992,0.432132,0.361132,-0.212228,0.9889,0.517401,0.39852,-0.267662,0.985,0.420175,0.396899,-0.070619,0.9941,0.496847,0.272262,-0.418483,0.9965,0.36747,0.288858,-0.051912,0.9083,0.475415,0.146744,-0.457396,0.9694,0.360838,0.168569,-0.134102,0.9486,0.470771,0.111626,-0.495223,0.9515,0.355869,0.135146,-0.152898,0.9168,0.463679,0.112079,-0.476163,0.9451,0.366797,0.130338,-0.155936,0.9117,0.458697,0.126593,-0.45439,0.9454,0.372679,0.141549,-0.142846,0.9197,0.511041,0.649637,-0.073145,0.9975,0.450522,0.634323,0.074391,0.9983,0.410988,0.787981,-0.112311,0.9262,0.371531,0.75948,0.027137,0.6918,0.46515,0.927722,-0.021599,0.8943,0.444768,0.892346,0.169207,0.5013,0.486885,0.951335,-0.017636,0.8654,0.465878,0.925868,0.179006,0.5277,0.418133,0.962035,-0.070892,0.8367,0.404387,0.956849,0.134668,0.4601
utkatasana_tf_0211,0.413919,0.379462,-0.232925,0.9991,0.42385,0.36457,-0.239864,0.9989,0.429806,0.363829,-0.239109,0.999,0.436057,0.363423,-0.239196,0.9991,0.413697,0.365094,-0.216355,0.999,0.412596,0.36441,-0.217124,0.9986,0.411915,0.363985,-0.216883,0.9987,0.456266,0.368599,-0.229959,0.9982,0.42751,0.369588,-0.135702,0.9989,0.430468,0.393402,-0.227335,0.9967,0.418471,0.392062,-0.199028,0.9962,0.51715,0.424193,-0.272279,0.9894,0.420666,0.428699,-0.060806,0.9974,0.484377,0.293503,-0.416054,0.9967,0.349189,0.321081,-0.024224,0.9278,0.447269,0.175711,-0.442009,0.9704,0.334957,0.196931,-0.113513,0.9601,0.440254,0.14428,-0.478016,0.9542,0.329374,0.160286,-0.126419,0.9416,0.431206,0.142907,-0.45774,0.9516,0.339682,0.156125,-0.133985,0.9395,0.425564,0.157664,-0.437615,0.9528,0.345895,0.168365,-0.122742,0.9441,0.542944,0.679749,-0.078485,0.9969,0.48622,0.66683,0.07967,0.9991,0.40738,0.783292,-0.119963,0.981,0.388085,0.765801,-0.006994,0.8873,0.477366,0.931141,-0.032859,0.9541,0.466872,0.920485,0.086908,0.7649,0.501406,0.954072,-0.028619,0.9399,0.48788,0.94204,0.092189,0.707,0.429504,0.965572,-0.064185,0.9318,0.417668,0.966359,0.056573,0.7377
utkatasana_tf_0212,0.418418,0.387978,-0.245978,0.9992,0.427541,0.373175,-0.253483,0.999,0.433328,0.372428,-0.252664,0.999,0.439972,0.37176,-0.252633,0.9991,0.417578,0.373242,-0.229856,0.9991,0.416258,0.372365,-0.230618,0.9988,0.415007,0.37187,-0.230397,0.9989,0.458894,0.376065,-0.243132,0.9983,0.429132,0.376609,-0.148762,0.999,0.435609,0.401123,-0.240039,0.9969,0.422756,0.399989,-0.211839,0.9969,0.520063,0.424278,-0.284928,0.9899,0.421147,0.432487,-0.070247,0.9975,0.483791,0.291274,-0.428252,0.9965,0.348509,0.326576,-0.031782,0.9195,0.440747,0.175853,-0.455171,0.9705,0.329029,0.196453,-0.119885,0.9572,0.432603,0.146884,-0.492121,0.9541,0.321246,0.162507,-0.131315,0.9396,0.42505,0.144277,-0.470377,0.951,0.330469,0.159124,-0.139187,0.9383,0.419512,0.157857,-0.45013,0.9498,0.337292,0.170565,-0.129011,0.9416,0.550072,0.68082,-0.081541,0.9975,0.490876,0.666676,0.082619,0.9994,0.409989,0.78627,-0.104662,0.9768,0.383447,0.763938,0.0141,0.8563,0.479411,0.926651,0.015624,0.9269,0.467303,0.904737,0.098218,0.7169,0.50175,0.947528,0.024575,0.9177,0.490735,0.929711,0.10282,0.6596,0.429516,0.963057,0.010068,0.8932,0.421473,0.965334,0.078183,0.6864
utkatasana_tf_0213,0.419915,0.391065,-0.233014,0.9992,0.430066,0.375336,-0.24051,0.999,0.435745,0.374432,-0.239749,0.999,0.442203,0.373685,-0.239648,0.999,0.419885,0.375989,-0.216308,0.9992,0.418205,0.375367,-0.21706,0.9989,0.417029,0.375023,-0.216985,0.9991,0.458367,0.378229,-0.233956,0.9983,0.427155,0.380692,-0.136241,0.9991,0.434756,0.404896,-0.229261,0.9964,0.422147,0.404487,-0.20002,0.9966,0.515092,0.430168,-0.280386,0.9836,0.419754,0.434487,-0.056004,0.9956,0.4844,0.30125,-0.422392,0.9956,0.348164,0.330943,-0.013919,0.9048,0.437845,0.181642,-0.455252,0.953,0.325991,0.198595,-0.106395,0.9459,0.42733,0.150281,-0.493126,0.9293,0.318215,0.164568,-0.115353,0.9275,0.41707,0.148507,-0.470529,0.9271,0.32813,0.16097,-0.124933,0.9269,0.412363,0.161953,-0.44997,0.9324,0.334578,0.171998,-0.116399,0.9309,0.554373,0.687047,-0.085696,0.994,0.494414,0.675936,0.086846,0.998,0.411512,0.785205,-0.103222,0.9572,0.381534,0.763734,0.059689,0.7186,0.479767,0.930259,0.020428,0.8834,0.464175,0.906775,0.159377,0.5122,0.506086,0.954866,0.029952,0.8759,0.483257,0.923456,0.165197,0.5396,0.426301,0.966537,0.014517,0.8375,0.416598,0.961213,0.15456,0.4776
utkatasana_tf_0214,0.417579,0.392692,-0.242387,0.999,0.428404,0.374892,-0.246451,0.9987,0.434697,0.374243,-0.245685,0.9988,0.441495,0.3738,-0.245651,0.999,0.417548,0.375071,-0.223966,0.999,0.415825,0.374199,-0.224768,0.9988,0.414651,0.373697,-0.224657,0.9989,0.459954,0.380051,-0.229841,0.9979,0.42727,0.382479,-0.140089,0.9988,0.432785,0.408526,-0.235466,0.9962,0.419501,0.408157,-0.20864,0.996,0.517247,0.43453,-0.276478,0.9841,0.418296,0.441302,-0.066161,0.9948,0.48794,0.302881,-0.421054,0.9951,0.347415,0.337635,-0.037913,0.9026,0.435319,0.181659,-0.451214,0.9508,0.322875,0.204524,-0.137384,0.9474,0.421463,0.149929,-0.487387,0.9267,0.316903,0.169449,-0.147598,0.9312,0.413247,0.14856,-0.463797,0.9247,0.324824,0.164922,-0.156927,0.9304,0.410783,0.161949,-0.445435,0.9297,0.330678,0.176296,-0.147335,0.935,0.559856,0.69111,-0.083067,0.9932,0.499483,0.68178,0.084068,0.9979,0.413272,0.78202,-0.129349,0.9599,0.39181,0.75757,0.040579,0.7253,0.480787,0.930803,-0.016966,0.8793,0.467908,0.905683,0.12006,0.5478,0.505811,0.954399,-0.009287,0.8635,0.485726,0.925095,0.123432,0.5522,0.432322,0.969868,-0.029208,0.837,0.417103,0.963016,0.106526,0.5293
utkatasana_tf_0215,0.414789,0.400659,-0.226582,0.9988,0.426111,0.382288,-0.231501,0.9986,0.4321,0.381446,-0.230735,0.9987,0.438742,0.380722,-0.230777,0.9988,0.415677,0.383591,-0.207978,0.9988,0.41404,0.383084,-0.208798,0.9986,0.413008,0.382877,-0.208731,0.9987,0.458916,0.386262,-0.220187,0.9977,0.426813,0.390481,-0.125949,0.9987,0.430943,0.415562,-0.221612,0.9958,0.418238,0.415511,-0.193467,0.9953,0.518119,0.437798,-0.265815,0.982,0.418119,0.448309,-0.056702,0.9948,0.484931,0.307475,-0.413042,0.9945,0.346528,0.346419,-0.033106,0.906,0.429686,0.190792,-0.446574,0.9453,0.314509,0.210711,-0.138118,0.9464,0.41338,0.158959,-0.482875,0.9194,0.307643,0.177055,-0.148339,0.9306,0.404344,0.157643,-0.460376,0.9187,0.31717,0.172649,-0.158027,0.9295,0.401961,0.170989,-0.441317,0.9244,0.323325,0.183627,-0.148225,0.9345,0.570169,0.689492,-0.082345,0.9908,0.508093,0.68537,0.083392,0.9976,0.418855,0.776462,-0.144554,0.9568,0.39865,0.753745,0.025788,0.7484,0.490154,0.925557,-0.04489,0.8841,0.478884,0.912389,0.094015,0.5688,0.51299,0.954256,-0.039238,0.8792,0.500033,0.937355,0.095694,0.583,0.432124,0.972033,-0.070561,0.8559,0.423355,0.968548,0.069765,0.5628
utkatasana_tf_0216,0.4097,0.402408,-0.210564,0.9992,0.419655,0.384665,-0.220108,0.9991,0.424717,0.38388,-0.219345,0.9991,0.430109,0.383487,-0.21932,0.999,0.411718,0.384973,-0.193463,0.9992,0.411023,0.384053,-0.194266,0.999,0.410727,0.383519,-0.194195,0.9991,0.452165,0.391326,-0.22493,0.9984,0.424984,0.392587,-0.116121,0.9991,0.423534,0.417665,-0.21112,0.997,0.414612,0.416609,-0.178707,0.9966,0.508859,0.445092,-0.269362,0.9862,0.424254,0.45134,-0.045417,0.9946,0.47329,0.314653,-0.411574,0.9942,0.351575,0.351443,-0.0102,0.8778,0.41253,0.200741,-0.444238,0.9613,0.315081,0.213983,-0.111291,0.9359,0.388484,0.16706,-0.48335,0.9421,0.306935,0.17868,-0.118813,0.9245,0.385644,0.163776,-0.460678,0.9415,0.315698,0.173775,-0.130094,0.9238,0.385702,0.177018,-0.43874,0.9383,0.323036,0.185594,-0.121847,0.9269,0.573157,0.695073,-0.086824,0.991,0.520362,0.686944,0.087888,0.9973,0.418038,0.772928,-0.121063,0.9639,0.405467,0.745698,0.065304,0.7165,0.491335,0.927747,-0.007916,0.9061,0.484624,0.912318,0.149726,0.5508,0.518003,0.95561,-0.000559,0.8972,0.505298,0.93608,0.152956,0.5802,0.432869,0.972621,-0.026256,0.8798,0.428007,0.965268,0.136403,0.5566
utkatasana_tf_0217,0.412374,0.409451,-0.226717,0.9996,0.421504,0.391152,-0.240368,0.9996,0.426478,0.390166,-0.239531,0.9996,0.431937,0.389431,-0.239355,0.9996,0.414554,0.391271,-0.211851,0.9996,0.414437,0.390096,-0.212659,0.9996,0.414641,0.389259,-0.212442,0.9997,0.457415,0.394993,-0.25696,0.9993,0.432285,0.396153,-0.139598,0.9996,0.426373,0.423964,-0.230663,0.9989,0.418693,0.422205,-0.195881,0.9989,0.517686,0.449213,-0.299976,0.9966,0.431574,0.454751,-0.066784,0.9965,0.471392,0.321252,-0.437279,0.9953,0.350789,0.363737,-0.020314,0.8982,0.404203,0.209486,-0.473875,0.9845,0.296052,0.220174,-0.116612,0.9586,0.380474,0.177988,-0.515926,0.9724,0.284493,0.185147,-0.121423,0.9538,0.373733,0.173226,-0.492738,0.9673,0.294086,0.17987,-0.135421,0.9544,0.373281,0.186312,-0.468127,0.9584,0.302292,0.190511,-0.12758,0.9535,0.595946,0.702622,-0.090903,0.9966,0.543142,0.688717,0.09178,0.9986,0.431168,0.767249,-0.077456,0.9662,0.414301,0.74357,0.132291,0.6554,0.498066,0.932204,0.079715,0.8864,0.480732,0.889713,0.24169,0.5236,0.526168,0.953117,0.092578,0.8859,0.505606,0.919961,0.247967,0.5426,0.43934,0.974766,0.089903,0.8593,0.438699,0.95086,0.250961,0.5549
utkatasana_tf_0218,0.423281,0.40913,-0.224129,0.9997,0.432699,0.389991,-0.233862,0.9997,0.438038,0.38883,-0.233003,0.9997,0.443751,0.387873,-0.232844,0.9997,0.424365,0.39035,-0.207455,0.9997,0.423089,0.38948,-0.20826,0.9996,0.422634,0.388721,-0.208047,0.9996,0.466952,0.391853,-0.238325,0.9994,0.437881,0.395108,-0.131158,0.9996,0.438561,0.423359,-0.224487,0.9991,0.428225,0.422569,-0.19264,0.999,0.529644,0.446225,-0.284118,0.997,0.435105,0.457628,-0.058483,0.9969,0.476405,0.317582,-0.425625,0.9953,0.347898,0.362608,-0.01896,0.922,0.413,0.209856,-0.462996,0.9841,0.290678,0.22091,-0.115414,0.9635,0.387699,0.17848,-0.503583,0.9713,0.282201,0.18702,-0.120332,0.9562,0.377822,0.173257,-0.479356,0.9659,0.293213,0.181679,-0.132688,0.9565,0.378428,0.187089,-0.456657,0.9578,0.299665,0.190875,-0.125721,0.9561,0.600831,0.705202,-0.089009,0.9974,0.543218,0.690059,0.089858,0.9989,0.434342,0.767432,-0.12795,0.9656,0.413225,0.740571,0.090949,0.6825,0.50054,0.932398,0.032264,0.8595,0.481504,0.887159,0.171688,0.5394,0.528373,0.952351,0.045567,0.8633,0.502744,0.923971,0.175252,0.54,0.444065,0.974184,0.044033,0.8326,0.440818,0.959279,0.173012,0.5722
utkatasana_tf_0219,0.435835,0.402315,-0.224469,0.9997,0.442641,0.381097,-0.236725,0.9996,0.448156,0.379687,-0.235877,0.9996,0.454022,0.378067,-0.235733,0.9996,0.433758,0.381952,-0.209982,0.9996,0.43277,0.380259,-0.210767,0.9996,0.432054,0.378917,-0.210682,0.9996,0.477601,0.378242,-0.244131,0.9994,0.446752,0.38255,-0.135813,0.9995,0.452566,0.416462,-0.225152,0.999,0.442468,0.416562,-0.192794,0.9987,0.546225,0.432954,-0.28685,0.9953,0.453927,0.442635,-0.062905,0.9966,0.491022,0.312376,-0.436539,0.9936,0.35451,0.348481,-0.016753,0.9074,0.432422,0.200808,-0.484171,0.9815,0.282899,0.209633,-0.119295,0.9609,0.418686,0.167307,-0.524089,0.9685,0.267062,0.175084,-0.12506,0.9562,0.406693,0.161454,-0.503033,0.9633,0.281115,0.168497,-0.140375,0.9568,0.405066,0.177535,-0.479238,0.9542,0.291611,0.178137,-0.131071,0.9566,0.616446,0.694834,-0.086729,0.9948,0.558132,0.681413,0.087619,0.9983,0.442316,0.759738,-0.113942,0.9534,0.427199,0.732008,0.093749,0.6907,0.5196,0.928372,0.018141,0.8798,0.501836,0.889703,0.175243,0.5171,0.54828,0.952953,0.028232,0.8899,0.527849,0.920327,0.178705,0.5378,0.452866,0.978581,0.017196,0.8488,0.448974,0.960859,0.174406,0.5283
utkatasana_tf_0220,0.43969,0.392839,-0.245467,0.9997,0.447689,0.371045,-0.260221,0.9997,0.453058,0.369388,-0.259363,0.9997,0.459037,0.368379,-0.259167,0.9997,0.438534,0.371552,-0.232914,0.9997,0.43751,0.369844,-0.233698,0.9997,0.436806,0.368498,-0.233611,0.9997,0.482855,0.36944,-0.272927,0.9996,0.451124,0.372762,-0.161647,0.9997,0.457882,0.40763,-0.24718,0.9993,0.446697,0.407144,-0.214058,0.9993,0.554826,0.425622,-0.313819,0.9976,0.457757,0.437067,-0.087203,0.9974,0.497091,0.297542,-0.470074,0.9946,0.354624,0.338414,-0.044971,0.912,0.440773,0.184193,-0.523686,0.9862,0.284543,0.197252,-0.152858,0.9631,0.425359,0.146056,-0.567236,0.9758,0.269002,0.160434,-0.160094,0.9604,0.413009,0.143809,-0.546241,0.9724,0.282315,0.153929,-0.175894,0.961,0.412016,0.161212,-0.51907,0.9644,0.291982,0.16388,-0.165357,0.9606,0.626618,0.689536,-0.087065,0.9961,0.565546,0.676092,0.087863,0.9984,0.447947,0.756243,-0.095962,0.9537,0.432068,0.729316,0.119995,0.6661,0.514672,0.928627,0.048921,0.8635,0.500447,0.883594,0.216532,0.4762,0.545904,0.954918,0.060276,0.8813,0.527449,0.928387,0.221717,0.5017,0.451818,0.973659,0.055401,0.8246,0.448439,0.951979,0.224653,0.4906
utkatasana_tf_0221,0.447886,0.395964,-0.283554,0.9998,0.454641,0.372759,-0.295063,0.9997,0.460497,0.370695,-0.294165,0.9997,0.466815,0.368903,-0.293952,0.9997,0.444045,0.373848,-0.270122,0.9997,0.44244,0.372162,-0.270882,0.9997,0.441139,0.370793,-0.270719,0.9997,0.489445,0.367507,-0.293336,0.9996,0.453498,0.372563,-0.193672,0.9997,0.466279,0.408769,-0.279843,0.9992,0.453935,0.409061,-0.250209,0.9993,0.56066,0.420999,-0.330539,0.9974,0.458239,0.432266,-0.12161,0.998,0.50157,0.290163,-0.49647,0.9951,0.35646,0.337453,-0.096814,0.9256,0.443639,0.171633,-0.551259,0.9839,0.284731,0.190438,-0.203219,0.9626,0.429022,0.133732,-0.594848,0.9707,0.26629,0.153418,-0.214936,0.9551,0.417053,0.133148,-0.573921,0.9687,0.280152,0.147209,-0.226653,0.9553,0.4158,0.147646,-0.547149,0.9614,0.291335,0.15701,-0.21462,0.9556,0.629679,0.684565,-0.081688,0.9974,0.561482,0.674117,0.082544,0.9991,0.451188,0.756383,-0.098886,0.9486,0.432309,0.727982,0.086415,0.7153,0.522061,0.926728,0.058061,0.8525,0.505592,0.889842,0.181501,0.5814,0.54993,0.952457,0.070328,0.8704,0.529453,0.920803,0.187016,0.5677,0.459593,0.974719,0.06007,0.8118,0.455337,0.95873,0.179019,0.5852
utkatasana_tf_0222,0.448402,0.392183,-0.266025,0.9997,0.453984,0.36899,-0.281077,0.9997,0.46021,0.366636,-0.280179,0.9997,0.4665,0.364732,-0.279914,0.9997,0.444317,0.369977,-0.253929,0.9997,0.442791,0.368266,-0.254621,0.9997,0.441519,0.366838,-0.254609,0.9997,0.490055,0.362693,-0.290667,0.9996,0.454371,0.36697,-0.18091,0.9997,0.465886,0.405897,-0.266363,0.9992,0.454452,0.405188,-0.233761,0.9993,0.558123,0.418562,-0.32917,0.9969,0.462356,0.424766,-0.10615,0.9973,0.504011,0.288746,-0.490358,0.993,0.363652,0.331335,-0.069906,0.8764,0.448228,0.172031,-0.54662,0.9769,0.288209,0.187103,-0.180668,0.9432,0.429339,0.135303,-0.592235,0.9624,0.265906,0.151062,-0.191815,0.9413,0.418648,0.133209,-0.571271,0.9566,0.279555,0.144095,-0.208024,0.9421,0.418049,0.149699,-0.542316,0.9447,0.291477,0.153767,-0.193941,0.942,0.628801,0.686809,-0.084524,0.9967,0.566288,0.668629,0.085432,0.9985,0.451289,0.75126,-0.127023,0.9493,0.432106,0.721518,0.115938,0.6398,0.531627,0.928315,0.013517,0.8779,0.498708,0.884081,0.210813,0.4968,0.561453,0.957994,0.025155,0.8952,0.525344,0.899223,0.216427,0.5231,0.459529,0.976699,0.017671,0.8345,0.457416,0.953496,0.220204,0.4969
utkatasana_tf_0223,0.4512,0.378604,-0.25008,0.9995,0.458452,0.356129,-0.261615,0.9994,0.464424,0.354053,-0.260713,0.9994,0.47077,0.352019,-0.260609,0.9994,0.448126,0.357897,-0.235656,0.9995,0.446683,0.356395,-0.236399,0.9993,0.445541,0.355202,-0.236349,0.9994,0.494458,0.351501,-0.262936,0.9992,0.459167,0.357255,-0.159539,0.9994,0.469915,0.392483,-0.248217,0.9986,0.457944,0.393296,-0.217356,0.9985,0.567323,0.406111,-0.302111,0.9944,0.465736,0.418846,-0.089589,0.9966,0.509494,0.275089,-0.465448,0.994,0.364567,0.32574,-0.054302,0.8992,0.444969,0.155697,-0.514252,0.9818,0.290575,0.17698,-0.160917,0.9595,0.428256,0.118901,-0.555381,0.9701,0.268963,0.139551,-0.172007,0.9537,0.415553,0.116686,-0.534823,0.9697,0.283259,0.132289,-0.184322,0.9542,0.415068,0.132091,-0.509443,0.9611,0.296708,0.142587,-0.172293,0.9546,0.637543,0.678717,-0.081366,0.9941,0.570455,0.668379,0.082235,0.9985,0.459802,0.746551,-0.143749,0.949,0.433101,0.72451,0.040952,0.7341,0.536789,0.929438,-0.025688,0.8913,0.525166,0.909567,0.110129,0.5922,0.568639,0.959369,-0.017916,0.897,0.54863,0.939228,0.112456,0.5892,0.464866,0.977624,-0.040645,0.8484,0.458815,0.966616,0.097374,0.5829
utkatasana_tf_0224,0.453558,0.372617,-0.271424,0.9998,0.460037,0.348122,-0.283704,0.9998,0.466174,0.345667,-0.282829,0.9998,0.472771,0.343639,-0.282638,0.9998,0.44869,0.350396,-0.258196,0.9998,0.446573,0.349201,-0.258908,0.9998,0.444777,0.348354,-0.258859,0.9998,0.497407,0.343071,-0.285166,0.9997,0.45734,0.35103,-0.182282,0.9997,0.472422,0.387053,-0.269023,0.9994,0.459206,0.387293,-0.238344,0.9993,0.572471,0.400689,-0.321853,0.9971,0.468795,0.414876,-0.107821,0.9976,0.520305,0.263929,-0.483042,0.9948,0.370297,0.315267,-0.076303,0.9071,0.461087,0.144425,-0.537135,0.9831,0.296226,0.16778,-0.186829,0.9565,0.446289,0.105383,-0.581073,0.9705,0.27366,0.128941,-0.197574,0.9515,0.432061,0.103843,-0.560271,0.9658,0.288944,0.120852,-0.212928,0.9522,0.429546,0.118114,-0.53284,0.957,0.3041,0.131723,-0.19981,0.9526,0.643438,0.676689,-0.0841,0.9966,0.576907,0.664049,0.085066,0.9987,0.466564,0.752753,-0.126717,0.9486,0.440816,0.720925,0.083213,0.6865,0.541644,0.931676,0.014015,0.8706,0.525696,0.894822,0.173815,0.5227,0.569916,0.960008,0.02433,0.8859,0.549928,0.929609,0.178698,0.5399,0.470807,0.979506,0.008065,0.829,0.467555,0.959259,0.17111,0.5215
utkatasana_tf_0225,0.458902,0.367425,-0.2882,0.9998,0.465428,0.342941,-0.297323,0.9998,0.47228,0.340279,-0.296433,0.9998,0.479683,0.338017,-0.296244,0.9998,0.451953,0.346232,-0.273369,0.9998,0.449146,0.345436,-0.274067,0.9997,0.446687,0.344963,-0.273969,0.9997,0.504419,0.337828,-0.28848,0.9996,0.459811,0.348083,-0.193083,0.9996,0.479689,0.381256,-0.282433,0.9993,0.463996,0.383415,-0.254061,0.9992,0.581329,0.395484,-0.323802,0.9974,0.468108,0.412525,-0.122046,0.9973,0.526051,0.252238,-0.484388,0.995,0.365776,0.311062,-0.097971,0.9073,0.460949,0.131592,-0.534417,0.9822,0.296192,0.158941,-0.207776,0.9548,0.44646,0.093076,-0.577301,0.9681,0.273595,0.119234,-0.221391,0.9471,0.433375,0.09305,-0.556322,0.9634,0.288279,0.112387,-0.233661,0.9472,0.431349,0.107772,-0.530164,0.9554,0.30201,0.12284,-0.219893,0.9479,0.648803,0.672829,-0.078521,0.9974,0.576071,0.662384,0.079449,0.9989,0.468511,0.745848,-0.135261,0.9351,0.441409,0.718679,0.069965,0.6699,0.545491,0.927506,0.009046,0.847,0.509411,0.890979,0.156675,0.5347,0.57615,0.959831,0.019542,0.862,0.551686,0.923898,0.161398,0.5269,0.471016,0.978789,-0.002449,0.8046,0.467726,0.954977,0.1483,0.5448
utkatasana_tf_0226,0.474357,0.359248,-0.299724,0.9998,0.481548,0.331991,-0.308332,0.9998,0.488601,0.329157,-0.307413,0.9997,0.496307,0.326718,-0.307199,0.9997,0.467165,0.334992,-0.285118,0.9998,0.464012,0.333891,-0.285816,0.9998,0.461031,0.332928,-0.285743,0.9997,0.518608,0.325653,-0.295534,0.9996,0.472639,0.334971,-0.203563,0.9998,0.496222,0.372903,-0.292392,0.9993,0.478244,0.374621,-0.264985,0.9993,0.596673,0.386387,-0.330527,0.9967,0.479226,0.399748,-0.132719,0.9975,0.543409,0.246294,-0.496639,0.9949,0.372264,0.298807,-0.113154,0.9262,0.476232,0.124065,-0.55155,0.9824,0.298659,0.141847,-0.217796,0.9624,0.462168,0.082459,-0.596268,0.9689,0.276115,0.10065,-0.232499,0.9533,0.446873,0.08202,-0.575205,0.9645,0.288846,0.093112,-0.24386,0.9531,0.444223,0.098611,-0.547636,0.9569,0.301808,0.103999,-0.229764,0.954,0.662269,0.673386,-0.07856,0.9972,0.589313,0.654748,0.07946,0.9989,0.481579,0.751145,-0.133905,0.9444,0.449724,0.719061,0.069999,0.7149,0.558255,0.936192,0.003479,0.8691,0.541102,0.898988,0.159724,0.5603,0.588245,0.969895,0.01309,0.8677,0.562912,0.931321,0.164865,0.541,0.482862,0.988062,-0.010321,0.8193,0.474519,0.964763,0.15348,0.5514
utkatasana_tf_0227,0.473634,0.353898,-0.253308,0.9996,0.480618,0.329087,-0.261351,0.9996,0.486875,0.326719,-0.260525,0.9995,0.493642,0.324775,-0.260526,0.9995,0.468451,0.331602,-0.236832,0.9995,0.466019,0.3305,-0.237571,0.9994,0.463741,0.329875,-0.237632,0.9994,0.517831,0.324557,-0.250814,0.9993,0.475967,0.333006,-0.153985,0.9994,0.493504,0.368186,-0.247817,0.9988,0.478863,0.369443,-0.218816,0.9985,0.598456,0.380912,-0.28913,0.9929,0.482364,0.397287,-0.088384,0.9961,0.540222,0.246186,-0.45259,0.9941,0.378218,0.298898,-0.067257,0.9135,0.476562,0.116887,-0.504155,0.9695,0.302904,0.141617,-0.182721,0.9523,0.461272,0.073807,-0.544552,0.9484,0.278971,0.099687,-0.197724,0.9417,0.444444,0.074835,-0.52555,0.9496,0.292825,0.092249,-0.209746,0.942,0.444972,0.09106,-0.50026,0.955,0.307333,0.10382,-0.194833,0.946,0.66822,0.672701,-0.075926,0.9901,0.593847,0.66029,0.076883,0.9973,0.482249,0.746805,-0.178963,0.9391,0.453489,0.722249,0.005173,0.7117,0.562345,0.943154,-0.09931,0.866,0.544416,0.917648,0.048368,0.5316,0.598194,0.975244,-0.095447,0.8714,0.566347,0.945211,0.048076,0.556,0.49865,1.000005,-0.132785,0.8198,0.488358,0.983654,0.023099,0.5254
utkatasana_tf_0228,0.476495,0.355035,-0.262811,0.9996,0.484416,0.331879,-0.268665,0.9995,0.491194,0.329601,-0.267848,0.9995,0.498485,0.327688,-0.267899,0.9995,0.470712,0.334394,-0.245509,0.9995,0.467889,0.33334,-0.246267,0.9995,0.465294,0.332677,-0.246297,0.9995,0.522134,0.32735,-0.250669,0.9994,0.476278,0.335865,-0.160066,0.9995,0.496924,0.369129,-0.254832,0.9989,0.480682,0.370181,-0.227721,0.9989,0.599321,0.385561,-0.287868,0.9945,0.482263,0.397751,-0.0968,0.9969,0.544844,0.248751,-0.451958,0.9949,0.374985,0.296328,-0.080866,0.9323,0.480561,0.117587,-0.505435,0.962,0.301202,0.140325,-0.192326,0.9573,0.464767,0.073292,-0.546854,0.9326,0.282322,0.099314,-0.20819,0.9457,0.449813,0.074193,-0.527716,0.9335,0.296041,0.092631,-0.219739,0.9453,0.449411,0.091669,-0.501957,0.944,0.306808,0.102434,-0.204328,0.9496,0.667143,0.674482,-0.074354,0.9885,0.596996,0.656565,0.075334,0.9963,0.481322,0.752972,-0.192538,0.9423,0.457004,0.720315,-0.005876,0.6934,0.560308,0.952396,-0.112343,0.8586,0.541597,0.926087,0.043986,0.5212,0.593068,0.977009,-0.108025,0.8434,0.561296,0.946564,0.044573,0.5382,0.498816,1.009903,-0.144459,0.8013,0.477106,0.986823,0.017072,0.519
utkatasana_tf_0229,0.47828,0.350346,-0.260644,0.9996,0.486099,0.327916,-0.264308,0.9996,0.492799,0.325653,-0.263487,0.9996,0.500077,0.323736,-0.2636,0.9995,0.47325,0.330564,-0.241813,0.9996,0.470912,0.329778,-0.242607,0.9996,0.468796,0.329388,-0.2426,0.9996,0.52436,0.324011,-0.24195,0.9994,0.480777,0.334051,-0.154474,0.9997,0.500045,0.366303,-0.251962,0.999,0.484456,0.367686,-0.225703,0.9991,0.605246,0.383422,-0.281049,0.9945,0.485637,0.39951,-0.097477,0.9975,0.546651,0.246073,-0.444038,0.9953,0.377684,0.290397,-0.092236,0.954,0.483673,0.115364,-0.49983,0.959,0.30032,0.133039,-0.200623,0.9676,0.47084,0.072335,-0.540621,0.9262,0.278193,0.091138,-0.217433,0.9543,0.455613,0.073502,-0.521746,0.9287,0.293337,0.084934,-0.227512,0.9537,0.454485,0.089891,-0.496583,0.9401,0.305464,0.095345,-0.211803,0.9572,0.67526,0.681865,-0.073015,0.9854,0.603835,0.665726,0.074046,0.9957,0.486643,0.752893,-0.200859,0.9505,0.463488,0.729995,-0.02923,0.7404,0.560997,0.957544,-0.130526,0.8774,0.543025,0.931116,0.010038,0.6057,0.593475,0.979456,-0.127013,0.8513,0.565183,0.953736,0.009648,0.6187,0.495156,1.021313,-0.169816,0.828,0.479077,0.998492,-0.025357,0.6045
utkatasana_tf_0230,0.48475,0.37132,-0.29971,0.9996,0.493824,0.347808,-0.302273,0.9996,0.501712,0.345243,-0.301363,0.9996,0.510363,0.342785,-0.301454,0.9996,0.478743,0.350184,-0.281419,0.9996,0.475925,0.349272,-0.282178,0.9995,0.473279,0.347902,-0.282175,0.9995,0.534972,0.338454,-0.269525,0.9995,0.486743,0.348384,-0.189039,0.9996,0.508512,0.388403,-0.286491,0.9992,0.489762,0.388212,-0.262519,0.9991,0.612822,0.394245,-0.305821,0.9968,0.490355,0.410002,-0.129011,0.9981,0.556142,0.26638,-0.482523,0.9965,0.383822,0.297198,-0.136174,0.9574,0.488035,0.130251,-0.54734,0.9597,0.30023,0.133303,-0.238341,0.9725,0.474136,0.085745,-0.593161,0.9191,0.272211,0.094669,-0.257545,0.9603,0.460814,0.082861,-0.572162,0.9208,0.283889,0.085519,-0.267048,0.9594,0.460075,0.102045,-0.544366,0.935,0.298743,0.097575,-0.250017,0.9622,0.677596,0.685502,-0.070545,0.9927,0.600173,0.663834,0.071526,0.9961,0.490059,0.775633,-0.227519,0.9515,0.466326,0.725954,-0.031208,0.6862,0.564031,0.973062,-0.115771,0.8284,0.538805,0.940193,0.046004,0.5087,0.59106,0.985863,-0.107727,0.77,0.557174,0.953673,0.050089,0.4976,0.502196,1.051962,-0.141381,0.7404,0.493164,0.995119,0.015892,0.492
utkatasana_tf_0231,0.480917,0.376316,-0.290168,0.9997,0.484083,0.354231,-0.295032,0.9997,0.490961,0.352439,-0.294178,0.9997,0.498786,0.350464,-0.294283,0.9997,0.473486,0.354182,-0.272711,0.9997,0.4719,0.352633,-0.273531,0.9997,0.470323,0.351459,-0.273549,0.9997,0.527623,0.344968,-0.272534,0.9996,0.486297,0.349489,-0.184201,0.9998,0.500495,0.390319,-0.280403,0.9992,0.488588,0.390256,-0.25407,0.9992,0.607869,0.388581,-0.305468,0.9959,0.492066,0.407081,-0.128896,0.9983,0.551861,0.258936,-0.477787,0.9955,0.380756,0.296772,-0.135958,0.964,0.478218,0.123832,-0.54377,0.9346,0.297199,0.132649,-0.245736,0.9726,0.467522,0.083605,-0.588433,0.8769,0.267539,0.092294,-0.263616,0.961,0.456048,0.083314,-0.567846,0.8824,0.281301,0.084702,-0.27394,0.9595,0.452378,0.098944,-0.540813,0.9011,0.297787,0.09644,-0.257149,0.9622,0.678993,0.686955,-0.070205,0.9902,0.60043,0.666111,0.071146,0.9965,0.497432,0.775972,-0.218036,0.9423,0.469202,0.735199,-0.033571,0.7507,0.559007,0.965076,-0.097354,0.794,0.543605,0.941493,0.038968,0.5374,0.580182,0.977399,-0.089038,0.7616,0.562853,0.953616,0.042396,0.5397,0.494038,1.030084,-0.128929,0.7265,0.502064,0.996516,0.003374,0.5206
utkatasana_tf_0232,0.483331,0.393556,-0.289196,0.9998,0.487171,0.373,-0.295188,0.9997,0.493679,0.371387,-0.294337,0.9997,0.500445,0.369583,-0.294383,0.9997,0.477823,0.372846,-0.272827,0.9997,0.476563,0.37143,-0.273678,0.9997,0.474387,0.370531,-0.273656,0.9997,0.528193,0.366724,-0.27519,0.9996,0.487796,0.369992,-0.186319,0.9998,0.50206,0.408454,-0.279567,0.9991,0.49069,0.408554,-0.253241,0.9992,0.603277,0.417364,-0.310264,0.9951,0.492033,0.430328,-0.13034,0.9984,0.550247,0.286114,-0.474017,0.9951,0.374062,0.313695,-0.133603,0.9665,0.481559,0.153398,-0.532466,0.9488,0.300056,0.157792,-0.236405,0.9714,0.467639,0.114999,-0.577081,0.9067,0.273439,0.116944,-0.25487,0.9592,0.455891,0.115957,-0.556176,0.9119,0.288099,0.110162,-0.264094,0.9581,0.453967,0.128088,-0.529498,0.9244,0.304326,0.121001,-0.246995,0.9612,0.681844,0.703879,-0.073386,0.9962,0.602532,0.686357,0.074332,0.9988,0.515973,0.82162,-0.172997,0.9334,0.454437,0.765883,-0.022173,0.7767,0.558395,0.97188,0.007161,0.6595,0.547511,0.944936,0.061911,0.462,0.574411,0.980915,0.021268,0.621,0.567906,0.956732,0.066541,0.4569,0.501371,1.034201,-0.007329,0.5795,0.50822,1.019099,0.030908,0.4399
utkatasana_tf_0233,0.483945,0.408476,-0.299662,0.9997,0.488067,0.386324,-0.308515,0.9997,0.493823,0.384586,-0.307691,0.9997,0.500579,0.382501,-0.307686,0.9997,0.477798,0.386257,-0.285362,0.9997,0.476154,0.384496,-0.286186,0.9997,0.474429,0.383025,-0.286281,0.9997,0.528606,0.374127,-0.294378,0.9996,0.488774,0.378914,-0.202646,0.9998,0.503582,0.421404,-0.291614,0.9992,0.491449,0.42162,-0.264376,0.9992,0.606583,0.426235,-0.325559,0.996,0.491105,0.435376,-0.147289,0.9981,0.553237,0.289819,-0.499543,0.9927,0.371709,0.318337,-0.147839,0.9613,0.488769,0.162319,-0.580142,0.9212,0.295977,0.162242,-0.246068,0.96,0.473658,0.120329,-0.626453,0.8664,0.271229,0.120336,-0.262514,0.9465,0.463513,0.120686,-0.609278,0.8681,0.283307,0.113804,-0.27529,0.9458,0.462514,0.132958,-0.578926,0.8837,0.296705,0.12534,-0.258454,0.9498,0.679569,0.715239,-0.072753,0.9918,0.604827,0.691165,0.073691,0.9961,0.49612,0.808826,-0.206877,0.9205,0.471192,0.761431,0.025413,0.59,0.564674,0.976004,-0.048934,0.6366,0.530694,0.919765,0.113604,0.3097,0.584597,0.983753,-0.036374,0.6202,0.555113,0.93697,0.119133,0.3651,0.504311,1.037635,-0.059549,0.5325,0.502565,0.976048,0.098443,0.3026
utkatasana_tf_0234,0.481472,0.421966,-0.306724,0.9997,0.483468,0.400771,-0.317243,0.9997,0.488814,0.399352,-0.316338,0.9997,0.495199,0.397516,-0.316393,0.9997,0.474994,0.400095,-0.293806,0.9997,0.47378,0.398492,-0.294645,0.9996,0.472687,0.39709,-0.29467,0.9996,0.526266,0.389159,-0.305438,0.9996,0.4897,0.394816,-0.210878,0.9997,0.501621,0.43625,-0.298807,0.9991,0.490333,0.435289,-0.27092,0.9991,0.603269,0.439063,-0.336696,0.9958,0.495926,0.448415,-0.152445,0.9982,0.553303,0.308031,-0.513157,0.9927,0.379612,0.336775,-0.153689,0.9579,0.488324,0.189775,-0.592707,0.9191,0.295644,0.183119,-0.250955,0.9664,0.471174,0.147211,-0.638636,0.8547,0.270751,0.139073,-0.265385,0.9567,0.460451,0.146513,-0.619227,0.8583,0.282087,0.131693,-0.27911,0.9559,0.461367,0.163038,-0.590699,0.8758,0.295597,0.145226,-0.263565,0.9583,0.67871,0.720127,-0.074222,0.9922,0.604996,0.693908,0.075095,0.9964,0.506614,0.831812,-0.208338,0.9147,0.471684,0.771868,0.031739,0.6228,0.563229,0.979823,-0.006171,0.5273,0.530138,0.927573,0.136472,0.2842,0.579999,0.979238,0.011142,0.5538,0.553532,0.941738,0.144147,0.3254,0.523896,1.027926,-0.000679,0.426,0.510481,0.987668,0.124243,0.2556
utkatasana_tf_0235,0.480371,0.439706,-0.316182,0.9997,0.483817,0.418223,-0.327757,0.9996,0.489587,0.416776,-0.326836,0.9996,0.496281,0.414833,-0.326862,0.9996,0.473873,0.416588,-0.304046,0.9996,0.472279,0.414396,-0.304858,0.9995,0.470647,0.412373,-0.304879,0.9995,0.526607,0.405308,-0.315857,0.9995,0.486695,0.410344,-0.220088,0.9996,0.499802,0.455103,-0.307709,0.9989,0.487223,0.452392,-0.27957,0.9988,0.602784,0.454081,-0.344591,0.9957,0.492327,0.460649,-0.163619,0.9981,0.54979,0.327806,-0.512242,0.9939,0.378433,0.351386,-0.169682,0.9486,0.484593,0.209114,-0.584025,0.9373,0.296017,0.197851,-0.266026,0.9632,0.469735,0.167943,-0.631261,0.8762,0.267776,0.155766,-0.282013,0.954,0.458415,0.167553,-0.611436,0.8832,0.281083,0.148473,-0.294077,0.9535,0.455241,0.181393,-0.581604,0.9011,0.297005,0.163382,-0.278168,0.9552,0.674026,0.732442,-0.071736,0.9941,0.598422,0.704381,0.072538,0.997,0.505657,0.840945,-0.205654,0.9137,0.466362,0.786466,0.044012,0.6287,0.562035,0.97739,0.026453,0.499,0.536212,0.92349,0.15622,0.2937,0.593969,0.986044,0.047786,0.543,0.560198,0.93174,0.165487,0.32,0.541413,1.027471,0.050224,0.3858,0.527871,0.986696,0.156076,0.2353
utkatasana_tf_0236,0.476426,0.445172,-0.304165,0.9997,0.478358,0.424633,-0.316263,0.9996,0.483811,0.423475,-0.315394,0.9996,0.490344,0.422049,-0.315442,0.9996,0.469555,0.423094,-0.291696,0.9996,0.468306,0.421153,-0.292539,0.9996,0.467203,0.419425,-0.292545,0.9996,0.521147,0.41301,-0.308648,0.9995,0.483206,0.416932,-0.208239,0.9997,0.495099,0.457311,-0.297529,0.999,0.483953,0.456206,-0.267855,0.9989,0.600957,0.457734,-0.335163,0.9949,0.497903,0.464054,-0.152982,0.9984,0.552414,0.330126,-0.509524,0.993,0.381124,0.361948,-0.151953,0.9513,0.484245,0.208005,-0.582697,0.9289,0.296697,0.207386,-0.2528,0.9689,0.475022,0.176562,-0.627861,0.8674,0.274604,0.167796,-0.265634,0.962,0.45651,0.173019,-0.60658,0.8733,0.287509,0.161086,-0.280593,0.9612,0.45507,0.187984,-0.579671,0.8907,0.29872,0.171741,-0.265645,0.9631,0.675572,0.736394,-0.07247,0.9927,0.602083,0.710388,0.073298,0.9975,0.507016,0.847287,-0.179693,0.9072,0.466923,0.795704,0.037123,0.645,0.563691,0.977515,0.034076,0.5157,0.53447,0.952784,0.147783,0.2977,0.596135,0.991942,0.053231,0.5801,0.559787,0.962581,0.156676,0.3257,0.541959,1.032975,0.053382,0.4193,0.52319,1.018234,0.142247,0.2427
utkatasana_tf_0237,0.474346,0.43793,-0.273241,0.9995,0.478724,0.421217,-0.286298,0.9995,0.484704,0.420417,-0.285441,0.9995,0.490207,0.419593,-0.285546,0.9995,0.47161,0.41923,-0.260007,0.9994,0.471279,0.417425,-0.260872,0.9994,0.47106,0.415698,-0.26087,0.9994,0.516773,0.416625,-0.288828,0.9994,0.48465,0.420274,-0.181814,0.9995,0.49112,0.451782,-0.271091,0.9985,0.483608,0.450645,-0.239532,0.9983,0.599728,0.461162,-0.32023,0.9944,0.49477,0.472358,-0.12698,0.9968,0.546331,0.331373,-0.481302,0.9923,0.383754,0.371491,-0.110346,0.9384,0.465525,0.210708,-0.551705,0.9388,0.297896,0.213609,-0.208783,0.9555,0.455176,0.185505,-0.597956,0.8846,0.271544,0.176633,-0.223214,0.9469,0.445362,0.185302,-0.579318,0.892,0.283758,0.167966,-0.238953,0.9469,0.438241,0.19072,-0.549178,0.9077,0.297898,0.179636,-0.221683,0.9493,0.673676,0.743045,-0.073621,0.9889,0.601484,0.71315,0.074567,0.9943,0.506594,0.852727,-0.187589,0.9136,0.468368,0.795725,0.036457,0.5817,0.564484,0.991841,0.013926,0.4768,0.536734,0.93971,0.126371,0.2354,0.599916,1.015775,0.03189,0.5028,0.560858,0.950385,0.132807,0.2868,0.54141,1.053766,0.027598,0.364,0.524936,0.996397,0.117441,0.2132
utkatasana_tf_0238,0.479034,0.45373,-0.319811,0.9997,0.483107,0.436573,-0.331152,0.9997,0.488686,0.435709,-0.330217,0.9997,0.495487,0.434118,-0.330263,0.9997,0.473883,0.435196,-0.306798,0.9996,0.472239,0.433887,-0.307626,0.9996,0.471135,0.432553,-0.307642,0.9996,0.52348,0.424413,-0.320618,0.9997,0.486795,0.430274,-0.221568,0.9996,0.498158,0.466557,-0.312073,0.9991,0.487048,0.465322,-0.283061,0.9988,0.607021,0.474067,-0.343496,0.9963,0.492682,0.481096,-0.170178,0.9974,0.541426,0.345631,-0.516047,0.9931,0.367499,0.369964,-0.1773,0.957,0.466416,0.221661,-0.591926,0.9312,0.296709,0.214781,-0.268498,0.9672,0.460499,0.198837,-0.639112,0.8666,0.272064,0.178405,-0.286094,0.9412,0.445466,0.19207,-0.619831,0.8724,0.286129,0.171769,-0.295734,0.9432,0.442534,0.20489,-0.590318,0.8917,0.299902,0.182237,-0.279497,0.9517,0.678918,0.744058,-0.067387,0.9937,0.597097,0.72572,0.068284,0.9954,0.51906,0.860488,-0.234085,0.8574,0.470328,0.809974,-0.001205,0.5973,0.564953,0.998109,0.013152,0.3376,0.529363,0.956054,0.129495,0.2248,0.588622,1.02395,0.034638,0.3619,0.550582,0.965601,0.140444,0.2504,0.526745,1.070592,0.015394,0.2585,0.521103,1.019078,0.114805,0.1963
utkatasana_tf_0239,0.481281,0.459607,-0.311773,0.9996,0.48607,0.442746,-0.323622,0.9995,0.492283,0.441967,-0.322694,0.9995,0.498484,0.44092,-0.322797,0.9995,0.477058,0.440712,-0.29883,0.9995,0.476055,0.438922,-0.299668,0.9994,0.473906,0.437865,-0.299683,0.9994,0.524109,0.435134,-0.315007,0.9995,0.488178,0.438779,-0.213946,0.9995,0.49949,0.472599,-0.304844,0.9988,0.489792,0.471012,-0.275099,0.9985,0.606201,0.4815,-0.338331,0.9958,0.497267,0.488506,-0.158894,0.9977,0.545574,0.363147,-0.51448,0.992,0.376335,0.379165,-0.162439,0.962,0.469092,0.243122,-0.597826,0.9192,0.294775,0.223937,-0.256652,0.9692,0.461495,0.217231,-0.646001,0.8485,0.272067,0.189615,-0.273615,0.9359,0.451931,0.21713,-0.626782,0.8548,0.283036,0.181579,-0.285542,0.9382,0.446343,0.222978,-0.596187,0.8749,0.29608,0.190467,-0.268603,0.9479,0.676647,0.744254,-0.068663,0.9913,0.596169,0.721541,0.069596,0.9936,0.524334,0.878471,-0.245941,0.8876,0.461922,0.806737,-0.001733,0.6005,0.563869,1.00059,-0.025053,0.416,0.533702,0.941859,0.115654,0.2144,0.591278,1.028101,-0.005999,0.4111,0.554764,0.950562,0.125258,0.2546,0.531215,1.077199,-0.028081,0.3159,0.527998,1.003536,0.099821,0.1915
utkatasana_tf_0240,0.491387,0.451758,-0.369196,0.9978,0.502259,0.435964,-0.380555,0.9978,0.509061,0.435901,-0.379621,0.9979,0.516753,0.435448,-0.379668,0.9978,0.488442,0.431364,-0.358143,0.9979,0.486778,0.430032,-0.358936,0.9978,0.485247,0.428642,-0.358982,0.9978,0.539933,0.431208,-0.356368,0.9975,0.498276,0.434284,-0.267283,0.9985,0.511559,0.465284,-0.354904,0.9949,0.495481,0.463102,-0.328544,0.9947,0.615962,0.48618,-0.373225,0.9676,0.490463,0.48051,-0.208633,0.9943,0.566335,0.410906,-0.58885,0.9548,0.380554,0.380465,-0.22857,0.9664,0.48291,0.274589,-0.698591,0.8173,0.30791,0.236527,-0.305213,0.9515,0.468546,0.238805,-0.748882,0.7688,0.282062,0.198739,-0.326994,0.897,0.456876,0.236239,-0.731335,0.7508,0.294268,0.192008,-0.335594,0.8915,0.454966,0.247821,-0.699007,0.7666,0.307635,0.202591,-0.317039,0.9089,0.669648,0.739735,-0.062585,0.9857,0.58362,0.718999,0.063537,0.9927,0.529836,0.90744,-0.256094,0.8198,0.45338,0.849323,-0.051379,0.6764,0.581445,1.038465,-0.015725,0.3155,0.518828,0.97618,0.112185,0.2175,0.600467,1.042632,0.003806,0.3135,0.548961,0.970212,0.126809,0.239,0.545985,1.114696,-0.021692,0.1946,0.504453,1.058418,0.097204,0.151
utkatasana_tf_0241,0.50388,0.425108,-0.394905,0.9978,0.517912,0.409879,-0.402563,0.9976,0.525063,0.409999,-0.401661,0.9976,0.532739,0.409901,-0.401549,0.9975,0.501696,0.407751,-0.382453,0.9976,0.498301,0.406266,-0.383204,0.9974,0.495017,0.40488,-0.38333,0.9973,0.553317,0.41158,-0.365389,0.9971,0.504967,0.408554,-0.287932,0.9981,0.523358,0.442782,-0.376866,0.9941,0.503189,0.440001,-0.353834,0.9939,0.622089,0.471909,-0.384479,0.9575,0.488476,0.461024,-0.21777,0.9936,0.580779,0.416772,-0.572462,0.9675,0.383496,0.370597,-0.244264,0.9797,0.487139,0.278606,-0.668967,0.8957,0.313729,0.224857,-0.327273,0.9682,0.470348,0.239059,-0.719386,0.8645,0.294624,0.184619,-0.353563,0.9385,0.462336,0.235736,-0.705365,0.8482,0.304271,0.177984,-0.354046,0.9334,0.462471,0.245308,-0.670425,0.8567,0.315282,0.191554,-0.335704,0.9422,0.648132,0.729842,-0.057845,0.9889,0.565904,0.710208,0.058818,0.9927,0.518297,0.912645,-0.214654,0.81,0.451068,0.862783,-0.025273,0.6082,0.557779,1.007076,0.024257,0.3551,0.518986,0.978371,0.160817,0.1702,0.600129,1.038831,0.044504,0.2854,0.538398,0.985154,0.178777,0.1845,0.535376,1.12668,0.024773,0.203,0.51032,1.059497,0.162096,0.1175
utkatasana_tf_0242,0.504605,0.416552,-0.380631,0.9976,0.521015,0.401893,-0.392466,0.9974,0.528225,0.402753,-0.391538,0.9975,0.536513,0.403348,-0.391487,0.9974,0.505527,0.397115,-0.370699,0.9973,0.502469,0.391599,-0.371456,0.9971,0.500194,0.388946,-0.371569,0.997,0.557365,0.401291,-0.364123,0.9972,0.511281,0.394559,-0.279273,0.998,0.524207,0.434273,-0.364587,0.9944,0.503809,0.429039,-0.339393,0.9939,0.622876,0.465432,-0.375946,0.9653,0.48916,0.442914,-0.208028,0.9944,0.585419,0.426919,-0.55818,0.9702,0.38632,0.362887,-0.230363,0.9773,0.499238,0.284129,-0.660709,0.9289,0.318722,0.219894,-0.310352,0.971,0.481426,0.246787,-0.709725,0.9026,0.302847,0.180567,-0.336513,0.9416,0.471483,0.241364,-0.698935,0.8896,0.312608,0.174869,-0.336851,0.9359,0.472272,0.249893,-0.663366,0.8975,0.32283,0.187874,-0.318764,0.9456,0.645031,0.728829,-0.055858,0.9922,0.562018,0.711358,0.056777,0.9945,0.521208,0.921887,-0.206825,0.7743,0.448299,0.870572,-0.019642,0.5947,0.553137,1.001561,0.047352,0.2311,0.516209,0.982655,0.180994,0.1068,0.590251,1.042969,0.069587,0.2107,0.534689,0.987816,0.201439,0.1389,0.528388,1.128139,0.056049,0.1193,0.502643,1.061098,0.193851,0.0704
utkatasana_tf_0243,0.508369,0.400993,-0.333539,0.9941,0.524568,0.386767,-0.34393,0.9934,0.531415,0.387665,-0.343083,0.9935,0.537636,0.3884,-0.343076,0.9933,0.509844,0.381996,-0.322325,0.9936,0.507326,0.379413,-0.323157,0.9933,0.501417,0.377506,-0.323248,0.9933,0.561559,0.388784,-0.31819,0.9925,0.516485,0.381734,-0.234171,0.9951,0.526918,0.419844,-0.319316,0.985,0.508278,0.414132,-0.294296,0.9847,0.624954,0.459611,-0.339363,0.9287,0.495908,0.435175,-0.167514,0.9892,0.599344,0.423119,-0.502168,0.9516,0.38973,0.354662,-0.176234,0.9718,0.508205,0.283568,-0.592756,0.8888,0.325158,0.210778,-0.259659,0.9589,0.484669,0.243559,-0.639628,0.8503,0.307824,0.17169,-0.283995,0.9179,0.47664,0.232165,-0.628017,0.8346,0.317217,0.165969,-0.287102,0.9135,0.479753,0.245193,-0.59421,0.8467,0.329589,0.179329,-0.268622,0.9268,0.641729,0.72962,-0.059154,0.987,0.56027,0.710373,0.060097,0.9926,0.514495,0.91596,-0.171198,0.7045,0.446438,0.873844,0.020189,0.5331,0.566538,1.034002,0.082407,0.2247,0.527114,0.983844,0.209078,0.0987,0.588103,1.030893,0.105287,0.2352,0.547963,0.986461,0.228125,0.1356,0.533232,1.111936,0.097331,0.1232,0.51957,1.061013,0.217957,0.0639
utkatasana_tf_0244,0.502186,0.394564,-0.238159,0.995,0.514791,0.377142,-0.247454,0.9943,0.522323,0.377432,-0.246617,0.9943,0.529657,0.377959,-0.246796,0.994,0.501902,0.374874,-0.225668,0.9947,0.499286,0.373626,-0.226549,0.9944,0.497297,0.37242,-0.226553,0.9945,0.557398,0.381809,-0.22404,0.9936,0.517065,0.376688,-0.139941,0.9956,0.521003,0.413562,-0.226325,0.9883,0.503166,0.409783,-0.200944,0.9866,0.623287,0.45115,-0.257557,0.9506,0.495395,0.442561,-0.075589,0.9887,0.585924,0.401381,-0.408456,0.9635,0.389404,0.341398,-0.06058,0.9748,0.505343,0.267649,-0.482932,0.9371,0.332749,0.202518,-0.126953,0.9348,0.486132,0.235813,-0.52315,0.894,0.312692,0.162726,-0.14736,0.8569,0.477985,0.229498,-0.510108,0.8868,0.323517,0.158062,-0.14912,0.8588,0.479429,0.241334,-0.481817,0.9056,0.335895,0.169954,-0.134606,0.8856,0.632148,0.727426,-0.058036,0.9897,0.550911,0.712695,0.058785,0.9946,0.51812,0.915842,-0.154749,0.7145,0.448972,0.872087,0.000349,0.5841,0.55894,1.030757,0.097293,0.2962,0.510692,1.007388,0.181733,0.1686,0.576551,1.031513,0.119946,0.2846,0.535139,1.015767,0.199191,0.2032,0.530407,1.109508,0.102633,0.1628,0.489826,1.088064,0.172102,0.1008
utkatasana_tf_0245,0.5162,0.379429,-0.238496,0.9948,0.532947,0.361844,-0.244948,0.9938,0.539801,0.362824,-0.244015,0.9939,0.547752,0.364224,-0.244333,0.9938,0.51798,0.357324,-0.224827,0.9937,0.515345,0.354939,-0.22569,0.9932,0.512825,0.352594,-0.225664,0.9931,0.569082,0.370067,-0.211143,0.9934,0.525163,0.35719,-0.134802,0.9946,0.533578,0.398011,-0.223172,0.9858,0.513453,0.392508,-0.200138,0.9833,0.626658,0.44754,-0.246328,0.947,0.497749,0.429588,-0.069845,0.9812,0.59523,0.398996,-0.411846,0.967,0.394784,0.336444,-0.057784,0.9769,0.513312,0.267882,-0.493689,0.9605,0.337176,0.193514,-0.120059,0.9501,0.494222,0.230596,-0.533115,0.9305,0.319918,0.152906,-0.139117,0.8907,0.485893,0.227741,-0.518337,0.9254,0.331925,0.148943,-0.140371,0.8889,0.487073,0.235261,-0.491778,0.9381,0.343478,0.161879,-0.127538,0.9113,0.623948,0.726974,-0.056273,0.9893,0.542424,0.709102,0.056985,0.9919,0.510878,0.917997,-0.172866,0.6751,0.446625,0.875329,-0.02518,0.5579,0.554512,1.030466,0.087848,0.22,0.511486,1.011496,0.161398,0.1316,0.573821,1.030756,0.110487,0.2404,0.534082,1.020043,0.17977,0.1653,0.525728,1.11086,0.094641,0.1149,0.493534,1.093804,0.151101,0.0767
utkatasana_tf_0246,0.521603,0.384004,-0.251123,0.9961,0.538137,0.366923,-0.257281,0.9952,0.546749,0.372083,-0.256316,0.9953,0.553879,0.374079,-0.256544,0.9952,0.52251,0.363625,-0.236836,0.9953,0.519717,0.361809,-0.237671,0.9949,0.516977,0.359826,-0.237618,0.9949,0.575016,0.379247,-0.224601,0.9947,0.52773,0.367839,-0.146411,0.9959,0.538953,0.403797,-0.236176,0.9895,0.518143,0.396255,-0.212714,0.9881,0.627868,0.452326,-0.261416,0.9534,0.49941,0.433078,-0.087092,0.9828,0.596849,0.392846,-0.423904,0.9731,0.399532,0.333335,-0.081681,0.974,0.522726,0.258734,-0.503459,0.9493,0.343764,0.184851,-0.147526,0.9492,0.502953,0.22016,-0.544927,0.9106,0.325184,0.145885,-0.169992,0.8908,0.492652,0.216216,-0.529491,0.9062,0.338163,0.142597,-0.171668,0.8907,0.494958,0.228586,-0.501651,0.9213,0.350284,0.15519,-0.155397,0.91,0.61848,0.731667,-0.053685,0.992,0.536505,0.713031,0.054362,0.9936,0.504997,0.919119,-0.15995,0.7206,0.442409,0.877797,-0.006318,0.644,0.53668,0.966879,0.143411,0.2027,0.500104,0.985492,0.210618,0.1497,0.546919,0.964721,0.171053,0.228,0.520897,0.98929,0.232907,0.1822,0.51622,1.083916,0.16651,0.1096,0.485501,1.064029,0.217518,0.0867
utkatasana_tf_0247,0.519972,0.376297,-0.292012,0.9983,0.534951,0.357504,-0.295643,0.9978,0.541722,0.357863,-0.294762,0.9979,0.548912,0.35863,-0.294973,0.9977,0.52152,0.354588,-0.276557,0.9979,0.519192,0.352871,-0.277439,0.9977,0.517028,0.351518,-0.277272,0.9976,0.566894,0.363914,-0.258536,0.9971,0.524978,0.360353,-0.184911,0.9977,0.536248,0.398889,-0.275551,0.9939,0.517809,0.391994,-0.253277,0.9933,0.62046,0.436313,-0.295443,0.9724,0.499704,0.424916,-0.137684,0.9835,0.599445,0.327693,-0.469508,0.9865,0.4163,0.29885,-0.165173,0.9765,0.551189,0.193402,-0.558509,0.9146,0.378111,0.147557,-0.242257,0.9523,0.541264,0.162354,-0.59967,0.8621,0.364784,0.104968,-0.265531,0.9114,0.530579,0.159862,-0.586474,0.8565,0.37679,0.101078,-0.269757,0.9114,0.528052,0.167685,-0.558411,0.8708,0.38794,0.116466,-0.251919,0.9203,0.602714,0.723093,-0.051443,0.9911,0.521499,0.702901,0.052357,0.9899,0.509554,0.904865,-0.092711,0.9033,0.446557,0.867583,0.03673,0.8476,0.543277,0.968361,0.143741,0.6571,0.504766,0.91273,0.2581,0.3559,0.549041,0.965143,0.16267,0.482,0.515866,0.918658,0.278537,0.3831,0.54638,1.072752,0.118219,0.4539,0.512211,1.011571,0.249312,0.2327
utkatasana_tf_0248,0.462142,0.283805,-0.33145,0.9991,0.467043,0.271493,-0.313866,0.9989,0.471488,0.271469,-0.313211,0.9989,0.47607,0.271711,-0.313116,0.9989,0.451647,0.272423,-0.315132,0.9988,0.444954,0.272813,-0.315988,0.9987,0.43833,0.273209,-0.315643,0.9986,0.479919,0.28116,-0.213986,0.9985,0.426722,0.28389,-0.229792,0.998,0.470951,0.299755,-0.29519,0.9973,0.450529,0.298448,-0.29945,0.9967,0.51673,0.345229,-0.197854,0.9966,0.390702,0.34257,-0.226058,0.9927,0.557711,0.230212,-0.28708,0.9961,0.353521,0.228878,-0.29728,0.9946,0.550531,0.094719,-0.342233,0.9869,0.35699,0.089131,-0.345661,0.9815,0.552425,0.066184,-0.374332,0.9553,0.351706,0.06785,-0.369941,0.9527,0.542261,0.065305,-0.367207,0.9518,0.362743,0.063446,-0.359582,0.9499,0.538306,0.073156,-0.345318,0.9573,0.367551,0.069432,-0.348504,0.9531,0.501783,0.59155,0.00497,0.9986,0.419167,0.593919,-0.003569,0.9979,0.487212,0.747545,0.04998,0.959,0.430571,0.752422,0.050243,0.9457,0.471465,0.853596,0.289094,0.9337,0.438135,0.871805,0.262548,0.9298,0.463492,0.859792,0.307223,0.7761,0.435001,0.879191,0.278161,0.6818,0.474594,0.933522,0.215107,0.9149,0.452666,0.9474,0.183488,0.8951
utkatasana_tf_0249,0.471623,0.298253,-0.330093,0.9985,0.477491,0.284186,-0.312951,0.9982,0.482202,0.283717,-0.312327,0.9983,0.487008,0.283424,-0.312238,0.9982,0.46177,0.285808,-0.314636,0.9981,0.45522,0.286167,-0.315539,0.998,0.449146,0.286578,-0.315099,0.9978,0.492729,0.291607,-0.21412,0.9975,0.439426,0.295187,-0.231982,0.9967,0.482087,0.315114,-0.293827,0.9956,0.46134,0.314059,-0.298537,0.9947,0.526466,0.358871,-0.199276,0.9955,0.404772,0.355058,-0.22388,0.9885,0.565172,0.240857,-0.285044,0.9961,0.367097,0.241567,-0.2921,0.9925,0.558067,0.103032,-0.337053,0.9887,0.371638,0.107724,-0.342257,0.9724,0.560193,0.074167,-0.369226,0.9624,0.36584,0.087843,-0.366993,0.9419,0.549301,0.071255,-0.361764,0.9597,0.377591,0.083082,-0.356376,0.9394,0.544184,0.081331,-0.339511,0.9645,0.382558,0.087871,-0.345095,0.9453,0.512291,0.603842,0.004084,0.9983,0.429495,0.605805,-0.002712,0.9978,0.499482,0.743537,0.049827,0.952,0.438397,0.745692,0.03354,0.9385,0.48392,0.855393,0.29765,0.9175,0.448167,0.858206,0.266952,0.9142,0.477346,0.861498,0.317041,0.72,0.446151,0.861848,0.285521,0.6843,0.483307,0.927924,0.226839,0.8871,0.459328,0.932936,0.197388,0.8772
utkatasana_tf_0250,0.483756,0.308416,-0.359718,0.9993,0.489911,0.294853,-0.344137,0.9991,0.494593,0.294399,-0.34351,0.9991,0.499434,0.294018,-0.343409,0.9991,0.474449,0.296915,-0.343031,0.9991,0.468235,0.297542,-0.343952,0.999,0.462731,0.298322,-0.343485,0.999,0.505576,0.302387,-0.251263,0.9989,0.453881,0.307541,-0.255407,0.9986,0.494047,0.324566,-0.325858,0.9977,0.473371,0.324294,-0.326709,0.9971,0.543107,0.367299,-0.238094,0.9967,0.422444,0.368403,-0.245426,0.9928,0.579549,0.251601,-0.337575,0.9974,0.386693,0.251813,-0.309445,0.9922,0.575381,0.115397,-0.390358,0.9872,0.389234,0.117337,-0.3624,0.9775,0.579329,0.086178,-0.422312,0.9627,0.383179,0.095685,-0.387797,0.9447,0.568291,0.084082,-0.415295,0.9599,0.394815,0.088324,-0.377898,0.9425,0.563663,0.09374,-0.393275,0.9648,0.40021,0.09442,-0.365812,0.9475,0.527469,0.604155,-0.002252,0.9985,0.446353,0.60485,0.003608,0.9984,0.508188,0.749604,0.022121,0.9457,0.45321,0.742846,0.010629,0.9457,0.496036,0.85001,0.278525,0.9117,0.465883,0.86031,0.245081,0.9263,0.490727,0.855064,0.297889,0.6868,0.466074,0.868778,0.263382,0.6917,0.496062,0.926016,0.204613,0.887,0.46892,0.941739,0.169348,0.8975
utkatasana_tf_0251,0.502603,0.317249,-0.363109,0.9993,0.509107,0.305106,-0.347341,0.9992,0.513768,0.305074,-0.346629,0.9992,0.518509,0.305169,-0.346524,0.9992,0.493491,0.306456,-0.34621,0.9991,0.487384,0.30694,-0.347074,0.999,0.481726,0.307546,-0.346598,0.9989,0.523929,0.314797,-0.255805,0.999,0.472858,0.317736,-0.260275,0.9984,0.512497,0.33373,-0.3295,0.9979,0.491772,0.333504,-0.330486,0.9971,0.560253,0.379297,-0.248543,0.9974,0.440359,0.376844,-0.247258,0.9918,0.595637,0.263685,-0.346447,0.9971,0.405367,0.262889,-0.31394,0.9917,0.591669,0.126612,-0.404376,0.9876,0.404228,0.127798,-0.364446,0.9597,0.597667,0.096817,-0.439752,0.9668,0.397034,0.104841,-0.391638,0.9334,0.588982,0.093399,-0.433391,0.9644,0.408036,0.096722,-0.381401,0.927,0.583119,0.102829,-0.408068,0.9693,0.414378,0.10342,-0.368471,0.9311,0.546825,0.611231,-0.006819,0.999,0.464892,0.611908,0.008148,0.9984,0.520577,0.761321,0.015308,0.9638,0.464753,0.756612,0.042569,0.9507,0.515065,0.856229,0.286428,0.9265,0.475755,0.856032,0.287598,0.9316,0.513362,0.860084,0.307831,0.7116,0.478231,0.862345,0.30719,0.7313,0.513737,0.930466,0.220262,0.8945,0.479716,0.933512,0.225193,0.8971
utkatasana_tf_0252,0.544248,0.347353,-0.37593,0.9991,0.552106,0.335101,-0.360289,0.9989,0.55706,0.335309,-0.359621,0.9989,0.561993,0.335734,-0.359488,0.9989,0.53581,0.335113,-0.361111,0.9989,0.529589,0.335278,-0.361966,0.9989,0.523433,0.335465,-0.361518,0.9989,0.566605,0.346546,-0.265146,0.9986,0.513725,0.344961,-0.278031,0.9987,0.553887,0.363791,-0.340526,0.9972,0.531748,0.364027,-0.343826,0.997,0.599735,0.408516,-0.254154,0.9955,0.476798,0.403472,-0.259917,0.9947,0.637822,0.299001,-0.353605,0.9959,0.438143,0.297463,-0.337084,0.9931,0.629775,0.166087,-0.413167,0.973,0.434822,0.158847,-0.40342,0.973,0.633827,0.138115,-0.44885,0.9449,0.430796,0.135896,-0.432923,0.9525,0.623283,0.133705,-0.442167,0.9415,0.441889,0.13203,-0.421493,0.9491,0.61807,0.143157,-0.416697,0.9483,0.447392,0.138803,-0.407346,0.9529,0.588957,0.632226,-0.007116,0.9984,0.50617,0.632271,0.008473,0.9984,0.557654,0.77158,0.014698,0.9619,0.495162,0.762001,0.031231,0.9539,0.551427,0.863496,0.27748,0.9163,0.514866,0.85807,0.280905,0.9242,0.549897,0.871479,0.297571,0.6968,0.518809,0.86158,0.301247,0.7227,0.544906,0.93437,0.213331,0.8859,0.515795,0.934581,0.224671,0.8967
utkatasana_tf_0253,0.568635,0.375289,-0.391462,0.998,0.577308,0.361806,-0.377336,0.9977,0.582823,0.361573,-0.376663,0.9976,0.588211,0.361405,-0.376481,0.9974,0.560306,0.361545,-0.376223,0.9981,0.554496,0.361073,-0.37712,0.9982,0.548962,0.360661,-0.37683,0.9983,0.593316,0.36809,-0.286545,0.997,0.540771,0.367798,-0.289958,0.9984,0.57963,0.389042,-0.357742,0.9949,0.557043,0.389176,-0.358329,0.9956,0.630724,0.42353,-0.275356,0.9894,0.504747,0.422325,-0.273021,0.9935,0.669603,0.317775,-0.402463,0.9944,0.460657,0.319766,-0.36505,0.9944,0.653587,0.182518,-0.473415,0.9157,0.454308,0.17703,-0.445784,0.9553,0.659892,0.150616,-0.511389,0.8419,0.448503,0.154159,-0.479254,0.9203,0.649661,0.148113,-0.502857,0.8417,0.459622,0.148502,-0.465237,0.9195,0.643487,0.161132,-0.476798,0.8603,0.464999,0.155099,-0.449489,0.9242,0.621345,0.64506,-0.00467,0.9984,0.53817,0.646077,0.006022,0.9985,0.584418,0.783533,-0.044197,0.9692,0.521408,0.779713,-0.057219,0.9731,0.576377,0.877236,0.240417,0.9242,0.543611,0.859717,0.215932,0.9194,0.576113,0.881184,0.2625,0.628,0.546354,0.858869,0.238019,0.6507,0.566225,0.946902,0.169295,0.8894,0.542309,0.936105,0.152624,0.8884
utkatasana_tf_0254,0.590184,0.395523,-0.375309,0.9981,0.597488,0.383229,-0.358593,0.9978,0.602389,0.382953,-0.357961,0.9978,0.607546,0.382483,-0.357738,0.9976,0.581738,0.383125,-0.356478,0.9981,0.575987,0.382863,-0.357437,0.9981,0.570584,0.382617,-0.357189,0.9981,0.612224,0.387483,-0.26219,0.9975,0.563107,0.388426,-0.261995,0.9982,0.599917,0.406847,-0.340039,0.9963,0.579331,0.407718,-0.33919,0.9963,0.651638,0.436752,-0.257167,0.9907,0.528124,0.43834,-0.244013,0.9926,0.685475,0.340445,-0.405355,0.9955,0.483193,0.346033,-0.36067,0.9908,0.668159,0.203543,-0.488646,0.943,0.471301,0.210903,-0.476918,0.9639,0.675206,0.168314,-0.529472,0.8942,0.464868,0.18276,-0.510846,0.9377,0.666677,0.166011,-0.517152,0.8983,0.474705,0.173982,-0.497771,0.9391,0.661045,0.179421,-0.490898,0.9106,0.481735,0.182753,-0.480475,0.9414,0.643949,0.654579,-0.005252,0.9984,0.566944,0.654102,0.006578,0.9987,0.601477,0.792213,-0.107906,0.9698,0.544423,0.77786,-0.130243,0.9676,0.595711,0.883324,0.167517,0.9177,0.566792,0.87442,0.137196,0.8984,0.599719,0.892659,0.189046,0.6044,0.571719,0.875406,0.158403,0.5907,0.584871,0.949592,0.090011,0.8769,0.565294,0.945932,0.062833,0.8708
utkatasana_tf_0255,0.593992,0.380655,-0.342229,0.9992,0.601138,0.374492,-0.324354,0.999,0.606266,0.375185,-0.323705,0.9989,0.61161,0.375989,-0.323532,0.9988,0.587257,0.373343,-0.322247,0.9992,0.583082,0.374313,-0.323213,0.9993,0.579061,0.375087,-0.322981,0.9993,0.61712,0.386823,-0.231065,0.9983,0.574842,0.389358,-0.230975,0.9991,0.603768,0.393025,-0.309482,0.9982,0.585858,0.394367,-0.308453,0.9986,0.659068,0.440211,-0.223601,0.9915,0.536228,0.441496,-0.225084,0.9969,0.691897,0.337705,-0.369688,0.9959,0.486132,0.350999,-0.328925,0.9956,0.671427,0.207352,-0.453914,0.9367,0.475261,0.21551,-0.425642,0.9833,0.677037,0.175231,-0.492826,0.8971,0.467261,0.185533,-0.456887,0.9666,0.668075,0.174217,-0.480356,0.8999,0.478892,0.177932,-0.445004,0.9647,0.662393,0.18445,-0.456246,0.9082,0.486624,0.187589,-0.429183,0.9665,0.653727,0.659765,-0.004528,0.9989,0.579814,0.659204,0.005876,0.9993,0.608979,0.794563,-0.062146,0.9701,0.555024,0.783998,-0.128638,0.9774,0.603648,0.886185,0.224862,0.9317,0.578669,0.880026,0.140691,0.9213,0.608495,0.893321,0.246864,0.6246,0.584391,0.881043,0.161899,0.6496,0.592642,0.952583,0.145831,0.8958,0.57776,0.948926,0.062256,0.902
utkatasana_tf_0256,0.601658,0.369136,-0.299535,0.9993,0.607129,0.369123,-0.28252,0.9989,0.6109,0.370242,-0.281825,0.9989,0.61485,0.371242,-0.281768,0.9989,0.598033,0.369982,-0.279908,0.9988,0.594781,0.371672,-0.280871,0.999,0.591868,0.373522,-0.280727,0.999,0.620018,0.388663,-0.199748,0.9982,0.589139,0.39286,-0.197864,0.9986,0.608142,0.3807,-0.27175,0.9984,0.596865,0.381522,-0.27006,0.9984,0.666208,0.441516,-0.194539,0.9929,0.546098,0.447533,-0.206643,0.9956,0.69424,0.346306,-0.325697,0.9931,0.498946,0.359548,-0.298972,0.9907,0.674861,0.219812,-0.401445,0.9045,0.47985,0.223731,-0.371385,0.9568,0.680239,0.187464,-0.436194,0.864,0.471494,0.193769,-0.397401,0.9091,0.67008,0.185465,-0.425051,0.8561,0.483526,0.187105,-0.388553,0.9064,0.662668,0.194912,-0.404194,0.8664,0.490623,0.196645,-0.375748,0.9156,0.657582,0.668998,-0.000717,0.9983,0.597001,0.66792,0.002031,0.9991,0.610233,0.797403,-0.060336,0.9446,0.563805,0.781447,-0.145757,0.9665,0.608018,0.881984,0.228402,0.8876,0.587296,0.880564,0.094076,0.9175,0.61321,0.889799,0.250627,0.5744,0.591529,0.88306,0.112437,0.6803,0.597922,0.948648,0.152075,0.8506,0.587113,0.951333,0.005894,0.8992
utkatasana_tf_0257,0.610049,0.376155,-0.307694,0.9992,0.612412,0.37502,-0.2993,0.999,0.615067,0.376118,-0.298651,0.9991,0.617887,0.377077,-0.298585,0.9991,0.607154,0.375257,-0.290735,0.9989,0.60561,0.376487,-0.291697,0.999,0.602645,0.377774,-0.29152,0.9991,0.622652,0.393622,-0.245042,0.9984,0.602375,0.395609,-0.216676,0.9986,0.614912,0.388255,-0.289166,0.9979,0.607102,0.388615,-0.279974,0.9977,0.669883,0.451444,-0.244234,0.9921,0.562004,0.455869,-0.218454,0.9948,0.697951,0.345323,-0.36944,0.9942,0.507782,0.36219,-0.285024,0.9814,0.670129,0.229285,-0.431652,0.9027,0.483806,0.233646,-0.356285,0.9441,0.670733,0.197275,-0.466193,0.8609,0.475544,0.205689,-0.377926,0.8841,0.66375,0.196088,-0.455038,0.8579,0.489931,0.196554,-0.377443,0.8818,0.654573,0.209253,-0.433195,0.863,0.500855,0.206442,-0.362568,0.893,0.658535,0.674708,-0.012225,0.9969,0.615703,0.671228,0.013563,0.9987,0.618008,0.793598,-0.029891,0.9379,0.580538,0.781985,-0.10853,0.9542,0.61624,0.894373,0.205919,0.8936,0.601858,0.890912,0.083922,0.9041,0.622034,0.905788,0.222314,0.6335,0.609543,0.898013,0.097496,0.7057,0.604468,0.947959,0.126049,0.8541,0.596912,0.952311,-0.006486,0.8859
utkatasana_tf_0258,0.626043,0.402278,-0.348385,0.9993,0.635049,0.397287,-0.32978,0.9989,0.640915,0.397715,-0.329117,0.9989,0.646865,0.397994,-0.328885,0.999,0.619568,0.399251,-0.323875,0.9989,0.614734,0.401008,-0.3249,0.999,0.609466,0.402794,-0.324708,0.9992,0.655078,0.410051,-0.24104,0.9983,0.605118,0.417518,-0.22353,0.9986,0.637473,0.412102,-0.318194,0.9982,0.617808,0.4153,-0.311743,0.9984,0.696185,0.459612,-0.240926,0.9813,0.56878,0.470235,-0.218647,0.9967,0.713414,0.367032,-0.405435,0.9916,0.516184,0.381712,-0.333194,0.9903,0.685397,0.241707,-0.493791,0.8131,0.488422,0.250931,-0.444606,0.9762,0.69124,0.20732,-0.533975,0.7495,0.479777,0.220759,-0.475895,0.9437,0.681504,0.207851,-0.519769,0.7584,0.490877,0.213268,-0.46482,0.9406,0.675833,0.2204,-0.495968,0.7667,0.499036,0.223544,-0.447769,0.9439,0.693854,0.683898,-0.010771,0.9969,0.618262,0.680427,0.01217,0.9991,0.635229,0.80261,-0.224917,0.9549,0.575422,0.769253,-0.260517,0.971,0.636191,0.893115,0.035214,0.8635,0.602501,0.89336,-0.06709,0.9335,0.644374,0.901729,0.055597,0.571,0.61042,0.898394,-0.052938,0.7526,0.621031,0.957394,-0.04729,0.8349,0.598713,0.960321,-0.163869,0.9196
utkatasana_tf_0259,0.634341,0.401197,-0.334759,0.9989,0.640435,0.400832,-0.318851,0.998,0.644503,0.402154,-0.318161,0.9981,0.648879,0.403177,-0.318033,0.9982,0.629921,0.401083,-0.313577,0.998,0.626529,0.402746,-0.314617,0.9983,0.621837,0.404577,-0.314343,0.9985,0.653185,0.418511,-0.241282,0.997,0.617854,0.421786,-0.226766,0.9978,0.642457,0.412652,-0.308669,0.9966,0.62924,0.41424,-0.302917,0.9964,0.695951,0.471746,-0.240445,0.9643,0.580187,0.474272,-0.220512,0.9959,0.713359,0.371538,-0.400415,0.9836,0.524747,0.391034,-0.311704,0.9877,0.686968,0.251817,-0.493438,0.6364,0.490686,0.265897,-0.398856,0.961,0.689143,0.218856,-0.532154,0.6141,0.479454,0.235684,-0.426176,0.9136,0.680662,0.217589,-0.518751,0.5998,0.494312,0.224681,-0.42183,0.9103,0.671434,0.229948,-0.496074,0.5947,0.502236,0.235254,-0.404473,0.9177,0.698952,0.688004,-0.013641,0.995,0.633904,0.683755,0.014971,0.9986,0.638424,0.805351,-0.194785,0.9596,0.584531,0.770528,-0.229879,0.9783,0.642902,0.904752,0.023621,0.8848,0.613663,0.896902,-0.056441,0.9469,0.652023,0.911013,0.039109,0.5933,0.624036,0.906186,-0.044044,0.8239,0.624457,0.960703,-0.061854,0.858,0.601553,0.961999,-0.14696,0.9363
utkatasana_tf_0260,0.636944,0.42094,-0.407852,0.9987,0.646807,0.414491,-0.398063,0.998,0.651932,0.414807,-0.39735,0.9979,0.660278,0.415096,-0.397197,0.9984,0.6317,0.413581,-0.384912,0.9982,0.62857,0.415311,-0.385928,0.9981,0.625297,0.416772,-0.385412,0.9988,0.664436,0.429097,-0.334106,0.9971,0.624095,0.432659,-0.285841,0.9979,0.650326,0.434935,-0.386145,0.9956,0.633974,0.437995,-0.370673,0.9953,0.712327,0.485851,-0.330536,0.9026,0.593787,0.486976,-0.247518,0.9966,0.717074,0.389626,-0.507831,0.9404,0.526798,0.404706,-0.332446,0.9822,0.686349,0.275965,-0.603941,0.4846,0.484052,0.285276,-0.44289,0.9621,0.686348,0.246574,-0.642935,0.5257,0.470254,0.255001,-0.470183,0.9088,0.680374,0.246334,-0.628131,0.5017,0.485314,0.244138,-0.464935,0.9022,0.672697,0.257117,-0.605054,0.492,0.494343,0.255588,-0.44797,0.9061,0.727836,0.693863,-0.038842,0.9895,0.654149,0.689803,0.04018,0.9988,0.6538,0.810558,-0.20113,0.9747,0.5991,0.77954,-0.189298,0.9709,0.659282,0.921604,-0.012384,0.9099,0.634804,0.907878,-0.069779,0.9529,0.671283,0.935707,-0.001062,0.6056,0.64894,0.922461,-0.062615,0.8587,0.632856,0.980449,-0.092504,0.8526,0.60519,0.972829,-0.147669,0.945
utkatasana_tf_0261,0.612046,0.469529,-0.360195,0.9969,0.622733,0.454017,-0.367251,0.9967,0.630955,0.453502,-0.366479,0.9965,0.637985,0.453057,-0.366328,0.9961,0.612919,0.451515,-0.343186,0.9966,0.610851,0.446848,-0.34404,0.9956,0.608232,0.446791,-0.343504,0.9967,0.661174,0.451747,-0.338612,0.9947,0.619863,0.450541,-0.24785,0.9961,0.629575,0.482363,-0.346453,0.9925,0.616173,0.478219,-0.318522,0.9937,0.727182,0.501785,-0.342697,0.9456,0.606826,0.490591,-0.181504,0.9972,0.708292,0.420407,-0.559746,0.963,0.528599,0.411442,-0.185228,0.9174,0.660569,0.300951,-0.665773,0.8438,0.464772,0.291722,-0.292114,0.9578,0.660401,0.262755,-0.71059,0.8224,0.445193,0.25601,-0.316628,0.9325,0.650311,0.264517,-0.693383,0.8082,0.458212,0.248842,-0.320491,0.929,0.645106,0.282264,-0.665826,0.8196,0.468677,0.259362,-0.300752,0.9321,0.76605,0.70973,-0.060985,0.9968,0.68382,0.694275,0.062046,0.9993,0.658624,0.851616,-0.14778,0.9455,0.592483,0.800492,-0.096991,0.9091,0.668859,0.963502,0.037408,0.8873,0.653279,0.932307,0.05297,0.8634,0.687767,0.969293,0.051157,0.7889,0.674739,0.943582,0.064921,0.7934,0.636248,1.003256,0.004912,0.8136,0.613911,0.989413,0.023904,0.8399
utkatasana_tf_0262,0.609384,0.469902,-0.344641,0.9978,0.619677,0.456601,-0.355171,0.9977,0.62716,0.456955,-0.354328,0.9976,0.634258,0.456995,-0.354171,0.9975,0.610781,0.451885,-0.329287,0.9977,0.609936,0.449949,-0.330108,0.9969,0.607254,0.446778,-0.329686,0.9976,0.660015,0.458638,-0.33727,0.9966,0.621246,0.45446,-0.238374,0.9973,0.626095,0.484385,-0.334507,0.9955,0.614678,0.479967,-0.30444,0.9963,0.724624,0.505484,-0.342647,0.9745,0.610547,0.490998,-0.173196,0.9984,0.702562,0.418354,-0.548802,0.9829,0.528442,0.407304,-0.14116,0.9214,0.651589,0.298424,-0.647877,0.894,0.460754,0.282444,-0.221418,0.961,0.651504,0.258243,-0.692655,0.864,0.439663,0.250087,-0.24211,0.9417,0.642456,0.260638,-0.679027,0.8513,0.451454,0.24317,-0.248531,0.9403,0.637029,0.275969,-0.648757,0.8641,0.462716,0.25298,-0.230081,0.9436,0.768077,0.712997,-0.063227,0.9979,0.689162,0.694669,0.064162,0.9996,0.654701,0.855204,-0.15818,0.924,0.588484,0.795779,-0.071012,0.8207,0.674547,0.952597,0.043271,0.7816,0.651199,0.938063,0.057627,0.7392,0.693945,0.962645,0.060541,0.7579,0.671037,0.949051,0.067729,0.6798,0.639303,0.998484,0.042268,0.6867,0.61008,0.99397,0.035709,0.7095
utkatasana_tf_0263,0.606932,0.472788,-0.351548,0.9975,0.61582,0.457977,-0.361007,0.9975,0.622016,0.457733,-0.360171,0.9974,0.628376,0.457244,-0.360008,0.9972,0.606224,0.454726,-0.335013,0.9972,0.604913,0.451628,-0.335811,0.9964,0.603676,0.450151,-0.335299,0.997,0.654413,0.455786,-0.340762,0.9965,0.616959,0.455148,-0.240016,0.9967,0.623123,0.486996,-0.340757,0.9958,0.611684,0.48134,-0.310283,0.9951,0.723548,0.504816,-0.348616,0.9779,0.611353,0.492867,-0.167715,0.9977,0.688609,0.40356,-0.571625,0.9853,0.523257,0.405123,-0.120907,0.9095,0.642488,0.291001,-0.684272,0.8757,0.455321,0.281324,-0.186617,0.9632,0.641012,0.254581,-0.728788,0.8327,0.434944,0.25013,-0.206472,0.9433,0.629406,0.253508,-0.718633,0.8199,0.446423,0.242008,-0.210084,0.941,0.625576,0.272494,-0.686672,0.8383,0.458608,0.253458,-0.193609,0.9426,0.769095,0.712589,-0.066431,0.9954,0.6904,0.695942,0.067408,0.9993,0.657085,0.85154,-0.177307,0.9278,0.59547,0.807189,-0.069222,0.8135,0.676114,0.958212,-0.017451,0.8554,0.647058,0.947195,0.05901,0.7833,0.694034,0.968607,-0.00635,0.7981,0.66632,0.955941,0.067419,0.7465,0.622248,1.012147,-0.056331,0.7615,0.601434,0.99801,0.018872,0.7632
utkatasana_tf_0264,0.595719,0.466632,-0.306322,0.9991,0.604961,0.452158,-0.318359,0.9991,0.610917,0.451946,-0.317519,0.9991,0.616555,0.451723,-0.317495,0.999,0.597565,0.449479,-0.290836,0.9991,0.596284,0.445408,-0.291588,0.999,0.595789,0.444468,-0.291272,0.9991,0.64236,0.454421,-0.31425,0.9988,0.60954,0.451993,-0.206257,0.9991,0.611297,0.478537,-0.30187,0.9981,0.602021,0.474965,-0.269361,0.9984,0.713391,0.501378,-0.334764,0.9903,0.612266,0.48815,-0.143558,0.9983,0.667354,0.396258,-0.541829,0.9935,0.517879,0.403309,-0.103616,0.9325,0.6225,0.287682,-0.639064,0.9367,0.444785,0.276824,-0.186398,0.9703,0.621646,0.25404,-0.682572,0.9047,0.426319,0.247094,-0.200852,0.9597,0.612037,0.253437,-0.667793,0.8989,0.437661,0.239908,-0.211486,0.9594,0.607142,0.269436,-0.638993,0.9101,0.447345,0.248078,-0.196022,0.9609,0.769639,0.723376,-0.068898,0.9963,0.698559,0.695756,0.069865,0.9991,0.632678,0.837583,-0.173027,0.9246,0.589233,0.792031,-0.021775,0.6843,0.673272,0.966045,-0.038238,0.7581,0.642472,0.953329,0.068247,0.5625,0.695178,0.972858,-0.027798,0.7918,0.660517,0.963819,0.073393,0.5524,0.631227,1.015995,-0.046044,0.6843,0.592002,0.997817,0.040806,0.5645
utkatasana_tf_0265,0.58572,0.467616,-0.277838,0.9992,0.59402,0.450573,-0.289064,0.9992,0.599908,0.449443,-0.288171,0.9992,0.605439,0.448372,-0.288309,0.9992,0.585442,0.449881,-0.262452,0.9991,0.584456,0.448857,-0.263201,0.999,0.583359,0.448028,-0.262949,0.999,0.630506,0.450246,-0.281557,0.9992,0.597308,0.450486,-0.177527,0.9992,0.603623,0.478991,-0.27204,0.9985,0.593263,0.477513,-0.240734,0.9985,0.703748,0.495425,-0.304727,0.9946,0.601259,0.489187,-0.121112,0.9985,0.654947,0.39947,-0.505585,0.9956,0.507633,0.401571,-0.096249,0.9317,0.60454,0.292735,-0.591111,0.974,0.433041,0.27535,-0.193321,0.9712,0.596578,0.255555,-0.63602,0.9566,0.415257,0.241864,-0.209894,0.9626,0.585368,0.255394,-0.616598,0.9561,0.423787,0.232549,-0.221619,0.9623,0.584411,0.270978,-0.588319,0.9627,0.436187,0.246023,-0.204301,0.964,0.763429,0.724046,-0.06832,0.9972,0.687573,0.698337,0.069176,0.9991,0.624198,0.847065,-0.205959,0.9494,0.576158,0.791419,-0.03483,0.7298,0.671896,0.965382,-0.073741,0.8098,0.636198,0.946996,0.047884,0.5902,0.693408,0.972953,-0.063542,0.8413,0.647322,0.963579,0.053003,0.575,0.627432,1.019547,-0.083722,0.7387,0.573899,1.018955,0.022777,0.5667
utkatasana_tf_0266,0.574311,0.469715,-0.284848,0.9983,0.579508,0.450859,-0.299646,0.9985,0.584771,0.449132,-0.298642,0.9987,0.590137,0.447349,-0.298781,0.9987,0.569939,0.452139,-0.272114,0.9981,0.568466,0.451457,-0.272812,0.9979,0.566989,0.45092,-0.272649,0.9977,0.613674,0.445571,-0.297016,0.9987,0.581147,0.450622,-0.189293,0.9983,0.593712,0.48064,-0.279262,0.9973,0.582904,0.4802,-0.24712,0.9967,0.68453,0.483315,-0.317969,0.9948,0.591911,0.485988,-0.132175,0.9978,0.62061,0.397996,-0.51412,0.9958,0.488194,0.399256,-0.115211,0.9118,0.571183,0.282321,-0.595277,0.9725,0.412733,0.271426,-0.209572,0.9678,0.56107,0.245589,-0.644795,0.9484,0.393203,0.234011,-0.225742,0.9547,0.551014,0.246282,-0.625729,0.9482,0.402039,0.226291,-0.235553,0.9575,0.549139,0.258586,-0.592831,0.9572,0.416396,0.241902,-0.22012,0.9616,0.755869,0.722334,-0.069502,0.9961,0.681525,0.695725,0.070287,0.9981,0.610316,0.840776,-0.223369,0.9603,0.556035,0.788809,-0.021428,0.7252,0.659913,0.971357,-0.076682,0.8166,0.620614,0.9479,0.073627,0.5451,0.684949,0.978406,-0.064641,0.8479,0.64341,0.966065,0.080266,0.5027,0.609337,1.036145,-0.078359,0.7236,0.565678,1.026112,0.056307,0.477
utkatasana_tf_0267,0.569435,0.467511,-0.303507,0.9986,0.574388,0.448906,-0.31563,0.9987,0.579574,0.447083,-0.314666,0.9988,0.585046,0.44534,-0.314707,0.9988,0.564208,0.449877,-0.289572,0.9984,0.562386,0.449287,-0.29029,0.9982,0.560591,0.448854,-0.290067,0.9981,0.607541,0.442515,-0.306216,0.9987,0.572843,0.448738,-0.20499,0.9986,0.588874,0.478937,-0.295961,0.9971,0.577334,0.479104,-0.265709,0.9967,0.677126,0.488413,-0.332209,0.9927,0.585836,0.490475,-0.140398,0.9975,0.608114,0.392968,-0.52627,0.9953,0.484093,0.400747,-0.119758,0.9067,0.554875,0.277933,-0.5996,0.9681,0.406247,0.270387,-0.209829,0.9645,0.541858,0.242737,-0.64885,0.9408,0.387018,0.236513,-0.224495,0.9529,0.531803,0.241413,-0.627223,0.9412,0.395406,0.227938,-0.234395,0.9555,0.529677,0.253637,-0.59604,0.9513,0.408617,0.240724,-0.220075,0.9567,0.752091,0.726402,-0.071136,0.9944,0.678012,0.697028,0.071999,0.9977,0.603428,0.842406,-0.192105,0.9587,0.554687,0.785279,-0.006953,0.7543,0.650978,0.973894,-0.039658,0.8226,0.608882,0.950787,0.098871,0.5803,0.67089,0.976184,-0.027599,0.8211,0.628544,0.962427,0.106463,0.5166,0.595366,1.03506,-0.042648,0.7296,0.552983,1.02903,0.084165,0.5129
utkatasana_tf_0268,0.555959,0.465522,-0.264366,0.9993,0.559907,0.445602,-0.27973,0.9993,0.564461,0.444329,-0.278849,0.9993,0.569395,0.443161,-0.278909,0.9993,0.551526,0.445344,-0.251775,0.9992,0.550132,0.443973,-0.252556,0.9991,0.548941,0.442726,-0.252388,0.9991,0.591863,0.441239,-0.287551,0.9991,0.564465,0.442395,-0.1747,0.9993,0.574375,0.477106,-0.262954,0.9982,0.564277,0.475849,-0.229495,0.9982,0.662681,0.487757,-0.315823,0.9945,0.582294,0.482346,-0.117278,0.9979,0.595993,0.385796,-0.494256,0.9956,0.480617,0.399283,-0.090621,0.9111,0.532089,0.27271,-0.554214,0.9699,0.390899,0.265257,-0.200372,0.97,0.514168,0.23553,-0.60043,0.9372,0.372555,0.234168,-0.211712,0.9682,0.504,0.232447,-0.577845,0.9428,0.377084,0.223932,-0.227272,0.9686,0.503898,0.245663,-0.549284,0.9541,0.390029,0.237026,-0.212481,0.9694,0.742427,0.726931,-0.076393,0.9892,0.674747,0.692189,0.077246,0.9973,0.590925,0.842794,-0.143626,0.9568,0.538267,0.782957,0.034565,0.7555,0.635052,0.966127,9e-05,0.7674,0.592842,0.942566,0.115662,0.5008,0.653162,0.975407,0.010873,0.7968,0.614731,0.960185,0.120557,0.49,0.567582,1.007637,0.004214,0.6699,0.539605,0.992775,0.109498,0.4522
utkatasana_tf_0269,0.543463,0.46433,-0.233703,0.9985,0.547857,0.44694,-0.253799,0.9985,0.552087,0.445975,-0.252943,0.9986,0.556401,0.445042,-0.25291,0.9987,0.541189,0.445803,-0.222822,0.9985,0.540828,0.444262,-0.223511,0.9984,0.54067,0.442824,-0.223378,0.9984,0.579306,0.440005,-0.280778,0.9986,0.557947,0.438748,-0.155623,0.9988,0.561515,0.473574,-0.239187,0.9974,0.553968,0.471678,-0.202279,0.9974,0.658419,0.485489,-0.312351,0.9945,0.578988,0.47517,-0.099568,0.9977,0.583087,0.387303,-0.48507,0.9959,0.469131,0.390113,-0.05256,0.8653,0.518823,0.27543,-0.537188,0.9729,0.388114,0.266202,-0.160947,0.953,0.50243,0.241273,-0.582224,0.9469,0.365777,0.232401,-0.169954,0.9564,0.494626,0.238968,-0.561838,0.9492,0.375114,0.225822,-0.185349,0.9577,0.494281,0.250854,-0.531962,0.9596,0.391479,0.240607,-0.172523,0.9584,0.739801,0.727425,-0.079016,0.9934,0.675145,0.691579,0.079878,0.9984,0.57897,0.828891,-0.14427,0.9687,0.533705,0.779258,0.050372,0.7575,0.625615,0.965837,-0.004985,0.813,0.593838,0.937515,0.109539,0.522,0.653537,0.975419,0.006171,0.8476,0.609907,0.961704,0.1114,0.4731,0.572629,1.001084,0.01469,0.7274,0.5409,0.985961,0.111568,0.4774
utkatasana_tf_0270,0.526468,0.45949,-0.221812,0.9953,0.530102,0.439725,-0.243696,0.9957,0.534149,0.438335,-0.242827,0.9958,0.538206,0.436929,-0.242726,0.9961,0.524056,0.438907,-0.21194,0.9957,0.523883,0.437229,-0.212611,0.9957,0.523894,0.435531,-0.212545,0.996,0.561273,0.432056,-0.279588,0.9956,0.54281,0.430066,-0.150517,0.9971,0.545485,0.469638,-0.230625,0.993,0.538615,0.46833,-0.192665,0.9937,0.640012,0.482431,-0.318751,0.9861,0.568529,0.468931,-0.092516,0.9957,0.56177,0.380832,-0.485461,0.9901,0.468332,0.390545,-0.041117,0.7784,0.485378,0.266614,-0.531932,0.9159,0.379468,0.261846,-0.145589,0.9227,0.477539,0.231479,-0.575567,0.8592,0.35495,0.228367,-0.15235,0.9362,0.472948,0.229666,-0.55616,0.8594,0.364294,0.219215,-0.1696,0.9388,0.470486,0.240396,-0.52718,0.8823,0.382187,0.234577,-0.157932,0.94,0.733041,0.726245,-0.084335,0.9864,0.670645,0.688621,0.085187,0.9973,0.559278,0.821963,-0.129523,0.9701,0.519545,0.771306,0.076807,0.7612,0.617741,0.95974,0.016806,0.812,0.584103,0.935019,0.138416,0.5155,0.647829,0.9708,0.029237,0.8371,0.608906,0.954825,0.140337,0.4546,0.564148,0.996549,0.046611,0.7212,0.53082,0.98598,0.149303,0.4586
utkatasana_tf_0271,0.506816,0.444837,-0.209819,0.9957,0.509511,0.424176,-0.231957,0.9963,0.513469,0.422885,-0.231005,0.9966,0.517496,0.421337,-0.230656,0.997,0.503773,0.423813,-0.200306,0.9959,0.503706,0.422595,-0.200867,0.9957,0.50377,0.421191,-0.200842,0.9959,0.539811,0.416476,-0.270472,0.9969,0.522561,0.415384,-0.143482,0.9966,0.525323,0.455539,-0.219695,0.9947,0.51855,0.455043,-0.182497,0.9943,0.618447,0.473262,-0.314067,0.9947,0.554388,0.463507,-0.07886,0.9946,0.527217,0.374632,-0.448021,0.9952,0.443882,0.374017,-0.019614,0.6698,0.436898,0.258048,-0.469951,0.9743,0.358935,0.251145,-0.121907,0.8787,0.42202,0.229951,-0.512859,0.9482,0.346437,0.22002,-0.131809,0.9028,0.422179,0.223976,-0.496879,0.9466,0.357885,0.218418,-0.147492,0.9086,0.425285,0.234972,-0.465877,0.9578,0.365064,0.226303,-0.134637,0.9087,0.715978,0.719883,-0.08712,0.9954,0.653924,0.682243,0.087779,0.9987,0.538556,0.808154,-0.12836,0.9808,0.502785,0.762445,0.09755,0.7996,0.606703,0.946434,0.023227,0.8949,0.581907,0.90555,0.148821,0.6286,0.635553,0.961922,0.036331,0.9029,0.603224,0.939387,0.148942,0.5329,0.540515,0.981494,0.05445,0.8365,0.519389,0.967615,0.161929,0.5971
utkatasana_tf_0272,0.49948,0.455995,-0.217965,0.9962,0.499736,0.436609,-0.242328,0.9964,0.502622,0.435372,-0.241409,0.9966,0.505513,0.43391,-0.241053,0.9968,0.496418,0.434981,-0.209608,0.9964,0.496932,0.432937,-0.210214,0.9963,0.497475,0.430707,-0.210269,0.9965,0.528818,0.423895,-0.291088,0.9966,0.51477,0.420959,-0.157558,0.9971,0.517017,0.463189,-0.231669,0.995,0.512789,0.461865,-0.192674,0.9948,0.608119,0.467796,-0.335523,0.9943,0.54597,0.458749,-0.092534,0.9944,0.512229,0.36776,-0.47156,0.9952,0.442459,0.36599,-0.035334,0.6628,0.423358,0.25021,-0.489375,0.9603,0.351553,0.246625,-0.143352,0.8808,0.405319,0.219072,-0.533191,0.9174,0.333807,0.217548,-0.150049,0.9096,0.405449,0.216726,-0.513768,0.919,0.345774,0.21553,-0.168612,0.9149,0.407975,0.224363,-0.483603,0.936,0.354744,0.223779,-0.157059,0.9148,0.708442,0.711859,-0.090079,0.9937,0.651279,0.678447,0.09083,0.9981,0.525694,0.796255,-0.142721,0.9749,0.500598,0.75827,0.104571,0.6966,0.598225,0.947689,0.00082,0.8852,0.567393,0.91275,0.177559,0.5151,0.627785,0.967302,0.013271,0.8976,0.592019,0.930293,0.179623,0.4413,0.534841,0.977631,0.032003,0.8332,0.520193,0.953663,0.198425,0.5022
utkatasana_tf_0273,0.488484,0.447168,-0.165491,0.9964,0.490122,0.426457,-0.189345,0.9967,0.492976,0.424806,-0.188571,0.9968,0.496026,0.422971,-0.188343,0.9969,0.48789,0.425632,-0.156814,0.9968,0.488971,0.423653,-0.157539,0.9967,0.490063,0.421649,-0.157521,0.9968,0.520246,0.415014,-0.242684,0.9967,0.50927,0.415388,-0.108224,0.997,0.505945,0.453135,-0.181691,0.9948,0.502627,0.452914,-0.142194,0.9946,0.592951,0.458031,-0.293955,0.9936,0.54218,0.453007,-0.040019,0.9883,0.499905,0.36446,-0.425579,0.9936,0.453263,0.374314,0.027324,0.4623,0.397412,0.24704,-0.430505,0.9503,0.366793,0.253907,-0.082542,0.766,0.377634,0.216836,-0.46905,0.9042,0.345968,0.220414,-0.084212,0.8326,0.376268,0.211168,-0.447187,0.9075,0.347312,0.214655,-0.105652,0.8418,0.383183,0.222396,-0.422485,0.9245,0.360846,0.228894,-0.09633,0.843,0.703001,0.709527,-0.093185,0.9905,0.649372,0.676196,0.093948,0.9959,0.517206,0.789073,-0.128801,0.9742,0.496044,0.750681,0.115915,0.6159,0.590537,0.937301,-0.006999,0.8983,0.559881,0.90595,0.178792,0.4468,0.624629,0.958944,0.003518,0.9018,0.591004,0.926422,0.17922,0.4035,0.525408,0.967331,0.028433,0.8485,0.510153,0.947346,0.201785,0.4482
utkatasana_tf_0274,0.47918,0.433184,-0.154519,0.9941,0.482276,0.412414,-0.17894,0.995,0.485401,0.411251,-0.178095,0.9951,0.488587,0.409888,-0.17784,0.9954,0.479454,0.411586,-0.145439,0.995,0.480559,0.410068,-0.146114,0.9948,0.481638,0.408402,-0.146064,0.9949,0.513727,0.404119,-0.235895,0.9948,0.502293,0.403114,-0.096485,0.9948,0.497094,0.442748,-0.171945,0.9914,0.49356,0.442581,-0.13105,0.9906,0.585148,0.451917,-0.283911,0.9916,0.539175,0.451898,-0.023482,0.9835,0.482165,0.355525,-0.400083,0.9945,0.442448,0.359101,0.05512,0.4402,0.389958,0.24194,-0.389004,0.9532,0.362806,0.250202,-0.049205,0.772,0.366067,0.210667,-0.427036,0.905,0.339008,0.215886,-0.050298,0.833,0.371553,0.206348,-0.405676,0.9056,0.345562,0.210535,-0.071142,0.8429,0.379346,0.216418,-0.380925,0.9238,0.35868,0.224207,-0.06314,0.8464,0.696063,0.704654,-0.095783,0.9896,0.642972,0.6729,0.096538,0.9953,0.507482,0.783977,-0.122776,0.976,0.487923,0.745773,0.130013,0.6145,0.58702,0.937905,-0.000625,0.9129,0.566315,0.885548,0.204571,0.4556,0.618411,0.95739,0.009831,0.913,0.584055,0.918126,0.206168,0.4072,0.52168,0.965319,0.038705,0.8657,0.507531,0.939898,0.233129,0.4619
utkatasana_tf_0275,0.47399,0.434481,-0.162237,0.9919,0.474475,0.415096,-0.188393,0.9936,0.476736,0.414172,-0.187538,0.994,0.479167,0.412961,-0.187289,0.9945,0.473122,0.414082,-0.154435,0.9932,0.474345,0.412591,-0.155096,0.9928,0.475542,0.410948,-0.155054,0.9929,0.502957,0.406703,-0.24939,0.9943,0.494905,0.404739,-0.107433,0.993,0.491214,0.443273,-0.180693,0.9902,0.489326,0.442891,-0.13906,0.988,0.572722,0.452878,-0.29475,0.9932,0.535241,0.445656,-0.029763,0.981,0.467785,0.352653,-0.413575,0.9927,0.441427,0.358563,0.051533,0.2769,0.381613,0.242069,-0.405672,0.9453,0.366997,0.252956,-0.054523,0.6523,0.357233,0.210609,-0.445216,0.8883,0.342209,0.21889,-0.054667,0.7573,0.359168,0.206291,-0.423929,0.8872,0.346043,0.213192,-0.077186,0.7705,0.368243,0.216658,-0.397972,0.9086,0.358756,0.226594,-0.069399,0.7749,0.688183,0.702783,-0.095836,0.9921,0.642852,0.668677,0.096685,0.9949,0.492183,0.772896,-0.11469,0.966,0.483378,0.734988,0.143055,0.4964,0.575362,0.927682,0.012517,0.8899,0.557842,0.887253,0.233847,0.3739,0.609604,0.953434,0.024014,0.8933,0.583651,0.902951,0.237616,0.3508,0.514676,0.961683,0.059927,0.8274,0.509015,0.930364,0.270919,0.3858
utkatasana_tf_0276,0.468064,0.434264,-0.165782,0.9905,0.470711,0.41449,-0.190641,0.9924,0.473364,0.413845,-0.189729,0.9927,0.475968,0.413151,-0.189515,0.9934,0.468405,0.413307,-0.156619,0.992,0.469458,0.411981,-0.157235,0.9916,0.470472,0.410675,-0.157179,0.9918,0.501145,0.40899,-0.248979,0.993,0.49117,0.407948,-0.107922,0.992,0.485294,0.443937,-0.183609,0.9888,0.482003,0.443006,-0.142348,0.9869,0.577683,0.45466,-0.293011,0.9907,0.529477,0.452326,-0.035284,0.9824,0.474241,0.357795,-0.409449,0.9929,0.433696,0.357837,0.04252,0.3538,0.379068,0.250859,-0.403557,0.9458,0.355784,0.250929,-0.065287,0.722,0.360458,0.212091,-0.443666,0.8929,0.33678,0.219163,-0.069025,0.8036,0.363988,0.208393,-0.42587,0.8901,0.345984,0.213445,-0.089342,0.8153,0.367805,0.21909,-0.397579,0.9111,0.352022,0.224548,-0.079831,0.8196,0.687737,0.700783,-0.094713,0.9904,0.635128,0.67099,0.095512,0.9962,0.493102,0.771012,-0.12193,0.9757,0.474945,0.739976,0.119382,0.6452,0.57504,0.930299,0.007985,0.9152,0.551898,0.884566,0.1953,0.501,0.606386,0.950841,0.019027,0.9144,0.575025,0.91633,0.196969,0.4341,0.507548,0.960142,0.043546,0.8688,0.49473,0.938166,0.217099,0.5015
utkatasana_tf_0277,0.449471,0.42083,-0.129336,0.9951,0.451129,0.401944,-0.155755,0.9959,0.453438,0.400883,-0.15493,0.9961,0.455708,0.399751,-0.15486,0.9965,0.44939,0.401355,-0.121688,0.9955,0.450519,0.400037,-0.122322,0.9951,0.451664,0.398641,-0.12213,0.9951,0.477988,0.39381,-0.220313,0.9954,0.472142,0.392084,-0.077659,0.995,0.465799,0.428021,-0.148765,0.9935,0.463479,0.427993,-0.106943,0.9904,0.541225,0.442287,-0.264862,0.9962,0.523138,0.433708,0.001252,0.9858,0.441055,0.345178,-0.374649,0.9932,0.431145,0.339877,0.093072,0.2421,0.352418,0.239528,-0.358796,0.9727,0.356922,0.243863,-0.006306,0.6266,0.330864,0.202554,-0.39668,0.9407,0.339366,0.205869,-0.005361,0.7407,0.334724,0.1984,-0.378355,0.9387,0.337839,0.200248,-0.027592,0.7519,0.342669,0.211295,-0.351983,0.9521,0.34606,0.212789,-0.020668,0.757,0.664539,0.690064,-0.096066,0.9955,0.631127,0.656014,0.09714,0.9968,0.468772,0.749427,-0.092951,0.9702,0.466529,0.715429,0.140146,0.496,0.561674,0.913042,0.024126,0.9197,0.532303,0.878258,0.240087,0.3897,0.594034,0.936442,0.034452,0.9218,0.558443,0.897915,0.244316,0.3804,0.490658,0.938002,0.069373,0.8739,0.480762,0.914318,0.276682,0.4059
utkatasana_tf_0278,0.439456,0.41187,-0.103173,0.9975,0.441181,0.392588,-0.12852,0.9979,0.443616,0.391396,-0.127769,0.998,0.446144,0.389974,-0.127724,0.9982,0.4396,0.391998,-0.094576,0.9977,0.440899,0.39065,-0.095232,0.9974,0.442275,0.389069,-0.095026,0.9974,0.471184,0.384067,-0.19385,0.9975,0.465924,0.382976,-0.051096,0.9972,0.456346,0.420336,-0.123364,0.9962,0.453974,0.42062,-0.081486,0.9943,0.532542,0.433545,-0.245604,0.9977,0.519109,0.431245,0.026618,0.9859,0.42754,0.344897,-0.351687,0.9946,0.426331,0.341259,0.11846,0.2002,0.342358,0.236849,-0.324058,0.9794,0.351923,0.237536,0.01896,0.5605,0.319404,0.200153,-0.360098,0.9534,0.334128,0.202363,0.021113,0.6997,0.323303,0.194486,-0.340392,0.9523,0.331002,0.194709,-0.001431,0.7114,0.333137,0.208014,-0.316062,0.9636,0.343171,0.210917,0.004376,0.7184,0.655162,0.68112,-0.097482,0.996,0.624953,0.650986,0.098628,0.9966,0.463362,0.741872,-0.091694,0.9722,0.462716,0.712832,0.137367,0.4702,0.554404,0.902267,0.016245,0.9308,0.533446,0.862151,0.236711,0.3735,0.584252,0.926862,0.025457,0.9319,0.558597,0.893567,0.240653,0.3766,0.486945,0.929682,0.056975,0.8914,0.475172,0.905544,0.271344,0.4023
utkatasana_tf_0279,0.426837,0.403281,-0.05997,0.9992,0.428903,0.382614,-0.083174,0.9992,0.431209,0.381589,-0.082489,0.9992,0.43367,0.380245,-0.082482,0.9993,0.427841,0.382165,-0.049596,0.9992,0.429364,0.381038,-0.050326,0.9991,0.431052,0.379541,-0.050118,0.9991,0.460126,0.375969,-0.147054,0.9991,0.455354,0.375294,-0.004571,0.999,0.443779,0.411925,-0.080448,0.9985,0.441907,0.412594,-0.038695,0.9978,0.522075,0.425411,-0.20375,0.9983,0.512694,0.424049,0.070396,0.9887,0.417511,0.338472,-0.306862,0.9946,0.423893,0.339286,0.162448,0.1932,0.33703,0.225024,-0.265554,0.9829,0.349446,0.229154,0.065313,0.5481,0.313051,0.19291,-0.29772,0.9621,0.332255,0.199184,0.06919,0.6914,0.317522,0.186755,-0.274164,0.9631,0.332561,0.192546,0.044653,0.7023,0.328393,0.199522,-0.254857,0.9676,0.340745,0.204625,0.050007,0.7115,0.648163,0.676233,-0.09995,0.9955,0.628907,0.648391,0.101177,0.9961,0.452446,0.73488,-0.082772,0.9773,0.466048,0.709181,0.141607,0.4083,0.54368,0.89942,0.019719,0.9459,0.533744,0.863736,0.245653,0.3386,0.576728,0.925308,0.028435,0.9393,0.557903,0.886664,0.250243,0.3706,0.475905,0.926631,0.05778,0.9107,0.475176,0.903534,0.282154,0.3793
utkatasana_tf_0280,0.431444,0.394809,-0.047842,0.9986,0.433061,0.373382,-0.070095,0.9985,0.434927,0.37207,-0.069463,0.9985,0.436757,0.370754,-0.069323,0.9984,0.432846,0.372737,-0.036929,0.9985,0.434518,0.37107,-0.037709,0.9985,0.436157,0.369296,-0.037474,0.9984,0.459225,0.36685,-0.131907,0.9976,0.456413,0.36595,0.008703,0.9981,0.447156,0.400962,-0.067791,0.9964,0.446483,0.401645,-0.026737,0.9952,0.519252,0.415005,-0.190847,0.9966,0.50616,0.417602,0.084257,0.9863,0.417251,0.325924,-0.291742,0.9942,0.417982,0.329955,0.17657,0.2428,0.327981,0.214532,-0.249402,0.9761,0.344759,0.230365,0.083345,0.5774,0.310463,0.181585,-0.279316,0.9513,0.328567,0.192312,0.089462,0.7051,0.316704,0.176227,-0.255694,0.9507,0.330444,0.184357,0.066946,0.7186,0.322712,0.184527,-0.238407,0.9619,0.336674,0.196106,0.069313,0.7285,0.646701,0.667391,-0.100316,0.9905,0.62267,0.643752,0.101456,0.994,0.450163,0.726789,-0.084087,0.9701,0.458874,0.70141,0.143802,0.3957,0.542268,0.894362,0.022895,0.9302,0.532763,0.855127,0.240324,0.3334,0.572643,0.922201,0.032958,0.9297,0.559914,0.885646,0.244369,0.355,0.473609,0.919413,0.065527,0.9026,0.471934,0.896596,0.274479,0.3932
utkatasana_tf_0281,0.429323,0.378703,-0.04932,0.9984,0.430621,0.358624,-0.071792,0.9985,0.432525,0.357516,-0.071163,0.9985,0.434474,0.356407,-0.071084,0.9985,0.430088,0.357672,-0.038659,0.9984,0.431571,0.356048,-0.039428,0.9983,0.433118,0.354346,-0.039207,0.9982,0.458516,0.353076,-0.133928,0.998,0.455714,0.351672,0.006294,0.9979,0.44602,0.385651,-0.069296,0.9966,0.444467,0.38612,-0.028307,0.9952,0.517989,0.40087,-0.191575,0.997,0.506747,0.405245,0.080837,0.9838,0.413535,0.314011,-0.292603,0.9942,0.420949,0.317423,0.171953,0.201,0.326881,0.201306,-0.251745,0.9756,0.341729,0.218069,0.076875,0.503,0.309678,0.168695,-0.282364,0.9482,0.327371,0.179812,0.081842,0.6478,0.316319,0.162779,-0.259805,0.948,0.328109,0.171567,0.059071,0.6607,0.322244,0.171147,-0.241259,0.9605,0.33425,0.18349,0.062488,0.6714,0.639357,0.656991,-0.098881,0.9925,0.616637,0.634501,0.100073,0.9941,0.443687,0.718645,-0.089983,0.9695,0.450087,0.698951,0.132944,0.3896,0.537558,0.884715,0.00901,0.925,0.526555,0.854591,0.225249,0.3138,0.569981,0.913365,0.017996,0.924,0.552069,0.882093,0.229045,0.3371,0.469189,0.910611,0.047039,0.8915,0.466535,0.891935,0.256853,0.3641
utkatasana_tf_0282,0.43042,0.345028,-0.048737,0.9988,0.433865,0.324957,-0.070902,0.9987,0.435952,0.324374,-0.070263,0.9986,0.437983,0.32381,-0.070089,0.9986,0.433515,0.323944,-0.036367,0.9988,0.435295,0.32283,-0.037183,0.9988,0.437007,0.321763,-0.036997,0.9987,0.463235,0.325919,-0.13266,0.9978,0.461175,0.324348,0.0144,0.9983,0.444835,0.356234,-0.068998,0.9962,0.443521,0.357029,-0.026006,0.9949,0.515708,0.380788,-0.192269,0.9951,0.506107,0.383006,0.090313,0.9835,0.417158,0.291024,-0.293565,0.9957,0.424517,0.297159,0.17901,0.2994,0.32923,0.174833,-0.24804,0.979,0.342519,0.191932,0.081965,0.6184,0.314283,0.144777,-0.279334,0.9586,0.327786,0.15568,0.087117,0.724,0.321312,0.139968,-0.255453,0.9581,0.329743,0.14927,0.064601,0.7377,0.324974,0.145499,-0.236977,0.9672,0.334575,0.157871,0.067395,0.7509,0.630419,0.644587,-0.103918,0.9887,0.607044,0.61994,0.105041,0.9929,0.433363,0.710729,-0.092877,0.9673,0.436029,0.686438,0.137819,0.3848,0.527682,0.873248,0.011301,0.9311,0.514504,0.838352,0.232382,0.3182,0.560208,0.900483,0.020858,0.9345,0.546039,0.870306,0.236325,0.3578,0.46426,0.912255,0.04991,0.9071,0.460783,0.884646,0.265042,0.3775
utkatasana_tf_0283,0.449251,0.254446,-0.064903,0.9991,0.457002,0.2386,-0.086213,0.999,0.459475,0.23871,-0.085555,0.9989,0.461838,0.238752,-0.085356,0.9988,0.45631,0.237893,-0.051865,0.9991,0.458182,0.237641,-0.052572,0.9991,0.460087,0.237292,-0.052407,0.9991,0.484891,0.245531,-0.144603,0.9982,0.481348,0.244348,0.001269,0.9988,0.462338,0.269537,-0.08386,0.9978,0.460213,0.269383,-0.040804,0.9971,0.528778,0.311019,-0.211349,0.9953,0.505666,0.31287,0.079779,0.9929,0.432862,0.219623,-0.31484,0.9967,0.425912,0.224034,0.164877,0.4317,0.350782,0.095801,-0.284634,0.9894,0.354189,0.112118,0.073812,0.7673,0.331308,0.06721,-0.319109,0.9804,0.332506,0.08079,0.078615,0.8122,0.334936,0.06121,-0.295337,0.9794,0.33518,0.069882,0.055215,0.8176,0.341395,0.0668,-0.274453,0.9729,0.341976,0.079527,0.059048,0.8323,0.597095,0.597572,-0.102955,0.9955,0.572739,0.583904,0.104109,0.9983,0.425301,0.708055,-0.072535,0.974,0.430503,0.676585,0.151079,0.4641,0.523903,0.855573,0.035776,0.9427,0.513799,0.830555,0.26719,0.3612,0.556335,0.881954,0.045475,0.9455,0.538131,0.856411,0.274752,0.4608,0.457092,0.887721,0.057164,0.9143,0.452734,0.867728,0.28994,0.4049
utkatasana_tf_0284,0.4627,0.206366,-0.07169,0.9991,0.471835,0.191251,-0.09108,0.9991,0.474314,0.191667,-0.090442,0.999,0.476917,0.192009,-0.090393,0.9989,0.470677,0.190657,-0.057332,0.9992,0.472236,0.190831,-0.058068,0.9991,0.473688,0.190997,-0.058001,0.9991,0.498496,0.201677,-0.143695,0.9985,0.491748,0.202023,-0.000456,0.9989,0.473878,0.22172,-0.089076,0.9978,0.471331,0.221701,-0.046853,0.9969,0.539575,0.270051,-0.21688,0.9945,0.505516,0.279039,0.076724,0.9901,0.458081,0.165418,-0.329112,0.9951,0.440265,0.175114,0.146633,0.2875,0.381701,0.035939,-0.317301,0.9821,0.372798,0.060117,0.051658,0.5587,0.366314,0.006858,-0.354318,0.971,0.356744,0.031795,0.055579,0.6377,0.369538,0.004063,-0.329998,0.9662,0.360375,0.026996,0.031234,0.6439,0.373666,0.014438,-0.307822,0.954,0.364778,0.0351,0.036011,0.6763,0.57612,0.568214,-0.102355,0.9978,0.54336,0.560147,0.103475,0.9988,0.428646,0.701477,-0.088625,0.9595,0.420464,0.674917,0.140248,0.3536,0.520901,0.844109,0.022217,0.9125,0.501853,0.802296,0.269308,0.2389,0.549273,0.870185,0.033373,0.9334,0.524068,0.831428,0.278535,0.3585,0.461832,0.88196,0.04612,0.8795,0.454069,0.861603,0.284189,0.2788
utkatasana_y107_0001,0.583065,0.330995,-0.074704,0.9975,0.621144,0.333426,-0.09199,0.9981,0.624267,0.335759,-0.091395,0.9981,0.627642,0.338232,-0.091417,0.9979,0.618794,0.332451,-0.062498,0.9972,0.619863,0.333751,-0.063499,0.9974,0.621894,0.335167,-0.063077,0.9973,0.624758,0.356298,-0.138608,0.9967,0.629067,0.353852,-0.012955,0.9973,0.564962,0.344398,-0.089506,0.9909,0.559272,0.342246,-0.0522,0.9914,0.542374,0.399984,-0.208447,0.9925,0.537029,0.400609,0.05443,0.9837,0.45991,0.289694,-0.280903,0.9928,0.461323,0.291232,0.09744,0.5627,0.454057,0.1826,-0.288923,0.9642,0.446819,0.195838,0.04196,0.6936,0.454831,0.155013,-0.326727,0.9441,0.458359,0.165452,0.052047,0.7153,0.474775,0.154764,-0.31071,0.9349,0.471275,0.164294,0.030545,0.7145,0.476436,0.163321,-0.284493,0.9228,0.464864,0.176503,0.03051,0.727,0.53693,0.6426,-0.098994,0.992,0.55006,0.6348,0.100356,0.9942,0.304803,0.761855,-0.065733,0.9664,0.390631,0.747408,0.154985,0.438,0.488233,0.888699,0.024653,0.9222,0.552802,0.876,0.247461,0.3605,0.553185,0.896958,0.03431,0.9461,0.604385,0.888163,0.253351,0.5562,0.395236,0.907478,0.017429,0.9045,0.460507,0.896728,0.230959,0.4205
utkatasana_y107_0002,0.538622,0.214457,-0.055213,0.9585,0.522706,0.20236,-0.044387,0.9448,0.519943,0.202249,-0.043883,0.9249,0.517128,0.20218,-0.043765,0.9507,0.520668,0.202536,-0.075747,0.9614,0.51663,0.202627,-0.076432,0.9585,0.512283,0.20278,-0.076469,0.9658,0.488858,0.212144,0.023471,0.9263,0.487093,0.213641,-0.132637,0.9513,0.532058,0.227735,-0.02818,0.9321,0.527921,0.226572,-0.071108,0.9371,0.465782,0.272508,0.107053,0.9565,0.465649,0.269373,-0.215053,0.9901,0.49814,0.17561,0.182587,0.0672,0.514872,0.173977,-0.354243,0.9716,0.479774,0.088297,0.08157,0.2133,0.494168,0.077589,-0.385956,0.9606,0.467988,0.064278,0.065105,0.2695,0.486535,0.053945,-0.415734,0.9517,0.463276,0.062866,0.048568,0.2697,0.473028,0.055081,-0.404005,0.9415,0.46496,0.072354,0.066806,0.2911,0.473351,0.062263,-0.380895,0.914,0.484256,0.495233,0.120173,0.9943,0.483879,0.501667,-0.118535,0.9945,0.526749,0.645426,0.164732,0.1025,0.540925,0.653968,-0.09793,0.8967,0.433029,0.76818,0.229334,0.1678,0.434827,0.791785,-0.055959,0.8944,0.396882,0.792153,0.229199,0.3566,0.392273,0.808991,-0.05519,0.9395,0.51511,0.801705,0.187502,0.2541,0.524813,0.815299,-0.130694,0.8347
utkatasana_y107_0003,0.398318,0.227972,-0.018869,0.9965,0.394847,0.202297,-0.043516,0.9969,0.400341,0.200533,-0.042781,0.9969,0.406103,0.198466,-0.042763,0.9969,0.392048,0.202228,-0.009705,0.9967,0.395408,0.200649,-0.010408,0.9963,0.398997,0.198734,-0.010237,0.996,0.465385,0.190987,-0.104201,0.9965,0.450809,0.191652,0.036513,0.9952,0.437982,0.240327,-0.038045,0.9945,0.431958,0.241091,0.002691,0.9923,0.603602,0.255871,-0.163603,0.9955,0.583927,0.259219,0.107157,0.9906,0.350458,0.168836,-0.253725,0.9949,0.35038,0.167773,0.192232,0.1773,0.124748,0.041525,-0.215991,0.9723,0.146328,0.055599,0.118417,0.3447,0.091976,0.006905,-0.246761,0.9343,0.119574,0.029445,0.111976,0.4422,0.100605,-0.004778,-0.229093,0.9258,0.119051,0.01798,0.093469,0.4416,0.109629,0.010933,-0.210405,0.945,0.127923,0.030858,0.10395,0.4763,0.838229,0.589149,-0.097472,0.9985,0.814378,0.580846,0.098636,0.9984,0.455497,0.761418,-0.099297,0.9631,0.478785,0.743369,0.115801,0.2944,0.667151,0.961274,0.003236,0.8756,0.652492,0.94103,0.205328,0.2259,0.718707,0.968194,0.016423,0.8838,0.696528,0.950868,0.211197,0.3015,0.611068,1.059055,0.039481,0.8269,0.5338,1.001888,0.201233,0.2187
utkatasana_y107_0004,0.647622,0.336361,-0.029564,0.9801,0.630521,0.313993,-0.02233,0.9874,0.626548,0.312759,-0.021321,0.9898,0.622288,0.311418,-0.021512,0.9906,0.627806,0.313217,-0.057961,0.9824,0.622523,0.311563,-0.058492,0.9799,0.617289,0.309932,-0.057999,0.9773,0.573734,0.309829,0.036407,0.9939,0.572973,0.309389,-0.132016,0.9705,0.626909,0.349617,-0.004929,0.9763,0.62341,0.348549,-0.052731,0.9567,0.504373,0.381854,0.105901,0.9746,0.495012,0.386997,-0.186885,0.8428,0.569477,0.291883,0.198288,0.1125,0.55628,0.298644,-0.338598,0.7687,0.617345,0.218963,0.182139,0.163,0.603061,0.202991,-0.389889,0.637,0.610492,0.197688,0.178293,0.2288,0.608854,0.175485,-0.427561,0.6765,0.610933,0.197929,0.16068,0.2333,0.594033,0.173106,-0.414992,0.6594,0.615791,0.207032,0.174242,0.237,0.591248,0.183428,-0.390264,0.6407,0.292212,0.611669,0.111819,0.999,0.246805,0.62534,-0.110189,0.9966,0.561635,0.717345,0.164213,0.5257,0.553075,0.739801,-0.07513,0.9895,0.449347,0.891035,0.24333,0.5652,0.430091,0.912342,0.032637,0.9722,0.40596,0.912534,0.244644,0.5701,0.377518,0.936484,0.044049,0.9472,0.578304,0.930891,0.25597,0.5961,0.565119,0.948664,0.061818,0.9489
utkatasana_y107_0005,0.621323,0.33346,-0.125614,0.9929,0.616435,0.312941,-0.114302,0.9942,0.613908,0.312294,-0.113442,0.9938,0.610782,0.311478,-0.113409,0.9946,0.610298,0.31176,-0.146079,0.9936,0.603492,0.310469,-0.146951,0.9935,0.595656,0.308912,-0.146589,0.9939,0.559777,0.309697,-0.039928,0.9948,0.548499,0.309167,-0.197863,0.9932,0.597824,0.350033,-0.098062,0.9878,0.589336,0.346774,-0.142422,0.9894,0.480503,0.374358,0.046459,0.9924,0.426601,0.371225,-0.263773,0.9922,0.645117,0.264778,0.116861,0.3046,0.598224,0.255903,-0.380489,0.9847,0.794228,0.140967,-0.005383,0.4356,0.774499,0.124052,-0.362475,0.9631,0.828017,0.107192,-0.020497,0.507,0.811198,0.085248,-0.399972,0.9474,0.83433,0.101467,-0.045869,0.5105,0.814561,0.079672,-0.385738,0.9372,0.818147,0.114897,-0.021999,0.5234,0.795385,0.098107,-0.359041,0.9094,0.230191,0.621344,0.119072,0.9972,0.190118,0.63028,-0.117849,0.9949,0.508125,0.729363,0.181186,0.2723,0.512643,0.734481,-0.115374,0.992,0.361979,0.906725,0.25885,0.391,0.340786,0.917617,-0.015325,0.9789,0.305014,0.93089,0.260521,0.4332,0.276148,0.942401,-0.009483,0.9514,0.509451,0.951112,0.267496,0.4971,0.491207,0.959427,-0.019716,0.9539
utkatasana_y107_0006,0.509229,0.316873,-0.411489,0.9999,0.526422,0.296335,-0.396601,0.9999,0.538414,0.296071,-0.39576,0.9999,0.549271,0.295689,-0.395427,0.9999,0.488037,0.295017,-0.399994,0.9999,0.474964,0.294134,-0.400907,0.9999,0.461724,0.293461,-0.400607,0.9999,0.567417,0.299011,-0.28438,0.9999,0.442938,0.296296,-0.310293,0.9999,0.532126,0.334935,-0.369682,0.9998,0.485147,0.334183,-0.376419,0.9998,0.652154,0.359971,-0.255848,0.9994,0.348758,0.363173,-0.277152,0.999,0.761043,0.27418,-0.394523,0.9924,0.251951,0.268456,-0.42214,0.9981,0.806815,0.140634,-0.504069,0.9718,0.195226,0.120492,-0.551013,0.9892,0.822263,0.096752,-0.538831,0.9212,0.174872,0.07666,-0.592253,0.9747,0.802614,0.089697,-0.534874,0.9189,0.195293,0.070208,-0.565585,0.978,0.791412,0.107687,-0.510195,0.9258,0.209187,0.083765,-0.550903,0.9761,0.601986,0.58864,0.009698,0.9996,0.397564,0.589805,-0.008565,0.9992,0.600039,0.709449,-0.286856,0.9765,0.379742,0.712922,-0.22137,0.9753,0.606158,0.896439,-0.145271,0.9644,0.387466,0.900668,-0.121632,0.9677,0.589687,0.922252,-0.136223,0.8065,0.399591,0.926114,-0.119708,0.8169,0.616915,0.96604,-0.255601,0.949,0.372725,0.967621,-0.232688,0.9572
utkatasana_y107_0007,0.764559,0.505055,-0.114608,1.0,0.791875,0.521474,-0.118939,0.9999,0.790933,0.528084,-0.11784,0.9999,0.790506,0.534067,-0.117816,0.9999,0.794258,0.510053,-0.106973,1.0,0.794964,0.508819,-0.107968,1.0,0.796111,0.507558,-0.106771,1.0,0.770704,0.566353,-0.084503,0.9999,0.777754,0.527387,-0.043426,1.0,0.728322,0.517828,-0.101402,1.0,0.729985,0.504152,-0.085318,1.0,0.58658,0.647486,0.038548,0.9999,0.617411,0.456216,-0.056746,1.0,0.436906,0.795086,0.075718,0.9487,0.608138,0.269686,-0.022048,0.9968,0.366495,0.935057,0.011359,0.8949,0.622868,0.117831,-0.03675,0.9887,0.41273,0.947155,0.028149,0.8357,0.632396,0.072423,-0.047079,0.9596,0.419983,0.949243,-0.019806,0.8653,0.648634,0.071717,-0.06638,0.968,0.398001,0.944545,-0.004652,0.8878,0.64306,0.085533,-0.053251,0.9754,0.171051,0.581869,0.085229,0.9985,0.126281,0.539397,-0.084764,0.9996,0.508788,0.665304,0.168436,0.3392,0.493141,0.665918,-0.12393,0.9956,0.403428,0.873801,0.245565,0.4964,0.39512,0.879614,-0.053988,0.9812,0.362702,0.904821,0.25051,0.5565,0.313797,0.891133,-0.049743,0.9556,0.508578,0.947947,0.225068,0.6699,0.511889,0.961778,-0.092113,0.9751
utkatasana_y107_0008,0.467213,0.284345,-0.088365,0.9984,0.508464,0.279636,-0.097233,0.9987,0.518605,0.282351,-0.096431,0.9987,0.529835,0.284995,-0.096631,0.9984,0.494648,0.276549,-0.070827,0.9987,0.494222,0.277012,-0.071662,0.9987,0.494913,0.277509,-0.07154,0.9988,0.556882,0.305436,-0.112973,0.9972,0.519162,0.297134,-0.003602,0.9993,0.472998,0.303029,-0.093922,0.9948,0.457986,0.298407,-0.061741,0.9958,0.564373,0.364287,-0.179472,0.9881,0.430767,0.361245,0.059066,0.9948,0.483403,0.240159,-0.285002,0.9967,0.354661,0.246719,0.090695,0.735,0.425106,0.107468,-0.296028,0.9716,0.364084,0.116549,0.027401,0.8385,0.429493,0.082004,-0.329464,0.9463,0.395488,0.086383,0.025669,0.791,0.438712,0.08076,-0.311155,0.9369,0.403035,0.083309,0.021412,0.7867,0.431201,0.085811,-0.290853,0.9268,0.396025,0.091491,0.021214,0.7978,0.657272,0.617988,-0.092211,0.9929,0.590275,0.62535,0.093473,0.9976,0.427982,0.77489,-0.094349,0.986,0.395206,0.772396,0.061353,0.7221,0.602224,0.914028,-0.029398,0.9508,0.581283,0.904404,0.143749,0.5834,0.657699,0.937164,-0.025181,0.9451,0.631306,0.93006,0.147042,0.6969,0.472281,0.951205,-0.06516,0.927,0.451876,0.945874,0.106976,0.5613
utkatasana_y107_0009,0.612747,0.344897,-0.156522,0.9942,0.606175,0.320411,-0.147481,0.995,0.604007,0.319811,-0.146614,0.9956,0.601252,0.319089,-0.146642,0.9961,0.597962,0.318797,-0.177284,0.9946,0.590348,0.317302,-0.178054,0.9942,0.58326,0.31617,-0.177765,0.9943,0.554604,0.320356,-0.075768,0.9974,0.539194,0.320018,-0.223853,0.9939,0.593778,0.363436,-0.129206,0.9951,0.583411,0.36036,-0.170672,0.9943,0.48424,0.381579,0.006045,0.9937,0.426488,0.39573,-0.280802,0.9921,0.618879,0.278667,0.0653,0.3014,0.590453,0.287276,-0.423614,0.9464,0.717789,0.149733,-0.043228,0.4577,0.723524,0.140812,-0.447728,0.9308,0.734919,0.113565,-0.057482,0.5543,0.749381,0.10666,-0.489721,0.9165,0.73544,0.106348,-0.082545,0.5596,0.738912,0.10089,-0.477509,0.908,0.725022,0.120442,-0.057906,0.5599,0.729061,0.112159,-0.447156,0.8782,0.253656,0.641688,0.111464,0.9975,0.205314,0.661906,-0.110018,0.9952,0.573903,0.668399,0.170842,0.295,0.567776,0.6719,-0.12914,0.9792,0.427578,0.871181,0.251127,0.3696,0.407918,0.892507,-0.008148,0.9475,0.371983,0.902587,0.253721,0.3339,0.350321,0.919173,0.002321,0.8932,0.568472,0.924897,0.273938,0.3793,0.55459,0.935582,0.025296,0.896
utkatasana_y107_0010,0.566932,0.247944,-0.283458,0.9968,0.562686,0.233281,-0.268429,0.9966,0.564429,0.233129,-0.267646,0.9971,0.565996,0.232806,-0.267872,0.9973,0.54853,0.231913,-0.288776,0.9955,0.540367,0.230906,-0.289266,0.995,0.531746,0.229544,-0.289157,0.9944,0.545245,0.235407,-0.165311,0.9979,0.497926,0.234039,-0.26757,0.9916,0.565526,0.263711,-0.243259,0.9967,0.547218,0.261456,-0.272421,0.9935,0.568258,0.306574,-0.098716,0.9984,0.403964,0.31145,-0.333013,0.9752,0.744414,0.240005,-0.137546,0.929,0.476566,0.260221,-0.520814,0.9774,0.876743,0.143552,-0.217821,0.9723,0.623567,0.118193,-0.623286,0.9347,0.914756,0.109397,-0.249353,0.949,0.644527,0.08515,-0.675801,0.9212,0.908825,0.100661,-0.264511,0.948,0.648902,0.081469,-0.648058,0.9057,0.89607,0.106343,-0.229852,0.9427,0.645662,0.092044,-0.62135,0.9222,0.430317,0.570985,0.087024,0.9992,0.299323,0.56236,-0.085097,0.9982,0.504417,0.734683,0.103244,0.9028,0.370064,0.752271,-0.051317,0.9818,0.458823,0.872191,0.286944,0.9115,0.3249,0.893567,0.098273,0.9782,0.4323,0.885658,0.29959,0.8784,0.307352,0.908549,0.10634,0.9109,0.508654,0.945302,0.251625,0.8766,0.381327,0.959852,0.025044,0.9368
utkatasana_y107_0011,0.646577,0.331471,-0.089789,0.9967,0.625124,0.317491,-0.079402,0.997,0.621791,0.318209,-0.078666,0.9973,0.618163,0.319026,-0.078622,0.9973,0.621327,0.318229,-0.109207,0.9968,0.615263,0.319475,-0.110202,0.9967,0.608726,0.320837,-0.109604,0.9963,0.58365,0.337538,-0.013681,0.9977,0.576314,0.339616,-0.161554,0.9962,0.640141,0.352661,-0.06541,0.9967,0.634866,0.354075,-0.106899,0.9958,0.570826,0.414292,0.06071,0.9945,0.55188,0.411441,-0.224454,0.9965,0.667879,0.274071,0.120408,0.5708,0.660728,0.267168,-0.297808,0.9677,0.718535,0.134293,0.051271,0.618,0.730496,0.101937,-0.257022,0.9437,0.716644,0.091488,0.042973,0.5997,0.726467,0.063671,-0.291484,0.9121,0.713723,0.085231,0.02313,0.5946,0.718754,0.060093,-0.269565,0.8981,0.716473,0.096198,0.038925,0.589,0.719531,0.072318,-0.250427,0.883,0.386451,0.687765,0.11544,0.9981,0.368031,0.70329,-0.114134,0.9984,0.65424,0.748613,0.197229,0.2169,0.667977,0.763868,-0.102452,0.9756,0.483346,0.911268,0.283846,0.3117,0.47665,0.928818,0.029725,0.8908,0.442429,0.934524,0.290742,0.3532,0.428164,0.95743,0.042361,0.7837,0.590994,0.951599,0.322532,0.3968,0.593029,0.967202,0.066955,0.8446
utkatasana_y107_0012,0.675823,0.283346,-0.031275,0.998,0.657636,0.269967,-0.022579,0.9981,0.65319,0.270082,-0.021717,0.9984,0.648096,0.270125,-0.021674,0.9984,0.653379,0.269723,-0.054396,0.9976,0.646069,0.269705,-0.055295,0.9973,0.638323,0.269565,-0.054818,0.9969,0.601064,0.278172,0.035582,0.9989,0.597398,0.278279,-0.122573,0.9972,0.657484,0.298601,-0.007858,0.9978,0.652684,0.297226,-0.052861,0.997,0.542706,0.342532,0.109092,0.9974,0.553251,0.336048,-0.18911,0.9952,0.640988,0.221837,0.187954,0.3601,0.655474,0.220416,-0.272999,0.9645,0.682547,0.107116,0.100454,0.547,0.698748,0.104348,-0.223258,0.9257,0.687942,0.073729,0.086883,0.5681,0.707372,0.071425,-0.2514,0.91,0.685477,0.07095,0.069236,0.5687,0.694534,0.068269,-0.235702,0.9102,0.674135,0.085118,0.087317,0.5728,0.683638,0.081798,-0.217442,0.9006,0.377467,0.590874,0.115826,0.9993,0.379918,0.595938,-0.114591,0.9967,0.635849,0.729658,0.168349,0.4205,0.717102,0.741227,-0.135103,0.9798,0.415281,0.877197,0.213151,0.4084,0.455135,0.816468,0.02737,0.6893,0.342562,0.904366,0.213819,0.4634,0.374352,0.812662,0.045155,0.6677,0.548818,0.915944,0.23204,0.3939,0.514822,0.876861,0.093886,0.6053
utkatasana_y107_0013,0.537519,0.296514,-0.132376,0.9977,0.562652,0.28276,-0.148878,0.9984,0.568163,0.283495,-0.147949,0.9984,0.573897,0.284164,-0.148075,0.9983,0.557068,0.283059,-0.11876,0.9981,0.558378,0.28414,-0.119543,0.998,0.560145,0.285089,-0.119345,0.9981,0.604026,0.305882,-0.183554,0.9973,0.589985,0.300683,-0.057112,0.9984,0.545566,0.319811,-0.143881,0.9943,0.539469,0.319145,-0.106744,0.9945,0.598565,0.402706,-0.243913,0.9907,0.593769,0.396326,0.02594,0.9875,0.480542,0.253554,-0.350159,0.9892,0.474152,0.252207,0.0894,0.2864,0.38083,0.116214,-0.360109,0.9605,0.378014,0.123584,0.021008,0.5304,0.351465,0.073938,-0.403562,0.9456,0.353055,0.082658,0.027311,0.6048,0.358365,0.065349,-0.385813,0.9387,0.349713,0.070105,0.005769,0.6146,0.368752,0.081936,-0.356417,0.9073,0.362987,0.08953,0.007215,0.6231,0.799014,0.682154,-0.103623,0.9889,0.794607,0.66529,0.104981,0.9934,0.506627,0.738595,-0.080637,0.9804,0.525534,0.724364,0.154569,0.4792,0.647271,0.917579,0.045127,0.9428,0.656588,0.905712,0.26757,0.5037,0.697063,0.945262,0.058221,0.9299,0.696691,0.93008,0.273709,0.5616,0.558969,0.96363,0.089755,0.9173,0.565771,0.951473,0.293524,0.5332
utkatasana_y107_0014,0.582963,0.294085,-0.042022,0.9472,0.56404,0.277784,-0.0359,0.9605,0.560316,0.27695,-0.034946,0.9657,0.557649,0.276267,-0.035597,0.9684,0.567988,0.27928,-0.060633,0.9586,0.566649,0.279531,-0.061075,0.9609,0.565737,0.279672,-0.060578,0.9632,0.526004,0.285162,0.023072,0.9823,0.533932,0.286823,-0.100004,0.9737,0.568941,0.304345,-0.018192,0.9747,0.573748,0.30606,-0.051354,0.969,0.452427,0.371698,0.111853,0.9518,0.480483,0.379528,-0.173158,0.9841,0.500005,0.345405,0.300953,0.0151,0.562243,0.349096,-0.420868,0.5654,0.571445,0.274484,0.420115,0.0564,0.613915,0.273611,-0.624767,0.5843,0.557053,0.258156,0.442636,0.124,0.611944,0.255276,-0.675095,0.6706,0.57094,0.256597,0.427451,0.1327,0.604949,0.256968,-0.670369,0.6596,0.581793,0.263835,0.417613,0.122,0.605826,0.264539,-0.630098,0.6371,0.204827,0.584306,0.123784,0.9998,0.234491,0.605817,-0.122601,0.9999,0.520668,0.710098,0.147672,0.2745,0.5407,0.722907,-0.132784,0.9759,0.415445,0.881806,0.159865,0.2813,0.423258,0.899479,-0.085848,0.9861,0.371341,0.908018,0.153243,0.3692,0.372457,0.928607,-0.080257,0.9833,0.54859,0.924189,0.145752,0.3623,0.556743,0.939367,-0.086191,0.967
utkatasana_y107_0015,0.552115,0.268091,-0.252315,0.9999,0.558612,0.247716,-0.232703,0.9999,0.566973,0.247214,-0.231965,0.9999,0.576971,0.246888,-0.232123,0.9999,0.523059,0.247575,-0.233802,0.9999,0.50672,0.247188,-0.234765,0.9999,0.491449,0.247195,-0.234502,0.9999,0.580694,0.252114,-0.118647,0.9999,0.459074,0.25406,-0.137766,0.9998,0.569201,0.288686,-0.211578,0.9999,0.525946,0.289017,-0.215681,0.9998,0.649526,0.327258,-0.104977,0.9996,0.391742,0.333014,-0.111346,0.9986,0.731331,0.227145,-0.239583,0.9876,0.293887,0.22698,-0.244609,0.9945,0.786564,0.105312,-0.354525,0.9759,0.243764,0.098691,-0.391796,0.9814,0.790158,0.068823,-0.387824,0.9399,0.242807,0.065256,-0.425906,0.9451,0.776526,0.062219,-0.391378,0.9403,0.254906,0.058877,-0.407468,0.9444,0.770877,0.076179,-0.361556,0.9446,0.261266,0.072213,-0.393432,0.9472,0.61188,0.552545,0.005427,0.9985,0.433665,0.552754,-0.004068,0.9975,0.565166,0.64598,-0.290265,0.9499,0.449592,0.639676,-0.257934,0.9575,0.568053,0.839787,-0.273577,0.9108,0.473077,0.83832,-0.259762,0.9097,0.567035,0.866816,-0.277799,0.8035,0.478153,0.862266,-0.265645,0.8086,0.546151,0.888365,-0.406519,0.9118,0.458947,0.885711,-0.381002,0.9096
utkatasana_y107_0016,0.62289,0.318155,-0.048343,0.9953,0.604613,0.303847,-0.038309,0.9958,0.599817,0.30327,-0.037438,0.9964,0.594811,0.302656,-0.037552,0.9967,0.603032,0.304307,-0.067262,0.9951,0.597335,0.304234,-0.068192,0.9948,0.591846,0.303919,-0.067658,0.9944,0.547631,0.306547,0.02588,0.9979,0.55135,0.309928,-0.117735,0.9951,0.604151,0.331252,-0.024151,0.9959,0.601317,0.331391,-0.064567,0.9943,0.476156,0.362946,0.094662,0.9958,0.497755,0.36491,-0.178979,0.994,0.600099,0.258953,0.16185,0.4002,0.62774,0.251562,-0.257044,0.9673,0.632883,0.146075,0.066869,0.4405,0.663197,0.124163,-0.189063,0.9331,0.633464,0.116527,0.053995,0.4667,0.680049,0.08785,-0.212733,0.9122,0.634325,0.11482,0.037734,0.4678,0.667686,0.084779,-0.202352,0.9046,0.63268,0.123324,0.055865,0.4706,0.656189,0.100485,-0.184936,0.8964,0.213912,0.569977,0.115829,0.9983,0.216968,0.582673,-0.114719,0.9971,0.545002,0.654361,0.182256,0.2115,0.559543,0.666666,-0.120903,0.9846,0.298213,0.79364,0.250447,0.2924,0.299783,0.803925,0.001001,0.9038,0.23693,0.803486,0.253602,0.3036,0.245125,0.810788,0.014893,0.8151,0.409066,0.836026,0.287451,0.363,0.39781,0.844455,0.058109,0.8536
utkatasana_y107_0017,0.479627,0.309994,-0.314288,0.9996,0.493547,0.293721,-0.295085,0.9995,0.501865,0.293598,-0.294192,0.9995,0.510283,0.293943,-0.294326,0.9996,0.46406,0.294352,-0.293357,0.9994,0.453095,0.294551,-0.294274,0.9992,0.443471,0.294857,-0.294151,0.9993,0.523051,0.302958,-0.193223,0.9995,0.432231,0.302274,-0.199428,0.9989,0.499845,0.326213,-0.278913,0.9993,0.46437,0.325608,-0.279872,0.9989,0.579433,0.368383,-0.187769,0.9984,0.378538,0.376121,-0.188493,0.9944,0.645257,0.263855,-0.313318,0.9935,0.327901,0.266489,-0.279733,0.9803,0.665832,0.124786,-0.385582,0.9718,0.297158,0.133061,-0.359396,0.893,0.683418,0.085621,-0.419454,0.9312,0.2806,0.095728,-0.388704,0.7986,0.670809,0.083377,-0.413221,0.9298,0.291681,0.092016,-0.372404,0.8274,0.658783,0.09543,-0.389568,0.9365,0.302977,0.102031,-0.360775,0.8425,0.548597,0.60244,0.002664,0.9979,0.414191,0.603687,-0.001421,0.9966,0.50813,0.704639,-0.309596,0.8897,0.425317,0.694053,-0.273367,0.918,0.483277,0.866898,-0.22596,0.8135,0.436495,0.86641,-0.22497,0.8819,0.474848,0.889266,-0.224004,0.713,0.437147,0.89427,-0.22607,0.7296,0.481915,0.905575,-0.336518,0.8208,0.424678,0.90608,-0.339449,0.8764
utkatasana_y107_0018,0.339481,0.514645,-0.19247,0.9967,0.327091,0.513302,-0.179558,0.9965,0.327514,0.512563,-0.17877,0.9969,0.328073,0.511865,-0.179019,0.9972,0.325256,0.519064,-0.19302,0.9958,0.324273,0.522901,-0.194311,0.9955,0.323513,0.526573,-0.194009,0.9956,0.331415,0.522099,-0.095098,0.9975,0.324734,0.542164,-0.173414,0.998,0.35024,0.519739,-0.163702,0.9983,0.348326,0.525858,-0.184531,0.998,0.412684,0.503731,-0.087439,0.9986,0.375175,0.615324,-0.100191,0.9952,0.519777,0.510394,-0.162365,0.3742,0.444926,0.682995,-0.152112,0.4406,0.482698,0.594969,-0.258702,0.2757,0.474964,0.619623,-0.278499,0.3015,0.462579,0.600541,-0.283339,0.2534,0.462234,0.605466,-0.306265,0.3414,0.453663,0.596018,-0.283675,0.2563,0.454722,0.60247,-0.295476,0.3233,0.457318,0.593918,-0.26164,0.2518,0.458341,0.607016,-0.280368,0.2915,0.570145,0.607171,-0.038989,0.9977,0.545413,0.628492,0.03981,0.9941,0.440278,0.724381,-0.056161,0.7031,0.400363,0.699416,0.105777,0.1211,0.501779,0.86174,-0.01661,0.8321,0.437688,0.732247,0.191911,0.1719,0.515302,0.879527,-0.013741,0.8566,0.446254,0.729756,0.196951,0.3053,0.459282,0.89824,-0.072183,0.7783,0.436578,0.770544,0.163392,0.2184
utkatasana_y107_0019,0.353457,0.367871,-0.019427,0.9992,0.363149,0.350046,-0.036013,0.9992,0.369975,0.348548,-0.035377,0.9991,0.377068,0.346978,-0.035273,0.999,0.356836,0.35106,-0.003638,0.9993,0.358955,0.35053,-0.004445,0.9993,0.361183,0.349795,-0.004365,0.9993,0.427031,0.346794,-0.079134,0.9984,0.402372,0.351288,0.056934,0.9992,0.386474,0.377661,-0.033892,0.9967,0.377415,0.379082,0.005956,0.9971,0.537929,0.390525,-0.138583,0.9929,0.46961,0.415106,0.127696,0.9942,0.444743,0.264609,-0.247022,0.9965,0.314045,0.342699,0.219086,0.4828,0.343462,0.121921,-0.226228,0.9818,0.217588,0.254278,0.142163,0.6247,0.315169,0.089097,-0.251575,0.9675,0.193833,0.236151,0.149981,0.6511,0.307027,0.084298,-0.227745,0.965,0.202655,0.231537,0.132778,0.6606,0.314162,0.097371,-0.216735,0.9575,0.212682,0.234877,0.129927,0.6875,0.737689,0.632564,-0.098869,0.9892,0.690037,0.632601,0.099985,0.9964,0.415742,0.741055,-0.105337,0.982,0.413204,0.727599,0.106256,0.491,0.589837,0.895807,-0.023313,0.9345,0.566626,0.885558,0.189843,0.4032,0.654673,0.920692,-0.013761,0.9466,0.624521,0.907792,0.19412,0.4642,0.476628,0.949987,0.001983,0.9126,0.462209,0.935277,0.193051,0.4285
utkatasana_y107_0020,0.704845,0.364266,-0.132688,0.9895,0.694012,0.348361,-0.125774,0.9916,0.691219,0.347478,-0.124951,0.9924,0.688526,0.346901,-0.125215,0.9929,0.690894,0.349481,-0.155725,0.9906,0.685658,0.348991,-0.156633,0.9897,0.680461,0.348642,-0.156003,0.9897,0.648949,0.34546,-0.063772,0.9945,0.63888,0.347945,-0.213194,0.9878,0.687645,0.375052,-0.107377,0.9877,0.68248,0.376408,-0.14993,0.9841,0.583154,0.383686,0.01736,0.9897,0.595647,0.395995,-0.278136,0.9725,0.753793,0.298869,0.060911,0.3424,0.781753,0.302133,-0.367732,0.96,0.877441,0.191345,-0.056022,0.4022,0.909656,0.170351,-0.34095,0.8983,0.886406,0.175376,-0.071813,0.4218,0.928595,0.13725,-0.380526,0.8636,0.886299,0.163813,-0.097909,0.4185,0.919048,0.13245,-0.364581,0.8559,0.880748,0.167236,-0.072011,0.4406,0.911653,0.141038,-0.33763,0.8793,0.31034,0.599126,0.105587,0.9988,0.267978,0.600331,-0.104238,0.9949,0.532988,0.723644,0.128786,0.5205,0.452134,0.687568,-0.075401,0.9763,0.390295,0.917231,0.212227,0.5766,0.40514,0.911659,0.021421,0.9505,0.338482,0.943985,0.215478,0.5534,0.355259,0.943472,0.026626,0.9134,0.496432,0.951589,0.200246,0.5961,0.517777,0.950409,0.000227,0.9174
utkatasana_y107_0022,0.523125,0.375745,-0.374696,0.9972,0.539013,0.359009,-0.366274,0.9975,0.548758,0.358164,-0.365366,0.9976,0.557564,0.356984,-0.365394,0.9976,0.50806,0.357608,-0.359018,0.9972,0.495408,0.35609,-0.359872,0.997,0.483771,0.354699,-0.359612,0.9968,0.574836,0.352839,-0.282623,0.9976,0.472818,0.352922,-0.262071,0.9965,0.542627,0.386731,-0.341322,0.9952,0.504376,0.385993,-0.335703,0.993,0.657559,0.394972,-0.272751,0.9965,0.402211,0.397678,-0.248823,0.9898,0.666004,0.284254,-0.418901,0.9951,0.373171,0.281384,-0.354004,0.984,0.655926,0.135467,-0.48654,0.9653,0.415366,0.156851,-0.446016,0.9451,0.650939,0.101481,-0.52365,0.9204,0.420228,0.120733,-0.479684,0.9083,0.633617,0.096955,-0.511506,0.9246,0.433705,0.115375,-0.46281,0.9134,0.626167,0.10879,-0.486798,0.9387,0.44097,0.124144,-0.446562,0.9192,0.60711,0.610597,-0.004318,0.9993,0.428729,0.611037,0.00526,0.9987,0.637341,0.754597,-0.203023,0.9831,0.436006,0.756125,-0.125175,0.9805,0.613805,0.89698,-0.023173,0.9754,0.457777,0.898816,0.000563,0.9613,0.602111,0.911988,-0.012877,0.8144,0.473031,0.914926,0.005594,0.7357,0.609456,0.966894,-0.127007,0.9489,0.451122,0.961052,-0.102643,0.9241
utkatasana_y107_0023,0.690299,0.448838,-0.138074,0.9999,0.716485,0.457311,-0.142555,0.9999,0.718191,0.462145,-0.141734,0.9999,0.7203,0.468015,-0.141749,0.9998,0.713456,0.449342,-0.127538,0.9999,0.713412,0.44903,-0.12858,0.9999,0.713459,0.448709,-0.128113,0.9999,0.713386,0.496562,-0.117659,0.9999,0.704401,0.471753,-0.059731,0.9999,0.668188,0.466331,-0.129393,0.9999,0.664599,0.456693,-0.108432,0.9999,0.610995,0.598219,0.003103,0.9997,0.562025,0.442072,-0.09655,1.0,0.536486,0.714358,-0.002898,0.8446,0.565574,0.311024,-0.132253,0.9972,0.466663,0.825434,-0.131897,0.594,0.576221,0.187416,-0.185034,0.9887,0.469683,0.858736,-0.133672,0.5088,0.577419,0.147916,-0.218868,0.956,0.473398,0.864029,-0.177519,0.5526,0.585546,0.145072,-0.234286,0.9622,0.45909,0.849739,-0.151662,0.5879,0.583341,0.158863,-0.203654,0.9671,0.275031,0.629949,0.093865,0.9982,0.230202,0.608624,-0.093386,0.9989,0.541317,0.669397,0.123147,0.3536,0.548297,0.667516,-0.104976,0.9932,0.456904,0.855988,0.178634,0.529,0.45223,0.858171,-0.021654,0.9721,0.420839,0.87812,0.17857,0.5232,0.413809,0.880906,-0.017701,0.9392,0.564677,0.904299,0.152179,0.6487,0.567264,0.911735,-0.041208,0.9675
utkatasana_y107_0024,0.698756,0.322448,-0.037602,0.9973,0.682044,0.302258,-0.025222,0.9976,0.677979,0.301792,-0.024401,0.9978,0.673718,0.301243,-0.024365,0.9979,0.676426,0.301017,-0.056479,0.9975,0.669936,0.299798,-0.057342,0.9974,0.663157,0.29834,-0.056815,0.9972,0.625578,0.306796,0.041567,0.9981,0.618635,0.30342,-0.111551,0.9972,0.67917,0.340265,-0.012657,0.9967,0.673678,0.33886,-0.055806,0.9961,0.570119,0.384167,0.119699,0.9945,0.543117,0.365168,-0.17702,0.9945,0.666245,0.256894,0.201149,0.3992,0.663152,0.231239,-0.266251,0.9872,0.737924,0.134405,0.107239,0.4926,0.756917,0.084247,-0.23074,0.9652,0.75018,0.101662,0.097865,0.504,0.754376,0.047642,-0.265337,0.9536,0.749289,0.09733,0.076231,0.5053,0.748123,0.046139,-0.244763,0.9496,0.747023,0.103353,0.093228,0.5085,0.745203,0.059581,-0.225075,0.9452,0.325256,0.638104,0.116036,0.997,0.30553,0.643453,-0.114873,0.9925,0.678487,0.748085,0.154798,0.3271,0.68725,0.752508,-0.108838,0.989,0.519409,0.925457,0.227003,0.4109,0.518276,0.934644,-0.00676,0.9443,0.457269,0.953745,0.230801,0.4564,0.453883,0.963539,0.001204,0.8952,0.681796,0.967583,0.239651,0.4975,0.679933,0.971384,0.002631,0.9117
utkatasana_y107_0025,0.590207,0.282917,-0.047744,0.9974,0.560478,0.271268,-0.036615,0.9977,0.556896,0.271883,-0.035868,0.998,0.552799,0.272278,-0.03591,0.998,0.558167,0.271427,-0.068057,0.9973,0.55344,0.272274,-0.068879,0.9971,0.548368,0.272922,-0.068313,0.9968,0.514981,0.28873,0.027827,0.9983,0.515511,0.288289,-0.125595,0.9964,0.588279,0.303232,-0.02318,0.997,0.583448,0.302469,-0.066387,0.9958,0.489555,0.359265,0.099378,0.9929,0.505539,0.353787,-0.18884,0.9918,0.590422,0.248213,0.164721,0.4061,0.6174,0.237902,-0.268533,0.9829,0.665267,0.129999,0.082486,0.47,0.691255,0.107275,-0.223206,0.9587,0.653854,0.098977,0.073348,0.4708,0.677711,0.075146,-0.256954,0.9376,0.649529,0.091856,0.05245,0.4735,0.663254,0.072014,-0.239067,0.9258,0.65254,0.101823,0.069022,0.4843,0.663069,0.082175,-0.217684,0.9111,0.34268,0.609179,0.113167,0.9984,0.343053,0.617239,-0.111714,0.997,0.64913,0.731074,0.155849,0.2272,0.659381,0.735342,-0.091472,0.9835,0.49334,0.895865,0.227009,0.3224,0.499722,0.903487,0.006783,0.9217,0.439038,0.920025,0.231641,0.372,0.436674,0.931903,0.013569,0.8732,0.653807,0.932862,0.240874,0.4242,0.660653,0.941842,0.008892,0.88
utkatasana_y107_0027,0.306937,0.280396,-0.038488,0.9992,0.332189,0.26169,-0.061257,0.9993,0.338989,0.262091,-0.060587,0.9993,0.34589,0.262547,-0.060557,0.9993,0.328859,0.261195,-0.025904,0.9994,0.333496,0.261041,-0.026614,0.9994,0.338575,0.260834,-0.026456,0.9994,0.399709,0.274666,-0.120943,0.999,0.393859,0.272128,0.029202,0.9992,0.328629,0.299063,-0.057911,0.9983,0.324098,0.299125,-0.013657,0.9982,0.459458,0.338851,-0.188486,0.9962,0.4667,0.337668,0.1085,0.9881,0.280842,0.229191,-0.328291,0.997,0.295321,0.23201,0.176445,0.2434,0.161955,0.108601,-0.340645,0.9878,0.192651,0.123481,0.066398,0.4594,0.157666,0.081415,-0.379027,0.9769,0.191939,0.095663,0.070978,0.5403,0.182249,0.077046,-0.355918,0.9713,0.206778,0.092611,0.050923,0.5529,0.185702,0.086121,-0.332363,0.9563,0.205374,0.100615,0.052586,0.5718,0.797768,0.584642,-0.10733,0.988,0.781522,0.575536,0.108847,0.9913,0.374333,0.670078,-0.109083,0.9889,0.376108,0.656979,0.097323,0.5554,0.522444,0.883143,-0.054824,0.9761,0.510497,0.859537,0.166563,0.5241,0.579448,0.909358,-0.05384,0.9738,0.562889,0.891979,0.167069,0.6547,0.346272,0.906642,-0.085479,0.9586,0.347723,0.894832,0.156528,0.5758
utkatasana_y107_0029,0.322143,0.362612,-0.005969,0.9992,0.330025,0.344987,-0.025024,0.999,0.335874,0.343335,-0.02429,0.9989,0.342819,0.341431,-0.024144,0.9988,0.324711,0.346754,0.008336,0.9992,0.326877,0.346389,0.007607,0.9992,0.329123,0.345867,0.007751,0.9992,0.394006,0.340617,-0.071532,0.9983,0.36941,0.345694,0.066808,0.9992,0.353437,0.370097,-0.02079,0.9975,0.346563,0.371556,0.019306,0.9976,0.520499,0.374821,-0.130818,0.995,0.442999,0.406179,0.135484,0.9968,0.420518,0.262306,-0.24422,0.9958,0.276805,0.333876,0.244808,0.4776,0.318057,0.116757,-0.239103,0.9819,0.16561,0.242955,0.196416,0.7033,0.288529,0.077665,-0.262837,0.9705,0.141282,0.224506,0.199714,0.7191,0.281491,0.075148,-0.247703,0.9663,0.153928,0.218593,0.188286,0.723,0.291296,0.092496,-0.233618,0.9601,0.164574,0.222319,0.187355,0.7455,0.742703,0.633359,-0.097893,0.9962,0.699175,0.63565,0.098692,0.9988,0.410333,0.750173,-0.092256,0.9807,0.410455,0.741727,0.105435,0.4957,0.573394,0.920812,-0.024326,0.9462,0.561502,0.907899,0.175678,0.4767,0.639955,0.947764,-0.016183,0.9617,0.617881,0.932995,0.178922,0.5623,0.432557,0.955983,-0.009076,0.9161,0.432024,0.946565,0.166136,0.4911
utkatasana_y107_0030,0.416933,0.276092,-0.040902,0.9993,0.410974,0.251831,-0.065576,0.9993,0.41382,0.249757,-0.064959,0.9993,0.417141,0.24745,-0.064796,0.9994,0.411024,0.251467,-0.031492,0.9992,0.413794,0.249147,-0.032222,0.9991,0.417136,0.246489,-0.031927,0.9991,0.459216,0.23437,-0.130058,0.9993,0.456082,0.234221,0.013952,0.999,0.445178,0.28324,-0.061962,0.9992,0.445346,0.283408,-0.019797,0.9988,0.587542,0.277556,-0.185084,0.9986,0.570079,0.279837,0.088896,0.9928,0.377925,0.228123,-0.279692,0.993,0.374364,0.239826,0.188036,0.2339,0.181153,0.124985,-0.244119,0.9869,0.196917,0.150423,0.098795,0.5139,0.142543,0.098199,-0.276888,0.9681,0.157316,0.119104,0.100195,0.6524,0.157867,0.087409,-0.257386,0.9663,0.165911,0.109111,0.077104,0.6625,0.168404,0.094299,-0.23581,0.9697,0.175347,0.119995,0.083352,0.6696,0.852551,0.564071,-0.096171,0.9943,0.816731,0.547782,0.097206,0.9943,0.493535,0.634849,-0.094188,0.9634,0.508731,0.623152,0.129604,0.3819,0.657349,0.866814,-0.008434,0.9447,0.647264,0.848183,0.196471,0.305,0.699789,0.91206,-0.00137,0.9386,0.685986,0.890797,0.197244,0.3127,0.522673,0.904845,0.016427,0.9097,0.525108,0.89872,0.210816,0.3654
utkatasana_y107_0031,0.375625,0.250723,-0.045144,0.9978,0.398781,0.23409,-0.066205,0.9985,0.403584,0.234394,-0.065461,0.9985,0.409092,0.234712,-0.065587,0.9984,0.398503,0.234157,-0.031032,0.9986,0.402677,0.234561,-0.031752,0.9984,0.407522,0.234761,-0.031666,0.9985,0.45583,0.249504,-0.122275,0.9978,0.452341,0.245214,0.026272,0.998,0.39276,0.272401,-0.063311,0.9958,0.392451,0.270898,-0.019519,0.9954,0.490878,0.316054,-0.196575,0.9919,0.51882,0.316363,0.104682,0.977,0.304339,0.224377,-0.325814,0.9928,0.320773,0.229573,0.164574,0.1431,0.13266,0.113522,-0.332862,0.9733,0.166736,0.130608,0.051144,0.3102,0.108213,0.082716,-0.372616,0.956,0.140195,0.096921,0.057802,0.412,0.126438,0.077727,-0.351916,0.9476,0.141278,0.087737,0.030158,0.4284,0.131815,0.083198,-0.325752,0.9193,0.153097,0.098137,0.03459,0.4581,0.731082,0.572199,-0.105303,0.9923,0.741841,0.565235,0.106813,0.9945,0.408759,0.697459,-0.111365,0.9891,0.419511,0.686567,0.085291,0.5864,0.578545,0.899137,-0.056047,0.9744,0.569635,0.887466,0.158594,0.5073,0.621832,0.925751,-0.053718,0.9685,0.613041,0.913835,0.160399,0.586,0.429048,0.933268,-0.073757,0.9523,0.425521,0.928701,0.138548,0.5076
utkatasana_y107_0032,0.410099,0.400467,-0.052502,0.9967,0.412437,0.383067,-0.070934,0.9974,0.414282,0.381576,-0.070311,0.9975,0.416403,0.380242,-0.070405,0.9974,0.412039,0.38311,-0.038526,0.9975,0.413557,0.381519,-0.039314,0.9971,0.415309,0.379914,-0.039317,0.9972,0.439328,0.374583,-0.119539,0.9966,0.435978,0.375525,0.017724,0.9963,0.420794,0.404078,-0.068043,0.9921,0.419456,0.404112,-0.027719,0.9904,0.482071,0.411909,-0.195386,0.9895,0.471437,0.416704,0.094988,0.9738,0.393523,0.343445,-0.324133,0.995,0.395787,0.349142,0.162623,0.163,0.326929,0.251781,-0.312486,0.9714,0.334379,0.270011,0.047723,0.4322,0.31291,0.229923,-0.346397,0.9524,0.320548,0.24487,0.053347,0.5619,0.319096,0.226069,-0.320387,0.9508,0.324451,0.239862,0.02771,0.5725,0.32292,0.231739,-0.302143,0.9426,0.327354,0.24358,0.03228,0.5985,0.578224,0.6182,-0.104179,0.979,0.562754,0.610708,0.105599,0.9882,0.44647,0.721918,-0.098543,0.9749,0.449231,0.707714,0.093586,0.4929,0.525687,0.854575,-0.024649,0.9168,0.518034,0.847157,0.185923,0.3372,0.544233,0.873058,-0.02036,0.925,0.526921,0.865552,0.190147,0.4688,0.454972,0.873638,-0.031473,0.8938,0.445414,0.867694,0.176066,0.3267
utkatasana_y107_0033,0.621323,0.33346,-0.125614,0.9929,0.616435,0.312941,-0.114302,0.9942,0.613908,0.312294,-0.113442,0.9938,0.610782,0.311478,-0.113409,0.9946,0.610298,0.31176,-0.146079,0.9936,0.603492,0.310469,-0.146951,0.9935,0.595656,0.308912,-0.146589,0.9939,0.559777,0.309697,-0.039928,0.9948,0.548499,0.309167,-0.197863,0.9932,0.597824,0.350033,-0.098062,0.9878,0.589336,0.346774,-0.142422,0.9894,0.480503,0.374358,0.046459,0.9924,0.426601,0.371225,-0.263773,0.9922,0.645117,0.264778,0.116861,0.3046,0.598224,0.255903,-0.380489,0.9847,0.794228,0.140967,-0.005383,0.4356,0.774499,0.124052,-0.362475,0.9631,0.828017,0.107192,-0.020497,0.507,0.811198,0.085248,-0.399972,0.9474,0.83433,0.101467,-0.045869,0.5105,0.814561,0.079672,-0.385738,0.9372,0.818147,0.114897,-0.021999,0.5234,0.795385,0.098107,-0.359041,0.9094,0.230191,0.621344,0.119072,0.9972,0.190118,0.63028,-0.117849,0.9949,0.508125,0.729363,0.181186,0.2723,0.512643,0.734481,-0.115374,0.992,0.361979,0.906725,0.25885,0.391,0.340786,0.917617,-0.015325,0.9789,0.305014,0.93089,0.260521,0.4332,0.276148,0.942401,-0.009483,0.9514,0.509451,0.951112,0.267496,0.4971,0.491207,0.959427,-0.019716,0.9539
utkatasana_y107_0034,0.233983,0.28318,-0.203042,1.0,0.198613,0.259613,-0.189196,0.9999,0.199059,0.24904,-0.188646,0.9999,0.199918,0.241031,-0.188905,0.9999,0.194828,0.292831,-0.183556,0.9999,0.192814,0.303835,-0.185183,0.9999,0.191289,0.313724,-0.184061,0.9999,0.214721,0.223559,-0.079874,0.9999,0.199612,0.323224,-0.069101,1.0,0.274837,0.268714,-0.166438,1.0,0.274433,0.304828,-0.161367,1.0,0.436463,0.17495,-0.056466,0.9997,0.365494,0.424279,0.023052,0.9998,0.706362,0.141588,-0.190775,0.9647,0.521511,0.589903,-0.066863,0.7576,0.593755,0.336377,-0.338105,0.8805,0.570289,0.394235,-0.275809,0.7284,0.534945,0.358401,-0.360907,0.7964,0.522248,0.360328,-0.302641,0.6483,0.519491,0.349131,-0.348351,0.7822,0.504446,0.3571,-0.285731,0.604,0.538196,0.341254,-0.332641,0.7609,0.520811,0.361973,-0.273809,0.5487,0.859654,0.391384,-0.07367,0.9959,0.79808,0.453899,0.074231,0.9974,0.503674,0.599018,-0.047637,0.8525,0.487283,0.616381,0.090273,0.1908,0.640783,0.883254,0.015199,0.8838,0.621892,0.876353,0.130772,0.2591,0.693256,0.91014,0.020847,0.8058,0.668636,0.91,0.131031,0.3567,0.507543,1.045059,-0.017811,0.8455,0.466866,0.986787,0.085866,0.3124
utkatasana_y107_0035,0.393654,0.297401,-0.026257,0.9984,0.418575,0.293865,-0.04853,0.9983,0.420507,0.295429,-0.047833,0.9981,0.422013,0.29693,-0.047771,0.9978,0.419015,0.293252,-0.016472,0.9986,0.421818,0.294372,-0.017336,0.9986,0.424044,0.29543,-0.017067,0.9986,0.44046,0.317077,-0.104128,0.9959,0.446827,0.314187,0.03054,0.9982,0.390441,0.313037,-0.043348,0.9967,0.390193,0.312721,-0.004315,0.9969,0.42819,0.378512,-0.159844,0.9945,0.456168,0.377161,0.103093,0.9946,0.306338,0.262054,-0.227051,0.9956,0.34178,0.264411,0.172054,0.4925,0.196459,0.120525,-0.180463,0.9863,0.280816,0.169722,0.110036,0.7051,0.190367,0.087018,-0.214627,0.9722,0.274789,0.132607,0.110769,0.7342,0.205641,0.082094,-0.196717,0.9717,0.284032,0.132668,0.095228,0.7371,0.211185,0.093674,-0.17422,0.9731,0.289964,0.14869,0.098505,0.7556,0.734982,0.652182,-0.104744,0.9926,0.738468,0.641944,0.105957,0.9965,0.338866,0.759324,-0.086198,0.9727,0.372549,0.743519,0.122512,0.3825,0.52494,0.9395,-0.001154,0.8757,0.537028,0.913533,0.192465,0.3452,0.58083,0.959718,0.009017,0.8787,0.602607,0.937848,0.19532,0.4685,0.370908,0.971609,0.029136,0.8788,0.412179,0.952517,0.204675,0.351
utkatasana_y107_0036,0.528553,0.295522,-0.06713,0.9969,0.523755,0.276921,-0.05467,0.9966,0.522322,0.275794,-0.053984,0.9964,0.520765,0.274555,-0.053973,0.9968,0.52306,0.277129,-0.086173,0.9954,0.521356,0.276001,-0.086999,0.9953,0.519561,0.274783,-0.086522,0.9957,0.507377,0.275155,0.017127,0.9969,0.507465,0.277773,-0.140017,0.9952,0.522605,0.30898,-0.039771,0.9947,0.521992,0.308489,-0.083123,0.995,0.485455,0.336584,0.099847,0.9905,0.487238,0.33752,-0.210875,0.9954,0.509306,0.219476,0.167661,0.2406,0.511975,0.215663,-0.337469,0.9866,0.528269,0.11648,0.044762,0.4399,0.537879,0.092373,-0.350151,0.9786,0.528855,0.088541,0.032537,0.4734,0.540422,0.064918,-0.386919,0.9668,0.528823,0.086415,0.005342,0.4749,0.5373,0.060925,-0.365477,0.9598,0.528654,0.094783,0.027726,0.4859,0.535889,0.07205,-0.343362,0.9447,0.42709,0.573887,0.119395,0.9974,0.419089,0.57818,-0.117988,0.9978,0.484361,0.717405,0.154854,0.31,0.483387,0.729227,-0.094485,0.9912,0.46512,0.87688,0.226401,0.4538,0.45974,0.895873,-0.022136,0.9817,0.452871,0.913707,0.227852,0.5372,0.448526,0.927731,-0.020102,0.9669,0.50884,0.918195,0.204857,0.543,0.506143,0.926959,-0.071914,0.9578
utkatasana_y107_0037,0.301466,0.323026,-0.164804,0.9984,0.325043,0.305978,-0.185511,0.9982,0.335645,0.306033,-0.184936,0.998,0.34734,0.306143,-0.184852,0.9978,0.31152,0.304763,-0.152813,0.9987,0.312316,0.303902,-0.153577,0.9988,0.313883,0.303046,-0.153529,0.999,0.405439,0.315835,-0.228288,0.9974,0.358469,0.312779,-0.092982,0.9993,0.335562,0.34071,-0.17689,0.9972,0.31809,0.338714,-0.137062,0.998,0.523186,0.390581,-0.272078,0.9948,0.40434,0.372741,-0.027859,0.9976,0.519343,0.235427,-0.387073,0.9979,0.295111,0.253869,0.040521,0.6598,0.475001,0.082819,-0.402361,0.966,0.219865,0.130627,-0.063051,0.8371,0.449371,0.051965,-0.448089,0.9308,0.202817,0.095506,-0.075228,0.8588,0.445659,0.048918,-0.428798,0.9364,0.219978,0.09147,-0.092657,0.8609,0.440721,0.059565,-0.397372,0.9481,0.238589,0.100365,-0.075762,0.8701,0.77581,0.631344,-0.090411,0.9977,0.639424,0.614348,0.091579,0.9986,0.446016,0.763295,-0.073018,0.9799,0.354453,0.744699,0.102908,0.4559,0.572815,0.90251,0.027068,0.9193,0.46082,0.873452,0.232202,0.3322,0.628031,0.919218,0.035092,0.9283,0.543637,0.879621,0.238979,0.412,0.433174,0.918298,0.023483,0.8757,0.380495,0.898701,0.235633,0.3672
utkatasana_y107_0038,0.463474,0.247295,-0.042429,0.9996,0.497471,0.240106,-0.063347,0.9996,0.50124,0.24176,-0.062684,0.9995,0.50545,0.243563,-0.06255,0.9995,0.497522,0.240188,-0.030938,0.9997,0.50049,0.241526,-0.031833,0.9997,0.503915,0.242608,-0.031532,0.9996,0.526008,0.268246,-0.11745,0.999,0.531023,0.263081,0.018802,0.9995,0.457677,0.267438,-0.059544,0.9987,0.457113,0.266739,-0.019363,0.9989,0.498597,0.341419,-0.182062,0.9957,0.523252,0.346294,0.096471,0.9924,0.310349,0.228992,-0.259901,0.9949,0.35422,0.241984,0.16616,0.4894,0.174358,0.104493,-0.221469,0.9839,0.241205,0.139457,0.103696,0.588,0.140629,0.07683,-0.259218,0.9737,0.230844,0.117471,0.11448,0.6275,0.157971,0.073396,-0.23849,0.968,0.238986,0.114584,0.091703,0.6383,0.173172,0.082081,-0.213356,0.9559,0.239279,0.118895,0.090353,0.6674,0.76793,0.612489,-0.105991,0.9951,0.772501,0.604007,0.107124,0.9969,0.431546,0.740543,-0.105175,0.9878,0.458446,0.724252,0.091116,0.5158,0.645563,0.916162,-0.046536,0.9547,0.636253,0.890727,0.166189,0.4197,0.706284,0.951218,-0.041021,0.9546,0.690535,0.928632,0.169403,0.5088,0.485958,0.949878,-0.035513,0.9312,0.494515,0.935202,0.170702,0.4445
utkatasana_y107_0039,0.31052,0.285996,-0.069466,0.9969,0.333747,0.27171,-0.090533,0.9973,0.34012,0.271896,-0.089973,0.9972,0.347218,0.272187,-0.090119,0.997,0.331434,0.271824,-0.055603,0.9977,0.335659,0.271979,-0.056425,0.9977,0.340245,0.272127,-0.056503,0.9978,0.401416,0.283114,-0.143999,0.9962,0.387568,0.281664,0.003163,0.9976,0.327215,0.301493,-0.085521,0.9934,0.324808,0.301783,-0.04216,0.9937,0.484022,0.349566,-0.203505,0.9885,0.439378,0.342308,0.063283,0.9796,0.37561,0.230383,-0.326669,0.9967,0.364414,0.230445,0.111613,0.2542,0.255388,0.102371,-0.335038,0.9663,0.26246,0.111751,-0.007935,0.5062,0.227913,0.069391,-0.377831,0.9423,0.237965,0.07744,-0.008025,0.643,0.235837,0.067611,-0.351387,0.9453,0.238067,0.075983,-0.035601,0.6444,0.244777,0.076961,-0.325745,0.9512,0.246725,0.085814,-0.023194,0.6636,0.722853,0.600046,-0.100308,0.995,0.644286,0.585692,0.101647,0.9973,0.424117,0.759098,-0.100817,0.9748,0.3884,0.732202,0.065466,0.529,0.571894,0.934714,-0.038936,0.8833,0.533689,0.906599,0.157452,0.3165,0.635251,0.960514,-0.0356,0.877,0.576463,0.931089,0.16003,0.4593,0.400448,0.959558,-0.0606,0.8988,0.392566,0.948051,0.129376,0.3208
utkatasana_y107_0040,0.328433,0.404665,-0.021316,0.8911,0.343235,0.389999,-0.042819,0.9405,0.3487,0.38911,-0.04181,0.9508,0.353538,0.388085,-0.042098,0.9577,0.340489,0.390427,-0.008695,0.9297,0.344042,0.389999,-0.00956,0.9283,0.347012,0.389357,-0.009574,0.9277,0.401604,0.384776,-0.084756,0.9607,0.385762,0.385863,0.051732,0.9376,0.361593,0.411359,-0.034277,0.789,0.355361,0.413461,0.004212,0.7192,0.524542,0.415256,-0.136496,0.9451,0.445452,0.444176,0.114852,0.8926,0.44358,0.304179,-0.273654,0.9752,0.367767,0.357569,0.23905,0.0244,0.40107,0.174771,-0.309944,0.8574,0.369194,0.25919,0.228374,0.0322,0.412072,0.14419,-0.34447,0.7725,0.376405,0.23699,0.224813,0.0564,0.411858,0.143532,-0.336413,0.7359,0.387014,0.236338,0.218677,0.058,0.40396,0.151686,-0.310438,0.7643,0.38335,0.242578,0.221138,0.0681,0.710331,0.647865,-0.095399,0.9843,0.654006,0.652197,0.096736,0.9781,0.358498,0.735268,-0.142486,0.9249,0.347605,0.730281,0.088359,0.3159,0.614636,0.860538,-0.042768,0.824,0.568645,0.853216,0.159087,0.1497,0.663507,0.864254,-0.027689,0.8539,0.626715,0.859067,0.16353,0.2384,0.5419,0.922362,0.0074,0.7266,0.50859,0.901697,0.161675,0.1478
utkatasana_y107_0041,0.471611,0.334796,-0.124767,0.9982,0.487619,0.324296,-0.144209,0.9988,0.490683,0.32524,-0.143308,0.9989,0.494019,0.326276,-0.143361,0.9988,0.48445,0.32424,-0.112921,0.9984,0.485274,0.325066,-0.113726,0.9984,0.48632,0.32579,-0.113535,0.9985,0.510836,0.346551,-0.191553,0.9982,0.504261,0.341915,-0.059104,0.9987,0.475768,0.356736,-0.140796,0.9959,0.47225,0.35457,-0.101926,0.9958,0.504676,0.41812,-0.248688,0.9934,0.503307,0.411028,0.015585,0.9882,0.429367,0.303259,-0.350311,0.9908,0.43458,0.3037,0.079012,0.3102,0.36845,0.188541,-0.361968,0.9702,0.374171,0.191894,0.011802,0.5286,0.351185,0.157234,-0.406411,0.9514,0.35908,0.160571,0.016561,0.604,0.358056,0.150586,-0.390679,0.945,0.355962,0.150966,-0.003009,0.6146,0.363357,0.161423,-0.359432,0.9157,0.363335,0.163729,-0.001313,0.624,0.631415,0.653351,-0.103554,0.9899,0.627329,0.637154,0.104841,0.9941,0.449771,0.695303,-0.076641,0.9829,0.460736,0.672415,0.150062,0.53,0.543146,0.849723,0.05687,0.9515,0.542594,0.820692,0.277318,0.5335,0.574606,0.87289,0.071039,0.9363,0.570398,0.846137,0.284789,0.5856,0.478197,0.887325,0.103707,0.9307,0.481206,0.868149,0.307164,0.5709
utkatasana_y107_0042,0.487727,0.376436,-0.374893,0.9971,0.505259,0.35801,-0.367542,0.9973,0.517738,0.356838,-0.366627,0.9975,0.528885,0.35559,-0.366704,0.9974,0.469245,0.357519,-0.35896,0.9971,0.456047,0.356335,-0.359819,0.9969,0.4448,0.355141,-0.359504,0.9968,0.549715,0.353559,-0.288118,0.9975,0.432765,0.353498,-0.261064,0.9965,0.511285,0.387537,-0.343068,0.9948,0.467539,0.3873,-0.335531,0.9925,0.641454,0.399913,-0.280022,0.9958,0.353501,0.400682,-0.243217,0.9901,0.64916,0.281628,-0.430059,0.9944,0.323285,0.284644,-0.34958,0.9817,0.644463,0.136342,-0.501353,0.9549,0.368924,0.156446,-0.45003,0.9405,0.63502,0.104365,-0.538679,0.8992,0.377311,0.120172,-0.483669,0.9,0.615553,0.098358,-0.525803,0.9049,0.394285,0.116207,-0.469149,0.9064,0.606369,0.111213,-0.501299,0.9222,0.400299,0.125164,-0.451372,0.9133,0.587458,0.610535,-0.008618,0.9993,0.386313,0.609753,0.009525,0.9988,0.616342,0.756242,-0.211101,0.9854,0.391297,0.757404,-0.126094,0.9828,0.592401,0.897016,-0.041046,0.978,0.416478,0.902764,-0.010632,0.966,0.581661,0.911042,-0.031482,0.8241,0.428605,0.91891,-0.006623,0.7688,0.586724,0.967305,-0.143168,0.9517,0.391823,0.963658,-0.110478,0.9294
utkatasana_y107_0043,0.488593,0.287752,-0.125898,0.9925,0.488528,0.264563,-0.151029,0.995,0.490566,0.262794,-0.150137,0.9955,0.492673,0.261202,-0.150174,0.996,0.48926,0.264227,-0.117774,0.9937,0.491853,0.262024,-0.118451,0.9928,0.494582,0.259806,-0.118248,0.9924,0.524075,0.256455,-0.209228,0.9959,0.527347,0.252929,-0.071554,0.9903,0.509537,0.296071,-0.144484,0.9912,0.509801,0.296399,-0.10423,0.9864,0.609186,0.324844,-0.269737,0.9926,0.636576,0.298947,0.009835,0.9799,0.401967,0.244043,-0.388073,0.9932,0.418533,0.235492,0.09172,0.1034,0.237139,0.133928,-0.367394,0.9604,0.264034,0.140237,0.016461,0.2415,0.210085,0.127087,-0.405124,0.9183,0.248016,0.122857,0.008237,0.3508,0.2262,0.120082,-0.387435,0.9077,0.252917,0.120218,-0.012682,0.35,0.238288,0.116266,-0.362865,0.9245,0.256129,0.125448,0.000365,0.3736,0.80387,0.616584,-0.100602,0.9974,0.787902,0.588006,0.10172,0.997,0.500205,0.724573,-0.094993,0.9734,0.517153,0.698756,0.11604,0.5139,0.687575,0.895194,0.013063,0.9771,0.675224,0.863436,0.238759,0.5056,0.737105,0.926423,0.023776,0.9708,0.72362,0.897611,0.247743,0.5494,0.558514,0.928389,0.048144,0.949,0.553857,0.906805,0.263753,0.5019
utkatasana_y107_0045,0.621371,0.369825,-0.038651,0.9985,0.621919,0.353737,-0.031015,0.9984,0.62014,0.352919,-0.03004,0.9986,0.618139,0.351852,-0.030251,0.9986,0.618898,0.35161,-0.060775,0.9985,0.615352,0.349669,-0.061743,0.9984,0.61151,0.347657,-0.061166,0.9985,0.58579,0.345937,0.030074,0.9991,0.583383,0.34412,-0.120014,0.9989,0.600658,0.378965,-0.015217,0.9984,0.596123,0.377126,-0.057425,0.9982,0.498035,0.393702,0.10299,0.9973,0.492904,0.386062,-0.183946,0.9985,0.619249,0.300089,0.168346,0.3059,0.632562,0.29033,-0.262855,0.9701,0.720059,0.188767,0.048831,0.3797,0.740453,0.17447,-0.174575,0.9336,0.730238,0.160839,0.035745,0.4406,0.745369,0.144878,-0.194928,0.9173,0.727735,0.15754,0.01647,0.4432,0.739503,0.145116,-0.190959,0.9087,0.726384,0.165362,0.03674,0.4498,0.735573,0.156278,-0.171766,0.9024,0.274405,0.619383,0.116563,0.9994,0.250558,0.63,-0.115394,0.9991,0.531471,0.684637,0.200871,0.4486,0.540135,0.702714,-0.109294,0.996,0.437476,0.864001,0.263337,0.5425,0.431955,0.886429,-0.003134,0.9776,0.399246,0.892254,0.264187,0.4592,0.383569,0.918106,0.006606,0.9502,0.542667,0.902113,0.276833,0.6037,0.544177,0.92719,0.01547,0.9393
utkatasana_y107_0046,0.442149,0.254611,-0.063545,0.9979,0.466007,0.236084,-0.083153,0.9985,0.47121,0.236377,-0.082471,0.9985,0.476932,0.236675,-0.08255,0.9984,0.465071,0.23632,-0.048092,0.9982,0.46919,0.236796,-0.048827,0.998,0.47382,0.237023,-0.048812,0.9981,0.524644,0.253002,-0.135327,0.9976,0.520503,0.249085,0.01339,0.9979,0.460742,0.275305,-0.08065,0.9944,0.459498,0.274127,-0.036703,0.9936,0.561575,0.324344,-0.207731,0.9913,0.58062,0.321033,0.091653,0.9787,0.345681,0.223975,-0.331712,0.9928,0.363881,0.22805,0.14778,0.2056,0.164243,0.114557,-0.340291,0.9728,0.192455,0.127018,0.040551,0.3658,0.130531,0.083033,-0.384643,0.9556,0.160098,0.094095,0.048864,0.4611,0.14824,0.076653,-0.363542,0.947,0.165832,0.08613,0.020043,0.475,0.159604,0.083996,-0.333638,0.9179,0.177135,0.094941,0.023793,0.5074,0.805047,0.584878,-0.104992,0.9912,0.809555,0.573484,0.106461,0.9949,0.473794,0.71725,-0.106572,0.9856,0.487603,0.702641,0.089453,0.5493,0.644181,0.917796,-0.048228,0.964,0.63818,0.898718,0.172218,0.4107,0.695239,0.946819,-0.045767,0.9575,0.684042,0.928468,0.17532,0.499,0.481194,0.951492,-0.065435,0.9383,0.476727,0.941527,0.153434,0.4318
utkatasana_y107_0048,0.578103,0.198778,-0.112858,0.9984,0.555267,0.182845,-0.094395,0.9979,0.550721,0.181868,-0.093625,0.9977,0.548833,0.181712,-0.093767,0.9983,0.550739,0.184014,-0.127501,0.9984,0.543118,0.184378,-0.128372,0.9983,0.537397,0.185347,-0.12779,0.9984,0.510604,0.194011,-0.006443,0.9984,0.495909,0.199233,-0.167908,0.9972,0.578614,0.210542,-0.082424,0.9955,0.569227,0.216838,-0.127852,0.9954,0.494978,0.269557,0.084315,0.9901,0.490225,0.294619,-0.248999,0.9815,0.641947,0.192652,0.15357,0.2526,0.636959,0.219952,-0.35165,0.9698,0.753792,0.113107,0.0864,0.3687,0.75118,0.12052,-0.343957,0.9357,0.784097,0.092726,0.075439,0.4131,0.792475,0.092832,-0.379619,0.9095,0.772635,0.086709,0.05543,0.4208,0.775635,0.084555,-0.369912,0.8972,0.762814,0.091452,0.07311,0.4415,0.760872,0.090917,-0.342554,0.8588,0.280986,0.501476,0.123504,0.9986,0.261117,0.516225,-0.122002,0.9962,0.481034,0.66659,0.135996,0.4881,0.476515,0.670126,-0.147041,0.9957,0.372222,0.840083,0.172121,0.679,0.318185,0.855296,-0.082225,0.9872,0.315197,0.865646,0.168481,0.6537,0.255185,0.874805,-0.078607,0.956,0.504813,0.884993,0.16425,0.7012,0.461915,0.893652,-0.096609,0.9677
utkatasana_y107_0049,0.335539,0.293861,-0.065914,0.9999,0.309926,0.296466,-0.048469,0.9999,0.309614,0.294912,-0.047773,0.9999,0.309307,0.293327,-0.0482,0.9999,0.309363,0.307389,-0.056419,0.9998,0.308408,0.3147,-0.058063,0.9998,0.307309,0.323265,-0.056907,0.9997,0.316184,0.31087,0.04755,0.9999,0.315977,0.3547,-0.005002,0.9999,0.360632,0.296375,-0.036192,0.9999,0.359124,0.3087,-0.049682,0.9999,0.457655,0.266257,0.040723,0.9999,0.434297,0.439909,0.034944,0.999,0.545689,0.168692,-0.097354,0.9499,0.534096,0.54389,-0.046355,0.7708,0.517624,0.334456,-0.234895,0.8818,0.513792,0.386588,-0.167351,0.7057,0.476388,0.350993,-0.255251,0.802,0.482017,0.360619,-0.193442,0.6303,0.466384,0.35202,-0.241835,0.776,0.468428,0.363993,-0.171245,0.5767,0.488131,0.347671,-0.228637,0.7709,0.487447,0.370035,-0.162567,0.5233,0.758586,0.399188,-0.048142,0.9998,0.725041,0.451335,0.048366,0.9996,0.489258,0.550456,-0.010901,0.9081,0.490408,0.556966,0.085926,0.2012,0.605134,0.739069,0.020269,0.9215,0.602189,0.74587,0.088273,0.3375,0.62872,0.760337,0.024481,0.8326,0.636937,0.776692,0.08553,0.3446,0.51401,0.789865,-0.014486,0.9131,0.521079,0.805757,0.028129,0.4164
utkatasana_y107_0051,0.799722,0.486543,-0.161856,0.9999,0.831093,0.495335,-0.148701,0.9999,0.833133,0.502285,-0.147833,0.9999,0.834625,0.508734,-0.147954,0.9999,0.823569,0.478123,-0.147973,0.9999,0.820893,0.473473,-0.149111,0.9999,0.817972,0.468859,-0.148047,1.0,0.823484,0.5225,-0.054341,0.9999,0.804482,0.468685,-0.058294,1.0,0.774501,0.503398,-0.129197,1.0,0.763116,0.482993,-0.126783,1.0,0.689063,0.595615,0.051112,0.9999,0.63187,0.42665,-0.057703,1.0,0.610427,0.717042,0.044456,0.8548,0.558722,0.291196,-0.0642,0.9983,0.584234,0.824733,-0.081673,0.6724,0.572278,0.161527,-0.098383,0.9934,0.584236,0.85995,-0.081227,0.603,0.569664,0.126827,-0.111343,0.9762,0.587017,0.865561,-0.122341,0.6553,0.580309,0.125226,-0.132063,0.9805,0.580818,0.847499,-0.09799,0.7178,0.579646,0.136806,-0.115266,0.9845,0.290025,0.601894,0.093286,0.9993,0.224985,0.56709,-0.092958,0.9996,0.588635,0.685679,0.096044,0.5403,0.570388,0.680753,-0.143529,0.9967,0.47513,0.864154,0.088684,0.6681,0.447715,0.87219,-0.106617,0.9931,0.413408,0.893099,0.085675,0.7204,0.388621,0.897368,-0.104793,0.9804,0.57865,0.918734,0.058004,0.7639,0.567238,0.925274,-0.153772,0.9867
utkatasana_y107_0052,0.70314,0.46258,-0.060801,0.9971,0.72775,0.46643,-0.062032,0.9957,0.732393,0.471821,-0.061522,0.9956,0.737249,0.477804,-0.062166,0.9953,0.720547,0.457823,-0.04398,0.997,0.719654,0.456352,-0.045326,0.9973,0.718831,0.455068,-0.044659,0.9974,0.74002,0.499214,-0.01916,0.9972,0.717589,0.470335,0.050619,0.9994,0.68776,0.482499,-0.047831,0.9995,0.680516,0.471648,-0.024037,0.9998,0.673858,0.592259,0.076059,0.9963,0.58706,0.477077,-0.012169,0.9999,0.573381,0.682322,-0.098927,0.8288,0.519146,0.440449,-0.158445,0.9771,0.597574,0.582598,-0.286048,0.6208,0.593197,0.549254,-0.27221,0.8733,0.628724,0.567176,-0.307115,0.5045,0.630164,0.565216,-0.295737,0.7294,0.633349,0.566293,-0.282495,0.4572,0.633381,0.568266,-0.27883,0.6949,0.617075,0.570736,-0.274805,0.4164,0.61687,0.565638,-0.268811,0.707,0.371104,0.639689,0.108562,0.9995,0.313426,0.609196,-0.108278,0.9987,0.577503,0.723195,0.063034,0.361,0.575651,0.7057,-0.203337,0.992,0.443648,0.868725,-0.029361,0.5904,0.436909,0.879782,-0.225027,0.9896,0.394734,0.899959,-0.045579,0.6,0.388984,0.908062,-0.22684,0.9823,0.490952,0.945852,-0.102147,0.6911,0.527544,0.918249,-0.271141,0.9853
utkatasana_y107_0053,0.421262,0.379772,-0.034597,0.9997,0.420241,0.355825,-0.055093,0.9997,0.422099,0.353249,-0.054465,0.9997,0.424359,0.350539,-0.054288,0.9997,0.420233,0.355883,-0.022809,0.9997,0.421783,0.353392,-0.023637,0.9997,0.423611,0.350722,-0.023249,0.9997,0.444121,0.339349,-0.108588,0.9996,0.442651,0.341487,0.028281,0.9996,0.433991,0.384916,-0.050828,0.9992,0.433194,0.385996,-0.010776,0.9991,0.488167,0.375737,-0.169497,0.9991,0.494532,0.381664,0.10623,0.9957,0.408958,0.26864,-0.291937,0.998,0.423806,0.281296,0.185453,0.2493,0.359375,0.13057,-0.274449,0.9929,0.382288,0.173269,0.065146,0.5653,0.350975,0.100386,-0.30498,0.9865,0.374982,0.13697,0.070865,0.6824,0.354897,0.096536,-0.274337,0.9836,0.37499,0.136038,0.048945,0.6891,0.357439,0.105971,-0.26063,0.9757,0.376398,0.144058,0.052211,0.6948,0.609743,0.632943,-0.106116,0.9943,0.614635,0.632254,0.107478,0.9957,0.471912,0.724262,-0.093492,0.9895,0.505948,0.733289,0.151526,0.4102,0.553485,0.909249,-0.013853,0.9783,0.548037,0.911688,0.233386,0.5432,0.576739,0.930788,-0.007817,0.9813,0.571426,0.930633,0.235641,0.6921,0.500725,0.94307,-0.019212,0.9681,0.488903,0.945089,0.223476,0.6421
utkatasana_y107_0056,0.606017,0.188628,-0.127434,0.9981,0.590955,0.168765,-0.117097,0.9982,0.588403,0.168551,-0.116358,0.9984,0.585525,0.168266,-0.116521,0.9985,0.587531,0.170197,-0.149403,0.9982,0.582497,0.171144,-0.150315,0.9983,0.576468,0.172188,-0.149761,0.9983,0.542109,0.183094,-0.042497,0.9984,0.535506,0.18638,-0.200143,0.998,0.594812,0.210931,-0.099745,0.9981,0.588997,0.212669,-0.144207,0.9979,0.495208,0.286091,0.051238,0.9947,0.480737,0.294962,-0.269708,0.9965,0.706113,0.262871,0.083043,0.4525,0.694327,0.27223,-0.349595,0.9875,0.832956,0.157295,-0.030351,0.4543,0.84685,0.139528,-0.321726,0.9797,0.845743,0.116553,-0.038976,0.4579,0.879587,0.102183,-0.367224,0.9669,0.840761,0.104854,-0.068525,0.467,0.859317,0.090204,-0.35357,0.9615,0.834465,0.116088,-0.046552,0.4822,0.846913,0.100904,-0.321069,0.94,0.205572,0.538539,0.109167,0.9995,0.184176,0.553668,-0.107859,0.999,0.453774,0.668636,0.178765,0.4873,0.449355,0.673356,-0.065455,0.9949,0.365997,0.905323,0.282506,0.6487,0.358845,0.912554,0.057809,0.9897,0.322652,0.944333,0.288409,0.6243,0.315863,0.951686,0.064871,0.9694,0.478724,0.957653,0.27652,0.718,0.465757,0.960739,0.035269,0.9782
utkatasana_y107_0057,0.371575,0.330564,-0.239177,0.9978,0.391542,0.310567,-0.243293,0.9978,0.403583,0.309134,-0.242453,0.9981,0.416712,0.307529,-0.242774,0.9982,0.365159,0.313079,-0.220111,0.9973,0.358798,0.313288,-0.220861,0.9961,0.353816,0.31321,-0.220492,0.9959,0.450503,0.309985,-0.217958,0.9978,0.380832,0.31555,-0.125237,0.9955,0.407158,0.343377,-0.227693,0.9911,0.369965,0.345031,-0.200036,0.9892,0.554218,0.377766,-0.242569,0.9902,0.373942,0.39076,-0.040998,0.987,0.506472,0.236761,-0.378361,0.9977,0.298777,0.278142,0.004122,0.7269,0.497946,0.096872,-0.417446,0.9802,0.271031,0.149846,-0.083634,0.8672,0.496328,0.055172,-0.452169,0.9682,0.268188,0.118273,-0.099563,0.8244,0.491076,0.049839,-0.435458,0.9641,0.277665,0.11351,-0.104259,0.8202,0.483312,0.066387,-0.414302,0.9647,0.287272,0.120742,-0.092387,0.8348,0.616353,0.634655,-0.070674,0.9959,0.484823,0.638522,0.071922,0.996,0.46268,0.786354,-0.118286,0.9741,0.4026,0.784722,0.015093,0.8416,0.586264,0.926222,0.007487,0.9385,0.547243,0.923174,0.147331,0.7095,0.623195,0.94483,0.012539,0.8886,0.572333,0.942466,0.155249,0.6694,0.464548,0.969764,-0.058937,0.9144,0.442293,0.969529,0.094634,0.7076
utkatasana_y107_0058,0.606017,0.188628,-0.127434,0.9981,0.590955,0.168765,-0.117097,0.9982,0.588403,0.168551,-0.116358,0.9984,0.585525,0.168266,-0.116521,0.9985,0.587531,0.170197,-0.149403,0.9982,0.582497,0.171144,-0.150315,0.9983,0.576468,0.172188,-0.149761,0.9983,0.542109,0.183094,-0.042497,0.9984,0.535506,0.18638,-0.200143,0.998,0.594812,0.210931,-0.099745,0.9981,0.588997,0.212669,-0.144207,0.9979,0.495208,0.286091,0.051238,0.9947,0.480737,0.294962,-0.269708,0.9965,0.706113,0.262871,0.083043,0.4525,0.694327,0.27223,-0.349595,0.9875,0.832956,0.157295,-0.030351,0.4543,0.84685,0.139528,-0.321726,0.9797,0.845743,0.116553,-0.038976,0.4579,0.879587,0.102183,-0.367224,0.9669,0.840761,0.104854,-0.068525,0.467,0.859317,0.090204,-0.35357,0.9615,0.834465,0.116088,-0.046552,0.4822,0.846913,0.100904,-0.321069,0.94,0.205572,0.538539,0.109167,0.9995,0.184176,0.553668,-0.107859,0.999,0.453774,0.668636,0.178765,0.4873,0.449355,0.673356,-0.065455,0.9949,0.365997,0.905323,0.282506,0.6487,0.358845,0.912554,0.057809,0.9897,0.322652,0.944333,0.288409,0.6243,0.315863,0.951686,0.064871,0.9694,0.478724,0.957653,0.27652,0.718,0.465757,0.960739,0.035269,0.9782
utkatasana_y107_0059,0.572856,0.324564,-0.498843,0.9999,0.592597,0.303317,-0.488153,0.9999,0.603909,0.302364,-0.487326,0.9999,0.614116,0.301449,-0.486602,0.9998,0.559005,0.301693,-0.487903,0.9999,0.547191,0.299859,-0.488806,0.9999,0.535466,0.298208,-0.488558,0.9999,0.630413,0.297691,-0.375708,0.9998,0.514108,0.293825,-0.383718,0.9999,0.594363,0.335082,-0.455104,0.9997,0.550699,0.334166,-0.456595,0.9997,0.717967,0.33968,-0.331877,0.9977,0.421088,0.341297,-0.311884,0.999,0.809416,0.270723,-0.505077,0.9884,0.298612,0.272198,-0.45001,0.9972,0.857032,0.158907,-0.648094,0.9559,0.221284,0.14858,-0.607777,0.9932,0.868079,0.120008,-0.689219,0.9074,0.19156,0.107332,-0.6545,0.9789,0.848682,0.112974,-0.68192,0.9026,0.20748,0.096533,-0.635026,0.9772,0.841961,0.130986,-0.653982,0.902,0.224165,0.111949,-0.61145,0.9746,0.677433,0.537846,-0.002895,0.9995,0.492398,0.541524,0.004343,0.9996,0.708069,0.676835,-0.301291,0.977,0.414652,0.684104,-0.246496,0.9782,0.708613,0.841186,-0.118665,0.9589,0.430511,0.847698,-0.104391,0.9635,0.696931,0.854886,-0.105916,0.6528,0.445163,0.861441,-0.099209,0.7836,0.702981,0.911674,-0.230332,0.9262,0.414381,0.915191,-0.216382,0.9441
utkatasana_y107_0060,0.432061,0.30358,-0.113663,0.9953,0.461134,0.289296,-0.133349,0.9963,0.473534,0.288533,-0.132702,0.9967,0.487691,0.28768,-0.132839,0.9971,0.446366,0.288046,-0.101509,0.9943,0.447539,0.286445,-0.102164,0.9912,0.449671,0.284806,-0.102222,0.9914,0.549268,0.288282,-0.165706,0.9957,0.496913,0.28814,-0.034225,0.9936,0.472018,0.313346,-0.121965,0.9914,0.448965,0.312176,-0.082695,0.9835,0.72819,0.349592,-0.223043,0.9954,0.517691,0.345229,0.041149,0.9917,0.590156,0.245668,-0.366144,0.9968,0.329676,0.24806,0.125819,0.5581,0.537547,0.121563,-0.39514,0.9878,0.234908,0.128147,0.042719,0.8335,0.524398,0.089354,-0.431086,0.977,0.209308,0.096288,0.035059,0.8363,0.51764,0.085145,-0.412992,0.9747,0.243916,0.092049,0.021891,0.8342,0.513791,0.096317,-0.39023,0.9748,0.263384,0.101334,0.031143,0.8486,0.699698,0.614908,-0.083436,0.9955,0.526547,0.597136,0.084515,0.9966,0.353722,0.760031,-0.080958,0.8582,0.270589,0.726416,0.07902,0.4096,0.544565,0.90075,0.012704,0.7799,0.437591,0.859693,0.205325,0.1838,0.626998,0.93015,0.018437,0.8201,0.433966,0.885789,0.213892,0.3156,0.337731,0.9361,-0.021278,0.6988,0.282829,0.92071,0.183596,0.192
utkatasana_y107_0061,0.53774,0.295323,-0.036836,0.9979,0.532825,0.277396,-0.027278,0.998,0.531345,0.276338,-0.026459,0.9982,0.529742,0.274903,-0.026652,0.9984,0.53318,0.277658,-0.058324,0.998,0.532063,0.277065,-0.059167,0.998,0.53084,0.275981,-0.058705,0.998,0.515715,0.278855,0.034336,0.9986,0.51728,0.280349,-0.121342,0.9982,0.53142,0.308994,-0.013579,0.9963,0.531902,0.309606,-0.057102,0.9968,0.491712,0.344818,0.111414,0.9951,0.499537,0.344153,-0.185988,0.9972,0.538226,0.242311,0.178255,0.2666,0.547175,0.240758,-0.275593,0.98,0.569521,0.129602,0.047818,0.4066,0.578542,0.117873,-0.227591,0.9592,0.571452,0.097894,0.033455,0.5106,0.582112,0.08701,-0.258825,0.9462,0.570418,0.093791,0.009696,0.5166,0.578048,0.083322,-0.252217,0.9367,0.571649,0.102153,0.032537,0.5189,0.576634,0.094314,-0.224668,0.9169,0.421028,0.58544,0.119095,0.9991,0.420335,0.595804,-0.117728,0.999,0.50747,0.702331,0.176457,0.3065,0.511235,0.709664,-0.113914,0.9945,0.470229,0.883327,0.229252,0.4239,0.470821,0.89406,-0.026852,0.9807,0.456791,0.90859,0.229409,0.4398,0.455648,0.923499,-0.021972,0.9537,0.512681,0.923557,0.246657,0.5189,0.512572,0.931473,-0.02388,0.9572
utkatasana_y107_0063,0.59427,0.31675,-0.064363,0.9971,0.585119,0.303261,-0.054288,0.9968,0.58313,0.302957,-0.053665,0.9967,0.581117,0.302781,-0.053683,0.9974,0.583069,0.303467,-0.086679,0.9961,0.57968,0.303254,-0.087596,0.9958,0.576215,0.303189,-0.086999,0.9961,0.554716,0.310179,0.007643,0.9979,0.551823,0.311112,-0.151919,0.9947,0.58427,0.328842,-0.040499,0.9942,0.581493,0.328639,-0.08513,0.9934,0.514281,0.365802,0.088686,0.9946,0.522335,0.370083,-0.222894,0.9922,0.617753,0.277049,0.149046,0.3252,0.633912,0.278302,-0.32505,0.9829,0.688359,0.18481,0.040495,0.3933,0.703281,0.175282,-0.308938,0.9656,0.699261,0.161956,0.032326,0.4048,0.721538,0.152856,-0.345314,0.9452,0.692651,0.158673,0.002731,0.4071,0.714325,0.14771,-0.324755,0.934,0.688433,0.165601,0.021998,0.4401,0.706543,0.153799,-0.302441,0.9088,0.419296,0.577534,0.11548,0.9984,0.413833,0.590074,-0.114039,0.9975,0.580271,0.689328,0.153931,0.261,0.593256,0.696025,-0.104393,0.9803,0.487623,0.828591,0.227846,0.338,0.488521,0.833386,-0.002701,0.9463,0.452662,0.850667,0.231468,0.4062,0.453285,0.854978,0.003132,0.9108,0.593179,0.858601,0.230117,0.4528,0.589786,0.861226,-0.018349,0.9146
utkatasana_y107_0064,0.488364,0.310265,-0.128243,0.9958,0.486368,0.288261,-0.152595,0.9971,0.488997,0.286303,-0.151758,0.9973,0.491257,0.284819,-0.151744,0.9976,0.487139,0.28756,-0.119052,0.9964,0.49051,0.284928,-0.11969,0.9959,0.49354,0.282778,-0.119435,0.9957,0.52539,0.281055,-0.209934,0.9973,0.527448,0.277807,-0.070661,0.9942,0.510342,0.321225,-0.146404,0.9945,0.512091,0.321209,-0.105496,0.9913,0.599481,0.341389,-0.265317,0.9949,0.616955,0.315942,0.010484,0.985,0.411011,0.262623,-0.371048,0.9946,0.425423,0.252941,0.105541,0.1661,0.2496,0.149894,-0.344529,0.9819,0.283796,0.154216,0.029417,0.4454,0.224674,0.117717,-0.380935,0.9598,0.256959,0.114447,0.025322,0.5549,0.241338,0.108576,-0.365433,0.9543,0.261488,0.106351,0.004457,0.5578,0.24562,0.115029,-0.340084,0.96,0.261792,0.116526,0.014394,0.5724,0.777548,0.641102,-0.098844,0.9967,0.765358,0.610654,0.100039,0.9972,0.497142,0.745719,-0.087937,0.9647,0.511777,0.719618,0.120873,0.5102,0.675071,0.914859,0.016775,0.9659,0.664922,0.881953,0.242276,0.4594,0.720942,0.944921,0.026422,0.9616,0.711852,0.915138,0.251324,0.5077,0.551254,0.948653,0.045963,0.9324,0.548538,0.9276,0.269908,0.4601
utkatasana_y107_0065,0.619161,0.295918,-0.041912,0.9983,0.613423,0.279828,-0.033321,0.9982,0.610581,0.279132,-0.032566,0.9983,0.607696,0.278387,-0.032597,0.9982,0.608582,0.279099,-0.064975,0.9983,0.602465,0.278092,-0.065892,0.9983,0.596002,0.276991,-0.065202,0.9984,0.56058,0.280363,0.030505,0.9983,0.54974,0.279606,-0.127657,0.9984,0.599603,0.308479,-0.017903,0.9976,0.594447,0.307334,-0.062137,0.9978,0.492173,0.343041,0.117375,0.9954,0.479536,0.347383,-0.201756,0.9977,0.676775,0.281506,0.182557,0.4388,0.658498,0.280724,-0.288739,0.9874,0.787024,0.18142,0.081664,0.5103,0.79225,0.16019,-0.256043,0.9829,0.807654,0.150127,0.076214,0.5192,0.813976,0.130277,-0.294423,0.9686,0.801217,0.144159,0.049374,0.5207,0.801118,0.122492,-0.275507,0.9641,0.792545,0.154855,0.067539,0.5192,0.793995,0.132012,-0.251378,0.9537,0.250453,0.58127,0.117959,0.9987,0.224122,0.598468,-0.116607,0.998,0.530384,0.669258,0.179823,0.5521,0.534238,0.684228,-0.126778,0.9955,0.413503,0.8667,0.239333,0.6466,0.406215,0.888639,-0.02373,0.9861,0.370787,0.895655,0.240181,0.63,0.358154,0.914412,-0.015398,0.9581,0.535914,0.915974,0.245031,0.7006,0.530163,0.926904,-0.019603,0.9742
utkatasana_y107_0066,0.461103,0.259276,-0.021217,0.9997,0.468822,0.242301,-0.044453,0.9998,0.471523,0.242914,-0.04395,0.9998,0.474209,0.24359,-0.04374,0.9997,0.47107,0.240668,-0.010297,0.9998,0.47533,0.24003,-0.011176,0.9998,0.479823,0.239189,-0.010753,0.9998,0.514615,0.252448,-0.108515,0.9995,0.527869,0.245426,0.038742,0.9996,0.484608,0.277019,-0.040352,0.9992,0.486663,0.27564,0.002674,0.9992,0.579704,0.321676,-0.1667,0.9989,0.644833,0.311775,0.119279,0.9946,0.356875,0.22109,-0.265951,0.998,0.426131,0.224839,0.202571,0.3924,0.185778,0.106406,-0.224517,0.9948,0.270534,0.131448,0.09902,0.7217,0.143818,0.071038,-0.256393,0.9899,0.239163,0.099324,0.11034,0.792,0.165418,0.062518,-0.229063,0.987,0.244816,0.088967,0.081638,0.8015,0.17889,0.070211,-0.211773,0.9818,0.25137,0.100379,0.083618,0.8144,0.857813,0.589963,-0.10605,0.9971,0.89367,0.582134,0.10726,0.9979,0.542885,0.72229,-0.066149,0.9924,0.58573,0.710949,0.15392,0.4499,0.664844,0.920004,0.006231,0.9753,0.672812,0.912336,0.226049,0.4882,0.713074,0.950732,0.01047,0.9726,0.721007,0.944636,0.22799,0.6279,0.499753,0.966399,0.005363,0.9566,0.513128,0.958255,0.22856,0.5577
utkatasana_y107_0067,0.677601,0.289373,-0.044847,0.9967,0.657976,0.271918,-0.033774,0.9972,0.652449,0.271122,-0.033051,0.9975,0.646552,0.27013,-0.033117,0.9976,0.654107,0.271664,-0.066603,0.997,0.646623,0.270816,-0.06744,0.9969,0.639096,0.269833,-0.066915,0.9967,0.594214,0.272398,0.032249,0.998,0.591932,0.273964,-0.128675,0.9966,0.653469,0.303297,-0.019223,0.996,0.650052,0.302614,-0.064382,0.9954,0.513066,0.334868,0.113233,0.9928,0.51647,0.332126,-0.194598,0.9938,0.60841,0.228752,0.189728,0.3152,0.615847,0.218149,-0.293421,0.9851,0.688639,0.124891,0.086586,0.4854,0.721,0.091463,-0.27133,0.9684,0.693278,0.097915,0.074008,0.5134,0.725135,0.061214,-0.307196,0.9549,0.694018,0.094433,0.047469,0.5164,0.71763,0.058982,-0.285937,0.9471,0.692338,0.099219,0.071099,0.5116,0.710984,0.070231,-0.265298,0.9341,0.265081,0.570158,0.116737,0.9971,0.240295,0.57706,-0.115345,0.9949,0.502107,0.713738,0.166438,0.3138,0.515273,0.727281,-0.082641,0.9891,0.409965,0.878001,0.243576,0.4151,0.396519,0.89699,0.010089,0.9541,0.343756,0.914837,0.246614,0.4907,0.333347,0.92831,0.016052,0.9308,0.594625,0.917652,0.234777,0.4989,0.588776,0.927911,-0.009432,0.9175
utkatasana_y107_0068,0.591777,0.328215,-0.018579,0.9986,0.581906,0.309201,-0.010566,0.9986,0.578797,0.308829,-0.009658,0.9987,0.57554,0.30812,-0.009687,0.9988,0.578054,0.308753,-0.042451,0.9985,0.572321,0.308235,-0.043325,0.9984,0.566606,0.30744,-0.042761,0.9983,0.542477,0.314504,0.046161,0.9991,0.535571,0.315838,-0.112174,0.9986,0.575753,0.344787,0.003284,0.9987,0.572375,0.343664,-0.041426,0.9984,0.479871,0.384384,0.125439,0.9978,0.487359,0.384222,-0.178057,0.9989,0.620641,0.273194,0.204593,0.4054,0.645596,0.274701,-0.246938,0.9725,0.728252,0.142632,0.11062,0.565,0.759315,0.132397,-0.180254,0.9641,0.739719,0.104709,0.103834,0.6179,0.788801,0.085506,-0.213391,0.9475,0.739191,0.101247,0.079728,0.6202,0.777437,0.083554,-0.19844,0.9402,0.732888,0.11536,0.097278,0.6212,0.764112,0.101066,-0.175632,0.9273,0.230461,0.652544,0.119495,0.9997,0.222773,0.666673,-0.11823,0.9995,0.539981,0.701141,0.208012,0.3127,0.560427,0.714318,-0.114507,0.9911,0.400558,0.899237,0.276197,0.4323,0.396585,0.913635,0.005685,0.9622,0.351599,0.92861,0.279086,0.4136,0.348129,0.944061,0.017214,0.9095,0.524099,0.947451,0.310193,0.5042,0.520468,0.96262,0.053535,0.9326
utkatasana_y107_0069,0.725922,0.296083,-0.045106,0.9989,0.688498,0.284387,-0.02926,0.9987,0.683829,0.285513,-0.028563,0.9986,0.678382,0.286785,-0.028387,0.9989,0.685787,0.284357,-0.060323,0.9983,0.679684,0.285387,-0.06121,0.998,0.673207,0.286536,-0.060744,0.9984,0.624711,0.307657,0.049593,0.9993,0.632587,0.306705,-0.10191,0.9981,0.726341,0.315166,-0.017212,0.9971,0.720617,0.3142,-0.059441,0.9973,0.583589,0.384262,0.110259,0.9921,0.619947,0.37811,-0.158035,0.9911,0.566744,0.253158,0.153498,0.5317,0.584427,0.235432,-0.245643,0.987,0.464177,0.129903,0.074232,0.5325,0.478907,0.109152,-0.236971,0.965,0.408384,0.100503,0.062433,0.4931,0.429687,0.079787,-0.270047,0.9419,0.411782,0.095022,0.048572,0.4986,0.417649,0.077664,-0.261345,0.9349,0.428067,0.106134,0.063292,0.5155,0.428488,0.088185,-0.236191,0.922,0.290634,0.632558,0.121941,0.9969,0.293477,0.639181,-0.120926,0.993,0.630376,0.765011,0.157782,0.1335,0.657977,0.774872,-0.119361,0.9922,0.330092,0.934253,0.22211,0.198,0.325814,0.94196,-0.029989,0.938,0.251514,0.959029,0.224966,0.2881,0.243344,0.970445,-0.021561,0.87,0.534774,0.975928,0.242633,0.291,0.520608,0.977376,-0.017602,0.8882
utkatasana_y107_0071,0.456965,0.272336,-0.116317,0.9966,0.460948,0.256795,-0.138914,0.997,0.462652,0.255961,-0.138292,0.9972,0.46414,0.255337,-0.138071,0.9972,0.460806,0.256371,-0.105868,0.9963,0.462509,0.255082,-0.106523,0.9958,0.464031,0.253877,-0.106357,0.9961,0.481323,0.257374,-0.196945,0.9944,0.481085,0.255278,-0.057444,0.9953,0.468453,0.282111,-0.134434,0.9901,0.467402,0.281671,-0.092993,0.9854,0.527412,0.322565,-0.257044,0.9935,0.524457,0.307827,0.022803,0.9867,0.440872,0.231152,-0.3661,0.995,0.438709,0.221488,0.104142,0.4039,0.378308,0.12634,-0.351674,0.9811,0.375648,0.12837,0.015847,0.762,0.353617,0.095595,-0.38927,0.9668,0.355539,0.10086,0.020428,0.8145,0.357566,0.091503,-0.368401,0.9643,0.354619,0.093307,-0.00399,0.8198,0.366255,0.101902,-0.343912,0.9474,0.36278,0.104789,0.0017,0.8226,0.60771,0.588065,-0.102482,0.996,0.587352,0.566501,0.103772,0.9972,0.450629,0.690596,-0.079745,0.9654,0.4567,0.668095,0.139516,0.4693,0.538904,0.866957,0.012709,0.9535,0.535013,0.82685,0.261372,0.4101,0.567179,0.894025,0.01994,0.9576,0.55964,0.851247,0.269539,0.4936,0.45116,0.895879,0.02823,0.9313,0.457374,0.869498,0.285183,0.4491
utkatasana_y107_0072,0.642966,0.220547,-0.019708,0.9984,0.629657,0.20479,-0.010784,0.9985,0.626682,0.204473,-0.01005,0.9984,0.623463,0.204279,-0.010043,0.9987,0.626922,0.204856,-0.041789,0.9982,0.622154,0.204649,-0.042651,0.9981,0.617202,0.204698,-0.042083,0.9979,0.587324,0.213077,0.049008,0.9987,0.583238,0.213876,-0.104793,0.9973,0.630768,0.239133,0.003377,0.9957,0.627054,0.237784,-0.040025,0.9957,0.5358,0.287649,0.134363,0.9952,0.543926,0.287694,-0.175198,0.9947,0.692757,0.211141,0.199751,0.4336,0.711203,0.210388,-0.250393,0.9797,0.827124,0.133716,0.109927,0.4873,0.858354,0.117398,-0.212604,0.956,0.857269,0.112163,0.105865,0.4996,0.902681,0.093338,-0.251074,0.927,0.85816,0.10249,0.07662,0.5031,0.892,0.085035,-0.227152,0.9142,0.848214,0.110883,0.093852,0.5155,0.877419,0.092447,-0.205641,0.8918,0.340393,0.550611,0.114837,0.9989,0.323673,0.567255,-0.11342,0.9986,0.594822,0.659659,0.162551,0.3199,0.604459,0.676323,-0.109001,0.9863,0.445308,0.837785,0.233877,0.3933,0.445228,0.860518,-0.008835,0.9641,0.400536,0.858998,0.238038,0.4365,0.398178,0.881147,-0.000724,0.9246,0.550839,0.887009,0.25595,0.5152,0.555995,0.900661,0.014778,0.947
utkatasana_y107_0073,0.722432,0.317401,-0.024678,0.9977,0.70791,0.298078,-0.014788,0.9979,0.7039,0.297469,-0.013874,0.9981,0.699952,0.296864,-0.013715,0.9981,0.704701,0.297478,-0.045065,0.9978,0.698568,0.296361,-0.045823,0.9978,0.692568,0.295083,-0.045266,0.9977,0.658415,0.302601,0.044675,0.9983,0.654692,0.300443,-0.104922,0.9976,0.703583,0.333169,-0.001565,0.9971,0.70098,0.332062,-0.044,0.9966,0.593693,0.375439,0.115841,0.995,0.594663,0.357067,-0.16657,0.997,0.717429,0.254118,0.198966,0.5548,0.752563,0.235507,-0.233507,0.992,0.79765,0.138547,0.118986,0.6761,0.849321,0.098675,-0.173703,0.9856,0.804245,0.111737,0.108639,0.7006,0.87279,0.064873,-0.207266,0.9779,0.803816,0.109844,0.089542,0.7044,0.860024,0.061357,-0.188108,0.9745,0.804941,0.113809,0.106788,0.7032,0.845917,0.076978,-0.167622,0.9684,0.313792,0.631326,0.113711,0.9986,0.290233,0.626294,-0.112441,0.9976,0.628671,0.748163,0.141426,0.3648,0.606281,0.745585,-0.114111,0.9917,0.348655,0.890773,0.203258,0.4216,0.332411,0.906905,-0.025121,0.9721,0.280559,0.917825,0.20663,0.4584,0.26692,0.933396,-0.017764,0.9456,0.487149,0.944523,0.227576,0.5561,0.490069,0.959707,-0.001141,0.958
