image_id,pose,variant,source,split,quality,fault,licence,image,image_in_repo,detected,usable,failure,width,height
tadasana_y107_0001,tadasana,arms down,Y107,train,unlabelled,,not stated by the host (web photographs); included for research and education,data/datasets/yoga107/tadasana/001.jpg,True,True,True,,187,503
tadasana_y107_0002,tadasana,arms down,Y107,train,unlabelled,,not stated by the host (web photographs); included for research and education,data/datasets/yoga107/tadasana/002.jpg,True,True,True,,186,519
tadasana_y107_0003,tadasana,arms down,Y107,train,unlabelled,,not stated by the host (web photographs); included for research and education,data/datasets/yoga107/tadasana/003.jpg,True,True,True,,192,329
tadasana_y107_0004,tadasana,arms down,Y107,holdout,unlabelled,,not stated by the host (web photographs); included for research and education,data/datasets/yoga107/tadasana/004.jpg,True,False,False,no person detected,800,800
tadasana_y107_0005,tadasana,arms down,Y107,train,unlabelled,,not stated by the host (web photographs); included for research and education,data/datasets/yoga107/tadasana/005.jpg,True,False,False,no person detected,227,608
tadasana_y107_0006,tadasana,arms down,Y107,train,unlabelled,,not stated by the host (web photographs); included for research and education,data/datasets/yoga107/tadasana/006.jpg,True,True,True,,223,707
tadasana_y107_0007,tadasana,arms down,Y107,train,unlabelled,,not stated by the host (web photographs); included for research and education,data/datasets/yoga107/tadasana/007.jpg,True,True,True,,275,406
tadasana_y107_0008,tadasana,arms down,Y107,holdout,unlabelled,,not stated by the host (web photographs); included for research and education,data/datasets/yoga107/tadasana/008.jpg,True,True,True,,240,425
tadasana_y107_0009,tadasana,arms down,Y107,train,unlabelled,,not stated by the host (web photographs); included for research and education,data/datasets/yoga107/tadasana/009.jpg,True,True,True,,177,330
tadasana_y107_0010,tadasana,arms down,Y107,train,unlabelled,,not stated by the host (web photographs); included for research and education,data/datasets/yoga107/tadasana/010.jpg,True,True,True,,236,614
tadasana_y107_0011,tadasana,arms down,Y107,train,unlabelled,,not stated by the host (web photographs); included for research and education,data/datasets/yoga107/tadasana/011.jpg,True,True,True,,343,483
tadasana_y107_0012,tadasana,arms down,Y107,holdout,unlabelled,,not stated by the host (web photographs); included for research and education,data/datasets/yoga107/tadasana/012.jpg,True,False,False,no person detected,166,583
tadasana_y107_0013,tadasana,arms down,Y107,train,unlabelled,,not stated by the host (web photographs); included for research and education,data/datasets/yoga107/tadasana/013.jpg,True,True,True,,144,311
tadasana_y107_0014,tadasana,arms down,Y107,train,unlabelled,,not stated by the host (web photographs); included for research and education,data/datasets/yoga107/tadasana/014.jpg,True,False,False,no person detected,431,789
tadasana_y107_0015,tadasana,arms down,Y107,train,unlabelled,,not stated by the host (web photographs); included for research and education,data/datasets/yoga107/tadasana/015.jpg,True,True,True,,443,544
tadasana_y107_0016,tadasana,arms down,Y107,holdout,unlabelled,,not stated by the host (web photographs); included for research and education,data/datasets/yoga107/tadasana/016.jpg,True,True,True,,640,958
tadasana_y107_0017,tadasana,arms down,Y107,train,unlabelled,,not stated by the host (web photographs); included for research and education,data/datasets/yoga107/tadasana/017.jpg,True,True,True,,169,413
tadasana_y107_0018,tadasana,arms down,Y107,train,unlabelled,,not stated by the host (web photographs); included for research and education,data/datasets/yoga107/tadasana/018.jpg,True,True,True,,370,505
tadasana_y107_0019,tadasana,arms down,Y107,train,unlabelled,,not stated by the host (web photographs); included for research and education,data/datasets/yoga107/tadasana/019.jpg,True,False,False,no person detected,300,851
tadasana_y107_0020,tadasana,arms down,Y107,holdout,unlabelled,,not stated by the host (web photographs); included for research and education,data/datasets/yoga107/tadasana/020.jpg,True,False,False,no person detected,300,995
tadasana_y107_0021,tadasana,arms down,Y107,train,unlabelled,,not stated by the host (web photographs); included for research and education,data/datasets/yoga107/tadasana/021.jpg,True,True,True,,244,430
tadasana_y107_0022,tadasana,arms down,Y107,train,unlabelled,,not stated by the host (web photographs); included for research and education,data/datasets/yoga107/tadasana/022.jpg,True,True,True,,327,426
tadasana_y107_0023,tadasana,arms down,Y107,train,unlabelled,,not stated by the host (web photographs); included for research and education,data/datasets/yoga107/tadasana/023.jpg,True,True,True,,243,757
tadasana_y107_0024,tadasana,arms down,Y107,holdout,unlabelled,,not stated by the host (web photographs); included for research and education,data/datasets/yoga107/tadasana/024.jpg,True,True,True,,166,662
tadasana_y107_0025,tadasana,arms down,Y107,train,unlabelled,,not stated by the host (web photographs); included for research and education,data/datasets/yoga107/tadasana/025.jpg,True,True,True,,143,330
tadasana_y107_0026,tadasana,arms down,Y107,train,unlabelled,,not stated by the host (web photographs); included for research and education,data/datasets/yoga107/tadasana/026.jpg,True,True,True,,130,297
tadasana_y107_0027,tadasana,arms down,Y107,train,unlabelled,,not stated by the host (web photographs); included for research and education,data/datasets/yoga107/tadasana/027.jpg,True,True,True,,115,242
tadasana_y107_0028,tadasana,arms down,Y107,holdout,unlabelled,,not stated by the host (web photographs); included for research and education,data/datasets/yoga107/tadasana/028.jpg,True,True,True,,567,567
tadasana_y107_0029,tadasana,arms down,Y107,train,unlabelled,,not stated by the host (web photographs); included for research and education,data/datasets/yoga107/tadasana/029.jpg,True,True,True,,327,640
tadasana_y107_0030,tadasana,arms down,Y107,train,unlabelled,,not stated by the host (web photographs); included for research and education,data/datasets/yoga107/tadasana/030.jpg,True,False,False,no person detected,158,494
tadasana_y107_0031,tadasana,arms down,Y107,train,unlabelled,,not stated by the host (web photographs); included for research and education,data/datasets/yoga107/tadasana/031.jpg,True,False,False,no person detected,232,665
tadasana_y107_0032,tadasana,arms down,Y107,holdout,unlabelled,,not stated by the host (web photographs); included for research and education,data/datasets/yoga107/tadasana/032.jpg,True,True,True,,203,550
tadasana_y107_0033,tadasana,arms down,Y107,train,unlabelled,,not stated by the host (web photographs); included for research and education,data/datasets/yoga107/tadasana/033.jpg,True,True,True,,1000,667
tadasana_y107_0034,tadasana,arms down,Y107,train,unlabelled,,not stated by the host (web photographs); included for research and education,data/datasets/yoga107/tadasana/034.jpg,True,False,False,no person detected,175,656
tadasana_y107_0035,tadasana,arms down,Y107,train,unlabelled,,not stated by the host (web photographs); included for research and education,data/datasets/yoga107/tadasana/035.jpg,True,True,True,,169,441
tadasana_y107_0036,tadasana,arms down,Y107,holdout,unlabelled,,not stated by the host (web photographs); included for research and education,data/datasets/yoga107/tadasana/036.jpg,True,True,True,,296,444
tadasana_y107_0037,tadasana,arms down,Y107,train,unlabelled,,not stated by the host (web photographs); included for research and education,data/datasets/yoga107/tadasana/037.jpg,True,True,True,,148,400
tadasana_y107_0038,tadasana,arms down,Y107,train,unlabelled,,not stated by the host (web photographs); included for research and education,data/datasets/yoga107/tadasana/038.jpg,True,True,True,,118,313
tadasana_y107_0039,tadasana,arms down,Y107,train,unlabelled,,not stated by the host (web photographs); included for research and education,data/datasets/yoga107/tadasana/039.jpg,True,True,True,,102,268
tadasana_y107_0040,tadasana,arms down,Y107,holdout,unlabelled,,not stated by the host (web photographs); included for research and education,data/datasets/yoga107/tadasana/040.jpg,True,True,True,,330,399
tadasana_y107_0041,tadasana,arms down,Y107,train,unlabelled,,not stated by the host (web photographs); included for research and education,data/datasets/yoga107/tadasana/041.jpg,True,True,True,,120,295
tadasana_y107_0042,tadasana,arms down,Y107,train,unlabelled,,not stated by the host (web photographs); included for research and education,data/datasets/yoga107/tadasana/042.jpg,True,True,True,,122,456
tadasana_y107_0043,tadasana,arms down,Y107,train,unlabelled,,not stated by the host (web photographs); included for research and education,data/datasets/yoga107/tadasana/043.jpg,True,True,True,,353,825
tadasana_y107_0044,tadasana,arms down,Y107,holdout,unlabelled,,not stated by the host (web photographs); included for research and education,data/datasets/yoga107/tadasana/044.jpg,True,True,True,,176,808
tadasana_y107_0045,tadasana,arms down,Y107,train,unlabelled,,not stated by the host (web photographs); included for research and education,data/datasets/yoga107/tadasana/045.jpg,True,False,False,no person detected,353,581
tadasana_y107_0046,tadasana,arms down,Y107,train,unlabelled,,not stated by the host (web photographs); included for research and education,data/datasets/yoga107/tadasana/046.jpg,True,True,True,,190,549
tadasana_y107_0047,tadasana,arms down,Y107,train,unlabelled,,not stated by the host (web photographs); included for research and education,data/datasets/yoga107/tadasana/047.jpg,True,True,True,,204,437
tadasana_y107_0048,tadasana,arms down,Y107,holdout,unlabelled,,not stated by the host (web photographs); included for research and education,data/datasets/yoga107/tadasana/048.jpg,True,True,True,,354,1024
tadasana_y107_0049,tadasana,arms down,Y107,train,unlabelled,,not stated by the host (web photographs); included for research and education,data/datasets/yoga107/tadasana/049.jpg,True,True,True,,207,263
tadasana_y107_0050,tadasana,arms down,Y107,train,unlabelled,,not stated by the host (web photographs); included for research and education,data/datasets/yoga107/tadasana/050.jpg,True,True,True,,136,567
tadasana_y107_0051,tadasana,arms down,Y107,train,unlabelled,,not stated by the host (web photographs); included for research and education,data/datasets/yoga107/tadasana/051.jpg,True,True,True,,277,536
tadasana_y107_0052,tadasana,arms down,Y107,holdout,unlabelled,,not stated by the host (web photographs); included for research and education,data/datasets/yoga107/tadasana/052.jpg,True,True,True,,364,449
tadasana_y107_0053,tadasana,arms down,Y107,train,unlabelled,,not stated by the host (web photographs); included for research and education,data/datasets/yoga107/tadasana/053.jpg,True,True,True,,129,281
tadasana_y107_0054,tadasana,arms down,Y107,train,unlabelled,,not stated by the host (web photographs); included for research and education,data/datasets/yoga107/tadasana/054.jpg,True,True,True,,578,1024
tadasana_y107_0055,tadasana,arms down,Y107,train,unlabelled,,not stated by the host (web photographs); included for research and education,data/datasets/yoga107/tadasana/055.jpg,True,True,True,,157,301
tadasana_y107_0056,tadasana,arms down,Y107,holdout,unlabelled,,not stated by the host (web photographs); included for research and education,data/datasets/yoga107/tadasana/056.jpg,True,False,False,no person detected,400,426
tadasana_y107_0057,tadasana,arms up,Y107,train,unlabelled,,not stated by the host (web photographs); included for research and education,data/datasets/yoga107/urdhva_hastasana/001.jpg,True,True,True,,134,573
tadasana_y107_0058,tadasana,arms up,Y107,train,unlabelled,,not stated by the host (web photographs); included for research and education,data/datasets/yoga107/urdhva_hastasana/002.jpg,True,False,False,no person detected,89,491
tadasana_y107_0059,tadasana,arms up,Y107,train,unlabelled,,not stated by the host (web photographs); included for research and education,data/datasets/yoga107/urdhva_hastasana/003.jpg,True,True,True,,112,419
tadasana_y107_0060,tadasana,arms up,Y107,holdout,unlabelled,,not stated by the host (web photographs); included for research and education,data/datasets/yoga107/urdhva_hastasana/004.jpg,True,True,True,,243,302
tadasana_y107_0061,tadasana,arms up,Y107,train,unlabelled,,not stated by the host (web photographs); included for research and education,data/datasets/yoga107/urdhva_hastasana/005.jpg,True,True,True,,148,688
tadasana_y107_0062,tadasana,arms up,Y107,train,unlabelled,,not stated by the host (web photographs); included for research and education,data/datasets/yoga107/urdhva_hastasana/006.jpg,True,False,False,no person detected,100,554
tadasana_y107_0063,tadasana,arms up,Y107,train,unlabelled,,not stated by the host (web photographs); included for research and education,data/datasets/yoga107/urdhva_hastasana/007.jpg,True,True,True,,115,635
tadasana_y107_0064,tadasana,arms up,Y107,holdout,unlabelled,,not stated by the host (web photographs); included for research and education,data/datasets/yoga107/urdhva_hastasana/008.jpg,True,True,True,,113,428
tadasana_y107_0065,tadasana,arms up,Y107,train,unlabelled,,not stated by the host (web photographs); included for research and education,data/datasets/yoga107/urdhva_hastasana/009.jpg,True,True,True,,336,558
tadasana_y107_0066,tadasana,arms up,Y107,train,unlabelled,,not stated by the host (web photographs); included for research and education,data/datasets/yoga107/urdhva_hastasana/010.jpg,True,True,True,,66,350
tadasana_y107_0067,tadasana,arms up,Y107,train,unlabelled,,not stated by the host (web photographs); included for research and education,data/datasets/yoga107/urdhva_hastasana/011.jpg,True,True,True,,147,731
tadasana_y107_0068,tadasana,arms up,Y107,holdout,unlabelled,,not stated by the host (web photographs); included for research and education,data/datasets/yoga107/urdhva_hastasana/012.jpg,True,True,True,,150,492
tadasana_y107_0069,tadasana,arms up,Y107,train,unlabelled,,not stated by the host (web photographs); included for research and education,data/datasets/yoga107/urdhva_hastasana/013.jpg,True,True,True,,50,207
tadasana_y107_0070,tadasana,arms up,Y107,train,unlabelled,,not stated by the host (web photographs); included for research and education,data/datasets/yoga107/urdhva_hastasana/014.jpg,True,True,True,,189,473
tadasana_y107_0071,tadasana,arms up,Y107,train,unlabelled,,not stated by the host (web photographs); included for research and education,data/datasets/yoga107/urdhva_hastasana/015.jpg,True,True,True,,153,658
tadasana_y107_0072,tadasana,arms up,Y107,holdout,unlabelled,,not stated by the host (web photographs); included for research and education,data/datasets/yoga107/urdhva_hastasana/016.jpg,True,True,True,,70,281
tadasana_y107_0073,tadasana,arms up,Y107,train,unlabelled,,not stated by the host (web photographs); included for research and education,data/datasets/yoga107/urdhva_hastasana/017.jpg,True,True,True,,121,474
tadasana_y107_0074,tadasana,arms up,Y107,train,unlabelled,,not stated by the host (web photographs); included for research and education,data/datasets/yoga107/urdhva_hastasana/018.jpg,True,True,True,,70,306
tadasana_y107_0075,tadasana,arms up,Y107,train,unlabelled,,not stated by the host (web photographs); included for research and education,data/datasets/yoga107/urdhva_hastasana/019.jpg,True,True,True,,91,484
tadasana_y107_0076,tadasana,arms up,Y107,holdout,unlabelled,,not stated by the host (web photographs); included for research and education,data/datasets/yoga107/urdhva_hastasana/020.jpg,True,True,True,,175,944
tadasana_y107_0077,tadasana,arms up,Y107,train,unlabelled,,not stated by the host (web photographs); included for research and education,data/datasets/yoga107/urdhva_hastasana/021.jpg,True,True,True,,87,385
tadasana_y107_0078,tadasana,arms up,Y107,train,unlabelled,,not stated by the host (web photographs); included for research and education,data/datasets/yoga107/urdhva_hastasana/022.jpg,True,True,True,,174,583
tadasana_y107_0079,tadasana,arms up,Y107,train,unlabelled,,not stated by the host (web photographs); included for research and education,data/datasets/yoga107/urdhva_hastasana/023.jpg,True,True,True,,159,664
tadasana_y107_0080,tadasana,arms up,Y107,holdout,unlabelled,,not stated by the host (web photographs); included for research and education,data/datasets/yoga107/urdhva_hastasana/024.jpg,True,False,False,no person detected,80,475
tadasana_y107_0081,tadasana,arms up,Y107,train,unlabelled,,not stated by the host (web photographs); included for research and education,data/datasets/yoga107/urdhva_hastasana/025.jpg,True,True,True,,63,489
tadasana_y107_0082,tadasana,arms up,Y107,train,unlabelled,,not stated by the host (web photographs); included for research and education,data/datasets/yoga107/urdhva_hastasana/026.jpg,True,True,True,,234,515
tadasana_y107_0083,tadasana,arms up,Y107,train,unlabelled,,not stated by the host (web photographs); included for research and education,data/datasets/yoga107/urdhva_hastasana/027.jpg,True,True,True,,79,299
tadasana_y107_0084,tadasana,arms up,Y107,holdout,unlabelled,,not stated by the host (web photographs); included for research and education,data/datasets/yoga107/urdhva_hastasana/028.jpg,True,True,True,,115,611
tadasana_y107_0085,tadasana,arms up,Y107,train,unlabelled,,not stated by the host (web photographs); included for research and education,data/datasets/yoga107/urdhva_hastasana/029.jpg,True,True,True,,52,184
tadasana_y107_0086,tadasana,arms up,Y107,train,unlabelled,,not stated by the host (web photographs); included for research and education,data/datasets/yoga107/urdhva_hastasana/030.jpg,True,True,True,,81,396
tadasana_y107_0087,tadasana,arms up,Y107,train,unlabelled,,not stated by the host (web photographs); included for research and education,data/datasets/yoga107/urdhva_hastasana/031.jpg,True,True,True,,160,678
tadasana_y107_0088,tadasana,arms up,Y107,holdout,unlabelled,,not stated by the host (web photographs); included for research and education,data/datasets/yoga107/urdhva_hastasana/032.jpg,True,True,True,,363,843
tadasana_y107_0089,tadasana,arms up,Y107,train,unlabelled,,not stated by the host (web photographs); included for research and education,data/datasets/yoga107/urdhva_hastasana/033.jpg,True,True,True,,98,466
tadasana_y107_0090,tadasana,arms up,Y107,train,unlabelled,,not stated by the host (web photographs); included for research and education,data/datasets/yoga107/urdhva_hastasana/034.jpg,True,True,True,,628,720
tadasana_y107_0091,tadasana,arms up,Y107,train,unlabelled,,not stated by the host (web photographs); included for research and education,data/datasets/yoga107/urdhva_hastasana/035.jpg,True,True,True,,84,297
tadasana_y107_0092,tadasana,arms up,Y107,holdout,unlabelled,,not stated by the host (web photographs); included for research and education,data/datasets/yoga107/urdhva_hastasana/036.jpg,True,True,True,,94,401
tadasana_y107_0093,tadasana,arms up,Y107,train,unlabelled,,not stated by the host (web photographs); included for research and education,data/datasets/yoga107/urdhva_hastasana/037.jpg,True,True,True,,83,283
tadasana_y107_0094,tadasana,arms up,Y107,train,unlabelled,,not stated by the host (web photographs); included for research and education,data/datasets/yoga107/urdhva_hastasana/038.jpg,True,True,True,,181,621
tadasana_y107_0095,tadasana,arms up,Y107,train,unlabelled,,not stated by the host (web photographs); included for research and education,data/datasets/yoga107/urdhva_hastasana/039.jpg,True,True,True,,261,765
tadasana_y107_0096,tadasana,arms up,Y107,holdout,unlabelled,,not stated by the host (web photographs); included for research and education,data/datasets/yoga107/urdhva_hastasana/040.jpg,True,True,True,,209,478
tadasana_y107_0097,tadasana,arms up,Y107,train,unlabelled,,not stated by the host (web photographs); included for research and education,data/datasets/yoga107/urdhva_hastasana/041.jpg,True,True,True,,127,567
tadasana_y107_0098,tadasana,arms up,Y107,train,unlabelled,,not stated by the host (web photographs); included for research and education,data/datasets/yoga107/urdhva_hastasana/042.jpg,True,True,True,,116,465
tadasana_y107_0099,tadasana,arms up,Y107,train,unlabelled,,not stated by the host (web photographs); included for research and education,data/datasets/yoga107/urdhva_hastasana/043.jpg,True,True,True,,600,600
tadasana_y107_0100,tadasana,arms up,Y107,holdout,unlabelled,,not stated by the host (web photographs); included for research and education,data/datasets/yoga107/urdhva_hastasana/044.jpg,True,True,True,,296,699
tadasana_y107_0101,tadasana,arms up,Y107,train,unlabelled,,not stated by the host (web photographs); included for research and education,data/datasets/yoga107/urdhva_hastasana/045.jpg,True,True,True,,190,951
tadasana_y107_0102,tadasana,arms up,Y107,train,unlabelled,,not stated by the host (web photographs); included for research and education,data/datasets/yoga107/urdhva_hastasana/046.jpg,True,True,True,,157,473
tadasana_y107_0103,tadasana,arms up,Y107,train,unlabelled,,not stated by the host (web photographs); included for research and education,data/datasets/yoga107/urdhva_hastasana/047.jpg,True,True,True,,68,353
tadasana_zen_0001,tadasana,step 1,ZEN,external,right,,CC BY 4.0,data/datasets/yoga_for_all/tadasana/right/step_1/20230312_104028.jpg,True,True,True,,472,1024
tadasana_zen_0002,tadasana,step 1,ZEN,external,right,,CC BY 4.0,data/datasets/yoga_for_all/tadasana/right/step_1/20230312_104034(0).jpg,True,True,True,,472,1024
tadasana_zen_0003,tadasana,step 1,ZEN,external,right,,CC BY 4.0,data/datasets/yoga_for_all/tadasana/right/step_1/20230312_104039(0).jpg,True,True,True,,472,1024
tadasana_zen_0004,tadasana,step 1,ZEN,external,right,,CC BY 4.0,data/datasets/yoga_for_all/tadasana/right/step_1/20230312_104043.jpg,True,True,True,,472,1024
tadasana_zen_0005,tadasana,step 1,ZEN,external,right,,CC BY 4.0,data/datasets/yoga_for_all/tadasana/right/step_1/20230312_104051.jpg,True,True,True,,472,1024
tadasana_zen_0006,tadasana,step 1,ZEN,external,right,,CC BY 4.0,data/datasets/yoga_for_all/tadasana/right/step_1/20230312_104059.jpg,True,True,True,,472,1024
tadasana_zen_0007,tadasana,step 1,ZEN,external,right,,CC BY 4.0,data/datasets/yoga_for_all/tadasana/right/step_1/20230312_104106.jpg,True,True,True,,472,1024
tadasana_zen_0008,tadasana,step 1,ZEN,external,right,,CC BY 4.0,data/datasets/yoga_for_all/tadasana/right/step_1/20230312_104113.jpg,True,True,True,,472,1024
tadasana_zen_0009,tadasana,step 1,ZEN,external,right,,CC BY 4.0,data/datasets/yoga_for_all/tadasana/right/step_1/20230312_104122.jpg,True,True,True,,472,1024
tadasana_zen_0010,tadasana,step 1,ZEN,external,right,,CC BY 4.0,data/datasets/yoga_for_all/tadasana/right/step_1/20230312_104127(0).jpg,True,True,True,,472,1024
tadasana_zen_0011,tadasana,step 1,ZEN,external,right,,CC BY 4.0,data/datasets/yoga_for_all/tadasana/right/step_1/20230312_104132(0).jpg,True,True,True,,472,1024
tadasana_zen_0012,tadasana,step 1,ZEN,external,right,,CC BY 4.0,data/datasets/yoga_for_all/tadasana/right/step_1/20230312_104139.jpg,True,True,True,,472,1024
tadasana_zen_0013,tadasana,step 1,ZEN,external,right,,CC BY 4.0,data/datasets/yoga_for_all/tadasana/right/step_1/20230312_104151.jpg,True,True,True,,472,1024
tadasana_zen_0014,tadasana,step 1,ZEN,external,right,,CC BY 4.0,data/datasets/yoga_for_all/tadasana/right/step_1/20230312_104200.jpg,True,True,True,,472,1024
tadasana_zen_0015,tadasana,step 1,ZEN,external,right,,CC BY 4.0,data/datasets/yoga_for_all/tadasana/right/step_1/20230312_104211.jpg,True,True,True,,472,1024
tadasana_zen_0016,tadasana,step 1,ZEN,external,right,,CC BY 4.0,data/datasets/yoga_for_all/tadasana/right/step_1/20230312_104222.jpg,True,True,True,,472,1024
tadasana_zen_0017,tadasana,step 1,ZEN,external,right,,CC BY 4.0,data/datasets/yoga_for_all/tadasana/right/step_1/20230312_104231.jpg,True,True,True,,472,1024
tadasana_zen_0018,tadasana,step 1,ZEN,external,right,,CC BY 4.0,data/datasets/yoga_for_all/tadasana/right/step_1/20230312_104239.jpg,True,True,True,,472,1024
tadasana_zen_0019,tadasana,step 1,ZEN,external,right,,CC BY 4.0,data/datasets/yoga_for_all/tadasana/right/step_1/20230312_104250(0).jpg,True,True,True,,472,1024
tadasana_zen_0020,tadasana,step 1,ZEN,external,right,,CC BY 4.0,data/datasets/yoga_for_all/tadasana/right/step_1/20230312_104255.jpg,True,True,True,,472,1024
tadasana_zen_0021,tadasana,step 1,ZEN,external,right,,CC BY 4.0,data/datasets/yoga_for_all/tadasana/right/step_1/20230312_104307(0).jpg,True,True,True,,472,1024
tadasana_zen_0022,tadasana,step 1,ZEN,external,right,,CC BY 4.0,data/datasets/yoga_for_all/tadasana/right/step_1/20230312_104319.jpg,True,True,True,,472,1024
tadasana_zen_0023,tadasana,step 1,ZEN,external,right,,CC BY 4.0,data/datasets/yoga_for_all/tadasana/right/step_1/20230312_104328.jpg,True,True,True,,472,1024
tadasana_zen_0024,tadasana,step 1,ZEN,external,right,,CC BY 4.0,data/datasets/yoga_for_all/tadasana/right/step_1/20230312_104335.jpg,True,True,True,,472,1024
tadasana_zen_0025,tadasana,step 2,ZEN,external,right,,CC BY 4.0,data/datasets/yoga_for_all/tadasana/right/step_2/20230312_105046(0).jpg,True,True,True,,472,1024
tadasana_zen_0026,tadasana,step 2,ZEN,external,right,,CC BY 4.0,data/datasets/yoga_for_all/tadasana/right/step_2/20230312_105048.jpg,True,True,True,,472,1024
tadasana_zen_0027,tadasana,step 2,ZEN,external,right,,CC BY 4.0,data/datasets/yoga_for_all/tadasana/right/step_2/20230312_105052(0).jpg,True,True,True,,472,1024
tadasana_zen_0028,tadasana,step 2,ZEN,external,right,,CC BY 4.0,data/datasets/yoga_for_all/tadasana/right/step_2/20230312_105055.jpg,True,True,True,,472,1024
tadasana_zen_0029,tadasana,step 2,ZEN,external,right,,CC BY 4.0,data/datasets/yoga_for_all/tadasana/right/step_2/20230312_105058.jpg,True,True,True,,472,1024
tadasana_zen_0030,tadasana,step 2,ZEN,external,right,,CC BY 4.0,data/datasets/yoga_for_all/tadasana/right/step_2/20230312_105101.jpg,True,True,True,,472,1024
tadasana_zen_0031,tadasana,step 2,ZEN,external,right,,CC BY 4.0,data/datasets/yoga_for_all/tadasana/right/step_2/20230312_105105(0).jpg,True,True,True,,472,1024
tadasana_zen_0032,tadasana,step 2,ZEN,external,right,,CC BY 4.0,data/datasets/yoga_for_all/tadasana/right/step_2/20230312_105108.jpg,True,True,True,,472,1024
tadasana_zen_0033,tadasana,step 2,ZEN,external,right,,CC BY 4.0,data/datasets/yoga_for_all/tadasana/right/step_2/20230312_105111.jpg,True,True,True,,472,1024
tadasana_zen_0034,tadasana,step 2,ZEN,external,right,,CC BY 4.0,data/datasets/yoga_for_all/tadasana/right/step_2/20230312_105114.jpg,True,True,True,,472,1024
tadasana_zen_0035,tadasana,step 2,ZEN,external,right,,CC BY 4.0,data/datasets/yoga_for_all/tadasana/right/step_2/20230312_105121.jpg,True,True,True,,472,1024
tadasana_zen_0036,tadasana,step 2,ZEN,external,right,,CC BY 4.0,data/datasets/yoga_for_all/tadasana/right/step_2/20230312_105125(0).jpg,True,True,True,,472,1024
tadasana_zen_0037,tadasana,step 2,ZEN,external,right,,CC BY 4.0,data/datasets/yoga_for_all/tadasana/right/step_2/20230312_105132.jpg,True,True,True,,472,1024
tadasana_zen_0038,tadasana,step 2,ZEN,external,right,,CC BY 4.0,data/datasets/yoga_for_all/tadasana/right/step_2/20230312_105139.jpg,True,True,True,,472,1024
tadasana_zen_0039,tadasana,step 2,ZEN,external,right,,CC BY 4.0,data/datasets/yoga_for_all/tadasana/right/step_2/20230312_105144(0).jpg,True,True,True,,472,1024
tadasana_zen_0040,tadasana,step 2,ZEN,external,right,,CC BY 4.0,data/datasets/yoga_for_all/tadasana/right/step_2/20230312_105147.jpg,True,True,True,,472,1024
tadasana_zen_0041,tadasana,step 2,ZEN,external,right,,CC BY 4.0,data/datasets/yoga_for_all/tadasana/right/step_2/20230312_105155.jpg,True,True,True,,472,1024
tadasana_zen_0042,tadasana,step 2,ZEN,external,right,,CC BY 4.0,data/datasets/yoga_for_all/tadasana/right/step_2/20230312_105158.jpg,True,True,True,,472,1024
tadasana_zen_0043,tadasana,step 2,ZEN,external,right,,CC BY 4.0,data/datasets/yoga_for_all/tadasana/right/step_2/20230312_105202(0).jpg,True,True,True,,472,1024
tadasana_zen_0044,tadasana,step 2,ZEN,external,right,,CC BY 4.0,data/datasets/yoga_for_all/tadasana/right/step_2/20230312_105206.jpg,True,True,True,,472,1024
tadasana_zen_0045,tadasana,step 2,ZEN,external,right,,CC BY 4.0,data/datasets/yoga_for_all/tadasana/right/step_2/20230312_105210.jpg,True,True,True,,472,1024
tadasana_zen_0046,tadasana,step 2,ZEN,external,right,,CC BY 4.0,data/datasets/yoga_for_all/tadasana/right/step_2/20230312_105213.jpg,True,True,True,,472,1024
tadasana_zen_0047,tadasana,step 2,ZEN,external,right,,CC BY 4.0,data/datasets/yoga_for_all/tadasana/right/step_2/20230312_105217(0).jpg,True,True,True,,472,1024
tadasana_zen_0048,tadasana,step 2,ZEN,external,right,,CC BY 4.0,data/datasets/yoga_for_all/tadasana/right/step_2/20230312_105220.jpg,True,True,True,,472,1024
tadasana_zen_0049,tadasana,step 3,ZEN,external,right,,CC BY 4.0,data/datasets/yoga_for_all/tadasana/right/step_3/20230312_105802.jpg,True,True,True,,472,1024
tadasana_zen_0050,tadasana,step 3,ZEN,external,right,,CC BY 4.0,data/datasets/yoga_for_all/tadasana/right/step_3/20230312_105806(1).jpg,True,True,True,,472,1024
tadasana_zen_0051,tadasana,step 3,ZEN,external,right,,CC BY 4.0,data/datasets/yoga_for_all/tadasana/right/step_3/20230312_105810.jpg,True,True,True,,472,1024
tadasana_zen_0052,tadasana,step 3,ZEN,external,right,,CC BY 4.0,data/datasets/yoga_for_all/tadasana/right/step_3/20230312_105817.jpg,True,True,True,,472,1024
tadasana_zen_0053,tadasana,step 3,ZEN,external,right,,CC BY 4.0,data/datasets/yoga_for_all/tadasana/right/step_3/20230312_105821.jpg,True,True,True,,472,1024
tadasana_zen_0054,tadasana,step 3,ZEN,external,right,,CC BY 4.0,data/datasets/yoga_for_all/tadasana/right/step_3/20230312_105826.jpg,True,True,True,,472,1024
tadasana_zen_0055,tadasana,step 3,ZEN,external,right,,CC BY 4.0,data/datasets/yoga_for_all/tadasana/right/step_3/20230312_105832.jpg,True,True,True,,472,1024
tadasana_zen_0056,tadasana,step 3,ZEN,external,right,,CC BY 4.0,data/datasets/yoga_for_all/tadasana/right/step_3/20230312_105840.jpg,True,True,True,,472,1024
tadasana_zen_0057,tadasana,step 3,ZEN,external,right,,CC BY 4.0,data/datasets/yoga_for_all/tadasana/right/step_3/20230312_105952(0).jpg,True,True,True,,472,1024
tadasana_zen_0058,tadasana,step 3,ZEN,external,right,,CC BY 4.0,data/datasets/yoga_for_all/tadasana/right/step_3/20230312_105955.jpg,True,True,True,,472,1024
tadasana_zen_0059,tadasana,step 3,ZEN,external,right,,CC BY 4.0,data/datasets/yoga_for_all/tadasana/right/step_3/20230312_110001.jpg,True,True,True,,472,1024
tadasana_zen_0060,tadasana,step 3,ZEN,external,right,,CC BY 4.0,data/datasets/yoga_for_all/tadasana/right/step_3/20230312_110005(0).jpg,True,True,True,,472,1024
tadasana_zen_0061,tadasana,step 3,ZEN,external,right,,CC BY 4.0,data/datasets/yoga_for_all/tadasana/right/step_3/20230312_110023.jpg,True,True,True,,472,1024
tadasana_zen_0062,tadasana,step 3,ZEN,external,right,,CC BY 4.0,data/datasets/yoga_for_all/tadasana/right/step_3/20230312_110027.jpg,True,True,True,,472,1024
tadasana_zen_0063,tadasana,step 3,ZEN,external,right,,CC BY 4.0,data/datasets/yoga_for_all/tadasana/right/step_3/20230312_110046(0).jpg,True,True,True,,472,1024
tadasana_zen_0064,tadasana,step 3,ZEN,external,right,,CC BY 4.0,data/datasets/yoga_for_all/tadasana/right/step_3/20230312_110050(0).jpg,True,True,True,,472,1024
tadasana_zen_0065,tadasana,step 3,ZEN,external,right,,CC BY 4.0,data/datasets/yoga_for_all/tadasana/right/step_3/20230312_110053.jpg,True,True,True,,472,1024
tadasana_zen_0066,tadasana,step 3,ZEN,external,right,,CC BY 4.0,data/datasets/yoga_for_all/tadasana/right/step_3/20230312_110120.jpg,True,True,True,,472,1024
tadasana_zen_0067,tadasana,step 3,ZEN,external,right,,CC BY 4.0,data/datasets/yoga_for_all/tadasana/right/step_3/20230312_110124.jpg,True,True,True,,472,1024
tadasana_zen_0068,tadasana,step 3,ZEN,external,right,,CC BY 4.0,data/datasets/yoga_for_all/tadasana/right/step_3/20230312_110128.jpg,True,True,True,,472,1024
tadasana_zen_0069,tadasana,step 3,ZEN,external,right,,CC BY 4.0,data/datasets/yoga_for_all/tadasana/right/step_3/20230312_110133(1).jpg,True,True,True,,472,1024
tadasana_zen_0070,tadasana,step 3,ZEN,external,right,,CC BY 4.0,data/datasets/yoga_for_all/tadasana/right/step_3/20230312_110136.jpg,True,True,True,,472,1024
tadasana_zen_0071,tadasana,step 3,ZEN,external,right,,CC BY 4.0,data/datasets/yoga_for_all/tadasana/right/step_3/20230312_110140.jpg,True,True,True,,472,1024
tadasana_zen_0072,tadasana,step 3,ZEN,external,right,,CC BY 4.0,data/datasets/yoga_for_all/tadasana/right/step_3/20230312_110144.jpg,True,True,True,,472,1024
tadasana_zen_0073,tadasana,step 4,ZEN,external,right,,CC BY 4.0,data/datasets/yoga_for_all/tadasana/right/step_4/20230312_105046(0).jpg,True,True,True,,472,1024
tadasana_zen_0074,tadasana,step 4,ZEN,external,right,,CC BY 4.0,data/datasets/yoga_for_all/tadasana/right/step_4/20230312_105048.jpg,True,True,True,,472,1024
tadasana_zen_0075,tadasana,step 4,ZEN,external,right,,CC BY 4.0,data/datasets/yoga_for_all/tadasana/right/step_4/20230312_105052(0).jpg,True,True,True,,472,1024
tadasana_zen_0076,tadasana,step 4,ZEN,external,right,,CC BY 4.0,data/datasets/yoga_for_all/tadasana/right/step_4/20230312_105055.jpg,True,True,True,,472,1024
tadasana_zen_0077,tadasana,step 4,ZEN,external,right,,CC BY 4.0,data/datasets/yoga_for_all/tadasana/right/step_4/20230312_105058.jpg,True,True,True,,472,1024
tadasana_zen_0078,tadasana,step 4,ZEN,external,right,,CC BY 4.0,data/datasets/yoga_for_all/tadasana/right/step_4/20230312_105101.jpg,True,True,True,,472,1024
tadasana_zen_0079,tadasana,step 4,ZEN,external,right,,CC BY 4.0,data/datasets/yoga_for_all/tadasana/right/step_4/20230312_105105(0).jpg,True,True,True,,472,1024
tadasana_zen_0080,tadasana,step 4,ZEN,external,right,,CC BY 4.0,data/datasets/yoga_for_all/tadasana/right/step_4/20230312_105108.jpg,True,True,True,,472,1024
tadasana_zen_0081,tadasana,step 4,ZEN,external,right,,CC BY 4.0,data/datasets/yoga_for_all/tadasana/right/step_4/20230312_105111.jpg,True,True,True,,472,1024
tadasana_zen_0082,tadasana,step 4,ZEN,external,right,,CC BY 4.0,data/datasets/yoga_for_all/tadasana/right/step_4/20230312_105114.jpg,True,True,True,,472,1024
tadasana_zen_0083,tadasana,step 4,ZEN,external,right,,CC BY 4.0,data/datasets/yoga_for_all/tadasana/right/step_4/20230312_105121.jpg,True,True,True,,472,1024
tadasana_zen_0084,tadasana,step 4,ZEN,external,right,,CC BY 4.0,data/datasets/yoga_for_all/tadasana/right/step_4/20230312_105125(0).jpg,True,True,True,,472,1024
tadasana_zen_0085,tadasana,step 4,ZEN,external,right,,CC BY 4.0,data/datasets/yoga_for_all/tadasana/right/step_4/20230312_105132.jpg,True,True,True,,472,1024
tadasana_zen_0086,tadasana,step 4,ZEN,external,right,,CC BY 4.0,data/datasets/yoga_for_all/tadasana/right/step_4/20230312_105139.jpg,True,True,True,,472,1024
tadasana_zen_0087,tadasana,step 4,ZEN,external,right,,CC BY 4.0,data/datasets/yoga_for_all/tadasana/right/step_4/20230312_105144(0).jpg,True,True,True,,472,1024
tadasana_zen_0088,tadasana,step 4,ZEN,external,right,,CC BY 4.0,data/datasets/yoga_for_all/tadasana/right/step_4/20230312_105147.jpg,True,True,True,,472,1024
tadasana_zen_0089,tadasana,step 4,ZEN,external,right,,CC BY 4.0,data/datasets/yoga_for_all/tadasana/right/step_4/20230312_105155.jpg,True,True,True,,472,1024
tadasana_zen_0090,tadasana,step 4,ZEN,external,right,,CC BY 4.0,data/datasets/yoga_for_all/tadasana/right/step_4/20230312_105158.jpg,True,True,True,,472,1024
tadasana_zen_0091,tadasana,step 4,ZEN,external,right,,CC BY 4.0,data/datasets/yoga_for_all/tadasana/right/step_4/20230312_105202(0).jpg,True,True,True,,472,1024
tadasana_zen_0092,tadasana,step 4,ZEN,external,right,,CC BY 4.0,data/datasets/yoga_for_all/tadasana/right/step_4/20230312_105206.jpg,True,True,True,,472,1024
tadasana_zen_0093,tadasana,step 4,ZEN,external,right,,CC BY 4.0,data/datasets/yoga_for_all/tadasana/right/step_4/20230312_105210.jpg,True,True,True,,472,1024
tadasana_zen_0094,tadasana,step 4,ZEN,external,right,,CC BY 4.0,data/datasets/yoga_for_all/tadasana/right/step_4/20230312_105213.jpg,True,True,True,,472,1024
tadasana_zen_0095,tadasana,step 4,ZEN,external,right,,CC BY 4.0,data/datasets/yoga_for_all/tadasana/right/step_4/20230312_105217(0).jpg,True,True,True,,472,1024
tadasana_zen_0096,tadasana,step 4,ZEN,external,right,,CC BY 4.0,data/datasets/yoga_for_all/tadasana/right/step_4/20230312_105220.jpg,True,True,True,,472,1024
tadasana_zen_0097,tadasana,step 5,ZEN,external,right,,CC BY 4.0,data/datasets/yoga_for_all/tadasana/right/step_5/20230312_104028.jpg,True,True,True,,472,1024
tadasana_zen_0098,tadasana,step 5,ZEN,external,right,,CC BY 4.0,data/datasets/yoga_for_all/tadasana/right/step_5/20230312_104034(0).jpg,True,True,True,,472,1024
tadasana_zen_0099,tadasana,step 5,ZEN,external,right,,CC BY 4.0,data/datasets/yoga_for_all/tadasana/right/step_5/20230312_104039(0).jpg,True,True,True,,472,1024
tadasana_zen_0100,tadasana,step 5,ZEN,external,right,,CC BY 4.0,data/datasets/yoga_for_all/tadasana/right/step_5/20230312_104043.jpg,True,True,True,,472,1024
tadasana_zen_0101,tadasana,step 5,ZEN,external,right,,CC BY 4.0,data/datasets/yoga_for_all/tadasana/right/step_5/20230312_104051.jpg,True,True,True,,472,1024
tadasana_zen_0102,tadasana,step 5,ZEN,external,right,,CC BY 4.0,data/datasets/yoga_for_all/tadasana/right/step_5/20230312_104059.jpg,True,True,True,,472,1024
tadasana_zen_0103,tadasana,step 5,ZEN,external,right,,CC BY 4.0,data/datasets/yoga_for_all/tadasana/right/step_5/20230312_104106.jpg,True,True,True,,472,1024
tadasana_zen_0104,tadasana,step 5,ZEN,external,right,,CC BY 4.0,data/datasets/yoga_for_all/tadasana/right/step_5/20230312_104113.jpg,True,True,True,,472,1024
tadasana_zen_0105,tadasana,step 5,ZEN,external,right,,CC BY 4.0,data/datasets/yoga_for_all/tadasana/right/step_5/20230312_104122.jpg,True,True,True,,472,1024
tadasana_zen_0106,tadasana,step 5,ZEN,external,right,,CC BY 4.0,data/datasets/yoga_for_all/tadasana/right/step_5/20230312_104127(0).jpg,True,True,True,,472,1024
tadasana_zen_0107,tadasana,step 5,ZEN,external,right,,CC BY 4.0,data/datasets/yoga_for_all/tadasana/right/step_5/20230312_104132(0).jpg,True,True,True,,472,1024
tadasana_zen_0108,tadasana,step 5,ZEN,external,right,,CC BY 4.0,data/datasets/yoga_for_all/tadasana/right/step_5/20230312_104139.jpg,True,True,True,,472,1024
tadasana_zen_0109,tadasana,step 5,ZEN,external,right,,CC BY 4.0,data/datasets/yoga_for_all/tadasana/right/step_5/20230312_104151.jpg,True,True,True,,472,1024
tadasana_zen_0110,tadasana,step 5,ZEN,external,right,,CC BY 4.0,data/datasets/yoga_for_all/tadasana/right/step_5/20230312_104200.jpg,True,True,True,,472,1024
tadasana_zen_0111,tadasana,step 5,ZEN,external,right,,CC BY 4.0,data/datasets/yoga_for_all/tadasana/right/step_5/20230312_104211.jpg,True,True,True,,472,1024
tadasana_zen_0112,tadasana,step 5,ZEN,external,right,,CC BY 4.0,data/datasets/yoga_for_all/tadasana/right/step_5/20230312_104222.jpg,True,True,True,,472,1024
tadasana_zen_0113,tadasana,step 5,ZEN,external,right,,CC BY 4.0,data/datasets/yoga_for_all/tadasana/right/step_5/20230312_104231.jpg,True,True,True,,472,1024
tadasana_zen_0114,tadasana,step 5,ZEN,external,right,,CC BY 4.0,data/datasets/yoga_for_all/tadasana/right/step_5/20230312_104239.jpg,True,True,True,,472,1024
tadasana_zen_0115,tadasana,step 5,ZEN,external,right,,CC BY 4.0,data/datasets/yoga_for_all/tadasana/right/step_5/20230312_104250(0).jpg,True,True,True,,472,1024
tadasana_zen_0116,tadasana,step 5,ZEN,external,right,,CC BY 4.0,data/datasets/yoga_for_all/tadasana/right/step_5/20230312_104255.jpg,True,True,True,,472,1024
tadasana_zen_0117,tadasana,step 5,ZEN,external,right,,CC BY 4.0,data/datasets/yoga_for_all/tadasana/right/step_5/20230312_104307(0).jpg,True,True,True,,472,1024
tadasana_zen_0118,tadasana,step 5,ZEN,external,right,,CC BY 4.0,data/datasets/yoga_for_all/tadasana/right/step_5/20230312_104319.jpg,True,True,True,,472,1024
tadasana_zen_0119,tadasana,step 5,ZEN,external,right,,CC BY 4.0,data/datasets/yoga_for_all/tadasana/right/step_5/20230312_104328.jpg,True,True,True,,472,1024
tadasana_zen_0120,tadasana,step 5,ZEN,external,right,,CC BY 4.0,data/datasets/yoga_for_all/tadasana/right/step_5/20230312_104335.jpg,True,True,True,,472,1024
tadasana_zen_0121,tadasana,step 1,ZEN,external,wrong,Legs,CC BY 4.0,data/datasets/yoga_for_all/tadasana/wrong/step_1-_Legs/20230312_104615(0).jpg,True,True,True,,472,1024
tadasana_zen_0122,tadasana,step 1,ZEN,external,wrong,Legs,CC BY 4.0,data/datasets/yoga_for_all/tadasana/wrong/step_1-_Legs/20230312_104622.jpg,True,True,True,,472,1024
tadasana_zen_0123,tadasana,step 1,ZEN,external,wrong,Legs,CC BY 4.0,data/datasets/yoga_for_all/tadasana/wrong/step_1-_Legs/20230312_104633.jpg,True,True,True,,472,1024
tadasana_zen_0124,tadasana,step 1,ZEN,external,wrong,Legs,CC BY 4.0,data/datasets/yoga_for_all/tadasana/wrong/step_1-_Legs/20230312_104652.jpg,True,True,True,,472,1024
tadasana_zen_0125,tadasana,step 1,ZEN,external,wrong,Legs,CC BY 4.0,data/datasets/yoga_for_all/tadasana/wrong/step_1-_Legs/20230312_104707.jpg,True,True,True,,472,1024
tadasana_zen_0126,tadasana,step 1,ZEN,external,wrong,Legs,CC BY 4.0,data/datasets/yoga_for_all/tadasana/wrong/step_1-_Legs/20230312_104718.jpg,True,True,True,,472,1024
tadasana_zen_0127,tadasana,step 1,ZEN,external,wrong,Legs,CC BY 4.0,data/datasets/yoga_for_all/tadasana/wrong/step_1-_Legs/20230312_104738.jpg,True,True,True,,472,1024
tadasana_zen_0128,tadasana,step 1,ZEN,external,wrong,Legs,CC BY 4.0,data/datasets/yoga_for_all/tadasana/wrong/step_1-_Legs/20230312_104749.jpg,True,True,True,,472,1024
tadasana_zen_0129,tadasana,step 1,ZEN,external,wrong,Legs,CC BY 4.0,data/datasets/yoga_for_all/tadasana/wrong/step_1-_Legs/20230312_104800(0).jpg,True,True,True,,472,1024
tadasana_zen_0130,tadasana,step 1,ZEN,external,wrong,Legs,CC BY 4.0,data/datasets/yoga_for_all/tadasana/wrong/step_1-_Legs/20230312_104818.jpg,True,True,True,,472,1024
tadasana_zen_0131,tadasana,step 1,ZEN,external,wrong,Legs,CC BY 4.0,data/datasets/yoga_for_all/tadasana/wrong/step_1-_Legs/20230312_104827.jpg,True,True,True,,472,1024
tadasana_zen_0132,tadasana,step 1,ZEN,external,wrong,Legs,CC BY 4.0,data/datasets/yoga_for_all/tadasana/wrong/step_1-_Legs/20230312_104838.jpg,True,True,True,,472,1024
tadasana_zen_0133,tadasana,step 2,ZEN,external,wrong,Legs and Hand,CC BY 4.0,data/datasets/yoga_for_all/tadasana/wrong/step_2-_Legs_and_Hand/20230312_105411(0).jpg,True,True,True,,472,1024
tadasana_zen_0134,tadasana,step 2,ZEN,external,wrong,Legs and Hand,CC BY 4.0,data/datasets/yoga_for_all/tadasana/wrong/step_2-_Legs_and_Hand/20230312_105416.jpg,True,True,True,,472,1024
tadasana_zen_0135,tadasana,step 2,ZEN,external,wrong,Legs and Hand,CC BY 4.0,data/datasets/yoga_for_all/tadasana/wrong/step_2-_Legs_and_Hand/20230312_105422(1).jpg,True,True,True,,472,1024
tadasana_zen_0136,tadasana,step 2,ZEN,external,wrong,Legs and Hand,CC BY 4.0,data/datasets/yoga_for_all/tadasana/wrong/step_2-_Legs_and_Hand/20230312_105428.jpg,True,True,True,,472,1024
tadasana_zen_0137,tadasana,step 2,ZEN,external,wrong,Legs and Hand,CC BY 4.0,data/datasets/yoga_for_all/tadasana/wrong/step_2-_Legs_and_Hand/20230312_105435.jpg,True,True,True,,472,1024
tadasana_zen_0138,tadasana,step 2,ZEN,external,wrong,Legs and Hand,CC BY 4.0,data/datasets/yoga_for_all/tadasana/wrong/step_2-_Legs_and_Hand/20230312_105445.jpg,True,True,True,,472,1024
tadasana_zen_0139,tadasana,step 2,ZEN,external,wrong,Legs and Hand,CC BY 4.0,data/datasets/yoga_for_all/tadasana/wrong/step_2-_Legs_and_Hand/20230312_105457.jpg,True,True,True,,472,1024
tadasana_zen_0140,tadasana,step 2,ZEN,external,wrong,Legs and Hand,CC BY 4.0,data/datasets/yoga_for_all/tadasana/wrong/step_2-_Legs_and_Hand/20230312_105506(0).jpg,True,True,True,,472,1024
tadasana_zen_0141,tadasana,step 2,ZEN,external,wrong,Legs and Hand,CC BY 4.0,data/datasets/yoga_for_all/tadasana/wrong/step_2-_Legs_and_Hand/20230312_105520.jpg,True,True,True,,472,1024
tadasana_zen_0142,tadasana,step 2,ZEN,external,wrong,Legs and Hand,CC BY 4.0,data/datasets/yoga_for_all/tadasana/wrong/step_2-_Legs_and_Hand/20230312_105525.jpg,True,True,True,,472,1024
tadasana_zen_0143,tadasana,step 2,ZEN,external,wrong,Legs and Hand,CC BY 4.0,data/datasets/yoga_for_all/tadasana/wrong/step_2-_Legs_and_Hand/20230312_105538(0).jpg,True,True,True,,472,1024
tadasana_zen_0144,tadasana,step 2,ZEN,external,wrong,Legs and Hand,CC BY 4.0,data/datasets/yoga_for_all/tadasana/wrong/step_2-_Legs_and_Hand/20230312_105544.jpg,True,True,True,,472,1024
tadasana_zen_0145,tadasana,step 3,ZEN,external,wrong,Legs and Hand,CC BY 4.0,data/datasets/yoga_for_all/tadasana/wrong/step_3-_Legs_and_Hand/20230312_110419(0).jpg,True,True,True,,472,1024
tadasana_zen_0146,tadasana,step 3,ZEN,external,wrong,Legs and Hand,CC BY 4.0,data/datasets/yoga_for_all/tadasana/wrong/step_3-_Legs_and_Hand/20230312_110423.jpg,True,True,True,,472,1024
tadasana_zen_0147,tadasana,step 3,ZEN,external,wrong,Legs and Hand,CC BY 4.0,data/datasets/yoga_for_all/tadasana/wrong/step_3-_Legs_and_Hand/20230312_110428.jpg,True,True,True,,472,1024
tadasana_zen_0148,tadasana,step 3,ZEN,external,wrong,Legs and Hand,CC BY 4.0,data/datasets/yoga_for_all/tadasana/wrong/step_3-_Legs_and_Hand/20230312_110433.jpg,True,True,True,,472,1024
tadasana_zen_0149,tadasana,step 3,ZEN,external,wrong,Legs and Hand,CC BY 4.0,data/datasets/yoga_for_all/tadasana/wrong/step_3-_Legs_and_Hand/20230312_110444.jpg,True,True,True,,472,1024
tadasana_zen_0150,tadasana,step 3,ZEN,external,wrong,Legs and Hand,CC BY 4.0,data/datasets/yoga_for_all/tadasana/wrong/step_3-_Legs_and_Hand/20230312_110457.jpg,True,True,True,,472,1024
tadasana_zen_0151,tadasana,step 3,ZEN,external,wrong,Legs and Hand,CC BY 4.0,data/datasets/yoga_for_all/tadasana/wrong/step_3-_Legs_and_Hand/20230312_110505.jpg,True,True,True,,472,1024
tadasana_zen_0152,tadasana,step 3,ZEN,external,wrong,Legs and Hand,CC BY 4.0,data/datasets/yoga_for_all/tadasana/wrong/step_3-_Legs_and_Hand/20230312_110516.jpg,True,True,True,,472,1024
tadasana_zen_0153,tadasana,step 3,ZEN,external,wrong,Legs and Hand,CC BY 4.0,data/datasets/yoga_for_all/tadasana/wrong/step_3-_Legs_and_Hand/20230312_110523.jpg,True,True,True,,472,1024
tadasana_zen_0154,tadasana,step 3,ZEN,external,wrong,Legs and Hand,CC BY 4.0,data/datasets/yoga_for_all/tadasana/wrong/step_3-_Legs_and_Hand/20230312_110534.jpg,True,True,True,,472,1024
tadasana_zen_0155,tadasana,step 3,ZEN,external,wrong,Legs and Hand,CC BY 4.0,data/datasets/yoga_for_all/tadasana/wrong/step_3-_Legs_and_Hand/20230312_110544.jpg,True,True,True,,472,1024
tadasana_zen_0156,tadasana,step 3,ZEN,external,wrong,Legs and Hand,CC BY 4.0,data/datasets/yoga_for_all/tadasana/wrong/step_3-_Legs_and_Hand/20230312_110551(0).jpg,True,True,True,,472,1024
tadasana_zen_0157,tadasana,step 4,ZEN,external,wrong,Hands and Legs,CC BY 4.0,data/datasets/yoga_for_all/tadasana/wrong/step_4-_Hands_and_Legs/20230312_105411(0).jpg,True,True,True,,472,1024
tadasana_zen_0158,tadasana,step 4,ZEN,external,wrong,Hands and Legs,CC BY 4.0,data/datasets/yoga_for_all/tadasana/wrong/step_4-_Hands_and_Legs/20230312_105416.jpg,True,True,True,,472,1024
tadasana_zen_0159,tadasana,step 4,ZEN,external,wrong,Hands and Legs,CC BY 4.0,data/datasets/yoga_for_all/tadasana/wrong/step_4-_Hands_and_Legs/20230312_105422(1).jpg,True,True,True,,472,1024
tadasana_zen_0160,tadasana,step 4,ZEN,external,wrong,Hands and Legs,CC BY 4.0,data/datasets/yoga_for_all/tadasana/wrong/step_4-_Hands_and_Legs/20230312_105428.jpg,True,True,True,,472,1024
tadasana_zen_0161,tadasana,step 4,ZEN,external,wrong,Hands and Legs,CC BY 4.0,data/datasets/yoga_for_all/tadasana/wrong/step_4-_Hands_and_Legs/20230312_105435.jpg,True,True,True,,472,1024
tadasana_zen_0162,tadasana,step 4,ZEN,external,wrong,Hands and Legs,CC BY 4.0,data/datasets/yoga_for_all/tadasana/wrong/step_4-_Hands_and_Legs/20230312_105445.jpg,True,True,True,,472,1024
tadasana_zen_0163,tadasana,step 4,ZEN,external,wrong,Hands and Legs,CC BY 4.0,data/datasets/yoga_for_all/tadasana/wrong/step_4-_Hands_and_Legs/20230312_105457.jpg,True,True,True,,472,1024
tadasana_zen_0164,tadasana,step 4,ZEN,external,wrong,Hands and Legs,CC BY 4.0,data/datasets/yoga_for_all/tadasana/wrong/step_4-_Hands_and_Legs/20230312_105506(0).jpg,True,True,True,,472,1024
tadasana_zen_0165,tadasana,step 4,ZEN,external,wrong,Hands and Legs,CC BY 4.0,data/datasets/yoga_for_all/tadasana/wrong/step_4-_Hands_and_Legs/20230312_105520.jpg,True,True,True,,472,1024
tadasana_zen_0166,tadasana,step 4,ZEN,external,wrong,Hands and Legs,CC BY 4.0,data/datasets/yoga_for_all/tadasana/wrong/step_4-_Hands_and_Legs/20230312_105525.jpg,True,True,True,,472,1024
tadasana_zen_0167,tadasana,step 4,ZEN,external,wrong,Hands and Legs,CC BY 4.0,data/datasets/yoga_for_all/tadasana/wrong/step_4-_Hands_and_Legs/20230312_105538(0).jpg,True,True,True,,472,1024
tadasana_zen_0168,tadasana,step 4,ZEN,external,wrong,Hands and Legs,CC BY 4.0,data/datasets/yoga_for_all/tadasana/wrong/step_4-_Hands_and_Legs/20230312_105544.jpg,True,True,True,,472,1024
tadasana_zen_0169,tadasana,step 5,ZEN,external,wrong,Standing,CC BY 4.0,data/datasets/yoga_for_all/tadasana/wrong/step_5-_Standing/20230312_104615(0).jpg,True,True,True,,472,1024
tadasana_zen_0170,tadasana,step 5,ZEN,external,wrong,Standing,CC BY 4.0,data/datasets/yoga_for_all/tadasana/wrong/step_5-_Standing/20230312_104622.jpg,True,True,True,,472,1024
tadasana_zen_0171,tadasana,step 5,ZEN,external,wrong,Standing,CC BY 4.0,data/datasets/yoga_for_all/tadasana/wrong/step_5-_Standing/20230312_104633.jpg,True,True,True,,472,1024
tadasana_zen_0172,tadasana,step 5,ZEN,external,wrong,Standing,CC BY 4.0,data/datasets/yoga_for_all/tadasana/wrong/step_5-_Standing/20230312_104652.jpg,True,True,True,,472,1024
tadasana_zen_0173,tadasana,step 5,ZEN,external,wrong,Standing,CC BY 4.0,data/datasets/yoga_for_all/tadasana/wrong/step_5-_Standing/20230312_104707.jpg,True,True,True,,472,1024
tadasana_zen_0174,tadasana,step 5,ZEN,external,wrong,Standing,CC BY 4.0,data/datasets/yoga_for_all/tadasana/wrong/step_5-_Standing/20230312_104718.jpg,True,True,True,,472,1024
tadasana_zen_0175,tadasana,step 5,ZEN,external,wrong,Standing,CC BY 4.0,data/datasets/yoga_for_all/tadasana/wrong/step_5-_Standing/20230312_104738.jpg,True,True,True,,472,1024
tadasana_zen_0176,tadasana,step 5,ZEN,external,wrong,Standing,CC BY 4.0,data/datasets/yoga_for_all/tadasana/wrong/step_5-_Standing/20230312_104749.jpg,True,True,True,,472,1024
tadasana_zen_0177,tadasana,step 5,ZEN,external,wrong,Standing,CC BY 4.0,data/datasets/yoga_for_all/tadasana/wrong/step_5-_Standing/20230312_104800(0).jpg,True,True,True,,472,1024
tadasana_zen_0178,tadasana,step 5,ZEN,external,wrong,Standing,CC BY 4.0,data/datasets/yoga_for_all/tadasana/wrong/step_5-_Standing/20230312_104818.jpg,True,True,True,,472,1024
tadasana_zen_0179,tadasana,step 5,ZEN,external,wrong,Standing,CC BY 4.0,data/datasets/yoga_for_all/tadasana/wrong/step_5-_Standing/20230312_104827.jpg,True,True,True,,472,1024
tadasana_zen_0180,tadasana,step 5,ZEN,external,wrong,Standing,CC BY 4.0,data/datasets/yoga_for_all/tadasana/wrong/step_5-_Standing/20230312_104838.jpg,True,True,True,,472,1024
trikonasana_commons_0001,trikonasana,,COMMONS,train,unlabelled,,"Creative Commons, per file (data/datasets/commons/credits.json)",data/datasets/commons/trikonasana/2012.07_eurotrip_Innsbruck_mountains_08.jpg,True,True,True,,564,686
trikonasana_commons_0002,trikonasana,,COMMONS,train,unlabelled,,"Creative Commons, per file (data/datasets/commons/credits.json)",data/datasets/commons/trikonasana/A_posture_in_ashtanga_yoga_34_.jpg,True,True,True,,612,842
trikonasana_commons_0003,trikonasana,,COMMONS,train,unlabelled,,"Creative Commons, per file (data/datasets/commons/credits.json)",data/datasets/commons/trikonasana/A_posture_in_ashtanga_yoga_34_cropped_.jpg,True,True,True,,536,536
trikonasana_commons_0004,trikonasana,,COMMONS,holdout,unlabelled,,"Creative Commons, per file (data/datasets/commons/credits.json)",data/datasets/commons/trikonasana/A_style_of_Trikonasana.jpg,True,True,True,,1280,1707
trikonasana_commons_0005,trikonasana,,COMMONS,train,unlabelled,,"Creative Commons, per file (data/datasets/commons/credits.json)",data/datasets/commons/trikonasana/A_style_of_Trikonasana_1.jpg,True,True,True,,1280,1707
trikonasana_commons_0006,trikonasana,,COMMONS,train,unlabelled,,"Creative Commons, per file (data/datasets/commons/credits.json)",data/datasets/commons/trikonasana/Anil_Shrikrishna_Manekar_-_Trikonasana_-_International_Day_o_e4530e04.jpg,True,True,True,,1280,1927
trikonasana_commons_0007,trikonasana,,COMMONS,train,unlabelled,,"Creative Commons, per file (data/datasets/commons/credits.json)",data/datasets/commons/trikonasana/Denise_tava_yoga_trikonasana.jpg,True,True,True,,523,629
trikonasana_commons_0008,trikonasana,,COMMONS,holdout,unlabelled,,"Creative Commons, per file (data/datasets/commons/credits.json)",data/datasets/commons/trikonasana/Flickr_-_Nicholas_T_-_Bent.jpg,True,True,True,,1280,1356
trikonasana_commons_0009,trikonasana,,COMMONS,train,unlabelled,,"Creative Commons, per file (data/datasets/commons/credits.json)",data/datasets/commons/trikonasana/Flickr_-_Nicholas_T_-_Side_Stretch_1_.jpg,True,True,True,,1280,1656
trikonasana_commons_0010,trikonasana,,COMMONS,train,unlabelled,,"Creative Commons, per file (data/datasets/commons/credits.json)",data/datasets/commons/trikonasana/Flickr_-_Nicholas_T_-_Side_Twist.jpg,True,True,True,,1280,1984
trikonasana_commons_0011,trikonasana,,COMMONS,train,unlabelled,,"Creative Commons, per file (data/datasets/commons/credits.json)",data/datasets/commons/trikonasana/Flickr_-_Nicholas_T_-_Windmill.jpg,True,True,True,,1280,1275
trikonasana_commons_0012,trikonasana,,COMMONS,train,unlabelled,,"Creative Commons, per file (data/datasets/commons/credits.json)",data/datasets/commons/trikonasana/Mrs_Manekar_-_Trikonasana_-_International_Day_of_Yoga_Celebr_8304bf77.jpg,True,True,True,,1280,1927
trikonasana_commons_0013,trikonasana,,COMMONS,train,unlabelled,,"Creative Commons, per file (data/datasets/commons/credits.json)",data/datasets/commons/trikonasana/Parswa_trikonasana1.jpg,True,True,True,,1280,2068
trikonasana_commons_0014,trikonasana,,COMMONS,train,unlabelled,,"Creative Commons, per file (data/datasets/commons/credits.json)",data/datasets/commons/trikonasana/Surf_and_Yoga_.jpg,True,True,True,,1280,956
trikonasana_commons_0015,trikonasana,,COMMONS,train,unlabelled,,"Creative Commons, per file (data/datasets/commons/credits.json)",data/datasets/commons/trikonasana/Triko_sana_Triangle_I_yoga_sana.jpg,True,False,False,no person detected,960,958
trikonasana_commons_0016,trikonasana,,COMMONS,holdout,unlabelled,,"Creative Commons, per file (data/datasets/commons/credits.json)",data/datasets/commons/trikonasana/Trikonasana_-_International_Day_of_Yoga_Celebration_-_NCSM_-_Kolkata_2015-06-21_7328.jpg,True,True,True,,1280,1927
trikonasana_commons_0017,trikonasana,,COMMONS,train,unlabelled,,"Creative Commons, per file (data/datasets/commons/credits.json)",data/datasets/commons/trikonasana/Trikonasana_-_International_Day_of_Yoga_Celebration_-_NCSM_-_Kolkata_2015-06-21_7329.jpg,True,True,True,,1280,1927
trikonasana_commons_0018,trikonasana,,COMMONS,train,unlabelled,,"Creative Commons, per file (data/datasets/commons/credits.json)",data/datasets/commons/trikonasana/Trikonasana_-_International_Day_of_Yoga_Celebration_-_NCSM_-_Kolkata_2015-06-21_7331.jpg,True,True,True,,1280,1927
trikonasana_commons_0019,trikonasana,,COMMONS,train,unlabelled,,"Creative Commons, per file (data/datasets/commons/credits.json)",data/datasets/commons/trikonasana/Trikonasana_Heinz_Grill_1992_.jpg,True,False,False,no person detected,1280,2013
trikonasana_commons_0020,trikonasana,,COMMONS,holdout,unlabelled,,"Creative Commons, per file (data/datasets/commons/credits.json)",data/datasets/commons/trikonasana/Trikonasana_Yoga-Asana_Nina-Mel.jpg,True,True,True,,591,678
trikonasana_commons_0021,trikonasana,,COMMONS,train,unlabelled,,"Creative Commons, per file (data/datasets/commons/credits.json)",data/datasets/commons/trikonasana/US_Army_53584_BAGHDAD_-_Capt._Robert_Magill_the_provost_mars_698ca2c3.jpg,True,True,True,,992,1500
trikonasana_commons_0022,trikonasana,,COMMONS,train,unlabelled,,"Creative Commons, per file (data/datasets/commons/credits.json)",data/datasets/commons/trikonasana/Uttitha_Trikonasana.jpg,True,True,True,,679,582
trikonasana_commons_0023,trikonasana,,COMMONS,train,unlabelled,,"Creative Commons, per file (data/datasets/commons/credits.json)",data/datasets/commons/trikonasana/Vishal_trikonasana.jpg,True,True,True,,1280,1640
trikonasana_commons_0024,trikonasana,,COMMONS,holdout,unlabelled,,"Creative Commons, per file (data/datasets/commons/credits.json)",data/datasets/commons/trikonasana/Vitality_3.jpg,True,True,True,,664,1000
trikonasana_commons_0025,trikonasana,,COMMONS,train,unlabelled,,"Creative Commons, per file (data/datasets/commons/credits.json)",data/datasets/commons/trikonasana/YogaInRishikesh.jpg,True,True,True,,1280,853
trikonasana_commons_0026,trikonasana,,COMMONS,train,unlabelled,,"Creative Commons, per file (data/datasets/commons/credits.json)",data/datasets/commons/trikonasana/Yoga_Time_.jpg,True,True,True,,1280,923
trikonasana_commons_0027,trikonasana,,COMMONS,train,unlabelled,,"Creative Commons, per file (data/datasets/commons/credits.json)",data/datasets/commons/trikonasana/Yoga_at_Sunset.jpg,True,False,False,no person detected,1280,853
trikonasana_commons_0028,trikonasana,,COMMONS,holdout,unlabelled,,"Creative Commons, per file (data/datasets/commons/credits.json)",data/datasets/commons/trikonasana/Yoga_at_a_Gym.jpg,True,True,True,,1000,665
trikonasana_commons_0029,trikonasana,,COMMONS,train,unlabelled,,"Creative Commons, per file (data/datasets/commons/credits.json)",data/datasets/commons/trikonasana/Yoga_in_Bryant_Park_01194_.jpg,True,True,False,,1280,899
trikonasana_commons_0030,trikonasana,,COMMONS,train,unlabelled,,"Creative Commons, per file (data/datasets/commons/credits.json)",data/datasets/commons/trikonasana/Yoga_in_Seoul_-_2021_P1085165_.jpg,True,True,True,,1280,1920
trikonasana_y107_0001,trikonasana,,Y107,train,unlabelled,,not stated by the host (web photographs); included for research and education,data/datasets/yoga107/utthita_trikonasana/001.jpg,True,True,True,,376,487
trikonasana_y107_0002,trikonasana,,Y107,train,unlabelled,,not stated by the host (web photographs); included for research and education,data/datasets/yoga107/utthita_trikonasana/002.jpg,True,True,True,,140,221
trikonasana_y107_0003,trikonasana,,Y107,train,unlabelled,,not stated by the host (web photographs); included for research and education,data/datasets/yoga107/utthita_trikonasana/003.jpg,True,True,True,,365,433
trikonasana_y107_0004,trikonasana,,Y107,holdout,unlabelled,,not stated by the host (web photographs); included for research and education,data/datasets/yoga107/utthita_trikonasana/004.jpg,True,True,True,,572,771
trikonasana_y107_0005,trikonasana,,Y107,train,unlabelled,,not stated by the host (web photographs); included for research and education,data/datasets/yoga107/utthita_trikonasana/005.jpg,True,True,True,,234,291
trikonasana_y107_0006,trikonasana,,Y107,train,unlabelled,,not stated by the host (web photographs); included for research and education,data/datasets/yoga107/utthita_trikonasana/006.jpg,True,True,True,,285,416
trikonasana_y107_0007,trikonasana,,Y107,train,unlabelled,,not stated by the host (web photographs); included for research and education,data/datasets/yoga107/utthita_trikonasana/007.jpg,True,True,True,,535,726
trikonasana_y107_0008,trikonasana,,Y107,holdout,unlabelled,,not stated by the host (web photographs); included for research and education,data/datasets/yoga107/utthita_trikonasana/008.jpg,True,True,True,,294,228
trikonasana_y107_0009,trikonasana,,Y107,train,unlabelled,,not stated by the host (web photographs); included for research and education,data/datasets/yoga107/utthita_trikonasana/009.jpg,True,True,True,,464,573
trikonasana_y107_0010,trikonasana,,Y107,train,unlabelled,,not stated by the host (web photographs); included for research and education,data/datasets/yoga107/utthita_trikonasana/010.jpg,True,True,True,,361,517
trikonasana_y107_0011,trikonasana,,Y107,train,unlabelled,,not stated by the host (web photographs); included for research and education,data/datasets/yoga107/utthita_trikonasana/011.jpg,True,True,False,,219,155
trikonasana_y107_0012,trikonasana,,Y107,holdout,unlabelled,,not stated by the host (web photographs); included for research and education,data/datasets/yoga107/utthita_trikonasana/012.jpg,True,True,True,,366,465
trikonasana_y107_0013,trikonasana,,Y107,train,unlabelled,,not stated by the host (web photographs); included for research and education,data/datasets/yoga107/utthita_trikonasana/013.jpg,True,True,True,,104,110
trikonasana_y107_0014,trikonasana,,Y107,train,unlabelled,,not stated by the host (web photographs); included for research and education,data/datasets/yoga107/utthita_trikonasana/014.jpg,True,True,True,,501,279
trikonasana_y107_0015,trikonasana,,Y107,train,unlabelled,,not stated by the host (web photographs); included for research and education,data/datasets/yoga107/utthita_trikonasana/015.jpg,True,True,True,,364,432
trikonasana_y107_0016,trikonasana,,Y107,holdout,unlabelled,,not stated by the host (web photographs); included for research and education,data/datasets/yoga107/utthita_trikonasana/016.jpg,True,True,True,,572,628
trikonasana_y107_0017,trikonasana,,Y107,train,unlabelled,,not stated by the host (web photographs); included for research and education,data/datasets/yoga107/utthita_trikonasana/017.jpg,True,True,True,,194,231
trikonasana_y107_0018,trikonasana,,Y107,train,unlabelled,,not stated by the host (web photographs); included for research and education,data/datasets/yoga107/utthita_trikonasana/018.jpg,True,True,True,,250,470
trikonasana_y107_0019,trikonasana,,Y107,train,unlabelled,,not stated by the host (web photographs); included for research and education,data/datasets/yoga107/utthita_trikonasana/019.jpg,True,True,True,,208,335
trikonasana_y107_0020,trikonasana,,Y107,holdout,unlabelled,,not stated by the host (web photographs); included for research and education,data/datasets/yoga107/utthita_trikonasana/020.jpg,True,True,True,,490,525
trikonasana_y107_0021,trikonasana,,Y107,train,unlabelled,,not stated by the host (web photographs); included for research and education,data/datasets/yoga107/utthita_trikonasana/021.jpg,True,True,True,,126,210
trikonasana_y107_0022,trikonasana,,Y107,train,unlabelled,,not stated by the host (web photographs); included for research and education,data/datasets/yoga107/utthita_trikonasana/022.jpg,True,True,True,,296,325
trikonasana_y107_0023,trikonasana,,Y107,train,unlabelled,,not stated by the host (web photographs); included for research and education,data/datasets/yoga107/utthita_trikonasana/023.jpg,True,True,True,,388,483
trikonasana_y107_0024,trikonasana,,Y107,holdout,unlabelled,,not stated by the host (web photographs); included for research and education,data/datasets/yoga107/utthita_trikonasana/024.jpg,True,True,True,,127,211
trikonasana_y107_0025,trikonasana,,Y107,train,unlabelled,,not stated by the host (web photographs); included for research and education,data/datasets/yoga107/utthita_trikonasana/025.jpg,True,True,True,,356,422
trikonasana_y107_0026,trikonasana,,Y107,train,unlabelled,,not stated by the host (web photographs); included for research and education,data/datasets/yoga107/utthita_trikonasana/026.jpg,True,True,True,,248,235
trikonasana_y107_0027,trikonasana,,Y107,train,unlabelled,,not stated by the host (web photographs); included for research and education,data/datasets/yoga107/utthita_trikonasana/027.jpg,True,True,True,,257,261
trikonasana_y107_0028,trikonasana,,Y107,holdout,unlabelled,,not stated by the host (web photographs); included for research and education,data/datasets/yoga107/utthita_trikonasana/028.jpg,True,True,True,,249,281
trikonasana_y107_0029,trikonasana,,Y107,train,unlabelled,,not stated by the host (web photographs); included for research and education,data/datasets/yoga107/utthita_trikonasana/029.jpg,True,True,True,,200,248
trikonasana_y107_0030,trikonasana,,Y107,train,unlabelled,,not stated by the host (web photographs); included for research and education,data/datasets/yoga107/utthita_trikonasana/030.jpg,True,True,True,,225,368
trikonasana_y107_0031,trikonasana,,Y107,train,unlabelled,,not stated by the host (web photographs); included for research and education,data/datasets/yoga107/utthita_trikonasana/031.jpg,True,True,True,,241,345
trikonasana_y107_0032,trikonasana,,Y107,holdout,unlabelled,,not stated by the host (web photographs); included for research and education,data/datasets/yoga107/utthita_trikonasana/032.jpg,True,True,True,,493,532
trikonasana_y107_0033,trikonasana,,Y107,train,unlabelled,,not stated by the host (web photographs); included for research and education,data/datasets/yoga107/utthita_trikonasana/033.jpg,True,True,True,,344,395
trikonasana_y107_0034,trikonasana,,Y107,train,unlabelled,,not stated by the host (web photographs); included for research and education,data/datasets/yoga107/utthita_trikonasana/034.jpg,True,True,True,,231,267
trikonasana_y107_0035,trikonasana,,Y107,train,unlabelled,,not stated by the host (web photographs); included for research and education,data/datasets/yoga107/utthita_trikonasana/035.jpg,True,True,True,,238,340
trikonasana_y107_0036,trikonasana,,Y107,holdout,unlabelled,,not stated by the host (web photographs); included for research and education,data/datasets/yoga107/utthita_trikonasana/036.jpg,True,True,True,,292,381
trikonasana_y107_0037,trikonasana,,Y107,train,unlabelled,,not stated by the host (web photographs); included for research and education,data/datasets/yoga107/utthita_trikonasana/037.jpg,True,True,True,,403,423
trikonasana_y107_0038,trikonasana,,Y107,train,unlabelled,,not stated by the host (web photographs); included for research and education,data/datasets/yoga107/utthita_trikonasana/038.jpg,True,True,True,,303,390
trikonasana_y107_0039,trikonasana,,Y107,train,unlabelled,,not stated by the host (web photographs); included for research and education,data/datasets/yoga107/utthita_trikonasana/039.jpg,True,True,True,,329,441
trikonasana_y107_0040,trikonasana,,Y107,holdout,unlabelled,,not stated by the host (web photographs); included for research and education,data/datasets/yoga107/utthita_trikonasana/040.jpg,True,True,True,,312,385
trikonasana_y107_0041,trikonasana,,Y107,train,unlabelled,,not stated by the host (web photographs); included for research and education,data/datasets/yoga107/utthita_trikonasana/041.jpg,True,True,True,,536,616
trikonasana_y107_0042,trikonasana,,Y107,train,unlabelled,,not stated by the host (web photographs); included for research and education,data/datasets/yoga107/utthita_trikonasana/042.jpg,True,True,True,,422,281
trikonasana_y107_0043,trikonasana,,Y107,train,unlabelled,,not stated by the host (web photographs); included for research and education,data/datasets/yoga107/utthita_trikonasana/043.jpg,True,True,True,,199,323
trikonasana_y107_0044,trikonasana,,Y107,holdout,unlabelled,,not stated by the host (web photographs); included for research and education,data/datasets/yoga107/utthita_trikonasana/044.jpg,True,True,True,,234,363
trikonasana_y107_0045,trikonasana,,Y107,train,unlabelled,,not stated by the host (web photographs); included for research and education,data/datasets/yoga107/utthita_trikonasana/045.jpg,True,True,True,,540,726
trikonasana_y107_0046,trikonasana,,Y107,train,unlabelled,,not stated by the host (web photographs); included for research and education,data/datasets/yoga107/utthita_trikonasana/046.jpg,True,True,True,,447,625
trikonasana_y107_0047,trikonasana,,Y107,train,unlabelled,,not stated by the host (web photographs); included for research and education,data/datasets/yoga107/utthita_trikonasana/047.jpg,True,True,True,,630,683
trikonasana_y107_0048,trikonasana,,Y107,holdout,unlabelled,,not stated by the host (web photographs); included for research and education,data/datasets/yoga107/utthita_trikonasana/048.jpg,True,True,True,,474,533
trikonasana_y107_0049,trikonasana,,Y107,train,unlabelled,,not stated by the host (web photographs); included for research and education,data/datasets/yoga107/utthita_trikonasana/049.jpg,True,True,True,,303,362
trikonasana_y107_0050,trikonasana,,Y107,train,unlabelled,,not stated by the host (web photographs); included for research and education,data/datasets/yoga107/utthita_trikonasana/050.jpg,True,True,True,,498,610
trikonasana_y107_0051,trikonasana,,Y107,train,unlabelled,,not stated by the host (web photographs); included for research and education,data/datasets/yoga107/utthita_trikonasana/051.jpg,True,True,True,,343,308
trikonasana_y107_0052,trikonasana,,Y107,holdout,unlabelled,,not stated by the host (web photographs); included for research and education,data/datasets/yoga107/utthita_trikonasana/052.jpg,True,True,True,,231,277
trikonasana_y107_0053,trikonasana,,Y107,train,unlabelled,,not stated by the host (web photographs); included for research and education,data/datasets/yoga107/utthita_trikonasana/053.jpg,True,True,True,,620,671
trikonasana_y107_0054,trikonasana,,Y107,train,unlabelled,,not stated by the host (web photographs); included for research and education,data/datasets/yoga107/utthita_trikonasana/054.jpg,True,True,True,,268,308
trikonasana_y107_0055,trikonasana,,Y107,train,unlabelled,,not stated by the host (web photographs); included for research and education,data/datasets/yoga107/utthita_trikonasana/055.jpg,True,True,True,,249,384
trikonasana_y107_0056,trikonasana,,Y107,holdout,unlabelled,,not stated by the host (web photographs); included for research and education,data/datasets/yoga107/utthita_trikonasana/056.jpg,True,True,True,,206,250
trikonasana_y107_0057,trikonasana,,Y107,train,unlabelled,,not stated by the host (web photographs); included for research and education,data/datasets/yoga107/utthita_trikonasana/057.jpg,True,True,True,,438,544
trikonasana_y107_0058,trikonasana,,Y107,train,unlabelled,,not stated by the host (web photographs); included for research and education,data/datasets/yoga107/utthita_trikonasana/058.jpg,True,True,True,,318,377
trikonasana_y107_0059,trikonasana,,Y107,train,unlabelled,,not stated by the host (web photographs); included for research and education,data/datasets/yoga107/utthita_trikonasana/059.jpg,True,True,True,,271,377
trikonasana_y107_0060,trikonasana,,Y107,holdout,unlabelled,,not stated by the host (web photographs); included for research and education,data/datasets/yoga107/utthita_trikonasana/060.jpg,True,True,True,,486,545
trikonasana_y107_0061,trikonasana,,Y107,train,unlabelled,,not stated by the host (web photographs); included for research and education,data/datasets/yoga107/utthita_trikonasana/061.jpg,True,True,True,,443,469
trikonasana_y107_0062,trikonasana,,Y107,train,unlabelled,,not stated by the host (web photographs); included for research and education,data/datasets/yoga107/utthita_trikonasana/062.jpg,True,True,True,,308,368
trikonasana_y107_0063,trikonasana,,Y107,train,unlabelled,,not stated by the host (web photographs); included for research and education,data/datasets/yoga107/utthita_trikonasana/063.jpg,True,True,True,,346,469
trikonasana_y107_0064,trikonasana,,Y107,holdout,unlabelled,,not stated by the host (web photographs); included for research and education,data/datasets/yoga107/utthita_trikonasana/064.jpg,True,True,True,,348,495
trikonasana_y107_0065,trikonasana,,Y107,train,unlabelled,,not stated by the host (web photographs); included for research and education,data/datasets/yoga107/utthita_trikonasana/065.jpg,True,True,True,,231,259
trikonasana_y107_0066,trikonasana,,Y107,train,unlabelled,,not stated by the host (web photographs); included for research and education,data/datasets/yoga107/utthita_trikonasana/066.jpg,True,True,True,,244,300
trikonasana_y107_0067,trikonasana,,Y107,train,unlabelled,,not stated by the host (web photographs); included for research and education,data/datasets/yoga107/utthita_trikonasana/067.jpg,True,True,True,,404,511
trikonasana_y107_0068,trikonasana,,Y107,holdout,unlabelled,,not stated by the host (web photographs); included for research and education,data/datasets/yoga107/utthita_trikonasana/068.jpg,True,True,True,,383,349
trikonasana_y107_0069,trikonasana,,Y107,train,unlabelled,,not stated by the host (web photographs); included for research and education,data/datasets/yoga107/utthita_trikonasana/069.jpg,True,True,True,,246,306
virabhadrasana_tf_0001,virabhadrasana,mixed Warrior I/II/III,TF,test,unlabelled,,Apache-2.0,data/datasets/yoga_poses/test/warrior/guy3_warrior042.jpg,True,True,True,,300,300
virabhadrasana_tf_0002,virabhadrasana,mixed Warrior I/II/III,TF,test,unlabelled,,Apache-2.0,data/datasets/yoga_poses/test/warrior/guy3_warrior043.jpg,True,False,False,no person detected,300,300
virabhadrasana_tf_0003,virabhadrasana,mixed Warrior I/II/III,TF,test,unlabelled,,Apache-2.0,data/datasets/yoga_poses/test/warrior/guy3_warrior044.jpg,True,False,False,no person detected,300,300
virabhadrasana_tf_0004,virabhadrasana,mixed Warrior I/II/III,TF,test,unlabelled,,Apache-2.0,data/datasets/yoga_poses/test/warrior/guy3_warrior045.jpg,True,False,False,no person detected,300,300
virabhadrasana_tf_0005,virabhadrasana,mixed Warrior I/II/III,TF,test,unlabelled,,Apache-2.0,data/datasets/yoga_poses/test/warrior/guy3_warrior046.jpg,True,True,True,,300,300
virabhadrasana_tf_0006,virabhadrasana,mixed Warrior I/II/III,TF,test,unlabelled,,Apache-2.0,data/datasets/yoga_poses/test/warrior/guy3_warrior047.jpg,True,True,True,,300,300
virabhadrasana_tf_0007,virabhadrasana,mixed Warrior I/II/III,TF,test,unlabelled,,Apache-2.0,data/datasets/yoga_poses/test/warrior/guy3_warrior048.jpg,True,True,True,,300,300
virabhadrasana_tf_0008,virabhadrasana,mixed Warrior I/II/III,TF,test,unlabelled,,Apache-2.0,data/datasets/yoga_poses/test/warrior/guy3_warrior049.jpg,True,False,False,no person detected,300,300
virabhadrasana_tf_0009,virabhadrasana,mixed Warrior I/II/III,TF,test,unlabelled,,Apache-2.0,data/datasets/yoga_poses/test/warrior/guy3_warrior050.jpg,True,False,False,no person detected,300,300
virabhadrasana_tf_0010,virabhadrasana,mixed Warrior I/II/III,TF,test,unlabelled,,Apache-2.0,data/datasets/yoga_poses/test/warrior/guy3_warrior051.jpg,True,False,False,no person detected,300,300
virabhadrasana_tf_0011,virabhadrasana,mixed Warrior I/II/III,TF,test,unlabelled,,Apache-2.0,data/datasets/yoga_poses/test/warrior/guy3_warrior052.jpg,True,False,False,no person detected,300,300
virabhadrasana_tf_0012,virabhadrasana,mixed Warrior I/II/III,TF,test,unlabelled,,Apache-2.0,data/datasets/yoga_poses/test/warrior/guy3_warrior053.jpg,True,False,False,no person detected,300,300
virabhadrasana_tf_0013,virabhadrasana,mixed Warrior I/II/III,TF,test,unlabelled,,Apache-2.0,data/datasets/yoga_poses/test/warrior/guy3_warrior054.jpg,True,True,True,,300,300
virabhadrasana_tf_0014,virabhadrasana,mixed Warrior I/II/III,TF,test,unlabelled,,Apache-2.0,data/datasets/yoga_poses/test/warrior/guy3_warrior055.jpg,True,False,False,no person detected,300,300
virabhadrasana_tf_0015,virabhadrasana,mixed Warrior I/II/III,TF,test,unlabelled,,Apache-2.0,data/datasets/yoga_poses/test/warrior/guy3_warrior056.jpg,True,True,True,,300,300
virabhadrasana_tf_0016,virabhadrasana,mixed Warrior I/II/III,TF,test,unlabelled,,Apache-2.0,data/datasets/yoga_poses/test/warrior/guy3_warrior057.jpg,True,True,True,,300,300
virabhadrasana_tf_0017,virabhadrasana,mixed Warrior I/II/III,TF,test,unlabelled,,Apache-2.0,data/datasets/yoga_poses/test/warrior/guy3_warrior058.jpg,True,True,True,,300,300
virabhadrasana_tf_0018,virabhadrasana,mixed Warrior I/II/III,TF,test,unlabelled,,Apache-2.0,data/datasets/yoga_poses/test/warrior/guy3_warrior059.jpg,True,True,True,,300,300
virabhadrasana_tf_0019,virabhadrasana,mixed Warrior I/II/III,TF,test,unlabelled,,Apache-2.0,data/datasets/yoga_poses/test/warrior/guy3_warrior060.jpg,True,True,True,,300,300
virabhadrasana_tf_0020,virabhadrasana,mixed Warrior I/II/III,TF,test,unlabelled,,Apache-2.0,data/datasets/yoga_poses/test/warrior/guy3_warrior061.jpg,True,True,True,,300,300
virabhadrasana_tf_0021,virabhadrasana,mixed Warrior I/II/III,TF,test,unlabelled,,Apache-2.0,data/datasets/yoga_poses/test/warrior/guy3_warrior062.jpg,True,False,False,no person detected,300,300
virabhadrasana_tf_0022,virabhadrasana,mixed Warrior I/II/III,TF,test,unlabelled,,Apache-2.0,data/datasets/yoga_poses/test/warrior/guy3_warrior063.jpg,True,True,True,,300,300
virabhadrasana_tf_0023,virabhadrasana,mixed Warrior I/II/III,TF,test,unlabelled,,Apache-2.0,data/datasets/yoga_poses/test/warrior/guy3_warrior064.jpg,True,True,True,,300,300
virabhadrasana_tf_0024,virabhadrasana,mixed Warrior I/II/III,TF,test,unlabelled,,Apache-2.0,data/datasets/yoga_poses/test/warrior/guy3_warrior065.jpg,True,True,True,,300,300
virabhadrasana_tf_0025,virabhadrasana,mixed Warrior I/II/III,TF,test,unlabelled,,Apache-2.0,data/datasets/yoga_poses/test/warrior/guy3_warrior066.jpg,True,False,False,no person detected,300,300
virabhadrasana_tf_0026,virabhadrasana,mixed Warrior I/II/III,TF,test,unlabelled,,Apache-2.0,data/datasets/yoga_poses/test/warrior/guy3_warrior067.jpg,True,True,True,,300,300
virabhadrasana_tf_0027,virabhadrasana,mixed Warrior I/II/III,TF,test,unlabelled,,Apache-2.0,data/datasets/yoga_poses/test/warrior/guy3_warrior068.jpg,True,True,True,,300,300
virabhadrasana_tf_0028,virabhadrasana,mixed Warrior I/II/III,TF,test,unlabelled,,Apache-2.0,data/datasets/yoga_poses/test/warrior/guy3_warrior069.jpg,True,False,False,no person detected,300,300
virabhadrasana_tf_0029,virabhadrasana,mixed Warrior I/II/III,TF,test,unlabelled,,Apache-2.0,data/datasets/yoga_poses/test/warrior/guy3_warrior070.jpg,True,True,True,,300,300
virabhadrasana_tf_0030,virabhadrasana,mixed Warrior I/II/III,TF,test,unlabelled,,Apache-2.0,data/datasets/yoga_poses/test/warrior/guy3_warrior071.jpg,True,True,True,,300,300
virabhadrasana_tf_0031,virabhadrasana,mixed Warrior I/II/III,TF,test,unlabelled,,Apache-2.0,data/datasets/yoga_poses/test/warrior/guy3_warrior072.jpg,True,True,True,,300,300
virabhadrasana_tf_0032,virabhadrasana,mixed Warrior I/II/III,TF,test,unlabelled,,Apache-2.0,data/datasets/yoga_poses/test/warrior/guy3_warrior073.jpg,True,True,True,,300,300
virabhadrasana_tf_0033,virabhadrasana,mixed Warrior I/II/III,TF,test,unlabelled,,Apache-2.0,data/datasets/yoga_poses/test/warrior/guy3_warrior074.jpg,True,True,True,,300,300
virabhadrasana_tf_0034,virabhadrasana,mixed Warrior I/II/III,TF,test,unlabelled,,Apache-2.0,data/datasets/yoga_poses/test/warrior/guy3_warrior075.jpg,True,False,False,no person detected,300,300
virabhadrasana_tf_0035,virabhadrasana,mixed Warrior I/II/III,TF,test,unlabelled,,Apache-2.0,data/datasets/yoga_poses/test/warrior/guy3_warrior076.jpg,True,True,True,,300,300
virabhadrasana_tf_0036,virabhadrasana,mixed Warrior I/II/III,TF,test,unlabelled,,Apache-2.0,data/datasets/yoga_poses/test/warrior/guy3_warrior077.jpg,True,True,True,,300,300
virabhadrasana_tf_0037,virabhadrasana,mixed Warrior I/II/III,TF,test,unlabelled,,Apache-2.0,data/datasets/yoga_poses/test/warrior/guy3_warrior078.jpg,True,True,True,,300,300
virabhadrasana_tf_0038,virabhadrasana,mixed Warrior I/II/III,TF,test,unlabelled,,Apache-2.0,data/datasets/yoga_poses/test/warrior/guy3_warrior079.jpg,True,True,True,,300,300
virabhadrasana_tf_0039,virabhadrasana,mixed Warrior I/II/III,TF,test,unlabelled,,Apache-2.0,data/datasets/yoga_poses/test/warrior/guy3_warrior080.jpg,True,True,True,,300,300
virabhadrasana_tf_0040,virabhadrasana,mixed Warrior I/II/III,TF,test,unlabelled,,Apache-2.0,data/datasets/yoga_poses/test/warrior/guy3_warrior081.jpg,True,False,False,no person detected,300,300
virabhadrasana_tf_0041,virabhadrasana,mixed Warrior I/II/III,TF,test,unlabelled,,Apache-2.0,data/datasets/yoga_poses/test/warrior/guy3_warrior082.jpg,True,True,True,,300,300
virabhadrasana_tf_0042,virabhadrasana,mixed Warrior I/II/III,TF,test,unlabelled,,Apache-2.0,data/datasets/yoga_poses/test/warrior/guy3_warrior083.jpg,True,True,True,,300,300
virabhadrasana_tf_0043,virabhadrasana,mixed Warrior I/II/III,TF,test,unlabelled,,Apache-2.0,data/datasets/yoga_poses/test/warrior/guy3_warrior084.jpg,True,True,True,,300,300
virabhadrasana_tf_0044,virabhadrasana,mixed Warrior I/II/III,TF,test,unlabelled,,Apache-2.0,data/datasets/yoga_poses/test/warrior/guy3_warrior085.jpg,True,True,True,,300,300
virabhadrasana_tf_0045,virabhadrasana,mixed Warrior I/II/III,TF,test,unlabelled,,Apache-2.0,data/datasets/yoga_poses/test/warrior/guy3_warrior086.jpg,True,True,True,,300,300
virabhadrasana_tf_0046,virabhadrasana,mixed Warrior I/II/III,TF,test,unlabelled,,Apache-2.0,data/datasets/yoga_poses/test/warrior/guy3_warrior087.jpg,True,True,True,,300,300
virabhadrasana_tf_0047,virabhadrasana,mixed Warrior I/II/III,TF,test,unlabelled,,Apache-2.0,data/datasets/yoga_poses/test/warrior/guy3_warrior088.jpg,True,True,True,,300,300
virabhadrasana_tf_0048,virabhadrasana,mixed Warrior I/II/III,TF,test,unlabelled,,Apache-2.0,data/datasets/yoga_poses/test/warrior/guy3_warrior089.jpg,True,True,True,,300,300
virabhadrasana_tf_0049,virabhadrasana,mixed Warrior I/II/III,TF,test,unlabelled,,Apache-2.0,data/datasets/yoga_poses/test/warrior/guy3_warrior090.jpg,True,True,True,,300,300
virabhadrasana_tf_0050,virabhadrasana,mixed Warrior I/II/III,TF,test,unlabelled,,Apache-2.0,data/datasets/yoga_poses/test/warrior/guy3_warrior091.jpg,True,True,True,,300,300
virabhadrasana_tf_0051,virabhadrasana,mixed Warrior I/II/III,TF,test,unlabelled,,Apache-2.0,data/datasets/yoga_poses/test/warrior/guy3_warrior092.jpg,True,True,True,,300,300
virabhadrasana_tf_0052,virabhadrasana,mixed Warrior I/II/III,TF,test,unlabelled,,Apache-2.0,data/datasets/yoga_poses/test/warrior/guy3_warrior093.jpg,True,True,True,,300,300
virabhadrasana_tf_0053,virabhadrasana,mixed Warrior I/II/III,TF,test,unlabelled,,Apache-2.0,data/datasets/yoga_poses/test/warrior/guy3_warrior094.jpg,True,True,True,,300,300
virabhadrasana_tf_0054,virabhadrasana,mixed Warrior I/II/III,TF,test,unlabelled,,Apache-2.0,data/datasets/yoga_poses/test/warrior/guy3_warrior095.jpg,True,True,True,,300,300
virabhadrasana_tf_0055,virabhadrasana,mixed Warrior I/II/III,TF,test,unlabelled,,Apache-2.0,data/datasets/yoga_poses/test/warrior/guy3_warrior096.jpg,True,True,True,,300,300
virabhadrasana_tf_0056,virabhadrasana,mixed Warrior I/II/III,TF,test,unlabelled,,Apache-2.0,data/datasets/yoga_poses/test/warrior/guy3_warrior097.jpg,True,True,True,,300,300
virabhadrasana_tf_0057,virabhadrasana,mixed Warrior I/II/III,TF,test,unlabelled,,Apache-2.0,data/datasets/yoga_poses/test/warrior/guy3_warrior098.jpg,True,True,True,,300,300
virabhadrasana_tf_0058,virabhadrasana,mixed Warrior I/II/III,TF,test,unlabelled,,Apache-2.0,data/datasets/yoga_poses/test/warrior/guy3_warrior099.jpg,True,True,True,,300,300
virabhadrasana_tf_0059,virabhadrasana,mixed Warrior I/II/III,TF,test,unlabelled,,Apache-2.0,data/datasets/yoga_poses/test/warrior/guy3_warrior100.jpg,True,True,True,,300,300
virabhadrasana_tf_0060,virabhadrasana,mixed Warrior I/II/III,TF,test,unlabelled,,Apache-2.0,data/datasets/yoga_poses/test/warrior/guy3_warrior101.jpg,True,True,True,,300,300
virabhadrasana_tf_0061,virabhadrasana,mixed Warrior I/II/III,TF,test,unlabelled,,Apache-2.0,data/datasets/yoga_poses/test/warrior/guy3_warrior102.jpg,True,True,True,,300,300
virabhadrasana_tf_0062,virabhadrasana,mixed Warrior I/II/III,TF,test,unlabelled,,Apache-2.0,data/datasets/yoga_poses/test/warrior/guy3_warrior103.jpg,True,True,True,,300,300
virabhadrasana_tf_0063,virabhadrasana,mixed Warrior I/II/III,TF,test,unlabelled,,Apache-2.0,data/datasets/yoga_poses/test/warrior/guy3_warrior104.jpg,True,True,True,,300,300
virabhadrasana_tf_0064,virabhadrasana,mixed Warrior I/II/III,TF,test,unlabelled,,Apache-2.0,data/datasets/yoga_poses/test/warrior/guy3_warrior105.jpg,True,True,True,,300,300
virabhadrasana_tf_0065,virabhadrasana,mixed Warrior I/II/III,TF,test,unlabelled,,Apache-2.0,data/datasets/yoga_poses/test/warrior/guy3_warrior106.jpg,True,True,True,,300,300
virabhadrasana_tf_0066,virabhadrasana,mixed Warrior I/II/III,TF,test,unlabelled,,Apache-2.0,data/datasets/yoga_poses/test/warrior/guy3_warrior107.jpg,True,True,True,,300,300
virabhadrasana_tf_0067,virabhadrasana,mixed Warrior I/II/III,TF,test,unlabelled,,Apache-2.0,data/datasets/yoga_poses/test/warrior/guy3_warrior108.jpg,True,True,True,,300,300
virabhadrasana_tf_0068,virabhadrasana,mixed Warrior I/II/III,TF,test,unlabelled,,Apache-2.0,data/datasets/yoga_poses/test/warrior/guy3_warrior109.jpg,True,True,True,,300,300
virabhadrasana_tf_0069,virabhadrasana,mixed Warrior I/II/III,TF,test,unlabelled,,Apache-2.0,data/datasets/yoga_poses/test/warrior/guy3_warrior110.jpg,True,True,True,,300,300
virabhadrasana_tf_0070,virabhadrasana,mixed Warrior I/II/III,TF,test,unlabelled,,Apache-2.0,data/datasets/yoga_poses/test/warrior/guy3_warrior111.jpg,True,True,True,,300,300
virabhadrasana_tf_0071,virabhadrasana,mixed Warrior I/II/III,TF,test,unlabelled,,Apache-2.0,data/datasets/yoga_poses/test/warrior/guy3_warrior112.jpg,True,True,True,,300,300
virabhadrasana_tf_0072,virabhadrasana,mixed Warrior I/II/III,TF,test,unlabelled,,Apache-2.0,data/datasets/yoga_poses/test/warrior/guy3_warrior113.jpg,True,True,True,,300,300
virabhadrasana_tf_0073,virabhadrasana,mixed Warrior I/II/III,TF,test,unlabelled,,Apache-2.0,data/datasets/yoga_poses/test/warrior/guy3_warrior114.jpg,True,True,True,,300,300
virabhadrasana_tf_0074,virabhadrasana,mixed Warrior I/II/III,TF,test,unlabelled,,Apache-2.0,data/datasets/yoga_poses/test/warrior/guy3_warrior115.jpg,True,True,True,,300,300
virabhadrasana_tf_0075,virabhadrasana,mixed Warrior I/II/III,TF,test,unlabelled,,Apache-2.0,data/datasets/yoga_poses/test/warrior/guy3_warrior116.jpg,True,True,True,,300,300
virabhadrasana_tf_0076,virabhadrasana,mixed Warrior I/II/III,TF,test,unlabelled,,Apache-2.0,data/datasets/yoga_poses/test/warrior/guy3_warrior117.jpg,True,True,True,,300,300
virabhadrasana_tf_0077,virabhadrasana,mixed Warrior I/II/III,TF,test,unlabelled,,Apache-2.0,data/datasets/yoga_poses/test/warrior/guy3_warrior118.jpg,True,True,True,,300,300
virabhadrasana_tf_0078,virabhadrasana,mixed Warrior I/II/III,TF,test,unlabelled,,Apache-2.0,data/datasets/yoga_poses/test/warrior/guy3_warrior119.jpg,True,True,True,,300,300
virabhadrasana_tf_0079,virabhadrasana,mixed Warrior I/II/III,TF,test,unlabelled,,Apache-2.0,data/datasets/yoga_poses/test/warrior/guy3_warrior120.jpg,True,True,True,,300,300
virabhadrasana_tf_0080,virabhadrasana,mixed Warrior I/II/III,TF,test,unlabelled,,Apache-2.0,data/datasets/yoga_poses/test/warrior/guy3_warrior121.jpg,True,True,True,,300,300
virabhadrasana_tf_0081,virabhadrasana,mixed Warrior I/II/III,TF,test,unlabelled,,Apache-2.0,data/datasets/yoga_poses/test/warrior/guy3_warrior122.jpg,True,True,True,,300,300
virabhadrasana_tf_0082,virabhadrasana,mixed Warrior I/II/III,TF,test,unlabelled,,Apache-2.0,data/datasets/yoga_poses/test/warrior/guy3_warrior123.jpg,True,True,True,,300,300
virabhadrasana_tf_0083,virabhadrasana,mixed Warrior I/II/III,TF,test,unlabelled,,Apache-2.0,data/datasets/yoga_poses/test/warrior/guy3_warrior124.jpg,True,True,True,,300,300
virabhadrasana_tf_0084,virabhadrasana,mixed Warrior I/II/III,TF,test,unlabelled,,Apache-2.0,data/datasets/yoga_poses/test/warrior/guy3_warrior125.jpg,True,True,True,,300,300
virabhadrasana_tf_0085,virabhadrasana,mixed Warrior I/II/III,TF,test,unlabelled,,Apache-2.0,data/datasets/yoga_poses/test/warrior/guy3_warrior126.jpg,True,True,True,,300,300
virabhadrasana_tf_0086,virabhadrasana,mixed Warrior I/II/III,TF,test,unlabelled,,Apache-2.0,data/datasets/yoga_poses/test/warrior/guy3_warrior127.jpg,True,True,True,,300,300
virabhadrasana_tf_0087,virabhadrasana,mixed Warrior I/II/III,TF,test,unlabelled,,Apache-2.0,data/datasets/yoga_poses/test/warrior/guy3_warrior128.jpg,True,True,True,,300,300
virabhadrasana_tf_0088,virabhadrasana,mixed Warrior I/II/III,TF,test,unlabelled,,Apache-2.0,data/datasets/yoga_poses/test/warrior/guy3_warrior129.jpg,True,True,True,,300,300
virabhadrasana_tf_0089,virabhadrasana,mixed Warrior I/II/III,TF,test,unlabelled,,Apache-2.0,data/datasets/yoga_poses/test/warrior/guy3_warrior130.jpg,True,True,True,,300,300
virabhadrasana_tf_0090,virabhadrasana,mixed Warrior I/II/III,TF,test,unlabelled,,Apache-2.0,data/datasets/yoga_poses/test/warrior/guy3_warrior131.jpg,True,True,True,,300,300
virabhadrasana_tf_0091,virabhadrasana,mixed Warrior I/II/III,TF,test,unlabelled,,Apache-2.0,data/datasets/yoga_poses/test/warrior/guy3_warrior132.jpg,True,True,True,,300,300
virabhadrasana_tf_0092,virabhadrasana,mixed Warrior I/II/III,TF,test,unlabelled,,Apache-2.0,data/datasets/yoga_poses/test/warrior/guy3_warrior133.jpg,True,True,True,,300,300
virabhadrasana_tf_0093,virabhadrasana,mixed Warrior I/II/III,TF,test,unlabelled,,Apache-2.0,data/datasets/yoga_poses/test/warrior/guy3_warrior134.jpg,True,True,True,,300,300
virabhadrasana_tf_0094,virabhadrasana,mixed Warrior I/II/III,TF,test,unlabelled,,Apache-2.0,data/datasets/yoga_poses/test/warrior/guy3_warrior135.jpg,True,True,True,,300,300
virabhadrasana_tf_0095,virabhadrasana,mixed Warrior I/II/III,TF,test,unlabelled,,Apache-2.0,data/datasets/yoga_poses/test/warrior/guy3_warrior136.jpg,True,True,True,,300,300
virabhadrasana_tf_0096,virabhadrasana,mixed Warrior I/II/III,TF,test,unlabelled,,Apache-2.0,data/datasets/yoga_poses/test/warrior/guy3_warrior137.jpg,True,True,True,,300,300
virabhadrasana_tf_0097,virabhadrasana,mixed Warrior I/II/III,TF,test,unlabelled,,Apache-2.0,data/datasets/yoga_poses/test/warrior/guy3_warrior138.jpg,True,True,True,,300,300
virabhadrasana_tf_0098,virabhadrasana,mixed Warrior I/II/III,TF,test,unlabelled,,Apache-2.0,data/datasets/yoga_poses/test/warrior/guy3_warrior139.jpg,True,True,True,,300,300
virabhadrasana_tf_0099,virabhadrasana,mixed Warrior I/II/III,TF,test,unlabelled,,Apache-2.0,data/datasets/yoga_poses/test/warrior/guy3_warrior140.jpg,True,True,True,,300,300
virabhadrasana_tf_0100,virabhadrasana,mixed Warrior I/II/III,TF,test,unlabelled,,Apache-2.0,data/datasets/yoga_poses/test/warrior/guy3_warrior141.jpg,True,True,True,,300,300
virabhadrasana_tf_0101,virabhadrasana,mixed Warrior I/II/III,TF,test,unlabelled,,Apache-2.0,data/datasets/yoga_poses/test/warrior/guy3_warrior142.jpg,True,True,True,,300,300
virabhadrasana_tf_0102,virabhadrasana,mixed Warrior I/II/III,TF,test,unlabelled,,Apache-2.0,data/datasets/yoga_poses/test/warrior/guy3_warrior143.jpg,True,True,True,,300,300
virabhadrasana_tf_0103,virabhadrasana,mixed Warrior I/II/III,TF,test,unlabelled,,Apache-2.0,data/datasets/yoga_poses/test/warrior/guy3_warrior144.jpg,True,True,True,,300,300
virabhadrasana_tf_0104,virabhadrasana,mixed Warrior I/II/III,TF,test,unlabelled,,Apache-2.0,data/datasets/yoga_poses/test/warrior/guy3_warrior145.jpg,True,True,True,,300,300
virabhadrasana_tf_0105,virabhadrasana,mixed Warrior I/II/III,TF,test,unlabelled,,Apache-2.0,data/datasets/yoga_poses/test/warrior/guy3_warrior146.jpg,True,True,True,,300,300
virabhadrasana_tf_0106,virabhadrasana,mixed Warrior I/II/III,TF,test,unlabelled,,Apache-2.0,data/datasets/yoga_poses/test/warrior/guy3_warrior147.jpg,True,True,True,,300,300
virabhadrasana_tf_0107,virabhadrasana,mixed Warrior I/II/III,TF,test,unlabelled,,Apache-2.0,data/datasets/yoga_poses/test/warrior/guy3_warrior148.jpg,True,True,True,,300,300
virabhadrasana_tf_0108,virabhadrasana,mixed Warrior I/II/III,TF,test,unlabelled,,Apache-2.0,data/datasets/yoga_poses/test/warrior/guy3_warrior149.jpg,True,True,True,,300,300
virabhadrasana_tf_0109,virabhadrasana,mixed Warrior I/II/III,TF,test,unlabelled,,Apache-2.0,data/datasets/yoga_poses/test/warrior/guy3_warrior150.jpg,True,True,True,,300,300
virabhadrasana_tf_0110,virabhadrasana,mixed Warrior I/II/III,TF,train,unlabelled,,Apache-2.0,data/datasets/yoga_poses/train/warrior/girl1_warrior046.jpg,True,True,True,,300,300
virabhadrasana_tf_0111,virabhadrasana,mixed Warrior I/II/III,TF,train,unlabelled,,Apache-2.0,data/datasets/yoga_poses/train/warrior/girl1_warrior048.jpg,True,True,True,,300,300
virabhadrasana_tf_0112,virabhadrasana,mixed Warrior I/II/III,TF,train,unlabelled,,Apache-2.0,data/datasets/yoga_poses/train/warrior/girl1_warrior049.jpg,True,True,True,,300,300
virabhadrasana_tf_0113,virabhadrasana,mixed Warrior I/II/III,TF,train,unlabelled,,Apache-2.0,data/datasets/yoga_poses/train/warrior/girl1_warrior053.jpg,True,True,True,,300,300
virabhadrasana_tf_0114,virabhadrasana,mixed Warrior I/II/III,TF,train,unlabelled,,Apache-2.0,data/datasets/yoga_poses/train/warrior/girl1_warrior064.jpg,True,True,True,,300,300
virabhadrasana_tf_0115,virabhadrasana,mixed Warrior I/II/III,TF,train,unlabelled,,Apache-2.0,data/datasets/yoga_poses/train/warrior/girl1_warrior066.jpg,True,True,True,,300,300
virabhadrasana_tf_0116,virabhadrasana,mixed Warrior I/II/III,TF,train,unlabelled,,Apache-2.0,data/datasets/yoga_poses/train/warrior/girl1_warrior067.jpg,True,True,True,,300,300
virabhadrasana_tf_0117,virabhadrasana,mixed Warrior I/II/III,TF,train,unlabelled,,Apache-2.0,data/datasets/yoga_poses/train/warrior/girl1_warrior072.jpg,True,True,True,,300,300
virabhadrasana_tf_0118,virabhadrasana,mixed Warrior I/II/III,TF,train,unlabelled,,Apache-2.0,data/datasets/yoga_poses/train/warrior/girl1_warrior075.jpg,True,True,True,,300,300
virabhadrasana_tf_0119,virabhadrasana,mixed Warrior I/II/III,TF,train,unlabelled,,Apache-2.0,data/datasets/yoga_poses/train/warrior/girl1_warrior077.jpg,True,True,True,,300,300
virabhadrasana_tf_0120,virabhadrasana,mixed Warrior I/II/III,TF,train,unlabelled,,Apache-2.0,data/datasets/yoga_poses/train/warrior/girl1_warrior080.jpg,True,True,True,,300,300
virabhadrasana_tf_0121,virabhadrasana,mixed Warrior I/II/III,TF,train,unlabelled,,Apache-2.0,data/datasets/yoga_poses/train/warrior/girl1_warrior083.jpg,True,True,True,,300,300
virabhadrasana_tf_0122,virabhadrasana,mixed Warrior I/II/III,TF,train,unlabelled,,Apache-2.0,data/datasets/yoga_poses/train/warrior/girl1_warrior084.jpg,True,True,True,,300,300
virabhadrasana_tf_0123,virabhadrasana,mixed Warrior I/II/III,TF,train,unlabelled,,Apache-2.0,data/datasets/yoga_poses/train/warrior/girl1_warrior087.jpg,True,True,True,,300,300
virabhadrasana_tf_0124,virabhadrasana,mixed Warrior I/II/III,TF,train,unlabelled,,Apache-2.0,data/datasets/yoga_poses/train/warrior/girl1_warrior089.jpg,True,True,True,,300,300
virabhadrasana_tf_0125,virabhadrasana,mixed Warrior I/II/III,TF,train,unlabelled,,Apache-2.0,data/datasets/yoga_poses/train/warrior/girl1_warrior093.jpg,True,True,True,,300,300
virabhadrasana_tf_0126,virabhadrasana,mixed Warrior I/II/III,TF,train,unlabelled,,Apache-2.0,data/datasets/yoga_poses/train/warrior/girl1_warrior094.jpg,True,True,True,,300,300
virabhadrasana_tf_0127,virabhadrasana,mixed Warrior I/II/III,TF,train,unlabelled,,Apache-2.0,data/datasets/yoga_poses/train/warrior/girl1_warrior095.jpg,True,True,True,,300,300
virabhadrasana_tf_0128,virabhadrasana,mixed Warrior I/II/III,TF,train,unlabelled,,Apache-2.0,data/datasets/yoga_poses/train/warrior/girl1_warrior098.jpg,True,True,True,,300,300
virabhadrasana_tf_0129,virabhadrasana,mixed Warrior I/II/III,TF,train,unlabelled,,Apache-2.0,data/datasets/yoga_poses/train/warrior/girl1_warrior099.jpg,True,True,True,,300,300
virabhadrasana_tf_0130,virabhadrasana,mixed Warrior I/II/III,TF,train,unlabelled,,Apache-2.0,data/datasets/yoga_poses/train/warrior/girl1_warrior100.jpg,True,True,True,,300,300
virabhadrasana_tf_0131,virabhadrasana,mixed Warrior I/II/III,TF,train,unlabelled,,Apache-2.0,data/datasets/yoga_poses/train/warrior/girl1_warrior103.jpg,True,True,True,,300,300
virabhadrasana_tf_0132,virabhadrasana,mixed Warrior I/II/III,TF,train,unlabelled,,Apache-2.0,data/datasets/yoga_poses/train/warrior/girl1_warrior108.jpg,True,True,True,,300,300
virabhadrasana_tf_0133,virabhadrasana,mixed Warrior I/II/III,TF,train,unlabelled,,Apache-2.0,data/datasets/yoga_poses/train/warrior/girl1_warrior109.jpg,True,True,True,,300,300
virabhadrasana_tf_0134,virabhadrasana,mixed Warrior I/II/III,TF,train,unlabelled,,Apache-2.0,data/datasets/yoga_poses/train/warrior/girl1_warrior111.jpg,True,True,True,,300,300
virabhadrasana_tf_0135,virabhadrasana,mixed Warrior I/II/III,TF,train,unlabelled,,Apache-2.0,data/datasets/yoga_poses/train/warrior/girl1_warrior112.jpg,True,True,True,,300,300
virabhadrasana_tf_0136,virabhadrasana,mixed Warrior I/II/III,TF,train,unlabelled,,Apache-2.0,data/datasets/yoga_poses/train/warrior/girl1_warrior113.jpg,True,True,True,,300,300
virabhadrasana_tf_0137,virabhadrasana,mixed Warrior I/II/III,TF,train,unlabelled,,Apache-2.0,data/datasets/yoga_poses/train/warrior/girl1_warrior114.jpg,True,True,True,,300,300
virabhadrasana_tf_0138,virabhadrasana,mixed Warrior I/II/III,TF,train,unlabelled,,Apache-2.0,data/datasets/yoga_poses/train/warrior/girl1_warrior116.jpg,True,True,True,,300,300
virabhadrasana_tf_0139,virabhadrasana,mixed Warrior I/II/III,TF,train,unlabelled,,Apache-2.0,data/datasets/yoga_poses/train/warrior/girl1_warrior117.jpg,True,True,True,,300,300
virabhadrasana_tf_0140,virabhadrasana,mixed Warrior I/II/III,TF,train,unlabelled,,Apache-2.0,data/datasets/yoga_poses/train/warrior/girl1_warrior118.jpg,True,True,True,,300,300
virabhadrasana_tf_0141,virabhadrasana,mixed Warrior I/II/III,TF,train,unlabelled,,Apache-2.0,data/datasets/yoga_poses/train/warrior/girl1_warrior119.jpg,True,True,True,,300,300
virabhadrasana_tf_0142,virabhadrasana,mixed Warrior I/II/III,TF,train,unlabelled,,Apache-2.0,data/datasets/yoga_poses/train/warrior/girl1_warrior123.jpg,True,True,True,,300,300
virabhadrasana_tf_0143,virabhadrasana,mixed Warrior I/II/III,TF,train,unlabelled,,Apache-2.0,data/datasets/yoga_poses/train/warrior/girl1_warrior125.jpg,True,True,True,,300,300
virabhadrasana_tf_0144,virabhadrasana,mixed Warrior I/II/III,TF,train,unlabelled,,Apache-2.0,data/datasets/yoga_poses/train/warrior/girl1_warrior128.jpg,True,True,True,,300,300
virabhadrasana_tf_0145,virabhadrasana,mixed Warrior I/II/III,TF,train,unlabelled,,Apache-2.0,data/datasets/yoga_poses/train/warrior/girl1_warrior129.jpg,True,True,True,,300,300
virabhadrasana_tf_0146,virabhadrasana,mixed Warrior I/II/III,TF,train,unlabelled,,Apache-2.0,data/datasets/yoga_poses/train/warrior/girl1_warrior134.jpg,True,True,True,,300,300
virabhadrasana_tf_0147,virabhadrasana,mixed Warrior I/II/III,TF,train,unlabelled,,Apache-2.0,data/datasets/yoga_poses/train/warrior/girl1_warrior139.jpg,True,True,True,,300,300
virabhadrasana_tf_0148,virabhadrasana,mixed Warrior I/II/III,TF,train,unlabelled,,Apache-2.0,data/datasets/yoga_poses/train/warrior/girl1_warrior143.jpg,True,True,True,,300,300
virabhadrasana_tf_0149,virabhadrasana,mixed Warrior I/II/III,TF,train,unlabelled,,Apache-2.0,data/datasets/yoga_poses/train/warrior/girl1_warrior144.jpg,True,True,True,,300,300
virabhadrasana_tf_0150,virabhadrasana,mixed Warrior I/II/III,TF,train,unlabelled,,Apache-2.0,data/datasets/yoga_poses/train/warrior/girl2_warrior047.jpg,True,True,True,,300,300
virabhadrasana_tf_0151,virabhadrasana,mixed Warrior I/II/III,TF,train,unlabelled,,Apache-2.0,data/datasets/yoga_poses/train/warrior/girl2_warrior049.jpg,True,True,True,,300,300
virabhadrasana_tf_0152,virabhadrasana,mixed Warrior I/II/III,TF,train,unlabelled,,Apache-2.0,data/datasets/yoga_poses/train/warrior/girl2_warrior050.jpg,True,True,True,,300,300
virabhadrasana_tf_0153,virabhadrasana,mixed Warrior I/II/III,TF,train,unlabelled,,Apache-2.0,data/datasets/yoga_poses/train/warrior/girl2_warrior052.jpg,True,True,True,,300,300
virabhadrasana_tf_0154,virabhadrasana,mixed Warrior I/II/III,TF,train,unlabelled,,Apache-2.0,data/datasets/yoga_poses/train/warrior/girl2_warrior057.jpg,True,True,True,,300,300
virabhadrasana_tf_0155,virabhadrasana,mixed Warrior I/II/III,TF,train,unlabelled,,Apache-2.0,data/datasets/yoga_poses/train/warrior/girl2_warrior058.jpg,True,True,True,,300,300
virabhadrasana_tf_0156,virabhadrasana,mixed Warrior I/II/III,TF,train,unlabelled,,Apache-2.0,data/datasets/yoga_poses/train/warrior/girl2_warrior063.jpg,True,True,True,,300,300
virabhadrasana_tf_0157,virabhadrasana,mixed Warrior I/II/III,TF,train,unlabelled,,Apache-2.0,data/datasets/yoga_poses/train/warrior/girl2_warrior068.jpg,True,True,True,,300,300
virabhadrasana_tf_0158,virabhadrasana,mixed Warrior I/II/III,TF,train,unlabelled,,Apache-2.0,data/datasets/yoga_poses/train/warrior/girl2_warrior078.jpg,True,False,False,no person detected,300,300
virabhadrasana_tf_0159,virabhadrasana,mixed Warrior I/II/III,TF,train,unlabelled,,Apache-2.0,data/datasets/yoga_poses/train/warrior/girl2_warrior079.jpg,True,False,False,no person detected,300,300
virabhadrasana_tf_0160,virabhadrasana,mixed Warrior I/II/III,TF,train,unlabelled,,Apache-2.0,data/datasets/yoga_poses/train/warrior/girl2_warrior083.jpg,True,True,True,,300,300
virabhadrasana_tf_0161,virabhadrasana,mixed Warrior I/II/III,TF,train,unlabelled,,Apache-2.0,data/datasets/yoga_poses/train/warrior/girl2_warrior085.jpg,True,True,True,,300,300
virabhadrasana_tf_0162,virabhadrasana,mixed Warrior I/II/III,TF,train,unlabelled,,Apache-2.0,data/datasets/yoga_poses/train/warrior/girl2_warrior088.jpg,True,True,True,,300,300
virabhadrasana_tf_0163,virabhadrasana,mixed Warrior I/II/III,TF,train,unlabelled,,Apache-2.0,data/datasets/yoga_poses/train/warrior/girl2_warrior092.jpg,True,True,True,,300,300
virabhadrasana_tf_0164,virabhadrasana,mixed Warrior I/II/III,TF,train,unlabelled,,Apache-2.0,data/datasets/yoga_poses/train/warrior/girl2_warrior094.jpg,True,True,True,,300,300
virabhadrasana_tf_0165,virabhadrasana,mixed Warrior I/II/III,TF,train,unlabelled,,Apache-2.0,data/datasets/yoga_poses/train/warrior/girl2_warrior096.jpg,True,True,True,,300,300
virabhadrasana_tf_0166,virabhadrasana,mixed Warrior I/II/III,TF,train,unlabelled,,Apache-2.0,data/datasets/yoga_poses/train/warrior/girl2_warrior097.jpg,True,True,True,,300,300
virabhadrasana_tf_0167,virabhadrasana,mixed Warrior I/II/III,TF,train,unlabelled,,Apache-2.0,data/datasets/yoga_poses/train/warrior/girl2_warrior099.jpg,True,True,True,,300,300
virabhadrasana_tf_0168,virabhadrasana,mixed Warrior I/II/III,TF,train,unlabelled,,Apache-2.0,data/datasets/yoga_poses/train/warrior/girl2_warrior102.jpg,True,True,True,,300,300
virabhadrasana_tf_0169,virabhadrasana,mixed Warrior I/II/III,TF,train,unlabelled,,Apache-2.0,data/datasets/yoga_poses/train/warrior/girl2_warrior106.jpg,True,True,True,,300,300
virabhadrasana_tf_0170,virabhadrasana,mixed Warrior I/II/III,TF,train,unlabelled,,Apache-2.0,data/datasets/yoga_poses/train/warrior/girl2_warrior108.jpg,True,True,True,,300,300
virabhadrasana_tf_0171,virabhadrasana,mixed Warrior I/II/III,TF,train,unlabelled,,Apache-2.0,data/datasets/yoga_poses/train/warrior/girl2_warrior109.jpg,True,True,True,,300,300
virabhadrasana_tf_0172,virabhadrasana,mixed Warrior I/II/III,TF,train,unlabelled,,Apache-2.0,data/datasets/yoga_poses/train/warrior/girl2_warrior112.jpg,True,True,True,,300,300
virabhadrasana_tf_0173,virabhadrasana,mixed Warrior I/II/III,TF,train,unlabelled,,Apache-2.0,data/datasets/yoga_poses/train/warrior/girl2_warrior114.jpg,True,True,True,,300,300
virabhadrasana_tf_0174,virabhadrasana,mixed Warrior I/II/III,TF,train,unlabelled,,Apache-2.0,data/datasets/yoga_poses/train/warrior/girl2_warrior115.jpg,True,True,True,,300,300
virabhadrasana_tf_0175,virabhadrasana,mixed Warrior I/II/III,TF,train,unlabelled,,Apache-2.0,data/datasets/yoga_poses/train/warrior/girl2_warrior117.jpg,True,True,True,,300,300
virabhadrasana_tf_0176,virabhadrasana,mixed Warrior I/II/III,TF,train,unlabelled,,Apache-2.0,data/datasets/yoga_poses/train/warrior/girl2_warrior118.jpg,True,True,True,,300,300
virabhadrasana_tf_0177,virabhadrasana,mixed Warrior I/II/III,TF,train,unlabelled,,Apache-2.0,data/datasets/yoga_poses/train/warrior/girl2_warrior124.jpg,True,True,True,,300,300
virabhadrasana_tf_0178,virabhadrasana,mixed Warrior I/II/III,TF,train,unlabelled,,Apache-2.0,data/datasets/yoga_poses/train/warrior/girl2_warrior127.jpg,True,True,True,,300,300
virabhadrasana_tf_0179,virabhadrasana,mixed Warrior I/II/III,TF,train,unlabelled,,Apache-2.0,data/datasets/yoga_poses/train/warrior/girl2_warrior128.jpg,True,True,True,,300,300
virabhadrasana_tf_0180,virabhadrasana,mixed Warrior I/II/III,TF,train,unlabelled,,Apache-2.0,data/datasets/yoga_poses/train/warrior/girl2_warrior130.jpg,True,True,True,,300,300
virabhadrasana_tf_0181,virabhadrasana,mixed Warrior I/II/III,TF,train,unlabelled,,Apache-2.0,data/datasets/yoga_poses/train/warrior/girl2_warrior142.jpg,True,True,True,,300,300
virabhadrasana_tf_0182,virabhadrasana,mixed Warrior I/II/III,TF,train,unlabelled,,Apache-2.0,data/datasets/yoga_poses/train/warrior/girl2_warrior144.jpg,True,True,True,,300,300
virabhadrasana_tf_0183,virabhadrasana,mixed Warrior I/II/III,TF,train,unlabelled,,Apache-2.0,data/datasets/yoga_poses/train/warrior/girl2_warrior147.jpg,True,True,True,,300,300
virabhadrasana_tf_0184,virabhadrasana,mixed Warrior I/II/III,TF,train,unlabelled,,Apache-2.0,data/datasets/yoga_poses/train/warrior/girl2_warrior148.jpg,True,True,True,,300,300
virabhadrasana_tf_0185,virabhadrasana,mixed Warrior I/II/III,TF,train,unlabelled,,Apache-2.0,data/datasets/yoga_poses/train/warrior/girl2_warrior149.jpg,True,True,True,,300,300
virabhadrasana_tf_0186,virabhadrasana,mixed Warrior I/II/III,TF,train,unlabelled,,Apache-2.0,data/datasets/yoga_poses/train/warrior/girl3_warrior042.jpg,True,True,True,,300,300
virabhadrasana_tf_0187,virabhadrasana,mixed Warrior I/II/III,TF,train,unlabelled,,Apache-2.0,data/datasets/yoga_poses/train/warrior/girl3_warrior043.jpg,True,True,True,,300,300
virabhadrasana_tf_0188,virabhadrasana,mixed Warrior I/II/III,TF,train,unlabelled,,Apache-2.0,data/datasets/yoga_poses/train/warrior/girl3_warrior047.jpg,True,True,True,,300,300
virabhadrasana_tf_0189,virabhadrasana,mixed Warrior I/II/III,TF,train,unlabelled,,Apache-2.0,data/datasets/yoga_poses/train/warrior/girl3_warrior049.jpg,True,True,True,,300,300
virabhadrasana_tf_0190,virabhadrasana,mixed Warrior I/II/III,TF,train,unlabelled,,Apache-2.0,data/datasets/yoga_poses/train/warrior/girl3_warrior050.jpg,True,True,True,,300,300
virabhadrasana_tf_0191,virabhadrasana,mixed Warrior I/II/III,TF,train,unlabelled,,Apache-2.0,data/datasets/yoga_poses/train/warrior/girl3_warrior051.jpg,True,True,True,,300,300
virabhadrasana_tf_0192,virabhadrasana,mixed Warrior I/II/III,TF,train,unlabelled,,Apache-2.0,data/datasets/yoga_poses/train/warrior/girl3_warrior054.jpg,True,True,True,,300,300
virabhadrasana_tf_0193,virabhadrasana,mixed Warrior I/II/III,TF,train,unlabelled,,Apache-2.0,data/datasets/yoga_poses/train/warrior/girl3_warrior056.jpg,True,True,True,,300,300
virabhadrasana_tf_0194,virabhadrasana,mixed Warrior I/II/III,TF,train,unlabelled,,Apache-2.0,data/datasets/yoga_poses/train/warrior/girl3_warrior057.jpg,True,True,True,,300,300
virabhadrasana_tf_0195,virabhadrasana,mixed Warrior I/II/III,TF,train,unlabelled,,Apache-2.0,data/datasets/yoga_poses/train/warrior/girl3_warrior061.jpg,True,True,True,,300,300
virabhadrasana_tf_0196,virabhadrasana,mixed Warrior I/II/III,TF,train,unlabelled,,Apache-2.0,data/datasets/yoga_poses/train/warrior/girl3_warrior066.jpg,True,True,True,,300,300
virabhadrasana_tf_0197,virabhadrasana,mixed Warrior I/II/III,TF,train,unlabelled,,Apache-2.0,data/datasets/yoga_poses/train/warrior/girl3_warrior067.jpg,True,True,True,,300,300
virabhadrasana_tf_0198,virabhadrasana,mixed Warrior I/II/III,TF,train,unlabelled,,Apache-2.0,data/datasets/yoga_poses/train/warrior/girl3_warrior073.jpg,True,True,True,,300,300
virabhadrasana_tf_0199,virabhadrasana,mixed Warrior I/II/III,TF,train,unlabelled,,Apache-2.0,data/datasets/yoga_poses/train/warrior/girl3_warrior074.jpg,True,True,True,,300,300
virabhadrasana_tf_0200,virabhadrasana,mixed Warrior I/II/III,TF,train,unlabelled,,Apache-2.0,data/datasets/yoga_poses/train/warrior/girl3_warrior075.jpg,True,True,True,,300,300
virabhadrasana_tf_0201,virabhadrasana,mixed Warrior I/II/III,TF,train,unlabelled,,Apache-2.0,data/datasets/yoga_poses/train/warrior/girl3_warrior079.jpg,True,True,True,,300,300
virabhadrasana_tf_0202,virabhadrasana,mixed Warrior I/II/III,TF,train,unlabelled,,Apache-2.0,data/datasets/yoga_poses/train/warrior/girl3_warrior085.jpg,True,True,True,,300,300
virabhadrasana_tf_0203,virabhadrasana,mixed Warrior I/II/III,TF,train,unlabelled,,Apache-2.0,data/datasets/yoga_poses/train/warrior/girl3_warrior087.jpg,True,True,True,,300,300
virabhadrasana_tf_0204,virabhadrasana,mixed Warrior I/II/III,TF,train,unlabelled,,Apache-2.0,data/datasets/yoga_poses/train/warrior/girl3_warrior089.jpg,True,True,True,,300,300
virabhadrasana_tf_0205,virabhadrasana,mixed Warrior I/II/III,TF,train,unlabelled,,Apache-2.0,data/datasets/yoga_poses/train/warrior/girl3_warrior090.jpg,True,True,True,,300,300
virabhadrasana_tf_0206,virabhadrasana,mixed Warrior I/II/III,TF,train,unlabelled,,Apache-2.0,data/datasets/yoga_poses/train/warrior/girl3_warrior091.jpg,True,True,True,,300,300
virabhadrasana_tf_0207,virabhadrasana,mixed Warrior I/II/III,TF,train,unlabelled,,Apache-2.0,data/datasets/yoga_poses/train/warrior/girl3_warrior092.jpg,True,True,True,,300,300
virabhadrasana_tf_0208,virabhadrasana,mixed Warrior I/II/III,TF,train,unlabelled,,Apache-2.0,data/datasets/yoga_poses/train/warrior/girl3_warrior094.jpg,True,True,True,,300,300
virabhadrasana_tf_0209,virabhadrasana,mixed Warrior I/II/III,TF,train,unlabelled,,Apache-2.0,data/datasets/yoga_poses/train/warrior/girl3_warrior095.jpg,True,True,True,,300,300
virabhadrasana_tf_0210,virabhadrasana,mixed Warrior I/II/III,TF,train,unlabelled,,Apache-2.0,data/datasets/yoga_poses/train/warrior/girl3_warrior096.jpg,True,True,True,,300,300
virabhadrasana_tf_0211,virabhadrasana,mixed Warrior I/II/III,TF,train,unlabelled,,Apache-2.0,data/datasets/yoga_poses/train/warrior/girl3_warrior100.jpg,True,True,True,,300,300
virabhadrasana_tf_0212,virabhadrasana,mixed Warrior I/II/III,TF,train,unlabelled,,Apache-2.0,data/datasets/yoga_poses/train/warrior/girl3_warrior103.jpg,True,True,True,,300,300
virabhadrasana_tf_0213,virabhadrasana,mixed Warrior I/II/III,TF,train,unlabelled,,Apache-2.0,data/datasets/yoga_poses/train/warrior/girl3_warrior107.jpg,True,True,True,,300,300
virabhadrasana_tf_0214,virabhadrasana,mixed Warrior I/II/III,TF,train,unlabelled,,Apache-2.0,data/datasets/yoga_poses/train/warrior/girl3_warrior115.jpg,True,True,True,,300,300
virabhadrasana_tf_0215,virabhadrasana,mixed Warrior I/II/III,TF,train,unlabelled,,Apache-2.0,data/datasets/yoga_poses/train/warrior/girl3_warrior117.jpg,True,True,True,,300,300
virabhadrasana_tf_0216,virabhadrasana,mixed Warrior I/II/III,TF,train,unlabelled,,Apache-2.0,data/datasets/yoga_poses/train/warrior/girl3_warrior119.jpg,True,True,True,,300,300
virabhadrasana_tf_0217,virabhadrasana,mixed Warrior I/II/III,TF,train,unlabelled,,Apache-2.0,data/datasets/yoga_poses/train/warrior/girl3_warrior125.jpg,True,True,True,,300,300
virabhadrasana_tf_0218,virabhadrasana,mixed Warrior I/II/III,TF,train,unlabelled,,Apache-2.0,data/datasets/yoga_poses/train/warrior/girl3_warrior127.jpg,True,True,True,,300,300
virabhadrasana_tf_0219,virabhadrasana,mixed Warrior I/II/III,TF,train,unlabelled,,Apache-2.0,data/datasets/yoga_poses/train/warrior/girl3_warrior129.jpg,True,True,True,,300,300
virabhadrasana_tf_0220,virabhadrasana,mixed Warrior I/II/III,TF,train,unlabelled,,Apache-2.0,data/datasets/yoga_poses/train/warrior/girl3_warrior134.jpg,True,True,True,,300,300
virabhadrasana_tf_0221,virabhadrasana,mixed Warrior I/II/III,TF,train,unlabelled,,Apache-2.0,data/datasets/yoga_poses/train/warrior/girl3_warrior138.jpg,True,True,True,,300,300
virabhadrasana_tf_0222,virabhadrasana,mixed Warrior I/II/III,TF,train,unlabelled,,Apache-2.0,data/datasets/yoga_poses/train/warrior/girl3_warrior140.jpg,True,True,True,,300,300
virabhadrasana_tf_0223,virabhadrasana,mixed Warrior I/II/III,TF,train,unlabelled,,Apache-2.0,data/datasets/yoga_poses/train/warrior/girl3_warrior142.jpg,True,True,True,,300,300
virabhadrasana_tf_0224,virabhadrasana,mixed Warrior I/II/III,TF,train,unlabelled,,Apache-2.0,data/datasets/yoga_poses/train/warrior/girl3_warrior143.jpg,True,True,True,,300,300
virabhadrasana_tf_0225,virabhadrasana,mixed Warrior I/II/III,TF,train,unlabelled,,Apache-2.0,data/datasets/yoga_poses/train/warrior/girl3_warrior146.jpg,True,True,True,,300,300
virabhadrasana_tf_0226,virabhadrasana,mixed Warrior I/II/III,TF,train,unlabelled,,Apache-2.0,data/datasets/yoga_poses/train/warrior/girl3_warrior148.jpg,True,True,True,,300,300
virabhadrasana_tf_0227,virabhadrasana,mixed Warrior I/II/III,TF,train,unlabelled,,Apache-2.0,data/datasets/yoga_poses/train/warrior/girl3_warrior149.jpg,True,True,True,,300,300
virabhadrasana_tf_0228,virabhadrasana,mixed Warrior I/II/III,TF,train,unlabelled,,Apache-2.0,data/datasets/yoga_poses/train/warrior/girl3_warrior150.jpg,True,True,True,,300,300
virabhadrasana_tf_0229,virabhadrasana,mixed Warrior I/II/III,TF,train,unlabelled,,Apache-2.0,data/datasets/yoga_poses/train/warrior/guy1_warrior043.jpg,True,True,True,,300,300
virabhadrasana_tf_0230,virabhadrasana,mixed Warrior I/II/III,TF,train,unlabelled,,Apache-2.0,data/datasets/yoga_poses/train/warrior/guy1_warrior044.jpg,True,True,True,,300,300
virabhadrasana_tf_0231,virabhadrasana,mixed Warrior I/II/III,TF,train,unlabelled,,Apache-2.0,data/datasets/yoga_poses/train/warrior/guy1_warrior048.jpg,True,True,True,,300,300
virabhadrasana_tf_0232,virabhadrasana,mixed Warrior I/II/III,TF,train,unlabelled,,Apache-2.0,data/datasets/yoga_poses/train/warrior/guy1_warrior051.jpg,True,True,True,,300,300
virabhadrasana_tf_0233,virabhadrasana,mixed Warrior I/II/III,TF,train,unlabelled,,Apache-2.0,data/datasets/yoga_poses/train/warrior/guy1_warrior052.jpg,True,True,True,,300,300
virabhadrasana_tf_0234,virabhadrasana,mixed Warrior I/II/III,TF,train,unlabelled,,Apache-2.0,data/datasets/yoga_poses/train/warrior/guy1_warrior055.jpg,True,True,True,,300,300
virabhadrasana_tf_0235,virabhadrasana,mixed Warrior I/II/III,TF,train,unlabelled,,Apache-2.0,data/datasets/yoga_poses/train/warrior/guy1_warrior057.jpg,True,True,True,,300,300
virabhadrasana_tf_0236,virabhadrasana,mixed Warrior I/II/III,TF,train,unlabelled,,Apache-2.0,data/datasets/yoga_poses/train/warrior/guy1_warrior062.jpg,True,True,True,,300,300
virabhadrasana_tf_0237,virabhadrasana,mixed Warrior I/II/III,TF,train,unlabelled,,Apache-2.0,data/datasets/yoga_poses/train/warrior/guy1_warrior068.jpg,True,True,True,,300,300
virabhadrasana_tf_0238,virabhadrasana,mixed Warrior I/II/III,TF,train,unlabelled,,Apache-2.0,data/datasets/yoga_poses/train/warrior/guy1_warrior069.jpg,True,True,True,,300,300
virabhadrasana_tf_0239,virabhadrasana,mixed Warrior I/II/III,TF,train,unlabelled,,Apache-2.0,data/datasets/yoga_poses/train/warrior/guy1_warrior073.jpg,True,True,True,,300,300
virabhadrasana_tf_0240,virabhadrasana,mixed Warrior I/II/III,TF,train,unlabelled,,Apache-2.0,data/datasets/yoga_poses/train/warrior/guy1_warrior076.jpg,True,True,True,,300,300
virabhadrasana_tf_0241,virabhadrasana,mixed Warrior I/II/III,TF,train,unlabelled,,Apache-2.0,data/datasets/yoga_poses/train/warrior/guy1_warrior077.jpg,True,True,True,,300,300
virabhadrasana_tf_0242,virabhadrasana,mixed Warrior I/II/III,TF,train,unlabelled,,Apache-2.0,data/datasets/yoga_poses/train/warrior/guy1_warrior080.jpg,True,True,True,,300,300
virabhadrasana_tf_0243,virabhadrasana,mixed Warrior I/II/III,TF,train,unlabelled,,Apache-2.0,data/datasets/yoga_poses/train/warrior/guy1_warrior081.jpg,True,True,True,,300,300
virabhadrasana_tf_0244,virabhadrasana,mixed Warrior I/II/III,TF,train,unlabelled,,Apache-2.0,data/datasets/yoga_poses/train/warrior/guy1_warrior082.jpg,True,True,True,,300,300
virabhadrasana_tf_0245,virabhadrasana,mixed Warrior I/II/III,TF,train,unlabelled,,Apache-2.0,data/datasets/yoga_poses/train/warrior/guy1_warrior088.jpg,True,True,True,,300,300
virabhadrasana_tf_0246,virabhadrasana,mixed Warrior I/II/III,TF,train,unlabelled,,Apache-2.0,data/datasets/yoga_poses/train/warrior/guy1_warrior091.jpg,True,True,True,,300,300
virabhadrasana_tf_0247,virabhadrasana,mixed Warrior I/II/III,TF,train,unlabelled,,Apache-2.0,data/datasets/yoga_poses/train/warrior/guy1_warrior092.jpg,True,True,True,,300,300
virabhadrasana_tf_0248,virabhadrasana,mixed Warrior I/II/III,TF,train,unlabelled,,Apache-2.0,data/datasets/yoga_poses/train/warrior/guy1_warrior093.jpg,True,True,True,,300,300
virabhadrasana_tf_0249,virabhadrasana,mixed Warrior I/II/III,TF,train,unlabelled,,Apache-2.0,data/datasets/yoga_poses/train/warrior/guy1_warrior094.jpg,True,True,True,,300,300
virabhadrasana_tf_0250,virabhadrasana,mixed Warrior I/II/III,TF,train,unlabelled,,Apache-2.0,data/datasets/yoga_poses/train/warrior/guy1_warrior097.jpg,True,True,True,,300,300
virabhadrasana_tf_0251,virabhadrasana,mixed Warrior I/II/III,TF,train,unlabelled,,Apache-2.0,data/datasets/yoga_poses/train/warrior/guy1_warrior099.jpg,True,True,True,,300,300
virabhadrasana_tf_0252,virabhadrasana,mixed Warrior I/II/III,TF,train,unlabelled,,Apache-2.0,data/datasets/yoga_poses/train/warrior/guy1_warrior100.jpg,True,True,True,,300,300
virabhadrasana_tf_0253,virabhadrasana,mixed Warrior I/II/III,TF,train,unlabelled,,Apache-2.0,data/datasets/yoga_poses/train/warrior/guy1_warrior101.jpg,True,True,True,,300,300
virabhadrasana_tf_0254,virabhadrasana,mixed Warrior I/II/III,TF,train,unlabelled,,Apache-2.0,data/datasets/yoga_poses/train/warrior/guy1_warrior104.jpg,True,True,True,,300,300
virabhadrasana_tf_0255,virabhadrasana,mixed Warrior I/II/III,TF,train,unlabelled,,Apache-2.0,data/datasets/yoga_poses/train/warrior/guy1_warrior105.jpg,True,True,True,,300,300
virabhadrasana_tf_0256,virabhadrasana,mixed Warrior I/II/III,TF,train,unlabelled,,Apache-2.0,data/datasets/yoga_poses/train/warrior/guy1_warrior118.jpg,True,True,True,,300,300
virabhadrasana_tf_0257,virabhadrasana,mixed Warrior I/II/III,TF,train,unlabelled,,Apache-2.0,data/datasets/yoga_poses/train/warrior/guy1_warrior120.jpg,True,True,True,,300,300
virabhadrasana_tf_0258,virabhadrasana,mixed Warrior I/II/III,TF,train,unlabelled,,Apache-2.0,data/datasets/yoga_poses/train/warrior/guy1_warrior121.jpg,True,True,True,,300,300
virabhadrasana_tf_0259,virabhadrasana,mixed Warrior I/II/III,TF,train,unlabelled,,Apache-2.0,data/datasets/yoga_poses/train/warrior/guy1_warrior124.jpg,True,True,True,,300,300
virabhadrasana_tf_0260,virabhadrasana,mixed Warrior I/II/III,TF,train,unlabelled,,Apache-2.0,data/datasets/yoga_poses/train/warrior/guy1_warrior125.jpg,True,True,True,,300,300
virabhadrasana_tf_0261,virabhadrasana,mixed Warrior I/II/III,TF,train,unlabelled,,Apache-2.0,data/datasets/yoga_poses/train/warrior/guy1_warrior126.jpg,True,True,True,,300,300
virabhadrasana_tf_0262,virabhadrasana,mixed Warrior I/II/III,TF,train,unlabelled,,Apache-2.0,data/datasets/yoga_poses/train/warrior/guy1_warrior128.jpg,True,True,True,,300,300
virabhadrasana_tf_0263,virabhadrasana,mixed Warrior I/II/III,TF,train,unlabelled,,Apache-2.0,data/datasets/yoga_poses/train/warrior/guy1_warrior130.jpg,True,False,False,no person detected,300,300
virabhadrasana_tf_0264,virabhadrasana,mixed Warrior I/II/III,TF,train,unlabelled,,Apache-2.0,data/datasets/yoga_poses/train/warrior/guy1_warrior131.jpg,True,True,True,,300,300
virabhadrasana_tf_0265,virabhadrasana,mixed Warrior I/II/III,TF,train,unlabelled,,Apache-2.0,data/datasets/yoga_poses/train/warrior/guy1_warrior134.jpg,True,True,True,,300,300
virabhadrasana_tf_0266,virabhadrasana,mixed Warrior I/II/III,TF,train,unlabelled,,Apache-2.0,data/datasets/yoga_poses/train/warrior/guy1_warrior135.jpg,True,True,True,,300,300
virabhadrasana_tf_0267,virabhadrasana,mixed Warrior I/II/III,TF,train,unlabelled,,Apache-2.0,data/datasets/yoga_poses/train/warrior/guy1_warrior138.jpg,True,True,True,,300,300
virabhadrasana_tf_0268,virabhadrasana,mixed Warrior I/II/III,TF,train,unlabelled,,Apache-2.0,data/datasets/yoga_poses/train/warrior/guy1_warrior143.jpg,True,True,True,,300,300
virabhadrasana_tf_0269,virabhadrasana,mixed Warrior I/II/III,TF,train,unlabelled,,Apache-2.0,data/datasets/yoga_poses/train/warrior/guy1_warrior145.jpg,True,True,True,,300,300
virabhadrasana_tf_0270,virabhadrasana,mixed Warrior I/II/III,TF,train,unlabelled,,Apache-2.0,data/datasets/yoga_poses/train/warrior/guy1_warrior148.jpg,True,True,True,,300,300
virabhadrasana_tf_0271,virabhadrasana,mixed Warrior I/II/III,TF,train,unlabelled,,Apache-2.0,data/datasets/yoga_poses/train/warrior/guy2_warrior044.jpg,True,True,True,,300,300
virabhadrasana_tf_0272,virabhadrasana,mixed Warrior I/II/III,TF,train,unlabelled,,Apache-2.0,data/datasets/yoga_poses/train/warrior/guy2_warrior048.jpg,True,True,True,,300,300
virabhadrasana_tf_0273,virabhadrasana,mixed Warrior I/II/III,TF,train,unlabelled,,Apache-2.0,data/datasets/yoga_poses/train/warrior/guy2_warrior051.jpg,True,True,True,,300,300
virabhadrasana_tf_0274,virabhadrasana,mixed Warrior I/II/III,TF,train,unlabelled,,Apache-2.0,data/datasets/yoga_poses/train/warrior/guy2_warrior054.jpg,True,True,True,,300,300
virabhadrasana_tf_0275,virabhadrasana,mixed Warrior I/II/III,TF,train,unlabelled,,Apache-2.0,data/datasets/yoga_poses/train/warrior/guy2_warrior057.jpg,True,True,True,,300,300
virabhadrasana_tf_0276,virabhadrasana,mixed Warrior I/II/III,TF,train,unlabelled,,Apache-2.0,data/datasets/yoga_poses/train/warrior/guy2_warrior059.jpg,True,True,True,,300,300
virabhadrasana_tf_0277,virabhadrasana,mixed Warrior I/II/III,TF,train,unlabelled,,Apache-2.0,data/datasets/yoga_poses/train/warrior/guy2_warrior060.jpg,True,True,True,,300,300
virabhadrasana_tf_0278,virabhadrasana,mixed Warrior I/II/III,TF,train,unlabelled,,Apache-2.0,data/datasets/yoga_poses/train/warrior/guy2_warrior063.jpg,True,True,True,,300,300
virabhadrasana_tf_0279,virabhadrasana,mixed Warrior I/II/III,TF,train,unlabelled,,Apache-2.0,data/datasets/yoga_poses/train/warrior/guy2_warrior065.jpg,True,True,True,,300,300
virabhadrasana_tf_0280,virabhadrasana,mixed Warrior I/II/III,TF,train,unlabelled,,Apache-2.0,data/datasets/yoga_poses/train/warrior/guy2_warrior066.jpg,True,True,True,,300,300
virabhadrasana_tf_0281,virabhadrasana,mixed Warrior I/II/III,TF,train,unlabelled,,Apache-2.0,data/datasets/yoga_poses/train/warrior/guy2_warrior068.jpg,True,True,True,,300,300
virabhadrasana_tf_0282,virabhadrasana,mixed Warrior I/II/III,TF,train,unlabelled,,Apache-2.0,data/datasets/yoga_poses/train/warrior/guy2_warrior070.jpg,True,True,True,,300,300
virabhadrasana_tf_0283,virabhadrasana,mixed Warrior I/II/III,TF,train,unlabelled,,Apache-2.0,data/datasets/yoga_poses/train/warrior/guy2_warrior071.jpg,True,True,True,,300,300
virabhadrasana_tf_0284,virabhadrasana,mixed Warrior I/II/III,TF,train,unlabelled,,Apache-2.0,data/datasets/yoga_poses/train/warrior/guy2_warrior072.jpg,True,True,True,,300,300
virabhadrasana_tf_0285,virabhadrasana,mixed Warrior I/II/III,TF,train,unlabelled,,Apache-2.0,data/datasets/yoga_poses/train/warrior/guy2_warrior076.jpg,True,True,True,,300,300
virabhadrasana_tf_0286,virabhadrasana,mixed Warrior I/II/III,TF,train,unlabelled,,Apache-2.0,data/datasets/yoga_poses/train/warrior/guy2_warrior077.jpg,True,True,True,,300,300
virabhadrasana_tf_0287,virabhadrasana,mixed Warrior I/II/III,TF,train,unlabelled,,Apache-2.0,data/datasets/yoga_poses/train/warrior/guy2_warrior079.jpg,True,True,True,,300,300
virabhadrasana_tf_0288,virabhadrasana,mixed Warrior I/II/III,TF,train,unlabelled,,Apache-2.0,data/datasets/yoga_poses/train/warrior/guy2_warrior086.jpg,True,True,True,,300,300
virabhadrasana_tf_0289,virabhadrasana,mixed Warrior I/II/III,TF,train,unlabelled,,Apache-2.0,data/datasets/yoga_poses/train/warrior/guy2_warrior094.jpg,True,True,True,,300,300
virabhadrasana_tf_0290,virabhadrasana,mixed Warrior I/II/III,TF,train,unlabelled,,Apache-2.0,data/datasets/yoga_poses/train/warrior/guy2_warrior095.jpg,True,True,True,,300,300
virabhadrasana_tf_0291,virabhadrasana,mixed Warrior I/II/III,TF,train,unlabelled,,Apache-2.0,data/datasets/yoga_poses/train/warrior/guy2_warrior096.jpg,True,True,True,,300,300
virabhadrasana_tf_0292,virabhadrasana,mixed Warrior I/II/III,TF,train,unlabelled,,Apache-2.0,data/datasets/yoga_poses/train/warrior/guy2_warrior098.jpg,True,True,True,,300,300
virabhadrasana_tf_0293,virabhadrasana,mixed Warrior I/II/III,TF,train,unlabelled,,Apache-2.0,data/datasets/yoga_poses/train/warrior/guy2_warrior100.jpg,True,True,True,,300,300
virabhadrasana_tf_0294,virabhadrasana,mixed Warrior I/II/III,TF,train,unlabelled,,Apache-2.0,data/datasets/yoga_poses/train/warrior/guy2_warrior102.jpg,True,True,True,,300,300
virabhadrasana_tf_0295,virabhadrasana,mixed Warrior I/II/III,TF,train,unlabelled,,Apache-2.0,data/datasets/yoga_poses/train/warrior/guy2_warrior105.jpg,True,True,True,,300,300
virabhadrasana_tf_0296,virabhadrasana,mixed Warrior I/II/III,TF,train,unlabelled,,Apache-2.0,data/datasets/yoga_poses/train/warrior/guy2_warrior108.jpg,True,True,True,,300,300
virabhadrasana_tf_0297,virabhadrasana,mixed Warrior I/II/III,TF,train,unlabelled,,Apache-2.0,data/datasets/yoga_poses/train/warrior/guy2_warrior111.jpg,True,True,True,,300,300
virabhadrasana_tf_0298,virabhadrasana,mixed Warrior I/II/III,TF,train,unlabelled,,Apache-2.0,data/datasets/yoga_poses/train/warrior/guy2_warrior113.jpg,True,True,True,,300,300
virabhadrasana_tf_0299,virabhadrasana,mixed Warrior I/II/III,TF,train,unlabelled,,Apache-2.0,data/datasets/yoga_poses/train/warrior/guy2_warrior118.jpg,True,True,True,,300,300
virabhadrasana_tf_0300,virabhadrasana,mixed Warrior I/II/III,TF,train,unlabelled,,Apache-2.0,data/datasets/yoga_poses/train/warrior/guy2_warrior122.jpg,True,True,True,,300,300
virabhadrasana_tf_0301,virabhadrasana,mixed Warrior I/II/III,TF,train,unlabelled,,Apache-2.0,data/datasets/yoga_poses/train/warrior/guy2_warrior123.jpg,True,True,True,,300,300
virabhadrasana_tf_0302,virabhadrasana,mixed Warrior I/II/III,TF,train,unlabelled,,Apache-2.0,data/datasets/yoga_poses/train/warrior/guy2_warrior129.jpg,True,True,True,,300,300
virabhadrasana_tf_0303,virabhadrasana,mixed Warrior I/II/III,TF,train,unlabelled,,Apache-2.0,data/datasets/yoga_poses/train/warrior/guy2_warrior131.jpg,True,True,True,,300,300
virabhadrasana_tf_0304,virabhadrasana,mixed Warrior I/II/III,TF,train,unlabelled,,Apache-2.0,data/datasets/yoga_poses/train/warrior/guy2_warrior135.jpg,True,True,True,,300,300
virabhadrasana_tf_0305,virabhadrasana,mixed Warrior I/II/III,TF,train,unlabelled,,Apache-2.0,data/datasets/yoga_poses/train/warrior/guy2_warrior137.jpg,True,True,True,,300,300
virabhadrasana_tf_0306,virabhadrasana,mixed Warrior I/II/III,TF,train,unlabelled,,Apache-2.0,data/datasets/yoga_poses/train/warrior/guy2_warrior139.jpg,True,True,True,,300,300
virabhadrasana_tf_0307,virabhadrasana,mixed Warrior I/II/III,TF,train,unlabelled,,Apache-2.0,data/datasets/yoga_poses/train/warrior/guy2_warrior145.jpg,True,True,True,,300,300
virabhadrasana_tf_0308,virabhadrasana,mixed Warrior I/II/III,TF,train,unlabelled,,Apache-2.0,data/datasets/yoga_poses/train/warrior/guy2_warrior148.jpg,True,True,True,,300,300
virabhadrasana_tf_0309,virabhadrasana,mixed Warrior I/II/III,TF,train,unlabelled,,Apache-2.0,data/datasets/yoga_poses/train/warrior/guy2_warrior150.jpg,True,True,True,,300,300
virabhadrasana_y107_0001,virabhadrasana,Warrior II,Y107,train,unlabelled,,not stated by the host (web photographs); included for research and education,data/datasets/yoga107/virabhadrasana_ii/001.jpg,True,True,True,,306,244
virabhadrasana_y107_0002,virabhadrasana,Warrior II,Y107,train,unlabelled,,not stated by the host (web photographs); included for research and education,data/datasets/yoga107/virabhadrasana_ii/002.jpg,True,True,True,,348,279
virabhadrasana_y107_0003,virabhadrasana,Warrior II,Y107,train,unlabelled,,not stated by the host (web photographs); included for research and education,data/datasets/yoga107/virabhadrasana_ii/003.jpg,True,True,True,,185,146
virabhadrasana_y107_0004,virabhadrasana,Warrior II,Y107,holdout,unlabelled,,not stated by the host (web photographs); included for research and education,data/datasets/yoga107/virabhadrasana_ii/004.jpg,True,True,True,,459,468
virabhadrasana_y107_0005,virabhadrasana,Warrior II,Y107,train,unlabelled,,not stated by the host (web photographs); included for research and education,data/datasets/yoga107/virabhadrasana_ii/005.jpg,True,True,True,,1009,835
virabhadrasana_y107_0006,virabhadrasana,Warrior II,Y107,train,unlabelled,,not stated by the host (web photographs); included for research and education,data/datasets/yoga107/virabhadrasana_ii/006.jpg,True,True,True,,1024,837
virabhadrasana_y107_0007,virabhadrasana,Warrior II,Y107,train,unlabelled,,not stated by the host (web photographs); included for research and education,data/datasets/yoga107/virabhadrasana_ii/007.jpg,True,True,True,,801,636
virabhadrasana_y107_0008,virabhadrasana,Warrior II,Y107,holdout,unlabelled,,not stated by the host (web photographs); included for research and education,data/datasets/yoga107/virabhadrasana_ii/008.jpg,True,True,True,,776,616
virabhadrasana_y107_0009,virabhadrasana,Warrior II,Y107,train,unlabelled,,not stated by the host (web photographs); included for research and education,data/datasets/yoga107/virabhadrasana_ii/009.jpg,True,True,True,,318,255
virabhadrasana_y107_0010,virabhadrasana,Warrior II,Y107,train,unlabelled,,not stated by the host (web photographs); included for research and education,data/datasets/yoga107/virabhadrasana_ii/010.jpg,True,True,True,,278,462
virabhadrasana_y107_0011,virabhadrasana,Warrior II,Y107,train,unlabelled,,not stated by the host (web photographs); included for research and education,data/datasets/yoga107/virabhadrasana_ii/011.jpg,True,True,True,,334,270
virabhadrasana_y107_0012,virabhadrasana,Warrior II,Y107,holdout,unlabelled,,not stated by the host (web photographs); included for research and education,data/datasets/yoga107/virabhadrasana_ii/012.jpg,True,True,True,,716,624
virabhadrasana_y107_0013,virabhadrasana,Warrior II,Y107,train,unlabelled,,not stated by the host (web photographs); included for research and education,data/datasets/yoga107/virabhadrasana_ii/013.jpg,True,True,True,,307,364
virabhadrasana_y107_0014,virabhadrasana,Warrior II,Y107,train,unlabelled,,not stated by the host (web photographs); included for research and education,data/datasets/yoga107/virabhadrasana_ii/014.jpg,True,True,True,,494,455
virabhadrasana_y107_0015,virabhadrasana,Warrior II,Y107,train,unlabelled,,not stated by the host (web photographs); included for research and education,data/datasets/yoga107/virabhadrasana_ii/015.jpg,True,True,True,,577,672
virabhadrasana_y107_0016,virabhadrasana,Warrior II,Y107,holdout,unlabelled,,not stated by the host (web photographs); included for research and education,data/datasets/yoga107/virabhadrasana_ii/016.jpg,True,True,True,,809,766
virabhadrasana_y107_0017,virabhadrasana,Warrior II,Y107,train,unlabelled,,not stated by the host (web photographs); included for research and education,data/datasets/yoga107/virabhadrasana_ii/017.jpg,True,True,True,,473,368
virabhadrasana_y107_0018,virabhadrasana,Warrior II,Y107,train,unlabelled,,not stated by the host (web photographs); included for research and education,data/datasets/yoga107/virabhadrasana_ii/018.jpg,True,True,True,,287,225
virabhadrasana_y107_0019,virabhadrasana,Warrior II,Y107,train,unlabelled,,not stated by the host (web photographs); included for research and education,data/datasets/yoga107/virabhadrasana_ii/019.jpg,True,True,True,,567,460
virabhadrasana_y107_0020,virabhadrasana,Warrior II,Y107,holdout,unlabelled,,not stated by the host (web photographs); included for research and education,data/datasets/yoga107/virabhadrasana_ii/020.jpg,True,True,True,,321,271
virabhadrasana_y107_0021,virabhadrasana,Warrior II,Y107,train,unlabelled,,not stated by the host (web photographs); included for research and education,data/datasets/yoga107/virabhadrasana_ii/021.jpg,True,True,True,,697,594
virabhadrasana_y107_0022,virabhadrasana,Warrior II,Y107,train,unlabelled,,not stated by the host (web photographs); included for research and education,data/datasets/yoga107/virabhadrasana_ii/022.jpg,True,True,True,,1024,877
virabhadrasana_y107_0023,virabhadrasana,Warrior II,Y107,train,unlabelled,,not stated by the host (web photographs); included for research and education,data/datasets/yoga107/virabhadrasana_ii/023.jpg,True,True,True,,781,659
virabhadrasana_y107_0024,virabhadrasana,Warrior II,Y107,holdout,unlabelled,,not stated by the host (web photographs); included for research and education,data/datasets/yoga107/virabhadrasana_ii/024.jpg,True,True,True,,167,141
virabhadrasana_y107_0025,virabhadrasana,Warrior II,Y107,train,unlabelled,,not stated by the host (web photographs); included for research and education,data/datasets/yoga107/virabhadrasana_ii/025.jpg,True,True,True,,264,206
virabhadrasana_y107_0026,virabhadrasana,Warrior II,Y107,train,unlabelled,,not stated by the host (web photographs); included for research and education,data/datasets/yoga107/virabhadrasana_ii/026.jpg,True,True,True,,394,313
virabhadrasana_y107_0027,virabhadrasana,Warrior II,Y107,train,unlabelled,,not stated by the host (web photographs); included for research and education,data/datasets/yoga107/virabhadrasana_ii/027.jpg,True,True,True,,702,540
virabhadrasana_y107_0028,virabhadrasana,Warrior II,Y107,holdout,unlabelled,,not stated by the host (web photographs); included for research and education,data/datasets/yoga107/virabhadrasana_ii/028.jpg,True,True,True,,194,170
virabhadrasana_y107_0029,virabhadrasana,Warrior II,Y107,train,unlabelled,,not stated by the host (web photographs); included for research and education,data/datasets/yoga107/virabhadrasana_ii/029.jpg,True,True,True,,1024,744
virabhadrasana_y107_0030,virabhadrasana,Warrior II,Y107,train,unlabelled,,not stated by the host (web photographs); included for research and education,data/datasets/yoga107/virabhadrasana_ii/030.jpg,True,True,True,,1024,953
virabhadrasana_y107_0031,virabhadrasana,Warrior II,Y107,train,unlabelled,,not stated by the host (web photographs); included for research and education,data/datasets/yoga107/virabhadrasana_ii/031.jpg,True,True,True,,576,413
virabhadrasana_y107_0032,virabhadrasana,Warrior II,Y107,holdout,unlabelled,,not stated by the host (web photographs); included for research and education,data/datasets/yoga107/virabhadrasana_ii/032.jpg,True,True,True,,649,558
virabhadrasana_y107_0033,virabhadrasana,Warrior II,Y107,train,unlabelled,,not stated by the host (web photographs); included for research and education,data/datasets/yoga107/virabhadrasana_ii/033.jpg,True,True,True,,1024,847
virabhadrasana_y107_0034,virabhadrasana,Warrior II,Y107,train,unlabelled,,not stated by the host (web photographs); included for research and education,data/datasets/yoga107/virabhadrasana_ii/034.jpg,True,True,True,,198,185
virabhadrasana_y107_0035,virabhadrasana,Warrior II,Y107,train,unlabelled,,not stated by the host (web photographs); included for research and education,data/datasets/yoga107/virabhadrasana_ii/035.jpg,True,True,True,,556,491
virabhadrasana_y107_0036,virabhadrasana,Warrior II,Y107,holdout,unlabelled,,not stated by the host (web photographs); included for research and education,data/datasets/yoga107/virabhadrasana_ii/036.jpg,True,True,True,,824,661
virabhadrasana_y107_0037,virabhadrasana,Warrior II,Y107,train,unlabelled,,not stated by the host (web photographs); included for research and education,data/datasets/yoga107/virabhadrasana_ii/037.jpg,True,True,True,,1024,821
virabhadrasana_y107_0038,virabhadrasana,Warrior II,Y107,train,unlabelled,,not stated by the host (web photographs); included for research and education,data/datasets/yoga107/virabhadrasana_ii/038.jpg,True,True,True,,455,388
virabhadrasana_y107_0039,virabhadrasana,Warrior II,Y107,train,unlabelled,,not stated by the host (web photographs); included for research and education,data/datasets/yoga107/virabhadrasana_ii/039.jpg,True,True,True,,552,472
virabhadrasana_y107_0040,virabhadrasana,Warrior II,Y107,holdout,unlabelled,,not stated by the host (web photographs); included for research and education,data/datasets/yoga107/virabhadrasana_ii/040.jpg,True,True,True,,340,372
virabhadrasana_y107_0041,virabhadrasana,Warrior II,Y107,train,unlabelled,,not stated by the host (web photographs); included for research and education,data/datasets/yoga107/virabhadrasana_ii/041.jpg,True,True,True,,712,590
virabhadrasana_y107_0042,virabhadrasana,Warrior II,Y107,train,unlabelled,,not stated by the host (web photographs); included for research and education,data/datasets/yoga107/virabhadrasana_ii/042.jpg,True,True,True,,422,372
virabhadrasana_y107_0043,virabhadrasana,Warrior II,Y107,train,unlabelled,,not stated by the host (web photographs); included for research and education,data/datasets/yoga107/virabhadrasana_ii/043.jpg,True,True,True,,671,611
virabhadrasana_y107_0044,virabhadrasana,Warrior II,Y107,holdout,unlabelled,,not stated by the host (web photographs); included for research and education,data/datasets/yoga107/virabhadrasana_ii/044.jpg,True,True,True,,345,288
virabhadrasana_y107_0045,virabhadrasana,Warrior II,Y107,train,unlabelled,,not stated by the host (web photographs); included for research and education,data/datasets/yoga107/virabhadrasana_ii/045.jpg,True,True,True,,399,332
virabhadrasana_y107_0046,virabhadrasana,Warrior II,Y107,train,unlabelled,,not stated by the host (web photographs); included for research and education,data/datasets/yoga107/virabhadrasana_ii/046.jpg,True,True,True,,371,335
virabhadrasana_y107_0047,virabhadrasana,Warrior II,Y107,train,unlabelled,,not stated by the host (web photographs); included for research and education,data/datasets/yoga107/virabhadrasana_ii/047.jpg,True,True,True,,328,269
virabhadrasana_y107_0048,virabhadrasana,Warrior II,Y107,holdout,unlabelled,,not stated by the host (web photographs); included for research and education,data/datasets/yoga107/virabhadrasana_ii/048.jpg,True,True,True,,618,559
virabhadrasana_y107_0049,virabhadrasana,Warrior II,Y107,train,unlabelled,,not stated by the host (web photographs); included for research and education,data/datasets/yoga107/virabhadrasana_ii/049.jpg,True,True,True,,593,487
virabhadrasana_y107_0050,virabhadrasana,Warrior II,Y107,train,unlabelled,,not stated by the host (web photographs); included for research and education,data/datasets/yoga107/virabhadrasana_ii/050.jpg,True,True,True,,384,329
virabhadrasana_y107_0051,virabhadrasana,Warrior II,Y107,train,unlabelled,,not stated by the host (web photographs); included for research and education,data/datasets/yoga107/virabhadrasana_ii/051.jpg,True,True,True,,597,490
virabhadrasana_y107_0052,virabhadrasana,Warrior II,Y107,holdout,unlabelled,,not stated by the host (web photographs); included for research and education,data/datasets/yoga107/virabhadrasana_ii/052.jpg,True,True,True,,675,507
virabhadrasana_y107_0053,virabhadrasana,Warrior II,Y107,train,unlabelled,,not stated by the host (web photographs); included for research and education,data/datasets/yoga107/virabhadrasana_ii/053.jpg,True,True,True,,358,321
virabhadrasana_y107_0054,virabhadrasana,Warrior II,Y107,train,unlabelled,,not stated by the host (web photographs); included for research and education,data/datasets/yoga107/virabhadrasana_ii/054.jpg,True,False,False,no person detected,500,500
virabhadrasana_y107_0055,virabhadrasana,Warrior II,Y107,train,unlabelled,,not stated by the host (web photographs); included for research and education,data/datasets/yoga107/virabhadrasana_ii/055.jpg,True,True,True,,411,334
virabhadrasana_y107_0056,virabhadrasana,Warrior II,Y107,holdout,unlabelled,,not stated by the host (web photographs); included for research and education,data/datasets/yoga107/virabhadrasana_ii/056.jpg,True,True,True,,354,282
utkatasana_tf_0001,utkatasana,,TF,test,unlabelled,,Apache-2.0,data/datasets/yoga_poses/test/chair/guy3_chair070.jpg,True,True,True,,300,300
utkatasana_tf_0002,utkatasana,,TF,test,unlabelled,,Apache-2.0,data/datasets/yoga_poses/test/chair/guy3_chair071.jpg,True,True,True,,300,300
utkatasana_tf_0003,utkatasana,,TF,test,unlabelled,,Apache-2.0,data/datasets/yoga_poses/test/chair/guy3_chair072.jpg,True,True,True,,300,300
utkatasana_tf_0004,utkatasana,,TF,test,unlabelled,,Apache-2.0,data/datasets/yoga_poses/test/chair/guy3_chair073.jpg,True,True,True,,300,300
utkatasana_tf_0005,utkatasana,,TF,test,unlabelled,,Apache-2.0,data/datasets/yoga_poses/test/chair/guy3_chair074.jpg,True,True,True,,300,300
utkatasana_tf_0006,utkatasana,,TF,test,unlabelled,,Apache-2.0,data/datasets/yoga_poses/test/chair/guy3_chair075.jpg,True,True,True,,300,300
utkatasana_tf_0007,utkatasana,,TF,test,unlabelled,,Apache-2.0,data/datasets/yoga_poses/test/chair/guy3_chair076.jpg,True,True,True,,300,300
utkatasana_tf_0008,utkatasana,,TF,test,unlabelled,,Apache-2.0,data/datasets/yoga_poses/test/chair/guy3_chair077.jpg,True,True,True,,300,300
utkatasana_tf_0009,utkatasana,,TF,test,unlabelled,,Apache-2.0,data/datasets/yoga_poses/test/chair/guy3_chair078.jpg,True,True,True,,300,300
utkatasana_tf_0010,utkatasana,,TF,test,unlabelled,,Apache-2.0,data/datasets/yoga_poses/test/chair/guy3_chair079.jpg,True,True,True,,300,300
utkatasana_tf_0011,utkatasana,,TF,test,unlabelled,,Apache-2.0,data/datasets/yoga_poses/test/chair/guy3_chair080.jpg,True,True,True,,300,300
utkatasana_tf_0012,utkatasana,,TF,test,unlabelled,,Apache-2.0,data/datasets/yoga_poses/test/chair/guy3_chair081.jpg,True,True,True,,300,300
utkatasana_tf_0013,utkatasana,,TF,test,unlabelled,,Apache-2.0,data/datasets/yoga_poses/test/chair/guy3_chair082.jpg,True,True,True,,300,300
utkatasana_tf_0014,utkatasana,,TF,test,unlabelled,,Apache-2.0,data/datasets/yoga_poses/test/chair/guy3_chair083.jpg,True,True,True,,300,300
utkatasana_tf_0015,utkatasana,,TF,test,unlabelled,,Apache-2.0,data/datasets/yoga_poses/test/chair/guy3_chair084.jpg,True,True,True,,300,300
utkatasana_tf_0016,utkatasana,,TF,test,unlabelled,,Apache-2.0,data/datasets/yoga_poses/test/chair/guy3_chair085.jpg,True,True,True,,300,300
utkatasana_tf_0017,utkatasana,,TF,test,unlabelled,,Apache-2.0,data/datasets/yoga_poses/test/chair/guy3_chair086.jpg,True,True,True,,300,300
utkatasana_tf_0018,utkatasana,,TF,test,unlabelled,,Apache-2.0,data/datasets/yoga_poses/test/chair/guy3_chair087.jpg,True,True,True,,300,300
utkatasana_tf_0019,utkatasana,,TF,test,unlabelled,,Apache-2.0,data/datasets/yoga_poses/test/chair/guy3_chair088.jpg,True,True,True,,300,300
utkatasana_tf_0020,utkatasana,,TF,test,unlabelled,,Apache-2.0,data/datasets/yoga_poses/test/chair/guy3_chair089.jpg,True,True,True,,300,300
utkatasana_tf_0021,utkatasana,,TF,test,unlabelled,,Apache-2.0,data/datasets/yoga_poses/test/chair/guy3_chair090.jpg,True,True,True,,300,300
utkatasana_tf_0022,utkatasana,,TF,test,unlabelled,,Apache-2.0,data/datasets/yoga_poses/test/chair/guy3_chair091.jpg,True,True,True,,300,300
utkatasana_tf_0023,utkatasana,,TF,test,unlabelled,,Apache-2.0,data/datasets/yoga_poses/test/chair/guy3_chair092.jpg,True,True,True,,300,300
utkatasana_tf_0024,utkatasana,,TF,test,unlabelled,,Apache-2.0,data/datasets/yoga_poses/test/chair/guy3_chair093.jpg,True,True,True,,300,300
utkatasana_tf_0025,utkatasana,,TF,test,unlabelled,,Apache-2.0,data/datasets/yoga_poses/test/chair/guy3_chair094.jpg,True,True,True,,300,300
utkatasana_tf_0026,utkatasana,,TF,test,unlabelled,,Apache-2.0,data/datasets/yoga_poses/test/chair/guy3_chair095.jpg,True,True,True,,300,300
utkatasana_tf_0027,utkatasana,,TF,test,unlabelled,,Apache-2.0,data/datasets/yoga_poses/test/chair/guy3_chair096.jpg,True,True,True,,300,300
utkatasana_tf_0028,utkatasana,,TF,test,unlabelled,,Apache-2.0,data/datasets/yoga_poses/test/chair/guy3_chair097.jpg,True,True,True,,300,300
utkatasana_tf_0029,utkatasana,,TF,test,unlabelled,,Apache-2.0,data/datasets/yoga_poses/test/chair/guy3_chair098.jpg,True,True,True,,300,300
utkatasana_tf_0030,utkatasana,,TF,test,unlabelled,,Apache-2.0,data/datasets/yoga_poses/test/chair/guy3_chair099.jpg,True,True,True,,300,300
utkatasana_tf_0031,utkatasana,,TF,test,unlabelled,,Apache-2.0,data/datasets/yoga_poses/test/chair/guy3_chair100.jpg,True,True,True,,300,300
utkatasana_tf_0032,utkatasana,,TF,test,unlabelled,,Apache-2.0,data/datasets/yoga_poses/test/chair/guy3_chair101.jpg,True,True,True,,300,300
utkatasana_tf_0033,utkatasana,,TF,test,unlabelled,,Apache-2.0,data/datasets/yoga_poses/test/chair/guy3_chair102.jpg,True,True,True,,300,300
utkatasana_tf_0034,utkatasana,,TF,test,unlabelled,,Apache-2.0,data/datasets/yoga_poses/test/chair/guy3_chair103.jpg,True,True,True,,300,300
utkatasana_tf_0035,utkatasana,,TF,test,unlabelled,,Apache-2.0,data/datasets/yoga_poses/test/chair/guy3_chair104.jpg,True,True,True,,300,300
utkatasana_tf_0036,utkatasana,,TF,test,unlabelled,,Apache-2.0,data/datasets/yoga_poses/test/chair/guy3_chair105.jpg,True,True,True,,300,300
utkatasana_tf_0037,utkatasana,,TF,test,unlabelled,,Apache-2.0,data/datasets/yoga_poses/test/chair/guy3_chair106.jpg,True,True,True,,300,300
utkatasana_tf_0038,utkatasana,,TF,test,unlabelled,,Apache-2.0,data/datasets/yoga_poses/test/chair/guy3_chair107.jpg,True,True,True,,300,300
utkatasana_tf_0039,utkatasana,,TF,test,unlabelled,,Apache-2.0,data/datasets/yoga_poses/test/chair/guy3_chair108.jpg,True,True,True,,300,300
utkatasana_tf_0040,utkatasana,,TF,test,unlabelled,,Apache-2.0,data/datasets/yoga_poses/test/chair/guy3_chair109.jpg,True,True,True,,300,300
utkatasana_tf_0041,utkatasana,,TF,test,unlabelled,,Apache-2.0,data/datasets/yoga_poses/test/chair/guy3_chair110.jpg,True,True,True,,300,300
utkatasana_tf_0042,utkatasana,,TF,test,unlabelled,,Apache-2.0,data/datasets/yoga_poses/test/chair/guy3_chair111.jpg,True,True,True,,300,300
utkatasana_tf_0043,utkatasana,,TF,test,unlabelled,,Apache-2.0,data/datasets/yoga_poses/test/chair/guy3_chair112.jpg,True,True,True,,300,300
utkatasana_tf_0044,utkatasana,,TF,test,unlabelled,,Apache-2.0,data/datasets/yoga_poses/test/chair/guy3_chair113.jpg,True,True,True,,300,300
utkatasana_tf_0045,utkatasana,,TF,test,unlabelled,,Apache-2.0,data/datasets/yoga_poses/test/chair/guy3_chair114.jpg,True,True,True,,300,300
utkatasana_tf_0046,utkatasana,,TF,test,unlabelled,,Apache-2.0,data/datasets/yoga_poses/test/chair/guy3_chair115.jpg,True,True,True,,300,300
utkatasana_tf_0047,utkatasana,,TF,test,unlabelled,,Apache-2.0,data/datasets/yoga_poses/test/chair/guy3_chair116.jpg,True,True,True,,300,300
utkatasana_tf_0048,utkatasana,,TF,test,unlabelled,,Apache-2.0,data/datasets/yoga_poses/test/chair/guy3_chair117.jpg,True,True,True,,300,300
utkatasana_tf_0049,utkatasana,,TF,test,unlabelled,,Apache-2.0,data/datasets/yoga_poses/test/chair/guy3_chair118.jpg,True,True,True,,300,300
utkatasana_tf_0050,utkatasana,,TF,test,unlabelled,,Apache-2.0,data/datasets/yoga_poses/test/chair/guy3_chair119.jpg,True,True,True,,300,300
utkatasana_tf_0051,utkatasana,,TF,test,unlabelled,,Apache-2.0,data/datasets/yoga_poses/test/chair/guy3_chair120.jpg,True,True,True,,300,300
utkatasana_tf_0052,utkatasana,,TF,test,unlabelled,,Apache-2.0,data/datasets/yoga_poses/test/chair/guy3_chair121.jpg,True,True,True,,300,300
utkatasana_tf_0053,utkatasana,,TF,test,unlabelled,,Apache-2.0,data/datasets/yoga_poses/test/chair/guy3_chair122.jpg,True,True,True,,300,300
utkatasana_tf_0054,utkatasana,,TF,test,unlabelled,,Apache-2.0,data/datasets/yoga_poses/test/chair/guy3_chair123.jpg,True,True,True,,300,300
utkatasana_tf_0055,utkatasana,,TF,test,unlabelled,,Apache-2.0,data/datasets/yoga_poses/test/chair/guy3_chair124.jpg,True,True,True,,300,300
utkatasana_tf_0056,utkatasana,,TF,test,unlabelled,,Apache-2.0,data/datasets/yoga_poses/test/chair/guy3_chair125.jpg,True,True,True,,300,300
utkatasana_tf_0057,utkatasana,,TF,test,unlabelled,,Apache-2.0,data/datasets/yoga_poses/test/chair/guy3_chair126.jpg,True,True,True,,300,300
utkatasana_tf_0058,utkatasana,,TF,test,unlabelled,,Apache-2.0,data/datasets/yoga_poses/test/chair/guy3_chair127.jpg,True,True,True,,300,300
utkatasana_tf_0059,utkatasana,,TF,test,unlabelled,,Apache-2.0,data/datasets/yoga_poses/test/chair/guy3_chair128.jpg,True,True,True,,300,300
utkatasana_tf_0060,utkatasana,,TF,test,unlabelled,,Apache-2.0,data/datasets/yoga_poses/test/chair/guy3_chair129.jpg,True,True,True,,300,300
utkatasana_tf_0061,utkatasana,,TF,test,unlabelled,,Apache-2.0,data/datasets/yoga_poses/test/chair/guy3_chair130.jpg,True,True,True,,300,300
utkatasana_tf_0062,utkatasana,,TF,test,unlabelled,,Apache-2.0,data/datasets/yoga_poses/test/chair/guy3_chair131.jpg,True,True,True,,300,300
utkatasana_tf_0063,utkatasana,,TF,test,unlabelled,,Apache-2.0,data/datasets/yoga_poses/test/chair/guy3_chair132.jpg,True,True,True,,300,300
utkatasana_tf_0064,utkatasana,,TF,test,unlabelled,,Apache-2.0,data/datasets/yoga_poses/test/chair/guy3_chair133.jpg,True,True,True,,300,300
utkatasana_tf_0065,utkatasana,,TF,test,unlabelled,,Apache-2.0,data/datasets/yoga_poses/test/chair/guy3_chair134.jpg,True,True,True,,300,300
utkatasana_tf_0066,utkatasana,,TF,test,unlabelled,,Apache-2.0,data/datasets/yoga_poses/test/chair/guy3_chair135.jpg,True,True,True,,300,300
utkatasana_tf_0067,utkatasana,,TF,test,unlabelled,,Apache-2.0,data/datasets/yoga_poses/test/chair/guy3_chair136.jpg,True,True,True,,300,300
utkatasana_tf_0068,utkatasana,,TF,test,unlabelled,,Apache-2.0,data/datasets/yoga_poses/test/chair/guy3_chair137.jpg,True,True,True,,300,300
utkatasana_tf_0069,utkatasana,,TF,test,unlabelled,,Apache-2.0,data/datasets/yoga_poses/test/chair/guy3_chair138.jpg,True,True,True,,300,300
utkatasana_tf_0070,utkatasana,,TF,test,unlabelled,,Apache-2.0,data/datasets/yoga_poses/test/chair/guy3_chair139.jpg,True,True,True,,300,300
utkatasana_tf_0071,utkatasana,,TF,test,unlabelled,,Apache-2.0,data/datasets/yoga_poses/test/chair/guy3_chair140.jpg,True,True,True,,300,300
utkatasana_tf_0072,utkatasana,,TF,test,unlabelled,,Apache-2.0,data/datasets/yoga_poses/test/chair/guy3_chair141.jpg,True,True,True,,300,300
utkatasana_tf_0073,utkatasana,,TF,test,unlabelled,,Apache-2.0,data/datasets/yoga_poses/test/chair/guy3_chair142.jpg,True,True,True,,300,300
utkatasana_tf_0074,utkatasana,,TF,test,unlabelled,,Apache-2.0,data/datasets/yoga_poses/test/chair/guy3_chair143.jpg,True,True,True,,300,300
utkatasana_tf_0075,utkatasana,,TF,test,unlabelled,,Apache-2.0,data/datasets/yoga_poses/test/chair/guy3_chair144.jpg,True,True,True,,300,300
utkatasana_tf_0076,utkatasana,,TF,test,unlabelled,,Apache-2.0,data/datasets/yoga_poses/test/chair/guy3_chair145.jpg,True,True,True,,300,300
utkatasana_tf_0077,utkatasana,,TF,test,unlabelled,,Apache-2.0,data/datasets/yoga_poses/test/chair/guy3_chair146.jpg,True,True,True,,300,300
utkatasana_tf_0078,utkatasana,,TF,test,unlabelled,,Apache-2.0,data/datasets/yoga_poses/test/chair/guy3_chair147.jpg,True,True,True,,300,300
utkatasana_tf_0079,utkatasana,,TF,test,unlabelled,,Apache-2.0,data/datasets/yoga_poses/test/chair/guy3_chair148.jpg,True,True,True,,300,300
utkatasana_tf_0080,utkatasana,,TF,test,unlabelled,,Apache-2.0,data/datasets/yoga_poses/test/chair/guy3_chair149.jpg,True,True,True,,300,300
utkatasana_tf_0081,utkatasana,,TF,test,unlabelled,,Apache-2.0,data/datasets/yoga_poses/test/chair/guy3_chair150.jpg,True,True,True,,300,300
utkatasana_tf_0082,utkatasana,,TF,test,unlabelled,,Apache-2.0,data/datasets/yoga_poses/test/chair/guy3_chair151.jpg,True,True,True,,300,300
utkatasana_tf_0083,utkatasana,,TF,test,unlabelled,,Apache-2.0,data/datasets/yoga_poses/test/chair/guy3_chair152.jpg,True,True,True,,300,300
utkatasana_tf_0084,utkatasana,,TF,test,unlabelled,,Apache-2.0,data/datasets/yoga_poses/test/chair/guy3_chair153.jpg,True,True,True,,300,300
utkatasana_tf_0085,utkatasana,,TF,train,unlabelled,,Apache-2.0,data/datasets/yoga_poses/train/chair/girl1_chair070.jpg,True,True,True,,300,300
utkatasana_tf_0086,utkatasana,,TF,train,unlabelled,,Apache-2.0,data/datasets/yoga_poses/train/chair/girl1_chair075.jpg,True,True,True,,300,300
utkatasana_tf_0087,utkatasana,,TF,train,unlabelled,,Apache-2.0,data/datasets/yoga_poses/train/chair/girl1_chair076.jpg,True,True,True,,300,300
utkatasana_tf_0088,utkatasana,,TF,train,unlabelled,,Apache-2.0,data/datasets/yoga_poses/train/chair/girl1_chair080.jpg,True,True,True,,300,300
utkatasana_tf_0089,utkatasana,,TF,train,unlabelled,,Apache-2.0,data/datasets/yoga_poses/train/chair/girl1_chair081.jpg,True,True,True,,300,300
utkatasana_tf_0090,utkatasana,,TF,train,unlabelled,,Apache-2.0,data/datasets/yoga_poses/train/chair/girl1_chair085.jpg,True,True,True,,300,300
utkatasana_tf_0091,utkatasana,,TF,train,unlabelled,,Apache-2.0,data/datasets/yoga_poses/train/chair/girl1_chair090.jpg,True,True,True,,300,300
utkatasana_tf_0092,utkatasana,,TF,train,unlabelled,,Apache-2.0,data/datasets/yoga_poses/train/chair/girl1_chair091.jpg,True,True,True,,300,300
utkatasana_tf_0093,utkatasana,,TF,train,unlabelled,,Apache-2.0,data/datasets/yoga_poses/train/chair/girl1_chair094.jpg,True,True,True,,300,300
utkatasana_tf_0094,utkatasana,,TF,train,unlabelled,,Apache-2.0,data/datasets/yoga_poses/train/chair/girl1_chair104.jpg,True,True,True,,300,300
utkatasana_tf_0095,utkatasana,,TF,train,unlabelled,,Apache-2.0,data/datasets/yoga_poses/train/chair/girl1_chair106.jpg,True,True,True,,300,300
utkatasana_tf_0096,utkatasana,,TF,train,unlabelled,,Apache-2.0,data/datasets/yoga_poses/train/chair/girl1_chair107.jpg,True,True,True,,300,300
utkatasana_tf_0097,utkatasana,,TF,train,unlabelled,,Apache-2.0,data/datasets/yoga_poses/train/chair/girl1_chair109.jpg,True,True,True,,300,300
utkatasana_tf_0098,utkatasana,,TF,train,unlabelled,,Apache-2.0,data/datasets/yoga_poses/train/chair/girl1_chair111.jpg,True,True,True,,300,300
utkatasana_tf_0099,utkatasana,,TF,train,unlabelled,,Apache-2.0,data/datasets/yoga_poses/train/chair/girl1_chair112.jpg,True,True,True,,300,300
utkatasana_tf_0100,utkatasana,,TF,train,unlabelled,,Apache-2.0,data/datasets/yoga_poses/train/chair/girl1_chair113.jpg,True,True,True,,300,300
utkatasana_tf_0101,utkatasana,,TF,train,unlabelled,,Apache-2.0,data/datasets/yoga_poses/train/chair/girl1_chair114.jpg,True,True,True,,300,300
utkatasana_tf_0102,utkatasana,,TF,train,unlabelled,,Apache-2.0,data/datasets/yoga_poses/train/chair/girl1_chair115.jpg,True,True,True,,300,300
utkatasana_tf_0103,utkatasana,,TF,train,unlabelled,,Apache-2.0,data/datasets/yoga_poses/train/chair/girl1_chair118.jpg,True,True,True,,300,300
utkatasana_tf_0104,utkatasana,,TF,train,unlabelled,,Apache-2.0,data/datasets/yoga_poses/train/chair/girl1_chair119.jpg,True,True,True,,300,300
utkatasana_tf_0105,utkatasana,,TF,train,unlabelled,,Apache-2.0,data/datasets/yoga_poses/train/chair/girl1_chair121.jpg,True,True,True,,300,300
utkatasana_tf_0106,utkatasana,,TF,train,unlabelled,,Apache-2.0,data/datasets/yoga_poses/train/chair/girl1_chair124.jpg,True,True,True,,300,300
utkatasana_tf_0107,utkatasana,,TF,train,unlabelled,,Apache-2.0,data/datasets/yoga_poses/train/chair/girl1_chair129.jpg,True,True,True,,300,300
utkatasana_tf_0108,utkatasana,,TF,train,unlabelled,,Apache-2.0,data/datasets/yoga_poses/train/chair/girl1_chair131.jpg,True,True,True,,300,300
utkatasana_tf_0109,utkatasana,,TF,train,unlabelled,,Apache-2.0,data/datasets/yoga_poses/train/chair/girl1_chair133.jpg,True,True,True,,300,300
utkatasana_tf_0110,utkatasana,,TF,train,unlabelled,,Apache-2.0,data/datasets/yoga_poses/train/chair/girl1_chair134.jpg,True,True,True,,300,300
utkatasana_tf_0111,utkatasana,,TF,train,unlabelled,,Apache-2.0,data/datasets/yoga_poses/train/chair/girl1_chair135.jpg,True,True,True,,300,300
utkatasana_tf_0112,utkatasana,,TF,train,unlabelled,,Apache-2.0,data/datasets/yoga_poses/train/chair/girl1_chair138.jpg,True,True,True,,300,300
utkatasana_tf_0113,utkatasana,,TF,train,unlabelled,,Apache-2.0,data/datasets/yoga_poses/train/chair/girl1_chair139.jpg,True,True,True,,300,300
utkatasana_tf_0114,utkatasana,,TF,train,unlabelled,,Apache-2.0,data/datasets/yoga_poses/train/chair/girl1_chair141.jpg,True,True,True,,300,300
utkatasana_tf_0115,utkatasana,,TF,train,unlabelled,,Apache-2.0,data/datasets/yoga_poses/train/chair/girl1_chair146.jpg,True,True,True,,300,300
utkatasana_tf_0116,utkatasana,,TF,train,unlabelled,,Apache-2.0,data/datasets/yoga_poses/train/chair/girl1_chair149.jpg,True,True,True,,300,300
utkatasana_tf_0117,utkatasana,,TF,train,unlabelled,,Apache-2.0,data/datasets/yoga_poses/train/chair/girl1_chair151.jpg,True,True,True,,300,300
utkatasana_tf_0118,utkatasana,,TF,train,unlabelled,,Apache-2.0,data/datasets/yoga_poses/train/chair/girl1_chair153.jpg,True,True,True,,300,300
utkatasana_tf_0119,utkatasana,,TF,train,unlabelled,,Apache-2.0,data/datasets/yoga_poses/train/chair/girl2_chair070.jpg,True,True,True,,300,300
utkatasana_tf_0120,utkatasana,,TF,train,unlabelled,,Apache-2.0,data/datasets/yoga_poses/train/chair/girl2_chair073.jpg,True,True,True,,300,300
utkatasana_tf_0121,utkatasana,,TF,train,unlabelled,,Apache-2.0,data/datasets/yoga_poses/train/chair/girl2_chair074.jpg,True,True,True,,300,300
utkatasana_tf_0122,utkatasana,,TF,train,unlabelled,,Apache-2.0,data/datasets/yoga_poses/train/chair/girl2_chair077.jpg,True,True,True,,300,300
utkatasana_tf_0123,utkatasana,,TF,train,unlabelled,,Apache-2.0,data/datasets/yoga_poses/train/chair/girl2_chair078.jpg,True,True,True,,300,300
utkatasana_tf_0124,utkatasana,,TF,train,unlabelled,,Apache-2.0,data/datasets/yoga_poses/train/chair/girl2_chair080.jpg,True,True,True,,300,300
utkatasana_tf_0125,utkatasana,,TF,train,unlabelled,,Apache-2.0,data/datasets/yoga_poses/train/chair/girl2_chair081.jpg,True,True,True,,300,300
utkatasana_tf_0126,utkatasana,,TF,train,unlabelled,,Apache-2.0,data/datasets/yoga_poses/train/chair/girl2_chair084.jpg,True,True,True,,300,300
utkatasana_tf_0127,utkatasana,,TF,train,unlabelled,,Apache-2.0,data/datasets/yoga_poses/train/chair/girl2_chair085.jpg,True,True,True,,300,300
utkatasana_tf_0128,utkatasana,,TF,train,unlabelled,,Apache-2.0,data/datasets/yoga_poses/train/chair/girl2_chair087.jpg,True,True,True,,300,300
utkatasana_tf_0129,utkatasana,,TF,train,unlabelled,,Apache-2.0,data/datasets/yoga_poses/train/chair/girl2_chair090.jpg,True,True,True,,300,300
utkatasana_tf_0130,utkatasana,,TF,train,unlabelled,,Apache-2.0,data/datasets/yoga_poses/train/chair/girl2_chair092.jpg,True,True,True,,300,300
utkatasana_tf_0131,utkatasana,,TF,train,unlabelled,,Apache-2.0,data/datasets/yoga_poses/train/chair/girl2_chair093.jpg,True,True,True,,300,300
utkatasana_tf_0132,utkatasana,,TF,train,unlabelled,,Apache-2.0,data/datasets/yoga_poses/train/chair/girl2_chair095.jpg,True,True,True,,300,300
utkatasana_tf_0133,utkatasana,,TF,train,unlabelled,,Apache-2.0,data/datasets/yoga_poses/train/chair/girl2_chair100.jpg,True,True,True,,300,300
utkatasana_tf_0134,utkatasana,,TF,train,unlabelled,,Apache-2.0,data/datasets/yoga_poses/train/chair/girl2_chair102.jpg,True,True,True,,300,300
utkatasana_tf_0135,utkatasana,,TF,train,unlabelled,,Apache-2.0,data/datasets/yoga_poses/train/chair/girl2_chair105.jpg,True,True,True,,300,300
utkatasana_tf_0136,utkatasana,,TF,train,unlabelled,,Apache-2.0,data/datasets/yoga_poses/train/chair/girl2_chair109.jpg,True,True,True,,300,300
utkatasana_tf_0137,utkatasana,,TF,train,unlabelled,,Apache-2.0,data/datasets/yoga_poses/train/chair/girl2_chair110.jpg,True,True,True,,300,300
utkatasana_tf_0138,utkatasana,,TF,train,unlabelled,,Apache-2.0,data/datasets/yoga_poses/train/chair/girl2_chair111.jpg,True,True,True,,300,300
utkatasana_tf_0139,utkatasana,,TF,train,unlabelled,,Apache-2.0,data/datasets/yoga_poses/train/chair/girl2_chair113.jpg,True,True,True,,300,300
utkatasana_tf_0140,utkatasana,,TF,train,unlabelled,,Apache-2.0,data/datasets/yoga_poses/train/chair/girl2_chair114.jpg,True,True,True,,300,300
utkatasana_tf_0141,utkatasana,,TF,train,unlabelled,,Apache-2.0,data/datasets/yoga_poses/train/chair/girl2_chair116.jpg,True,True,True,,300,300
utkatasana_tf_0142,utkatasana,,TF,train,unlabelled,,Apache-2.0,data/datasets/yoga_poses/train/chair/girl2_chair117.jpg,True,True,True,,300,300
utkatasana_tf_0143,utkatasana,,TF,train,unlabelled,,Apache-2.0,data/datasets/yoga_poses/train/chair/girl2_chair118.jpg,True,True,True,,300,300
utkatasana_tf_0144,utkatasana,,TF,train,unlabelled,,Apache-2.0,data/datasets/yoga_poses/train/chair/girl2_chair119.jpg,True,True,True,,300,300
utkatasana_tf_0145,utkatasana,,TF,train,unlabelled,,Apache-2.0,data/datasets/yoga_poses/train/chair/girl2_chair120.jpg,True,True,True,,300,300
utkatasana_tf_0146,utkatasana,,TF,train,unlabelled,,Apache-2.0,data/datasets/yoga_poses/train/chair/girl2_chair126.jpg,True,True,True,,300,300
utkatasana_tf_0147,utkatasana,,TF,train,unlabelled,,Apache-2.0,data/datasets/yoga_poses/train/chair/girl2_chair129.jpg,True,True,True,,300,300
utkatasana_tf_0148,utkatasana,,TF,train,unlabelled,,Apache-2.0,data/datasets/yoga_poses/train/chair/girl2_chair130.jpg,True,True,True,,300,300
utkatasana_tf_0149,utkatasana,,TF,train,unlabelled,,Apache-2.0,data/datasets/yoga_poses/train/chair/girl2_chair134.jpg,True,True,True,,300,300
utkatasana_tf_0150,utkatasana,,TF,train,unlabelled,,Apache-2.0,data/datasets/yoga_poses/train/chair/girl2_chair135.jpg,True,True,True,,300,300
utkatasana_tf_0151,utkatasana,,TF,train,unlabelled,,Apache-2.0,data/datasets/yoga_poses/train/chair/girl2_chair136.jpg,True,True,True,,300,300
utkatasana_tf_0152,utkatasana,,TF,train,unlabelled,,Apache-2.0,data/datasets/yoga_poses/train/chair/girl2_chair141.jpg,True,True,True,,300,300
utkatasana_tf_0153,utkatasana,,TF,train,unlabelled,,Apache-2.0,data/datasets/yoga_poses/train/chair/girl2_chair142.jpg,True,True,True,,300,300
utkatasana_tf_0154,utkatasana,,TF,train,unlabelled,,Apache-2.0,data/datasets/yoga_poses/train/chair/girl2_chair143.jpg,True,True,True,,300,300
utkatasana_tf_0155,utkatasana,,TF,train,unlabelled,,Apache-2.0,data/datasets/yoga_poses/train/chair/girl2_chair146.jpg,True,True,True,,300,300
utkatasana_tf_0156,utkatasana,,TF,train,unlabelled,,Apache-2.0,data/datasets/yoga_poses/train/chair/girl2_chair148.jpg,True,True,True,,300,300
utkatasana_tf_0157,utkatasana,,TF,train,unlabelled,,Apache-2.0,data/datasets/yoga_poses/train/chair/girl2_chair149.jpg,True,True,True,,300,300
utkatasana_tf_0158,utkatasana,,TF,train,unlabelled,,Apache-2.0,data/datasets/yoga_poses/train/chair/girl2_chair152.jpg,True,True,True,,300,300
utkatasana_tf_0159,utkatasana,,TF,train,unlabelled,,Apache-2.0,data/datasets/yoga_poses/train/chair/girl2_chair153.jpg,True,True,True,,300,300
utkatasana_tf_0160,utkatasana,,TF,train,unlabelled,,Apache-2.0,data/datasets/yoga_poses/train/chair/girl3_chair070.jpg,True,True,True,,300,300
utkatasana_tf_0161,utkatasana,,TF,train,unlabelled,,Apache-2.0,data/datasets/yoga_poses/train/chair/girl3_chair071.jpg,True,True,True,,300,300
utkatasana_tf_0162,utkatasana,,TF,train,unlabelled,,Apache-2.0,data/datasets/yoga_poses/train/chair/girl3_chair072.jpg,True,True,True,,300,300
utkatasana_tf_0163,utkatasana,,TF,train,unlabelled,,Apache-2.0,data/datasets/yoga_poses/train/chair/girl3_chair075.jpg,True,True,True,,300,300
utkatasana_tf_0164,utkatasana,,TF,train,unlabelled,,Apache-2.0,data/datasets/yoga_poses/train/chair/girl3_chair076.jpg,True,True,True,,300,300
utkatasana_tf_0165,utkatasana,,TF,train,unlabelled,,Apache-2.0,data/datasets/yoga_poses/train/chair/girl3_chair081.jpg,True,True,True,,300,300
utkatasana_tf_0166,utkatasana,,TF,train,unlabelled,,Apache-2.0,data/datasets/yoga_poses/train/chair/girl3_chair084.jpg,True,True,True,,300,300
utkatasana_tf_0167,utkatasana,,TF,train,unlabelled,,Apache-2.0,data/datasets/yoga_poses/train/chair/girl3_chair085.jpg,True,True,True,,300,300
utkatasana_tf_0168,utkatasana,,TF,train,unlabelled,,Apache-2.0,data/datasets/yoga_poses/train/chair/girl3_chair087.jpg,True,True,True,,300,300
utkatasana_tf_0169,utkatasana,,TF,train,unlabelled,,Apache-2.0,data/datasets/yoga_poses/train/chair/girl3_chair088.jpg,True,True,True,,300,300
utkatasana_tf_0170,utkatasana,,TF,train,unlabelled,,Apache-2.0,data/datasets/yoga_poses/train/chair/girl3_chair089.jpg,True,True,True,,300,300
utkatasana_tf_0171,utkatasana,,TF,train,unlabelled,,Apache-2.0,data/datasets/yoga_poses/train/chair/girl3_chair091.jpg,True,True,True,,300,300
utkatasana_tf_0172,utkatasana,,TF,train,unlabelled,,Apache-2.0,data/datasets/yoga_poses/train/chair/girl3_chair092.jpg,True,True,True,,300,300
utkatasana_tf_0173,utkatasana,,TF,train,unlabelled,,Apache-2.0,data/datasets/yoga_poses/train/chair/girl3_chair093.jpg,True,True,True,,300,300
utkatasana_tf_0174,utkatasana,,TF,train,unlabelled,,Apache-2.0,data/datasets/yoga_poses/train/chair/girl3_chair094.jpg,True,True,True,,300,300
utkatasana_tf_0175,utkatasana,,TF,train,unlabelled,,Apache-2.0,data/datasets/yoga_poses/train/chair/girl3_chair095.jpg,True,True,True,,300,300
utkatasana_tf_0176,utkatasana,,TF,train,unlabelled,,Apache-2.0,data/datasets/yoga_poses/train/chair/girl3_chair096.jpg,True,True,True,,300,300
utkatasana_tf_0177,utkatasana,,TF,train,unlabelled,,Apache-2.0,data/datasets/yoga_poses/train/chair/girl3_chair097.jpg,True,True,True,,300,300
utkatasana_tf_0178,utkatasana,,TF,train,unlabelled,,Apache-2.0,data/datasets/yoga_poses/train/chair/girl3_chair099.jpg,True,True,True,,300,300
utkatasana_tf_0179,utkatasana,,TF,train,unlabelled,,Apache-2.0,data/datasets/yoga_poses/train/chair/girl3_chair100.jpg,True,True,True,,300,300
utkatasana_tf_0180,utkatasana,,TF,train,unlabelled,,Apache-2.0,data/datasets/yoga_poses/train/chair/girl3_chair104.jpg,True,True,True,,300,300
utkatasana_tf_0181,utkatasana,,TF,train,unlabelled,,Apache-2.0,data/datasets/yoga_poses/train/chair/girl3_chair106.jpg,True,True,True,,300,300
utkatasana_tf_0182,utkatasana,,TF,train,unlabelled,,Apache-2.0,data/datasets/yoga_poses/train/chair/girl3_chair107.jpg,True,True,True,,300,300
utkatasana_tf_0183,utkatasana,,TF,train,unlabelled,,Apache-2.0,data/datasets/yoga_poses/train/chair/girl3_chair108.jpg,True,True,True,,300,300
utkatasana_tf_0184,utkatasana,,TF,train,unlabelled,,Apache-2.0,data/datasets/yoga_poses/train/chair/girl3_chair110.jpg,True,False,False,no person detected,300,300
utkatasana_tf_0185,utkatasana,,TF,train,unlabelled,,Apache-2.0,data/datasets/yoga_poses/train/chair/girl3_chair114.jpg,True,True,True,,300,300
utkatasana_tf_0186,utkatasana,,TF,train,unlabelled,,Apache-2.0,data/datasets/yoga_poses/train/chair/girl3_chair115.jpg,True,True,True,,300,300
utkatasana_tf_0187,utkatasana,,TF,train,unlabelled,,Apache-2.0,data/datasets/yoga_poses/train/chair/girl3_chair118.jpg,True,False,False,no person detected,300,300
utkatasana_tf_0188,utkatasana,,TF,train,unlabelled,,Apache-2.0,data/datasets/yoga_poses/train/chair/girl3_chair122.jpg,True,False,False,no person detected,300,300
utkatasana_tf_0189,utkatasana,,TF,train,unlabelled,,Apache-2.0,data/datasets/yoga_poses/train/chair/girl3_chair123.jpg,True,False,False,no person detected,300,300
utkatasana_tf_0190,utkatasana,,TF,train,unlabelled,,Apache-2.0,data/datasets/yoga_poses/train/chair/girl3_chair124.jpg,True,False,False,no person detected,300,300
utkatasana_tf_0191,utkatasana,,TF,train,unlabelled,,Apache-2.0,data/datasets/yoga_poses/train/chair/girl3_chair125.jpg,True,True,True,,300,300
utkatasana_tf_0192,utkatasana,,TF,train,unlabelled,,Apache-2.0,data/datasets/yoga_poses/train/chair/girl3_chair131.jpg,True,True,True,,300,300
utkatasana_tf_0193,utkatasana,,TF,train,unlabelled,,Apache-2.0,data/datasets/yoga_poses/train/chair/girl3_chair132.jpg,True,True,True,,300,300
utkatasana_tf_0194,utkatasana,,TF,train,unlabelled,,Apache-2.0,data/datasets/yoga_poses/train/chair/girl3_chair133.jpg,True,False,False,no person detected,300,300
utkatasana_tf_0195,utkatasana,,TF,train,unlabelled,,Apache-2.0,data/datasets/yoga_poses/train/chair/girl3_chair134.jpg,True,True,True,,300,300
utkatasana_tf_0196,utkatasana,,TF,train,unlabelled,,Apache-2.0,data/datasets/yoga_poses/train/chair/girl3_chair136.jpg,True,False,False,no person detected,300,300
utkatasana_tf_0197,utkatasana,,TF,train,unlabelled,,Apache-2.0,data/datasets/yoga_poses/train/chair/girl3_chair138.jpg,True,False,False,no person detected,300,300
utkatasana_tf_0198,utkatasana,,TF,train,unlabelled,,Apache-2.0,data/datasets/yoga_poses/train/chair/girl3_chair139.jpg,True,True,True,,300,300
utkatasana_tf_0199,utkatasana,,TF,train,unlabelled,,Apache-2.0,data/datasets/yoga_poses/train/chair/girl3_chair140.jpg,True,True,True,,300,300
utkatasana_tf_0200,utkatasana,,TF,train,unlabelled,,Apache-2.0,data/datasets/yoga_poses/train/chair/girl3_chair141.jpg,True,True,True,,300,300
utkatasana_tf_0201,utkatasana,,TF,train,unlabelled,,Apache-2.0,data/datasets/yoga_poses/train/chair/girl3_chair142.jpg,True,True,True,,300,300
utkatasana_tf_0202,utkatasana,,TF,train,unlabelled,,Apache-2.0,data/datasets/yoga_poses/train/chair/girl3_chair148.jpg,True,True,True,,300,300
utkatasana_tf_0203,utkatasana,,TF,train,unlabelled,,Apache-2.0,data/datasets/yoga_poses/train/chair/girl3_chair149.jpg,True,True,True,,300,300
utkatasana_tf_0204,utkatasana,,TF,train,unlabelled,,Apache-2.0,data/datasets/yoga_poses/train/chair/girl3_chair150.jpg,True,True,True,,300,300
utkatasana_tf_0205,utkatasana,,TF,train,unlabelled,,Apache-2.0,data/datasets/yoga_poses/train/chair/girl3_chair152.jpg,True,True,True,,300,300
utkatasana_tf_0206,utkatasana,,TF,train,unlabelled,,Apache-2.0,data/datasets/yoga_poses/train/chair/guy2_chair071.jpg,True,True,True,,300,300
utkatasana_tf_0207,utkatasana,,TF,train,unlabelled,,Apache-2.0,data/datasets/yoga_poses/train/chair/guy2_chair072.jpg,True,True,True,,300,300
utkatasana_tf_0208,utkatasana,,TF,train,unlabelled,,Apache-2.0,data/datasets/yoga_poses/train/chair/guy2_chair074.jpg,True,True,True,,300,300
utkatasana_tf_0209,utkatasana,,TF,train,unlabelled,,Apache-2.0,data/datasets/yoga_poses/train/chair/guy2_chair075.jpg,True,True,True,,300,300
utkatasana_tf_0210,utkatasana,,TF,train,unlabelled,,Apache-2.0,data/datasets/yoga_poses/train/chair/guy2_chair076.jpg,True,True,True,,300,300
utkatasana_tf_0211,utkatasana,,TF,train,unlabelled,,Apache-2.0,data/datasets/yoga_poses/train/chair/guy2_chair083.jpg,True,True,True,,300,300
utkatasana_tf_0212,utkatasana,,TF,train,unlabelled,,Apache-2.0,data/datasets/yoga_poses/train/chair/guy2_chair084.jpg,True,True,True,,300,300
utkatasana_tf_0213,utkatasana,,TF,train,unlabelled,,Apache-2.0,data/datasets/yoga_poses/train/chair/guy2_chair085.jpg,True,True,True,,300,300
utkatasana_tf_0214,utkatasana,,TF,train,unlabelled,,Apache-2.0,data/datasets/yoga_poses/train/chair/guy2_chair086.jpg,True,True,True,,300,300
utkatasana_tf_0215,utkatasana,,TF,train,unlabelled,,Apache-2.0,data/datasets/yoga_poses/train/chair/guy2_chair088.jpg,True,True,True,,300,300
utkatasana_tf_0216,utkatasana,,TF,train,unlabelled,,Apache-2.0,data/datasets/yoga_poses/train/chair/guy2_chair089.jpg,True,True,True,,300,300
utkatasana_tf_0217,utkatasana,,TF,train,unlabelled,,Apache-2.0,data/datasets/yoga_poses/train/chair/guy2_chair094.jpg,True,True,True,,300,300
utkatasana_tf_0218,utkatasana,,TF,train,unlabelled,,Apache-2.0,data/datasets/yoga_poses/train/chair/guy2_chair095.jpg,True,True,True,,300,300
utkatasana_tf_0219,utkatasana,,TF,train,unlabelled,,Apache-2.0,data/datasets/yoga_poses/train/chair/guy2_chair100.jpg,True,True,True,,300,300
utkatasana_tf_0220,utkatasana,,TF,train,unlabelled,,Apache-2.0,data/datasets/yoga_poses/train/chair/guy2_chair102.jpg,True,True,True,,300,300
utkatasana_tf_0221,utkatasana,,TF,train,unlabelled,,Apache-2.0,data/datasets/yoga_poses/train/chair/guy2_chair103.jpg,True,True,True,,300,300
utkatasana_tf_0222,utkatasana,,TF,train,unlabelled,,Apache-2.0,data/datasets/yoga_poses/train/chair/guy2_chair104.jpg,True,True,True,,300,300
utkatasana_tf_0223,utkatasana,,TF,train,unlabelled,,Apache-2.0,data/datasets/yoga_poses/train/chair/guy2_chair106.jpg,True,True,True,,300,300
utkatasana_tf_0224,utkatasana,,TF,train,unlabelled,,Apache-2.0,data/datasets/yoga_poses/train/chair/guy2_chair108.jpg,True,True,True,,300,300
utkatasana_tf_0225,utkatasana,,TF,train,unlabelled,,Apache-2.0,data/datasets/yoga_poses/train/chair/guy2_chair109.jpg,True,True,True,,300,300
utkatasana_tf_0226,utkatasana,,TF,train,unlabelled,,Apache-2.0,data/datasets/yoga_poses/train/chair/guy2_chair114.jpg,True,True,True,,300,300
utkatasana_tf_0227,utkatasana,,TF,train,unlabelled,,Apache-2.0,data/datasets/yoga_poses/train/chair/guy2_chair116.jpg,True,True,True,,300,300
utkatasana_tf_0228,utkatasana,,TF,train,unlabelled,,Apache-2.0,data/datasets/yoga_poses/train/chair/guy2_chair117.jpg,True,True,True,,300,300
utkatasana_tf_0229,utkatasana,,TF,train,unlabelled,,Apache-2.0,data/datasets/yoga_poses/train/chair/guy2_chair120.jpg,True,True,True,,300,300
utkatasana_tf_0230,utkatasana,,TF,train,unlabelled,,Apache-2.0,data/datasets/yoga_poses/train/chair/guy2_chair123.jpg,True,True,True,,300,300
utkatasana_tf_0231,utkatasana,,TF,train,unlabelled,,Apache-2.0,data/datasets/yoga_poses/train/chair/guy2_chair124.jpg,True,True,True,,300,300
utkatasana_tf_0232,utkatasana,,TF,train,unlabelled,,Apache-2.0,data/datasets/yoga_poses/train/chair/guy2_chair128.jpg,True,True,True,,300,300
utkatasana_tf_0233,utkatasana,,TF,train,unlabelled,,Apache-2.0,data/datasets/yoga_poses/train/chair/guy2_chair129.jpg,True,True,True,,300,300
utkatasana_tf_0234,utkatasana,,TF,train,unlabelled,,Apache-2.0,data/datasets/yoga_poses/train/chair/guy2_chair131.jpg,True,True,True,,300,300
utkatasana_tf_0235,utkatasana,,TF,train,unlabelled,,Apache-2.0,data/datasets/yoga_poses/train/chair/guy2_chair133.jpg,True,True,True,,300,300
utkatasana_tf_0236,utkatasana,,TF,train,unlabelled,,Apache-2.0,data/datasets/yoga_poses/train/chair/guy2_chair134.jpg,True,True,True,,300,300
utkatasana_tf_0237,utkatasana,,TF,train,unlabelled,,Apache-2.0,data/datasets/yoga_poses/train/chair/guy2_chair135.jpg,True,True,True,,300,300
utkatasana_tf_0238,utkatasana,,TF,train,unlabelled,,Apache-2.0,data/datasets/yoga_poses/train/chair/guy2_chair136.jpg,True,True,True,,300,300
utkatasana_tf_0239,utkatasana,,TF,train,unlabelled,,Apache-2.0,data/datasets/yoga_poses/train/chair/guy2_chair137.jpg,True,True,True,,300,300
utkatasana_tf_0240,utkatasana,,TF,train,unlabelled,,Apache-2.0,data/datasets/yoga_poses/train/chair/guy2_chair140.jpg,True,True,True,,300,300
utkatasana_tf_0241,utkatasana,,TF,train,unlabelled,,Apache-2.0,data/datasets/yoga_poses/train/chair/guy2_chair143.jpg,True,True,True,,300,300
utkatasana_tf_0242,utkatasana,,TF,train,unlabelled,,Apache-2.0,data/datasets/yoga_poses/train/chair/guy2_chair144.jpg,True,True,True,,300,300
utkatasana_tf_0243,utkatasana,,TF,train,unlabelled,,Apache-2.0,data/datasets/yoga_poses/train/chair/guy2_chair145.jpg,True,True,True,,300,300
utkatasana_tf_0244,utkatasana,,TF,train,unlabelled,,Apache-2.0,data/datasets/yoga_poses/train/chair/guy2_chair146.jpg,True,True,True,,300,300
utkatasana_tf_0245,utkatasana,,TF,train,unlabelled,,Apache-2.0,data/datasets/yoga_poses/train/chair/guy2_chair147.jpg,True,True,True,,300,300
utkatasana_tf_0246,utkatasana,,TF,train,unlabelled,,Apache-2.0,data/datasets/yoga_poses/train/chair/guy2_chair148.jpg,True,True,True,,300,300
utkatasana_tf_0247,utkatasana,,TF,train,unlabelled,,Apache-2.0,data/datasets/yoga_poses/train/chair/guy2_chair152.jpg,True,True,True,,300,300
utkatasana_tf_0248,utkatasana,,TF,train,unlabelled,,Apache-2.0,data/datasets/yoga_poses/train/chair/guy_chair072.jpg,True,True,True,,300,300
utkatasana_tf_0249,utkatasana,,TF,train,unlabelled,,Apache-2.0,data/datasets/yoga_poses/train/chair/guy_chair074.jpg,True,True,True,,300,300
utkatasana_tf_0250,utkatasana,,TF,train,unlabelled,,Apache-2.0,data/datasets/yoga_poses/train/chair/guy_chair076.jpg,True,True,True,,300,300
utkatasana_tf_0251,utkatasana,,TF,train,unlabelled,,Apache-2.0,data/datasets/yoga_poses/train/chair/guy_chair078.jpg,True,True,True,,300,300
utkatasana_tf_0252,utkatasana,,TF,train,unlabelled,,Apache-2.0,data/datasets/yoga_poses/train/chair/guy_chair082.jpg,True,True,True,,300,300
utkatasana_tf_0253,utkatasana,,TF,train,unlabelled,,Apache-2.0,data/datasets/yoga_poses/train/chair/guy_chair085.jpg,True,True,True,,300,300
utkatasana_tf_0254,utkatasana,,TF,train,unlabelled,,Apache-2.0,data/datasets/yoga_poses/train/chair/guy_chair087.jpg,True,True,True,,300,300
utkatasana_tf_0255,utkatasana,,TF,train,unlabelled,,Apache-2.0,data/datasets/yoga_poses/train/chair/guy_chair088.jpg,True,True,True,,300,300
utkatasana_tf_0256,utkatasana,,TF,train,unlabelled,,Apache-2.0,data/datasets/yoga_poses/train/chair/guy_chair089.jpg,True,True,True,,300,300
utkatasana_tf_0257,utkatasana,,TF,train,unlabelled,,Apache-2.0,data/datasets/yoga_poses/train/chair/guy_chair090.jpg,True,True,True,,300,300
utkatasana_tf_0258,utkatasana,,TF,train,unlabelled,,Apache-2.0,data/datasets/yoga_poses/train/chair/guy_chair092.jpg,True,True,True,,300,300
utkatasana_tf_0259,utkatasana,,TF,train,unlabelled,,Apache-2.0,data/datasets/yoga_poses/train/chair/guy_chair093.jpg,True,True,True,,300,300
utkatasana_tf_0260,utkatasana,,TF,train,unlabelled,,Apache-2.0,data/datasets/yoga_poses/train/chair/guy_chair096.jpg,True,True,True,,300,300
utkatasana_tf_0261,utkatasana,,TF,train,unlabelled,,Apache-2.0,data/datasets/yoga_poses/train/chair/guy_chair103.jpg,True,True,True,,300,300
utkatasana_tf_0262,utkatasana,,TF,train,unlabelled,,Apache-2.0,data/datasets/yoga_poses/train/chair/guy_chair104.jpg,True,True,True,,300,300
utkatasana_tf_0263,utkatasana,,TF,train,unlabelled,,Apache-2.0,data/datasets/yoga_poses/train/chair/guy_chair105.jpg,True,True,True,,300,300
utkatasana_tf_0264,utkatasana,,TF,train,unlabelled,,Apache-2.0,data/datasets/yoga_poses/train/chair/guy_chair107.jpg,True,True,True,,300,300
utkatasana_tf_0265,utkatasana,,TF,train,unlabelled,,Apache-2.0,data/datasets/yoga_poses/train/chair/guy_chair109.jpg,True,True,True,,300,300
utkatasana_tf_0266,utkatasana,,TF,train,unlabelled,,Apache-2.0,data/datasets/yoga_poses/train/chair/guy_chair112.jpg,True,True,True,,300,300
utkatasana_tf_0267,utkatasana,,TF,train,unlabelled,,Apache-2.0,data/datasets/yoga_poses/train/chair/guy_chair113.jpg,True,True,True,,300,300
utkatasana_tf_0268,utkatasana,,TF,train,unlabelled,,Apache-2.0,data/datasets/yoga_poses/train/chair/guy_chair115.jpg,True,True,True,,300,300
utkatasana_tf_0269,utkatasana,,TF,train,unlabelled,,Apache-2.0,data/datasets/yoga_poses/train/chair/guy_chair116.jpg,True,True,True,,300,300
utkatasana_tf_0270,utkatasana,,TF,train,unlabelled,,Apache-2.0,data/datasets/yoga_poses/train/chair/guy_chair118.jpg,True,True,True,,300,300
utkatasana_tf_0271,utkatasana,,TF,train,unlabelled,,Apache-2.0,data/datasets/yoga_poses/train/chair/guy_chair121.jpg,True,True,True,,300,300
utkatasana_tf_0272,utkatasana,,TF,train,unlabelled,,Apache-2.0,data/datasets/yoga_poses/train/chair/guy_chair122.jpg,True,True,True,,300,300
utkatasana_tf_0273,utkatasana,,TF,train,unlabelled,,Apache-2.0,data/datasets/yoga_poses/train/chair/guy_chair124.jpg,True,True,True,,300,300
utkatasana_tf_0274,utkatasana,,TF,train,unlabelled,,Apache-2.0,data/datasets/yoga_poses/train/chair/guy_chair125.jpg,True,True,True,,300,300
utkatasana_tf_0275,utkatasana,,TF,train,unlabelled,,Apache-2.0,data/datasets/yoga_poses/train/chair/guy_chair126.jpg,True,True,True,,300,300
utkatasana_tf_0276,utkatasana,,TF,train,unlabelled,,Apache-2.0,data/datasets/yoga_poses/train/chair/guy_chair127.jpg,True,True,True,,300,300
utkatasana_tf_0277,utkatasana,,TF,train,unlabelled,,Apache-2.0,data/datasets/yoga_poses/train/chair/guy_chair131.jpg,True,True,True,,300,300
utkatasana_tf_0278,utkatasana,,TF,train,unlabelled,,Apache-2.0,data/datasets/yoga_poses/train/chair/guy_chair133.jpg,True,True,True,,300,300
utkatasana_tf_0279,utkatasana,,TF,train,unlabelled,,Apache-2.0,data/datasets/yoga_poses/train/chair/guy_chair134.jpg,True,True,True,,300,300
utkatasana_tf_0280,utkatasana,,TF,train,unlabelled,,Apache-2.0,data/datasets/yoga_poses/train/chair/guy_chair136.jpg,True,True,True,,300,300
utkatasana_tf_0281,utkatasana,,TF,train,unlabelled,,Apache-2.0,data/datasets/yoga_poses/train/chair/guy_chair138.jpg,True,True,True,,300,300
utkatasana_tf_0282,utkatasana,,TF,train,unlabelled,,Apache-2.0,data/datasets/yoga_poses/train/chair/guy_chair140.jpg,True,True,True,,300,300
utkatasana_tf_0283,utkatasana,,TF,train,unlabelled,,Apache-2.0,data/datasets/yoga_poses/train/chair/guy_chair145.jpg,True,True,True,,300,300
utkatasana_tf_0284,utkatasana,,TF,train,unlabelled,,Apache-2.0,data/datasets/yoga_poses/train/chair/guy_chair149.jpg,True,True,True,,300,300
utkatasana_y107_0001,utkatasana,,Y107,train,unlabelled,,not stated by the host (web photographs); included for research and education,data/datasets/yoga107/utkatasana/001.jpg,True,True,True,,385,1024
utkatasana_y107_0002,utkatasana,,Y107,train,unlabelled,,not stated by the host (web photographs); included for research and education,data/datasets/yoga107/utkatasana/002.jpg,True,True,True,,300,482
utkatasana_y107_0003,utkatasana,,Y107,train,unlabelled,,not stated by the host (web photographs); included for research and education,data/datasets/yoga107/utkatasana/003.jpg,True,True,True,,380,700
utkatasana_y107_0004,utkatasana,,Y107,holdout,unlabelled,,not stated by the host (web photographs); included for research and education,data/datasets/yoga107/utkatasana/004.jpg,True,True,True,,275,510
utkatasana_y107_0005,utkatasana,,Y107,train,unlabelled,,not stated by the host (web photographs); included for research and education,data/datasets/yoga107/utkatasana/005.jpg,True,True,True,,579,1024
utkatasana_y107_0006,utkatasana,,Y107,train,unlabelled,,not stated by the host (web photographs); included for research and education,data/datasets/yoga107/utkatasana/006.jpg,True,True,True,,217,408
utkatasana_y107_0007,utkatasana,,Y107,train,unlabelled,,not stated by the host (web photographs); included for research and education,data/datasets/yoga107/utkatasana/007.jpg,True,True,True,,311,467
utkatasana_y107_0008,utkatasana,,Y107,holdout,unlabelled,,not stated by the host (web photographs); included for research and education,data/datasets/yoga107/utkatasana/008.jpg,True,True,True,,123,272
utkatasana_y107_0009,utkatasana,,Y107,train,unlabelled,,not stated by the host (web photographs); included for research and education,data/datasets/yoga107/utkatasana/009.jpg,True,True,True,,289,409
utkatasana_y107_0010,utkatasana,,Y107,train,unlabelled,,not stated by the host (web photographs); included for research and education,data/datasets/yoga107/utkatasana/010.jpg,True,True,True,,277,403
utkatasana_y107_0011,utkatasana,,Y107,train,unlabelled,,not stated by the host (web photographs); included for research and education,data/datasets/yoga107/utkatasana/011.jpg,True,True,True,,306,442
utkatasana_y107_0012,utkatasana,,Y107,holdout,unlabelled,,not stated by the host (web photographs); included for research and education,data/datasets/yoga107/utkatasana/012.jpg,True,True,True,,282,616
utkatasana_y107_0013,utkatasana,,Y107,train,unlabelled,,not stated by the host (web photographs); included for research and education,data/datasets/yoga107/utkatasana/013.jpg,True,True,True,,357,468
utkatasana_y107_0014,utkatasana,,Y107,train,unlabelled,,not stated by the host (web photographs); included for research and education,data/datasets/yoga107/utkatasana/014.jpg,True,True,True,,245,470
utkatasana_y107_0015,utkatasana,,Y107,train,unlabelled,,not stated by the host (web photographs); included for research and education,data/datasets/yoga107/utkatasana/015.jpg,True,True,True,,348,640
utkatasana_y107_0016,utkatasana,,Y107,holdout,unlabelled,,not stated by the host (web photographs); included for research and education,data/datasets/yoga107/utkatasana/016.jpg,True,True,True,,218,445
utkatasana_y107_0017,utkatasana,,Y107,train,unlabelled,,not stated by the host (web photographs); included for research and education,data/datasets/yoga107/utkatasana/017.jpg,True,True,True,,177,264
utkatasana_y107_0018,utkatasana,,Y107,train,unlabelled,,not stated by the host (web photographs); included for research and education,data/datasets/yoga107/utkatasana/018.jpg,True,True,True,,760,760
utkatasana_y107_0019,utkatasana,,Y107,train,unlabelled,,not stated by the host (web photographs); included for research and education,data/datasets/yoga107/utkatasana/019.jpg,True,True,True,,187,368
utkatasana_y107_0020,utkatasana,,Y107,holdout,unlabelled,,not stated by the host (web photographs); included for research and education,data/datasets/yoga107/utkatasana/020.jpg,True,True,True,,536,856
utkatasana_y107_0021,utkatasana,,Y107,train,unlabelled,,not stated by the host (web photographs); included for research and education,data/datasets/yoga107/utkatasana/021.jpg,True,False,False,no person detected,208,398
utkatasana_y107_0022,utkatasana,,Y107,train,unlabelled,,not stated by the host (web photographs); included for research and education,data/datasets/yoga107/utkatasana/022.jpg,True,True,True,,144,276
utkatasana_y107_0023,utkatasana,,Y107,train,unlabelled,,not stated by the host (web photographs); included for research and education,data/datasets/yoga107/utkatasana/023.jpg,True,True,True,,600,900
utkatasana_y107_0024,utkatasana,,Y107,holdout,unlabelled,,not stated by the host (web photographs); included for research and education,data/datasets/yoga107/utkatasana/024.jpg,True,True,True,,322,703
utkatasana_y107_0025,utkatasana,,Y107,train,unlabelled,,not stated by the host (web photographs); included for research and education,data/datasets/yoga107/utkatasana/025.jpg,True,True,True,,187,400
utkatasana_y107_0026,utkatasana,,Y107,train,unlabelled,,not stated by the host (web photographs); included for research and education,data/datasets/yoga107/utkatasana/026.jpg,True,False,False,no person detected,457,624
utkatasana_y107_0027,utkatasana,,Y107,train,unlabelled,,not stated by the host (web photographs); included for research and education,data/datasets/yoga107/utkatasana/027.jpg,True,True,True,,186,384
utkatasana_y107_0028,utkatasana,,Y107,holdout,unlabelled,,not stated by the host (web photographs); included for research and education,data/datasets/yoga107/utkatasana/028.jpg,True,False,False,no person detected,400,331
utkatasana_y107_0029,utkatasana,,Y107,train,unlabelled,,not stated by the host (web photographs); included for research and education,data/datasets/yoga107/utkatasana/029.jpg,True,True,True,,169,355
utkatasana_y107_0030,utkatasana,,Y107,train,unlabelled,,not stated by the host (web photographs); included for research and education,data/datasets/yoga107/utkatasana/030.jpg,True,True,True,,285,372
utkatasana_y107_0031,utkatasana,,Y107,train,unlabelled,,not stated by the host (web photographs); included for research and education,data/datasets/yoga107/utkatasana/031.jpg,True,True,True,,281,468
utkatasana_y107_0032,utkatasana,,Y107,holdout,unlabelled,,not stated by the host (web photographs); included for research and education,data/datasets/yoga107/utkatasana/032.jpg,True,True,True,,760,760
utkatasana_y107_0033,utkatasana,,Y107,train,unlabelled,,not stated by the host (web photographs); included for research and education,data/datasets/yoga107/utkatasana/033.jpg,True,True,True,,579,1024
utkatasana_y107_0034,utkatasana,,Y107,train,unlabelled,,not stated by the host (web photographs); included for research and education,data/datasets/yoga107/utkatasana/034.jpg,True,True,True,,208,255
utkatasana_y107_0035,utkatasana,,Y107,train,unlabelled,,not stated by the host (web photographs); included for research and education,data/datasets/yoga107/utkatasana/035.jpg,True,True,True,,235,464
utkatasana_y107_0036,utkatasana,,Y107,holdout,unlabelled,,not stated by the host (web photographs); included for research and education,data/datasets/yoga107/utkatasana/036.jpg,True,True,True,,1000,583
utkatasana_y107_0037,utkatasana,,Y107,train,unlabelled,,not stated by the host (web photographs); included for research and education,data/datasets/yoga107/utkatasana/037.jpg,True,True,True,,129,310
utkatasana_y107_0038,utkatasana,,Y107,train,unlabelled,,not stated by the host (web photographs); included for research and education,data/datasets/yoga107/utkatasana/038.jpg,True,True,True,,423,772
utkatasana_y107_0039,utkatasana,,Y107,train,unlabelled,,not stated by the host (web photographs); included for research and education,data/datasets/yoga107/utkatasana/039.jpg,True,True,True,,156,359
utkatasana_y107_0040,utkatasana,,Y107,holdout,unlabelled,,not stated by the host (web photographs); included for research and education,data/datasets/yoga107/utkatasana/040.jpg,True,True,True,,117,226
utkatasana_y107_0041,utkatasana,,Y107,train,unlabelled,,not stated by the host (web photographs); included for research and education,data/datasets/yoga107/utkatasana/041.jpg,True,True,True,,567,567
utkatasana_y107_0042,utkatasana,,Y107,train,unlabelled,,not stated by the host (web photographs); included for research and education,data/datasets/yoga107/utkatasana/042.jpg,True,True,True,,129,277
utkatasana_y107_0043,utkatasana,,Y107,train,unlabelled,,not stated by the host (web photographs); included for research and education,data/datasets/yoga107/utkatasana/043.jpg,True,True,True,,316,434
utkatasana_y107_0044,utkatasana,,Y107,holdout,unlabelled,,not stated by the host (web photographs); included for research and education,data/datasets/yoga107/utkatasana/044.jpg,True,False,False,no person detected,512,512
utkatasana_y107_0045,utkatasana,,Y107,train,unlabelled,,not stated by the host (web photographs); included for research and education,data/datasets/yoga107/utkatasana/045.jpg,True,True,True,,155,225
utkatasana_y107_0046,utkatasana,,Y107,train,unlabelled,,not stated by the host (web photographs); included for research and education,data/datasets/yoga107/utkatasana/046.jpg,True,True,True,,306,532
utkatasana_y107_0047,utkatasana,,Y107,train,unlabelled,,not stated by the host (web photographs); included for research and education,data/datasets/yoga107/utkatasana/047.jpg,True,False,False,no person detected,457,624
utkatasana_y107_0048,utkatasana,,Y107,holdout,unlabelled,,not stated by the host (web photographs); included for research and education,data/datasets/yoga107/utkatasana/048.jpg,True,True,True,,461,790
utkatasana_y107_0049,utkatasana,,Y107,train,unlabelled,,not stated by the host (web photographs); included for research and education,data/datasets/yoga107/utkatasana/049.jpg,True,True,True,,354,428
utkatasana_y107_0050,utkatasana,,Y107,train,unlabelled,,not stated by the host (web photographs); included for research and education,data/datasets/yoga107/utkatasana/050.jpg,True,False,False,no person detected,200,657
utkatasana_y107_0051,utkatasana,,Y107,train,unlabelled,,not stated by the host (web photographs); included for research and education,data/datasets/yoga107/utkatasana/051.jpg,True,True,True,,197,358
utkatasana_y107_0052,utkatasana,,Y107,holdout,unlabelled,,not stated by the host (web photographs); included for research and education,data/datasets/yoga107/utkatasana/052.jpg,True,True,True,,600,900
utkatasana_y107_0053,utkatasana,,Y107,train,unlabelled,,not stated by the host (web photographs); included for research and education,data/datasets/yoga107/utkatasana/053.jpg,True,True,True,,900,675
utkatasana_y107_0054,utkatasana,,Y107,train,unlabelled,,not stated by the host (web photographs); included for research and education,data/datasets/yoga107/utkatasana/054.jpg,True,False,False,no person detected,400,309
utkatasana_y107_0055,utkatasana,,Y107,train,unlabelled,,not stated by the host (web photographs); included for research and education,data/datasets/yoga107/utkatasana/055.jpg,True,False,False,no person detected,400,331
utkatasana_y107_0056,utkatasana,,Y107,holdout,unlabelled,,not stated by the host (web photographs); included for research and education,data/datasets/yoga107/utkatasana/056.jpg,True,True,True,,677,797
utkatasana_y107_0057,utkatasana,,Y107,train,unlabelled,,not stated by the host (web photographs); included for research and education,data/datasets/yoga107/utkatasana/057.jpg,True,True,True,,161,300
utkatasana_y107_0058,utkatasana,,Y107,train,unlabelled,,not stated by the host (web photographs); included for research and education,data/datasets/yoga107/utkatasana/058.jpg,True,True,True,,677,797
utkatasana_y107_0059,utkatasana,,Y107,train,unlabelled,,not stated by the host (web photographs); included for research and education,data/datasets/yoga107/utkatasana/059.jpg,True,True,True,,261,461
utkatasana_y107_0060,utkatasana,,Y107,holdout,unlabelled,,not stated by the host (web photographs); included for research and education,data/datasets/yoga107/utkatasana/060.jpg,True,True,True,,184,558
utkatasana_y107_0061,utkatasana,,Y107,train,unlabelled,,not stated by the host (web photographs); included for research and education,data/datasets/yoga107/utkatasana/061.jpg,True,True,True,,846,476
utkatasana_y107_0062,utkatasana,,Y107,train,unlabelled,,not stated by the host (web photographs); included for research and education,data/datasets/yoga107/utkatasana/062.jpg,True,False,False,no person detected,135,313
utkatasana_y107_0063,utkatasana,,Y107,train,unlabelled,,not stated by the host (web photographs); included for research and education,data/datasets/yoga107/utkatasana/063.jpg,True,True,True,,276,383
utkatasana_y107_0064,utkatasana,,Y107,holdout,unlabelled,,not stated by the host (web photographs); included for research and education,data/datasets/yoga107/utkatasana/064.jpg,True,True,True,,282,359
utkatasana_y107_0065,utkatasana,,Y107,train,unlabelled,,not stated by the host (web photographs); included for research and education,data/datasets/yoga107/utkatasana/065.jpg,True,True,True,,262,390
utkatasana_y107_0066,utkatasana,,Y107,train,unlabelled,,not stated by the host (web photographs); included for research and education,data/datasets/yoga107/utkatasana/066.jpg,True,True,True,,369,646
utkatasana_y107_0067,utkatasana,,Y107,train,unlabelled,,not stated by the host (web photographs); included for research and education,data/datasets/yoga107/utkatasana/067.jpg,True,True,True,,240,583
utkatasana_y107_0068,utkatasana,,Y107,holdout,unlabelled,,not stated by the host (web photographs); included for research and education,data/datasets/yoga107/utkatasana/068.jpg,True,True,True,,309,425
utkatasana_y107_0069,utkatasana,,Y107,train,unlabelled,,not stated by the host (web photographs); included for research and education,data/datasets/yoga107/utkatasana/069.jpg,True,True,True,,226,512
utkatasana_y107_0070,utkatasana,,Y107,train,unlabelled,,not stated by the host (web photographs); included for research and education,data/datasets/yoga107/utkatasana/070.jpg,True,False,False,no person detected,512,512
utkatasana_y107_0071,utkatasana,,Y107,train,unlabelled,,not stated by the host (web photographs); included for research and education,data/datasets/yoga107/utkatasana/071.jpg,True,True,True,,400,400
utkatasana_y107_0072,utkatasana,,Y107,holdout,unlabelled,,not stated by the host (web photographs); included for research and education,data/datasets/yoga107/utkatasana/072.jpg,True,True,True,,234,322
utkatasana_y107_0073,utkatasana,,Y107,train,unlabelled,,not stated by the host (web photographs); included for research and education,data/datasets/yoga107/utkatasana/073.jpg,True,True,True,,352,673
vrikshasana_tf_0001,vrikshasana,,TF,test,unlabelled,,Apache-2.0,data/datasets/yoga_poses/test/tree/guy3_tree085.jpg,True,True,True,,300,300
vrikshasana_tf_0002,vrikshasana,,TF,test,unlabelled,,Apache-2.0,data/datasets/yoga_poses/test/tree/guy3_tree086.jpg,True,True,True,,300,300
vrikshasana_tf_0003,vrikshasana,,TF,test,unlabelled,,Apache-2.0,data/datasets/yoga_poses/test/tree/guy3_tree087.jpg,True,True,True,,300,300
vrikshasana_tf_0004,vrikshasana,,TF,test,unlabelled,,Apache-2.0,data/datasets/yoga_poses/test/tree/guy3_tree088.jpg,True,True,True,,300,300
vrikshasana_tf_0005,vrikshasana,,TF,test,unlabelled,,Apache-2.0,data/datasets/yoga_poses/test/tree/guy3_tree089.jpg,True,True,True,,300,300
vrikshasana_tf_0006,vrikshasana,,TF,test,unlabelled,,Apache-2.0,data/datasets/yoga_poses/test/tree/guy3_tree090.jpg,True,True,True,,300,300
vrikshasana_tf_0007,vrikshasana,,TF,test,unlabelled,,Apache-2.0,data/datasets/yoga_poses/test/tree/guy3_tree091.jpg,True,True,True,,300,300
vrikshasana_tf_0008,vrikshasana,,TF,test,unlabelled,,Apache-2.0,data/datasets/yoga_poses/test/tree/guy3_tree092.jpg,True,True,True,,300,300
vrikshasana_tf_0009,vrikshasana,,TF,test,unlabelled,,Apache-2.0,data/datasets/yoga_poses/test/tree/guy3_tree093.jpg,True,True,True,,300,300
vrikshasana_tf_0010,vrikshasana,,TF,test,unlabelled,,Apache-2.0,data/datasets/yoga_poses/test/tree/guy3_tree094.jpg,True,True,True,,300,300
vrikshasana_tf_0011,vrikshasana,,TF,test,unlabelled,,Apache-2.0,data/datasets/yoga_poses/test/tree/guy3_tree095.jpg,True,True,True,,300,300
vrikshasana_tf_0012,vrikshasana,,TF,test,unlabelled,,Apache-2.0,data/datasets/yoga_poses/test/tree/guy3_tree096.jpg,True,True,True,,300,300
vrikshasana_tf_0013,vrikshasana,,TF,test,unlabelled,,Apache-2.0,data/datasets/yoga_poses/test/tree/guy3_tree097.jpg,True,True,True,,300,300
vrikshasana_tf_0014,vrikshasana,,TF,test,unlabelled,,Apache-2.0,data/datasets/yoga_poses/test/tree/guy3_tree098.jpg,True,True,True,,300,300
vrikshasana_tf_0015,vrikshasana,,TF,test,unlabelled,,Apache-2.0,data/datasets/yoga_poses/test/tree/guy3_tree099.jpg,True,True,True,,300,300
vrikshasana_tf_0016,vrikshasana,,TF,test,unlabelled,,Apache-2.0,data/datasets/yoga_poses/test/tree/guy3_tree100.jpg,True,True,True,,300,300
vrikshasana_tf_0017,vrikshasana,,TF,test,unlabelled,,Apache-2.0,data/datasets/yoga_poses/test/tree/guy3_tree101.jpg,True,True,True,,300,300
vrikshasana_tf_0018,vrikshasana,,TF,test,unlabelled,,Apache-2.0,data/datasets/yoga_poses/test/tree/guy3_tree102.jpg,True,True,True,,300,300
vrikshasana_tf_0019,vrikshasana,,TF,test,unlabelled,,Apache-2.0,data/datasets/yoga_poses/test/tree/guy3_tree103.jpg,True,True,True,,300,300
vrikshasana_tf_0020,vrikshasana,,TF,test,unlabelled,,Apache-2.0,data/datasets/yoga_poses/test/tree/guy3_tree104.jpg,True,True,True,,300,300
vrikshasana_tf_0021,vrikshasana,,TF,test,unlabelled,,Apache-2.0,data/datasets/yoga_poses/test/tree/guy3_tree105.jpg,True,True,True,,300,300
vrikshasana_tf_0022,vrikshasana,,TF,test,unlabelled,,Apache-2.0,data/datasets/yoga_poses/test/tree/guy3_tree106.jpg,True,True,True,,300,300
vrikshasana_tf_0023,vrikshasana,,TF,test,unlabelled,,Apache-2.0,data/datasets/yoga_poses/test/tree/guy3_tree107.jpg,True,True,True,,300,300
vrikshasana_tf_0024,vrikshasana,,TF,test,unlabelled,,Apache-2.0,data/datasets/yoga_poses/test/tree/guy3_tree108.jpg,True,True,True,,300,300
vrikshasana_tf_0025,vrikshasana,,TF,test,unlabelled,,Apache-2.0,data/datasets/yoga_poses/test/tree/guy3_tree109.jpg,True,True,True,,300,300
vrikshasana_tf_0026,vrikshasana,,TF,test,unlabelled,,Apache-2.0,data/datasets/yoga_poses/test/tree/guy3_tree110.jpg,True,True,True,,300,300
vrikshasana_tf_0027,vrikshasana,,TF,test,unlabelled,,Apache-2.0,data/datasets/yoga_poses/test/tree/guy3_tree111.jpg,True,True,True,,300,300
vrikshasana_tf_0028,vrikshasana,,TF,test,unlabelled,,Apache-2.0,data/datasets/yoga_poses/test/tree/guy3_tree112.jpg,True,True,True,,300,300
vrikshasana_tf_0029,vrikshasana,,TF,test,unlabelled,,Apache-2.0,data/datasets/yoga_poses/test/tree/guy3_tree113.jpg,True,True,True,,300,300
vrikshasana_tf_0030,vrikshasana,,TF,test,unlabelled,,Apache-2.0,data/datasets/yoga_poses/test/tree/guy3_tree114.jpg,True,True,True,,300,300
vrikshasana_tf_0031,vrikshasana,,TF,test,unlabelled,,Apache-2.0,data/datasets/yoga_poses/test/tree/guy3_tree115.jpg,True,True,True,,300,300
vrikshasana_tf_0032,vrikshasana,,TF,test,unlabelled,,Apache-2.0,data/datasets/yoga_poses/test/tree/guy3_tree116.jpg,True,True,True,,300,300
vrikshasana_tf_0033,vrikshasana,,TF,test,unlabelled,,Apache-2.0,data/datasets/yoga_poses/test/tree/guy3_tree117.jpg,True,True,True,,300,300
vrikshasana_tf_0034,vrikshasana,,TF,test,unlabelled,,Apache-2.0,data/datasets/yoga_poses/test/tree/guy3_tree118.jpg,True,True,True,,300,300
vrikshasana_tf_0035,vrikshasana,,TF,test,unlabelled,,Apache-2.0,data/datasets/yoga_poses/test/tree/guy3_tree119.jpg,True,True,True,,300,300
vrikshasana_tf_0036,vrikshasana,,TF,test,unlabelled,,Apache-2.0,data/datasets/yoga_poses/test/tree/guy3_tree120.jpg,True,True,True,,300,300
vrikshasana_tf_0037,vrikshasana,,TF,test,unlabelled,,Apache-2.0,data/datasets/yoga_poses/test/tree/guy3_tree121.jpg,True,True,True,,300,300
vrikshasana_tf_0038,vrikshasana,,TF,test,unlabelled,,Apache-2.0,data/datasets/yoga_poses/test/tree/guy3_tree122.jpg,True,True,True,,300,300
vrikshasana_tf_0039,vrikshasana,,TF,test,unlabelled,,Apache-2.0,data/datasets/yoga_poses/test/tree/guy3_tree123.jpg,True,True,True,,300,300
vrikshasana_tf_0040,vrikshasana,,TF,test,unlabelled,,Apache-2.0,data/datasets/yoga_poses/test/tree/guy3_tree124.jpg,True,True,True,,300,300
vrikshasana_tf_0041,vrikshasana,,TF,test,unlabelled,,Apache-2.0,data/datasets/yoga_poses/test/tree/guy3_tree125.jpg,True,True,True,,300,300
vrikshasana_tf_0042,vrikshasana,,TF,test,unlabelled,,Apache-2.0,data/datasets/yoga_poses/test/tree/guy3_tree126.jpg,True,True,True,,300,300
vrikshasana_tf_0043,vrikshasana,,TF,test,unlabelled,,Apache-2.0,data/datasets/yoga_poses/test/tree/guy3_tree127.jpg,True,True,True,,300,300
vrikshasana_tf_0044,vrikshasana,,TF,test,unlabelled,,Apache-2.0,data/datasets/yoga_poses/test/tree/guy3_tree128.jpg,True,True,True,,300,300
vrikshasana_tf_0045,vrikshasana,,TF,test,unlabelled,,Apache-2.0,data/datasets/yoga_poses/test/tree/guy3_tree129.jpg,True,True,True,,300,300
vrikshasana_tf_0046,vrikshasana,,TF,test,unlabelled,,Apache-2.0,data/datasets/yoga_poses/test/tree/guy3_tree130.jpg,True,True,True,,300,300
vrikshasana_tf_0047,vrikshasana,,TF,test,unlabelled,,Apache-2.0,data/datasets/yoga_poses/test/tree/guy3_tree131.jpg,True,True,True,,300,300
vrikshasana_tf_0048,vrikshasana,,TF,test,unlabelled,,Apache-2.0,data/datasets/yoga_poses/test/tree/guy3_tree132.jpg,True,True,True,,300,300
vrikshasana_tf_0049,vrikshasana,,TF,test,unlabelled,,Apache-2.0,data/datasets/yoga_poses/test/tree/guy3_tree133.jpg,True,True,True,,300,300
vrikshasana_tf_0050,vrikshasana,,TF,test,unlabelled,,Apache-2.0,data/datasets/yoga_poses/test/tree/guy3_tree134.jpg,True,True,True,,300,300
vrikshasana_tf_0051,vrikshasana,,TF,test,unlabelled,,Apache-2.0,data/datasets/yoga_poses/test/tree/guy3_tree135.jpg,True,True,True,,300,300
vrikshasana_tf_0052,vrikshasana,,TF,test,unlabelled,,Apache-2.0,data/datasets/yoga_poses/test/tree/guy3_tree136.jpg,True,True,True,,300,300
vrikshasana_tf_0053,vrikshasana,,TF,test,unlabelled,,Apache-2.0,data/datasets/yoga_poses/test/tree/guy3_tree137.jpg,True,True,True,,300,300
vrikshasana_tf_0054,vrikshasana,,TF,test,unlabelled,,Apache-2.0,data/datasets/yoga_poses/test/tree/guy3_tree138.jpg,True,True,True,,300,300
vrikshasana_tf_0055,vrikshasana,,TF,test,unlabelled,,Apache-2.0,data/datasets/yoga_poses/test/tree/guy3_tree139.jpg,True,True,True,,300,300
vrikshasana_tf_0056,vrikshasana,,TF,test,unlabelled,,Apache-2.0,data/datasets/yoga_poses/test/tree/guy3_tree140.jpg,True,True,True,,300,300
vrikshasana_tf_0057,vrikshasana,,TF,test,unlabelled,,Apache-2.0,data/datasets/yoga_poses/test/tree/guy3_tree141.jpg,True,True,True,,300,300
vrikshasana_tf_0058,vrikshasana,,TF,test,unlabelled,,Apache-2.0,data/datasets/yoga_poses/test/tree/guy3_tree142.jpg,True,True,True,,300,300
vrikshasana_tf_0059,vrikshasana,,TF,test,unlabelled,,Apache-2.0,data/datasets/yoga_poses/test/tree/guy3_tree143.jpg,True,True,True,,300,300
vrikshasana_tf_0060,vrikshasana,,TF,test,unlabelled,,Apache-2.0,data/datasets/yoga_poses/test/tree/guy3_tree144.jpg,True,True,True,,300,300
vrikshasana_tf_0061,vrikshasana,,TF,test,unlabelled,,Apache-2.0,data/datasets/yoga_poses/test/tree/guy3_tree145.jpg,True,True,True,,300,300
vrikshasana_tf_0062,vrikshasana,,TF,test,unlabelled,,Apache-2.0,data/datasets/yoga_poses/test/tree/guy3_tree146.jpg,True,True,True,,300,300
vrikshasana_tf_0063,vrikshasana,,TF,test,unlabelled,,Apache-2.0,data/datasets/yoga_poses/test/tree/guy3_tree147.jpg,True,True,True,,300,300
vrikshasana_tf_0064,vrikshasana,,TF,test,unlabelled,,Apache-2.0,data/datasets/yoga_poses/test/tree/guy3_tree148.jpg,True,True,True,,300,300
vrikshasana_tf_0065,vrikshasana,,TF,test,unlabelled,,Apache-2.0,data/datasets/yoga_poses/test/tree/guy3_tree149.jpg,True,True,True,,300,300
vrikshasana_tf_0066,vrikshasana,,TF,test,unlabelled,,Apache-2.0,data/datasets/yoga_poses/test/tree/guy3_tree150.jpg,True,True,True,,300,300
vrikshasana_tf_0067,vrikshasana,,TF,test,unlabelled,,Apache-2.0,data/datasets/yoga_poses/test/tree/guy3_tree151.jpg,True,True,True,,300,300
vrikshasana_tf_0068,vrikshasana,,TF,test,unlabelled,,Apache-2.0,data/datasets/yoga_poses/test/tree/guy3_tree152.jpg,True,True,True,,300,300
vrikshasana_tf_0069,vrikshasana,,TF,test,unlabelled,,Apache-2.0,data/datasets/yoga_poses/test/tree/guy3_tree153.jpg,True,True,True,,300,300
vrikshasana_tf_0070,vrikshasana,,TF,test,unlabelled,,Apache-2.0,data/datasets/yoga_poses/test/tree/guy3_tree154.jpg,True,True,True,,300,300
vrikshasana_tf_0071,vrikshasana,,TF,test,unlabelled,,Apache-2.0,data/datasets/yoga_poses/test/tree/guy3_tree155.jpg,True,True,True,,300,300
vrikshasana_tf_0072,vrikshasana,,TF,test,unlabelled,,Apache-2.0,data/datasets/yoga_poses/test/tree/guy3_tree156.jpg,True,True,True,,300,300
vrikshasana_tf_0073,vrikshasana,,TF,test,unlabelled,,Apache-2.0,data/datasets/yoga_poses/test/tree/guy3_tree157.jpg,True,True,True,,300,300
vrikshasana_tf_0074,vrikshasana,,TF,test,unlabelled,,Apache-2.0,data/datasets/yoga_poses/test/tree/guy3_tree158.jpg,True,True,True,,300,300
vrikshasana_tf_0075,vrikshasana,,TF,test,unlabelled,,Apache-2.0,data/datasets/yoga_poses/test/tree/guy3_tree159.jpg,True,True,True,,300,300
vrikshasana_tf_0076,vrikshasana,,TF,test,unlabelled,,Apache-2.0,data/datasets/yoga_poses/test/tree/guy3_tree160.jpg,True,True,True,,300,300
vrikshasana_tf_0077,vrikshasana,,TF,test,unlabelled,,Apache-2.0,data/datasets/yoga_poses/test/tree/guy3_tree161.jpg,True,True,True,,300,300
vrikshasana_tf_0078,vrikshasana,,TF,test,unlabelled,,Apache-2.0,data/datasets/yoga_poses/test/tree/guy3_tree162.jpg,True,True,True,,300,300
vrikshasana_tf_0079,vrikshasana,,TF,test,unlabelled,,Apache-2.0,data/datasets/yoga_poses/test/tree/guy3_tree163.jpg,True,True,True,,300,300
vrikshasana_tf_0080,vrikshasana,,TF,test,unlabelled,,Apache-2.0,data/datasets/yoga_poses/test/tree/guy3_tree164.jpg,True,True,True,,300,300
vrikshasana_tf_0081,vrikshasana,,TF,test,unlabelled,,Apache-2.0,data/datasets/yoga_poses/test/tree/guy3_tree165.jpg,True,True,True,,300,300
vrikshasana_tf_0082,vrikshasana,,TF,test,unlabelled,,Apache-2.0,data/datasets/yoga_poses/test/tree/guy3_tree166.jpg,True,True,True,,300,300
vrikshasana_tf_0083,vrikshasana,,TF,test,unlabelled,,Apache-2.0,data/datasets/yoga_poses/test/tree/guy3_tree167.jpg,True,True,True,,300,300
vrikshasana_tf_0084,vrikshasana,,TF,test,unlabelled,,Apache-2.0,data/datasets/yoga_poses/test/tree/guy3_tree168.jpg,True,True,True,,300,300
vrikshasana_tf_0085,vrikshasana,,TF,test,unlabelled,,Apache-2.0,data/datasets/yoga_poses/test/tree/guy3_tree169.jpg,True,True,True,,300,300
vrikshasana_tf_0086,vrikshasana,,TF,test,unlabelled,,Apache-2.0,data/datasets/yoga_poses/test/tree/guy3_tree170.jpg,True,True,True,,300,300
vrikshasana_tf_0087,vrikshasana,,TF,test,unlabelled,,Apache-2.0,data/datasets/yoga_poses/test/tree/guy3_tree171.jpg,True,True,True,,300,300
vrikshasana_tf_0088,vrikshasana,,TF,test,unlabelled,,Apache-2.0,data/datasets/yoga_poses/test/tree/guy3_tree172.jpg,True,True,True,,300,300
vrikshasana_tf_0089,vrikshasana,,TF,test,unlabelled,,Apache-2.0,data/datasets/yoga_poses/test/tree/guy3_tree173.jpg,True,True,True,,300,300
vrikshasana_tf_0090,vrikshasana,,TF,test,unlabelled,,Apache-2.0,data/datasets/yoga_poses/test/tree/guy3_tree174.jpg,True,True,True,,300,300
vrikshasana_tf_0091,vrikshasana,,TF,test,unlabelled,,Apache-2.0,data/datasets/yoga_poses/test/tree/guy3_tree175.jpg,True,True,True,,300,300
vrikshasana_tf_0092,vrikshasana,,TF,test,unlabelled,,Apache-2.0,data/datasets/yoga_poses/test/tree/guy3_tree176.jpg,True,True,True,,300,300
vrikshasana_tf_0093,vrikshasana,,TF,test,unlabelled,,Apache-2.0,data/datasets/yoga_poses/test/tree/guy3_tree177.jpg,True,True,True,,300,300
vrikshasana_tf_0094,vrikshasana,,TF,test,unlabelled,,Apache-2.0,data/datasets/yoga_poses/test/tree/guy3_tree178.jpg,True,True,True,,300,300
vrikshasana_tf_0095,vrikshasana,,TF,test,unlabelled,,Apache-2.0,data/datasets/yoga_poses/test/tree/guy3_tree179.jpg,True,True,True,,300,300
vrikshasana_tf_0096,vrikshasana,,TF,test,unlabelled,,Apache-2.0,data/datasets/yoga_poses/test/tree/guy3_tree180.jpg,True,True,True,,300,300
vrikshasana_tf_0097,vrikshasana,,TF,train,unlabelled,,Apache-2.0,data/datasets/yoga_poses/train/tree/girl1_tree086.jpg,True,True,True,,300,300
vrikshasana_tf_0098,vrikshasana,,TF,train,unlabelled,,Apache-2.0,data/datasets/yoga_poses/train/tree/girl1_tree087.jpg,True,True,True,,300,300
vrikshasana_tf_0099,vrikshasana,,TF,train,unlabelled,,Apache-2.0,data/datasets/yoga_poses/train/tree/girl1_tree088.jpg,True,True,True,,300,300
vrikshasana_tf_0100,vrikshasana,,TF,train,unlabelled,,Apache-2.0,data/datasets/yoga_poses/train/tree/girl1_tree089.jpg,True,True,True,,300,300
vrikshasana_tf_0101,vrikshasana,,TF,train,unlabelled,,Apache-2.0,data/datasets/yoga_poses/train/tree/girl1_tree090.jpg,True,True,True,,300,300
vrikshasana_tf_0102,vrikshasana,,TF,train,unlabelled,,Apache-2.0,data/datasets/yoga_poses/train/tree/girl1_tree094.jpg,True,True,True,,300,300
vrikshasana_tf_0103,vrikshasana,,TF,train,unlabelled,,Apache-2.0,data/datasets/yoga_poses/train/tree/girl1_tree096.jpg,True,True,True,,300,300
vrikshasana_tf_0104,vrikshasana,,TF,train,unlabelled,,Apache-2.0,data/datasets/yoga_poses/train/tree/girl1_tree099.jpg,True,True,True,,300,300
vrikshasana_tf_0105,vrikshasana,,TF,train,unlabelled,,Apache-2.0,data/datasets/yoga_poses/train/tree/girl1_tree100.jpg,True,True,True,,300,300
vrikshasana_tf_0106,vrikshasana,,TF,train,unlabelled,,Apache-2.0,data/datasets/yoga_poses/train/tree/girl1_tree101.jpg,True,True,True,,300,300
vrikshasana_tf_0107,vrikshasana,,TF,train,unlabelled,,Apache-2.0,data/datasets/yoga_poses/train/tree/girl1_tree102.jpg,True,True,True,,300,300
vrikshasana_tf_0108,vrikshasana,,TF,train,unlabelled,,Apache-2.0,data/datasets/yoga_poses/train/tree/girl1_tree106.jpg,True,True,True,,300,300
vrikshasana_tf_0109,vrikshasana,,TF,train,unlabelled,,Apache-2.0,data/datasets/yoga_poses/train/tree/girl1_tree108.jpg,True,True,True,,300,300
vrikshasana_tf_0110,vrikshasana,,TF,train,unlabelled,,Apache-2.0,data/datasets/yoga_poses/train/tree/girl1_tree114.jpg,True,True,True,,300,300
vrikshasana_tf_0111,vrikshasana,,TF,train,unlabelled,,Apache-2.0,data/datasets/yoga_poses/train/tree/girl1_tree115.jpg,True,True,True,,300,300
vrikshasana_tf_0112,vrikshasana,,TF,train,unlabelled,,Apache-2.0,data/datasets/yoga_poses/train/tree/girl1_tree118.jpg,True,True,True,,300,300
vrikshasana_tf_0113,vrikshasana,,TF,train,unlabelled,,Apache-2.0,data/datasets/yoga_poses/train/tree/girl1_tree119.jpg,True,True,True,,300,300
vrikshasana_tf_0114,vrikshasana,,TF,train,unlabelled,,Apache-2.0,data/datasets/yoga_poses/train/tree/girl1_tree121.jpg,True,True,True,,300,300
vrikshasana_tf_0115,vrikshasana,,TF,train,unlabelled,,Apache-2.0,data/datasets/yoga_poses/train/tree/girl1_tree122.jpg,True,True,True,,300,300
vrikshasana_tf_0116,vrikshasana,,TF,train,unlabelled,,Apache-2.0,data/datasets/yoga_poses/train/tree/girl1_tree124.jpg,True,True,True,,300,300
vrikshasana_tf_0117,vrikshasana,,TF,train,unlabelled,,Apache-2.0,data/datasets/yoga_poses/train/tree/girl1_tree125.jpg,True,True,True,,300,300
vrikshasana_tf_0118,vrikshasana,,TF,train,unlabelled,,Apache-2.0,data/datasets/yoga_poses/train/tree/girl1_tree126.jpg,True,True,True,,300,300
vrikshasana_tf_0119,vrikshasana,,TF,train,unlabelled,,Apache-2.0,data/datasets/yoga_poses/train/tree/girl1_tree127.jpg,True,True,True,,300,300
vrikshasana_tf_0120,vrikshasana,,TF,train,unlabelled,,Apache-2.0,data/datasets/yoga_poses/train/tree/girl1_tree128.jpg,True,True,True,,300,300
vrikshasana_tf_0121,vrikshasana,,TF,train,unlabelled,,Apache-2.0,data/datasets/yoga_poses/train/tree/girl1_tree132.jpg,True,True,True,,300,300
vrikshasana_tf_0122,vrikshasana,,TF,train,unlabelled,,Apache-2.0,data/datasets/yoga_poses/train/tree/girl1_tree133.jpg,True,True,True,,300,300
vrikshasana_tf_0123,vrikshasana,,TF,train,unlabelled,,Apache-2.0,data/datasets/yoga_poses/train/tree/girl1_tree134.jpg,True,True,True,,300,300
vrikshasana_tf_0124,vrikshasana,,TF,train,unlabelled,,Apache-2.0,data/datasets/yoga_poses/train/tree/girl1_tree137.jpg,True,True,True,,300,300
vrikshasana_tf_0125,vrikshasana,,TF,train,unlabelled,,Apache-2.0,data/datasets/yoga_poses/train/tree/girl1_tree139.jpg,True,True,True,,300,300
vrikshasana_tf_0126,vrikshasana,,TF,train,unlabelled,,Apache-2.0,data/datasets/yoga_poses/train/tree/girl1_tree140.jpg,True,True,True,,300,300
vrikshasana_tf_0127,vrikshasana,,TF,train,unlabelled,,Apache-2.0,data/datasets/yoga_poses/train/tree/girl1_tree142.jpg,True,True,True,,300,300
vrikshasana_tf_0128,vrikshasana,,TF,train,unlabelled,,Apache-2.0,data/datasets/yoga_poses/train/tree/girl1_tree145.jpg,True,True,True,,300,300
vrikshasana_tf_0129,vrikshasana,,TF,train,unlabelled,,Apache-2.0,data/datasets/yoga_poses/train/tree/girl2_tree085.jpg,True,True,True,,300,300
vrikshasana_tf_0130,vrikshasana,,TF,train,unlabelled,,Apache-2.0,data/datasets/yoga_poses/train/tree/girl2_tree086.jpg,True,True,True,,300,300
vrikshasana_tf_0131,vrikshasana,,TF,train,unlabelled,,Apache-2.0,data/datasets/yoga_poses/train/tree/girl2_tree091.jpg,True,True,True,,300,300
vrikshasana_tf_0132,vrikshasana,,TF,train,unlabelled,,Apache-2.0,data/datasets/yoga_poses/train/tree/girl2_tree092.jpg,True,True,True,,300,300
vrikshasana_tf_0133,vrikshasana,,TF,train,unlabelled,,Apache-2.0,data/datasets/yoga_poses/train/tree/girl2_tree094.jpg,True,True,True,,300,300
vrikshasana_tf_0134,vrikshasana,,TF,train,unlabelled,,Apache-2.0,data/datasets/yoga_poses/train/tree/girl2_tree095.jpg,True,True,True,,300,300
vrikshasana_tf_0135,vrikshasana,,TF,train,unlabelled,,Apache-2.0,data/datasets/yoga_poses/train/tree/girl2_tree096.jpg,True,True,True,,300,300
vrikshasana_tf_0136,vrikshasana,,TF,train,unlabelled,,Apache-2.0,data/datasets/yoga_poses/train/tree/girl2_tree097.jpg,True,True,True,,300,300
vrikshasana_tf_0137,vrikshasana,,TF,train,unlabelled,,Apache-2.0,data/datasets/yoga_poses/train/tree/girl2_tree099.jpg,True,True,True,,300,300
vrikshasana_tf_0138,vrikshasana,,TF,train,unlabelled,,Apache-2.0,data/datasets/yoga_poses/train/tree/girl2_tree100.jpg,True,True,True,,300,300
vrikshasana_tf_0139,vrikshasana,,TF,train,unlabelled,,Apache-2.0,data/datasets/yoga_poses/train/tree/girl2_tree101.jpg,True,True,True,,300,300
vrikshasana_tf_0140,vrikshasana,,TF,train,unlabelled,,Apache-2.0,data/datasets/yoga_poses/train/tree/girl2_tree102.jpg,True,True,True,,300,300
vrikshasana_tf_0141,vrikshasana,,TF,train,unlabelled,,Apache-2.0,data/datasets/yoga_poses/train/tree/girl2_tree103.jpg,True,True,True,,300,300
vrikshasana_tf_0142,vrikshasana,,TF,train,unlabelled,,Apache-2.0,data/datasets/yoga_poses/train/tree/girl2_tree104.jpg,True,True,True,,300,300
vrikshasana_tf_0143,vrikshasana,,TF,train,unlabelled,,Apache-2.0,data/datasets/yoga_poses/train/tree/girl2_tree105.jpg,True,True,True,,300,300
vrikshasana_tf_0144,vrikshasana,,TF,train,unlabelled,,Apache-2.0,data/datasets/yoga_poses/train/tree/girl2_tree107.jpg,True,True,True,,300,300
vrikshasana_tf_0145,vrikshasana,,TF,train,unlabelled,,Apache-2.0,data/datasets/yoga_poses/train/tree/girl2_tree108.jpg,True,True,True,,300,300
vrikshasana_tf_0146,vrikshasana,,TF,train,unlabelled,,Apache-2.0,data/datasets/yoga_poses/train/tree/girl2_tree109.jpg,True,True,True,,300,300
vrikshasana_tf_0147,vrikshasana,,TF,train,unlabelled,,Apache-2.0,data/datasets/yoga_poses/train/tree/girl2_tree110.jpg,True,True,True,,300,300
vrikshasana_tf_0148,vrikshasana,,TF,train,unlabelled,,Apache-2.0,data/datasets/yoga_poses/train/tree/girl2_tree111.jpg,True,True,True,,300,300
vrikshasana_tf_0149,vrikshasana,,TF,train,unlabelled,,Apache-2.0,data/datasets/yoga_poses/train/tree/girl2_tree116.jpg,True,True,True,,300,300
vrikshasana_tf_0150,vrikshasana,,TF,train,unlabelled,,Apache-2.0,data/datasets/yoga_poses/train/tree/girl2_tree117.jpg,True,True,True,,300,300
vrikshasana_tf_0151,vrikshasana,,TF,train,unlabelled,,Apache-2.0,data/datasets/yoga_poses/train/tree/girl2_tree119.jpg,True,True,True,,300,300
vrikshasana_tf_0152,vrikshasana,,TF,train,unlabelled,,Apache-2.0,data/datasets/yoga_poses/train/tree/girl2_tree120.jpg,True,True,True,,300,300
vrikshasana_tf_0153,vrikshasana,,TF,train,unlabelled,,Apache-2.0,data/datasets/yoga_poses/train/tree/girl2_tree121.jpg,True,True,True,,300,300
vrikshasana_tf_0154,vrikshasana,,TF,train,unlabelled,,Apache-2.0,data/datasets/yoga_poses/train/tree/girl2_tree122.jpg,True,True,True,,300,300
vrikshasana_tf_0155,vrikshasana,,TF,train,unlabelled,,Apache-2.0,data/datasets/yoga_poses/train/tree/girl2_tree123.jpg,True,True,True,,300,300
vrikshasana_tf_0156,vrikshasana,,TF,train,unlabelled,,Apache-2.0,data/datasets/yoga_poses/train/tree/girl2_tree124.jpg,True,True,True,,300,300
vrikshasana_tf_0157,vrikshasana,,TF,train,unlabelled,,Apache-2.0,data/datasets/yoga_poses/train/tree/girl2_tree125.jpg,True,True,True,,300,300
vrikshasana_tf_0158,vrikshasana,,TF,train,unlabelled,,Apache-2.0,data/datasets/yoga_poses/train/tree/girl2_tree126.jpg,True,True,True,,300,300
vrikshasana_tf_0159,vrikshasana,,TF,train,unlabelled,,Apache-2.0,data/datasets/yoga_poses/train/tree/girl2_tree128.jpg,True,True,True,,300,300
vrikshasana_tf_0160,vrikshasana,,TF,train,unlabelled,,Apache-2.0,data/datasets/yoga_poses/train/tree/girl2_tree133.jpg,True,True,True,,300,300
vrikshasana_tf_0161,vrikshasana,,TF,train,unlabelled,,Apache-2.0,data/datasets/yoga_poses/train/tree/girl2_tree134.jpg,True,True,True,,300,300
vrikshasana_tf_0162,vrikshasana,,TF,train,unlabelled,,Apache-2.0,data/datasets/yoga_poses/train/tree/girl2_tree135.jpg,True,True,True,,300,300
vrikshasana_tf_0163,vrikshasana,,TF,train,unlabelled,,Apache-2.0,data/datasets/yoga_poses/train/tree/girl2_tree136.jpg,True,True,True,,300,300
vrikshasana_tf_0164,vrikshasana,,TF,train,unlabelled,,Apache-2.0,data/datasets/yoga_poses/train/tree/girl2_tree137.jpg,True,True,True,,300,300
vrikshasana_tf_0165,vrikshasana,,TF,train,unlabelled,,Apache-2.0,data/datasets/yoga_poses/train/tree/girl2_tree139.jpg,True,True,True,,300,300
vrikshasana_tf_0166,vrikshasana,,TF,train,unlabelled,,Apache-2.0,data/datasets/yoga_poses/train/tree/girl2_tree140.jpg,True,True,True,,300,300
vrikshasana_tf_0167,vrikshasana,,TF,train,unlabelled,,Apache-2.0,data/datasets/yoga_poses/train/tree/girl2_tree141.jpg,True,True,True,,300,300
vrikshasana_tf_0168,vrikshasana,,TF,train,unlabelled,,Apache-2.0,data/datasets/yoga_poses/train/tree/girl2_tree144.jpg,True,True,True,,300,300
vrikshasana_tf_0169,vrikshasana,,TF,train,unlabelled,,Apache-2.0,data/datasets/yoga_poses/train/tree/girl2_tree145.jpg,True,True,True,,300,300
vrikshasana_tf_0170,vrikshasana,,TF,train,unlabelled,,Apache-2.0,data/datasets/yoga_poses/train/tree/girl2_tree146.jpg,True,True,True,,300,300
vrikshasana_tf_0171,vrikshasana,,TF,train,unlabelled,,Apache-2.0,data/datasets/yoga_poses/train/tree/girl2_tree147.jpg,True,True,True,,300,300
vrikshasana_tf_0172,vrikshasana,,TF,train,unlabelled,,Apache-2.0,data/datasets/yoga_poses/train/tree/girl2_tree148.jpg,True,True,True,,300,300
vrikshasana_tf_0173,vrikshasana,,TF,train,unlabelled,,Apache-2.0,data/datasets/yoga_poses/train/tree/girl2_tree149.jpg,True,True,True,,300,300
vrikshasana_tf_0174,vrikshasana,,TF,train,unlabelled,,Apache-2.0,data/datasets/yoga_poses/train/tree/girl2_tree150.jpg,True,True,True,,300,300
vrikshasana_tf_0175,vrikshasana,,TF,train,unlabelled,,Apache-2.0,data/datasets/yoga_poses/train/tree/girl2_tree151.jpg,True,True,True,,300,300
vrikshasana_tf_0176,vrikshasana,,TF,train,unlabelled,,Apache-2.0,data/datasets/yoga_poses/train/tree/girl2_tree157.jpg,True,True,True,,300,300
vrikshasana_tf_0177,vrikshasana,,TF,train,unlabelled,,Apache-2.0,data/datasets/yoga_poses/train/tree/girl2_tree158.jpg,True,True,True,,300,300
vrikshasana_tf_0178,vrikshasana,,TF,train,unlabelled,,Apache-2.0,data/datasets/yoga_poses/train/tree/girl2_tree161.jpg,True,True,True,,300,300
vrikshasana_tf_0179,vrikshasana,,TF,train,unlabelled,,Apache-2.0,data/datasets/yoga_poses/train/tree/girl2_tree162.jpg,True,True,True,,300,300
vrikshasana_tf_0180,vrikshasana,,TF,train,unlabelled,,Apache-2.0,data/datasets/yoga_poses/train/tree/girl2_tree163.jpg,True,True,True,,300,300
vrikshasana_tf_0181,vrikshasana,,TF,train,unlabelled,,Apache-2.0,data/datasets/yoga_poses/train/tree/girl2_tree164.jpg,True,True,True,,300,300
vrikshasana_tf_0182,vrikshasana,,TF,train,unlabelled,,Apache-2.0,data/datasets/yoga_poses/train/tree/girl2_tree165.jpg,True,True,True,,300,300
vrikshasana_tf_0183,vrikshasana,,TF,train,unlabelled,,Apache-2.0,data/datasets/yoga_poses/train/tree/girl2_tree168.jpg,True,True,True,,300,300
vrikshasana_tf_0184,vrikshasana,,TF,train,unlabelled,,Apache-2.0,data/datasets/yoga_poses/train/tree/girl2_tree169.jpg,True,True,True,,300,300
vrikshasana_tf_0185,vrikshasana,,TF,train,unlabelled,,Apache-2.0,data/datasets/yoga_poses/train/tree/girl2_tree171.jpg,True,True,True,,300,300
vrikshasana_tf_0186,vrikshasana,,TF,train,unlabelled,,Apache-2.0,data/datasets/yoga_poses/train/tree/girl2_tree172.jpg,True,True,True,,300,300
vrikshasana_tf_0187,vrikshasana,,TF,train,unlabelled,,Apache-2.0,data/datasets/yoga_poses/train/tree/girl2_tree173.jpg,True,True,True,,300,300
vrikshasana_tf_0188,vrikshasana,,TF,train,unlabelled,,Apache-2.0,data/datasets/yoga_poses/train/tree/girl2_tree176.jpg,True,True,True,,300,300
vrikshasana_tf_0189,vrikshasana,,TF,train,unlabelled,,Apache-2.0,data/datasets/yoga_poses/train/tree/girl2_tree178.jpg,True,True,True,,300,300
vrikshasana_tf_0190,vrikshasana,,TF,train,unlabelled,,Apache-2.0,data/datasets/yoga_poses/train/tree/girl2_tree179.jpg,True,True,True,,300,300
vrikshasana_tf_0191,vrikshasana,,TF,train,unlabelled,,Apache-2.0,data/datasets/yoga_poses/train/tree/girl3_tree087.jpg,True,True,True,,300,300
vrikshasana_tf_0192,vrikshasana,,TF,train,unlabelled,,Apache-2.0,data/datasets/yoga_poses/train/tree/girl3_tree088.jpg,True,True,True,,300,300
vrikshasana_tf_0193,vrikshasana,,TF,train,unlabelled,,Apache-2.0,data/datasets/yoga_poses/train/tree/girl3_tree089.jpg,True,True,True,,300,300
vrikshasana_tf_0194,vrikshasana,,TF,train,unlabelled,,Apache-2.0,data/datasets/yoga_poses/train/tree/girl3_tree090.jpg,True,True,True,,300,300
vrikshasana_tf_0195,vrikshasana,,TF,train,unlabelled,,Apache-2.0,data/datasets/yoga_poses/train/tree/girl3_tree092.jpg,True,True,True,,300,300
vrikshasana_tf_0196,vrikshasana,,TF,train,unlabelled,,Apache-2.0,data/datasets/yoga_poses/train/tree/girl3_tree093.jpg,True,True,True,,300,300
vrikshasana_tf_0197,vrikshasana,,TF,train,unlabelled,,Apache-2.0,data/datasets/yoga_poses/train/tree/girl3_tree094.jpg,True,True,True,,300,300
vrikshasana_tf_0198,vrikshasana,,TF,train,unlabelled,,Apache-2.0,data/datasets/yoga_poses/train/tree/girl3_tree099.jpg,True,True,True,,300,300
vrikshasana_tf_0199,vrikshasana,,TF,train,unlabelled,,Apache-2.0,data/datasets/yoga_poses/train/tree/girl3_tree101.jpg,True,True,True,,300,300
vrikshasana_tf_0200,vrikshasana,,TF,train,unlabelled,,Apache-2.0,data/datasets/yoga_poses/train/tree/girl3_tree103.jpg,True,True,True,,300,300
vrikshasana_tf_0201,vrikshasana,,TF,train,unlabelled,,Apache-2.0,data/datasets/yoga_poses/train/tree/girl3_tree105.jpg,True,True,True,,300,300
vrikshasana_tf_0202,vrikshasana,,TF,train,unlabelled,,Apache-2.0,data/datasets/yoga_poses/train/tree/girl3_tree106.jpg,True,True,True,,300,300
vrikshasana_tf_0203,vrikshasana,,TF,train,unlabelled,,Apache-2.0,data/datasets/yoga_poses/train/tree/girl3_tree107.jpg,True,True,True,,300,300
vrikshasana_tf_0204,vrikshasana,,TF,train,unlabelled,,Apache-2.0,data/datasets/yoga_poses/train/tree/girl3_tree112.jpg,True,True,True,,300,300
vrikshasana_tf_0205,vrikshasana,,TF,train,unlabelled,,Apache-2.0,data/datasets/yoga_poses/train/tree/girl3_tree113.jpg,True,True,True,,300,300
vrikshasana_tf_0206,vrikshasana,,TF,train,unlabelled,,Apache-2.0,data/datasets/yoga_poses/train/tree/girl3_tree115.jpg,True,True,True,,300,300
vrikshasana_tf_0207,vrikshasana,,TF,train,unlabelled,,Apache-2.0,data/datasets/yoga_poses/train/tree/girl3_tree116.jpg,True,True,True,,300,300
vrikshasana_tf_0208,vrikshasana,,TF,train,unlabelled,,Apache-2.0,data/datasets/yoga_poses/train/tree/girl3_tree119.jpg,True,True,True,,300,300
vrikshasana_tf_0209,vrikshasana,,TF,train,unlabelled,,Apache-2.0,data/datasets/yoga_poses/train/tree/girl3_tree120.jpg,True,True,True,,300,300
vrikshasana_tf_0210,vrikshasana,,TF,train,unlabelled,,Apache-2.0,data/datasets/yoga_poses/train/tree/girl3_tree121.jpg,True,True,True,,300,300
vrikshasana_tf_0211,vrikshasana,,TF,train,unlabelled,,Apache-2.0,data/datasets/yoga_poses/train/tree/girl3_tree124.jpg,True,True,True,,300,300
vrikshasana_tf_0212,vrikshasana,,TF,train,unlabelled,,Apache-2.0,data/datasets/yoga_poses/train/tree/girl3_tree128.jpg,True,True,True,,300,300
vrikshasana_tf_0213,vrikshasana,,TF,train,unlabelled,,Apache-2.0,data/datasets/yoga_poses/train/tree/girl3_tree129.jpg,True,True,True,,300,300
vrikshasana_tf_0214,vrikshasana,,TF,train,unlabelled,,Apache-2.0,data/datasets/yoga_poses/train/tree/girl3_tree130.jpg,True,True,True,,300,300
vrikshasana_tf_0215,vrikshasana,,TF,train,unlabelled,,Apache-2.0,data/datasets/yoga_poses/train/tree/girl3_tree132.jpg,True,True,True,,300,300
vrikshasana_tf_0216,vrikshasana,,TF,train,unlabelled,,Apache-2.0,data/datasets/yoga_poses/train/tree/girl3_tree133.jpg,True,True,True,,300,300
vrikshasana_tf_0217,vrikshasana,,TF,train,unlabelled,,Apache-2.0,data/datasets/yoga_poses/train/tree/girl3_tree138.jpg,True,True,True,,300,300
vrikshasana_tf_0218,vrikshasana,,TF,train,unlabelled,,Apache-2.0,data/datasets/yoga_poses/train/tree/girl3_tree143.jpg,True,True,True,,300,300
vrikshasana_tf_0219,vrikshasana,,TF,train,unlabelled,,Apache-2.0,data/datasets/yoga_poses/train/tree/guy1_tree086.jpg,True,True,True,,300,300
vrikshasana_tf_0220,vrikshasana,,TF,train,unlabelled,,Apache-2.0,data/datasets/yoga_poses/train/tree/guy1_tree088.jpg,True,True,True,,300,300
vrikshasana_tf_0221,vrikshasana,,TF,train,unlabelled,,Apache-2.0,data/datasets/yoga_poses/train/tree/guy1_tree090.jpg,True,True,True,,300,300
vrikshasana_tf_0222,vrikshasana,,TF,train,unlabelled,,Apache-2.0,data/datasets/yoga_poses/train/tree/guy1_tree091.jpg,True,True,True,,300,300
vrikshasana_tf_0223,vrikshasana,,TF,train,unlabelled,,Apache-2.0,data/datasets/yoga_poses/train/tree/guy1_tree093.jpg,True,True,True,,300,300
vrikshasana_tf_0224,vrikshasana,,TF,train,unlabelled,,Apache-2.0,data/datasets/yoga_poses/train/tree/guy1_tree095.jpg,True,True,True,,300,300
vrikshasana_tf_0225,vrikshasana,,TF,train,unlabelled,,Apache-2.0,data/datasets/yoga_poses/train/tree/guy1_tree098.jpg,True,True,True,,300,300
vrikshasana_tf_0226,vrikshasana,,TF,train,unlabelled,,Apache-2.0,data/datasets/yoga_poses/train/tree/guy1_tree102.jpg,True,True,True,,300,300
vrikshasana_tf_0227,vrikshasana,,TF,train,unlabelled,,Apache-2.0,data/datasets/yoga_poses/train/tree/guy1_tree103.jpg,True,True,True,,300,300
vrikshasana_tf_0228,vrikshasana,,TF,train,unlabelled,,Apache-2.0,data/datasets/yoga_poses/train/tree/guy1_tree104.jpg,True,True,True,,300,300
vrikshasana_tf_0229,vrikshasana,,TF,train,unlabelled,,Apache-2.0,data/datasets/yoga_poses/train/tree/guy1_tree105.jpg,True,True,True,,300,300
vrikshasana_tf_0230,vrikshasana,,TF,train,unlabelled,,Apache-2.0,data/datasets/yoga_poses/train/tree/guy1_tree106.jpg,True,True,True,,300,300
vrikshasana_tf_0231,vrikshasana,,TF,train,unlabelled,,Apache-2.0,data/datasets/yoga_poses/train/tree/guy1_tree109.jpg,True,True,True,,300,300
vrikshasana_tf_0232,vrikshasana,,TF,train,unlabelled,,Apache-2.0,data/datasets/yoga_poses/train/tree/guy1_tree110.jpg,True,True,True,,300,300
vrikshasana_tf_0233,vrikshasana,,TF,train,unlabelled,,Apache-2.0,data/datasets/yoga_poses/train/tree/guy1_tree111.jpg,True,True,True,,300,300
vrikshasana_tf_0234,vrikshasana,,TF,train,unlabelled,,Apache-2.0,data/datasets/yoga_poses/train/tree/guy1_tree113.jpg,True,True,True,,300,300
vrikshasana_tf_0235,vrikshasana,,TF,train,unlabelled,,Apache-2.0,data/datasets/yoga_poses/train/tree/guy1_tree115.jpg,True,True,True,,300,300
vrikshasana_tf_0236,vrikshasana,,TF,train,unlabelled,,Apache-2.0,data/datasets/yoga_poses/train/tree/guy1_tree116.jpg,True,True,True,,300,300
vrikshasana_tf_0237,vrikshasana,,TF,train,unlabelled,,Apache-2.0,data/datasets/yoga_poses/train/tree/guy1_tree117.jpg,True,True,True,,300,300
vrikshasana_tf_0238,vrikshasana,,TF,train,unlabelled,,Apache-2.0,data/datasets/yoga_poses/train/tree/guy1_tree120.jpg,True,True,True,,300,300
vrikshasana_tf_0239,vrikshasana,,TF,train,unlabelled,,Apache-2.0,data/datasets/yoga_poses/train/tree/guy1_tree122.jpg,True,True,True,,300,300
vrikshasana_tf_0240,vrikshasana,,TF,train,unlabelled,,Apache-2.0,data/datasets/yoga_poses/train/tree/guy1_tree123.jpg,True,True,True,,300,300
vrikshasana_tf_0241,vrikshasana,,TF,train,unlabelled,,Apache-2.0,data/datasets/yoga_poses/train/tree/guy1_tree124.jpg,True,True,True,,300,300
vrikshasana_tf_0242,vrikshasana,,TF,train,unlabelled,,Apache-2.0,data/datasets/yoga_poses/train/tree/guy1_tree127.jpg,True,True,True,,300,300
vrikshasana_tf_0243,vrikshasana,,TF,train,unlabelled,,Apache-2.0,data/datasets/yoga_poses/train/tree/guy1_tree128.jpg,True,True,True,,300,300
vrikshasana_tf_0244,vrikshasana,,TF,train,unlabelled,,Apache-2.0,data/datasets/yoga_poses/train/tree/guy1_tree129.jpg,True,True,True,,300,300
vrikshasana_tf_0245,vrikshasana,,TF,train,unlabelled,,Apache-2.0,data/datasets/yoga_poses/train/tree/guy1_tree130.jpg,True,True,True,,300,300
vrikshasana_tf_0246,vrikshasana,,TF,train,unlabelled,,Apache-2.0,data/datasets/yoga_poses/train/tree/guy1_tree131.jpg,True,True,True,,300,300
vrikshasana_tf_0247,vrikshasana,,TF,train,unlabelled,,Apache-2.0,data/datasets/yoga_poses/train/tree/guy1_tree132.jpg,True,True,True,,300,300
vrikshasana_tf_0248,vrikshasana,,TF,train,unlabelled,,Apache-2.0,data/datasets/yoga_poses/train/tree/guy1_tree134.jpg,True,True,True,,300,300
vrikshasana_tf_0249,vrikshasana,,TF,train,unlabelled,,Apache-2.0,data/datasets/yoga_poses/train/tree/guy1_tree135.jpg,True,True,True,,300,300
vrikshasana_tf_0250,vrikshasana,,TF,train,unlabelled,,Apache-2.0,data/datasets/yoga_poses/train/tree/guy1_tree137.jpg,True,True,True,,300,300
vrikshasana_tf_0251,vrikshasana,,TF,train,unlabelled,,Apache-2.0,data/datasets/yoga_poses/train/tree/guy1_tree139.jpg,True,True,True,,300,300
vrikshasana_tf_0252,vrikshasana,,TF,train,unlabelled,,Apache-2.0,data/datasets/yoga_poses/train/tree/guy1_tree140.jpg,True,True,True,,300,300
vrikshasana_tf_0253,vrikshasana,,TF,train,unlabelled,,Apache-2.0,data/datasets/yoga_poses/train/tree/guy1_tree141.jpg,True,True,True,,300,300
vrikshasana_tf_0254,vrikshasana,,TF,train,unlabelled,,Apache-2.0,data/datasets/yoga_poses/train/tree/guy1_tree143.jpg,True,True,True,,300,300
vrikshasana_tf_0255,vrikshasana,,TF,train,unlabelled,,Apache-2.0,data/datasets/yoga_poses/train/tree/guy1_tree144.jpg,True,True,True,,300,300
vrikshasana_tf_0256,vrikshasana,,TF,train,unlabelled,,Apache-2.0,data/datasets/yoga_poses/train/tree/guy1_tree149.jpg,True,True,True,,300,300
vrikshasana_tf_0257,vrikshasana,,TF,train,unlabelled,,Apache-2.0,data/datasets/yoga_poses/train/tree/guy2_tree085.jpg,True,True,True,,300,300
vrikshasana_tf_0258,vrikshasana,,TF,train,unlabelled,,Apache-2.0,data/datasets/yoga_poses/train/tree/guy2_tree086.jpg,True,True,True,,300,300
vrikshasana_tf_0259,vrikshasana,,TF,train,unlabelled,,Apache-2.0,data/datasets/yoga_poses/train/tree/guy2_tree087.jpg,True,True,True,,300,300
vrikshasana_tf_0260,vrikshasana,,TF,train,unlabelled,,Apache-2.0,data/datasets/yoga_poses/train/tree/guy2_tree088.jpg,True,True,True,,300,300
vrikshasana_tf_0261,vrikshasana,,TF,train,unlabelled,,Apache-2.0,data/datasets/yoga_poses/train/tree/guy2_tree090.jpg,True,True,True,,300,300
vrikshasana_tf_0262,vrikshasana,,TF,train,unlabelled,,Apache-2.0,data/datasets/yoga_poses/train/tree/guy2_tree091.jpg,True,True,True,,300,300
vrikshasana_tf_0263,vrikshasana,,TF,train,unlabelled,,Apache-2.0,data/datasets/yoga_poses/train/tree/guy2_tree092.jpg,True,True,True,,300,300
vrikshasana_tf_0264,vrikshasana,,TF,train,unlabelled,,Apache-2.0,data/datasets/yoga_poses/train/tree/guy2_tree094.jpg,True,True,True,,300,300
vrikshasana_tf_0265,vrikshasana,,TF,train,unlabelled,,Apache-2.0,data/datasets/yoga_poses/train/tree/guy2_tree095.jpg,True,True,True,,300,300
vrikshasana_tf_0266,vrikshasana,,TF,train,unlabelled,,Apache-2.0,data/datasets/yoga_poses/train/tree/guy2_tree098.jpg,True,True,True,,300,300
vrikshasana_tf_0267,vrikshasana,,TF,train,unlabelled,,Apache-2.0,data/datasets/yoga_poses/train/tree/guy2_tree099.jpg,True,True,True,,300,300
vrikshasana_tf_0268,vrikshasana,,TF,train,unlabelled,,Apache-2.0,data/datasets/yoga_poses/train/tree/guy2_tree103.jpg,True,True,True,,300,300
vrikshasana_tf_0269,vrikshasana,,TF,train,unlabelled,,Apache-2.0,data/datasets/yoga_poses/train/tree/guy2_tree105.jpg,True,True,True,,300,300
vrikshasana_tf_0270,vrikshasana,,TF,train,unlabelled,,Apache-2.0,data/datasets/yoga_poses/train/tree/guy2_tree110.jpg,True,True,True,,300,300
vrikshasana_tf_0271,vrikshasana,,TF,train,unlabelled,,Apache-2.0,data/datasets/yoga_poses/train/tree/guy2_tree111.jpg,True,True,True,,300,300
vrikshasana_tf_0272,vrikshasana,,TF,train,unlabelled,,Apache-2.0,data/datasets/yoga_poses/train/tree/guy2_tree112.jpg,True,True,True,,300,300
vrikshasana_tf_0273,vrikshasana,,TF,train,unlabelled,,Apache-2.0,data/datasets/yoga_poses/train/tree/guy2_tree114.jpg,True,True,True,,300,300
vrikshasana_tf_0274,vrikshasana,,TF,train,unlabelled,,Apache-2.0,data/datasets/yoga_poses/train/tree/guy2_tree117.jpg,True,True,True,,300,300
vrikshasana_tf_0275,vrikshasana,,TF,train,unlabelled,,Apache-2.0,data/datasets/yoga_poses/train/tree/guy2_tree120.jpg,True,True,True,,300,300
vrikshasana_tf_0276,vrikshasana,,TF,train,unlabelled,,Apache-2.0,data/datasets/yoga_poses/train/tree/guy2_tree121.jpg,True,True,True,,300,300
vrikshasana_tf_0277,vrikshasana,,TF,train,unlabelled,,Apache-2.0,data/datasets/yoga_poses/train/tree/guy2_tree122.jpg,True,True,True,,300,300
vrikshasana_tf_0278,vrikshasana,,TF,train,unlabelled,,Apache-2.0,data/datasets/yoga_poses/train/tree/guy2_tree123.jpg,True,True,True,,300,300
vrikshasana_tf_0279,vrikshasana,,TF,train,unlabelled,,Apache-2.0,data/datasets/yoga_poses/train/tree/guy2_tree124.jpg,True,True,True,,300,300
vrikshasana_tf_0280,vrikshasana,,TF,train,unlabelled,,Apache-2.0,data/datasets/yoga_poses/train/tree/guy2_tree125.jpg,True,True,True,,300,300
vrikshasana_tf_0281,vrikshasana,,TF,train,unlabelled,,Apache-2.0,data/datasets/yoga_poses/train/tree/guy2_tree126.jpg,True,True,True,,300,300
vrikshasana_tf_0282,vrikshasana,,TF,train,unlabelled,,Apache-2.0,data/datasets/yoga_poses/train/tree/guy2_tree127.jpg,True,True,True,,300,300
vrikshasana_tf_0283,vrikshasana,,TF,train,unlabelled,,Apache-2.0,data/datasets/yoga_poses/train/tree/guy2_tree128.jpg,True,True,True,,300,300
vrikshasana_tf_0284,vrikshasana,,TF,train,unlabelled,,Apache-2.0,data/datasets/yoga_poses/train/tree/guy2_tree129.jpg,True,True,True,,300,300
vrikshasana_tf_0285,vrikshasana,,TF,train,unlabelled,,Apache-2.0,data/datasets/yoga_poses/train/tree/guy2_tree131.jpg,True,True,True,,300,300
vrikshasana_tf_0286,vrikshasana,,TF,train,unlabelled,,Apache-2.0,data/datasets/yoga_poses/train/tree/guy2_tree132.jpg,True,True,True,,300,300
vrikshasana_tf_0287,vrikshasana,,TF,train,unlabelled,,Apache-2.0,data/datasets/yoga_poses/train/tree/guy2_tree135.jpg,True,True,True,,300,300
vrikshasana_tf_0288,vrikshasana,,TF,train,unlabelled,,Apache-2.0,data/datasets/yoga_poses/train/tree/guy2_tree136.jpg,True,True,True,,300,300
vrikshasana_tf_0289,vrikshasana,,TF,train,unlabelled,,Apache-2.0,data/datasets/yoga_poses/train/tree/guy2_tree137.jpg,True,True,True,,300,300
vrikshasana_tf_0290,vrikshasana,,TF,train,unlabelled,,Apache-2.0,data/datasets/yoga_poses/train/tree/guy2_tree138.jpg,True,True,True,,300,300
vrikshasana_tf_0291,vrikshasana,,TF,train,unlabelled,,Apache-2.0,data/datasets/yoga_poses/train/tree/guy2_tree139.jpg,True,True,True,,300,300
vrikshasana_tf_0292,vrikshasana,,TF,train,unlabelled,,Apache-2.0,data/datasets/yoga_poses/train/tree/guy2_tree140.jpg,True,True,True,,300,300
vrikshasana_tf_0293,vrikshasana,,TF,train,unlabelled,,Apache-2.0,data/datasets/yoga_poses/train/tree/guy2_tree141.jpg,True,True,True,,300,300
vrikshasana_tf_0294,vrikshasana,,TF,train,unlabelled,,Apache-2.0,data/datasets/yoga_poses/train/tree/guy2_tree142.jpg,True,True,True,,300,300
vrikshasana_tf_0295,vrikshasana,,TF,train,unlabelled,,Apache-2.0,data/datasets/yoga_poses/train/tree/guy2_tree145.jpg,True,True,True,,300,300
vrikshasana_tf_0296,vrikshasana,,TF,train,unlabelled,,Apache-2.0,data/datasets/yoga_poses/train/tree/guy2_tree147.jpg,True,True,True,,300,300
adho_mukha_tf_0001,adho_mukha,,TF,test,unlabelled,,Apache-2.0,data/datasets/yoga_poses/test/dog/guy3_dog025.jpg,True,True,True,,300,300
adho_mukha_tf_0002,adho_mukha,,TF,test,unlabelled,,Apache-2.0,data/datasets/yoga_poses/test/dog/guy3_dog026.jpg,True,True,True,,300,300
adho_mukha_tf_0003,adho_mukha,,TF,test,unlabelled,,Apache-2.0,data/datasets/yoga_poses/test/dog/guy3_dog027.jpg,True,True,True,,300,300
adho_mukha_tf_0004,adho_mukha,,TF,test,unlabelled,,Apache-2.0,data/datasets/yoga_poses/test/dog/guy3_dog028.jpg,True,True,True,,300,300
adho_mukha_tf_0005,adho_mukha,,TF,test,unlabelled,,Apache-2.0,data/datasets/yoga_poses/test/dog/guy3_dog029.jpg,True,True,True,,300,300
adho_mukha_tf_0006,adho_mukha,,TF,test,unlabelled,,Apache-2.0,data/datasets/yoga_poses/test/dog/guy3_dog030.jpg,True,True,True,,300,300
adho_mukha_tf_0007,adho_mukha,,TF,test,unlabelled,,Apache-2.0,data/datasets/yoga_poses/test/dog/guy3_dog031.jpg,True,True,True,,300,300
adho_mukha_tf_0008,adho_mukha,,TF,test,unlabelled,,Apache-2.0,data/datasets/yoga_poses/test/dog/guy3_dog032.jpg,True,True,True,,300,300
adho_mukha_tf_0009,adho_mukha,,TF,test,unlabelled,,Apache-2.0,data/datasets/yoga_poses/test/dog/guy3_dog033.jpg,True,True,True,,300,300
adho_mukha_tf_0010,adho_mukha,,TF,test,unlabelled,,Apache-2.0,data/datasets/yoga_poses/test/dog/guy3_dog034.jpg,True,True,True,,300,300
adho_mukha_tf_0011,adho_mukha,,TF,test,unlabelled,,Apache-2.0,data/datasets/yoga_poses/test/dog/guy3_dog035.jpg,True,True,True,,300,300
adho_mukha_tf_0012,adho_mukha,,TF,test,unlabelled,,Apache-2.0,data/datasets/yoga_poses/test/dog/guy3_dog036.jpg,True,True,True,,300,300
adho_mukha_tf_0013,adho_mukha,,TF,test,unlabelled,,Apache-2.0,data/datasets/yoga_poses/test/dog/guy3_dog037.jpg,True,True,True,,300,300
adho_mukha_tf_0014,adho_mukha,,TF,test,unlabelled,,Apache-2.0,data/datasets/yoga_poses/test/dog/guy3_dog038.jpg,True,True,True,,300,300
adho_mukha_tf_0015,adho_mukha,,TF,test,unlabelled,,Apache-2.0,data/datasets/yoga_poses/test/dog/guy3_dog039.jpg,True,True,True,,300,300
adho_mukha_tf_0016,adho_mukha,,TF,test,unlabelled,,Apache-2.0,data/datasets/yoga_poses/test/dog/guy3_dog040.jpg,True,True,True,,300,300
adho_mukha_tf_0017,adho_mukha,,TF,test,unlabelled,,Apache-2.0,data/datasets/yoga_poses/test/dog/guy3_dog041.jpg,True,True,True,,300,300
adho_mukha_tf_0018,adho_mukha,,TF,test,unlabelled,,Apache-2.0,data/datasets/yoga_poses/test/dog/guy3_dog042.jpg,True,True,True,,300,300
adho_mukha_tf_0019,adho_mukha,,TF,test,unlabelled,,Apache-2.0,data/datasets/yoga_poses/test/dog/guy3_dog043.jpg,True,True,True,,300,300
adho_mukha_tf_0020,adho_mukha,,TF,test,unlabelled,,Apache-2.0,data/datasets/yoga_poses/test/dog/guy3_dog044.jpg,True,True,True,,300,300
adho_mukha_tf_0021,adho_mukha,,TF,test,unlabelled,,Apache-2.0,data/datasets/yoga_poses/test/dog/guy3_dog045.jpg,True,True,True,,300,300
adho_mukha_tf_0022,adho_mukha,,TF,test,unlabelled,,Apache-2.0,data/datasets/yoga_poses/test/dog/guy3_dog046.jpg,True,True,True,,300,300
adho_mukha_tf_0023,adho_mukha,,TF,test,unlabelled,,Apache-2.0,data/datasets/yoga_poses/test/dog/guy3_dog047.jpg,True,True,True,,300,300
adho_mukha_tf_0024,adho_mukha,,TF,test,unlabelled,,Apache-2.0,data/datasets/yoga_poses/test/dog/guy3_dog048.jpg,True,True,True,,300,300
adho_mukha_tf_0025,adho_mukha,,TF,test,unlabelled,,Apache-2.0,data/datasets/yoga_poses/test/dog/guy3_dog049.jpg,True,True,True,,300,300
adho_mukha_tf_0026,adho_mukha,,TF,test,unlabelled,,Apache-2.0,data/datasets/yoga_poses/test/dog/guy3_dog050.jpg,True,True,True,,300,300
adho_mukha_tf_0027,adho_mukha,,TF,test,unlabelled,,Apache-2.0,data/datasets/yoga_poses/test/dog/guy3_dog051.jpg,True,True,True,,300,300
adho_mukha_tf_0028,adho_mukha,,TF,test,unlabelled,,Apache-2.0,data/datasets/yoga_poses/test/dog/guy3_dog052.jpg,True,True,True,,300,300
adho_mukha_tf_0029,adho_mukha,,TF,test,unlabelled,,Apache-2.0,data/datasets/yoga_poses/test/dog/guy3_dog053.jpg,True,True,True,,300,300
adho_mukha_tf_0030,adho_mukha,,TF,test,unlabelled,,Apache-2.0,data/datasets/yoga_poses/test/dog/guy3_dog054.jpg,True,True,True,,300,300
adho_mukha_tf_0031,adho_mukha,,TF,test,unlabelled,,Apache-2.0,data/datasets/yoga_poses/test/dog/guy3_dog055.jpg,True,True,True,,300,300
adho_mukha_tf_0032,adho_mukha,,TF,test,unlabelled,,Apache-2.0,data/datasets/yoga_poses/test/dog/guy3_dog056.jpg,True,True,True,,300,300
adho_mukha_tf_0033,adho_mukha,,TF,test,unlabelled,,Apache-2.0,data/datasets/yoga_poses/test/dog/guy3_dog057.jpg,True,True,True,,300,300
adho_mukha_tf_0034,adho_mukha,,TF,test,unlabelled,,Apache-2.0,data/datasets/yoga_poses/test/dog/guy3_dog058.jpg,True,True,True,,300,300
adho_mukha_tf_0035,adho_mukha,,TF,test,unlabelled,,Apache-2.0,data/datasets/yoga_poses/test/dog/guy3_dog059.jpg,True,True,True,,300,300
adho_mukha_tf_0036,adho_mukha,,TF,test,unlabelled,,Apache-2.0,data/datasets/yoga_poses/test/dog/guy3_dog060.jpg,True,True,True,,300,300
adho_mukha_tf_0037,adho_mukha,,TF,test,unlabelled,,Apache-2.0,data/datasets/yoga_poses/test/dog/guy3_dog061.jpg,True,True,True,,300,300
adho_mukha_tf_0038,adho_mukha,,TF,test,unlabelled,,Apache-2.0,data/datasets/yoga_poses/test/dog/guy3_dog062.jpg,True,True,True,,300,300
adho_mukha_tf_0039,adho_mukha,,TF,test,unlabelled,,Apache-2.0,data/datasets/yoga_poses/test/dog/guy3_dog063.jpg,True,True,True,,300,300
adho_mukha_tf_0040,adho_mukha,,TF,test,unlabelled,,Apache-2.0,data/datasets/yoga_poses/test/dog/guy3_dog064.jpg,True,True,True,,300,300
adho_mukha_tf_0041,adho_mukha,,TF,test,unlabelled,,Apache-2.0,data/datasets/yoga_poses/test/dog/guy3_dog065.jpg,True,True,True,,300,300
adho_mukha_tf_0042,adho_mukha,,TF,test,unlabelled,,Apache-2.0,data/datasets/yoga_poses/test/dog/guy3_dog066.jpg,True,True,True,,300,300
adho_mukha_tf_0043,adho_mukha,,TF,test,unlabelled,,Apache-2.0,data/datasets/yoga_poses/test/dog/guy3_dog067.jpg,True,True,True,,300,300
adho_mukha_tf_0044,adho_mukha,,TF,test,unlabelled,,Apache-2.0,data/datasets/yoga_poses/test/dog/guy3_dog068.jpg,True,True,True,,300,300
adho_mukha_tf_0045,adho_mukha,,TF,test,unlabelled,,Apache-2.0,data/datasets/yoga_poses/test/dog/guy3_dog069.jpg,True,True,True,,300,300
adho_mukha_tf_0046,adho_mukha,,TF,test,unlabelled,,Apache-2.0,data/datasets/yoga_poses/test/dog/guy3_dog070.jpg,True,True,True,,300,300
adho_mukha_tf_0047,adho_mukha,,TF,test,unlabelled,,Apache-2.0,data/datasets/yoga_poses/test/dog/guy3_dog071.jpg,True,True,True,,300,300
adho_mukha_tf_0048,adho_mukha,,TF,test,unlabelled,,Apache-2.0,data/datasets/yoga_poses/test/dog/guy3_dog072.jpg,True,True,True,,300,300
adho_mukha_tf_0049,adho_mukha,,TF,test,unlabelled,,Apache-2.0,data/datasets/yoga_poses/test/dog/guy3_dog073.jpg,True,True,True,,300,300
adho_mukha_tf_0050,adho_mukha,,TF,test,unlabelled,,Apache-2.0,data/datasets/yoga_poses/test/dog/guy3_dog074.jpg,True,True,True,,300,300
adho_mukha_tf_0051,adho_mukha,,TF,test,unlabelled,,Apache-2.0,data/datasets/yoga_poses/test/dog/guy3_dog075.jpg,True,True,True,,300,300
adho_mukha_tf_0052,adho_mukha,,TF,test,unlabelled,,Apache-2.0,data/datasets/yoga_poses/test/dog/guy3_dog076.jpg,True,True,True,,300,300
adho_mukha_tf_0053,adho_mukha,,TF,test,unlabelled,,Apache-2.0,data/datasets/yoga_poses/test/dog/guy3_dog077.jpg,True,True,True,,300,300
adho_mukha_tf_0054,adho_mukha,,TF,test,unlabelled,,Apache-2.0,data/datasets/yoga_poses/test/dog/guy3_dog078.jpg,True,True,True,,300,300
adho_mukha_tf_0055,adho_mukha,,TF,test,unlabelled,,Apache-2.0,data/datasets/yoga_poses/test/dog/guy3_dog079.jpg,True,True,True,,300,300
adho_mukha_tf_0056,adho_mukha,,TF,test,unlabelled,,Apache-2.0,data/datasets/yoga_poses/test/dog/guy3_dog080.jpg,True,True,True,,300,300
adho_mukha_tf_0057,adho_mukha,,TF,test,unlabelled,,Apache-2.0,data/datasets/yoga_poses/test/dog/guy3_dog081.jpg,True,True,True,,300,300
adho_mukha_tf_0058,adho_mukha,,TF,test,unlabelled,,Apache-2.0,data/datasets/yoga_poses/test/dog/guy3_dog082.jpg,True,True,True,,300,300
adho_mukha_tf_0059,adho_mukha,,TF,test,unlabelled,,Apache-2.0,data/datasets/yoga_poses/test/dog/guy3_dog083.jpg,True,True,True,,300,300
adho_mukha_tf_0060,adho_mukha,,TF,test,unlabelled,,Apache-2.0,data/datasets/yoga_poses/test/dog/guy3_dog084.jpg,True,True,True,,300,300
adho_mukha_tf_0061,adho_mukha,,TF,test,unlabelled,,Apache-2.0,data/datasets/yoga_poses/test/dog/guy3_dog085.jpg,True,True,True,,300,300
adho_mukha_tf_0062,adho_mukha,,TF,test,unlabelled,,Apache-2.0,data/datasets/yoga_poses/test/dog/guy3_dog086.jpg,True,True,True,,300,300
adho_mukha_tf_0063,adho_mukha,,TF,test,unlabelled,,Apache-2.0,data/datasets/yoga_poses/test/dog/guy3_dog087.jpg,True,True,True,,300,300
adho_mukha_tf_0064,adho_mukha,,TF,test,unlabelled,,Apache-2.0,data/datasets/yoga_poses/test/dog/guy3_dog088.jpg,True,True,True,,300,300
adho_mukha_tf_0065,adho_mukha,,TF,test,unlabelled,,Apache-2.0,data/datasets/yoga_poses/test/dog/guy3_dog089.jpg,True,True,True,,300,300
adho_mukha_tf_0066,adho_mukha,,TF,test,unlabelled,,Apache-2.0,data/datasets/yoga_poses/test/dog/guy3_dog090.jpg,True,True,True,,300,300
adho_mukha_tf_0067,adho_mukha,,TF,test,unlabelled,,Apache-2.0,data/datasets/yoga_poses/test/dog/guy3_dog091.jpg,True,True,True,,300,300
adho_mukha_tf_0068,adho_mukha,,TF,test,unlabelled,,Apache-2.0,data/datasets/yoga_poses/test/dog/guy3_dog092.jpg,True,True,True,,300,300
adho_mukha_tf_0069,adho_mukha,,TF,test,unlabelled,,Apache-2.0,data/datasets/yoga_poses/test/dog/guy3_dog093.jpg,True,True,True,,300,300
adho_mukha_tf_0070,adho_mukha,,TF,test,unlabelled,,Apache-2.0,data/datasets/yoga_poses/test/dog/guy3_dog094.jpg,True,True,True,,300,300
adho_mukha_tf_0071,adho_mukha,,TF,test,unlabelled,,Apache-2.0,data/datasets/yoga_poses/test/dog/guy3_dog095.jpg,True,True,True,,300,300
adho_mukha_tf_0072,adho_mukha,,TF,test,unlabelled,,Apache-2.0,data/datasets/yoga_poses/test/dog/guy3_dog096.jpg,True,True,True,,300,300
adho_mukha_tf_0073,adho_mukha,,TF,test,unlabelled,,Apache-2.0,data/datasets/yoga_poses/test/dog/guy3_dog097.jpg,True,True,True,,300,300
adho_mukha_tf_0074,adho_mukha,,TF,test,unlabelled,,Apache-2.0,data/datasets/yoga_poses/test/dog/guy3_dog098.jpg,True,True,True,,300,300
adho_mukha_tf_0075,adho_mukha,,TF,test,unlabelled,,Apache-2.0,data/datasets/yoga_poses/test/dog/guy3_dog099.jpg,True,True,True,,300,300
adho_mukha_tf_0076,adho_mukha,,TF,test,unlabelled,,Apache-2.0,data/datasets/yoga_poses/test/dog/guy3_dog100.jpg,True,True,True,,300,300
adho_mukha_tf_0077,adho_mukha,,TF,test,unlabelled,,Apache-2.0,data/datasets/yoga_poses/test/dog/guy3_dog101.jpg,True,True,True,,300,300
adho_mukha_tf_0078,adho_mukha,,TF,test,unlabelled,,Apache-2.0,data/datasets/yoga_poses/test/dog/guy3_dog102.jpg,True,True,True,,300,300
adho_mukha_tf_0079,adho_mukha,,TF,test,unlabelled,,Apache-2.0,data/datasets/yoga_poses/test/dog/guy3_dog103.jpg,True,True,True,,300,300
adho_mukha_tf_0080,adho_mukha,,TF,test,unlabelled,,Apache-2.0,data/datasets/yoga_poses/test/dog/guy3_dog104.jpg,True,True,True,,300,300
adho_mukha_tf_0081,adho_mukha,,TF,test,unlabelled,,Apache-2.0,data/datasets/yoga_poses/test/dog/guy3_dog105.jpg,True,True,True,,300,300
adho_mukha_tf_0082,adho_mukha,,TF,test,unlabelled,,Apache-2.0,data/datasets/yoga_poses/test/dog/guy3_dog106.jpg,True,True,True,,300,300
adho_mukha_tf_0083,adho_mukha,,TF,test,unlabelled,,Apache-2.0,data/datasets/yoga_poses/test/dog/guy3_dog107.jpg,True,True,True,,300,300
adho_mukha_tf_0084,adho_mukha,,TF,test,unlabelled,,Apache-2.0,data/datasets/yoga_poses/test/dog/guy3_dog108.jpg,True,True,True,,300,300
adho_mukha_tf_0085,adho_mukha,,TF,test,unlabelled,,Apache-2.0,data/datasets/yoga_poses/test/dog/guy3_dog109.jpg,True,True,True,,300,300
adho_mukha_tf_0086,adho_mukha,,TF,test,unlabelled,,Apache-2.0,data/datasets/yoga_poses/test/dog/guy3_dog110.jpg,True,True,True,,300,300
adho_mukha_tf_0087,adho_mukha,,TF,test,unlabelled,,Apache-2.0,data/datasets/yoga_poses/test/dog/guy3_dog111.jpg,True,True,True,,300,300
adho_mukha_tf_0088,adho_mukha,,TF,test,unlabelled,,Apache-2.0,data/datasets/yoga_poses/test/dog/guy3_dog112.jpg,True,True,True,,300,300
adho_mukha_tf_0089,adho_mukha,,TF,test,unlabelled,,Apache-2.0,data/datasets/yoga_poses/test/dog/guy3_dog113.jpg,True,True,True,,300,300
adho_mukha_tf_0090,adho_mukha,,TF,test,unlabelled,,Apache-2.0,data/datasets/yoga_poses/test/dog/guy3_dog114.jpg,True,True,True,,300,300
adho_mukha_tf_0091,adho_mukha,,TF,train,unlabelled,,Apache-2.0,data/datasets/yoga_poses/train/dog/girl1_dog027.jpg,True,True,True,,300,300
adho_mukha_tf_0092,adho_mukha,,TF,train,unlabelled,,Apache-2.0,data/datasets/yoga_poses/train/dog/girl1_dog028.jpg,True,True,True,,300,300
adho_mukha_tf_0093,adho_mukha,,TF,train,unlabelled,,Apache-2.0,data/datasets/yoga_poses/train/dog/girl1_dog029.jpg,True,True,True,,300,300
adho_mukha_tf_0094,adho_mukha,,TF,train,unlabelled,,Apache-2.0,data/datasets/yoga_poses/train/dog/girl1_dog030.jpg,True,True,True,,300,300
adho_mukha_tf_0095,adho_mukha,,TF,train,unlabelled,,Apache-2.0,data/datasets/yoga_poses/train/dog/girl1_dog031.jpg,True,True,True,,300,300
adho_mukha_tf_0096,adho_mukha,,TF,train,unlabelled,,Apache-2.0,data/datasets/yoga_poses/train/dog/girl1_dog032.jpg,True,True,True,,300,300
adho_mukha_tf_0097,adho_mukha,,TF,train,unlabelled,,Apache-2.0,data/datasets/yoga_poses/train/dog/girl1_dog035.jpg,True,True,True,,300,300
adho_mukha_tf_0098,adho_mukha,,TF,train,unlabelled,,Apache-2.0,data/datasets/yoga_poses/train/dog/girl1_dog036.jpg,True,True,True,,300,300
adho_mukha_tf_0099,adho_mukha,,TF,train,unlabelled,,Apache-2.0,data/datasets/yoga_poses/train/dog/girl1_dog040.jpg,True,True,True,,300,300
adho_mukha_tf_0100,adho_mukha,,TF,train,unlabelled,,Apache-2.0,data/datasets/yoga_poses/train/dog/girl1_dog042.jpg,True,True,True,,300,300
adho_mukha_tf_0101,adho_mukha,,TF,train,unlabelled,,Apache-2.0,data/datasets/yoga_poses/train/dog/girl1_dog044.jpg,True,True,True,,300,300
adho_mukha_tf_0102,adho_mukha,,TF,train,unlabelled,,Apache-2.0,data/datasets/yoga_poses/train/dog/girl1_dog045.jpg,True,True,True,,300,300
adho_mukha_tf_0103,adho_mukha,,TF,train,unlabelled,,Apache-2.0,data/datasets/yoga_poses/train/dog/girl1_dog050.jpg,True,True,True,,300,300
adho_mukha_tf_0104,adho_mukha,,TF,train,unlabelled,,Apache-2.0,data/datasets/yoga_poses/train/dog/girl1_dog052.jpg,True,True,True,,300,300
adho_mukha_tf_0105,adho_mukha,,TF,train,unlabelled,,Apache-2.0,data/datasets/yoga_poses/train/dog/girl1_dog053.jpg,True,True,True,,300,300
adho_mukha_tf_0106,adho_mukha,,TF,train,unlabelled,,Apache-2.0,data/datasets/yoga_poses/train/dog/girl1_dog054.jpg,True,True,True,,300,300
adho_mukha_tf_0107,adho_mukha,,TF,train,unlabelled,,Apache-2.0,data/datasets/yoga_poses/train/dog/girl1_dog055.jpg,True,True,True,,300,300
adho_mukha_tf_0108,adho_mukha,,TF,train,unlabelled,,Apache-2.0,data/datasets/yoga_poses/train/dog/girl1_dog056.jpg,True,True,True,,300,300
adho_mukha_tf_0109,adho_mukha,,TF,train,unlabelled,,Apache-2.0,data/datasets/yoga_poses/train/dog/girl1_dog057.jpg,True,True,True,,300,300
adho_mukha_tf_0110,adho_mukha,,TF,train,unlabelled,,Apache-2.0,data/datasets/yoga_poses/train/dog/girl1_dog058.jpg,True,True,True,,300,300
adho_mukha_tf_0111,adho_mukha,,TF,train,unlabelled,,Apache-2.0,data/datasets/yoga_poses/train/dog/girl1_dog059.jpg,True,True,True,,300,300
adho_mukha_tf_0112,adho_mukha,,TF,train,unlabelled,,Apache-2.0,data/datasets/yoga_poses/train/dog/girl1_dog061.jpg,True,True,True,,300,300
adho_mukha_tf_0113,adho_mukha,,TF,train,unlabelled,,Apache-2.0,data/datasets/yoga_poses/train/dog/girl1_dog066.jpg,True,True,True,,300,300
adho_mukha_tf_0114,adho_mukha,,TF,train,unlabelled,,Apache-2.0,data/datasets/yoga_poses/train/dog/girl1_dog069.jpg,True,True,True,,300,300
adho_mukha_tf_0115,adho_mukha,,TF,train,unlabelled,,Apache-2.0,data/datasets/yoga_poses/train/dog/girl1_dog071.jpg,True,True,True,,300,300
adho_mukha_tf_0116,adho_mukha,,TF,train,unlabelled,,Apache-2.0,data/datasets/yoga_poses/train/dog/girl1_dog074.jpg,True,True,True,,300,300
adho_mukha_tf_0117,adho_mukha,,TF,train,unlabelled,,Apache-2.0,data/datasets/yoga_poses/train/dog/girl1_dog082.jpg,True,True,True,,300,300
adho_mukha_tf_0118,adho_mukha,,TF,train,unlabelled,,Apache-2.0,data/datasets/yoga_poses/train/dog/girl1_dog084.jpg,True,True,True,,300,300
adho_mukha_tf_0119,adho_mukha,,TF,train,unlabelled,,Apache-2.0,data/datasets/yoga_poses/train/dog/girl1_dog085.jpg,True,True,True,,300,300
adho_mukha_tf_0120,adho_mukha,,TF,train,unlabelled,,Apache-2.0,data/datasets/yoga_poses/train/dog/girl1_dog086.jpg,True,True,True,,300,300
adho_mukha_tf_0121,adho_mukha,,TF,train,unlabelled,,Apache-2.0,data/datasets/yoga_poses/train/dog/girl1_dog087.jpg,True,True,True,,300,300
adho_mukha_tf_0122,adho_mukha,,TF,train,unlabelled,,Apache-2.0,data/datasets/yoga_poses/train/dog/girl1_dog088.jpg,True,True,True,,300,300
adho_mukha_tf_0123,adho_mukha,,TF,train,unlabelled,,Apache-2.0,data/datasets/yoga_poses/train/dog/girl1_dog090.jpg,True,True,True,,300,300
adho_mukha_tf_0124,adho_mukha,,TF,train,unlabelled,,Apache-2.0,data/datasets/yoga_poses/train/dog/girl1_dog093.jpg,True,True,True,,300,300
adho_mukha_tf_0125,adho_mukha,,TF,train,unlabelled,,Apache-2.0,data/datasets/yoga_poses/train/dog/girl1_dog094.jpg,True,True,True,,300,300
adho_mukha_tf_0126,adho_mukha,,TF,train,unlabelled,,Apache-2.0,data/datasets/yoga_poses/train/dog/girl1_dog095.jpg,True,True,True,,300,300
adho_mukha_tf_0127,adho_mukha,,TF,train,unlabelled,,Apache-2.0,data/datasets/yoga_poses/train/dog/girl1_dog097.jpg,True,True,True,,300,300
adho_mukha_tf_0128,adho_mukha,,TF,train,unlabelled,,Apache-2.0,data/datasets/yoga_poses/train/dog/girl1_dog100.jpg,True,True,True,,300,300
adho_mukha_tf_0129,adho_mukha,,TF,train,unlabelled,,Apache-2.0,data/datasets/yoga_poses/train/dog/girl1_dog101.jpg,True,True,True,,300,300
adho_mukha_tf_0130,adho_mukha,,TF,train,unlabelled,,Apache-2.0,data/datasets/yoga_poses/train/dog/girl1_dog103.jpg,True,True,True,,300,300
adho_mukha_tf_0131,adho_mukha,,TF,train,unlabelled,,Apache-2.0,data/datasets/yoga_poses/train/dog/girl1_dog105.jpg,True,True,True,,300,300
adho_mukha_tf_0132,adho_mukha,,TF,train,unlabelled,,Apache-2.0,data/datasets/yoga_poses/train/dog/girl1_dog114.jpg,True,True,True,,300,300
adho_mukha_tf_0133,adho_mukha,,TF,train,unlabelled,,Apache-2.0,data/datasets/yoga_poses/train/dog/girl2_dog026.jpg,True,True,True,,300,300
adho_mukha_tf_0134,adho_mukha,,TF,train,unlabelled,,Apache-2.0,data/datasets/yoga_poses/train/dog/girl2_dog027.jpg,True,True,True,,300,300
adho_mukha_tf_0135,adho_mukha,,TF,train,unlabelled,,Apache-2.0,data/datasets/yoga_poses/train/dog/girl2_dog028.jpg,True,True,True,,300,300
adho_mukha_tf_0136,adho_mukha,,TF,train,unlabelled,,Apache-2.0,data/datasets/yoga_poses/train/dog/girl2_dog029.jpg,True,True,True,,300,300
adho_mukha_tf_0137,adho_mukha,,TF,train,unlabelled,,Apache-2.0,data/datasets/yoga_poses/train/dog/girl2_dog030.jpg,True,True,True,,300,300
adho_mukha_tf_0138,adho_mukha,,TF,train,unlabelled,,Apache-2.0,data/datasets/yoga_poses/train/dog/girl2_dog033.jpg,True,True,True,,300,300
adho_mukha_tf_0139,adho_mukha,,TF,train,unlabelled,,Apache-2.0,data/datasets/yoga_poses/train/dog/girl2_dog036.jpg,True,True,True,,300,300
adho_mukha_tf_0140,adho_mukha,,TF,train,unlabelled,,Apache-2.0,data/datasets/yoga_poses/train/dog/girl2_dog037.jpg,True,True,True,,300,300
adho_mukha_tf_0141,adho_mukha,,TF,train,unlabelled,,Apache-2.0,data/datasets/yoga_poses/train/dog/girl2_dog041.jpg,True,True,True,,300,300
adho_mukha_tf_0142,adho_mukha,,TF,train,unlabelled,,Apache-2.0,data/datasets/yoga_poses/train/dog/girl2_dog044.jpg,True,True,True,,300,300
adho_mukha_tf_0143,adho_mukha,,TF,train,unlabelled,,Apache-2.0,data/datasets/yoga_poses/train/dog/girl2_dog046.jpg,True,True,True,,300,300
adho_mukha_tf_0144,adho_mukha,,TF,train,unlabelled,,Apache-2.0,data/datasets/yoga_poses/train/dog/girl2_dog047.jpg,True,True,True,,300,300
adho_mukha_tf_0145,adho_mukha,,TF,train,unlabelled,,Apache-2.0,data/datasets/yoga_poses/train/dog/girl2_dog053.jpg,True,True,True,,300,300
adho_mukha_tf_0146,adho_mukha,,TF,train,unlabelled,,Apache-2.0,data/datasets/yoga_poses/train/dog/girl2_dog054.jpg,True,True,True,,300,300
adho_mukha_tf_0147,adho_mukha,,TF,train,unlabelled,,Apache-2.0,data/datasets/yoga_poses/train/dog/girl2_dog055.jpg,True,True,True,,300,300
adho_mukha_tf_0148,adho_mukha,,TF,train,unlabelled,,Apache-2.0,data/datasets/yoga_poses/train/dog/girl2_dog056.jpg,True,True,True,,300,300
adho_mukha_tf_0149,adho_mukha,,TF,train,unlabelled,,Apache-2.0,data/datasets/yoga_poses/train/dog/girl2_dog058.jpg,True,True,True,,300,300
adho_mukha_tf_0150,adho_mukha,,TF,train,unlabelled,,Apache-2.0,data/datasets/yoga_poses/train/dog/girl2_dog059.jpg,True,True,True,,300,300
adho_mukha_tf_0151,adho_mukha,,TF,train,unlabelled,,Apache-2.0,data/datasets/yoga_poses/train/dog/girl2_dog061.jpg,True,True,True,,300,300
adho_mukha_tf_0152,adho_mukha,,TF,train,unlabelled,,Apache-2.0,data/datasets/yoga_poses/train/dog/girl2_dog062.jpg,True,True,True,,300,300
adho_mukha_tf_0153,adho_mukha,,TF,train,unlabelled,,Apache-2.0,data/datasets/yoga_poses/train/dog/girl2_dog063.jpg,True,True,True,,300,300
adho_mukha_tf_0154,adho_mukha,,TF,train,unlabelled,,Apache-2.0,data/datasets/yoga_poses/train/dog/girl2_dog065.jpg,True,True,True,,300,300
adho_mukha_tf_0155,adho_mukha,,TF,train,unlabelled,,Apache-2.0,data/datasets/yoga_poses/train/dog/girl2_dog067.jpg,True,True,True,,300,300
adho_mukha_tf_0156,adho_mukha,,TF,train,unlabelled,,Apache-2.0,data/datasets/yoga_poses/train/dog/girl2_dog068.jpg,True,True,True,,300,300
adho_mukha_tf_0157,adho_mukha,,TF,train,unlabelled,,Apache-2.0,data/datasets/yoga_poses/train/dog/girl2_dog070.jpg,True,True,True,,300,300
adho_mukha_tf_0158,adho_mukha,,TF,train,unlabelled,,Apache-2.0,data/datasets/yoga_poses/train/dog/girl2_dog071.jpg,True,True,True,,300,300
adho_mukha_tf_0159,adho_mukha,,TF,train,unlabelled,,Apache-2.0,data/datasets/yoga_poses/train/dog/girl2_dog072.jpg,True,True,True,,300,300
adho_mukha_tf_0160,adho_mukha,,TF,train,unlabelled,,Apache-2.0,data/datasets/yoga_poses/train/dog/girl2_dog074.jpg,True,True,True,,300,300
adho_mukha_tf_0161,adho_mukha,,TF,train,unlabelled,,Apache-2.0,data/datasets/yoga_poses/train/dog/girl2_dog075.jpg,True,True,True,,300,300
adho_mukha_tf_0162,adho_mukha,,TF,train,unlabelled,,Apache-2.0,data/datasets/yoga_poses/train/dog/girl2_dog078.jpg,True,True,True,,300,300
adho_mukha_tf_0163,adho_mukha,,TF,train,unlabelled,,Apache-2.0,data/datasets/yoga_poses/train/dog/girl2_dog080.jpg,True,True,True,,300,300
adho_mukha_tf_0164,adho_mukha,,TF,train,unlabelled,,Apache-2.0,data/datasets/yoga_poses/train/dog/girl2_dog083.jpg,True,True,True,,300,300
adho_mukha_tf_0165,adho_mukha,,TF,train,unlabelled,,Apache-2.0,data/datasets/yoga_poses/train/dog/girl2_dog085.jpg,True,True,True,,300,300
adho_mukha_tf_0166,adho_mukha,,TF,train,unlabelled,,Apache-2.0,data/datasets/yoga_poses/train/dog/girl2_dog087.jpg,True,True,True,,300,300
adho_mukha_tf_0167,adho_mukha,,TF,train,unlabelled,,Apache-2.0,data/datasets/yoga_poses/train/dog/girl2_dog088.jpg,True,True,True,,300,300
adho_mukha_tf_0168,adho_mukha,,TF,train,unlabelled,,Apache-2.0,data/datasets/yoga_poses/train/dog/girl2_dog090.jpg,True,True,True,,300,300
adho_mukha_tf_0169,adho_mukha,,TF,train,unlabelled,,Apache-2.0,data/datasets/yoga_poses/train/dog/girl2_dog091.jpg,True,True,True,,300,300
adho_mukha_tf_0170,adho_mukha,,TF,train,unlabelled,,Apache-2.0,data/datasets/yoga_poses/train/dog/girl2_dog093.jpg,True,True,True,,300,300
adho_mukha_tf_0171,adho_mukha,,TF,train,unlabelled,,Apache-2.0,data/datasets/yoga_poses/train/dog/girl2_dog094.jpg,True,True,True,,300,300
adho_mukha_tf_0172,adho_mukha,,TF,train,unlabelled,,Apache-2.0,data/datasets/yoga_poses/train/dog/girl2_dog095.jpg,True,True,True,,300,300
adho_mukha_tf_0173,adho_mukha,,TF,train,unlabelled,,Apache-2.0,data/datasets/yoga_poses/train/dog/girl2_dog099.jpg,True,True,True,,300,300
adho_mukha_tf_0174,adho_mukha,,TF,train,unlabelled,,Apache-2.0,data/datasets/yoga_poses/train/dog/girl2_dog100.jpg,True,True,True,,300,300
adho_mukha_tf_0175,adho_mukha,,TF,train,unlabelled,,Apache-2.0,data/datasets/yoga_poses/train/dog/girl2_dog101.jpg,True,True,True,,300,300
adho_mukha_tf_0176,adho_mukha,,TF,train,unlabelled,,Apache-2.0,data/datasets/yoga_poses/train/dog/girl2_dog103.jpg,True,True,True,,300,300
adho_mukha_tf_0177,adho_mukha,,TF,train,unlabelled,,Apache-2.0,data/datasets/yoga_poses/train/dog/girl2_dog104.jpg,True,False,False,no person detected,300,300
adho_mukha_tf_0178,adho_mukha,,TF,train,unlabelled,,Apache-2.0,data/datasets/yoga_poses/train/dog/girl2_dog105.jpg,True,True,True,,300,300
adho_mukha_tf_0179,adho_mukha,,TF,train,unlabelled,,Apache-2.0,data/datasets/yoga_poses/train/dog/girl2_dog107.jpg,True,True,True,,300,300
adho_mukha_tf_0180,adho_mukha,,TF,train,unlabelled,,Apache-2.0,data/datasets/yoga_poses/train/dog/girl2_dog111.jpg,True,True,True,,300,300
adho_mukha_tf_0181,adho_mukha,,TF,train,unlabelled,,Apache-2.0,data/datasets/yoga_poses/train/dog/girl3_dog025.jpg,True,True,True,,300,300
adho_mukha_tf_0182,adho_mukha,,TF,train,unlabelled,,Apache-2.0,data/datasets/yoga_poses/train/dog/girl3_dog026.jpg,True,True,True,,300,300
adho_mukha_tf_0183,adho_mukha,,TF,train,unlabelled,,Apache-2.0,data/datasets/yoga_poses/train/dog/girl3_dog027.jpg,True,True,True,,300,300
adho_mukha_tf_0184,adho_mukha,,TF,train,unlabelled,,Apache-2.0,data/datasets/yoga_poses/train/dog/girl3_dog028.jpg,True,True,True,,300,300
adho_mukha_tf_0185,adho_mukha,,TF,train,unlabelled,,Apache-2.0,data/datasets/yoga_poses/train/dog/girl3_dog031.jpg,True,True,True,,300,300
adho_mukha_tf_0186,adho_mukha,,TF,train,unlabelled,,Apache-2.0,data/datasets/yoga_poses/train/dog/girl3_dog033.jpg,True,True,True,,300,300
adho_mukha_tf_0187,adho_mukha,,TF,train,unlabelled,,Apache-2.0,data/datasets/yoga_poses/train/dog/girl3_dog035.jpg,True,True,True,,300,300
adho_mukha_tf_0188,adho_mukha,,TF,train,unlabelled,,Apache-2.0,data/datasets/yoga_poses/train/dog/girl3_dog037.jpg,True,True,True,,300,300
adho_mukha_tf_0189,adho_mukha,,TF,train,unlabelled,,Apache-2.0,data/datasets/yoga_poses/train/dog/girl3_dog040.jpg,True,True,True,,300,300
adho_mukha_tf_0190,adho_mukha,,TF,train,unlabelled,,Apache-2.0,data/datasets/yoga_poses/train/dog/girl3_dog041.jpg,True,True,True,,300,300
adho_mukha_tf_0191,adho_mukha,,TF,train,unlabelled,,Apache-2.0,data/datasets/yoga_poses/train/dog/girl3_dog043.jpg,True,True,True,,300,300
adho_mukha_tf_0192,adho_mukha,,TF,train,unlabelled,,Apache-2.0,data/datasets/yoga_poses/train/dog/girl3_dog046.jpg,True,True,True,,300,300
adho_mukha_tf_0193,adho_mukha,,TF,train,unlabelled,,Apache-2.0,data/datasets/yoga_poses/train/dog/girl3_dog047.jpg,True,True,True,,300,300
adho_mukha_tf_0194,adho_mukha,,TF,train,unlabelled,,Apache-2.0,data/datasets/yoga_poses/train/dog/girl3_dog052.jpg,True,True,True,,300,300
adho_mukha_tf_0195,adho_mukha,,TF,train,unlabelled,,Apache-2.0,data/datasets/yoga_poses/train/dog/girl3_dog057.jpg,True,True,True,,300,300
adho_mukha_tf_0196,adho_mukha,,TF,train,unlabelled,,Apache-2.0,data/datasets/yoga_poses/train/dog/girl3_dog062.jpg,True,True,True,,300,300
adho_mukha_tf_0197,adho_mukha,,TF,train,unlabelled,,Apache-2.0,data/datasets/yoga_poses/train/dog/girl3_dog072.jpg,True,True,True,,300,300
adho_mukha_tf_0198,adho_mukha,,TF,train,unlabelled,,Apache-2.0,data/datasets/yoga_poses/train/dog/girl3_dog074.jpg,True,True,True,,300,300
adho_mukha_tf_0199,adho_mukha,,TF,train,unlabelled,,Apache-2.0,data/datasets/yoga_poses/train/dog/girl3_dog075.jpg,True,True,True,,300,300
adho_mukha_tf_0200,adho_mukha,,TF,train,unlabelled,,Apache-2.0,data/datasets/yoga_poses/train/dog/girl3_dog077.jpg,True,True,True,,300,300
adho_mukha_tf_0201,adho_mukha,,TF,train,unlabelled,,Apache-2.0,data/datasets/yoga_poses/train/dog/girl3_dog081.jpg,True,True,True,,300,300
adho_mukha_tf_0202,adho_mukha,,TF,train,unlabelled,,Apache-2.0,data/datasets/yoga_poses/train/dog/girl3_dog082.jpg,True,True,True,,300,300
adho_mukha_tf_0203,adho_mukha,,TF,train,unlabelled,,Apache-2.0,data/datasets/yoga_poses/train/dog/girl3_dog086.jpg,True,True,True,,300,300
adho_mukha_tf_0204,adho_mukha,,TF,train,unlabelled,,Apache-2.0,data/datasets/yoga_poses/train/dog/girl3_dog088.jpg,True,True,True,,300,300
adho_mukha_tf_0205,adho_mukha,,TF,train,unlabelled,,Apache-2.0,data/datasets/yoga_poses/train/dog/girl3_dog090.jpg,True,True,True,,300,300
adho_mukha_tf_0206,adho_mukha,,TF,train,unlabelled,,Apache-2.0,data/datasets/yoga_poses/train/dog/girl3_dog092.jpg,True,True,True,,300,300
adho_mukha_tf_0207,adho_mukha,,TF,train,unlabelled,,Apache-2.0,data/datasets/yoga_poses/train/dog/girl3_dog094.jpg,True,True,True,,300,300
adho_mukha_tf_0208,adho_mukha,,TF,train,unlabelled,,Apache-2.0,data/datasets/yoga_poses/train/dog/girl3_dog095.jpg,True,True,True,,300,300
adho_mukha_tf_0209,adho_mukha,,TF,train,unlabelled,,Apache-2.0,data/datasets/yoga_poses/train/dog/girl3_dog096.jpg,True,True,True,,300,300
adho_mukha_tf_0210,adho_mukha,,TF,train,unlabelled,,Apache-2.0,data/datasets/yoga_poses/train/dog/girl3_dog100.jpg,True,True,True,,300,300
adho_mukha_tf_0211,adho_mukha,,TF,train,unlabelled,,Apache-2.0,data/datasets/yoga_poses/train/dog/girl3_dog102.jpg,True,True,True,,300,300
adho_mukha_tf_0212,adho_mukha,,TF,train,unlabelled,,Apache-2.0,data/datasets/yoga_poses/train/dog/girl3_dog103.jpg,True,True,True,,300,300
adho_mukha_tf_0213,adho_mukha,,TF,train,unlabelled,,Apache-2.0,data/datasets/yoga_poses/train/dog/girl3_dog104.jpg,True,True,True,,300,300
adho_mukha_tf_0214,adho_mukha,,TF,train,unlabelled,,Apache-2.0,data/datasets/yoga_poses/train/dog/girl3_dog106.jpg,True,True,True,,300,300
adho_mukha_tf_0215,adho_mukha,,TF,train,unlabelled,,Apache-2.0,data/datasets/yoga_poses/train/dog/girl3_dog107.jpg,True,True,True,,300,300
adho_mukha_tf_0216,adho_mukha,,TF,train,unlabelled,,Apache-2.0,data/datasets/yoga_poses/train/dog/girl3_dog111.jpg,True,True,True,,300,300
adho_mukha_tf_0217,adho_mukha,,TF,train,unlabelled,,Apache-2.0,data/datasets/yoga_poses/train/dog/guy1_dog028.jpg,True,True,True,,300,300
adho_mukha_tf_0218,adho_mukha,,TF,train,unlabelled,,Apache-2.0,data/datasets/yoga_poses/train/dog/guy1_dog030.jpg,True,True,True,,300,300
adho_mukha_tf_0219,adho_mukha,,TF,train,unlabelled,,Apache-2.0,data/datasets/yoga_poses/train/dog/guy1_dog032.jpg,True,True,True,,300,300
adho_mukha_tf_0220,adho_mukha,,TF,train,unlabelled,,Apache-2.0,data/datasets/yoga_poses/train/dog/guy1_dog034.jpg,True,True,True,,300,300
adho_mukha_tf_0221,adho_mukha,,TF,train,unlabelled,,Apache-2.0,data/datasets/yoga_poses/train/dog/guy1_dog040.jpg,True,True,True,,300,300
adho_mukha_tf_0222,adho_mukha,,TF,train,unlabelled,,Apache-2.0,data/datasets/yoga_poses/train/dog/guy1_dog041.jpg,True,True,True,,300,300
adho_mukha_tf_0223,adho_mukha,,TF,train,unlabelled,,Apache-2.0,data/datasets/yoga_poses/train/dog/guy1_dog044.jpg,True,True,True,,300,300
adho_mukha_tf_0224,adho_mukha,,TF,train,unlabelled,,Apache-2.0,data/datasets/yoga_poses/train/dog/guy1_dog046.jpg,True,True,True,,300,300
adho_mukha_tf_0225,adho_mukha,,TF,train,unlabelled,,Apache-2.0,data/datasets/yoga_poses/train/dog/guy1_dog049.jpg,True,True,True,,300,300
adho_mukha_tf_0226,adho_mukha,,TF,train,unlabelled,,Apache-2.0,data/datasets/yoga_poses/train/dog/guy1_dog058.jpg,True,True,True,,300,300
adho_mukha_tf_0227,adho_mukha,,TF,train,unlabelled,,Apache-2.0,data/datasets/yoga_poses/train/dog/guy1_dog060.jpg,True,True,True,,300,300
adho_mukha_tf_0228,adho_mukha,,TF,train,unlabelled,,Apache-2.0,data/datasets/yoga_poses/train/dog/guy1_dog061.jpg,True,True,True,,300,300
adho_mukha_tf_0229,adho_mukha,,TF,train,unlabelled,,Apache-2.0,data/datasets/yoga_poses/train/dog/guy1_dog063.jpg,True,True,True,,300,300
adho_mukha_tf_0230,adho_mukha,,TF,train,unlabelled,,Apache-2.0,data/datasets/yoga_poses/train/dog/guy1_dog064.jpg,True,True,True,,300,300
adho_mukha_tf_0231,adho_mukha,,TF,train,unlabelled,,Apache-2.0,data/datasets/yoga_poses/train/dog/guy1_dog070.jpg,True,True,True,,300,300
adho_mukha_tf_0232,adho_mukha,,TF,train,unlabelled,,Apache-2.0,data/datasets/yoga_poses/train/dog/guy1_dog074.jpg,True,True,True,,300,300
adho_mukha_tf_0233,adho_mukha,,TF,train,unlabelled,,Apache-2.0,data/datasets/yoga_poses/train/dog/guy1_dog076.jpg,True,True,True,,300,300
adho_mukha_tf_0234,adho_mukha,,TF,train,unlabelled,,Apache-2.0,data/datasets/yoga_poses/train/dog/guy1_dog080.jpg,True,True,True,,300,300
adho_mukha_tf_0235,adho_mukha,,TF,train,unlabelled,,Apache-2.0,data/datasets/yoga_poses/train/dog/guy1_dog081.jpg,True,True,True,,300,300
adho_mukha_tf_0236,adho_mukha,,TF,train,unlabelled,,Apache-2.0,data/datasets/yoga_poses/train/dog/guy1_dog082.jpg,True,True,True,,300,300
adho_mukha_tf_0237,adho_mukha,,TF,train,unlabelled,,Apache-2.0,data/datasets/yoga_poses/train/dog/guy1_dog086.jpg,True,True,True,,300,300
adho_mukha_tf_0238,adho_mukha,,TF,train,unlabelled,,Apache-2.0,data/datasets/yoga_poses/train/dog/guy1_dog087.jpg,True,True,True,,300,300
adho_mukha_tf_0239,adho_mukha,,TF,train,unlabelled,,Apache-2.0,data/datasets/yoga_poses/train/dog/guy1_dog088.jpg,True,True,True,,300,300
adho_mukha_tf_0240,adho_mukha,,TF,train,unlabelled,,Apache-2.0,data/datasets/yoga_poses/train/dog/guy1_dog091.jpg,True,True,True,,300,300
adho_mukha_tf_0241,adho_mukha,,TF,train,unlabelled,,Apache-2.0,data/datasets/yoga_poses/train/dog/guy1_dog092.jpg,True,True,True,,300,300
adho_mukha_tf_0242,adho_mukha,,TF,train,unlabelled,,Apache-2.0,data/datasets/yoga_poses/train/dog/guy1_dog093.jpg,True,True,True,,300,300
adho_mukha_tf_0243,adho_mukha,,TF,train,unlabelled,,Apache-2.0,data/datasets/yoga_poses/train/dog/guy1_dog095.jpg,True,True,True,,300,300
adho_mukha_tf_0244,adho_mukha,,TF,train,unlabelled,,Apache-2.0,data/datasets/yoga_poses/train/dog/guy1_dog097.jpg,True,True,True,,300,300
adho_mukha_tf_0245,adho_mukha,,TF,train,unlabelled,,Apache-2.0,data/datasets/yoga_poses/train/dog/guy1_dog098.jpg,True,True,True,,300,300
adho_mukha_tf_0246,adho_mukha,,TF,train,unlabelled,,Apache-2.0,data/datasets/yoga_poses/train/dog/guy1_dog099.jpg,True,True,True,,300,300
adho_mukha_tf_0247,adho_mukha,,TF,train,unlabelled,,Apache-2.0,data/datasets/yoga_poses/train/dog/guy1_dog101.jpg,True,True,True,,300,300
adho_mukha_tf_0248,adho_mukha,,TF,train,unlabelled,,Apache-2.0,data/datasets/yoga_poses/train/dog/guy1_dog102.jpg,True,True,True,,300,300
adho_mukha_tf_0249,adho_mukha,,TF,train,unlabelled,,Apache-2.0,data/datasets/yoga_poses/train/dog/guy1_dog105.jpg,True,True,True,,300,300
adho_mukha_tf_0250,adho_mukha,,TF,train,unlabelled,,Apache-2.0,data/datasets/yoga_poses/train/dog/guy1_dog109.jpg,True,True,True,,300,300
adho_mukha_tf_0251,adho_mukha,,TF,train,unlabelled,,Apache-2.0,data/datasets/yoga_poses/train/dog/guy1_dog110.jpg,True,True,True,,300,300
adho_mukha_tf_0252,adho_mukha,,TF,train,unlabelled,,Apache-2.0,data/datasets/yoga_poses/train/dog/guy1_dog112.jpg,True,True,True,,300,300
adho_mukha_tf_0253,adho_mukha,,TF,train,unlabelled,,Apache-2.0,data/datasets/yoga_poses/train/dog/guy1_dog114.jpg,True,True,True,,300,300
adho_mukha_tf_0254,adho_mukha,,TF,train,unlabelled,,Apache-2.0,data/datasets/yoga_poses/train/dog/guy2_dog025.jpg,True,True,True,,300,300
adho_mukha_tf_0255,adho_mukha,,TF,train,unlabelled,,Apache-2.0,data/datasets/yoga_poses/train/dog/guy2_dog027.jpg,True,True,True,,300,300
adho_mukha_tf_0256,adho_mukha,,TF,train,unlabelled,,Apache-2.0,data/datasets/yoga_poses/train/dog/guy2_dog031.jpg,True,True,True,,300,300
adho_mukha_tf_0257,adho_mukha,,TF,train,unlabelled,,Apache-2.0,data/datasets/yoga_poses/train/dog/guy2_dog033.jpg,True,True,True,,300,300
adho_mukha_tf_0258,adho_mukha,,TF,train,unlabelled,,Apache-2.0,data/datasets/yoga_poses/train/dog/guy2_dog037.jpg,True,True,True,,300,300
adho_mukha_tf_0259,adho_mukha,,TF,train,unlabelled,,Apache-2.0,data/datasets/yoga_poses/train/dog/guy2_dog042.jpg,True,True,True,,300,300
adho_mukha_tf_0260,adho_mukha,,TF,train,unlabelled,,Apache-2.0,data/datasets/yoga_poses/train/dog/guy2_dog045.jpg,True,True,True,,300,300
adho_mukha_tf_0261,adho_mukha,,TF,train,unlabelled,,Apache-2.0,data/datasets/yoga_poses/train/dog/guy2_dog048.jpg,True,True,True,,300,300
adho_mukha_tf_0262,adho_mukha,,TF,train,unlabelled,,Apache-2.0,data/datasets/yoga_poses/train/dog/guy2_dog053.jpg,True,True,True,,300,300
adho_mukha_tf_0263,adho_mukha,,TF,train,unlabelled,,Apache-2.0,data/datasets/yoga_poses/train/dog/guy2_dog055.jpg,True,True,True,,300,300
adho_mukha_tf_0264,adho_mukha,,TF,train,unlabelled,,Apache-2.0,data/datasets/yoga_poses/train/dog/guy2_dog056.jpg,True,True,True,,300,300
adho_mukha_tf_0265,adho_mukha,,TF,train,unlabelled,,Apache-2.0,data/datasets/yoga_poses/train/dog/guy2_dog057.jpg,True,True,True,,300,300
adho_mukha_tf_0266,adho_mukha,,TF,train,unlabelled,,Apache-2.0,data/datasets/yoga_poses/train/dog/guy2_dog058.jpg,True,True,True,,300,300
adho_mukha_tf_0267,adho_mukha,,TF,train,unlabelled,,Apache-2.0,data/datasets/yoga_poses/train/dog/guy2_dog059.jpg,True,True,True,,300,300
adho_mukha_tf_0268,adho_mukha,,TF,train,unlabelled,,Apache-2.0,data/datasets/yoga_poses/train/dog/guy2_dog060.jpg,True,True,True,,300,300
adho_mukha_tf_0269,adho_mukha,,TF,train,unlabelled,,Apache-2.0,data/datasets/yoga_poses/train/dog/guy2_dog063.jpg,True,True,True,,300,300
adho_mukha_tf_0270,adho_mukha,,TF,train,unlabelled,,Apache-2.0,data/datasets/yoga_poses/train/dog/guy2_dog065.jpg,True,True,True,,300,300
adho_mukha_tf_0271,adho_mukha,,TF,train,unlabelled,,Apache-2.0,data/datasets/yoga_poses/train/dog/guy2_dog066.jpg,True,True,True,,300,300
adho_mukha_tf_0272,adho_mukha,,TF,train,unlabelled,,Apache-2.0,data/datasets/yoga_poses/train/dog/guy2_dog067.jpg,True,True,True,,300,300
adho_mukha_tf_0273,adho_mukha,,TF,train,unlabelled,,Apache-2.0,data/datasets/yoga_poses/train/dog/guy2_dog068.jpg,True,True,True,,300,300
adho_mukha_tf_0274,adho_mukha,,TF,train,unlabelled,,Apache-2.0,data/datasets/yoga_poses/train/dog/guy2_dog070.jpg,True,True,True,,300,300
adho_mukha_tf_0275,adho_mukha,,TF,train,unlabelled,,Apache-2.0,data/datasets/yoga_poses/train/dog/guy2_dog071.jpg,True,True,True,,300,300
adho_mukha_tf_0276,adho_mukha,,TF,train,unlabelled,,Apache-2.0,data/datasets/yoga_poses/train/dog/guy2_dog072.jpg,True,True,True,,300,300
adho_mukha_tf_0277,adho_mukha,,TF,train,unlabelled,,Apache-2.0,data/datasets/yoga_poses/train/dog/guy2_dog073.jpg,True,True,True,,300,300
adho_mukha_tf_0278,adho_mukha,,TF,train,unlabelled,,Apache-2.0,data/datasets/yoga_poses/train/dog/guy2_dog077.jpg,True,True,True,,300,300
adho_mukha_tf_0279,adho_mukha,,TF,train,unlabelled,,Apache-2.0,data/datasets/yoga_poses/train/dog/guy2_dog080.jpg,True,True,True,,300,300
adho_mukha_tf_0280,adho_mukha,,TF,train,unlabelled,,Apache-2.0,data/datasets/yoga_poses/train/dog/guy2_dog082.jpg,True,True,True,,300,300
adho_mukha_tf_0281,adho_mukha,,TF,train,unlabelled,,Apache-2.0,data/datasets/yoga_poses/train/dog/guy2_dog089.jpg,True,True,True,,300,300
adho_mukha_tf_0282,adho_mukha,,TF,train,unlabelled,,Apache-2.0,data/datasets/yoga_poses/train/dog/guy2_dog094.jpg,True,True,True,,300,300
adho_mukha_tf_0283,adho_mukha,,TF,train,unlabelled,,Apache-2.0,data/datasets/yoga_poses/train/dog/guy2_dog095.jpg,True,True,True,,300,300
adho_mukha_tf_0284,adho_mukha,,TF,train,unlabelled,,Apache-2.0,data/datasets/yoga_poses/train/dog/guy2_dog097.jpg,True,True,True,,300,300
adho_mukha_tf_0285,adho_mukha,,TF,train,unlabelled,,Apache-2.0,data/datasets/yoga_poses/train/dog/guy2_dog098.jpg,True,True,True,,300,300
adho_mukha_tf_0286,adho_mukha,,TF,train,unlabelled,,Apache-2.0,data/datasets/yoga_poses/train/dog/guy2_dog102.jpg,True,True,True,,300,300
adho_mukha_tf_0287,adho_mukha,,TF,train,unlabelled,,Apache-2.0,data/datasets/yoga_poses/train/dog/guy2_dog103.jpg,True,True,True,,300,300
adho_mukha_tf_0288,adho_mukha,,TF,train,unlabelled,,Apache-2.0,data/datasets/yoga_poses/train/dog/guy2_dog106.jpg,True,True,True,,300,300
adho_mukha_tf_0289,adho_mukha,,TF,train,unlabelled,,Apache-2.0,data/datasets/yoga_poses/train/dog/guy2_dog113.jpg,True,True,True,,300,300
adho_mukha_tf_0290,adho_mukha,,TF,train,unlabelled,,Apache-2.0,data/datasets/yoga_poses/train/dog/guy2_dog114.jpg,True,True,True,,300,300
adho_mukha_y107_0001,adho_mukha,,Y107,train,unlabelled,,not stated by the host (web photographs); included for research and education,data/datasets/yoga107/adho_mukha_svanasana/001.jpg,True,True,True,,413,253
adho_mukha_y107_0002,adho_mukha,,Y107,train,unlabelled,,not stated by the host (web photographs); included for research and education,data/datasets/yoga107/adho_mukha_svanasana/002.jpg,True,True,True,,377,277
adho_mukha_y107_0003,adho_mukha,,Y107,train,unlabelled,,not stated by the host (web photographs); included for research and education,data/datasets/yoga107/adho_mukha_svanasana/003.jpg,True,True,True,,493,248
adho_mukha_y107_0004,adho_mukha,,Y107,holdout,unlabelled,,not stated by the host (web photographs); included for research and education,data/datasets/yoga107/adho_mukha_svanasana/004.jpg,True,True,True,,650,300
adho_mukha_y107_0005,adho_mukha,,Y107,train,unlabelled,,not stated by the host (web photographs); included for research and education,data/datasets/yoga107/adho_mukha_svanasana/005.jpg,True,True,True,,567,567
adho_mukha_y107_0006,adho_mukha,,Y107,train,unlabelled,,not stated by the host (web photographs); included for research and education,data/datasets/yoga107/adho_mukha_svanasana/006.jpg,True,True,True,,398,291
adho_mukha_y107_0007,adho_mukha,,Y107,train,unlabelled,,not stated by the host (web photographs); included for research and education,data/datasets/yoga107/adho_mukha_svanasana/007.jpg,True,True,True,,692,358
adho_mukha_y107_0008,adho_mukha,,Y107,holdout,unlabelled,,not stated by the host (web photographs); included for research and education,data/datasets/yoga107/adho_mukha_svanasana/008.jpg,True,True,True,,589,359
adho_mukha_y107_0009,adho_mukha,,Y107,train,unlabelled,,not stated by the host (web photographs); included for research and education,data/datasets/yoga107/adho_mukha_svanasana/009.jpg,True,True,True,,511,309
adho_mukha_y107_0010,adho_mukha,,Y107,train,unlabelled,,not stated by the host (web photographs); included for research and education,data/datasets/yoga107/adho_mukha_svanasana/010.jpg,True,True,True,,417,313
adho_mukha_y107_0011,adho_mukha,,Y107,train,unlabelled,,not stated by the host (web photographs); included for research and education,data/datasets/yoga107/adho_mukha_svanasana/011.jpg,True,True,True,,413,233
adho_mukha_y107_0012,adho_mukha,,Y107,holdout,unlabelled,,not stated by the host (web photographs); included for research and education,data/datasets/yoga107/adho_mukha_svanasana/012.jpg,True,True,True,,322,267
adho_mukha_y107_0013,adho_mukha,,Y107,train,unlabelled,,not stated by the host (web photographs); included for research and education,data/datasets/yoga107/adho_mukha_svanasana/013.jpg,True,True,True,,413,300
adho_mukha_y107_0014,adho_mukha,,Y107,train,unlabelled,,not stated by the host (web photographs); included for research and education,data/datasets/yoga107/adho_mukha_svanasana/014.jpg,True,True,True,,400,439
adho_mukha_y107_0015,adho_mukha,,Y107,train,unlabelled,,not stated by the host (web photographs); included for research and education,data/datasets/yoga107/adho_mukha_svanasana/015.jpg,True,True,True,,537,327
adho_mukha_y107_0016,adho_mukha,,Y107,holdout,unlabelled,,not stated by the host (web photographs); included for research and education,data/datasets/yoga107/adho_mukha_svanasana/016.jpg,True,True,True,,800,533
adho_mukha_y107_0017,adho_mukha,,Y107,train,unlabelled,,not stated by the host (web photographs); included for research and education,data/datasets/yoga107/adho_mukha_svanasana/017.jpg,True,True,True,,425,265
adho_mukha_y107_0018,adho_mukha,,Y107,train,unlabelled,,not stated by the host (web photographs); included for research and education,data/datasets/yoga107/adho_mukha_svanasana/018.jpg,True,True,True,,800,490
adho_mukha_y107_0019,adho_mukha,,Y107,train,unlabelled,,not stated by the host (web photographs); included for research and education,data/datasets/yoga107/adho_mukha_svanasana/019.jpg,True,True,True,,353,248
adho_mukha_y107_0020,adho_mukha,,Y107,holdout,unlabelled,,not stated by the host (web photographs); included for research and education,data/datasets/yoga107/adho_mukha_svanasana/020.jpg,True,True,True,,639,422
adho_mukha_y107_0021,adho_mukha,,Y107,train,unlabelled,,not stated by the host (web photographs); included for research and education,data/datasets/yoga107/adho_mukha_svanasana/021.jpg,True,True,True,,600,490
adho_mukha_y107_0022,adho_mukha,,Y107,train,unlabelled,,not stated by the host (web photographs); included for research and education,data/datasets/yoga107/adho_mukha_svanasana/022.jpg,True,True,True,,686,458
adho_mukha_y107_0023,adho_mukha,,Y107,train,unlabelled,,not stated by the host (web photographs); included for research and education,data/datasets/yoga107/adho_mukha_svanasana/023.jpg,True,True,True,,399,264
adho_mukha_y107_0024,adho_mukha,,Y107,holdout,unlabelled,,not stated by the host (web photographs); included for research and education,data/datasets/yoga107/adho_mukha_svanasana/024.jpg,True,True,True,,490,354
adho_mukha_y107_0025,adho_mukha,,Y107,train,unlabelled,,not stated by the host (web photographs); included for research and education,data/datasets/yoga107/adho_mukha_svanasana/025.jpg,True,True,True,,624,341
adho_mukha_y107_0026,adho_mukha,,Y107,train,unlabelled,,not stated by the host (web photographs); included for research and education,data/datasets/yoga107/adho_mukha_svanasana/026.jpg,True,True,True,,560,315
adho_mukha_y107_0027,adho_mukha,,Y107,train,unlabelled,,not stated by the host (web photographs); included for research and education,data/datasets/yoga107/adho_mukha_svanasana/027.jpg,True,True,True,,600,399
adho_mukha_y107_0028,adho_mukha,,Y107,holdout,unlabelled,,not stated by the host (web photographs); included for research and education,data/datasets/yoga107/adho_mukha_svanasana/028.jpg,True,True,True,,856,573
adho_mukha_y107_0029,adho_mukha,,Y107,train,unlabelled,,not stated by the host (web photographs); included for research and education,data/datasets/yoga107/adho_mukha_svanasana/029.jpg,True,True,True,,570,379
adho_mukha_y107_0030,adho_mukha,,Y107,train,unlabelled,,not stated by the host (web photographs); included for research and education,data/datasets/yoga107/adho_mukha_svanasana/030.jpg,True,True,True,,731,436
adho_mukha_y107_0031,adho_mukha,,Y107,train,unlabelled,,not stated by the host (web photographs); included for research and education,data/datasets/yoga107/adho_mukha_svanasana/031.jpg,True,True,True,,900,675
adho_mukha_y107_0032,adho_mukha,,Y107,holdout,unlabelled,,not stated by the host (web photographs); included for research and education,data/datasets/yoga107/adho_mukha_svanasana/032.jpg,True,True,True,,359,392
adho_mukha_y107_0033,adho_mukha,,Y107,train,unlabelled,,not stated by the host (web photographs); included for research and education,data/datasets/yoga107/adho_mukha_svanasana/033.jpg,True,True,True,,521,305
adho_mukha_y107_0034,adho_mukha,,Y107,train,unlabelled,,not stated by the host (web photographs); included for research and education,data/datasets/yoga107/adho_mukha_svanasana/034.jpg,True,True,True,,900,675
adho_mukha_y107_0035,adho_mukha,,Y107,train,unlabelled,,not stated by the host (web photographs); included for research and education,data/datasets/yoga107/adho_mukha_svanasana/035.jpg,True,True,True,,600,345
adho_mukha_y107_0036,adho_mukha,,Y107,holdout,unlabelled,,not stated by the host (web photographs); included for research and education,data/datasets/yoga107/adho_mukha_svanasana/036.jpg,True,True,True,,481,291
adho_mukha_y107_0037,adho_mukha,,Y107,train,unlabelled,,not stated by the host (web photographs); included for research and education,data/datasets/yoga107/adho_mukha_svanasana/037.jpg,True,True,True,,793,530
adho_mukha_y107_0038,adho_mukha,,Y107,train,unlabelled,,not stated by the host (web photographs); included for research and education,data/datasets/yoga107/adho_mukha_svanasana/038.jpg,True,True,True,,800,490
adho_mukha_y107_0039,adho_mukha,,Y107,train,unlabelled,,not stated by the host (web photographs); included for research and education,data/datasets/yoga107/adho_mukha_svanasana/039.jpg,True,True,True,,907,575
adho_mukha_y107_0040,adho_mukha,,Y107,holdout,unlabelled,,not stated by the host (web photographs); included for research and education,data/datasets/yoga107/adho_mukha_svanasana/040.jpg,True,True,True,,900,533
adho_mukha_y107_0041,adho_mukha,,Y107,train,unlabelled,,not stated by the host (web photographs); included for research and education,data/datasets/yoga107/adho_mukha_svanasana/041.jpg,True,True,True,,525,332
adho_mukha_y107_0042,adho_mukha,,Y107,train,unlabelled,,not stated by the host (web photographs); included for research and education,data/datasets/yoga107/adho_mukha_svanasana/042.jpg,True,True,True,,645,381
adho_mukha_y107_0043,adho_mukha,,Y107,train,unlabelled,,not stated by the host (web photographs); included for research and education,data/datasets/yoga107/adho_mukha_svanasana/043.jpg,True,True,True,,684,506
adho_mukha_y107_0044,adho_mukha,,Y107,holdout,unlabelled,,not stated by the host (web photographs); included for research and education,data/datasets/yoga107/adho_mukha_svanasana/044.jpg,True,True,True,,447,518
adho_mukha_y107_0045,adho_mukha,,Y107,train,unlabelled,,not stated by the host (web photographs); included for research and education,data/datasets/yoga107/adho_mukha_svanasana/045.jpg,True,True,True,,800,533
adho_mukha_y107_0046,adho_mukha,,Y107,train,unlabelled,,not stated by the host (web photographs); included for research and education,data/datasets/yoga107/adho_mukha_svanasana/046.jpg,True,True,True,,365,362
adho_mukha_y107_0047,adho_mukha,,Y107,train,unlabelled,,not stated by the host (web photographs); included for research and education,data/datasets/yoga107/adho_mukha_svanasana/047.jpg,True,True,True,,883,503
adho_mukha_y107_0048,adho_mukha,,Y107,holdout,unlabelled,,not stated by the host (web photographs); included for research and education,data/datasets/yoga107/adho_mukha_svanasana/048.jpg,True,True,True,,416,265
adho_mukha_y107_0049,adho_mukha,,Y107,train,unlabelled,,not stated by the host (web photographs); included for research and education,data/datasets/yoga107/adho_mukha_svanasana/049.jpg,True,True,True,,680,419
adho_mukha_y107_0050,adho_mukha,,Y107,train,unlabelled,,not stated by the host (web photographs); included for research and education,data/datasets/yoga107/adho_mukha_svanasana/050.jpg,True,True,True,,626,374
adho_mukha_y107_0051,adho_mukha,,Y107,train,unlabelled,,not stated by the host (web photographs); included for research and education,data/datasets/yoga107/adho_mukha_svanasana/051.jpg,True,True,True,,498,382
adho_mukha_y107_0052,adho_mukha,,Y107,holdout,unlabelled,,not stated by the host (web photographs); included for research and education,data/datasets/yoga107/adho_mukha_svanasana/052.jpg,True,True,True,,368,278
adho_mukha_y107_0053,adho_mukha,,Y107,train,unlabelled,,not stated by the host (web photographs); included for research and education,data/datasets/yoga107/adho_mukha_svanasana/053.jpg,True,True,True,,478,354
adho_mukha_y107_0054,adho_mukha,,Y107,train,unlabelled,,not stated by the host (web photographs); included for research and education,data/datasets/yoga107/adho_mukha_svanasana/054.jpg,True,True,True,,700,437
adho_mukha_y107_0055,adho_mukha,,Y107,train,unlabelled,,not stated by the host (web photographs); included for research and education,data/datasets/yoga107/adho_mukha_svanasana/055.jpg,True,True,True,,406,306
adho_mukha_y107_0056,adho_mukha,,Y107,holdout,unlabelled,,not stated by the host (web photographs); included for research and education,data/datasets/yoga107/adho_mukha_svanasana/056.jpg,True,True,True,,640,640
adho_mukha_y107_0057,adho_mukha,,Y107,train,unlabelled,,not stated by the host (web photographs); included for research and education,data/datasets/yoga107/adho_mukha_svanasana/057.jpg,True,True,True,,748,382
adho_mukha_y107_0058,adho_mukha,,Y107,train,unlabelled,,not stated by the host (web photographs); included for research and education,data/datasets/yoga107/adho_mukha_svanasana/058.jpg,True,True,True,,470,345
adho_mukha_y107_0059,adho_mukha,,Y107,train,unlabelled,,not stated by the host (web photographs); included for research and education,data/datasets/yoga107/adho_mukha_svanasana/059.jpg,True,True,True,,663,562
adho_mukha_y107_0060,adho_mukha,,Y107,holdout,unlabelled,,not stated by the host (web photographs); included for research and education,data/datasets/yoga107/adho_mukha_svanasana/060.jpg,True,True,True,,658,450
adho_mukha_y107_0061,adho_mukha,,Y107,train,unlabelled,,not stated by the host (web photographs); included for research and education,data/datasets/yoga107/adho_mukha_svanasana/061.jpg,True,True,True,,1002,708
adho_mukha_y107_0062,adho_mukha,,Y107,train,unlabelled,,not stated by the host (web photographs); included for research and education,data/datasets/yoga107/adho_mukha_svanasana/062.jpg,True,True,True,,740,538
adho_mukha_y107_0063,adho_mukha,,Y107,train,unlabelled,,not stated by the host (web photographs); included for research and education,data/datasets/yoga107/adho_mukha_svanasana/063.jpg,True,True,True,,375,210
adho_mukha_y107_0064,adho_mukha,,Y107,holdout,unlabelled,,not stated by the host (web photographs); included for research and education,data/datasets/yoga107/adho_mukha_svanasana/064.jpg,True,True,True,,358,238
adho_mukha_y107_0065,adho_mukha,,Y107,train,unlabelled,,not stated by the host (web photographs); included for research and education,data/datasets/yoga107/adho_mukha_svanasana/065.jpg,True,True,True,,600,424
adho_mukha_y107_0066,adho_mukha,,Y107,train,unlabelled,,not stated by the host (web photographs); included for research and education,data/datasets/yoga107/adho_mukha_svanasana/066.jpg,True,True,True,,612,553
adho_mukha_y107_0067,adho_mukha,,Y107,train,unlabelled,,not stated by the host (web photographs); included for research and education,data/datasets/yoga107/adho_mukha_svanasana/067.jpg,True,True,True,,846,476
adho_mukha_y107_0068,adho_mukha,,Y107,holdout,unlabelled,,not stated by the host (web photographs); included for research and education,data/datasets/yoga107/adho_mukha_svanasana/068.jpg,True,True,True,,496,370
adho_mukha_y107_0069,adho_mukha,,Y107,train,unlabelled,,not stated by the host (web photographs); included for research and education,data/datasets/yoga107/adho_mukha_svanasana/069.jpg,True,False,False,no person detected,754,394
bhujangasana_tf_0001,bhujangasana,,TF,test,unlabelled,,Apache-2.0,data/datasets/yoga_poses/test/cobra/guy3_cobra025.jpg,True,True,True,,300,300
bhujangasana_tf_0002,bhujangasana,,TF,test,unlabelled,,Apache-2.0,data/datasets/yoga_poses/test/cobra/guy3_cobra026.jpg,True,True,True,,300,300
bhujangasana_tf_0003,bhujangasana,,TF,test,unlabelled,,Apache-2.0,data/datasets/yoga_poses/test/cobra/guy3_cobra027.jpg,True,True,True,,300,300
bhujangasana_tf_0004,bhujangasana,,TF,test,unlabelled,,Apache-2.0,data/datasets/yoga_poses/test/cobra/guy3_cobra028.jpg,True,True,True,,300,300
bhujangasana_tf_0005,bhujangasana,,TF,test,unlabelled,,Apache-2.0,data/datasets/yoga_poses/test/cobra/guy3_cobra029.jpg,True,True,True,,300,300
bhujangasana_tf_0006,bhujangasana,,TF,test,unlabelled,,Apache-2.0,data/datasets/yoga_poses/test/cobra/guy3_cobra030.jpg,True,True,True,,300,300
bhujangasana_tf_0007,bhujangasana,,TF,test,unlabelled,,Apache-2.0,data/datasets/yoga_poses/test/cobra/guy3_cobra031.jpg,True,True,True,,300,300
bhujangasana_tf_0008,bhujangasana,,TF,test,unlabelled,,Apache-2.0,data/datasets/yoga_poses/test/cobra/guy3_cobra032.jpg,True,True,True,,300,300
bhujangasana_tf_0009,bhujangasana,,TF,test,unlabelled,,Apache-2.0,data/datasets/yoga_poses/test/cobra/guy3_cobra033.jpg,True,True,True,,300,300
bhujangasana_tf_0010,bhujangasana,,TF,test,unlabelled,,Apache-2.0,data/datasets/yoga_poses/test/cobra/guy3_cobra034.jpg,True,True,True,,300,300
bhujangasana_tf_0011,bhujangasana,,TF,test,unlabelled,,Apache-2.0,data/datasets/yoga_poses/test/cobra/guy3_cobra035.jpg,True,True,True,,300,300
bhujangasana_tf_0012,bhujangasana,,TF,test,unlabelled,,Apache-2.0,data/datasets/yoga_poses/test/cobra/guy3_cobra036.jpg,True,True,True,,300,300
bhujangasana_tf_0013,bhujangasana,,TF,test,unlabelled,,Apache-2.0,data/datasets/yoga_poses/test/cobra/guy3_cobra037.jpg,True,True,True,,300,300
bhujangasana_tf_0014,bhujangasana,,TF,test,unlabelled,,Apache-2.0,data/datasets/yoga_poses/test/cobra/guy3_cobra038.jpg,True,True,True,,300,300
bhujangasana_tf_0015,bhujangasana,,TF,test,unlabelled,,Apache-2.0,data/datasets/yoga_poses/test/cobra/guy3_cobra039.jpg,True,True,True,,300,300
bhujangasana_tf_0016,bhujangasana,,TF,test,unlabelled,,Apache-2.0,data/datasets/yoga_poses/test/cobra/guy3_cobra040.jpg,True,True,True,,300,300
bhujangasana_tf_0017,bhujangasana,,TF,test,unlabelled,,Apache-2.0,data/datasets/yoga_poses/test/cobra/guy3_cobra041.jpg,True,True,True,,300,300
bhujangasana_tf_0018,bhujangasana,,TF,test,unlabelled,,Apache-2.0,data/datasets/yoga_poses/test/cobra/guy3_cobra042.jpg,True,True,True,,300,300
bhujangasana_tf_0019,bhujangasana,,TF,test,unlabelled,,Apache-2.0,data/datasets/yoga_poses/test/cobra/guy3_cobra043.jpg,True,True,True,,300,300
bhujangasana_tf_0020,bhujangasana,,TF,test,unlabelled,,Apache-2.0,data/datasets/yoga_poses/test/cobra/guy3_cobra044.jpg,True,True,True,,300,300
bhujangasana_tf_0021,bhujangasana,,TF,test,unlabelled,,Apache-2.0,data/datasets/yoga_poses/test/cobra/guy3_cobra045.jpg,True,True,True,,300,300
bhujangasana_tf_0022,bhujangasana,,TF,test,unlabelled,,Apache-2.0,data/datasets/yoga_poses/test/cobra/guy3_cobra046.jpg,True,True,True,,300,300
bhujangasana_tf_0023,bhujangasana,,TF,test,unlabelled,,Apache-2.0,data/datasets/yoga_poses/test/cobra/guy3_cobra047.jpg,True,True,True,,300,300
bhujangasana_tf_0024,bhujangasana,,TF,test,unlabelled,,Apache-2.0,data/datasets/yoga_poses/test/cobra/guy3_cobra048.jpg,True,True,True,,300,300
bhujangasana_tf_0025,bhujangasana,,TF,test,unlabelled,,Apache-2.0,data/datasets/yoga_poses/test/cobra/guy3_cobra049.jpg,True,True,True,,300,300
bhujangasana_tf_0026,bhujangasana,,TF,test,unlabelled,,Apache-2.0,data/datasets/yoga_poses/test/cobra/guy3_cobra050.jpg,True,True,True,,300,300
bhujangasana_tf_0027,bhujangasana,,TF,test,unlabelled,,Apache-2.0,data/datasets/yoga_poses/test/cobra/guy3_cobra051.jpg,True,True,True,,300,300
bhujangasana_tf_0028,bhujangasana,,TF,test,unlabelled,,Apache-2.0,data/datasets/yoga_poses/test/cobra/guy3_cobra052.jpg,True,True,True,,300,300
bhujangasana_tf_0029,bhujangasana,,TF,test,unlabelled,,Apache-2.0,data/datasets/yoga_poses/test/cobra/guy3_cobra053.jpg,True,True,True,,300,300
bhujangasana_tf_0030,bhujangasana,,TF,test,unlabelled,,Apache-2.0,data/datasets/yoga_poses/test/cobra/guy3_cobra054.jpg,True,True,True,,300,300
bhujangasana_tf_0031,bhujangasana,,TF,test,unlabelled,,Apache-2.0,data/datasets/yoga_poses/test/cobra/guy3_cobra055.jpg,True,True,True,,300,300
bhujangasana_tf_0032,bhujangasana,,TF,test,unlabelled,,Apache-2.0,data/datasets/yoga_poses/test/cobra/guy3_cobra056.jpg,True,True,True,,300,300
bhujangasana_tf_0033,bhujangasana,,TF,test,unlabelled,,Apache-2.0,data/datasets/yoga_poses/test/cobra/guy3_cobra057.jpg,True,True,True,,300,300
bhujangasana_tf_0034,bhujangasana,,TF,test,unlabelled,,Apache-2.0,data/datasets/yoga_poses/test/cobra/guy3_cobra058.jpg,True,True,True,,300,300
bhujangasana_tf_0035,bhujangasana,,TF,test,unlabelled,,Apache-2.0,data/datasets/yoga_poses/test/cobra/guy3_cobra059.jpg,True,True,True,,300,300
bhujangasana_tf_0036,bhujangasana,,TF,test,unlabelled,,Apache-2.0,data/datasets/yoga_poses/test/cobra/guy3_cobra060.jpg,True,True,True,,300,300
bhujangasana_tf_0037,bhujangasana,,TF,test,unlabelled,,Apache-2.0,data/datasets/yoga_poses/test/cobra/guy3_cobra061.jpg,True,True,True,,300,300
bhujangasana_tf_0038,bhujangasana,,TF,test,unlabelled,,Apache-2.0,data/datasets/yoga_poses/test/cobra/guy3_cobra062.jpg,True,True,True,,300,300
bhujangasana_tf_0039,bhujangasana,,TF,test,unlabelled,,Apache-2.0,data/datasets/yoga_poses/test/cobra/guy3_cobra063.jpg,True,True,True,,300,300
bhujangasana_tf_0040,bhujangasana,,TF,test,unlabelled,,Apache-2.0,data/datasets/yoga_poses/test/cobra/guy3_cobra064.jpg,True,True,True,,300,300
bhujangasana_tf_0041,bhujangasana,,TF,test,unlabelled,,Apache-2.0,data/datasets/yoga_poses/test/cobra/guy3_cobra065.jpg,True,True,True,,300,300
bhujangasana_tf_0042,bhujangasana,,TF,test,unlabelled,,Apache-2.0,data/datasets/yoga_poses/test/cobra/guy3_cobra066.jpg,True,True,True,,300,300
bhujangasana_tf_0043,bhujangasana,,TF,test,unlabelled,,Apache-2.0,data/datasets/yoga_poses/test/cobra/guy3_cobra067.jpg,True,True,True,,300,300
bhujangasana_tf_0044,bhujangasana,,TF,test,unlabelled,,Apache-2.0,data/datasets/yoga_poses/test/cobra/guy3_cobra068.jpg,True,True,True,,300,300
bhujangasana_tf_0045,bhujangasana,,TF,test,unlabelled,,Apache-2.0,data/datasets/yoga_poses/test/cobra/guy3_cobra069.jpg,True,True,True,,300,300
bhujangasana_tf_0046,bhujangasana,,TF,test,unlabelled,,Apache-2.0,data/datasets/yoga_poses/test/cobra/guy3_cobra070.jpg,True,True,True,,300,300
bhujangasana_tf_0047,bhujangasana,,TF,test,unlabelled,,Apache-2.0,data/datasets/yoga_poses/test/cobra/guy3_cobra071.jpg,True,True,True,,300,300
bhujangasana_tf_0048,bhujangasana,,TF,test,unlabelled,,Apache-2.0,data/datasets/yoga_poses/test/cobra/guy3_cobra072.jpg,True,True,True,,300,300
bhujangasana_tf_0049,bhujangasana,,TF,test,unlabelled,,Apache-2.0,data/datasets/yoga_poses/test/cobra/guy3_cobra073.jpg,True,True,True,,300,300
bhujangasana_tf_0050,bhujangasana,,TF,test,unlabelled,,Apache-2.0,data/datasets/yoga_poses/test/cobra/guy3_cobra074.jpg,True,True,True,,300,300
bhujangasana_tf_0051,bhujangasana,,TF,test,unlabelled,,Apache-2.0,data/datasets/yoga_poses/test/cobra/guy3_cobra075.jpg,True,True,True,,300,300
bhujangasana_tf_0052,bhujangasana,,TF,test,unlabelled,,Apache-2.0,data/datasets/yoga_poses/test/cobra/guy3_cobra076.jpg,True,True,True,,300,300
bhujangasana_tf_0053,bhujangasana,,TF,test,unlabelled,,Apache-2.0,data/datasets/yoga_poses/test/cobra/guy3_cobra077.jpg,True,True,True,,300,300
bhujangasana_tf_0054,bhujangasana,,TF,test,unlabelled,,Apache-2.0,data/datasets/yoga_poses/test/cobra/guy3_cobra078.jpg,True,True,True,,300,300
bhujangasana_tf_0055,bhujangasana,,TF,test,unlabelled,,Apache-2.0,data/datasets/yoga_poses/test/cobra/guy3_cobra079.jpg,True,True,True,,300,300
bhujangasana_tf_0056,bhujangasana,,TF,test,unlabelled,,Apache-2.0,data/datasets/yoga_poses/test/cobra/guy3_cobra080.jpg,True,True,True,,300,300
bhujangasana_tf_0057,bhujangasana,,TF,test,unlabelled,,Apache-2.0,data/datasets/yoga_poses/test/cobra/guy3_cobra081.jpg,True,True,True,,300,300
bhujangasana_tf_0058,bhujangasana,,TF,test,unlabelled,,Apache-2.0,data/datasets/yoga_poses/test/cobra/guy3_cobra082.jpg,True,True,True,,300,300
bhujangasana_tf_0059,bhujangasana,,TF,test,unlabelled,,Apache-2.0,data/datasets/yoga_poses/test/cobra/guy3_cobra083.jpg,True,True,True,,300,300
bhujangasana_tf_0060,bhujangasana,,TF,test,unlabelled,,Apache-2.0,data/datasets/yoga_poses/test/cobra/guy3_cobra084.jpg,True,True,True,,300,300
bhujangasana_tf_0061,bhujangasana,,TF,test,unlabelled,,Apache-2.0,data/datasets/yoga_poses/test/cobra/guy3_cobra085.jpg,True,True,True,,300,300
bhujangasana_tf_0062,bhujangasana,,TF,test,unlabelled,,Apache-2.0,data/datasets/yoga_poses/test/cobra/guy3_cobra086.jpg,True,True,True,,300,300
bhujangasana_tf_0063,bhujangasana,,TF,test,unlabelled,,Apache-2.0,data/datasets/yoga_poses/test/cobra/guy3_cobra087.jpg,True,True,True,,300,300
bhujangasana_tf_0064,bhujangasana,,TF,test,unlabelled,,Apache-2.0,data/datasets/yoga_poses/test/cobra/guy3_cobra088.jpg,True,True,True,,300,300
bhujangasana_tf_0065,bhujangasana,,TF,test,unlabelled,,Apache-2.0,data/datasets/yoga_poses/test/cobra/guy3_cobra089.jpg,True,True,True,,300,300
bhujangasana_tf_0066,bhujangasana,,TF,test,unlabelled,,Apache-2.0,data/datasets/yoga_poses/test/cobra/guy3_cobra090.jpg,True,True,True,,300,300
bhujangasana_tf_0067,bhujangasana,,TF,test,unlabelled,,Apache-2.0,data/datasets/yoga_poses/test/cobra/guy3_cobra091.jpg,True,True,True,,300,300
bhujangasana_tf_0068,bhujangasana,,TF,test,unlabelled,,Apache-2.0,data/datasets/yoga_poses/test/cobra/guy3_cobra092.jpg,True,True,True,,300,300
bhujangasana_tf_0069,bhujangasana,,TF,test,unlabelled,,Apache-2.0,data/datasets/yoga_poses/test/cobra/guy3_cobra093.jpg,True,True,True,,300,300
bhujangasana_tf_0070,bhujangasana,,TF,test,unlabelled,,Apache-2.0,data/datasets/yoga_poses/test/cobra/guy3_cobra094.jpg,True,True,True,,300,300
bhujangasana_tf_0071,bhujangasana,,TF,test,unlabelled,,Apache-2.0,data/datasets/yoga_poses/test/cobra/guy3_cobra095.jpg,True,True,True,,300,300
bhujangasana_tf_0072,bhujangasana,,TF,test,unlabelled,,Apache-2.0,data/datasets/yoga_poses/test/cobra/guy3_cobra096.jpg,True,True,True,,300,300
bhujangasana_tf_0073,bhujangasana,,TF,test,unlabelled,,Apache-2.0,data/datasets/yoga_poses/test/cobra/guy3_cobra097.jpg,True,True,True,,300,300
bhujangasana_tf_0074,bhujangasana,,TF,test,unlabelled,,Apache-2.0,data/datasets/yoga_poses/test/cobra/guy3_cobra098.jpg,True,True,True,,300,300
bhujangasana_tf_0075,bhujangasana,,TF,test,unlabelled,,Apache-2.0,data/datasets/yoga_poses/test/cobra/guy3_cobra099.jpg,True,True,True,,300,300
bhujangasana_tf_0076,bhujangasana,,TF,test,unlabelled,,Apache-2.0,data/datasets/yoga_poses/test/cobra/guy3_cobra100.jpg,True,True,True,,300,300
bhujangasana_tf_0077,bhujangasana,,TF,test,unlabelled,,Apache-2.0,data/datasets/yoga_poses/test/cobra/guy3_cobra101.jpg,True,True,True,,300,300
bhujangasana_tf_0078,bhujangasana,,TF,test,unlabelled,,Apache-2.0,data/datasets/yoga_poses/test/cobra/guy3_cobra102.jpg,True,True,True,,300,300
bhujangasana_tf_0079,bhujangasana,,TF,test,unlabelled,,Apache-2.0,data/datasets/yoga_poses/test/cobra/guy3_cobra103.jpg,True,True,True,,300,300
bhujangasana_tf_0080,bhujangasana,,TF,test,unlabelled,,Apache-2.0,data/datasets/yoga_poses/test/cobra/guy3_cobra104.jpg,True,True,True,,300,300
bhujangasana_tf_0081,bhujangasana,,TF,test,unlabelled,,Apache-2.0,data/datasets/yoga_poses/test/cobra/guy3_cobra105.jpg,True,True,True,,300,300
bhujangasana_tf_0082,bhujangasana,,TF,test,unlabelled,,Apache-2.0,data/datasets/yoga_poses/test/cobra/guy3_cobra106.jpg,True,True,True,,300,300
bhujangasana_tf_0083,bhujangasana,,TF,test,unlabelled,,Apache-2.0,data/datasets/yoga_poses/test/cobra/guy3_cobra107.jpg,True,True,True,,300,300
bhujangasana_tf_0084,bhujangasana,,TF,test,unlabelled,,Apache-2.0,data/datasets/yoga_poses/test/cobra/guy3_cobra108.jpg,True,True,True,,300,300
bhujangasana_tf_0085,bhujangasana,,TF,test,unlabelled,,Apache-2.0,data/datasets/yoga_poses/test/cobra/guy3_cobra109.jpg,True,True,True,,300,300
bhujangasana_tf_0086,bhujangasana,,TF,test,unlabelled,,Apache-2.0,data/datasets/yoga_poses/test/cobra/guy3_cobra110.jpg,True,True,True,,300,300
bhujangasana_tf_0087,bhujangasana,,TF,test,unlabelled,,Apache-2.0,data/datasets/yoga_poses/test/cobra/guy3_cobra111.jpg,True,True,True,,300,300
bhujangasana_tf_0088,bhujangasana,,TF,test,unlabelled,,Apache-2.0,data/datasets/yoga_poses/test/cobra/guy3_cobra112.jpg,True,True,True,,300,300
bhujangasana_tf_0089,bhujangasana,,TF,test,unlabelled,,Apache-2.0,data/datasets/yoga_poses/test/cobra/guy3_cobra113.jpg,True,True,True,,300,300
bhujangasana_tf_0090,bhujangasana,,TF,test,unlabelled,,Apache-2.0,data/datasets/yoga_poses/test/cobra/guy3_cobra114.jpg,True,True,True,,300,300
bhujangasana_tf_0091,bhujangasana,,TF,test,unlabelled,,Apache-2.0,data/datasets/yoga_poses/test/cobra/guy3_cobra115.jpg,True,True,True,,300,300
bhujangasana_tf_0092,bhujangasana,,TF,test,unlabelled,,Apache-2.0,data/datasets/yoga_poses/test/cobra/guy3_cobra116.jpg,True,True,True,,300,300
bhujangasana_tf_0093,bhujangasana,,TF,test,unlabelled,,Apache-2.0,data/datasets/yoga_poses/test/cobra/guy3_cobra117.jpg,True,True,True,,300,300
bhujangasana_tf_0094,bhujangasana,,TF,test,unlabelled,,Apache-2.0,data/datasets/yoga_poses/test/cobra/guy3_cobra118.jpg,True,True,True,,300,300
bhujangasana_tf_0095,bhujangasana,,TF,test,unlabelled,,Apache-2.0,data/datasets/yoga_poses/test/cobra/guy3_cobra119.jpg,True,True,True,,300,300
bhujangasana_tf_0096,bhujangasana,,TF,test,unlabelled,,Apache-2.0,data/datasets/yoga_poses/test/cobra/guy3_cobra120.jpg,True,True,True,,300,300
bhujangasana_tf_0097,bhujangasana,,TF,test,unlabelled,,Apache-2.0,data/datasets/yoga_poses/test/cobra/guy3_cobra121.jpg,True,True,True,,300,300
bhujangasana_tf_0098,bhujangasana,,TF,test,unlabelled,,Apache-2.0,data/datasets/yoga_poses/test/cobra/guy3_cobra122.jpg,True,True,True,,300,300
bhujangasana_tf_0099,bhujangasana,,TF,test,unlabelled,,Apache-2.0,data/datasets/yoga_poses/test/cobra/guy3_cobra123.jpg,True,True,True,,300,300
bhujangasana_tf_0100,bhujangasana,,TF,test,unlabelled,,Apache-2.0,data/datasets/yoga_poses/test/cobra/guy3_cobra124.jpg,True,True,True,,300,300
bhujangasana_tf_0101,bhujangasana,,TF,test,unlabelled,,Apache-2.0,data/datasets/yoga_poses/test/cobra/guy3_cobra125.jpg,True,True,True,,300,300
bhujangasana_tf_0102,bhujangasana,,TF,test,unlabelled,,Apache-2.0,data/datasets/yoga_poses/test/cobra/guy3_cobra126.jpg,True,True,True,,300,300
bhujangasana_tf_0103,bhujangasana,,TF,test,unlabelled,,Apache-2.0,data/datasets/yoga_poses/test/cobra/guy3_cobra127.jpg,True,True,True,,300,300
bhujangasana_tf_0104,bhujangasana,,TF,test,unlabelled,,Apache-2.0,data/datasets/yoga_poses/test/cobra/guy3_cobra128.jpg,True,True,True,,300,300
bhujangasana_tf_0105,bhujangasana,,TF,test,unlabelled,,Apache-2.0,data/datasets/yoga_poses/test/cobra/guy3_cobra129.jpg,True,True,True,,300,300
bhujangasana_tf_0106,bhujangasana,,TF,test,unlabelled,,Apache-2.0,data/datasets/yoga_poses/test/cobra/guy3_cobra130.jpg,True,True,True,,300,300
bhujangasana_tf_0107,bhujangasana,,TF,test,unlabelled,,Apache-2.0,data/datasets/yoga_poses/test/cobra/guy3_cobra131.jpg,True,True,True,,300,300
bhujangasana_tf_0108,bhujangasana,,TF,test,unlabelled,,Apache-2.0,data/datasets/yoga_poses/test/cobra/guy3_cobra132.jpg,True,True,True,,300,300
bhujangasana_tf_0109,bhujangasana,,TF,test,unlabelled,,Apache-2.0,data/datasets/yoga_poses/test/cobra/guy3_cobra133.jpg,True,True,True,,300,300
bhujangasana_tf_0110,bhujangasana,,TF,test,unlabelled,,Apache-2.0,data/datasets/yoga_poses/test/cobra/guy3_cobra134.jpg,True,True,True,,300,300
bhujangasana_tf_0111,bhujangasana,,TF,test,unlabelled,,Apache-2.0,data/datasets/yoga_poses/test/cobra/guy3_cobra135.jpg,True,True,True,,300,300
bhujangasana_tf_0112,bhujangasana,,TF,test,unlabelled,,Apache-2.0,data/datasets/yoga_poses/test/cobra/guy3_cobra136.jpg,True,True,True,,300,300
bhujangasana_tf_0113,bhujangasana,,TF,test,unlabelled,,Apache-2.0,data/datasets/yoga_poses/test/cobra/guy3_cobra137.jpg,True,True,True,,300,300
bhujangasana_tf_0114,bhujangasana,,TF,test,unlabelled,,Apache-2.0,data/datasets/yoga_poses/test/cobra/guy3_cobra138.jpg,True,True,True,,300,300
bhujangasana_tf_0115,bhujangasana,,TF,test,unlabelled,,Apache-2.0,data/datasets/yoga_poses/test/cobra/guy3_cobra139.jpg,True,True,True,,300,300
bhujangasana_tf_0116,bhujangasana,,TF,test,unlabelled,,Apache-2.0,data/datasets/yoga_poses/test/cobra/guy3_cobra140.jpg,True,True,True,,300,300
bhujangasana_tf_0117,bhujangasana,,TF,train,unlabelled,,Apache-2.0,data/datasets/yoga_poses/train/cobra/girl1_cobra026.jpg,True,True,True,,300,300
bhujangasana_tf_0118,bhujangasana,,TF,train,unlabelled,,Apache-2.0,data/datasets/yoga_poses/train/cobra/girl1_cobra029.jpg,True,True,True,,300,300
bhujangasana_tf_0119,bhujangasana,,TF,train,unlabelled,,Apache-2.0,data/datasets/yoga_poses/train/cobra/girl1_cobra030.jpg,True,True,True,,300,300
bhujangasana_tf_0120,bhujangasana,,TF,train,unlabelled,,Apache-2.0,data/datasets/yoga_poses/train/cobra/girl1_cobra038.jpg,True,True,True,,300,300
bhujangasana_tf_0121,bhujangasana,,TF,train,unlabelled,,Apache-2.0,data/datasets/yoga_poses/train/cobra/girl1_cobra040.jpg,True,True,True,,300,300
bhujangasana_tf_0122,bhujangasana,,TF,train,unlabelled,,Apache-2.0,data/datasets/yoga_poses/train/cobra/girl1_cobra041.jpg,True,True,True,,300,300
bhujangasana_tf_0123,bhujangasana,,TF,train,unlabelled,,Apache-2.0,data/datasets/yoga_poses/train/cobra/girl1_cobra048.jpg,True,True,True,,300,300
bhujangasana_tf_0124,bhujangasana,,TF,train,unlabelled,,Apache-2.0,data/datasets/yoga_poses/train/cobra/girl1_cobra050.jpg,True,True,True,,300,300
bhujangasana_tf_0125,bhujangasana,,TF,train,unlabelled,,Apache-2.0,data/datasets/yoga_poses/train/cobra/girl1_cobra051.jpg,True,True,True,,300,300
bhujangasana_tf_0126,bhujangasana,,TF,train,unlabelled,,Apache-2.0,data/datasets/yoga_poses/train/cobra/girl1_cobra055.jpg,True,True,True,,300,300
bhujangasana_tf_0127,bhujangasana,,TF,train,unlabelled,,Apache-2.0,data/datasets/yoga_poses/train/cobra/girl1_cobra059.jpg,True,True,True,,300,300
bhujangasana_tf_0128,bhujangasana,,TF,train,unlabelled,,Apache-2.0,data/datasets/yoga_poses/train/cobra/girl1_cobra061.jpg,True,True,True,,300,300
bhujangasana_tf_0129,bhujangasana,,TF,train,unlabelled,,Apache-2.0,data/datasets/yoga_poses/train/cobra/girl1_cobra068.jpg,True,True,True,,300,300
bhujangasana_tf_0130,bhujangasana,,TF,train,unlabelled,,Apache-2.0,data/datasets/yoga_poses/train/cobra/girl1_cobra070.jpg,True,True,True,,300,300
bhujangasana_tf_0131,bhujangasana,,TF,train,unlabelled,,Apache-2.0,data/datasets/yoga_poses/train/cobra/girl1_cobra073.jpg,True,True,True,,300,300
bhujangasana_tf_0132,bhujangasana,,TF,train,unlabelled,,Apache-2.0,data/datasets/yoga_poses/train/cobra/girl1_cobra078.jpg,True,True,True,,300,300
bhujangasana_tf_0133,bhujangasana,,TF,train,unlabelled,,Apache-2.0,data/datasets/yoga_poses/train/cobra/girl1_cobra081.jpg,True,True,True,,300,300
bhujangasana_tf_0134,bhujangasana,,TF,train,unlabelled,,Apache-2.0,data/datasets/yoga_poses/train/cobra/girl1_cobra087.jpg,True,True,True,,300,300
bhujangasana_tf_0135,bhujangasana,,TF,train,unlabelled,,Apache-2.0,data/datasets/yoga_poses/train/cobra/girl1_cobra088.jpg,True,True,True,,300,300
bhujangasana_tf_0136,bhujangasana,,TF,train,unlabelled,,Apache-2.0,data/datasets/yoga_poses/train/cobra/girl1_cobra089.jpg,True,True,True,,300,300
bhujangasana_tf_0137,bhujangasana,,TF,train,unlabelled,,Apache-2.0,data/datasets/yoga_poses/train/cobra/girl1_cobra090.jpg,True,True,True,,300,300
bhujangasana_tf_0138,bhujangasana,,TF,train,unlabelled,,Apache-2.0,data/datasets/yoga_poses/train/cobra/girl1_cobra091.jpg,True,True,True,,300,300
bhujangasana_tf_0139,bhujangasana,,TF,train,unlabelled,,Apache-2.0,data/datasets/yoga_poses/train/cobra/girl1_cobra092.jpg,True,True,True,,300,300
bhujangasana_tf_0140,bhujangasana,,TF,train,unlabelled,,Apache-2.0,data/datasets/yoga_poses/train/cobra/girl1_cobra093.jpg,True,True,True,,300,300
bhujangasana_tf_0141,bhujangasana,,TF,train,unlabelled,,Apache-2.0,data/datasets/yoga_poses/train/cobra/girl1_cobra094.jpg,True,True,True,,300,300
bhujangasana_tf_0142,bhujangasana,,TF,train,unlabelled,,Apache-2.0,data/datasets/yoga_poses/train/cobra/girl1_cobra096.jpg,True,True,True,,300,300
bhujangasana_tf_0143,bhujangasana,,TF,train,unlabelled,,Apache-2.0,data/datasets/yoga_poses/train/cobra/girl1_cobra099.jpg,True,True,True,,300,300
bhujangasana_tf_0144,bhujangasana,,TF,train,unlabelled,,Apache-2.0,data/datasets/yoga_poses/train/cobra/girl1_cobra102.jpg,True,True,True,,300,300
bhujangasana_tf_0145,bhujangasana,,TF,train,unlabelled,,Apache-2.0,data/datasets/yoga_poses/train/cobra/girl1_cobra110.jpg,True,True,True,,300,300
bhujangasana_tf_0146,bhujangasana,,TF,train,unlabelled,,Apache-2.0,data/datasets/yoga_poses/train/cobra/girl1_cobra112.jpg,True,True,True,,300,300
bhujangasana_tf_0147,bhujangasana,,TF,train,unlabelled,,Apache-2.0,data/datasets/yoga_poses/train/cobra/girl1_cobra115.jpg,True,True,True,,300,300
bhujangasana_tf_0148,bhujangasana,,TF,train,unlabelled,,Apache-2.0,data/datasets/yoga_poses/train/cobra/girl1_cobra119.jpg,True,True,True,,300,300
bhujangasana_tf_0149,bhujangasana,,TF,train,unlabelled,,Apache-2.0,data/datasets/yoga_poses/train/cobra/girl1_cobra122.jpg,True,True,True,,300,300
bhujangasana_tf_0150,bhujangasana,,TF,train,unlabelled,,Apache-2.0,data/datasets/yoga_poses/train/cobra/girl1_cobra128.jpg,True,True,True,,300,300
bhujangasana_tf_0151,bhujangasana,,TF,train,unlabelled,,Apache-2.0,data/datasets/yoga_poses/train/cobra/girl1_cobra129.jpg,True,True,True,,300,300
bhujangasana_tf_0152,bhujangasana,,TF,train,unlabelled,,Apache-2.0,data/datasets/yoga_poses/train/cobra/girl1_cobra136.jpg,True,True,True,,300,300
bhujangasana_tf_0153,bhujangasana,,TF,train,unlabelled,,Apache-2.0,data/datasets/yoga_poses/train/cobra/girl1_cobra137.jpg,True,True,True,,300,300
bhujangasana_tf_0154,bhujangasana,,TF,train,unlabelled,,Apache-2.0,data/datasets/yoga_poses/train/cobra/girl1_cobra140.jpg,True,True,True,,300,300
bhujangasana_tf_0155,bhujangasana,,TF,train,unlabelled,,Apache-2.0,data/datasets/yoga_poses/train/cobra/girl2_cobra029.jpg,True,True,True,,300,300
bhujangasana_tf_0156,bhujangasana,,TF,train,unlabelled,,Apache-2.0,data/datasets/yoga_poses/train/cobra/girl2_cobra030.jpg,True,True,True,,300,300
bhujangasana_tf_0157,bhujangasana,,TF,train,unlabelled,,Apache-2.0,data/datasets/yoga_poses/train/cobra/girl2_cobra033.jpg,True,True,True,,300,300
bhujangasana_tf_0158,bhujangasana,,TF,train,unlabelled,,Apache-2.0,data/datasets/yoga_poses/train/cobra/girl2_cobra035.jpg,True,True,True,,300,300
bhujangasana_tf_0159,bhujangasana,,TF,train,unlabelled,,Apache-2.0,data/datasets/yoga_poses/train/cobra/girl2_cobra040.jpg,True,True,True,,300,300
bhujangasana_tf_0160,bhujangasana,,TF,train,unlabelled,,Apache-2.0,data/datasets/yoga_poses/train/cobra/girl2_cobra041.jpg,True,True,True,,300,300
bhujangasana_tf_0161,bhujangasana,,TF,train,unlabelled,,Apache-2.0,data/datasets/yoga_poses/train/cobra/girl2_cobra042.jpg,True,True,True,,300,300
bhujangasana_tf_0162,bhujangasana,,TF,train,unlabelled,,Apache-2.0,data/datasets/yoga_poses/train/cobra/girl2_cobra044.jpg,True,True,True,,300,300
bhujangasana_tf_0163,bhujangasana,,TF,train,unlabelled,,Apache-2.0,data/datasets/yoga_poses/train/cobra/girl2_cobra045.jpg,True,True,True,,300,300
bhujangasana_tf_0164,bhujangasana,,TF,train,unlabelled,,Apache-2.0,data/datasets/yoga_poses/train/cobra/girl2_cobra046.jpg,True,True,True,,300,300
bhujangasana_tf_0165,bhujangasana,,TF,train,unlabelled,,Apache-2.0,data/datasets/yoga_poses/train/cobra/girl2_cobra050.jpg,True,True,True,,300,300
bhujangasana_tf_0166,bhujangasana,,TF,train,unlabelled,,Apache-2.0,data/datasets/yoga_poses/train/cobra/girl2_cobra051.jpg,True,True,True,,300,300
bhujangasana_tf_0167,bhujangasana,,TF,train,unlabelled,,Apache-2.0,data/datasets/yoga_poses/train/cobra/girl2_cobra052.jpg,True,True,True,,300,300
bhujangasana_tf_0168,bhujangasana,,TF,train,unlabelled,,Apache-2.0,data/datasets/yoga_poses/train/cobra/girl2_cobra053.jpg,True,True,True,,300,300
bhujangasana_tf_0169,bhujangasana,,TF,train,unlabelled,,Apache-2.0,data/datasets/yoga_poses/train/cobra/girl2_cobra055.jpg,True,True,True,,300,300
bhujangasana_tf_0170,bhujangasana,,TF,train,unlabelled,,Apache-2.0,data/datasets/yoga_poses/train/cobra/girl2_cobra056.jpg,True,True,True,,300,300
bhujangasana_tf_0171,bhujangasana,,TF,train,unlabelled,,Apache-2.0,data/datasets/yoga_poses/train/cobra/girl2_cobra060.jpg,True,True,True,,300,300
bhujangasana_tf_0172,bhujangasana,,TF,train,unlabelled,,Apache-2.0,data/datasets/yoga_poses/train/cobra/girl2_cobra064.jpg,True,True,True,,300,300
bhujangasana_tf_0173,bhujangasana,,TF,train,unlabelled,,Apache-2.0,data/datasets/yoga_poses/train/cobra/girl2_cobra069.jpg,True,True,True,,300,300
bhujangasana_tf_0174,bhujangasana,,TF,train,unlabelled,,Apache-2.0,data/datasets/yoga_poses/train/cobra/girl2_cobra075.jpg,True,True,True,,300,300
bhujangasana_tf_0175,bhujangasana,,TF,train,unlabelled,,Apache-2.0,data/datasets/yoga_poses/train/cobra/girl2_cobra078.jpg,True,True,True,,300,300
bhujangasana_tf_0176,bhujangasana,,TF,train,unlabelled,,Apache-2.0,data/datasets/yoga_poses/train/cobra/girl2_cobra081.jpg,True,True,True,,300,300
bhujangasana_tf_0177,bhujangasana,,TF,train,unlabelled,,Apache-2.0,data/datasets/yoga_poses/train/cobra/girl2_cobra082.jpg,True,True,True,,300,300
bhujangasana_tf_0178,bhujangasana,,TF,train,unlabelled,,Apache-2.0,data/datasets/yoga_poses/train/cobra/girl2_cobra084.jpg,True,True,True,,300,300
bhujangasana_tf_0179,bhujangasana,,TF,train,unlabelled,,Apache-2.0,data/datasets/yoga_poses/train/cobra/girl2_cobra085.jpg,True,True,True,,300,300
bhujangasana_tf_0180,bhujangasana,,TF,train,unlabelled,,Apache-2.0,data/datasets/yoga_poses/train/cobra/girl2_cobra089.jpg,True,True,True,,300,300
bhujangasana_tf_0181,bhujangasana,,TF,train,unlabelled,,Apache-2.0,data/datasets/yoga_poses/train/cobra/girl2_cobra091.jpg,True,True,True,,300,300
bhujangasana_tf_0182,bhujangasana,,TF,train,unlabelled,,Apache-2.0,data/datasets/yoga_poses/train/cobra/girl2_cobra092.jpg,True,True,True,,300,300
bhujangasana_tf_0183,bhujangasana,,TF,train,unlabelled,,Apache-2.0,data/datasets/yoga_poses/train/cobra/girl2_cobra095.jpg,True,True,True,,300,300
bhujangasana_tf_0184,bhujangasana,,TF,train,unlabelled,,Apache-2.0,data/datasets/yoga_poses/train/cobra/girl2_cobra103.jpg,True,True,True,,300,300
bhujangasana_tf_0185,bhujangasana,,TF,train,unlabelled,,Apache-2.0,data/datasets/yoga_poses/train/cobra/girl2_cobra107.jpg,True,True,True,,300,300
bhujangasana_tf_0186,bhujangasana,,TF,train,unlabelled,,Apache-2.0,data/datasets/yoga_poses/train/cobra/girl2_cobra108.jpg,True,True,True,,300,300
bhujangasana_tf_0187,bhujangasana,,TF,train,unlabelled,,Apache-2.0,data/datasets/yoga_poses/train/cobra/girl2_cobra109.jpg,True,True,True,,300,300
bhujangasana_tf_0188,bhujangasana,,TF,train,unlabelled,,Apache-2.0,data/datasets/yoga_poses/train/cobra/girl2_cobra117.jpg,True,True,True,,300,300
bhujangasana_tf_0189,bhujangasana,,TF,train,unlabelled,,Apache-2.0,data/datasets/yoga_poses/train/cobra/girl2_cobra120.jpg,True,True,True,,300,300
bhujangasana_tf_0190,bhujangasana,,TF,train,unlabelled,,Apache-2.0,data/datasets/yoga_poses/train/cobra/girl2_cobra122.jpg,True,True,True,,300,300
bhujangasana_tf_0191,bhujangasana,,TF,train,unlabelled,,Apache-2.0,data/datasets/yoga_poses/train/cobra/girl2_cobra127.jpg,True,True,True,,300,300
bhujangasana_tf_0192,bhujangasana,,TF,train,unlabelled,,Apache-2.0,data/datasets/yoga_poses/train/cobra/girl2_cobra129.jpg,True,True,True,,300,300
bhujangasana_tf_0193,bhujangasana,,TF,train,unlabelled,,Apache-2.0,data/datasets/yoga_poses/train/cobra/girl2_cobra130.jpg,True,True,True,,300,300
bhujangasana_tf_0194,bhujangasana,,TF,train,unlabelled,,Apache-2.0,data/datasets/yoga_poses/train/cobra/girl2_cobra133.jpg,True,True,True,,300,300
bhujangasana_tf_0195,bhujangasana,,TF,train,unlabelled,,Apache-2.0,data/datasets/yoga_poses/train/cobra/girl2_cobra136.jpg,True,True,True,,300,300
bhujangasana_tf_0196,bhujangasana,,TF,train,unlabelled,,Apache-2.0,data/datasets/yoga_poses/train/cobra/girl2_cobra140.jpg,True,True,True,,300,300
bhujangasana_tf_0197,bhujangasana,,TF,train,unlabelled,,Apache-2.0,data/datasets/yoga_poses/train/cobra/girl3_cobra028.jpg,True,True,True,,300,300
bhujangasana_tf_0198,bhujangasana,,TF,train,unlabelled,,Apache-2.0,data/datasets/yoga_poses/train/cobra/girl3_cobra030.jpg,True,True,True,,300,300
bhujangasana_tf_0199,bhujangasana,,TF,train,unlabelled,,Apache-2.0,data/datasets/yoga_poses/train/cobra/girl3_cobra032.jpg,True,True,True,,300,300
bhujangasana_tf_0200,bhujangasana,,TF,train,unlabelled,,Apache-2.0,data/datasets/yoga_poses/train/cobra/girl3_cobra039.jpg,True,True,True,,300,300
bhujangasana_tf_0201,bhujangasana,,TF,train,unlabelled,,Apache-2.0,data/datasets/yoga_poses/train/cobra/girl3_cobra040.jpg,True,True,True,,300,300
bhujangasana_tf_0202,bhujangasana,,TF,train,unlabelled,,Apache-2.0,data/datasets/yoga_poses/train/cobra/girl3_cobra051.jpg,True,True,True,,300,300
bhujangasana_tf_0203,bhujangasana,,TF,train,unlabelled,,Apache-2.0,data/datasets/yoga_poses/train/cobra/girl3_cobra052.jpg,True,True,True,,300,300
bhujangasana_tf_0204,bhujangasana,,TF,train,unlabelled,,Apache-2.0,data/datasets/yoga_poses/train/cobra/girl3_cobra058.jpg,True,True,True,,300,300
bhujangasana_tf_0205,bhujangasana,,TF,train,unlabelled,,Apache-2.0,data/datasets/yoga_poses/train/cobra/girl3_cobra060.jpg,True,True,True,,300,300
bhujangasana_tf_0206,bhujangasana,,TF,train,unlabelled,,Apache-2.0,data/datasets/yoga_poses/train/cobra/girl3_cobra062.jpg,True,True,True,,300,300
bhujangasana_tf_0207,bhujangasana,,TF,train,unlabelled,,Apache-2.0,data/datasets/yoga_poses/train/cobra/girl3_cobra064.jpg,True,True,True,,300,300
bhujangasana_tf_0208,bhujangasana,,TF,train,unlabelled,,Apache-2.0,data/datasets/yoga_poses/train/cobra/girl3_cobra068.jpg,True,True,True,,300,300
bhujangasana_tf_0209,bhujangasana,,TF,train,unlabelled,,Apache-2.0,data/datasets/yoga_poses/train/cobra/girl3_cobra072.jpg,True,False,False,no person detected,300,300
bhujangasana_tf_0210,bhujangasana,,TF,train,unlabelled,,Apache-2.0,data/datasets/yoga_poses/train/cobra/girl3_cobra076.jpg,True,True,True,,300,300
bhujangasana_tf_0211,bhujangasana,,TF,train,unlabelled,,Apache-2.0,data/datasets/yoga_poses/train/cobra/girl3_cobra078.jpg,True,False,False,no person detected,300,300
bhujangasana_tf_0212,bhujangasana,,TF,train,unlabelled,,Apache-2.0,data/datasets/yoga_poses/train/cobra/girl3_cobra079.jpg,True,False,False,no person detected,300,300
bhujangasana_tf_0213,bhujangasana,,TF,train,unlabelled,,Apache-2.0,data/datasets/yoga_poses/train/cobra/girl3_cobra082.jpg,True,False,False,no person detected,300,300
bhujangasana_tf_0214,bhujangasana,,TF,train,unlabelled,,Apache-2.0,data/datasets/yoga_poses/train/cobra/girl3_cobra088.jpg,True,False,False,no person detected,300,300
bhujangasana_tf_0215,bhujangasana,,TF,train,unlabelled,,Apache-2.0,data/datasets/yoga_poses/train/cobra/girl3_cobra092.jpg,True,False,False,no person detected,300,300
bhujangasana_tf_0216,bhujangasana,,TF,train,unlabelled,,Apache-2.0,data/datasets/yoga_poses/train/cobra/girl3_cobra094.jpg,True,False,False,no person detected,300,300
bhujangasana_tf_0217,bhujangasana,,TF,train,unlabelled,,Apache-2.0,data/datasets/yoga_poses/train/cobra/girl3_cobra096.jpg,True,True,True,,300,300
bhujangasana_tf_0218,bhujangasana,,TF,train,unlabelled,,Apache-2.0,data/datasets/yoga_poses/train/cobra/girl3_cobra097.jpg,True,True,True,,300,300
bhujangasana_tf_0219,bhujangasana,,TF,train,unlabelled,,Apache-2.0,data/datasets/yoga_poses/train/cobra/girl3_cobra098.jpg,True,True,True,,300,300
bhujangasana_tf_0220,bhujangasana,,TF,train,unlabelled,,Apache-2.0,data/datasets/yoga_poses/train/cobra/girl3_cobra099.jpg,True,True,True,,300,300
bhujangasana_tf_0221,bhujangasana,,TF,train,unlabelled,,Apache-2.0,data/datasets/yoga_poses/train/cobra/girl3_cobra101.jpg,True,True,True,,300,300
bhujangasana_tf_0222,bhujangasana,,TF,train,unlabelled,,Apache-2.0,data/datasets/yoga_poses/train/cobra/girl3_cobra107.jpg,True,False,False,no person detected,300,300
bhujangasana_tf_0223,bhujangasana,,TF,train,unlabelled,,Apache-2.0,data/datasets/yoga_poses/train/cobra/girl3_cobra116.jpg,True,True,True,,300,300
bhujangasana_tf_0224,bhujangasana,,TF,train,unlabelled,,Apache-2.0,data/datasets/yoga_poses/train/cobra/girl3_cobra117.jpg,True,True,True,,300,300
bhujangasana_tf_0225,bhujangasana,,TF,train,unlabelled,,Apache-2.0,data/datasets/yoga_poses/train/cobra/girl3_cobra118.jpg,True,True,True,,300,300
bhujangasana_tf_0226,bhujangasana,,TF,train,unlabelled,,Apache-2.0,data/datasets/yoga_poses/train/cobra/girl3_cobra120.jpg,True,True,True,,300,300
bhujangasana_tf_0227,bhujangasana,,TF,train,unlabelled,,Apache-2.0,data/datasets/yoga_poses/train/cobra/girl3_cobra123.jpg,True,True,True,,300,300
bhujangasana_tf_0228,bhujangasana,,TF,train,unlabelled,,Apache-2.0,data/datasets/yoga_poses/train/cobra/girl3_cobra125.jpg,True,True,True,,300,300
bhujangasana_tf_0229,bhujangasana,,TF,train,unlabelled,,Apache-2.0,data/datasets/yoga_poses/train/cobra/girl3_cobra126.jpg,True,True,True,,300,300
bhujangasana_tf_0230,bhujangasana,,TF,train,unlabelled,,Apache-2.0,data/datasets/yoga_poses/train/cobra/girl3_cobra129.jpg,True,True,True,,300,300
bhujangasana_tf_0231,bhujangasana,,TF,train,unlabelled,,Apache-2.0,data/datasets/yoga_poses/train/cobra/girl3_cobra130.jpg,True,True,True,,300,300
bhujangasana_tf_0232,bhujangasana,,TF,train,unlabelled,,Apache-2.0,data/datasets/yoga_poses/train/cobra/girl3_cobra132.jpg,True,True,True,,300,300
bhujangasana_tf_0233,bhujangasana,,TF,train,unlabelled,,Apache-2.0,data/datasets/yoga_poses/train/cobra/girl3_cobra134.jpg,True,True,True,,300,300
bhujangasana_tf_0234,bhujangasana,,TF,train,unlabelled,,Apache-2.0,data/datasets/yoga_poses/train/cobra/girl3_cobra138.jpg,True,True,True,,300,300
bhujangasana_tf_0235,bhujangasana,,TF,train,unlabelled,,Apache-2.0,data/datasets/yoga_poses/train/cobra/guy1_cobra025.jpg,True,True,True,,300,300
bhujangasana_tf_0236,bhujangasana,,TF,train,unlabelled,,Apache-2.0,data/datasets/yoga_poses/train/cobra/guy1_cobra026.jpg,True,True,True,,300,300
bhujangasana_tf_0237,bhujangasana,,TF,train,unlabelled,,Apache-2.0,data/datasets/yoga_poses/train/cobra/guy1_cobra027.jpg,True,True,True,,300,300
bhujangasana_tf_0238,bhujangasana,,TF,train,unlabelled,,Apache-2.0,data/datasets/yoga_poses/train/cobra/guy1_cobra028.jpg,True,True,True,,300,300
bhujangasana_tf_0239,bhujangasana,,TF,train,unlabelled,,Apache-2.0,data/datasets/yoga_poses/train/cobra/guy1_cobra029.jpg,True,True,True,,300,300
bhujangasana_tf_0240,bhujangasana,,TF,train,unlabelled,,Apache-2.0,data/datasets/yoga_poses/train/cobra/guy1_cobra032.jpg,True,True,True,,300,300
bhujangasana_tf_0241,bhujangasana,,TF,train,unlabelled,,Apache-2.0,data/datasets/yoga_poses/train/cobra/guy1_cobra037.jpg,True,True,True,,300,300
bhujangasana_tf_0242,bhujangasana,,TF,train,unlabelled,,Apache-2.0,data/datasets/yoga_poses/train/cobra/guy1_cobra039.jpg,True,True,True,,300,300
bhujangasana_tf_0243,bhujangasana,,TF,train,unlabelled,,Apache-2.0,data/datasets/yoga_poses/train/cobra/guy1_cobra041.jpg,True,True,True,,300,300
bhujangasana_tf_0244,bhujangasana,,TF,train,unlabelled,,Apache-2.0,data/datasets/yoga_poses/train/cobra/guy1_cobra045.jpg,True,True,True,,300,300
bhujangasana_tf_0245,bhujangasana,,TF,train,unlabelled,,Apache-2.0,data/datasets/yoga_poses/train/cobra/guy1_cobra047.jpg,True,True,True,,300,300
bhujangasana_tf_0246,bhujangasana,,TF,train,unlabelled,,Apache-2.0,data/datasets/yoga_poses/train/cobra/guy1_cobra048.jpg,True,True,True,,300,300
bhujangasana_tf_0247,bhujangasana,,TF,train,unlabelled,,Apache-2.0,data/datasets/yoga_poses/train/cobra/guy1_cobra050.jpg,True,True,True,,300,300
bhujangasana_tf_0248,bhujangasana,,TF,train,unlabelled,,Apache-2.0,data/datasets/yoga_poses/train/cobra/guy1_cobra053.jpg,True,True,True,,300,300
bhujangasana_tf_0249,bhujangasana,,TF,train,unlabelled,,Apache-2.0,data/datasets/yoga_poses/train/cobra/guy1_cobra057.jpg,True,True,True,,300,300
bhujangasana_tf_0250,bhujangasana,,TF,train,unlabelled,,Apache-2.0,data/datasets/yoga_poses/train/cobra/guy1_cobra058.jpg,True,True,True,,300,300
bhujangasana_tf_0251,bhujangasana,,TF,train,unlabelled,,Apache-2.0,data/datasets/yoga_poses/train/cobra/guy1_cobra060.jpg,True,True,True,,300,300
bhujangasana_tf_0252,bhujangasana,,TF,train,unlabelled,,Apache-2.0,data/datasets/yoga_poses/train/cobra/guy1_cobra066.jpg,True,True,True,,300,300
bhujangasana_tf_0253,bhujangasana,,TF,train,unlabelled,,Apache-2.0,data/datasets/yoga_poses/train/cobra/guy1_cobra069.jpg,True,True,True,,300,300
bhujangasana_tf_0254,bhujangasana,,TF,train,unlabelled,,Apache-2.0,data/datasets/yoga_poses/train/cobra/guy1_cobra075.jpg,True,True,True,,300,300
bhujangasana_tf_0255,bhujangasana,,TF,train,unlabelled,,Apache-2.0,data/datasets/yoga_poses/train/cobra/guy1_cobra077.jpg,True,True,True,,300,300
bhujangasana_tf_0256,bhujangasana,,TF,train,unlabelled,,Apache-2.0,data/datasets/yoga_poses/train/cobra/guy1_cobra078.jpg,True,True,True,,300,300
bhujangasana_tf_0257,bhujangasana,,TF,train,unlabelled,,Apache-2.0,data/datasets/yoga_poses/train/cobra/guy1_cobra079.jpg,True,True,True,,300,300
bhujangasana_tf_0258,bhujangasana,,TF,train,unlabelled,,Apache-2.0,data/datasets/yoga_poses/train/cobra/guy1_cobra080.jpg,True,True,True,,300,300
bhujangasana_tf_0259,bhujangasana,,TF,train,unlabelled,,Apache-2.0,data/datasets/yoga_poses/train/cobra/guy1_cobra087.jpg,True,True,True,,300,300
bhujangasana_tf_0260,bhujangasana,,TF,train,unlabelled,,Apache-2.0,data/datasets/yoga_poses/train/cobra/guy1_cobra088.jpg,True,True,True,,300,300
bhujangasana_tf_0261,bhujangasana,,TF,train,unlabelled,,Apache-2.0,data/datasets/yoga_poses/train/cobra/guy1_cobra089.jpg,True,True,True,,300,300
bhujangasana_tf_0262,bhujangasana,,TF,train,unlabelled,,Apache-2.0,data/datasets/yoga_poses/train/cobra/guy1_cobra090.jpg,True,True,True,,300,300
bhujangasana_tf_0263,bhujangasana,,TF,train,unlabelled,,Apache-2.0,data/datasets/yoga_poses/train/cobra/guy1_cobra091.jpg,True,True,True,,300,300
bhujangasana_tf_0264,bhujangasana,,TF,train,unlabelled,,Apache-2.0,data/datasets/yoga_poses/train/cobra/guy1_cobra101.jpg,True,True,True,,300,300
bhujangasana_tf_0265,bhujangasana,,TF,train,unlabelled,,Apache-2.0,data/datasets/yoga_poses/train/cobra/guy1_cobra110.jpg,True,True,True,,300,300
bhujangasana_tf_0266,bhujangasana,,TF,train,unlabelled,,Apache-2.0,data/datasets/yoga_poses/train/cobra/guy1_cobra112.jpg,True,True,True,,300,300
bhujangasana_tf_0267,bhujangasana,,TF,train,unlabelled,,Apache-2.0,data/datasets/yoga_poses/train/cobra/guy1_cobra115.jpg,True,True,True,,300,300
bhujangasana_tf_0268,bhujangasana,,TF,train,unlabelled,,Apache-2.0,data/datasets/yoga_poses/train/cobra/guy1_cobra123.jpg,True,True,True,,300,300
bhujangasana_tf_0269,bhujangasana,,TF,train,unlabelled,,Apache-2.0,data/datasets/yoga_poses/train/cobra/guy1_cobra124.jpg,True,True,True,,300,300
bhujangasana_tf_0270,bhujangasana,,TF,train,unlabelled,,Apache-2.0,data/datasets/yoga_poses/train/cobra/guy1_cobra126.jpg,True,True,True,,300,300
bhujangasana_tf_0271,bhujangasana,,TF,train,unlabelled,,Apache-2.0,data/datasets/yoga_poses/train/cobra/guy1_cobra127.jpg,True,True,True,,300,300
bhujangasana_tf_0272,bhujangasana,,TF,train,unlabelled,,Apache-2.0,data/datasets/yoga_poses/train/cobra/guy1_cobra130.jpg,True,True,True,,300,300
bhujangasana_tf_0273,bhujangasana,,TF,train,unlabelled,,Apache-2.0,data/datasets/yoga_poses/train/cobra/guy1_cobra139.jpg,True,True,True,,300,300
bhujangasana_tf_0274,bhujangasana,,TF,train,unlabelled,,Apache-2.0,data/datasets/yoga_poses/train/cobra/guy2_cobra027.jpg,True,True,True,,300,300
bhujangasana_tf_0275,bhujangasana,,TF,train,unlabelled,,Apache-2.0,data/datasets/yoga_poses/train/cobra/guy2_cobra030.jpg,True,True,True,,300,300
bhujangasana_tf_0276,bhujangasana,,TF,train,unlabelled,,Apache-2.0,data/datasets/yoga_poses/train/cobra/guy2_cobra034.jpg,True,True,True,,300,300
bhujangasana_tf_0277,bhujangasana,,TF,train,unlabelled,,Apache-2.0,data/datasets/yoga_poses/train/cobra/guy2_cobra036.jpg,True,True,True,,300,300
bhujangasana_tf_0278,bhujangasana,,TF,train,unlabelled,,Apache-2.0,data/datasets/yoga_poses/train/cobra/guy2_cobra038.jpg,True,True,True,,300,300
bhujangasana_tf_0279,bhujangasana,,TF,train,unlabelled,,Apache-2.0,data/datasets/yoga_poses/train/cobra/guy2_cobra040.jpg,True,True,True,,300,300
bhujangasana_tf_0280,bhujangasana,,TF,train,unlabelled,,Apache-2.0,data/datasets/yoga_poses/train/cobra/guy2_cobra042.jpg,True,True,True,,300,300
bhujangasana_tf_0281,bhujangasana,,TF,train,unlabelled,,Apache-2.0,data/datasets/yoga_poses/train/cobra/guy2_cobra043.jpg,True,True,True,,300,300
bhujangasana_tf_0282,bhujangasana,,TF,train,unlabelled,,Apache-2.0,data/datasets/yoga_poses/train/cobra/guy2_cobra047.jpg,True,True,True,,300,300
bhujangasana_tf_0283,bhujangasana,,TF,train,unlabelled,,Apache-2.0,data/datasets/yoga_poses/train/cobra/guy2_cobra048.jpg,True,True,True,,300,300
bhujangasana_tf_0284,bhujangasana,,TF,train,unlabelled,,Apache-2.0,data/datasets/yoga_poses/train/cobra/guy2_cobra050.jpg,True,True,True,,300,300
bhujangasana_tf_0285,bhujangasana,,TF,train,unlabelled,,Apache-2.0,data/datasets/yoga_poses/train/cobra/guy2_cobra053.jpg,True,True,True,,300,300
bhujangasana_tf_0286,bhujangasana,,TF,train,unlabelled,,Apache-2.0,data/datasets/yoga_poses/train/cobra/guy2_cobra055.jpg,True,True,True,,300,300
bhujangasana_tf_0287,bhujangasana,,TF,train,unlabelled,,Apache-2.0,data/datasets/yoga_poses/train/cobra/guy2_cobra065.jpg,True,True,True,,300,300
bhujangasana_tf_0288,bhujangasana,,TF,train,unlabelled,,Apache-2.0,data/datasets/yoga_poses/train/cobra/guy2_cobra075.jpg,True,True,True,,300,300
bhujangasana_tf_0289,bhujangasana,,TF,train,unlabelled,,Apache-2.0,data/datasets/yoga_poses/train/cobra/guy2_cobra077.jpg,True,True,True,,300,300
bhujangasana_tf_0290,bhujangasana,,TF,train,unlabelled,,Apache-2.0,data/datasets/yoga_poses/train/cobra/guy2_cobra078.jpg,True,True,True,,300,300
bhujangasana_tf_0291,bhujangasana,,TF,train,unlabelled,,Apache-2.0,data/datasets/yoga_poses/train/cobra/guy2_cobra080.jpg,True,True,True,,300,300
bhujangasana_tf_0292,bhujangasana,,TF,train,unlabelled,,Apache-2.0,data/datasets/yoga_poses/train/cobra/guy2_cobra081.jpg,True,True,True,,300,300
bhujangasana_tf_0293,bhujangasana,,TF,train,unlabelled,,Apache-2.0,data/datasets/yoga_poses/train/cobra/guy2_cobra084.jpg,True,True,True,,300,300
bhujangasana_tf_0294,bhujangasana,,TF,train,unlabelled,,Apache-2.0,data/datasets/yoga_poses/train/cobra/guy2_cobra088.jpg,True,True,True,,300,300
bhujangasana_tf_0295,bhujangasana,,TF,train,unlabelled,,Apache-2.0,data/datasets/yoga_poses/train/cobra/guy2_cobra089.jpg,True,True,True,,300,300
bhujangasana_tf_0296,bhujangasana,,TF,train,unlabelled,,Apache-2.0,data/datasets/yoga_poses/train/cobra/guy2_cobra090.jpg,True,True,True,,300,300
bhujangasana_tf_0297,bhujangasana,,TF,train,unlabelled,,Apache-2.0,data/datasets/yoga_poses/train/cobra/guy2_cobra091.jpg,True,True,True,,300,300
bhujangasana_tf_0298,bhujangasana,,TF,train,unlabelled,,Apache-2.0,data/datasets/yoga_poses/train/cobra/guy2_cobra092.jpg,True,True,True,,300,300
bhujangasana_tf_0299,bhujangasana,,TF,train,unlabelled,,Apache-2.0,data/datasets/yoga_poses/train/cobra/guy2_cobra094.jpg,True,True,True,,300,300
bhujangasana_tf_0300,bhujangasana,,TF,train,unlabelled,,Apache-2.0,data/datasets/yoga_poses/train/cobra/guy2_cobra096.jpg,True,True,True,,300,300
bhujangasana_tf_0301,bhujangasana,,TF,train,unlabelled,,Apache-2.0,data/datasets/yoga_poses/train/cobra/guy2_cobra098.jpg,True,True,True,,300,300
bhujangasana_tf_0302,bhujangasana,,TF,train,unlabelled,,Apache-2.0,data/datasets/yoga_poses/train/cobra/guy2_cobra102.jpg,True,True,True,,300,300
bhujangasana_tf_0303,bhujangasana,,TF,train,unlabelled,,Apache-2.0,data/datasets/yoga_poses/train/cobra/guy2_cobra105.jpg,True,True,True,,300,300
bhujangasana_tf_0304,bhujangasana,,TF,train,unlabelled,,Apache-2.0,data/datasets/yoga_poses/train/cobra/guy2_cobra108.jpg,True,True,True,,300,300
bhujangasana_tf_0305,bhujangasana,,TF,train,unlabelled,,Apache-2.0,data/datasets/yoga_poses/train/cobra/guy2_cobra110.jpg,True,True,True,,300,300
bhujangasana_tf_0306,bhujangasana,,TF,train,unlabelled,,Apache-2.0,data/datasets/yoga_poses/train/cobra/guy2_cobra114.jpg,True,True,True,,300,300
bhujangasana_tf_0307,bhujangasana,,TF,train,unlabelled,,Apache-2.0,data/datasets/yoga_poses/train/cobra/guy2_cobra115.jpg,True,True,True,,300,300
bhujangasana_tf_0308,bhujangasana,,TF,train,unlabelled,,Apache-2.0,data/datasets/yoga_poses/train/cobra/guy2_cobra119.jpg,True,True,True,,300,300
bhujangasana_tf_0309,bhujangasana,,TF,train,unlabelled,,Apache-2.0,data/datasets/yoga_poses/train/cobra/guy2_cobra122.jpg,True,True,True,,300,300
bhujangasana_tf_0310,bhujangasana,,TF,train,unlabelled,,Apache-2.0,data/datasets/yoga_poses/train/cobra/guy2_cobra123.jpg,True,True,True,,300,300
bhujangasana_tf_0311,bhujangasana,,TF,train,unlabelled,,Apache-2.0,data/datasets/yoga_poses/train/cobra/guy2_cobra124.jpg,True,True,True,,300,300
bhujangasana_tf_0312,bhujangasana,,TF,train,unlabelled,,Apache-2.0,data/datasets/yoga_poses/train/cobra/guy2_cobra125.jpg,True,True,True,,300,300
bhujangasana_tf_0313,bhujangasana,,TF,train,unlabelled,,Apache-2.0,data/datasets/yoga_poses/train/cobra/guy2_cobra131.jpg,True,True,True,,300,300
bhujangasana_tf_0314,bhujangasana,,TF,train,unlabelled,,Apache-2.0,data/datasets/yoga_poses/train/cobra/guy2_cobra133.jpg,True,True,True,,300,300
bhujangasana_tf_0315,bhujangasana,,TF,train,unlabelled,,Apache-2.0,data/datasets/yoga_poses/train/cobra/guy2_cobra137.jpg,True,True,True,,300,300
bhujangasana_tf_0316,bhujangasana,,TF,train,unlabelled,,Apache-2.0,data/datasets/yoga_poses/train/cobra/guy2_cobra139.jpg,True,True,True,,300,300
bhujangasana_y107_0001,bhujangasana,,Y107,train,unlabelled,,not stated by the host (web photographs); included for research and education,data/datasets/yoga107/bhujangasana/001.jpg,True,True,True,,550,161
bhujangasana_y107_0002,bhujangasana,,Y107,train,unlabelled,,not stated by the host (web photographs); included for research and education,data/datasets/yoga107/bhujangasana/002.jpg,True,True,True,,661,346
bhujangasana_y107_0003,bhujangasana,,Y107,train,unlabelled,,not stated by the host (web photographs); included for research and education,data/datasets/yoga107/bhujangasana/003.jpg,True,True,True,,522,280
bhujangasana_y107_0004,bhujangasana,,Y107,holdout,unlabelled,,not stated by the host (web photographs); included for research and education,data/datasets/yoga107/bhujangasana/004.jpg,True,True,True,,439,286
bhujangasana_y107_0005,bhujangasana,,Y107,train,unlabelled,,not stated by the host (web photographs); included for research and education,data/datasets/yoga107/bhujangasana/005.jpg,True,True,True,,462,269
bhujangasana_y107_0006,bhujangasana,,Y107,train,unlabelled,,not stated by the host (web photographs); included for research and education,data/datasets/yoga107/bhujangasana/006.jpg,True,True,True,,553,368
bhujangasana_y107_0007,bhujangasana,,Y107,train,unlabelled,,not stated by the host (web photographs); included for research and education,data/datasets/yoga107/bhujangasana/007.jpg,True,True,True,,781,502
bhujangasana_y107_0008,bhujangasana,,Y107,holdout,unlabelled,,not stated by the host (web photographs); included for research and education,data/datasets/yoga107/bhujangasana/008.jpg,True,True,True,,502,296
bhujangasana_y107_0009,bhujangasana,,Y107,train,unlabelled,,not stated by the host (web photographs); included for research and education,data/datasets/yoga107/bhujangasana/009.jpg,True,True,True,,916,473
bhujangasana_y107_0010,bhujangasana,,Y107,train,unlabelled,,not stated by the host (web photographs); included for research and education,data/datasets/yoga107/bhujangasana/010.jpg,True,True,True,,603,305
bhujangasana_y107_0011,bhujangasana,,Y107,train,unlabelled,,not stated by the host (web photographs); included for research and education,data/datasets/yoga107/bhujangasana/011.jpg,True,True,True,,259,151
bhujangasana_y107_0012,bhujangasana,,Y107,holdout,unlabelled,,not stated by the host (web photographs); included for research and education,data/datasets/yoga107/bhujangasana/012.jpg,True,True,True,,1024,528
bhujangasana_y107_0013,bhujangasana,,Y107,train,unlabelled,,not stated by the host (web photographs); included for research and education,data/datasets/yoga107/bhujangasana/013.jpg,True,False,False,no person detected,389,234
bhujangasana_y107_0014,bhujangasana,,Y107,train,unlabelled,,not stated by the host (web photographs); included for research and education,data/datasets/yoga107/bhujangasana/014.jpg,True,True,True,,699,359
bhujangasana_y107_0015,bhujangasana,,Y107,train,unlabelled,,not stated by the host (web photographs); included for research and education,data/datasets/yoga107/bhujangasana/015.jpg,True,True,True,,682,396
bhujangasana_y107_0016,bhujangasana,,Y107,holdout,unlabelled,,not stated by the host (web photographs); included for research and education,data/datasets/yoga107/bhujangasana/016.jpg,True,True,True,,521,265
bhujangasana_y107_0017,bhujangasana,,Y107,train,unlabelled,,not stated by the host (web photographs); included for research and education,data/datasets/yoga107/bhujangasana/017.jpg,True,True,True,,977,485
bhujangasana_y107_0018,bhujangasana,,Y107,train,unlabelled,,not stated by the host (web photographs); included for research and education,data/datasets/yoga107/bhujangasana/018.jpg,True,True,True,,371,255
bhujangasana_y107_0019,bhujangasana,,Y107,train,unlabelled,,not stated by the host (web photographs); included for research and education,data/datasets/yoga107/bhujangasana/019.jpg,True,True,True,,441,257
bhujangasana_y107_0020,bhujangasana,,Y107,holdout,unlabelled,,not stated by the host (web photographs); included for research and education,data/datasets/yoga107/bhujangasana/020.jpg,True,True,True,,262,170
bhujangasana_y107_0021,bhujangasana,,Y107,train,unlabelled,,not stated by the host (web photographs); included for research and education,data/datasets/yoga107/bhujangasana/021.jpg,True,True,True,,289,159
bhujangasana_y107_0022,bhujangasana,,Y107,train,unlabelled,,not stated by the host (web photographs); included for research and education,data/datasets/yoga107/bhujangasana/022.jpg,True,True,True,,772,465
bhujangasana_y107_0023,bhujangasana,,Y107,train,unlabelled,,not stated by the host (web photographs); included for research and education,data/datasets/yoga107/bhujangasana/023.jpg,True,True,True,,152,275
bhujangasana_y107_0024,bhujangasana,,Y107,holdout,unlabelled,,not stated by the host (web photographs); included for research and education,data/datasets/yoga107/bhujangasana/024.jpg,True,True,True,,700,336
bhujangasana_y107_0025,bhujangasana,,Y107,train,unlabelled,,not stated by the host (web photographs); included for research and education,data/datasets/yoga107/bhujangasana/025.jpg,True,True,True,,559,312
bhujangasana_y107_0026,bhujangasana,,Y107,train,unlabelled,,not stated by the host (web photographs); included for research and education,data/datasets/yoga107/bhujangasana/026.jpg,True,True,True,,567,287
bhujangasana_y107_0027,bhujangasana,,Y107,train,unlabelled,,not stated by the host (web photographs); included for research and education,data/datasets/yoga107/bhujangasana/027.jpg,True,True,True,,550,256
bhujangasana_y107_0028,bhujangasana,,Y107,holdout,unlabelled,,not stated by the host (web photographs); included for research and education,data/datasets/yoga107/bhujangasana/028.jpg,True,True,True,,621,443
bhujangasana_y107_0029,bhujangasana,,Y107,train,unlabelled,,not stated by the host (web photographs); included for research and education,data/datasets/yoga107/bhujangasana/029.jpg,True,True,True,,621,324
bhujangasana_y107_0030,bhujangasana,,Y107,train,unlabelled,,not stated by the host (web photographs); included for research and education,data/datasets/yoga107/bhujangasana/030.jpg,True,True,True,,503,310
bhujangasana_y107_0031,bhujangasana,,Y107,train,unlabelled,,not stated by the host (web photographs); included for research and education,data/datasets/yoga107/bhujangasana/031.jpg,True,True,True,,464,259
bhujangasana_y107_0032,bhujangasana,,Y107,holdout,unlabelled,,not stated by the host (web photographs); included for research and education,data/datasets/yoga107/bhujangasana/032.jpg,True,True,True,,553,214
bhujangasana_y107_0033,bhujangasana,,Y107,train,unlabelled,,not stated by the host (web photographs); included for research and education,data/datasets/yoga107/bhujangasana/033.jpg,True,True,True,,412,237
bhujangasana_y107_0034,bhujangasana,,Y107,train,unlabelled,,not stated by the host (web photographs); included for research and education,data/datasets/yoga107/bhujangasana/034.jpg,True,True,True,,663,366
bhujangasana_y107_0035,bhujangasana,,Y107,train,unlabelled,,not stated by the host (web photographs); included for research and education,data/datasets/yoga107/bhujangasana/035.jpg,True,True,True,,421,246
bhujangasana_y107_0036,bhujangasana,,Y107,holdout,unlabelled,,not stated by the host (web photographs); included for research and education,data/datasets/yoga107/bhujangasana/036.jpg,True,True,True,,527,335
bhujangasana_y107_0037,bhujangasana,,Y107,train,unlabelled,,not stated by the host (web photographs); included for research and education,data/datasets/yoga107/bhujangasana/037.jpg,True,True,True,,706,390
bhujangasana_y107_0038,bhujangasana,,Y107,train,unlabelled,,not stated by the host (web photographs); included for research and education,data/datasets/yoga107/bhujangasana/038.jpg,True,True,True,,491,268
bhujangasana_y107_0039,bhujangasana,,Y107,train,unlabelled,,not stated by the host (web photographs); included for research and education,data/datasets/yoga107/bhujangasana/039.jpg,True,True,True,,573,376
bhujangasana_y107_0040,bhujangasana,,Y107,holdout,unlabelled,,not stated by the host (web photographs); included for research and education,data/datasets/yoga107/bhujangasana/040.jpg,True,True,True,,616,341
bhujangasana_y107_0041,bhujangasana,,Y107,train,unlabelled,,not stated by the host (web photographs); included for research and education,data/datasets/yoga107/bhujangasana/041.jpg,True,True,True,,187,143
bhujangasana_y107_0042,bhujangasana,,Y107,train,unlabelled,,not stated by the host (web photographs); included for research and education,data/datasets/yoga107/bhujangasana/042.jpg,True,True,True,,526,348
bhujangasana_y107_0043,bhujangasana,,Y107,train,unlabelled,,not stated by the host (web photographs); included for research and education,data/datasets/yoga107/bhujangasana/043.jpg,True,True,True,,745,482
bhujangasana_y107_0044,bhujangasana,,Y107,holdout,unlabelled,,not stated by the host (web photographs); included for research and education,data/datasets/yoga107/bhujangasana/044.jpg,True,True,True,,618,198
bhujangasana_y107_0045,bhujangasana,,Y107,train,unlabelled,,not stated by the host (web photographs); included for research and education,data/datasets/yoga107/bhujangasana/045.jpg,True,True,True,,667,249
bhujangasana_y107_0046,bhujangasana,,Y107,train,unlabelled,,not stated by the host (web photographs); included for research and education,data/datasets/yoga107/bhujangasana/046.jpg,True,True,True,,514,254
bhujangasana_y107_0047,bhujangasana,,Y107,train,unlabelled,,not stated by the host (web photographs); included for research and education,data/datasets/yoga107/bhujangasana/047.jpg,True,True,True,,365,216
bhujangasana_y107_0048,bhujangasana,,Y107,holdout,unlabelled,,not stated by the host (web photographs); included for research and education,data/datasets/yoga107/bhujangasana/048.jpg,True,True,True,,586,303
bhujangasana_y107_0049,bhujangasana,,Y107,train,unlabelled,,not stated by the host (web photographs); included for research and education,data/datasets/yoga107/bhujangasana/049.jpg,True,True,True,,755,387
bhujangasana_y107_0050,bhujangasana,,Y107,train,unlabelled,,not stated by the host (web photographs); included for research and education,data/datasets/yoga107/bhujangasana/050.jpg,True,True,True,,615,318
bhujangasana_y107_0051,bhujangasana,,Y107,train,unlabelled,,not stated by the host (web photographs); included for research and education,data/datasets/yoga107/bhujangasana/051.jpg,True,True,True,,530,335
bhujangasana_y107_0052,bhujangasana,,Y107,holdout,unlabelled,,not stated by the host (web photographs); included for research and education,data/datasets/yoga107/bhujangasana/052.jpg,True,True,True,,567,329
bhujangasana_y107_0053,bhujangasana,,Y107,train,unlabelled,,not stated by the host (web photographs); included for research and education,data/datasets/yoga107/bhujangasana/053.jpg,True,True,True,,548,231
bhujangasana_y107_0054,bhujangasana,,Y107,train,unlabelled,,not stated by the host (web photographs); included for research and education,data/datasets/yoga107/bhujangasana/054.jpg,True,True,True,,415,301
bhujangasana_y107_0055,bhujangasana,,Y107,train,unlabelled,,not stated by the host (web photographs); included for research and education,data/datasets/yoga107/bhujangasana/055.jpg,True,True,True,,507,214
bhujangasana_y107_0056,bhujangasana,,Y107,holdout,unlabelled,,not stated by the host (web photographs); included for research and education,data/datasets/yoga107/bhujangasana/056.jpg,True,True,True,,678,365
bhujangasana_y107_0057,bhujangasana,,Y107,train,unlabelled,,not stated by the host (web photographs); included for research and education,data/datasets/yoga107/bhujangasana/057.jpg,True,True,True,,809,529
bhujangasana_y107_0058,bhujangasana,,Y107,train,unlabelled,,not stated by the host (web photographs); included for research and education,data/datasets/yoga107/bhujangasana/058.jpg,True,True,True,,467,228
bhujangasana_y107_0059,bhujangasana,,Y107,train,unlabelled,,not stated by the host (web photographs); included for research and education,data/datasets/yoga107/bhujangasana/059.jpg,True,True,True,,376,162
bhujangasana_y107_0060,bhujangasana,,Y107,holdout,unlabelled,,not stated by the host (web photographs); included for research and education,data/datasets/yoga107/bhujangasana/060.jpg,True,True,True,,939,431
bhujangasana_y107_0061,bhujangasana,,Y107,train,unlabelled,,not stated by the host (web photographs); included for research and education,data/datasets/yoga107/bhujangasana/061.jpg,True,True,True,,652,226
bhujangasana_y107_0062,bhujangasana,,Y107,train,unlabelled,,not stated by the host (web photographs); included for research and education,data/datasets/yoga107/bhujangasana/062.jpg,True,True,True,,323,166
bhujangasana_y107_0063,bhujangasana,,Y107,train,unlabelled,,not stated by the host (web photographs); included for research and education,data/datasets/yoga107/bhujangasana/063.jpg,True,True,True,,480,192
bhujangasana_y107_0064,bhujangasana,,Y107,holdout,unlabelled,,not stated by the host (web photographs); included for research and education,data/datasets/yoga107/bhujangasana/064.jpg,True,False,False,no person detected,453,282
bhujangasana_y107_0065,bhujangasana,,Y107,train,unlabelled,,not stated by the host (web photographs); included for research and education,data/datasets/yoga107/bhujangasana/065.jpg,True,True,True,,506,271
bhujangasana_y107_0066,bhujangasana,,Y107,train,unlabelled,,not stated by the host (web photographs); included for research and education,data/datasets/yoga107/bhujangasana/066.jpg,True,True,True,,121,219
bhujangasana_y107_0067,bhujangasana,,Y107,train,unlabelled,,not stated by the host (web photographs); included for research and education,data/datasets/yoga107/bhujangasana/067.jpg,True,True,True,,528,280
bhujangasana_y107_0068,bhujangasana,,Y107,holdout,unlabelled,,not stated by the host (web photographs); included for research and education,data/datasets/yoga107/bhujangasana/068.jpg,True,False,False,no person detected,739,507
bhujangasana_y107_0069,bhujangasana,,Y107,train,unlabelled,,not stated by the host (web photographs); included for research and education,data/datasets/yoga107/bhujangasana/069.jpg,True,True,True,,294,172
bhujangasana_y107_0070,bhujangasana,,Y107,train,unlabelled,,not stated by the host (web photographs); included for research and education,data/datasets/yoga107/bhujangasana/070.jpg,True,True,True,,464,259
bhujangasana_y107_0071,bhujangasana,,Y107,train,unlabelled,,not stated by the host (web photographs); included for research and education,data/datasets/yoga107/bhujangasana/071.jpg,True,True,True,,544,317
bhujangasana_y107_0072,bhujangasana,,Y107,holdout,unlabelled,,not stated by the host (web photographs); included for research and education,data/datasets/yoga107/bhujangasana/072.jpg,True,True,True,,825,352
bhujangasana_y107_0073,bhujangasana,,Y107,train,unlabelled,,not stated by the host (web photographs); included for research and education,data/datasets/yoga107/bhujangasana/073.jpg,True,True,True,,536,335
bhujangasana_zen_0001,bhujangasana,step 1,ZEN,external,right,,CC BY 4.0,data/datasets/yoga_for_all/bhujangasana/right/step_1/20230312_111228(0).jpg,True,False,False,no person detected,1024,472
bhujangasana_zen_0002,bhujangasana,step 1,ZEN,external,right,,CC BY 4.0,data/datasets/yoga_for_all/bhujangasana/right/step_1/20230312_111233(0).jpg,True,True,True,,1024,472
bhujangasana_zen_0003,bhujangasana,step 1,ZEN,external,right,,CC BY 4.0,data/datasets/yoga_for_all/bhujangasana/right/step_1/20230312_111237.jpg,True,True,True,,1024,472
bhujangasana_zen_0004,bhujangasana,step 1,ZEN,external,right,,CC BY 4.0,data/datasets/yoga_for_all/bhujangasana/right/step_1/20230312_111242.jpg,True,True,True,,1024,472
bhujangasana_zen_0005,bhujangasana,step 1,ZEN,external,right,,CC BY 4.0,data/datasets/yoga_for_all/bhujangasana/right/step_1/20230312_111246.jpg,True,True,True,,1024,472
bhujangasana_zen_0006,bhujangasana,step 1,ZEN,external,right,,CC BY 4.0,data/datasets/yoga_for_all/bhujangasana/right/step_1/20230312_111251(0).jpg,True,False,False,no person detected,1024,472
bhujangasana_zen_0007,bhujangasana,step 1,ZEN,external,right,,CC BY 4.0,data/datasets/yoga_for_all/bhujangasana/right/step_1/20230312_111255(1).jpg,True,False,False,no person detected,1024,472
bhujangasana_zen_0008,bhujangasana,step 1,ZEN,external,right,,CC BY 4.0,data/datasets/yoga_for_all/bhujangasana/right/step_1/20230312_111300.jpg,True,True,True,,1024,472
bhujangasana_zen_0009,bhujangasana,step 1,ZEN,external,right,,CC BY 4.0,data/datasets/yoga_for_all/bhujangasana/right/step_1/20230312_111305(0).jpg,True,True,True,,1024,472
bhujangasana_zen_0010,bhujangasana,step 1,ZEN,external,right,,CC BY 4.0,data/datasets/yoga_for_all/bhujangasana/right/step_1/20230312_111310.jpg,True,True,True,,1024,472
bhujangasana_zen_0011,bhujangasana,step 1,ZEN,external,right,,CC BY 4.0,data/datasets/yoga_for_all/bhujangasana/right/step_1/20230312_111317.jpg,True,True,True,,1024,472
bhujangasana_zen_0012,bhujangasana,step 1,ZEN,external,right,,CC BY 4.0,data/datasets/yoga_for_all/bhujangasana/right/step_1/20230312_111323.jpg,True,True,True,,1024,472
bhujangasana_zen_0013,bhujangasana,step 1,ZEN,external,right,,CC BY 4.0,data/datasets/yoga_for_all/bhujangasana/right/step_1/20230312_111330.jpg,True,True,True,,1024,472
bhujangasana_zen_0014,bhujangasana,step 1,ZEN,external,right,,CC BY 4.0,data/datasets/yoga_for_all/bhujangasana/right/step_1/20230312_111334.jpg,True,False,False,no person detected,1024,472
bhujangasana_zen_0015,bhujangasana,step 1,ZEN,external,right,,CC BY 4.0,data/datasets/yoga_for_all/bhujangasana/right/step_1/20230312_111340(0).jpg,True,True,True,,1024,472
bhujangasana_zen_0016,bhujangasana,step 1,ZEN,external,right,,CC BY 4.0,data/datasets/yoga_for_all/bhujangasana/right/step_1/20230312_111344(0).jpg,True,True,True,,1024,472
bhujangasana_zen_0017,bhujangasana,step 1,ZEN,external,right,,CC BY 4.0,data/datasets/yoga_for_all/bhujangasana/right/step_1/20230312_111348(0).jpg,True,True,True,,1024,472
bhujangasana_zen_0018,bhujangasana,step 1,ZEN,external,right,,CC BY 4.0,data/datasets/yoga_for_all/bhujangasana/right/step_1/20230312_111352.jpg,True,True,True,,1024,472
bhujangasana_zen_0019,bhujangasana,step 1,ZEN,external,right,,CC BY 4.0,data/datasets/yoga_for_all/bhujangasana/right/step_1/20230312_111357(0).jpg,True,True,True,,1024,472
bhujangasana_zen_0020,bhujangasana,step 1,ZEN,external,right,,CC BY 4.0,data/datasets/yoga_for_all/bhujangasana/right/step_1/20230312_111402(0).jpg,True,True,True,,1024,678
bhujangasana_zen_0021,bhujangasana,step 1,ZEN,external,right,,CC BY 4.0,data/datasets/yoga_for_all/bhujangasana/right/step_1/20230312_111407(0).jpg,True,True,True,,1024,745
bhujangasana_zen_0022,bhujangasana,step 1,ZEN,external,right,,CC BY 4.0,data/datasets/yoga_for_all/bhujangasana/right/step_1/20230312_111411.jpg,True,True,True,,1024,562
bhujangasana_zen_0023,bhujangasana,step 1,ZEN,external,right,,CC BY 4.0,data/datasets/yoga_for_all/bhujangasana/right/step_1/20230312_111416(0).jpg,True,True,True,,1024,472
bhujangasana_zen_0024,bhujangasana,step 1,ZEN,external,right,,CC BY 4.0,data/datasets/yoga_for_all/bhujangasana/right/step_1/20230312_111419(2).jpg,True,True,True,,1024,472
bhujangasana_zen_0025,bhujangasana,step 2,ZEN,external,right,,CC BY 4.0,data/datasets/yoga_for_all/bhujangasana/right/step_2/20230312_111609.jpg,True,True,True,,1024,648
bhujangasana_zen_0026,bhujangasana,step 2,ZEN,external,right,,CC BY 4.0,data/datasets/yoga_for_all/bhujangasana/right/step_2/20230312_111613(0).jpg,True,True,True,,1024,744
bhujangasana_zen_0027,bhujangasana,step 2,ZEN,external,right,,CC BY 4.0,data/datasets/yoga_for_all/bhujangasana/right/step_2/20230312_111617(0).jpg,True,True,True,,1024,666
bhujangasana_zen_0028,bhujangasana,step 2,ZEN,external,right,,CC BY 4.0,data/datasets/yoga_for_all/bhujangasana/right/step_2/20230312_111621(0).jpg,True,True,True,,1024,554
bhujangasana_zen_0029,bhujangasana,step 2,ZEN,external,right,,CC BY 4.0,data/datasets/yoga_for_all/bhujangasana/right/step_2/20230312_111624(1).jpg,True,True,True,,1024,708
bhujangasana_zen_0030,bhujangasana,step 2,ZEN,external,right,,CC BY 4.0,data/datasets/yoga_for_all/bhujangasana/right/step_2/20230312_111627(0).jpg,True,True,True,,1024,700
bhujangasana_zen_0031,bhujangasana,step 2,ZEN,external,right,,CC BY 4.0,data/datasets/yoga_for_all/bhujangasana/right/step_2/20230312_111632(0).jpg,True,True,True,,1024,472
bhujangasana_zen_0032,bhujangasana,step 2,ZEN,external,right,,CC BY 4.0,data/datasets/yoga_for_all/bhujangasana/right/step_2/20230312_111636.jpg,True,True,True,,1024,616
bhujangasana_zen_0033,bhujangasana,step 2,ZEN,external,right,,CC BY 4.0,data/datasets/yoga_for_all/bhujangasana/right/step_2/20230312_111640(0).jpg,True,True,True,,1024,809
bhujangasana_zen_0034,bhujangasana,step 2,ZEN,external,right,,CC BY 4.0,data/datasets/yoga_for_all/bhujangasana/right/step_2/20230312_111647(0).jpg,True,True,True,,1024,743
bhujangasana_zen_0035,bhujangasana,step 2,ZEN,external,right,,CC BY 4.0,data/datasets/yoga_for_all/bhujangasana/right/step_2/20230312_111652.jpg,True,True,True,,1024,683
bhujangasana_zen_0036,bhujangasana,step 2,ZEN,external,right,,CC BY 4.0,data/datasets/yoga_for_all/bhujangasana/right/step_2/20230312_111656(0).jpg,True,True,True,,1024,639
bhujangasana_zen_0037,bhujangasana,step 2,ZEN,external,right,,CC BY 4.0,data/datasets/yoga_for_all/bhujangasana/right/step_2/20230312_111700.jpg,True,True,True,,1024,727
bhujangasana_zen_0038,bhujangasana,step 2,ZEN,external,right,,CC BY 4.0,data/datasets/yoga_for_all/bhujangasana/right/step_2/20230312_111703(1).jpg,True,True,True,,1024,626
bhujangasana_zen_0039,bhujangasana,step 2,ZEN,external,right,,CC BY 4.0,data/datasets/yoga_for_all/bhujangasana/right/step_2/20230312_111706.jpg,True,True,True,,1024,613
bhujangasana_zen_0040,bhujangasana,step 2,ZEN,external,right,,CC BY 4.0,data/datasets/yoga_for_all/bhujangasana/right/step_2/20230312_111710(0).jpg,True,True,True,,698,1024
bhujangasana_zen_0041,bhujangasana,step 2,ZEN,external,right,,CC BY 4.0,data/datasets/yoga_for_all/bhujangasana/right/step_2/20230312_111717.jpg,True,True,True,,977,1024
bhujangasana_zen_0042,bhujangasana,step 2,ZEN,external,right,,CC BY 4.0,data/datasets/yoga_for_all/bhujangasana/right/step_2/20230312_111721.jpg,True,True,True,,1024,582
bhujangasana_zen_0043,bhujangasana,step 2,ZEN,external,right,,CC BY 4.0,data/datasets/yoga_for_all/bhujangasana/right/step_2/20230312_111726.jpg,True,True,True,,1024,621
bhujangasana_zen_0044,bhujangasana,step 2,ZEN,external,right,,CC BY 4.0,data/datasets/yoga_for_all/bhujangasana/right/step_2/20230312_111730(0).jpg,True,True,True,,1024,756
bhujangasana_zen_0045,bhujangasana,step 2,ZEN,external,right,,CC BY 4.0,data/datasets/yoga_for_all/bhujangasana/right/step_2/20230312_111734(0).jpg,True,True,True,,1024,607
bhujangasana_zen_0046,bhujangasana,step 2,ZEN,external,right,,CC BY 4.0,data/datasets/yoga_for_all/bhujangasana/right/step_2/20230312_111736.jpg,True,True,True,,1024,617
bhujangasana_zen_0047,bhujangasana,step 2,ZEN,external,right,,CC BY 4.0,data/datasets/yoga_for_all/bhujangasana/right/step_2/20230312_111740(0).jpg,True,True,True,,1024,724
bhujangasana_zen_0048,bhujangasana,step 2,ZEN,external,right,,CC BY 4.0,data/datasets/yoga_for_all/bhujangasana/right/step_2/20230312_111743(0).jpg,True,True,True,,1024,755
bhujangasana_zen_0049,bhujangasana,step 3,ZEN,external,right,,CC BY 4.0,data/datasets/yoga_for_all/bhujangasana/right/step_3/20230312_111228.jpg,True,False,False,no person detected,1024,472
bhujangasana_zen_0050,bhujangasana,step 3,ZEN,external,right,,CC BY 4.0,data/datasets/yoga_for_all/bhujangasana/right/step_3/20230312_111233(0).jpg,True,True,True,,1024,472
bhujangasana_zen_0051,bhujangasana,step 3,ZEN,external,right,,CC BY 4.0,data/datasets/yoga_for_all/bhujangasana/right/step_3/20230312_111237.jpg,True,True,True,,1024,472
bhujangasana_zen_0052,bhujangasana,step 3,ZEN,external,right,,CC BY 4.0,data/datasets/yoga_for_all/bhujangasana/right/step_3/20230312_111242.jpg,True,True,True,,1024,472
bhujangasana_zen_0053,bhujangasana,step 3,ZEN,external,right,,CC BY 4.0,data/datasets/yoga_for_all/bhujangasana/right/step_3/20230312_111246.jpg,True,True,True,,1024,472
bhujangasana_zen_0054,bhujangasana,step 3,ZEN,external,right,,CC BY 4.0,data/datasets/yoga_for_all/bhujangasana/right/step_3/20230312_111251(0).jpg,True,False,False,no person detected,1024,472
bhujangasana_zen_0055,bhujangasana,step 3,ZEN,external,right,,CC BY 4.0,data/datasets/yoga_for_all/bhujangasana/right/step_3/20230312_111255(1).jpg,True,False,False,no person detected,1024,472
bhujangasana_zen_0056,bhujangasana,step 3,ZEN,external,right,,CC BY 4.0,data/datasets/yoga_for_all/bhujangasana/right/step_3/20230312_111300.jpg,True,True,True,,1024,472
bhujangasana_zen_0057,bhujangasana,step 3,ZEN,external,right,,CC BY 4.0,data/datasets/yoga_for_all/bhujangasana/right/step_3/20230312_111305(0).jpg,True,True,True,,1024,472
bhujangasana_zen_0058,bhujangasana,step 3,ZEN,external,right,,CC BY 4.0,data/datasets/yoga_for_all/bhujangasana/right/step_3/20230312_111310.jpg,True,True,True,,1024,472
bhujangasana_zen_0059,bhujangasana,step 3,ZEN,external,right,,CC BY 4.0,data/datasets/yoga_for_all/bhujangasana/right/step_3/20230312_111317.jpg,True,True,True,,1024,472
bhujangasana_zen_0060,bhujangasana,step 3,ZEN,external,right,,CC BY 4.0,data/datasets/yoga_for_all/bhujangasana/right/step_3/20230312_111323.jpg,True,True,True,,1024,472
bhujangasana_zen_0061,bhujangasana,step 3,ZEN,external,right,,CC BY 4.0,data/datasets/yoga_for_all/bhujangasana/right/step_3/20230312_111330.jpg,True,True,True,,1024,472
bhujangasana_zen_0062,bhujangasana,step 3,ZEN,external,right,,CC BY 4.0,data/datasets/yoga_for_all/bhujangasana/right/step_3/20230312_111334.jpg,True,False,False,no person detected,1024,472
bhujangasana_zen_0063,bhujangasana,step 3,ZEN,external,right,,CC BY 4.0,data/datasets/yoga_for_all/bhujangasana/right/step_3/20230312_111340(0).jpg,True,True,True,,1024,472
bhujangasana_zen_0064,bhujangasana,step 3,ZEN,external,right,,CC BY 4.0,data/datasets/yoga_for_all/bhujangasana/right/step_3/20230312_111344(0).jpg,True,True,True,,1024,472
bhujangasana_zen_0065,bhujangasana,step 3,ZEN,external,right,,CC BY 4.0,data/datasets/yoga_for_all/bhujangasana/right/step_3/20230312_111348(0).jpg,True,True,True,,1024,472
bhujangasana_zen_0066,bhujangasana,step 3,ZEN,external,right,,CC BY 4.0,data/datasets/yoga_for_all/bhujangasana/right/step_3/20230312_111352.jpg,True,True,True,,1024,472
bhujangasana_zen_0067,bhujangasana,step 3,ZEN,external,right,,CC BY 4.0,data/datasets/yoga_for_all/bhujangasana/right/step_3/20230312_111357(0).jpg,True,True,True,,1024,472
bhujangasana_zen_0068,bhujangasana,step 3,ZEN,external,right,,CC BY 4.0,data/datasets/yoga_for_all/bhujangasana/right/step_3/20230312_111402(0).jpg,True,True,True,,1024,678
bhujangasana_zen_0069,bhujangasana,step 3,ZEN,external,right,,CC BY 4.0,data/datasets/yoga_for_all/bhujangasana/right/step_3/20230312_111407(0).jpg,True,True,True,,1024,745
bhujangasana_zen_0070,bhujangasana,step 3,ZEN,external,right,,CC BY 4.0,data/datasets/yoga_for_all/bhujangasana/right/step_3/20230312_111411.jpg,True,True,True,,1024,562
bhujangasana_zen_0071,bhujangasana,step 3,ZEN,external,right,,CC BY 4.0,data/datasets/yoga_for_all/bhujangasana/right/step_3/20230312_111416(0).jpg,True,True,True,,1024,472
bhujangasana_zen_0072,bhujangasana,step 3,ZEN,external,right,,CC BY 4.0,data/datasets/yoga_for_all/bhujangasana/right/step_3/20230312_111419(2).jpg,True,True,True,,1024,472
bhujangasana_zen_0073,bhujangasana,step 1,ZEN,external,wrong,Head,CC BY 4.0,data/datasets/yoga_for_all/bhujangasana/wrong/step_1-_Head/20230312_111536(0).jpg,True,True,True,,1024,508
bhujangasana_zen_0074,bhujangasana,step 1,ZEN,external,wrong,Head,CC BY 4.0,data/datasets/yoga_for_all/bhujangasana/wrong/step_1-_Head/20230312_111536(1).jpg,True,True,True,,1024,622
bhujangasana_zen_0075,bhujangasana,step 1,ZEN,external,wrong,Head,CC BY 4.0,data/datasets/yoga_for_all/bhujangasana/wrong/step_1-_Head/20230312_111537.jpg,True,True,True,,1024,631
bhujangasana_zen_0076,bhujangasana,step 1,ZEN,external,wrong,Head,CC BY 4.0,data/datasets/yoga_for_all/bhujangasana/wrong/step_1-_Head/20230312_111547.jpg,True,True,True,,1024,472
bhujangasana_zen_0077,bhujangasana,step 1,ZEN,external,wrong,Head,CC BY 4.0,data/datasets/yoga_for_all/bhujangasana/wrong/step_1-_Head/20230312_111548(1).jpg,True,True,True,,1024,472
bhujangasana_zen_0078,bhujangasana,step 1,ZEN,external,wrong,Head,CC BY 4.0,data/datasets/yoga_for_all/bhujangasana/wrong/step_1-_Head/20230312_111548.jpg,True,True,True,,1024,472
bhujangasana_zen_0079,bhujangasana,step 1,ZEN,external,wrong,Head,CC BY 4.0,data/datasets/yoga_for_all/bhujangasana/wrong/step_1-_Head/20230312_111549.jpg,True,True,True,,1024,472
bhujangasana_zen_0080,bhujangasana,step 1,ZEN,external,wrong,Head,CC BY 4.0,data/datasets/yoga_for_all/bhujangasana/wrong/step_1-_Head/20230312_111550(1).jpg,True,True,True,,1024,580
bhujangasana_zen_0081,bhujangasana,step 1,ZEN,external,wrong,Head,CC BY 4.0,data/datasets/yoga_for_all/bhujangasana/wrong/step_1-_Head/20230312_111550.jpg,True,True,True,,1024,472
bhujangasana_zen_0082,bhujangasana,step 1,ZEN,external,wrong,Head,CC BY 4.0,data/datasets/yoga_for_all/bhujangasana/wrong/step_1-_Head/20230312_111551.jpg,True,True,True,,1024,716
bhujangasana_zen_0083,bhujangasana,step 1,ZEN,external,wrong,Head,CC BY 4.0,data/datasets/yoga_for_all/bhujangasana/wrong/step_1-_Head/20230312_111552(0).jpg,True,True,True,,1024,472
bhujangasana_zen_0084,bhujangasana,step 1,ZEN,external,wrong,Head,CC BY 4.0,data/datasets/yoga_for_all/bhujangasana/wrong/step_1-_Head/20230312_111552.jpg,True,True,True,,1024,472
bhujangasana_zen_0085,bhujangasana,step 1,ZEN,external,wrong,Legs,CC BY 4.0,data/datasets/yoga_for_all/bhujangasana/wrong/step_1-_Legs/20230312_111442(0).jpg,True,True,True,,1024,472
bhujangasana_zen_0086,bhujangasana,step 1,ZEN,external,wrong,Legs,CC BY 4.0,data/datasets/yoga_for_all/bhujangasana/wrong/step_1-_Legs/20230312_111446(0).jpg,True,True,True,,1024,472
bhujangasana_zen_0087,bhujangasana,step 1,ZEN,external,wrong,Legs,CC BY 4.0,data/datasets/yoga_for_all/bhujangasana/wrong/step_1-_Legs/20230312_111451.jpg,True,True,True,,1024,472
bhujangasana_zen_0088,bhujangasana,step 1,ZEN,external,wrong,Legs,CC BY 4.0,data/datasets/yoga_for_all/bhujangasana/wrong/step_1-_Legs/20230312_111455.jpg,True,True,True,,1024,472
bhujangasana_zen_0089,bhujangasana,step 1,ZEN,external,wrong,Legs,CC BY 4.0,data/datasets/yoga_for_all/bhujangasana/wrong/step_1-_Legs/20230312_111500.jpg,True,False,False,no person detected,1024,472
bhujangasana_zen_0090,bhujangasana,step 1,ZEN,external,wrong,Legs,CC BY 4.0,data/datasets/yoga_for_all/bhujangasana/wrong/step_1-_Legs/20230312_111505(1).jpg,True,True,True,,1024,472
bhujangasana_zen_0091,bhujangasana,step 1,ZEN,external,wrong,Legs,CC BY 4.0,data/datasets/yoga_for_all/bhujangasana/wrong/step_1-_Legs/20230312_111510.jpg,True,True,True,,1024,472
bhujangasana_zen_0092,bhujangasana,step 1,ZEN,external,wrong,Legs,CC BY 4.0,data/datasets/yoga_for_all/bhujangasana/wrong/step_1-_Legs/20230312_111516.jpg,True,True,True,,1024,472
bhujangasana_zen_0093,bhujangasana,step 1,ZEN,external,wrong,Legs,CC BY 4.0,data/datasets/yoga_for_all/bhujangasana/wrong/step_1-_Legs/20230312_111528.jpg,True,True,True,,1024,472
bhujangasana_zen_0094,bhujangasana,step 1,ZEN,external,wrong,Legs,CC BY 4.0,data/datasets/yoga_for_all/bhujangasana/wrong/step_1-_Legs/20230312_111532.jpg,True,True,True,,1024,472
bhujangasana_zen_0095,bhujangasana,step 1,ZEN,external,wrong,Legs,CC BY 4.0,data/datasets/yoga_for_all/bhujangasana/wrong/step_1-_Legs/20230312_111539.jpg,True,True,True,,1024,561
bhujangasana_zen_0096,bhujangasana,step 1,ZEN,external,wrong,Legs,CC BY 4.0,data/datasets/yoga_for_all/bhujangasana/wrong/step_1-_Legs/20230312_111543(1).jpg,True,True,True,,1024,673
bhujangasana_zen_0097,bhujangasana,step 2,ZEN,external,wrong,Hand and Legs,CC BY 4.0,data/datasets/yoga_for_all/bhujangasana/wrong/step_2-_Hand_and_Legs/20230312_111806(0).jpg,True,True,True,,1024,814
bhujangasana_zen_0098,bhujangasana,step 2,ZEN,external,wrong,Hand and Legs,CC BY 4.0,data/datasets/yoga_for_all/bhujangasana/wrong/step_2-_Hand_and_Legs/20230312_111811.jpg,True,True,True,,1024,838
bhujangasana_zen_0099,bhujangasana,step 2,ZEN,external,wrong,Hand and Legs,CC BY 4.0,data/datasets/yoga_for_all/bhujangasana/wrong/step_2-_Hand_and_Legs/20230312_111817(0).jpg,True,True,True,,1024,749
bhujangasana_zen_0100,bhujangasana,step 2,ZEN,external,wrong,Hand and Legs,CC BY 4.0,data/datasets/yoga_for_all/bhujangasana/wrong/step_2-_Hand_and_Legs/20230312_111832(0).jpg,True,True,True,,884,1024
bhujangasana_zen_0101,bhujangasana,step 2,ZEN,external,wrong,Hand and Legs,CC BY 4.0,data/datasets/yoga_for_all/bhujangasana/wrong/step_2-_Hand_and_Legs/20230312_111844.jpg,True,True,True,,1024,603
bhujangasana_zen_0102,bhujangasana,step 2,ZEN,external,wrong,Hand and Legs,CC BY 4.0,data/datasets/yoga_for_all/bhujangasana/wrong/step_2-_Hand_and_Legs/20230312_111852.jpg,True,True,True,,909,1024
bhujangasana_zen_0103,bhujangasana,step 2,ZEN,external,wrong,Hand and Legs,CC BY 4.0,data/datasets/yoga_for_all/bhujangasana/wrong/step_2-_Hand_and_Legs/20230312_111900.jpg,True,True,True,,1024,485
bhujangasana_zen_0104,bhujangasana,step 2,ZEN,external,wrong,Hand and Legs,CC BY 4.0,data/datasets/yoga_for_all/bhujangasana/wrong/step_2-_Hand_and_Legs/20230312_111906(0).jpg,True,True,True,,1024,898
bhujangasana_zen_0105,bhujangasana,step 2,ZEN,external,wrong,Hand and Legs,CC BY 4.0,data/datasets/yoga_for_all/bhujangasana/wrong/step_2-_Hand_and_Legs/20230312_111915(1).jpg,True,True,True,,1024,721
bhujangasana_zen_0106,bhujangasana,step 2,ZEN,external,wrong,Hand and Legs,CC BY 4.0,data/datasets/yoga_for_all/bhujangasana/wrong/step_2-_Hand_and_Legs/20230312_111921(0).jpg,True,True,True,,1019,1024
bhujangasana_zen_0107,bhujangasana,step 2,ZEN,external,wrong,Hand and Legs,CC BY 4.0,data/datasets/yoga_for_all/bhujangasana/wrong/step_2-_Hand_and_Legs/20230312_111925.jpg,True,True,True,,927,1024
bhujangasana_zen_0108,bhujangasana,step 2,ZEN,external,wrong,Hand and Legs,CC BY 4.0,data/datasets/yoga_for_all/bhujangasana/wrong/step_2-_Hand_and_Legs/20230312_111931(0).jpg,True,True,True,,871,1024
bhujangasana_zen_0109,bhujangasana,step 2,ZEN,external,wrong,Legs,CC BY 4.0,data/datasets/yoga_for_all/bhujangasana/wrong/step_2-_Legs/20230312_111821(0).jpg,True,True,True,,848,1024
bhujangasana_zen_0110,bhujangasana,step 2,ZEN,external,wrong,Legs,CC BY 4.0,data/datasets/yoga_for_all/bhujangasana/wrong/step_2-_Legs/20230312_111821.jpg,True,True,True,,1024,924
bhujangasana_zen_0111,bhujangasana,step 2,ZEN,external,wrong,Legs,CC BY 4.0,data/datasets/yoga_for_all/bhujangasana/wrong/step_2-_Legs/20230312_111823(0).jpg,True,True,True,,1024,507
bhujangasana_zen_0112,bhujangasana,step 2,ZEN,external,wrong,Legs,CC BY 4.0,data/datasets/yoga_for_all/bhujangasana/wrong/step_2-_Legs/20230312_111824(0).jpg,True,True,True,,1024,470
bhujangasana_zen_0113,bhujangasana,step 2,ZEN,external,wrong,Legs,CC BY 4.0,data/datasets/yoga_for_all/bhujangasana/wrong/step_2-_Legs/20230312_111824(1).jpg,True,True,True,,1024,498
bhujangasana_zen_0114,bhujangasana,step 2,ZEN,external,wrong,Legs,CC BY 4.0,data/datasets/yoga_for_all/bhujangasana/wrong/step_2-_Legs/20230312_111825.jpg,True,True,True,,1024,451
bhujangasana_zen_0115,bhujangasana,step 2,ZEN,external,wrong,Legs,CC BY 4.0,data/datasets/yoga_for_all/bhujangasana/wrong/step_2-_Legs/20230312_111826(1).jpg,True,True,True,,1024,652
bhujangasana_zen_0116,bhujangasana,step 2,ZEN,external,wrong,Legs,CC BY 4.0,data/datasets/yoga_for_all/bhujangasana/wrong/step_2-_Legs/20230312_111826.jpg,True,True,True,,1024,478
bhujangasana_zen_0117,bhujangasana,step 2,ZEN,external,wrong,Legs,CC BY 4.0,data/datasets/yoga_for_all/bhujangasana/wrong/step_2-_Legs/20230312_111827(1).jpg,True,True,True,,1024,688
bhujangasana_zen_0118,bhujangasana,step 2,ZEN,external,wrong,Legs,CC BY 4.0,data/datasets/yoga_for_all/bhujangasana/wrong/step_2-_Legs/20230312_111828(0).jpg,True,True,True,,1024,812
bhujangasana_zen_0119,bhujangasana,step 2,ZEN,external,wrong,Legs,CC BY 4.0,data/datasets/yoga_for_all/bhujangasana/wrong/step_2-_Legs/20230312_111828.jpg,True,True,True,,1024,616
bhujangasana_zen_0120,bhujangasana,step 2,ZEN,external,wrong,Legs,CC BY 4.0,data/datasets/yoga_for_all/bhujangasana/wrong/step_2-_Legs/20230312_111829.jpg,True,True,True,,1024,841
bhujangasana_zen_0121,bhujangasana,step 3,ZEN,external,wrong,Head,CC BY 4.0,data/datasets/yoga_for_all/bhujangasana/wrong/step_3-_Head/20230312_111520.jpg,True,True,True,,1024,472
bhujangasana_zen_0122,bhujangasana,step 3,ZEN,external,wrong,Head,CC BY 4.0,data/datasets/yoga_for_all/bhujangasana/wrong/step_3-_Head/20230312_111528(0).jpg,True,True,True,,1024,472
bhujangasana_zen_0123,bhujangasana,step 3,ZEN,external,wrong,Head,CC BY 4.0,data/datasets/yoga_for_all/bhujangasana/wrong/step_3-_Head/20230312_111529(1).jpg,True,True,True,,1024,472
bhujangasana_zen_0124,bhujangasana,step 3,ZEN,external,wrong,Head,CC BY 4.0,data/datasets/yoga_for_all/bhujangasana/wrong/step_3-_Head/20230312_111530(0).jpg,True,True,True,,1024,472
bhujangasana_zen_0125,bhujangasana,step 3,ZEN,external,wrong,Head,CC BY 4.0,data/datasets/yoga_for_all/bhujangasana/wrong/step_3-_Head/20230312_111531(0).jpg,True,True,True,,1024,472
bhujangasana_zen_0126,bhujangasana,step 3,ZEN,external,wrong,Head,CC BY 4.0,data/datasets/yoga_for_all/bhujangasana/wrong/step_3-_Head/20230312_111532(0).jpg,True,True,True,,1024,472
bhujangasana_zen_0127,bhujangasana,step 3,ZEN,external,wrong,Head,CC BY 4.0,data/datasets/yoga_for_all/bhujangasana/wrong/step_3-_Head/20230312_111533(0).jpg,True,True,True,,1024,472
bhujangasana_zen_0128,bhujangasana,step 3,ZEN,external,wrong,Head,CC BY 4.0,data/datasets/yoga_for_all/bhujangasana/wrong/step_3-_Head/20230312_111534.jpg,True,True,True,,1024,472
bhujangasana_zen_0129,bhujangasana,step 3,ZEN,external,wrong,Head,CC BY 4.0,data/datasets/yoga_for_all/bhujangasana/wrong/step_3-_Head/20230312_111535.jpg,True,True,True,,1024,543
bhujangasana_zen_0130,bhujangasana,step 3,ZEN,external,wrong,Head,CC BY 4.0,data/datasets/yoga_for_all/bhujangasana/wrong/step_3-_Head/20230312_111536.jpg,True,True,True,,1024,472
bhujangasana_zen_0131,bhujangasana,step 3,ZEN,external,wrong,Head,CC BY 4.0,data/datasets/yoga_for_all/bhujangasana/wrong/step_3-_Head/20230312_111538(0).jpg,True,True,True,,1024,521
bhujangasana_zen_0132,bhujangasana,step 3,ZEN,external,wrong,Head,CC BY 4.0,data/datasets/yoga_for_all/bhujangasana/wrong/step_3-_Head/20230312_111539(1).jpg,True,True,True,,1024,681
bhujangasana_zen_0133,bhujangasana,step 3,ZEN,external,wrong,Legs,CC BY 4.0,data/datasets/yoga_for_all/bhujangasana/wrong/step_3-_Legs/20230312_111442(0).jpg,True,True,True,,1024,472
bhujangasana_zen_0134,bhujangasana,step 3,ZEN,external,wrong,Legs,CC BY 4.0,data/datasets/yoga_for_all/bhujangasana/wrong/step_3-_Legs/20230312_111445.jpg,True,False,False,no person detected,1024,472
bhujangasana_zen_0135,bhujangasana,step 3,ZEN,external,wrong,Legs,CC BY 4.0,data/datasets/yoga_for_all/bhujangasana/wrong/step_3-_Legs/20230312_111450.jpg,True,True,True,,1024,472
bhujangasana_zen_0136,bhujangasana,step 3,ZEN,external,wrong,Legs,CC BY 4.0,data/datasets/yoga_for_all/bhujangasana/wrong/step_3-_Legs/20230312_111454.jpg,True,True,True,,1024,472
bhujangasana_zen_0137,bhujangasana,step 3,ZEN,external,wrong,Legs,CC BY 4.0,data/datasets/yoga_for_all/bhujangasana/wrong/step_3-_Legs/20230312_111459(0).jpg,True,True,True,,1024,472
bhujangasana_zen_0138,bhujangasana,step 3,ZEN,external,wrong,Legs,CC BY 4.0,data/datasets/yoga_for_all/bhujangasana/wrong/step_3-_Legs/20230312_111503(1).jpg,True,True,True,,1024,472
bhujangasana_zen_0139,bhujangasana,step 3,ZEN,external,wrong,Legs,CC BY 4.0,data/datasets/yoga_for_all/bhujangasana/wrong/step_3-_Legs/20230312_111507(0).jpg,True,True,True,,1024,472
bhujangasana_zen_0140,bhujangasana,step 3,ZEN,external,wrong,Legs,CC BY 4.0,data/datasets/yoga_for_all/bhujangasana/wrong/step_3-_Legs/20230312_111513.jpg,True,True,True,,1024,472
bhujangasana_zen_0141,bhujangasana,step 3,ZEN,external,wrong,Legs,CC BY 4.0,data/datasets/yoga_for_all/bhujangasana/wrong/step_3-_Legs/20230312_111518(0).jpg,True,True,True,,1024,472
bhujangasana_zen_0142,bhujangasana,step 3,ZEN,external,wrong,Legs,CC BY 4.0,data/datasets/yoga_for_all/bhujangasana/wrong/step_3-_Legs/20230312_111542(0).jpg,True,True,True,,1024,670
bhujangasana_zen_0143,bhujangasana,step 3,ZEN,external,wrong,Legs,CC BY 4.0,data/datasets/yoga_for_all/bhujangasana/wrong/step_3-_Legs/20230312_111545.jpg,True,True,True,,1024,472
bhujangasana_zen_0144,bhujangasana,step 3,ZEN,external,wrong,Legs,CC BY 4.0,data/datasets/yoga_for_all/bhujangasana/wrong/step_3-_Legs/20230312_111549(0).jpg,True,True,True,,1024,590
marjaryasana_y107_0001,marjaryasana,cow,Y107,train,unlabelled,,not stated by the host (web photographs); included for research and education,data/datasets/yoga107/bitilasana/001.jpg,True,True,True,,262,159
marjaryasana_y107_0002,marjaryasana,cow,Y107,train,unlabelled,,not stated by the host (web photographs); included for research and education,data/datasets/yoga107/bitilasana/002.jpg,True,True,True,,562,472
marjaryasana_y107_0003,marjaryasana,cow,Y107,train,unlabelled,,not stated by the host (web photographs); included for research and education,data/datasets/yoga107/bitilasana/003.jpg,True,True,True,,339,300
marjaryasana_y107_0004,marjaryasana,cow,Y107,holdout,unlabelled,,not stated by the host (web photographs); included for research and education,data/datasets/yoga107/bitilasana/004.jpg,True,True,True,,339,182
marjaryasana_y107_0005,marjaryasana,cow,Y107,train,unlabelled,,not stated by the host (web photographs); included for research and education,data/datasets/yoga107/bitilasana/005.jpg,True,True,True,,500,397
marjaryasana_y107_0006,marjaryasana,cow,Y107,train,unlabelled,,not stated by the host (web photographs); included for research and education,data/datasets/yoga107/bitilasana/006.jpg,True,True,True,,245,190
marjaryasana_y107_0007,marjaryasana,cow,Y107,train,unlabelled,,not stated by the host (web photographs); included for research and education,data/datasets/yoga107/bitilasana/007.jpg,True,False,False,no person detected,446,321
marjaryasana_y107_0008,marjaryasana,cow,Y107,holdout,unlabelled,,not stated by the host (web photographs); included for research and education,data/datasets/yoga107/bitilasana/008.jpg,True,True,True,,532,288
marjaryasana_y107_0009,marjaryasana,cow,Y107,train,unlabelled,,not stated by the host (web photographs); included for research and education,data/datasets/yoga107/bitilasana/009.jpg,True,True,True,,473,294
marjaryasana_y107_0010,marjaryasana,cow,Y107,train,unlabelled,,not stated by the host (web photographs); included for research and education,data/datasets/yoga107/bitilasana/010.jpg,True,True,True,,508,351
marjaryasana_y107_0011,marjaryasana,cow,Y107,train,unlabelled,,not stated by the host (web photographs); included for research and education,data/datasets/yoga107/bitilasana/011.jpg,True,True,True,,703,397
marjaryasana_y107_0012,marjaryasana,cow,Y107,holdout,unlabelled,,not stated by the host (web photographs); included for research and education,data/datasets/yoga107/bitilasana/012.jpg,True,True,True,,386,226
marjaryasana_y107_0013,marjaryasana,cow,Y107,train,unlabelled,,not stated by the host (web photographs); included for research and education,data/datasets/yoga107/bitilasana/013.jpg,True,True,True,,896,623
marjaryasana_y107_0014,marjaryasana,cow,Y107,train,unlabelled,,not stated by the host (web photographs); included for research and education,data/datasets/yoga107/bitilasana/014.jpg,True,True,True,,457,285
marjaryasana_y107_0015,marjaryasana,cow,Y107,train,unlabelled,,not stated by the host (web photographs); included for research and education,data/datasets/yoga107/bitilasana/015.jpg,True,True,True,,376,245
marjaryasana_y107_0016,marjaryasana,cow,Y107,holdout,unlabelled,,not stated by the host (web photographs); included for research and education,data/datasets/yoga107/bitilasana/016.jpg,True,True,True,,290,199
marjaryasana_y107_0017,marjaryasana,cow,Y107,train,unlabelled,,not stated by the host (web photographs); included for research and education,data/datasets/yoga107/bitilasana/017.jpg,True,True,True,,328,205
marjaryasana_y107_0018,marjaryasana,cow,Y107,train,unlabelled,,not stated by the host (web photographs); included for research and education,data/datasets/yoga107/bitilasana/018.jpg,True,True,True,,347,254
marjaryasana_y107_0019,marjaryasana,cow,Y107,train,unlabelled,,not stated by the host (web photographs); included for research and education,data/datasets/yoga107/bitilasana/019.jpg,True,True,True,,457,342
marjaryasana_y107_0020,marjaryasana,cow,Y107,holdout,unlabelled,,not stated by the host (web photographs); included for research and education,data/datasets/yoga107/bitilasana/020.jpg,True,True,True,,330,223
marjaryasana_y107_0021,marjaryasana,cow,Y107,train,unlabelled,,not stated by the host (web photographs); included for research and education,data/datasets/yoga107/bitilasana/021.jpg,True,True,True,,683,444
marjaryasana_y107_0022,marjaryasana,cow,Y107,train,unlabelled,,not stated by the host (web photographs); included for research and education,data/datasets/yoga107/bitilasana/022.jpg,True,True,True,,356,247
marjaryasana_y107_0023,marjaryasana,cow,Y107,train,unlabelled,,not stated by the host (web photographs); included for research and education,data/datasets/yoga107/bitilasana/023.jpg,True,True,True,,490,337
marjaryasana_y107_0024,marjaryasana,cow,Y107,holdout,unlabelled,,not stated by the host (web photographs); included for research and education,data/datasets/yoga107/bitilasana/024.jpg,True,True,True,,306,232
marjaryasana_y107_0025,marjaryasana,cow,Y107,train,unlabelled,,not stated by the host (web photographs); included for research and education,data/datasets/yoga107/bitilasana/025.jpg,True,True,True,,297,233
marjaryasana_y107_0026,marjaryasana,cow,Y107,train,unlabelled,,not stated by the host (web photographs); included for research and education,data/datasets/yoga107/bitilasana/026.jpg,True,True,True,,413,210
marjaryasana_y107_0027,marjaryasana,cow,Y107,train,unlabelled,,not stated by the host (web photographs); included for research and education,data/datasets/yoga107/bitilasana/027.jpg,True,True,True,,526,417
marjaryasana_y107_0028,marjaryasana,cow,Y107,holdout,unlabelled,,not stated by the host (web photographs); included for research and education,data/datasets/yoga107/bitilasana/028.jpg,True,True,True,,494,261
marjaryasana_y107_0029,marjaryasana,cow,Y107,train,unlabelled,,not stated by the host (web photographs); included for research and education,data/datasets/yoga107/bitilasana/029.jpg,True,True,True,,495,383
marjaryasana_y107_0030,marjaryasana,cow,Y107,train,unlabelled,,not stated by the host (web photographs); included for research and education,data/datasets/yoga107/bitilasana/030.jpg,True,True,True,,273,196
marjaryasana_y107_0031,marjaryasana,cow,Y107,train,unlabelled,,not stated by the host (web photographs); included for research and education,data/datasets/yoga107/bitilasana/031.jpg,True,True,True,,271,192
marjaryasana_y107_0032,marjaryasana,cow,Y107,holdout,unlabelled,,not stated by the host (web photographs); included for research and education,data/datasets/yoga107/bitilasana/032.jpg,True,True,True,,337,199
marjaryasana_y107_0033,marjaryasana,cow,Y107,train,unlabelled,,not stated by the host (web photographs); included for research and education,data/datasets/yoga107/bitilasana/033.jpg,True,True,True,,410,258
marjaryasana_y107_0034,marjaryasana,cow,Y107,train,unlabelled,,not stated by the host (web photographs); included for research and education,data/datasets/yoga107/bitilasana/034.jpg,True,True,True,,243,140
marjaryasana_y107_0035,marjaryasana,cow,Y107,train,unlabelled,,not stated by the host (web photographs); included for research and education,data/datasets/yoga107/bitilasana/035.jpg,True,True,True,,336,245
marjaryasana_y107_0036,marjaryasana,cow,Y107,holdout,unlabelled,,not stated by the host (web photographs); included for research and education,data/datasets/yoga107/bitilasana/036.jpg,True,True,True,,327,310
marjaryasana_y107_0037,marjaryasana,cow,Y107,train,unlabelled,,not stated by the host (web photographs); included for research and education,data/datasets/yoga107/bitilasana/037.jpg,True,True,False,,302,227
marjaryasana_y107_0038,marjaryasana,cow,Y107,train,unlabelled,,not stated by the host (web photographs); included for research and education,data/datasets/yoga107/bitilasana/038.jpg,True,True,True,,319,306
marjaryasana_y107_0039,marjaryasana,cow,Y107,train,unlabelled,,not stated by the host (web photographs); included for research and education,data/datasets/yoga107/bitilasana/039.jpg,True,True,True,,625,465
marjaryasana_y107_0040,marjaryasana,cow,Y107,holdout,unlabelled,,not stated by the host (web photographs); included for research and education,data/datasets/yoga107/bitilasana/040.jpg,True,True,True,,384,264
marjaryasana_y107_0041,marjaryasana,cow,Y107,train,unlabelled,,not stated by the host (web photographs); included for research and education,data/datasets/yoga107/bitilasana/041.jpg,True,True,True,,939,494
marjaryasana_y107_0042,marjaryasana,cow,Y107,train,unlabelled,,not stated by the host (web photographs); included for research and education,data/datasets/yoga107/bitilasana/042.jpg,True,True,True,,352,256
marjaryasana_y107_0043,marjaryasana,cow,Y107,train,unlabelled,,not stated by the host (web photographs); included for research and education,data/datasets/yoga107/bitilasana/043.jpg,True,True,True,,318,190
marjaryasana_y107_0044,marjaryasana,cow,Y107,holdout,unlabelled,,not stated by the host (web photographs); included for research and education,data/datasets/yoga107/bitilasana/044.jpg,True,True,True,,415,267
marjaryasana_y107_0045,marjaryasana,cow,Y107,train,unlabelled,,not stated by the host (web photographs); included for research and education,data/datasets/yoga107/bitilasana/045.jpg,True,True,True,,231,158
marjaryasana_y107_0046,marjaryasana,cow,Y107,train,unlabelled,,not stated by the host (web photographs); included for research and education,data/datasets/yoga107/bitilasana/046.jpg,True,True,True,,722,443
marjaryasana_y107_0047,marjaryasana,cow,Y107,train,unlabelled,,not stated by the host (web photographs); included for research and education,data/datasets/yoga107/bitilasana/047.jpg,True,True,True,,329,213
marjaryasana_y107_0048,marjaryasana,cow,Y107,holdout,unlabelled,,not stated by the host (web photographs); included for research and education,data/datasets/yoga107/bitilasana/048.jpg,True,True,True,,421,291
marjaryasana_y107_0049,marjaryasana,cow,Y107,train,unlabelled,,not stated by the host (web photographs); included for research and education,data/datasets/yoga107/bitilasana/049.jpg,True,True,True,,344,228
marjaryasana_y107_0050,marjaryasana,cow,Y107,train,unlabelled,,not stated by the host (web photographs); included for research and education,data/datasets/yoga107/bitilasana/050.jpg,True,True,True,,466,257
marjaryasana_y107_0051,marjaryasana,cow,Y107,train,unlabelled,,not stated by the host (web photographs); included for research and education,data/datasets/yoga107/bitilasana/051.jpg,True,True,True,,383,278
marjaryasana_y107_0052,marjaryasana,cow,Y107,holdout,unlabelled,,not stated by the host (web photographs); included for research and education,data/datasets/yoga107/bitilasana/052.jpg,True,True,True,,248,203
marjaryasana_y107_0053,marjaryasana,cow,Y107,train,unlabelled,,not stated by the host (web photographs); included for research and education,data/datasets/yoga107/bitilasana/053.jpg,True,True,True,,366,255
marjaryasana_y107_0054,marjaryasana,cow,Y107,train,unlabelled,,not stated by the host (web photographs); included for research and education,data/datasets/yoga107/bitilasana/054.jpg,True,True,True,,291,223
marjaryasana_y107_0055,marjaryasana,cow,Y107,train,unlabelled,,not stated by the host (web photographs); included for research and education,data/datasets/yoga107/bitilasana/055.jpg,True,True,True,,626,408
marjaryasana_y107_0056,marjaryasana,cow,Y107,holdout,unlabelled,,not stated by the host (web photographs); included for research and education,data/datasets/yoga107/bitilasana/056.jpg,True,True,True,,371,242
marjaryasana_y107_0057,marjaryasana,cow,Y107,train,unlabelled,,not stated by the host (web photographs); included for research and education,data/datasets/yoga107/bitilasana/057.jpg,True,False,False,no person detected,372,294
marjaryasana_y107_0058,marjaryasana,cow,Y107,train,unlabelled,,not stated by the host (web photographs); included for research and education,data/datasets/yoga107/bitilasana/058.jpg,True,True,True,,504,390
marjaryasana_y107_0059,marjaryasana,cow,Y107,train,unlabelled,,not stated by the host (web photographs); included for research and education,data/datasets/yoga107/bitilasana/059.jpg,True,True,True,,339,261
marjaryasana_y107_0060,marjaryasana,cow,Y107,holdout,unlabelled,,not stated by the host (web photographs); included for research and education,data/datasets/yoga107/bitilasana/060.jpg,True,True,True,,728,499
marjaryasana_y107_0061,marjaryasana,cow,Y107,train,unlabelled,,not stated by the host (web photographs); included for research and education,data/datasets/yoga107/bitilasana/061.jpg,True,True,True,,361,247
marjaryasana_y107_0062,marjaryasana,cow,Y107,train,unlabelled,,not stated by the host (web photographs); included for research and education,data/datasets/yoga107/bitilasana/062.jpg,True,True,True,,281,160
marjaryasana_y107_0063,marjaryasana,cow,Y107,train,unlabelled,,not stated by the host (web photographs); included for research and education,data/datasets/yoga107/bitilasana/063.jpg,True,True,True,,374,250
marjaryasana_y107_0064,marjaryasana,cow,Y107,holdout,unlabelled,,not stated by the host (web photographs); included for research and education,data/datasets/yoga107/bitilasana/064.jpg,True,True,True,,334,206
marjaryasana_y107_0065,marjaryasana,cow,Y107,train,unlabelled,,not stated by the host (web photographs); included for research and education,data/datasets/yoga107/bitilasana/065.jpg,True,True,True,,775,515
marjaryasana_y107_0066,marjaryasana,cow,Y107,train,unlabelled,,not stated by the host (web photographs); included for research and education,data/datasets/yoga107/bitilasana/066.jpg,True,True,True,,319,238
marjaryasana_y107_0067,marjaryasana,cow,Y107,train,unlabelled,,not stated by the host (web photographs); included for research and education,data/datasets/yoga107/bitilasana/067.jpg,True,True,True,,339,240
marjaryasana_y107_0068,marjaryasana,cow,Y107,holdout,unlabelled,,not stated by the host (web photographs); included for research and education,data/datasets/yoga107/bitilasana/068.jpg,True,True,True,,309,260
marjaryasana_y107_0069,marjaryasana,cow,Y107,train,unlabelled,,not stated by the host (web photographs); included for research and education,data/datasets/yoga107/bitilasana/069.jpg,True,True,True,,285,178
marjaryasana_y107_0070,marjaryasana,cow,Y107,train,unlabelled,,not stated by the host (web photographs); included for research and education,data/datasets/yoga107/bitilasana/070.jpg,True,True,True,,266,131
marjaryasana_y107_0071,marjaryasana,cow,Y107,train,unlabelled,,not stated by the host (web photographs); included for research and education,data/datasets/yoga107/bitilasana/071.jpg,True,True,True,,309,168
marjaryasana_y107_0072,marjaryasana,cow,Y107,holdout,unlabelled,,not stated by the host (web photographs); included for research and education,data/datasets/yoga107/bitilasana/072.jpg,True,True,True,,318,245
marjaryasana_y107_0073,marjaryasana,cow,Y107,train,unlabelled,,not stated by the host (web photographs); included for research and education,data/datasets/yoga107/bitilasana/073.jpg,True,True,True,,337,200
marjaryasana_y107_0074,marjaryasana,cow,Y107,train,unlabelled,,not stated by the host (web photographs); included for research and education,data/datasets/yoga107/bitilasana/074.jpg,True,True,True,,521,392
marjaryasana_y107_0075,marjaryasana,cow,Y107,train,unlabelled,,not stated by the host (web photographs); included for research and education,data/datasets/yoga107/bitilasana/075.jpg,True,True,True,,640,444
marjaryasana_y107_0076,marjaryasana,cow,Y107,holdout,unlabelled,,not stated by the host (web photographs); included for research and education,data/datasets/yoga107/bitilasana/076.jpg,True,True,True,,293,216
marjaryasana_y107_0077,marjaryasana,cow,Y107,train,unlabelled,,not stated by the host (web photographs); included for research and education,data/datasets/yoga107/bitilasana/077.jpg,True,True,True,,333,225
marjaryasana_y107_0078,marjaryasana,cow,Y107,train,unlabelled,,not stated by the host (web photographs); included for research and education,data/datasets/yoga107/bitilasana/078.jpg,True,True,True,,410,243
marjaryasana_y107_0079,marjaryasana,cow,Y107,train,unlabelled,,not stated by the host (web photographs); included for research and education,data/datasets/yoga107/bitilasana/079.jpg,True,False,False,no person detected,459,464
marjaryasana_y107_0080,marjaryasana,cow,Y107,holdout,unlabelled,,not stated by the host (web photographs); included for research and education,data/datasets/yoga107/bitilasana/080.jpg,True,True,True,,305,190
marjaryasana_y107_0081,marjaryasana,cow,Y107,train,unlabelled,,not stated by the host (web photographs); included for research and education,data/datasets/yoga107/bitilasana/081.jpg,True,True,True,,452,333
marjaryasana_y107_0082,marjaryasana,cow,Y107,train,unlabelled,,not stated by the host (web photographs); included for research and education,data/datasets/yoga107/bitilasana/082.jpg,True,True,True,,247,161
marjaryasana_y107_0083,marjaryasana,cow,Y107,train,unlabelled,,not stated by the host (web photographs); included for research and education,data/datasets/yoga107/bitilasana/083.jpg,True,True,True,,580,394
marjaryasana_y107_0084,marjaryasana,cow,Y107,holdout,unlabelled,,not stated by the host (web photographs); included for research and education,data/datasets/yoga107/bitilasana/084.jpg,True,True,True,,554,374
marjaryasana_y107_0085,marjaryasana,cow,Y107,train,unlabelled,,not stated by the host (web photographs); included for research and education,data/datasets/yoga107/bitilasana/085.jpg,True,True,True,,287,250
marjaryasana_y107_0086,marjaryasana,cow,Y107,train,unlabelled,,not stated by the host (web photographs); included for research and education,data/datasets/yoga107/bitilasana/086.jpg,True,True,True,,762,578
marjaryasana_y107_0087,marjaryasana,cow,Y107,train,unlabelled,,not stated by the host (web photographs); included for research and education,data/datasets/yoga107/bitilasana/087.jpg,True,True,True,,371,231
marjaryasana_y107_0088,marjaryasana,cat,Y107,train,unlabelled,,not stated by the host (web photographs); included for research and education,data/datasets/yoga107/marjaryasana/001.jpg,True,True,True,,521,311
marjaryasana_y107_0089,marjaryasana,cat,Y107,train,unlabelled,,not stated by the host (web photographs); included for research and education,data/datasets/yoga107/marjaryasana/002.jpg,True,True,True,,635,359
marjaryasana_y107_0090,marjaryasana,cat,Y107,train,unlabelled,,not stated by the host (web photographs); included for research and education,data/datasets/yoga107/marjaryasana/003.jpg,True,True,True,,327,221
marjaryasana_y107_0091,marjaryasana,cat,Y107,holdout,unlabelled,,not stated by the host (web photographs); included for research and education,data/datasets/yoga107/marjaryasana/004.jpg,True,True,True,,388,247
marjaryasana_y107_0092,marjaryasana,cat,Y107,train,unlabelled,,not stated by the host (web photographs); included for research and education,data/datasets/yoga107/marjaryasana/005.jpg,True,True,True,,187,126
marjaryasana_y107_0093,marjaryasana,cat,Y107,train,unlabelled,,not stated by the host (web photographs); included for research and education,data/datasets/yoga107/marjaryasana/006.jpg,True,True,True,,433,252
marjaryasana_y107_0094,marjaryasana,cat,Y107,train,unlabelled,,not stated by the host (web photographs); included for research and education,data/datasets/yoga107/marjaryasana/007.jpg,True,True,True,,370,213
marjaryasana_y107_0095,marjaryasana,cat,Y107,holdout,unlabelled,,not stated by the host (web photographs); included for research and education,data/datasets/yoga107/marjaryasana/008.jpg,True,True,True,,188,114
marjaryasana_y107_0096,marjaryasana,cat,Y107,train,unlabelled,,not stated by the host (web photographs); included for research and education,data/datasets/yoga107/marjaryasana/009.jpg,True,True,True,,484,282
marjaryasana_y107_0097,marjaryasana,cat,Y107,train,unlabelled,,not stated by the host (web photographs); included for research and education,data/datasets/yoga107/marjaryasana/010.jpg,True,True,True,,794,490
marjaryasana_y107_0098,marjaryasana,cat,Y107,train,unlabelled,,not stated by the host (web photographs); included for research and education,data/datasets/yoga107/marjaryasana/011.jpg,True,True,True,,433,258
marjaryasana_y107_0099,marjaryasana,cat,Y107,holdout,unlabelled,,not stated by the host (web photographs); included for research and education,data/datasets/yoga107/marjaryasana/012.jpg,True,True,True,,658,496
marjaryasana_y107_0100,marjaryasana,cat,Y107,train,unlabelled,,not stated by the host (web photographs); included for research and education,data/datasets/yoga107/marjaryasana/013.jpg,True,True,True,,574,398
marjaryasana_y107_0101,marjaryasana,cat,Y107,train,unlabelled,,not stated by the host (web photographs); included for research and education,data/datasets/yoga107/marjaryasana/014.jpg,True,True,True,,210,198
marjaryasana_y107_0102,marjaryasana,cat,Y107,train,unlabelled,,not stated by the host (web photographs); included for research and education,data/datasets/yoga107/marjaryasana/015.jpg,True,True,True,,396,210
marjaryasana_y107_0103,marjaryasana,cat,Y107,holdout,unlabelled,,not stated by the host (web photographs); included for research and education,data/datasets/yoga107/marjaryasana/016.jpg,True,True,True,,446,390
marjaryasana_y107_0104,marjaryasana,cat,Y107,train,unlabelled,,not stated by the host (web photographs); included for research and education,data/datasets/yoga107/marjaryasana/017.jpg,True,True,True,,334,206
marjaryasana_y107_0105,marjaryasana,cat,Y107,train,unlabelled,,not stated by the host (web photographs); included for research and education,data/datasets/yoga107/marjaryasana/018.jpg,True,True,True,,543,326
marjaryasana_y107_0106,marjaryasana,cat,Y107,train,unlabelled,,not stated by the host (web photographs); included for research and education,data/datasets/yoga107/marjaryasana/019.jpg,True,True,True,,348,216
marjaryasana_y107_0107,marjaryasana,cat,Y107,holdout,unlabelled,,not stated by the host (web photographs); included for research and education,data/datasets/yoga107/marjaryasana/020.jpg,True,True,True,,515,309
marjaryasana_y107_0108,marjaryasana,cat,Y107,train,unlabelled,,not stated by the host (web photographs); included for research and education,data/datasets/yoga107/marjaryasana/021.jpg,True,True,True,,481,287
marjaryasana_y107_0109,marjaryasana,cat,Y107,train,unlabelled,,not stated by the host (web photographs); included for research and education,data/datasets/yoga107/marjaryasana/022.jpg,True,True,True,,390,235
marjaryasana_y107_0110,marjaryasana,cat,Y107,train,unlabelled,,not stated by the host (web photographs); included for research and education,data/datasets/yoga107/marjaryasana/023.jpg,True,True,True,,327,310
marjaryasana_y107_0111,marjaryasana,cat,Y107,holdout,unlabelled,,not stated by the host (web photographs); included for research and education,data/datasets/yoga107/marjaryasana/024.jpg,True,True,True,,355,223
marjaryasana_y107_0112,marjaryasana,cat,Y107,train,unlabelled,,not stated by the host (web photographs); included for research and education,data/datasets/yoga107/marjaryasana/025.jpg,True,True,True,,472,302
marjaryasana_y107_0113,marjaryasana,cat,Y107,train,unlabelled,,not stated by the host (web photographs); included for research and education,data/datasets/yoga107/marjaryasana/026.jpg,True,True,True,,490,301
marjaryasana_y107_0114,marjaryasana,cat,Y107,train,unlabelled,,not stated by the host (web photographs); included for research and education,data/datasets/yoga107/marjaryasana/027.jpg,True,True,True,,574,338
marjaryasana_y107_0115,marjaryasana,cat,Y107,holdout,unlabelled,,not stated by the host (web photographs); included for research and education,data/datasets/yoga107/marjaryasana/028.jpg,True,True,True,,660,480
marjaryasana_y107_0116,marjaryasana,cat,Y107,train,unlabelled,,not stated by the host (web photographs); included for research and education,data/datasets/yoga107/marjaryasana/029.jpg,True,True,True,,281,160
marjaryasana_y107_0117,marjaryasana,cat,Y107,train,unlabelled,,not stated by the host (web photographs); included for research and education,data/datasets/yoga107/marjaryasana/030.jpg,True,True,True,,473,294
marjaryasana_y107_0118,marjaryasana,cat,Y107,train,unlabelled,,not stated by the host (web photographs); included for research and education,data/datasets/yoga107/marjaryasana/031.jpg,True,True,True,,256,166
marjaryasana_y107_0119,marjaryasana,cat,Y107,holdout,unlabelled,,not stated by the host (web photographs); included for research and education,data/datasets/yoga107/marjaryasana/032.jpg,True,True,True,,342,214
marjaryasana_y107_0120,marjaryasana,cat,Y107,train,unlabelled,,not stated by the host (web photographs); included for research and education,data/datasets/yoga107/marjaryasana/033.jpg,True,True,True,,694,393
marjaryasana_y107_0121,marjaryasana,cat,Y107,train,unlabelled,,not stated by the host (web photographs); included for research and education,data/datasets/yoga107/marjaryasana/034.jpg,True,True,True,,206,181
marjaryasana_y107_0122,marjaryasana,cat,Y107,train,unlabelled,,not stated by the host (web photographs); included for research and education,data/datasets/yoga107/marjaryasana/035.jpg,True,True,True,,455,203
marjaryasana_y107_0123,marjaryasana,cat,Y107,holdout,unlabelled,,not stated by the host (web photographs); included for research and education,data/datasets/yoga107/marjaryasana/036.jpg,True,True,True,,531,307
marjaryasana_y107_0124,marjaryasana,cat,Y107,train,unlabelled,,not stated by the host (web photographs); included for research and education,data/datasets/yoga107/marjaryasana/037.jpg,True,True,True,,230,182
marjaryasana_y107_0125,marjaryasana,cat,Y107,train,unlabelled,,not stated by the host (web photographs); included for research and education,data/datasets/yoga107/marjaryasana/038.jpg,True,True,True,,535,347
marjaryasana_y107_0126,marjaryasana,cat,Y107,train,unlabelled,,not stated by the host (web photographs); included for research and education,data/datasets/yoga107/marjaryasana/039.jpg,True,True,True,,638,354
marjaryasana_y107_0127,marjaryasana,cat,Y107,holdout,unlabelled,,not stated by the host (web photographs); included for research and education,data/datasets/yoga107/marjaryasana/040.jpg,True,True,True,,338,223
marjaryasana_y107_0128,marjaryasana,cat,Y107,train,unlabelled,,not stated by the host (web photographs); included for research and education,data/datasets/yoga107/marjaryasana/041.jpg,True,True,False,,132,178
marjaryasana_y107_0129,marjaryasana,cat,Y107,train,unlabelled,,not stated by the host (web photographs); included for research and education,data/datasets/yoga107/marjaryasana/042.jpg,True,True,True,,329,224
marjaryasana_y107_0130,marjaryasana,cat,Y107,train,unlabelled,,not stated by the host (web photographs); included for research and education,data/datasets/yoga107/marjaryasana/043.jpg,True,True,True,,337,200
marjaryasana_y107_0131,marjaryasana,cat,Y107,holdout,unlabelled,,not stated by the host (web photographs); included for research and education,data/datasets/yoga107/marjaryasana/044.jpg,True,True,True,,351,206
marjaryasana_y107_0132,marjaryasana,cat,Y107,train,unlabelled,,not stated by the host (web photographs); included for research and education,data/datasets/yoga107/marjaryasana/045.jpg,True,True,True,,546,320
marjaryasana_y107_0133,marjaryasana,cat,Y107,train,unlabelled,,not stated by the host (web photographs); included for research and education,data/datasets/yoga107/marjaryasana/046.jpg,True,True,True,,342,250
marjaryasana_zen_0001,marjaryasana,step 1,ZEN,external,right,,CC BY 4.0,data/datasets/yoga_for_all/marjaryasana/right/step_1/20230311_151508.jpg,True,True,True,,472,1024
marjaryasana_zen_0002,marjaryasana,step 1,ZEN,external,right,,CC BY 4.0,data/datasets/yoga_for_all/marjaryasana/right/step_1/20230311_151537.jpg,True,True,True,,472,1024
marjaryasana_zen_0003,marjaryasana,step 1,ZEN,external,right,,CC BY 4.0,data/datasets/yoga_for_all/marjaryasana/right/step_1/20230311_151600.jpg,True,True,True,,472,1024
marjaryasana_zen_0004,marjaryasana,step 1,ZEN,external,right,,CC BY 4.0,data/datasets/yoga_for_all/marjaryasana/right/step_1/20230311_151625.jpg,True,True,True,,472,1024
marjaryasana_zen_0005,marjaryasana,step 1,ZEN,external,right,,CC BY 4.0,data/datasets/yoga_for_all/marjaryasana/right/step_1/20230311_151639.jpg,True,True,True,,472,1024
marjaryasana_zen_0006,marjaryasana,step 1,ZEN,external,right,,CC BY 4.0,data/datasets/yoga_for_all/marjaryasana/right/step_1/20230311_151657.jpg,True,True,True,,472,1024
marjaryasana_zen_0007,marjaryasana,step 1,ZEN,external,right,,CC BY 4.0,data/datasets/yoga_for_all/marjaryasana/right/step_1/20230311_151713.jpg,True,True,True,,472,1024
marjaryasana_zen_0008,marjaryasana,step 1,ZEN,external,right,,CC BY 4.0,data/datasets/yoga_for_all/marjaryasana/right/step_1/20230311_151721(0).jpg,True,True,True,,472,1024
marjaryasana_zen_0009,marjaryasana,step 1,ZEN,external,right,,CC BY 4.0,data/datasets/yoga_for_all/marjaryasana/right/step_1/20230311_151741(0).jpg,True,True,True,,472,1024
marjaryasana_zen_0010,marjaryasana,step 1,ZEN,external,right,,CC BY 4.0,data/datasets/yoga_for_all/marjaryasana/right/step_1/20230311_151746.jpg,True,True,True,,472,1024
marjaryasana_zen_0011,marjaryasana,step 1,ZEN,external,right,,CC BY 4.0,data/datasets/yoga_for_all/marjaryasana/right/step_1/20230311_151755(0).jpg,True,True,True,,472,1024
marjaryasana_zen_0012,marjaryasana,step 1,ZEN,external,right,,CC BY 4.0,data/datasets/yoga_for_all/marjaryasana/right/step_1/20230311_151805.jpg,True,True,True,,472,1024
marjaryasana_zen_0013,marjaryasana,step 1,ZEN,external,right,,CC BY 4.0,data/datasets/yoga_for_all/marjaryasana/right/step_1/20230311_151812.jpg,True,True,True,,472,1024
marjaryasana_zen_0014,marjaryasana,step 1,ZEN,external,right,,CC BY 4.0,data/datasets/yoga_for_all/marjaryasana/right/step_1/20230311_151821(0).jpg,True,True,True,,472,1024
marjaryasana_zen_0015,marjaryasana,step 1,ZEN,external,right,,CC BY 4.0,data/datasets/yoga_for_all/marjaryasana/right/step_1/20230311_151828.jpg,True,True,True,,472,1024
marjaryasana_zen_0016,marjaryasana,step 1,ZEN,external,right,,CC BY 4.0,data/datasets/yoga_for_all/marjaryasana/right/step_1/20230311_151834.jpg,True,True,True,,472,1024
marjaryasana_zen_0017,marjaryasana,step 1,ZEN,external,right,,CC BY 4.0,data/datasets/yoga_for_all/marjaryasana/right/step_1/20230311_151842.jpg,True,True,True,,472,1024
marjaryasana_zen_0018,marjaryasana,step 1,ZEN,external,right,,CC BY 4.0,data/datasets/yoga_for_all/marjaryasana/right/step_1/20230311_151849.jpg,True,True,True,,472,1024
marjaryasana_zen_0019,marjaryasana,step 1,ZEN,external,right,,CC BY 4.0,data/datasets/yoga_for_all/marjaryasana/right/step_1/20230311_151903.jpg,True,True,True,,472,1024
marjaryasana_zen_0020,marjaryasana,step 1,ZEN,external,right,,CC BY 4.0,data/datasets/yoga_for_all/marjaryasana/right/step_1/20230311_151909.jpg,True,True,True,,472,1024
marjaryasana_zen_0021,marjaryasana,step 1,ZEN,external,right,,CC BY 4.0,data/datasets/yoga_for_all/marjaryasana/right/step_1/20230311_151918.jpg,True,True,True,,472,1024
marjaryasana_zen_0022,marjaryasana,step 1,ZEN,external,right,,CC BY 4.0,data/datasets/yoga_for_all/marjaryasana/right/step_1/20230311_151929.jpg,True,True,True,,472,1024
marjaryasana_zen_0023,marjaryasana,step 1,ZEN,external,right,,CC BY 4.0,data/datasets/yoga_for_all/marjaryasana/right/step_1/20230311_151936.jpg,True,True,True,,472,1024
marjaryasana_zen_0024,marjaryasana,step 1,ZEN,external,right,,CC BY 4.0,data/datasets/yoga_for_all/marjaryasana/right/step_1/20230311_151944.jpg,True,True,True,,472,1024
marjaryasana_zen_0025,marjaryasana,step 2,ZEN,external,right,,CC BY 4.0,data/datasets/yoga_for_all/marjaryasana/right/step_2/20230311_153305(0).jpg,True,True,True,,472,1024
marjaryasana_zen_0026,marjaryasana,step 2,ZEN,external,right,,CC BY 4.0,data/datasets/yoga_for_all/marjaryasana/right/step_2/20230311_153316.jpg,True,True,True,,472,1024
marjaryasana_zen_0027,marjaryasana,step 2,ZEN,external,right,,CC BY 4.0,data/datasets/yoga_for_all/marjaryasana/right/step_2/20230311_153328.jpg,True,True,True,,472,1024
marjaryasana_zen_0028,marjaryasana,step 2,ZEN,external,right,,CC BY 4.0,data/datasets/yoga_for_all/marjaryasana/right/step_2/20230311_153353.jpg,True,True,True,,472,1024
marjaryasana_zen_0029,marjaryasana,step 2,ZEN,external,right,,CC BY 4.0,data/datasets/yoga_for_all/marjaryasana/right/step_2/20230311_153402.jpg,True,True,True,,472,1024
marjaryasana_zen_0030,marjaryasana,step 2,ZEN,external,right,,CC BY 4.0,data/datasets/yoga_for_all/marjaryasana/right/step_2/20230311_153415.jpg,True,True,True,,472,1024
marjaryasana_zen_0031,marjaryasana,step 2,ZEN,external,right,,CC BY 4.0,data/datasets/yoga_for_all/marjaryasana/right/step_2/20230311_153439.jpg,True,True,True,,472,1024
marjaryasana_zen_0032,marjaryasana,step 2,ZEN,external,right,,CC BY 4.0,data/datasets/yoga_for_all/marjaryasana/right/step_2/20230311_153501.jpg,True,True,True,,472,1024
marjaryasana_zen_0033,marjaryasana,step 2,ZEN,external,right,,CC BY 4.0,data/datasets/yoga_for_all/marjaryasana/right/step_2/20230311_153515.jpg,True,True,True,,472,1024
marjaryasana_zen_0034,marjaryasana,step 2,ZEN,external,right,,CC BY 4.0,data/datasets/yoga_for_all/marjaryasana/right/step_2/20230311_153523(1).jpg,True,True,True,,472,1024
marjaryasana_zen_0035,marjaryasana,step 2,ZEN,external,right,,CC BY 4.0,data/datasets/yoga_for_all/marjaryasana/right/step_2/20230311_153555.jpg,True,True,True,,472,1024
marjaryasana_zen_0036,marjaryasana,step 2,ZEN,external,right,,CC BY 4.0,data/datasets/yoga_for_all/marjaryasana/right/step_2/20230311_153607(0).jpg,True,True,True,,472,1024
marjaryasana_zen_0037,marjaryasana,step 2,ZEN,external,right,,CC BY 4.0,data/datasets/yoga_for_all/marjaryasana/right/step_2/20230311_153614.jpg,True,True,True,,472,1024
marjaryasana_zen_0038,marjaryasana,step 2,ZEN,external,right,,CC BY 4.0,data/datasets/yoga_for_all/marjaryasana/right/step_2/20230311_153622.jpg,True,True,True,,472,1024
marjaryasana_zen_0039,marjaryasana,step 2,ZEN,external,right,,CC BY 4.0,data/datasets/yoga_for_all/marjaryasana/right/step_2/20230311_153634(0).jpg,True,True,True,,472,1024
marjaryasana_zen_0040,marjaryasana,step 2,ZEN,external,right,,CC BY 4.0,data/datasets/yoga_for_all/marjaryasana/right/step_2/20230311_153644.jpg,True,True,True,,472,1024
marjaryasana_zen_0041,marjaryasana,step 2,ZEN,external,right,,CC BY 4.0,data/datasets/yoga_for_all/marjaryasana/right/step_2/20230311_153716.jpg,True,True,True,,472,1024
marjaryasana_zen_0042,marjaryasana,step 2,ZEN,external,right,,CC BY 4.0,data/datasets/yoga_for_all/marjaryasana/right/step_2/20230311_153730(1).jpg,True,True,True,,472,1024
marjaryasana_zen_0043,marjaryasana,step 2,ZEN,external,right,,CC BY 4.0,data/datasets/yoga_for_all/marjaryasana/right/step_2/20230311_153735(1).jpg,True,True,True,,472,1024
marjaryasana_zen_0044,marjaryasana,step 2,ZEN,external,right,,CC BY 4.0,data/datasets/yoga_for_all/marjaryasana/right/step_2/20230311_153744.jpg,True,True,True,,472,1024
marjaryasana_zen_0045,marjaryasana,step 2,ZEN,external,right,,CC BY 4.0,data/datasets/yoga_for_all/marjaryasana/right/step_2/20230311_153753.jpg,True,True,True,,472,1024
marjaryasana_zen_0046,marjaryasana,step 2,ZEN,external,right,,CC BY 4.0,data/datasets/yoga_for_all/marjaryasana/right/step_2/20230311_153801.jpg,True,True,True,,472,1024
marjaryasana_zen_0047,marjaryasana,step 2,ZEN,external,right,,CC BY 4.0,data/datasets/yoga_for_all/marjaryasana/right/step_2/20230311_154225.jpg,True,True,True,,472,1024
marjaryasana_zen_0048,marjaryasana,step 2,ZEN,external,right,,CC BY 4.0,data/datasets/yoga_for_all/marjaryasana/right/step_2/20230311_154240(0).jpg,True,True,True,,472,1024
marjaryasana_zen_0049,marjaryasana,step 3,ZEN,external,right,,CC BY 4.0,data/datasets/yoga_for_all/marjaryasana/right/step_3/20230311_155332.jpg,True,True,True,,472,1024
marjaryasana_zen_0050,marjaryasana,step 3,ZEN,external,right,,CC BY 4.0,data/datasets/yoga_for_all/marjaryasana/right/step_3/20230311_155336.jpg,True,True,True,,472,1024
marjaryasana_zen_0051,marjaryasana,step 3,ZEN,external,right,,CC BY 4.0,data/datasets/yoga_for_all/marjaryasana/right/step_3/20230311_155343.jpg,True,True,True,,472,1024
marjaryasana_zen_0052,marjaryasana,step 3,ZEN,external,right,,CC BY 4.0,data/datasets/yoga_for_all/marjaryasana/right/step_3/20230311_155351(0).jpg,True,True,True,,472,1024
marjaryasana_zen_0053,marjaryasana,step 3,ZEN,external,right,,CC BY 4.0,data/datasets/yoga_for_all/marjaryasana/right/step_3/20230311_155357.jpg,True,True,True,,472,1024
marjaryasana_zen_0054,marjaryasana,step 3,ZEN,external,right,,CC BY 4.0,data/datasets/yoga_for_all/marjaryasana/right/step_3/20230311_155405(0).jpg,True,True,True,,472,1024
marjaryasana_zen_0055,marjaryasana,step 3,ZEN,external,right,,CC BY 4.0,data/datasets/yoga_for_all/marjaryasana/right/step_3/20230311_155409.jpg,True,True,True,,472,1024
marjaryasana_zen_0056,marjaryasana,step 3,ZEN,external,right,,CC BY 4.0,data/datasets/yoga_for_all/marjaryasana/right/step_3/20230311_155415(0).jpg,True,True,True,,472,1024
marjaryasana_zen_0057,marjaryasana,step 3,ZEN,external,right,,CC BY 4.0,data/datasets/yoga_for_all/marjaryasana/right/step_3/20230311_155419.jpg,True,True,True,,472,1024
marjaryasana_zen_0058,marjaryasana,step 3,ZEN,external,right,,CC BY 4.0,data/datasets/yoga_for_all/marjaryasana/right/step_3/20230311_155431(0).jpg,True,True,True,,472,1024
marjaryasana_zen_0059,marjaryasana,step 3,ZEN,external,right,,CC BY 4.0,data/datasets/yoga_for_all/marjaryasana/right/step_3/20230311_155437.jpg,True,True,True,,472,1024
marjaryasana_zen_0060,marjaryasana,step 3,ZEN,external,right,,CC BY 4.0,data/datasets/yoga_for_all/marjaryasana/right/step_3/20230311_155442.jpg,True,True,True,,472,1024
marjaryasana_zen_0061,marjaryasana,step 3,ZEN,external,right,,CC BY 4.0,data/datasets/yoga_for_all/marjaryasana/right/step_3/20230311_155452.jpg,True,True,True,,472,1024
marjaryasana_zen_0062,marjaryasana,step 3,ZEN,external,right,,CC BY 4.0,data/datasets/yoga_for_all/marjaryasana/right/step_3/20230311_155501.jpg,True,True,True,,472,1024
marjaryasana_zen_0063,marjaryasana,step 3,ZEN,external,right,,CC BY 4.0,data/datasets/yoga_for_all/marjaryasana/right/step_3/20230311_155508(0).jpg,True,True,True,,472,1024
marjaryasana_zen_0064,marjaryasana,step 3,ZEN,external,right,,CC BY 4.0,data/datasets/yoga_for_all/marjaryasana/right/step_3/20230311_155513(0).jpg,True,True,True,,472,1024
marjaryasana_zen_0065,marjaryasana,step 3,ZEN,external,right,,CC BY 4.0,data/datasets/yoga_for_all/marjaryasana/right/step_3/20230311_155518(0).jpg,True,True,True,,472,1024
marjaryasana_zen_0066,marjaryasana,step 3,ZEN,external,right,,CC BY 4.0,data/datasets/yoga_for_all/marjaryasana/right/step_3/20230311_155523.jpg,True,True,True,,472,1024
marjaryasana_zen_0067,marjaryasana,step 3,ZEN,external,right,,CC BY 4.0,data/datasets/yoga_for_all/marjaryasana/right/step_3/20230311_155528.jpg,True,True,True,,472,1024
marjaryasana_zen_0068,marjaryasana,step 3,ZEN,external,right,,CC BY 4.0,data/datasets/yoga_for_all/marjaryasana/right/step_3/20230311_155536.jpg,True,True,True,,472,1024
marjaryasana_zen_0069,marjaryasana,step 3,ZEN,external,right,,CC BY 4.0,data/datasets/yoga_for_all/marjaryasana/right/step_3/20230311_155542.jpg,True,True,True,,472,1024
marjaryasana_zen_0070,marjaryasana,step 3,ZEN,external,right,,CC BY 4.0,data/datasets/yoga_for_all/marjaryasana/right/step_3/20230311_155600.jpg,True,True,True,,472,1024
marjaryasana_zen_0071,marjaryasana,step 3,ZEN,external,right,,CC BY 4.0,data/datasets/yoga_for_all/marjaryasana/right/step_3/20230311_155605.jpg,True,True,True,,472,1024
marjaryasana_zen_0072,marjaryasana,step 3,ZEN,external,right,,CC BY 4.0,data/datasets/yoga_for_all/marjaryasana/right/step_3/20230311_155610.jpg,True,True,True,,472,1024
marjaryasana_zen_0073,marjaryasana,step 4,ZEN,external,right,,CC BY 4.0,data/datasets/yoga_for_all/marjaryasana/right/step_4/20230311_160423.jpg,True,True,True,,472,1024
marjaryasana_zen_0074,marjaryasana,step 4,ZEN,external,right,,CC BY 4.0,data/datasets/yoga_for_all/marjaryasana/right/step_4/20230311_160428.jpg,True,True,True,,472,1024
marjaryasana_zen_0075,marjaryasana,step 4,ZEN,external,right,,CC BY 4.0,data/datasets/yoga_for_all/marjaryasana/right/step_4/20230311_160434.jpg,True,True,True,,472,1024
marjaryasana_zen_0076,marjaryasana,step 4,ZEN,external,right,,CC BY 4.0,data/datasets/yoga_for_all/marjaryasana/right/step_4/20230311_160439(0).jpg,True,True,True,,472,1024
marjaryasana_zen_0077,marjaryasana,step 4,ZEN,external,right,,CC BY 4.0,data/datasets/yoga_for_all/marjaryasana/right/step_4/20230311_160445(0).jpg,True,True,True,,472,1024
marjaryasana_zen_0078,marjaryasana,step 4,ZEN,external,right,,CC BY 4.0,data/datasets/yoga_for_all/marjaryasana/right/step_4/20230311_160450.jpg,True,True,True,,472,1024
marjaryasana_zen_0079,marjaryasana,step 4,ZEN,external,right,,CC BY 4.0,data/datasets/yoga_for_all/marjaryasana/right/step_4/20230311_160457.jpg,True,True,True,,472,1024
marjaryasana_zen_0080,marjaryasana,step 4,ZEN,external,right,,CC BY 4.0,data/datasets/yoga_for_all/marjaryasana/right/step_4/20230311_160501.jpg,True,True,True,,472,1024
marjaryasana_zen_0081,marjaryasana,step 4,ZEN,external,right,,CC BY 4.0,data/datasets/yoga_for_all/marjaryasana/right/step_4/20230311_160507(0).jpg,True,True,True,,472,1024
marjaryasana_zen_0082,marjaryasana,step 4,ZEN,external,right,,CC BY 4.0,data/datasets/yoga_for_all/marjaryasana/right/step_4/20230311_160511.jpg,True,True,True,,472,1024
marjaryasana_zen_0083,marjaryasana,step 4,ZEN,external,right,,CC BY 4.0,data/datasets/yoga_for_all/marjaryasana/right/step_4/20230311_160517(0).jpg,True,True,True,,472,1024
marjaryasana_zen_0084,marjaryasana,step 4,ZEN,external,right,,CC BY 4.0,data/datasets/yoga_for_all/marjaryasana/right/step_4/20230311_160524(0).jpg,True,True,True,,472,1024
marjaryasana_zen_0085,marjaryasana,step 4,ZEN,external,right,,CC BY 4.0,data/datasets/yoga_for_all/marjaryasana/right/step_4/20230311_160530.jpg,True,True,True,,472,1024
marjaryasana_zen_0086,marjaryasana,step 4,ZEN,external,right,,CC BY 4.0,data/datasets/yoga_for_all/marjaryasana/right/step_4/20230311_160538.jpg,True,True,True,,472,1024
marjaryasana_zen_0087,marjaryasana,step 4,ZEN,external,right,,CC BY 4.0,data/datasets/yoga_for_all/marjaryasana/right/step_4/20230311_160547.jpg,True,True,True,,472,1024
marjaryasana_zen_0088,marjaryasana,step 4,ZEN,external,right,,CC BY 4.0,data/datasets/yoga_for_all/marjaryasana/right/step_4/20230311_160552.jpg,True,True,True,,472,1024
marjaryasana_zen_0089,marjaryasana,step 4,ZEN,external,right,,CC BY 4.0,data/datasets/yoga_for_all/marjaryasana/right/step_4/20230311_160600(0).jpg,True,True,True,,472,1024
marjaryasana_zen_0090,marjaryasana,step 4,ZEN,external,right,,CC BY 4.0,data/datasets/yoga_for_all/marjaryasana/right/step_4/20230311_160605.jpg,True,True,True,,472,1024
marjaryasana_zen_0091,marjaryasana,step 4,ZEN,external,right,,CC BY 4.0,data/datasets/yoga_for_all/marjaryasana/right/step_4/20230311_160612.jpg,True,True,True,,472,1024
marjaryasana_zen_0092,marjaryasana,step 4,ZEN,external,right,,CC BY 4.0,data/datasets/yoga_for_all/marjaryasana/right/step_4/20230311_160619.jpg,True,True,True,,472,1024
marjaryasana_zen_0093,marjaryasana,step 4,ZEN,external,right,,CC BY 4.0,data/datasets/yoga_for_all/marjaryasana/right/step_4/20230311_160626.jpg,True,True,True,,472,1024
marjaryasana_zen_0094,marjaryasana,step 4,ZEN,external,right,,CC BY 4.0,data/datasets/yoga_for_all/marjaryasana/right/step_4/20230311_160633.jpg,True,True,True,,472,1024
marjaryasana_zen_0095,marjaryasana,step 4,ZEN,external,right,,CC BY 4.0,data/datasets/yoga_for_all/marjaryasana/right/step_4/20230311_160640.jpg,True,True,True,,472,1024
marjaryasana_zen_0096,marjaryasana,step 4,ZEN,external,right,,CC BY 4.0,data/datasets/yoga_for_all/marjaryasana/right/step_4/20230311_160647.jpg,True,True,True,,472,1024
marjaryasana_zen_0097,marjaryasana,step 1,ZEN,external,wrong,Hand and Neck,CC BY 4.0,data/datasets/yoga_for_all/marjaryasana/wrong/step_1-_Hand_and_Neck/20230311_152513.jpg,True,True,True,,472,1024
marjaryasana_zen_0098,marjaryasana,step 1,ZEN,external,wrong,Hand and Neck,CC BY 4.0,data/datasets/yoga_for_all/marjaryasana/wrong/step_1-_Hand_and_Neck/20230311_152526(0).jpg,True,True,True,,472,1024
marjaryasana_zen_0099,marjaryasana,step 1,ZEN,external,wrong,Hand and Neck,CC BY 4.0,data/datasets/yoga_for_all/marjaryasana/wrong/step_1-_Hand_and_Neck/20230311_152544.jpg,True,True,True,,472,1024
marjaryasana_zen_0100,marjaryasana,step 1,ZEN,external,wrong,Hand and Neck,CC BY 4.0,data/datasets/yoga_for_all/marjaryasana/wrong/step_1-_Hand_and_Neck/20230311_152619.jpg,True,True,True,,472,1024
marjaryasana_zen_0101,marjaryasana,step 1,ZEN,external,wrong,Hand and Neck,CC BY 4.0,data/datasets/yoga_for_all/marjaryasana/wrong/step_1-_Hand_and_Neck/20230311_152636(0).jpg,True,True,True,,472,1024
marjaryasana_zen_0102,marjaryasana,step 1,ZEN,external,wrong,Hand and Neck,CC BY 4.0,data/datasets/yoga_for_all/marjaryasana/wrong/step_1-_Hand_and_Neck/20230311_152713(0).jpg,True,True,True,,472,1024
marjaryasana_zen_0103,marjaryasana,step 1,ZEN,external,wrong,Hand and Neck,CC BY 4.0,data/datasets/yoga_for_all/marjaryasana/wrong/step_1-_Hand_and_Neck/20230311_152732.jpg,True,True,True,,472,1024
marjaryasana_zen_0104,marjaryasana,step 1,ZEN,external,wrong,Hand and Neck,CC BY 4.0,data/datasets/yoga_for_all/marjaryasana/wrong/step_1-_Hand_and_Neck/20230311_152818.jpg,True,True,True,,472,1024
marjaryasana_zen_0105,marjaryasana,step 1,ZEN,external,wrong,Hand and Neck,CC BY 4.0,data/datasets/yoga_for_all/marjaryasana/wrong/step_1-_Hand_and_Neck/20230311_152839.jpg,True,True,True,,472,1024
marjaryasana_zen_0106,marjaryasana,step 1,ZEN,external,wrong,Hand and Neck,CC BY 4.0,data/datasets/yoga_for_all/marjaryasana/wrong/step_1-_Hand_and_Neck/20230311_152859.jpg,True,True,True,,472,1024
marjaryasana_zen_0107,marjaryasana,step 1,ZEN,external,wrong,Hand and Neck,CC BY 4.0,data/datasets/yoga_for_all/marjaryasana/wrong/step_1-_Hand_and_Neck/20230311_152920.jpg,True,True,True,,472,1024
marjaryasana_zen_0108,marjaryasana,step 1,ZEN,external,wrong,Hand and Neck,CC BY 4.0,data/datasets/yoga_for_all/marjaryasana/wrong/step_1-_Hand_and_Neck/20230311_152945.jpg,True,True,True,,472,1024
marjaryasana_zen_0109,marjaryasana,step 2,ZEN,external,wrong,Legs,CC BY 4.0,data/datasets/yoga_for_all/marjaryasana/wrong/step_2-_Legs/20230311_154731(0).jpg,True,True,True,,472,1024
marjaryasana_zen_0110,marjaryasana,step 2,ZEN,external,wrong,Legs,CC BY 4.0,data/datasets/yoga_for_all/marjaryasana/wrong/step_2-_Legs/20230311_154742(0).jpg,True,True,True,,472,1024
marjaryasana_zen_0111,marjaryasana,step 2,ZEN,external,wrong,Legs,CC BY 4.0,data/datasets/yoga_for_all/marjaryasana/wrong/step_2-_Legs/20230311_154750.jpg,True,True,True,,472,1024
marjaryasana_zen_0112,marjaryasana,step 2,ZEN,external,wrong,Legs,CC BY 4.0,data/datasets/yoga_for_all/marjaryasana/wrong/step_2-_Legs/20230311_154759.jpg,True,True,True,,472,1024
marjaryasana_zen_0113,marjaryasana,step 2,ZEN,external,wrong,Legs,CC BY 4.0,data/datasets/yoga_for_all/marjaryasana/wrong/step_2-_Legs/20230311_154813.jpg,True,True,True,,472,1024
marjaryasana_zen_0114,marjaryasana,step 2,ZEN,external,wrong,Legs,CC BY 4.0,data/datasets/yoga_for_all/marjaryasana/wrong/step_2-_Legs/20230311_154828.jpg,True,True,True,,472,1024
marjaryasana_zen_0115,marjaryasana,step 2,ZEN,external,wrong,Legs,CC BY 4.0,data/datasets/yoga_for_all/marjaryasana/wrong/step_2-_Legs/20230311_154924.jpg,True,True,True,,472,1024
marjaryasana_zen_0116,marjaryasana,step 2,ZEN,external,wrong,Legs,CC BY 4.0,data/datasets/yoga_for_all/marjaryasana/wrong/step_2-_Legs/20230311_154935.jpg,True,True,True,,472,1024
marjaryasana_zen_0117,marjaryasana,step 2,ZEN,external,wrong,Legs,CC BY 4.0,data/datasets/yoga_for_all/marjaryasana/wrong/step_2-_Legs/20230311_154943.jpg,True,True,True,,472,1024
marjaryasana_zen_0118,marjaryasana,step 2,ZEN,external,wrong,Legs,CC BY 4.0,data/datasets/yoga_for_all/marjaryasana/wrong/step_2-_Legs/20230311_154959.jpg,True,True,True,,472,1024
marjaryasana_zen_0119,marjaryasana,step 2,ZEN,external,wrong,Legs,CC BY 4.0,data/datasets/yoga_for_all/marjaryasana/wrong/step_2-_Legs/20230311_155016.jpg,True,True,True,,472,1024
marjaryasana_zen_0120,marjaryasana,step 2,ZEN,external,wrong,Legs,CC BY 4.0,data/datasets/yoga_for_all/marjaryasana/wrong/step_2-_Legs/20230311_155034.jpg,True,True,True,,472,1024
marjaryasana_zen_0121,marjaryasana,step 3,ZEN,external,wrong,Legs,CC BY 4.0,data/datasets/yoga_for_all/marjaryasana/wrong/step_3-_Legs/20230311_155833(0).jpg,True,True,True,,472,1024
marjaryasana_zen_0122,marjaryasana,step 3,ZEN,external,wrong,Legs,CC BY 4.0,data/datasets/yoga_for_all/marjaryasana/wrong/step_3-_Legs/20230311_155841(0).jpg,True,True,True,,472,1024
marjaryasana_zen_0123,marjaryasana,step 3,ZEN,external,wrong,Legs,CC BY 4.0,data/datasets/yoga_for_all/marjaryasana/wrong/step_3-_Legs/20230311_155850.jpg,True,True,True,,472,1024
marjaryasana_zen_0124,marjaryasana,step 3,ZEN,external,wrong,Legs,CC BY 4.0,data/datasets/yoga_for_all/marjaryasana/wrong/step_3-_Legs/20230311_155900.jpg,True,False,False,no person detected,472,1024
marjaryasana_zen_0125,marjaryasana,step 3,ZEN,external,wrong,Legs,CC BY 4.0,data/datasets/yoga_for_all/marjaryasana/wrong/step_3-_Legs/20230311_155907.jpg,True,True,True,,472,1024
marjaryasana_zen_0126,marjaryasana,step 3,ZEN,external,wrong,Legs,CC BY 4.0,data/datasets/yoga_for_all/marjaryasana/wrong/step_3-_Legs/20230311_155924.jpg,True,True,True,,472,1024
marjaryasana_zen_0127,marjaryasana,step 3,ZEN,external,wrong,Legs,CC BY 4.0,data/datasets/yoga_for_all/marjaryasana/wrong/step_3-_Legs/20230311_155942(0).jpg,True,True,True,,472,1024
marjaryasana_zen_0128,marjaryasana,step 3,ZEN,external,wrong,Legs,CC BY 4.0,data/datasets/yoga_for_all/marjaryasana/wrong/step_3-_Legs/20230311_155950.jpg,True,True,True,,472,1024
marjaryasana_zen_0129,marjaryasana,step 3,ZEN,external,wrong,Legs,CC BY 4.0,data/datasets/yoga_for_all/marjaryasana/wrong/step_3-_Legs/20230311_160000(0).jpg,True,False,False,no person detected,472,1024
marjaryasana_zen_0130,marjaryasana,step 3,ZEN,external,wrong,Legs,CC BY 4.0,data/datasets/yoga_for_all/marjaryasana/wrong/step_3-_Legs/20230311_160010.jpg,True,True,True,,472,1024
marjaryasana_zen_0131,marjaryasana,step 3,ZEN,external,wrong,Legs,CC BY 4.0,data/datasets/yoga_for_all/marjaryasana/wrong/step_3-_Legs/20230311_160022.jpg,True,True,True,,472,1024
marjaryasana_zen_0132,marjaryasana,step 3,ZEN,external,wrong,Legs,CC BY 4.0,data/datasets/yoga_for_all/marjaryasana/wrong/step_3-_Legs/20230311_160035.jpg,True,True,True,,472,1024
marjaryasana_zen_0133,marjaryasana,step 4,ZEN,external,wrong,Hand and Legs,CC BY 4.0,data/datasets/yoga_for_all/marjaryasana/wrong/step_4-_Hand_and_Legs/20230311_160906(0).jpg,True,False,False,no person detected,472,1024
marjaryasana_zen_0134,marjaryasana,step 4,ZEN,external,wrong,Hand and Legs,CC BY 4.0,data/datasets/yoga_for_all/marjaryasana/wrong/step_4-_Hand_and_Legs/20230311_160915.jpg,True,True,True,,472,1024
marjaryasana_zen_0135,marjaryasana,step 4,ZEN,external,wrong,Hand and Legs,CC BY 4.0,data/datasets/yoga_for_all/marjaryasana/wrong/step_4-_Hand_and_Legs/20230311_160925.jpg,True,True,True,,472,1024
marjaryasana_zen_0136,marjaryasana,step 4,ZEN,external,wrong,Hand and Legs,CC BY 4.0,data/datasets/yoga_for_all/marjaryasana/wrong/step_4-_Hand_and_Legs/20230311_160936.jpg,True,True,True,,472,1024
marjaryasana_zen_0137,marjaryasana,step 4,ZEN,external,wrong,Hand and Legs,CC BY 4.0,data/datasets/yoga_for_all/marjaryasana/wrong/step_4-_Hand_and_Legs/20230311_160951.jpg,True,True,True,,472,1024
marjaryasana_zen_0138,marjaryasana,step 4,ZEN,external,wrong,Hand and Legs,CC BY 4.0,data/datasets/yoga_for_all/marjaryasana/wrong/step_4-_Hand_and_Legs/20230311_161005(0).jpg,True,True,True,,472,1024
marjaryasana_zen_0139,marjaryasana,step 4,ZEN,external,wrong,Hand and Legs,CC BY 4.0,data/datasets/yoga_for_all/marjaryasana/wrong/step_4-_Hand_and_Legs/20230311_161037.jpg,True,True,True,,472,1024
marjaryasana_zen_0140,marjaryasana,step 4,ZEN,external,wrong,Hand and Legs,CC BY 4.0,data/datasets/yoga_for_all/marjaryasana/wrong/step_4-_Hand_and_Legs/20230311_161045.jpg,True,True,True,,472,1024
marjaryasana_zen_0141,marjaryasana,step 4,ZEN,external,wrong,Hand and Legs,CC BY 4.0,data/datasets/yoga_for_all/marjaryasana/wrong/step_4-_Hand_and_Legs/20230311_161056.jpg,True,True,True,,472,1024
marjaryasana_zen_0142,marjaryasana,step 4,ZEN,external,wrong,Hand and Legs,CC BY 4.0,data/datasets/yoga_for_all/marjaryasana/wrong/step_4-_Hand_and_Legs/20230311_161110(0).jpg,True,True,True,,472,1024
marjaryasana_zen_0143,marjaryasana,step 4,ZEN,external,wrong,Hand and Legs,CC BY 4.0,data/datasets/yoga_for_all/marjaryasana/wrong/step_4-_Hand_and_Legs/20230311_161125.jpg,True,True,True,,472,1024
marjaryasana_zen_0144,marjaryasana,step 4,ZEN,external,wrong,Hand and Legs,CC BY 4.0,data/datasets/yoga_for_all/marjaryasana/wrong/step_4-_Hand_and_Legs/20230311_161140.jpg,True,True,True,,472,1024
balasana_y107_0001,balasana,,Y107,train,unlabelled,,not stated by the host (web photographs); included for research and education,data/datasets/yoga107/balasana/001.jpg,True,True,True,,527,268
balasana_y107_0002,balasana,,Y107,train,unlabelled,,not stated by the host (web photographs); included for research and education,data/datasets/yoga107/balasana/002.jpg,True,False,False,no person detected,487,189
balasana_y107_0003,balasana,,Y107,train,unlabelled,,not stated by the host (web photographs); included for research and education,data/datasets/yoga107/balasana/003.jpg,True,True,True,,282,261
balasana_y107_0004,balasana,,Y107,holdout,unlabelled,,not stated by the host (web photographs); included for research and education,data/datasets/yoga107/balasana/004.jpg,True,True,True,,419,230
balasana_y107_0005,balasana,,Y107,train,unlabelled,,not stated by the host (web photographs); included for research and education,data/datasets/yoga107/balasana/005.jpg,True,True,True,,403,128
balasana_y107_0006,balasana,,Y107,train,unlabelled,,not stated by the host (web photographs); included for research and education,data/datasets/yoga107/balasana/006.jpg,True,True,True,,762,346
balasana_y107_0007,balasana,,Y107,train,unlabelled,,not stated by the host (web photographs); included for research and education,data/datasets/yoga107/balasana/007.jpg,True,True,True,,501,335
balasana_y107_0008,balasana,,Y107,holdout,unlabelled,,not stated by the host (web photographs); included for research and education,data/datasets/yoga107/balasana/008.jpg,True,True,True,,846,393
balasana_y107_0009,balasana,,Y107,train,unlabelled,,not stated by the host (web photographs); included for research and education,data/datasets/yoga107/balasana/009.jpg,True,True,True,,483,179
balasana_y107_0010,balasana,,Y107,train,unlabelled,,not stated by the host (web photographs); included for research and education,data/datasets/yoga107/balasana/010.jpg,True,True,True,,549,192
balasana_y107_0011,balasana,,Y107,train,unlabelled,,not stated by the host (web photographs); included for research and education,data/datasets/yoga107/balasana/011.jpg,True,True,True,,615,339
balasana_y107_0012,balasana,,Y107,holdout,unlabelled,,not stated by the host (web photographs); included for research and education,data/datasets/yoga107/balasana/012.jpg,True,True,True,,747,315
balasana_y107_0013,balasana,,Y107,train,unlabelled,,not stated by the host (web photographs); included for research and education,data/datasets/yoga107/balasana/013.jpg,True,True,True,,252,120
balasana_y107_0014,balasana,,Y107,train,unlabelled,,not stated by the host (web photographs); included for research and education,data/datasets/yoga107/balasana/014.jpg,True,True,True,,580,229
balasana_y107_0015,balasana,,Y107,train,unlabelled,,not stated by the host (web photographs); included for research and education,data/datasets/yoga107/balasana/015.jpg,True,True,True,,800,533
balasana_y107_0016,balasana,,Y107,holdout,unlabelled,,not stated by the host (web photographs); included for research and education,data/datasets/yoga107/balasana/016.jpg,True,True,True,,635,227
balasana_y107_0017,balasana,,Y107,train,unlabelled,,not stated by the host (web photographs); included for research and education,data/datasets/yoga107/balasana/017.jpg,True,True,True,,486,203
balasana_y107_0018,balasana,,Y107,train,unlabelled,,not stated by the host (web photographs); included for research and education,data/datasets/yoga107/balasana/018.jpg,True,False,False,no person detected,542,264
balasana_y107_0019,balasana,,Y107,train,unlabelled,,not stated by the host (web photographs); included for research and education,data/datasets/yoga107/balasana/019.jpg,True,True,True,,752,323
balasana_y107_0020,balasana,,Y107,holdout,unlabelled,,not stated by the host (web photographs); included for research and education,data/datasets/yoga107/balasana/020.jpg,True,True,True,,434,129
balasana_y107_0021,balasana,,Y107,train,unlabelled,,not stated by the host (web photographs); included for research and education,data/datasets/yoga107/balasana/021.jpg,True,True,True,,342,151
balasana_y107_0022,balasana,,Y107,train,unlabelled,,not stated by the host (web photographs); included for research and education,data/datasets/yoga107/balasana/022.jpg,True,True,True,,275,253
balasana_y107_0023,balasana,,Y107,train,unlabelled,,not stated by the host (web photographs); included for research and education,data/datasets/yoga107/balasana/023.jpg,True,True,True,,454,226
balasana_y107_0024,balasana,,Y107,holdout,unlabelled,,not stated by the host (web photographs); included for research and education,data/datasets/yoga107/balasana/024.jpg,True,False,False,no person detected,494,161
balasana_y107_0025,balasana,,Y107,train,unlabelled,,not stated by the host (web photographs); included for research and education,data/datasets/yoga107/balasana/025.jpg,True,True,True,,748,344
balasana_y107_0026,balasana,,Y107,train,unlabelled,,not stated by the host (web photographs); included for research and education,data/datasets/yoga107/balasana/026.jpg,True,True,True,,476,143
balasana_y107_0027,balasana,,Y107,train,unlabelled,,not stated by the host (web photographs); included for research and education,data/datasets/yoga107/balasana/027.jpg,True,True,True,,635,237
balasana_y107_0028,balasana,,Y107,holdout,unlabelled,,not stated by the host (web photographs); included for research and education,data/datasets/yoga107/balasana/028.jpg,True,False,False,no person detected,479,168
balasana_y107_0029,balasana,,Y107,train,unlabelled,,not stated by the host (web photographs); included for research and education,data/datasets/yoga107/balasana/029.jpg,True,True,True,,396,175
balasana_y107_0030,balasana,,Y107,train,unlabelled,,not stated by the host (web photographs); included for research and education,data/datasets/yoga107/balasana/030.jpg,True,True,True,,531,170
balasana_y107_0031,balasana,,Y107,train,unlabelled,,not stated by the host (web photographs); included for research and education,data/datasets/yoga107/balasana/031.jpg,True,True,True,,505,184
balasana_y107_0032,balasana,,Y107,holdout,unlabelled,,not stated by the host (web photographs); included for research and education,data/datasets/yoga107/balasana/032.jpg,True,False,False,no person detected,477,197
balasana_y107_0033,balasana,,Y107,train,unlabelled,,not stated by the host (web photographs); included for research and education,data/datasets/yoga107/balasana/033.jpg,True,True,True,,705,273
balasana_y107_0034,balasana,,Y107,train,unlabelled,,not stated by the host (web photographs); included for research and education,data/datasets/yoga107/balasana/034.jpg,True,True,True,,402,159
balasana_y107_0035,balasana,,Y107,train,unlabelled,,not stated by the host (web photographs); included for research and education,data/datasets/yoga107/balasana/035.jpg,True,True,True,,683,571
balasana_y107_0036,balasana,,Y107,holdout,unlabelled,,not stated by the host (web photographs); included for research and education,data/datasets/yoga107/balasana/036.jpg,True,True,True,,686,270
balasana_y107_0037,balasana,,Y107,train,unlabelled,,not stated by the host (web photographs); included for research and education,data/datasets/yoga107/balasana/037.jpg,True,False,False,no person detected,900,675
balasana_y107_0038,balasana,,Y107,train,unlabelled,,not stated by the host (web photographs); included for research and education,data/datasets/yoga107/balasana/038.jpg,True,True,True,,457,172
balasana_y107_0039,balasana,,Y107,train,unlabelled,,not stated by the host (web photographs); included for research and education,data/datasets/yoga107/balasana/039.jpg,True,False,False,no person detected,647,528
balasana_y107_0040,balasana,,Y107,holdout,unlabelled,,not stated by the host (web photographs); included for research and education,data/datasets/yoga107/balasana/040.jpg,True,False,False,no person detected,430,221
balasana_y107_0041,balasana,,Y107,train,unlabelled,,not stated by the host (web photographs); included for research and education,data/datasets/yoga107/balasana/041.jpg,True,True,True,,977,448
balasana_y107_0042,balasana,,Y107,train,unlabelled,,not stated by the host (web photographs); included for research and education,data/datasets/yoga107/balasana/042.jpg,True,True,True,,877,284
balasana_y107_0043,balasana,,Y107,train,unlabelled,,not stated by the host (web photographs); included for research and education,data/datasets/yoga107/balasana/043.jpg,True,True,True,,677,222
balasana_y107_0044,balasana,,Y107,holdout,unlabelled,,not stated by the host (web photographs); included for research and education,data/datasets/yoga107/balasana/044.jpg,True,True,True,,977,550
balasana_y107_0045,balasana,,Y107,train,unlabelled,,not stated by the host (web photographs); included for research and education,data/datasets/yoga107/balasana/045.jpg,True,True,True,,571,210
balasana_y107_0046,balasana,,Y107,train,unlabelled,,not stated by the host (web photographs); included for research and education,data/datasets/yoga107/balasana/046.jpg,True,True,True,,500,271
balasana_y107_0047,balasana,,Y107,train,unlabelled,,not stated by the host (web photographs); included for research and education,data/datasets/yoga107/balasana/047.jpg,True,True,True,,778,317
balasana_y107_0048,balasana,,Y107,holdout,unlabelled,,not stated by the host (web photographs); included for research and education,data/datasets/yoga107/balasana/048.jpg,True,True,True,,240,116
balasana_y107_0049,balasana,,Y107,train,unlabelled,,not stated by the host (web photographs); included for research and education,data/datasets/yoga107/balasana/049.jpg,True,True,True,,565,203
balasana_y107_0050,balasana,,Y107,train,unlabelled,,not stated by the host (web photographs); included for research and education,data/datasets/yoga107/balasana/050.jpg,True,True,True,,637,246
balasana_y107_0051,balasana,,Y107,train,unlabelled,,not stated by the host (web photographs); included for research and education,data/datasets/yoga107/balasana/051.jpg,True,True,True,,769,402
balasana_y107_0052,balasana,,Y107,holdout,unlabelled,,not stated by the host (web photographs); included for research and education,data/datasets/yoga107/balasana/052.jpg,True,True,True,,273,88
balasana_y107_0053,balasana,,Y107,train,unlabelled,,not stated by the host (web photographs); included for research and education,data/datasets/yoga107/balasana/053.jpg,True,True,True,,534,200
balasana_y107_0054,balasana,,Y107,train,unlabelled,,not stated by the host (web photographs); included for research and education,data/datasets/yoga107/balasana/054.jpg,True,True,True,,1024,478
balasana_y107_0055,balasana,,Y107,train,unlabelled,,not stated by the host (web photographs); included for research and education,data/datasets/yoga107/balasana/055.jpg,True,True,True,,1024,443
balasana_y107_0056,balasana,,Y107,holdout,unlabelled,,not stated by the host (web photographs); included for research and education,data/datasets/yoga107/balasana/056.jpg,True,True,True,,583,308
balasana_y107_0057,balasana,,Y107,train,unlabelled,,not stated by the host (web photographs); included for research and education,data/datasets/yoga107/balasana/057.jpg,True,True,True,,481,546
balasana_y107_0058,balasana,,Y107,train,unlabelled,,not stated by the host (web photographs); included for research and education,data/datasets/yoga107/balasana/058.jpg,True,True,True,,511,239
balasana_y107_0059,balasana,,Y107,train,unlabelled,,not stated by the host (web photographs); included for research and education,data/datasets/yoga107/balasana/059.jpg,True,False,False,no person detected,548,315
balasana_y107_0060,balasana,,Y107,holdout,unlabelled,,not stated by the host (web photographs); included for research and education,data/datasets/yoga107/balasana/060.jpg,True,True,True,,977,733
balasana_y107_0061,balasana,,Y107,train,unlabelled,,not stated by the host (web photographs); included for research and education,data/datasets/yoga107/balasana/061.jpg,True,True,True,,235,164
balasana_y107_0062,balasana,,Y107,train,unlabelled,,not stated by the host (web photographs); included for research and education,data/datasets/yoga107/balasana/062.jpg,True,True,True,,577,270
balasana_y107_0063,balasana,,Y107,train,unlabelled,,not stated by the host (web photographs); included for research and education,data/datasets/yoga107/balasana/063.jpg,True,True,True,,440,241
balasana_y107_0064,balasana,,Y107,holdout,unlabelled,,not stated by the host (web photographs); included for research and education,data/datasets/yoga107/balasana/064.jpg,True,False,False,no person detected,497,233
balasana_y107_0065,balasana,,Y107,train,unlabelled,,not stated by the host (web photographs); included for research and education,data/datasets/yoga107/balasana/065.jpg,True,True,True,,561,205
balasana_y107_0066,balasana,,Y107,train,unlabelled,,not stated by the host (web photographs); included for research and education,data/datasets/yoga107/balasana/066.jpg,True,True,True,,382,123
balasana_y107_0067,balasana,,Y107,train,unlabelled,,not stated by the host (web photographs); included for research and education,data/datasets/yoga107/balasana/067.jpg,True,True,True,,290,138
balasana_y107_0068,balasana,,Y107,holdout,unlabelled,,not stated by the host (web photographs); included for research and education,data/datasets/yoga107/balasana/068.jpg,True,True,True,,520,192
balasana_y107_0069,balasana,,Y107,train,unlabelled,,not stated by the host (web photographs); included for research and education,data/datasets/yoga107/balasana/069.jpg,True,True,True,,531,208
balasana_y107_0070,balasana,,Y107,train,unlabelled,,not stated by the host (web photographs); included for research and education,data/datasets/yoga107/balasana/070.jpg,True,True,True,,491,210
balasana_y107_0071,balasana,,Y107,train,unlabelled,,not stated by the host (web photographs); included for research and education,data/datasets/yoga107/balasana/071.jpg,True,True,True,,734,412
sukhasana_y107_0001,sukhasana,,Y107,train,unlabelled,,not stated by the host (web photographs); included for research and education,data/datasets/yoga107/sukhasana/001.jpg,True,True,True,,351,479
sukhasana_y107_0002,sukhasana,,Y107,train,unlabelled,,not stated by the host (web photographs); included for research and education,data/datasets/yoga107/sukhasana/002.jpg,True,True,True,,490,411
sukhasana_y107_0003,sukhasana,,Y107,train,unlabelled,,not stated by the host (web photographs); included for research and education,data/datasets/yoga107/sukhasana/003.jpg,True,True,True,,206,238
sukhasana_y107_0004,sukhasana,,Y107,holdout,unlabelled,,not stated by the host (web photographs); included for research and education,data/datasets/yoga107/sukhasana/004.jpg,True,True,True,,383,444
sukhasana_y107_0005,sukhasana,,Y107,train,unlabelled,,not stated by the host (web photographs); included for research and education,data/datasets/yoga107/sukhasana/005.jpg,True,True,True,,490,571
sukhasana_y107_0006,sukhasana,,Y107,train,unlabelled,,not stated by the host (web photographs); included for research and education,data/datasets/yoga107/sukhasana/006.jpg,True,True,True,,512,414
sukhasana_y107_0007,sukhasana,,Y107,train,unlabelled,,not stated by the host (web photographs); included for research and education,data/datasets/yoga107/sukhasana/007.jpg,True,True,True,,418,617
sukhasana_y107_0008,sukhasana,,Y107,holdout,unlabelled,,not stated by the host (web photographs); included for research and education,data/datasets/yoga107/sukhasana/008.jpg,True,True,True,,121,181
sukhasana_y107_0009,sukhasana,,Y107,train,unlabelled,,not stated by the host (web photographs); included for research and education,data/datasets/yoga107/sukhasana/009.jpg,True,True,True,,323,437
sukhasana_y107_0010,sukhasana,,Y107,train,unlabelled,,not stated by the host (web photographs); included for research and education,data/datasets/yoga107/sukhasana/010.jpg,True,True,True,,531,443
sukhasana_y107_0011,sukhasana,,Y107,train,unlabelled,,not stated by the host (web photographs); included for research and education,data/datasets/yoga107/sukhasana/011.jpg,True,True,True,,530,501
sukhasana_y107_0012,sukhasana,,Y107,holdout,unlabelled,,not stated by the host (web photographs); included for research and education,data/datasets/yoga107/sukhasana/012.jpg,True,True,True,,296,392
sukhasana_y107_0013,sukhasana,,Y107,train,unlabelled,,not stated by the host (web photographs); included for research and education,data/datasets/yoga107/sukhasana/013.jpg,True,True,True,,551,637
sukhasana_y107_0014,sukhasana,,Y107,train,unlabelled,,not stated by the host (web photographs); included for research and education,data/datasets/yoga107/sukhasana/014.jpg,True,True,True,,326,343
sukhasana_y107_0015,sukhasana,,Y107,train,unlabelled,,not stated by the host (web photographs); included for research and education,data/datasets/yoga107/sukhasana/015.jpg,True,True,True,,250,270
sukhasana_y107_0016,sukhasana,,Y107,holdout,unlabelled,,not stated by the host (web photographs); included for research and education,data/datasets/yoga107/sukhasana/016.jpg,True,True,True,,331,484
sukhasana_y107_0017,sukhasana,,Y107,train,unlabelled,,not stated by the host (web photographs); included for research and education,data/datasets/yoga107/sukhasana/017.jpg,True,True,True,,273,407
sukhasana_y107_0018,sukhasana,,Y107,train,unlabelled,,not stated by the host (web photographs); included for research and education,data/datasets/yoga107/sukhasana/018.jpg,True,True,True,,153,263
sukhasana_y107_0019,sukhasana,,Y107,train,unlabelled,,not stated by the host (web photographs); included for research and education,data/datasets/yoga107/sukhasana/019.jpg,True,True,True,,483,691
sukhasana_y107_0020,sukhasana,,Y107,holdout,unlabelled,,not stated by the host (web photographs); included for research and education,data/datasets/yoga107/sukhasana/020.jpg,True,True,True,,173,214
sukhasana_y107_0021,sukhasana,,Y107,train,unlabelled,,not stated by the host (web photographs); included for research and education,data/datasets/yoga107/sukhasana/021.jpg,True,True,True,,565,511
sukhasana_y107_0022,sukhasana,,Y107,train,unlabelled,,not stated by the host (web photographs); included for research and education,data/datasets/yoga107/sukhasana/022.jpg,True,True,True,,472,406
sukhasana_y107_0023,sukhasana,,Y107,train,unlabelled,,not stated by the host (web photographs); included for research and education,data/datasets/yoga107/sukhasana/023.jpg,True,True,True,,414,494
sukhasana_y107_0024,sukhasana,,Y107,holdout,unlabelled,,not stated by the host (web photographs); included for research and education,data/datasets/yoga107/sukhasana/024.jpg,True,True,True,,210,253
sukhasana_y107_0025,sukhasana,,Y107,train,unlabelled,,not stated by the host (web photographs); included for research and education,data/datasets/yoga107/sukhasana/025.jpg,True,True,True,,332,433
sukhasana_y107_0026,sukhasana,,Y107,train,unlabelled,,not stated by the host (web photographs); included for research and education,data/datasets/yoga107/sukhasana/026.jpg,True,True,True,,196,301
sukhasana_y107_0027,sukhasana,,Y107,train,unlabelled,,not stated by the host (web photographs); included for research and education,data/datasets/yoga107/sukhasana/027.jpg,True,True,True,,254,407
sukhasana_y107_0028,sukhasana,,Y107,holdout,unlabelled,,not stated by the host (web photographs); included for research and education,data/datasets/yoga107/sukhasana/028.jpg,True,True,True,,476,676
sukhasana_y107_0029,sukhasana,,Y107,train,unlabelled,,not stated by the host (web photographs); included for research and education,data/datasets/yoga107/sukhasana/029.jpg,True,True,True,,253,375
sukhasana_y107_0030,sukhasana,,Y107,train,unlabelled,,not stated by the host (web photographs); included for research and education,data/datasets/yoga107/sukhasana/030.jpg,True,True,True,,350,477
sukhasana_y107_0031,sukhasana,,Y107,train,unlabelled,,not stated by the host (web photographs); included for research and education,data/datasets/yoga107/sukhasana/031.jpg,True,True,True,,397,448
sukhasana_y107_0032,sukhasana,,Y107,holdout,unlabelled,,not stated by the host (web photographs); included for research and education,data/datasets/yoga107/sukhasana/032.jpg,True,True,True,,273,333
sukhasana_y107_0033,sukhasana,,Y107,train,unlabelled,,not stated by the host (web photographs); included for research and education,data/datasets/yoga107/sukhasana/033.jpg,True,True,True,,210,212
sukhasana_y107_0034,sukhasana,,Y107,train,unlabelled,,not stated by the host (web photographs); included for research and education,data/datasets/yoga107/sukhasana/034.jpg,True,True,True,,301,262
sukhasana_y107_0035,sukhasana,,Y107,train,unlabelled,,not stated by the host (web photographs); included for research and education,data/datasets/yoga107/sukhasana/035.jpg,True,True,True,,375,361
sukhasana_y107_0036,sukhasana,,Y107,holdout,unlabelled,,not stated by the host (web photographs); included for research and education,data/datasets/yoga107/sukhasana/036.jpg,True,True,True,,412,408
sukhasana_y107_0037,sukhasana,,Y107,train,unlabelled,,not stated by the host (web photographs); included for research and education,data/datasets/yoga107/sukhasana/037.jpg,True,True,True,,261,328
sukhasana_y107_0038,sukhasana,,Y107,train,unlabelled,,not stated by the host (web photographs); included for research and education,data/datasets/yoga107/sukhasana/038.jpg,True,True,True,,245,311
sukhasana_y107_0039,sukhasana,,Y107,train,unlabelled,,not stated by the host (web photographs); included for research and education,data/datasets/yoga107/sukhasana/039.jpg,True,True,True,,339,474
sukhasana_y107_0040,sukhasana,,Y107,holdout,unlabelled,,not stated by the host (web photographs); included for research and education,data/datasets/yoga107/sukhasana/040.jpg,True,True,True,,629,758
sukhasana_y107_0041,sukhasana,,Y107,train,unlabelled,,not stated by the host (web photographs); included for research and education,data/datasets/yoga107/sukhasana/041.jpg,True,True,True,,254,330
sukhasana_y107_0042,sukhasana,,Y107,train,unlabelled,,not stated by the host (web photographs); included for research and education,data/datasets/yoga107/sukhasana/042.jpg,True,True,True,,218,310
sukhasana_y107_0043,sukhasana,,Y107,train,unlabelled,,not stated by the host (web photographs); included for research and education,data/datasets/yoga107/sukhasana/043.jpg,True,True,True,,284,329
sukhasana_y107_0044,sukhasana,,Y107,holdout,unlabelled,,not stated by the host (web photographs); included for research and education,data/datasets/yoga107/sukhasana/044.jpg,True,True,True,,461,668
sukhasana_y107_0045,sukhasana,,Y107,train,unlabelled,,not stated by the host (web photographs); included for research and education,data/datasets/yoga107/sukhasana/045.jpg,True,True,True,,374,368
sukhasana_y107_0046,sukhasana,,Y107,train,unlabelled,,not stated by the host (web photographs); included for research and education,data/datasets/yoga107/sukhasana/046.jpg,True,False,False,no person detected,384,426
sukhasana_y107_0047,sukhasana,,Y107,train,unlabelled,,not stated by the host (web photographs); included for research and education,data/datasets/yoga107/sukhasana/047.jpg,True,True,True,,119,141
sukhasana_y107_0048,sukhasana,,Y107,holdout,unlabelled,,not stated by the host (web photographs); included for research and education,data/datasets/yoga107/sukhasana/048.jpg,True,False,False,no person detected,507,491
sukhasana_y107_0049,sukhasana,,Y107,train,unlabelled,,not stated by the host (web photographs); included for research and education,data/datasets/yoga107/sukhasana/049.jpg,True,True,True,,832,715
sukhasana_y107_0050,sukhasana,,Y107,train,unlabelled,,not stated by the host (web photographs); included for research and education,data/datasets/yoga107/sukhasana/050.jpg,True,True,True,,494,482
